# https://github.com/mikedh/trimesh
mtllib material.mtl

o f_distal_pst-mesh
usemtl material_0
v 5.94569206 0.88077641 9.41234207
v 5.38292503 0.89867598 9.58211040
v 5.38292503 1.93309700 9.39412880
v 6.22366810 4.06025410 8.07491112
v 6.40365124 4.06025410 7.94504690
v 6.46434402 3.62582803 8.18894672
v 6.59769487 -0.08824235 9.07379913
v 6.46434879 -0.08824235 9.16831493
v 6.46434402 0.85170901 9.13665104
v 6.21155500 -0.08824235 9.31991768
v 5.79017115 -0.08824235 9.50518227
v 5.94569206 0.88077641 9.41234207
v 5.34756088 -0.00645679 9.62577248
v 5.34756088 0.89939052 9.58888626
v 5.38292503 0.89867598 9.58211040
v 5.38292503 0.89867598 9.58211040
v 5.34756088 0.89939052 9.58888626
v 5.34756088 1.93481302 9.40072536
v 5.38292503 1.93309700 9.39412880
v 5.38292503 1.93309700 9.39412880
v 5.34756088 1.93481302 9.40072536
v 5.34756088 2.39923501 9.26271725
v 5.34756088 -0.00645679 9.62577248
v 5.15487289 -0.08824235 9.65286732
v 5.01752520 -0.07535904 9.66658783
v 5.01752520 -0.07535904 9.66658783
v 5.15487289 -0.08824235 9.65286732
v 5.04059982 -0.08824235 9.66436195
v 5.01752520 -0.07535904 9.66658783
v 5.04059982 -0.08824235 9.66436195
v 4.80981302 -0.08822762 9.67420578
v 5.79017115 -0.08824235 9.50518227
v 5.75203419 -0.08824235 9.51827431
v 5.94569206 0.88077641 9.41234207
v 5.94569206 0.88077641 9.41234207
v 5.75203419 -0.08824235 9.51827431
v 5.71380520 -0.08824235 9.53082371
v 5.94569206 0.88077641 9.41234207
v 5.71380520 -0.08824235 9.53082371
v 5.38292503 0.89867598 9.58211040
v 5.38292503 0.89867598 9.58211040
v 5.71380520 -0.08824235 9.53082371
v 5.38292599 -0.08824235 9.61654282
v 5.38292503 0.89867598 9.58211040
v 5.38292599 -0.08824235 9.61654282
v 5.34756088 -0.00645679 9.62577248
v 5.34756088 -0.00645679 9.62577248
v 5.38292599 -0.08824235 9.61654282
v 5.26840782 -0.08824235 9.63703632
v 5.34756088 -0.00645679 9.62577248
v 5.26840782 -0.08824235 9.63703632
v 5.15487289 -0.08824235 9.65286732
v 6.91894817 0.81259072 8.76563740
v 6.91894817 -0.08824235 8.79496479
v 6.67077589 -0.08824235 9.01716614
v 6.91894817 0.81259072 8.76563740
v 6.67077589 -0.08824235 9.01716614
v 6.46434402 0.85170901 9.13665104
v 6.46434402 0.85170901 9.13665104
v 6.67077589 -0.08824235 9.01716614
v 6.63441086 -0.08824235 9.04579735
v 6.46434402 0.85170901 9.13665104
v 6.63441086 -0.08824235 9.04579735
v 6.59769487 -0.08824235 9.07379913
v 6.70564795 4.16025400 7.59387589
v 6.91894817 4.16025400 7.34357977
v 6.73203802 4.06025410 7.64428377
v 6.73203802 4.06025410 7.64428377
v 6.91894817 4.16025400 7.34357977
v 6.91894817 3.42976689 7.87154722
v 6.73203802 4.06025410 7.64428377
v 6.91894817 3.42976689 7.87154722
v 6.40365124 4.06025410 7.94504690
v 4.93018484 4.06025410 8.50802708
v 5.34596682 4.06025410 8.45096493
v 5.38292503 3.86122704 8.57003403
v 5.38292503 3.86122704 8.57003403
v 5.34596682 4.06025410 8.45096493
v 5.45054913 4.06025410 8.42529202
v 4.79766703 3.89151907 8.61907196
v 4.79766703 4.06025410 8.51152897
v 4.93018484 4.06025410 8.50802708
v 4.95456696 2.94904590 9.10347366
v 4.95456696 3.57511592 8.79873466
v 5.38292503 3.86122704 8.57003403
v 4.93018484 4.06025410 8.50802708
v 5.38292503 3.86122704 8.57003403
v 4.79766703 3.89151907 8.61907196
v 4.79766703 3.89151907 8.61907196
v 5.38292503 3.86122704 8.57003403
v 4.95456696 3.57511592 8.79873466
v 4.79766703 3.89151907 8.61907196
v 4.95456696 3.57511592 8.79873466
v 4.79766703 3.58363891 8.79873466
v 5.94569206 2.86091399 8.89727402
v 5.38292503 3.86122704 8.57003403
v 5.94569206 3.77151394 8.42479801
v 5.94569206 3.77151394 8.42479801
v 5.38292503 3.86122704 8.57003403
v 5.45054913 4.06025410 8.42529202
v 5.84897089 4.06025410 8.28250122
v 6.46434879 -0.08824235 9.16831493
v 6.21155500 -0.08824235 9.31991768
v 6.46434402 0.85170901 9.13665104
v 6.46434402 0.85170901 9.13665104
v 6.21155500 -0.08824235 9.31991768
v 5.94569206 0.88077641 9.41234207
v 6.46434402 0.85170901 9.13665104
v 5.94569206 0.88077641 9.41234207
v 5.94569206 1.89012301 9.22891903
v 5.94569206 1.89012301 9.22891903
v 5.94569206 1.89012301 9.22891903
v 5.38292503 1.93309700 9.39412880
v 5.38292503 2.92800593 9.05424500
v 5.38292503 2.92800593 9.05424500
v 5.38292503 1.93309700 9.39412880
v 5.34756088 2.39923501 9.26271725
v 5.38292503 2.92800593 9.05424500
v 5.34756088 2.39923501 9.26271725
v 4.95456696 2.94904590 9.10347366
v 4.95456696 2.94904590 9.10347366
v 5.34756088 2.39923501 9.26271725
v 4.95456696 2.42358804 9.30382633
v 6.46434402 1.82033598 8.96062756
v 5.94569206 2.86091399 8.89727402
v 6.46434402 2.75196409 8.64236259
v 6.46434402 2.75196409 8.64236259
v 5.94569206 2.86091399 8.89727402
v 5.94569206 3.77151394 8.42479801
v 6.46434402 3.62582803 8.18894672
v 6.46434402 3.62582803 8.18894672
v 5.94569206 3.77151394 8.42479801
v 5.84897089 4.06025410 8.28250122
v 6.46434402 3.62582803 8.18894672
v 5.84897089 4.06025410 8.28250122
v 6.22366810 4.06025410 8.07491112
v 6.40365124 4.06025410 7.94504690
v 6.91894817 3.42976689 7.87154722
v 6.46434402 3.62582803 8.18894672
v 6.46434402 3.62582803 8.18894672
v 6.91894817 3.42976689 7.87154722
v 6.91894817 3.13207698 8.04424381
v 6.46434402 3.62582803 8.18894672
v 6.91894817 3.13207698 8.04424381
v 6.46434402 2.75196409 8.64236259
v 6.46434402 2.75196409 8.64236259
v 6.91894817 3.13207698 8.04424381
v 6.91894817 2.60534096 8.29931068
v 6.46434402 2.75196409 8.64236259
v 6.91894817 2.60534096 8.29931068
v 6.46434402 1.82033598 8.96062756
v 6.46434402 1.82033598 8.96062756
v 6.91894817 2.60534096 8.29931068
v 6.91894817 1.98959398 8.52490044
v 6.46434402 1.82033598 8.96062756
v 6.91894817 1.98959398 8.52490044
v 6.91894817 1.72641897 8.59957314
v 4.95456696 2.94904590 9.10347366
v 5.38292503 3.86122704 8.57003403
v 5.38292503 2.92800593 9.05424500
v 5.38292503 2.92800593 9.05424500
v 5.94569206 2.86091399 8.89727402
v 5.94569206 1.89012301 9.22891903
v 6.46434402 1.82033598 8.96062756
v 6.46434402 0.85170901 9.13665104
v 6.46434402 1.82033598 8.96062756
v 6.91894817 1.72641897 8.59957314
v 6.91894817 0.81259072 8.76563740
v 4.95456696 2.42358804 9.30382633
v 5.34756088 2.39923501 9.26271725
v 4.95456696 2.12437391 8.79873466
v 5.34756088 1.93350804 8.47654247
v 4.75187111 2.12437391 8.79873466
v 4.75187111 1.93350804 8.47654247
v 4.79766703 3.58363891 8.79873466
v 4.75187111 3.58363891 8.79873466
v 4.79766703 3.89151907 8.61907196
v 4.79766703 3.89151907 8.61907196
v 4.75187111 3.58363891 8.79873466
v 4.75187111 4.06025410 8.51152897
v 4.79766703 3.89151907 8.61907196
v 4.75187111 4.06025410 8.51152897
v 4.79766703 4.06025410 8.51152897
v 4.75187111 3.58363891 8.79873466
v 4.75187111 2.12437391 8.79873466
v 4.75187111 1.93350804 8.47654247
v 4.75187111 5.89975214 6.12694883
v 4.75187111 6.06636620 6.40820217
v 4.75187111 4.06025410 8.51152897
v 4.75187111 4.06025410 8.30397511
v 4.75187111 5.28828716 7.31634903
v -1.32703304 7.00000000 19.49807930
v -3.06020403 7.00000000 9.41948032
v -1.77568901 7.00000000 19.53071976
v -2.62243700 7.00000000 15.36003971
v -2.21489692 7.00000000 19.62793922
v 2.21489692 7.00000000 19.62793922
v 2.62243700 7.00000000 15.36003971
v 1.77568901 7.00000000 19.53071976
v 3.06020403 7.00000000 9.41948032
v 1.32703304 7.00000000 19.49807930
v 3.30143905 7.00000000 4.69065905
v -3.30143905 7.00000000 4.69065905
v 7.40919781 -5.04409695 10.95987034
v 7.67555809 -4.63678122 10.97140980
v 7.56627989 -4.59315109 12.54953003
v 4.54429388 -3.48954010 27.95966911
v 4.42504597 -3.57231688 27.96990013
v 4.61397409 -4.46436214 25.25258064
v 4.86011410 -3.24746990 27.92536926
v 4.66640806 -3.40003300 27.94770050
v 5.02558184 -4.17624903 25.22690010
v 6.76866484 -5.87083292 9.57812881
v 6.85371923 -5.79040718 9.57812881
v 6.76833200 -5.78594303 10.92858982
v 3.37807012 -7.00569296 15.61588001
v 2.63957191 -7.08064890 15.37718964
v 2.79288507 -7.23951817 13.26165009
v 2.35351896 -5.30077314 25.19717026
v 1.65007198 -5.16933393 25.82216072
v 1.87620795 -5.69967794 23.75960922
v 6.84924221 -0.83824342 26.02166939
v 6.56434584 -0.83824438 27.39294052
v 6.53876114 -0.90854740 27.41168022
v 7.05692577 -1.03911901 24.64834023
v 7.18460703 -0.83824342 24.05126953
v 7.13457394 -0.83824342 24.37562943
v 7.13457394 -0.83824342 24.37562943
v 6.90693712 -0.83824342 25.71376038
v 7.05692577 -1.03911901 24.64834023
v 7.05692577 -1.03911901 24.64834023
v 6.90693712 -0.83824342 25.71376038
v 6.84924221 -0.83824342 26.02166939
v 7.05692577 -1.03911901 24.64834023
v 6.84924221 -0.83824342 26.02166939
v 6.77568913 -1.91428995 24.84456062
v 6.77568913 -1.91428995 24.84456062
v 6.84924221 -0.83824342 26.02166939
v 6.53876114 -0.90854740 27.41168022
v 6.77568913 -1.91428995 24.84456062
v 6.53876114 -0.90854740 27.41168022
v 6.43433619 -1.16825700 27.47960091
v 7.40628004 -1.72615004 21.65596008
v 7.52237988 -0.83824342 21.48734093
v 7.29590178 -0.83824342 23.28367996
v 7.72109890 -2.25384903 18.63150978
v 7.83104086 -1.34802401 18.50572968
v 7.53285694 -0.83824342 21.39534950
v 7.59750795 -0.83824342 20.80796051
v 7.53285694 -0.83824342 21.39534950
v 7.68747377 -0.99375433 19.95159912
v 7.68747377 -0.99375433 19.95159912
v 7.53285694 -0.83824342 21.39534950
v 7.83104086 -1.34802401 18.50572968
v 7.68747377 -0.99375433 19.95159912
v 7.83104086 -1.34802401 18.50572968
v 7.83409119 -1.22864103 18.48804092
v 8.10591793 -1.58875096 15.49647045
v 8.07819080 -1.55735004 15.82151031
v 8.10363007 -1.70895100 15.50780010
v 8.10363007 -1.70895100 15.50780010
v 8.07819080 -1.55735004 15.82151031
v 7.89133215 -1.31332195 17.89093018
v 8.39965630 -1.81845403 11.66296005
v 8.34157181 -1.79080498 12.48857975
v 8.33988857 -1.91147804 12.49349022
v 8.33988857 -1.91147804 12.49349022
v 8.34157181 -1.79080498 12.48857975
v 8.24773312 -1.72578704 13.74503040
v 8.53242397 -1.95605195 9.57812881
v 8.53374195 -1.83522606 9.57812881
v 8.39965630 -1.81845403 11.66296005
v 8.39965630 -1.81845403 11.66296005
v 8.33988857 -1.91147804 12.49349022
v 8.53242397 -1.95605195 9.57812881
v 8.53242397 -1.95605195 9.57812881
v 8.33988857 -1.91147804 12.49349022
v 8.24013901 -2.82663798 12.52445030
v 8.43497372 -2.87210298 9.57812881
v 8.43497372 -2.87210298 9.57812881
v 8.24013901 -2.82663798 12.52445030
v 8.41822624 -2.95571399 9.57812881
v 8.41822624 -2.95571399 9.57812881
v 8.24013901 -2.82663798 12.52445030
v 7.98268509 -3.73044801 12.54358006
v 8.41822624 -2.95571399 9.57812881
v 7.98268509 -3.73044801 12.54358006
v 8.17907810 -3.77690506 9.57812881
v 7.56627989 -4.59315109 12.54953003
v 7.67555809 -4.63678122 10.97140980
v 7.98268509 -3.73044801 12.54358006
v 8.17907810 -3.77690506 9.57812881
v 7.98268509 -3.73044801 12.54358006
v 8.07443237 -4.03409815 9.57812881
v 8.07443237 -4.03409815 9.57812881
v 8.07443237 -4.03409815 9.57812881
v 7.67555809 -4.63678122 10.97140980
v 7.76346588 -4.64066076 9.57812881
v 7.76346588 -4.64066076 9.57812881
v 7.67555809 -4.63678122 10.97140980
v 7.51836395 -5.01738691 9.57812881
v 7.51836395 -5.01738691 9.57812881
v 7.67555809 -4.63678122 10.97140980
v 7.40919781 -5.04409695 10.95987034
v 7.51836395 -5.01738691 9.57812881
v 7.40919781 -5.04409695 10.95987034
v 7.49638414 -5.04808998 9.57812881
v 4.64064884 -7.06503296 10.80735970
v 3.74946594 -7.27337408 10.75177002
v 4.71875381 -7.07052517 9.57812881
v 3.82420492 -7.27922201 9.57812881
v 5.39661789 -2.74452806 27.83822060
v 5.04392099 -3.08954692 27.90003967
v 5.40079403 -3.86156297 25.18976974
v 3.81939411 -3.92996097 28.00211906
v 3.44306207 -4.10573912 28.00750923
v 3.71853805 -4.92874098 25.26568031
v 1.40925598 -4.56115818 27.88088989
v 1.65007198 -5.16933393 25.82216072
v 2.25176191 -4.46618700 27.96283913
v 2.35351896 -5.30077314 25.19717026
v 2.25176191 -4.46618700 27.96283913
v 2.35351896 -5.30077314 25.19717026
v 2.40791988 -4.43454504 27.97360992
v 2.40791988 -4.43454504 27.97360992
v 2.35351896 -5.30077314 25.19717026
v 3.24624205 -5.09918690 25.25296021
v 2.40791988 -4.43454504 27.97360992
v 3.24624205 -5.09918690 25.25296021
v 2.88123703 -4.31065607 27.99744034
v 2.88123703 -4.31065607 27.99744034
v 3.24624205 -5.09918690 25.25296021
v 3.15662694 -4.21840096 28.00495911
v 4.04140997 -3.81026793 27.99390030
v 3.81939411 -3.92996097 28.00211906
v 4.18222094 -4.71334410 25.26549911
v 4.18222094 -4.71334410 25.26549911
v 3.81939411 -3.92996097 28.00211906
v 3.71853805 -4.92874098 25.26568031
v 4.18222094 -4.71334410 25.26549911
v 3.71853805 -4.92874098 25.26568031
v 3.91312599 -5.31768084 23.69150925
v 3.91312599 -5.31768084 23.69150925
v 3.71853805 -4.92874098 25.26568031
v 3.44128489 -5.48925495 23.67715073
v 3.91312599 -5.31768084 23.69150925
v 3.44128489 -5.48925495 23.67715073
v 3.62704206 -5.83708811 22.09020996
v 3.62704206 -5.83708811 22.09020996
v 3.44128489 -5.48925495 23.67715073
v 2.54886007 -5.69217491 23.62144089
v 2.73488402 -6.04120016 22.03455925
v 2.73488402 -6.04120016 22.03455925
v 2.54886007 -5.69217491 23.62144089
v 2.08884811 -6.15646601 21.68059921
v 2.73488402 -6.04120016 22.03455925
v 2.08884811 -6.15646601 21.68059921
v 2.16922402 -6.31699800 20.85289001
v 3.44306207 -4.10573912 28.00750923
v 3.15662694 -4.21840096 28.00495911
v 3.71853805 -4.92874098 25.26568031
v 3.71853805 -4.92874098 25.26568031
v 3.15662694 -4.21840096 28.00495911
v 3.24624205 -5.09918690 25.25296021
v 3.24624205 -5.09918690 25.25296021
v 3.44128489 -5.48925495 23.67715073
v 3.24624205 -5.09918690 25.25296021
v 2.35351896 -5.30077314 25.19717026
v 2.54886007 -5.69217491 23.62144089
v 2.54886007 -5.69217491 23.62144089
v 2.35351896 -5.30077314 25.19717026
v 1.87620795 -5.69967794 23.75960922
v 2.54886007 -5.69217491 23.62144089
v 1.87620795 -5.69967794 23.75960922
v 2.08884811 -6.15646601 21.68059921
v 4.83716917 -7.03078604 9.57812881
v 5.65106916 -6.67137003 9.57812881
v 5.11016512 -6.88887691 10.83567047
v 5.11016512 -6.88887691 10.83567047
v 5.65106916 -6.67137003 9.57812881
v 5.56963587 -6.66626215 10.86264038
v 5.11016512 -6.88887691 10.83567047
v 5.56963587 -6.66626215 10.86264038
v 5.45715380 -6.62109804 12.48206043
v 5.45715380 -6.62109804 12.48206043
v 5.56963587 -6.66626215 10.86264038
v 5.88382912 -6.36396980 12.50209045
v 5.45715380 -6.62109804 12.48206043
v 5.88382912 -6.36396980 12.50209045
v 5.76096487 -6.27598190 14.11485004
v 5.76096487 -6.27598190 14.11485004
v 5.88382912 -6.36396980 12.50209045
v 6.16678715 -5.97887993 14.12623024
v 5.76096487 -6.27598190 14.11485004
v 6.16678715 -5.97887993 14.12623024
v 6.03393698 -5.84863615 15.72964954
v 6.03393698 -5.84863615 15.72964954
v 6.16678715 -5.97887993 14.12623024
v 6.40319300 -5.52484703 15.72984028
v 6.03393698 -5.84863615 15.72964954
v 6.40319300 -5.52484703 15.72984028
v 6.26073694 -5.35293484 17.32280922
v 6.26073694 -5.35293484 17.32280922
v 6.40319300 -5.52484703 15.72984028
v 6.60100222 -4.99852514 17.31007004
v 6.26073694 -5.35293484 17.32280922
v 6.60100222 -4.99852514 17.31007004
v 6.44953394 -4.78580189 18.88945961
v 6.44953394 -4.78580189 18.88945961
v 6.60100222 -4.99852514 17.31007004
v 6.75744915 -4.40519905 18.86202049
v 6.44953394 -4.78580189 18.88945961
v 6.75744915 -4.40519905 18.86202049
v 6.59711218 -4.15185213 20.42951965
v 6.59711218 -4.15185213 20.42951965
v 6.75744915 -4.40519905 18.86202049
v 6.86955976 -3.75075698 20.38612938
v 6.59711218 -4.15185213 20.42951965
v 6.86955976 -3.75075698 20.38612938
v 6.70125198 -3.45811892 21.93614006
v 6.70125198 -3.45811892 21.93614006
v 6.86955976 -3.75075698 20.38612938
v 7.13258600 -2.61228609 21.80883980
v 4.66640806 -3.40003300 27.94770050
v 4.54429388 -3.48954010 27.95966911
v 5.02558184 -4.17624903 25.22690010
v 5.02558184 -4.17624903 25.22690010
v 5.02558184 -4.17624903 25.22690010
v 4.61397409 -4.46436214 25.25258064
v 4.80703497 -4.85022879 23.68531036
v 4.80703497 -4.85022879 23.68531036
v 4.61397409 -4.46436214 25.25258064
v 4.37613583 -5.10085821 23.69424057
v 4.80703497 -4.85022879 23.68531036
v 4.37613583 -5.10085821 23.69424057
v 4.56084490 -5.44641018 22.11190987
v 4.56084490 -5.44641018 22.11190987
v 4.37613583 -5.10085821 23.69424057
v 4.09846020 -5.66450691 22.10625076
v 4.56084490 -5.44641018 22.11190987
v 4.09846020 -5.66450691 22.10625076
v 4.27394485 -5.96845484 20.51343918
v 4.27394485 -5.96845484 20.51343918
v 4.09846020 -5.66450691 22.10625076
v 3.80291200 -6.14192104 20.49568939
v 4.27394485 -5.96845484 20.51343918
v 3.80291200 -6.14192104 20.49568939
v 3.96887493 -6.40400791 18.89230919
v 3.96887493 -6.40400791 18.89230919
v 3.80291200 -6.14192104 20.49568939
v 2.91099191 -6.34707880 20.44009972
v 3.07715988 -6.61006689 18.83675003
v 3.07715988 -6.61006689 18.83675003
v 2.91099191 -6.34707880 20.44009972
v 2.28726697 -6.53905487 19.58867073
v 3.07715988 -6.61006689 18.83675003
v 2.28726697 -6.53905487 19.58867073
v 2.47090006 -6.84706593 17.48731041
v 4.42504597 -3.57231688 27.96990013
v 4.04140997 -3.81026793 27.99390030
v 4.61397409 -4.46436214 25.25258064
v 4.61397409 -4.46436214 25.25258064
v 4.04140997 -3.81026793 27.99390030
v 4.18222094 -4.71334410 25.26549911
v 4.61397409 -4.46436214 25.25258064
v 4.18222094 -4.71334410 25.26549911
v 4.37613583 -5.10085821 23.69424057
v 4.37613583 -5.10085821 23.69424057
v 3.91312599 -5.31768084 23.69150925
v 4.09846020 -5.66450691 22.10625076
v 3.62704206 -5.83708811 22.09020996
v 3.80291200 -6.14192104 20.49568939
v 3.62704206 -5.83708811 22.09020996
v 2.73488402 -6.04120016 22.03455925
v 2.91099191 -6.34707880 20.44009972
v 2.91099191 -6.34707880 20.44009972
v 2.91099191 -6.34707880 20.44009972
v 2.16922402 -6.31699800 20.85289001
v 2.28726697 -6.53905487 19.58867073
v 5.86076117 -6.55170584 9.57812881
v 6.48510599 -6.11591101 9.57812881
v 5.99597406 -6.40893888 10.88691044
v 5.99597406 -6.40893888 10.88691044
v 6.48510599 -6.11591101 9.57812881
v 6.40085506 -6.11117220 10.90917969
v 5.99597406 -6.40893888 10.88691044
v 6.40085506 -6.11117220 10.90917969
v 6.28914022 -6.06642818 12.51889992
v 6.28914022 -6.06642818 12.51889992
v 6.40085506 -6.11117220 10.90917969
v 6.65711594 -5.74144506 12.53186989
v 6.28914022 -6.06642818 12.51889992
v 6.65711594 -5.74144506 12.53186989
v 6.53535700 -5.65437794 14.13278961
v 6.53535700 -5.65437794 14.13278961
v 6.65711594 -5.74144506 12.53186989
v 6.87394810 -5.29814577 14.13483047
v 6.53535700 -5.65437794 14.13278961
v 6.87394810 -5.29814577 14.13483047
v 6.74256897 -5.16939783 15.72447014
v 6.74256897 -5.16939783 15.72447014
v 6.87394810 -5.29814577 14.13483047
v 7.04839611 -4.78628492 15.71360970
v 6.74256897 -5.16939783 15.72447014
v 7.04839611 -4.78628492 15.71360970
v 6.90781784 -4.61652994 17.29088974
v 6.90781784 -4.61652994 17.29088974
v 7.04839611 -4.78628492 15.71360970
v 7.17775679 -4.21220207 17.26561928
v 6.90781784 -4.61652994 17.29088974
v 7.17775679 -4.21220207 17.26561928
v 7.02858400 -4.00234318 18.82766914
v 7.02858400 -4.00234318 18.82766914
v 7.17775679 -4.21220207 17.26561928
v 7.45391798 -3.14843893 18.74033928
v 5.56845284 -2.55251908 27.80056953
v 5.39661789 -2.74452806 27.83822060
v 5.74696207 -3.51610899 25.14101028
v 5.74696207 -3.51610899 25.14101028
v 5.74696207 -3.51610899 25.14101028
v 5.40079403 -3.86156297 25.18976974
v 5.59160280 -4.24344206 23.63372993
v 5.59160280 -4.24344206 23.63372993
v 5.40079403 -3.86156297 25.18976974
v 5.21759319 -4.56020880 23.66477013
v 5.59160280 -4.24344206 23.63372993
v 5.21759319 -4.56020880 23.66477013
v 5.40052700 -4.90258503 22.09169960
v 5.40052700 -4.90258503 22.09169960
v 5.21759319 -4.56020880 23.66477013
v 4.99095011 -5.19430923 22.10701942
v 5.40052700 -4.90258503 22.09169960
v 4.99095011 -5.19430923 22.10701942
v 5.16512680 -5.49584723 20.52124977
v 5.16512680 -5.49584723 20.52124977
v 4.99095011 -5.19430923 22.10701942
v 4.73575497 -5.74923992 20.52206993
v 5.16512680 -5.49584723 20.52124977
v 4.73575497 -5.74923992 20.52206993
v 4.90084505 -6.00960302 18.92341042
v 4.90084505 -6.00960302 18.92341042
v 4.73575497 -5.74923992 20.52206993
v 4.43955803 -6.22978115 18.91177940
v 4.90084505 -6.00960302 18.92341042
v 4.43955803 -6.22978115 18.91177940
v 4.59470701 -6.44778013 17.30628014
v 4.59470701 -6.44778013 17.30628014
v 4.43955803 -6.22978115 18.91177940
v 4.12433386 -6.62264299 17.28507042
v 4.59470701 -6.44778013 17.30628014
v 4.12433386 -6.62264299 17.28507042
v 4.26947117 -6.79827499 15.67142010
v 4.26947117 -6.79827499 15.67142010
v 4.12433386 -6.62264299 17.28507042
v 3.23279190 -6.82945585 17.22953033
v 4.26947117 -6.79827499 15.67142010
v 3.23279190 -6.82945585 17.22953033
v 3.37807012 -7.00569296 15.61588001
v 3.37807012 -7.00569296 15.61588001
v 3.23279190 -6.82945585 17.22953033
v 2.52667689 -6.93014908 16.81096077
v 2.63957191 -7.08064890 15.37718964
v 5.04392099 -3.08954692 27.90003967
v 4.86011410 -3.24746990 27.92536926
v 5.40079403 -3.86156297 25.18976974
v 5.40079403 -3.86156297 25.18976974
v 4.86011410 -3.24746990 27.92536926
v 5.02558184 -4.17624903 25.22690010
v 5.02558184 -4.17624903 25.22690010
v 5.21759319 -4.56020880 23.66477013
v 5.02558184 -4.17624903 25.22690010
v 4.80703497 -4.85022879 23.68531036
v 4.80703497 -4.85022879 23.68531036
v 4.99095011 -5.19430923 22.10701942
v 4.56084490 -5.44641018 22.11190987
v 4.73575497 -5.74923992 20.52206993
v 4.56084490 -5.44641018 22.11190987
v 4.27394485 -5.96845484 20.51343918
v 4.27394485 -5.96845484 20.51343918
v 4.43955803 -6.22978115 18.91177940
v 3.96887493 -6.40400791 18.89230919
v 4.12433386 -6.62264299 17.28507042
v 3.96887493 -6.40400791 18.89230919
v 3.07715988 -6.61006689 18.83675003
v 4.12433386 -6.62264299 17.28507042
v 3.07715988 -6.61006689 18.83675003
v 3.23279190 -6.82945585 17.22953033
v 3.23279190 -6.82945585 17.22953033
v 3.07715988 -6.61006689 18.83675003
v 2.47090006 -6.84706593 17.48731041
v 3.23279190 -6.82945585 17.22953033
v 2.47090006 -6.84706593 17.48731041
v 2.52667689 -6.93014908 16.81096077
v 6.85371923 -5.79040718 9.57812881
v 7.19192219 -5.43309402 9.57812881
v 6.76833200 -5.78594303 10.92858982
v 6.76833200 -5.78594303 10.92858982
v 7.19192219 -5.43309402 9.57812881
v 7.10566092 -5.42891407 10.94554043
v 6.76833200 -5.78594303 10.92858982
v 7.10566092 -5.42891407 10.94554043
v 6.99502420 -5.38468504 12.54135990
v 6.99502420 -5.38468504 12.54135990
v 7.10566092 -5.42891407 10.94554043
v 7.29920912 -5.00015879 12.54724979
v 6.99502420 -5.38468504 12.54135990
v 7.29920912 -5.00015879 12.54724979
v 7.17889595 -4.91418791 14.13232994
v 7.17889595 -4.91418791 14.13232994
v 7.29920912 -5.00015879 12.54724979
v 7.44680119 -4.50778103 14.12537956
v 7.17889595 -4.91418791 14.13232994
v 7.44680119 -4.50778103 14.12537956
v 7.31725693 -4.38077307 15.69748020
v 7.31725693 -4.38077307 15.69748020
v 7.44680119 -4.50778103 14.12537956
v 7.73760509 -3.52123904 15.65062046
v 6.13506699 -1.75767100 27.62549019
v 6.08779907 -1.83668101 27.64409065
v 6.33739519 -2.74965596 25.01114082
v 6.33739519 -2.74965596 25.01114082
v 6.08779907 -1.83668101 27.64409065
v 6.06033516 -3.14376712 25.08115005
v 6.33739519 -2.74965596 25.01114082
v 6.06033516 -3.14376712 25.08115005
v 6.24826002 -3.52089500 23.54018021
v 6.24826002 -3.52089500 23.54018021
v 6.06033516 -3.14376712 25.08115005
v 5.93640280 -3.89569998 23.59203911
v 6.24826002 -3.52089500 23.54018021
v 5.93640280 -3.89569998 23.59203911
v 6.11693716 -4.23417521 22.03226089
v 6.11693716 -4.23417521 22.03226089
v 5.93640280 -3.89569998 23.59203911
v 5.77341509 -4.58395815 22.06679916
v 6.11693716 -4.23417521 22.03226089
v 5.77341509 -4.58395815 22.06679916
v 5.94564676 -4.88236713 20.49249077
v 5.94564676 -4.88236713 20.49249077
v 5.77341509 -4.58395815 22.06679916
v 5.57379818 -5.20262814 20.51119041
v 5.94564676 -4.88236713 20.49249077
v 5.57379818 -5.20262814 20.51119041
v 5.73738623 -5.46058989 18.92194939
v 5.73738623 -5.46058989 18.92194939
v 5.57379818 -5.20262814 20.51119041
v 5.32954502 -5.75509596 18.92671013
v 5.73738623 -5.46058989 18.92194939
v 5.32954502 -5.75509596 18.92671013
v 5.48361683 -5.97136211 17.32836914
v 5.48361683 -5.97136211 17.32836914
v 5.32954502 -5.75509596 18.92671013
v 5.05552101 -6.22679710 17.32093048
v 5.48361683 -5.97136211 17.32836914
v 5.05552101 -6.22679710 17.32093048
v 5.19996691 -6.40126896 15.71208000
v 5.19996691 -6.40126896 15.71208000
v 5.05552101 -6.22679710 17.32093048
v 4.73957109 -6.62289906 15.69437981
v 5.19996691 -6.40126896 15.71208000
v 4.73957109 -6.62289906 15.69437981
v 4.87385082 -6.75484896 14.07826996
v 4.87385082 -6.75484896 14.07826996
v 4.73957109 -6.62289906 15.69437981
v 4.40398598 -6.93061304 14.05354023
v 4.87385082 -6.75484896 14.07826996
v 4.40398598 -6.93061304 14.05354023
v 4.52776003 -7.01956892 12.43167973
v 4.52776003 -7.01956892 12.43167973
v 4.40398598 -6.93061304 14.05354023
v 3.51269102 -7.13848782 13.99800014
v 3.63653803 -7.22775078 12.37611961
v 2.93051004 -7.32355785 11.14468002
v 3.63653803 -7.22775078 12.37611961
v 2.79288507 -7.23951817 13.26165009
v 2.79288507 -7.23951817 13.26165009
v 3.63653803 -7.22775078 12.37611961
v 3.51269102 -7.13848782 13.99800014
v 2.79288507 -7.23951817 13.26165009
v 3.51269102 -7.13848782 13.99800014
v 3.37807012 -7.00569296 15.61588001
v 3.37807012 -7.00569296 15.61588001
v 3.51269102 -7.13848782 13.99800014
v 4.40398598 -6.93061304 14.05354023
v 4.26947117 -6.79827499 15.67142010
v 4.26947117 -6.79827499 15.67142010
v 4.73957109 -6.62289906 15.69437981
v 4.59470701 -6.44778013 17.30628014
v 4.73957109 -6.62289906 15.69437981
v 5.05552101 -6.22679710 17.32093048
v 5.05552101 -6.22679710 17.32093048
v 4.90084505 -6.00960302 18.92341042
v 5.32954502 -5.75509596 18.92671013
v 5.16512680 -5.49584723 20.52124977
v 5.57379818 -5.20262814 20.51119041
v 5.40052700 -4.90258503 22.09169960
v 5.77341509 -4.58395815 22.06679916
v 5.59160280 -4.24344206 23.63372993
v 5.77341509 -4.58395815 22.06679916
v 5.93640280 -3.89569998 23.59203911
v 5.93640280 -3.89569998 23.59203911
v 5.74696207 -3.51610899 25.14101028
v 5.74696207 -3.51610899 25.14101028
v 6.06033516 -3.14376712 25.08115005
v 5.56845284 -2.55251908 27.80056953
v 5.56845284 -2.55251908 27.80056953
v 6.06033516 -3.14376712 25.08115005
v 6.08779907 -1.83668101 27.64409065
v 7.19192219 -5.43309402 9.57812881
v 7.49638414 -5.04808998 9.57812881
v 7.10566092 -5.42891407 10.94554043
v 7.40919781 -5.04409695 10.95987034
v 7.40919781 -5.04409695 10.95987034
v 7.29920912 -5.00015879 12.54724979
v 7.56627989 -4.59315109 12.54953003
v 7.44680119 -4.50778103 14.12537956
v 7.56627989 -4.59315109 12.54953003
v 7.98268509 -3.73044801 12.54358006
v 7.44680119 -4.50778103 14.12537956
v 7.98268509 -3.73044801 12.54358006
v 7.73760509 -3.52123904 15.65062046
v 7.73760509 -3.52123904 15.65062046
v 7.98268509 -3.73044801 12.54358006
v 8.24013901 -2.82663798 12.52445030
v 7.99936104 -2.62074900 15.58640957
v 7.99936104 -2.62074900 15.58640957
v 8.24013901 -2.82663798 12.52445030
v 8.33988857 -1.91147804 12.49349022
v 8.10363007 -1.70895100 15.50780010
v 8.10363007 -1.70895100 15.50780010
v 8.33988857 -1.91147804 12.49349022
v 8.24773312 -1.72578704 13.74503040
v 8.10363007 -1.70895100 15.50780010
v 8.10591793 -1.58875096 15.49647045
v 6.48510599 -6.11591101 9.57812881
v 6.76866484 -5.87083292 9.57812881
v 6.40085506 -6.11117220 10.90917969
v 6.40085506 -6.11117220 10.90917969
v 6.76866484 -5.87083292 9.57812881
v 6.76833200 -5.78594303 10.92858982
v 6.76833200 -5.78594303 10.92858982
v 6.65711594 -5.74144506 12.53186989
v 6.99502420 -5.38468504 12.54135990
v 6.87394810 -5.29814577 14.13483047
v 7.17889595 -4.91418791 14.13232994
v 7.04839611 -4.78628492 15.71360970
v 7.31725693 -4.38077307 15.69748020
v 7.17775679 -4.21220207 17.26561928
v 7.31725693 -4.38077307 15.69748020
v 7.73760509 -3.52123904 15.65062046
v 7.17775679 -4.21220207 17.26561928
v 7.73760509 -3.52123904 15.65062046
v 7.45391798 -3.14843893 18.74033928
v 7.45391798 -3.14843893 18.74033928
v 7.73760509 -3.52123904 15.65062046
v 7.99936104 -2.62074900 15.58640957
v 7.72109890 -2.25384903 18.63150978
v 7.72109890 -2.25384903 18.63150978
v 7.99936104 -2.62074900 15.58640957
v 8.10363007 -1.70895100 15.50780010
v 7.72109890 -2.25384903 18.63150978
v 8.10363007 -1.70895100 15.50780010
v 7.83104086 -1.34802401 18.50572968
v 7.83104086 -1.34802401 18.50572968
v 8.10363007 -1.70895100 15.50780010
v 7.89133215 -1.31332195 17.89093018
v 7.83104086 -1.34802401 18.50572968
v 7.89133215 -1.31332195 17.89093018
v 7.83409119 -1.22864103 18.48804092
v 5.65106916 -6.67137003 9.57812881
v 5.86076117 -6.55170584 9.57812881
v 5.56963587 -6.66626215 10.86264038
v 5.56963587 -6.66626215 10.86264038
v 5.86076117 -6.55170584 9.57812881
v 5.99597406 -6.40893888 10.88691044
v 5.99597406 -6.40893888 10.88691044
v 5.88382912 -6.36396980 12.50209045
v 6.28914022 -6.06642818 12.51889992
v 6.16678715 -5.97887993 14.12623024
v 6.16678715 -5.97887993 14.12623024
v 6.53535700 -5.65437794 14.13278961
v 6.40319300 -5.52484703 15.72984028
v 6.40319300 -5.52484703 15.72984028
v 6.53535700 -5.65437794 14.13278961
v 6.74256897 -5.16939783 15.72447014
v 6.74256897 -5.16939783 15.72447014
v 6.60100222 -4.99852514 17.31007004
v 6.90781784 -4.61652994 17.29088974
v 6.75744915 -4.40519905 18.86202049
v 7.02858400 -4.00234318 18.82766914
v 6.86955976 -3.75075698 20.38612938
v 7.02858400 -4.00234318 18.82766914
v 7.45391798 -3.14843893 18.74033928
v 6.86955976 -3.75075698 20.38612938
v 7.45391798 -3.14843893 18.74033928
v 7.13258600 -2.61228609 21.80883980
v 7.13258600 -2.61228609 21.80883980
v 7.45391798 -3.14843893 18.74033928
v 7.72109890 -2.25384903 18.63150978
v 7.40628004 -1.72615004 21.65596008
v 7.72109890 -2.25384903 18.63150978
v 7.53285694 -0.83824342 21.39534950
v 7.40628004 -1.72615004 21.65596008
v 7.53285694 -0.83824342 21.39534950
v 7.52237988 -0.83824342 21.48734093
v 4.71875381 -7.07052517 9.57812881
v 4.83716917 -7.03078604 9.57812881
v 4.64064884 -7.06503296 10.80735970
v 4.64064884 -7.06503296 10.80735970
v 4.83716917 -7.03078604 9.57812881
v 5.11016512 -6.88887691 10.83567047
v 4.64064884 -7.06503296 10.80735970
v 5.11016512 -6.88887691 10.83567047
v 4.99742889 -6.84354496 12.45818996
v 4.99742889 -6.84354496 12.45818996
v 4.99742889 -6.84354496 12.45818996
v 5.45715380 -6.62109804 12.48206043
v 5.33388376 -6.53273201 14.09904003
v 5.33388376 -6.53273201 14.09904003
v 5.33388376 -6.53273201 14.09904003
v 5.76096487 -6.27598190 14.11485004
v 5.62752295 -6.14508486 15.72369003
v 5.62752295 -6.14508486 15.72369003
v 5.62752295 -6.14508486 15.72369003
v 6.03393698 -5.84863615 15.72964954
v 5.89070511 -5.67577791 17.32895088
v 5.89070511 -5.67577791 17.32895088
v 6.03393698 -5.84863615 15.72964954
v 6.26073694 -5.35293484 17.32280922
v 5.89070511 -5.67577791 17.32895088
v 6.26073694 -5.35293484 17.32280922
v 6.10828209 -5.13892221 18.90950966
v 6.10828209 -5.13892221 18.90950966
v 6.10828209 -5.13892221 18.90950966
v 6.44953394 -4.78580189 18.88945961
v 6.28798723 -4.53079081 20.46516037
v 6.28798723 -4.53079081 20.46516037
v 6.28798723 -4.53079081 20.46516037
v 6.59711218 -4.15185213 20.42951965
v 6.42737579 -3.85716796 21.98847961
v 6.42737579 -3.85716796 21.98847961
v 6.42737579 -3.85716796 21.98847961
v 6.70125198 -3.45811892 21.93614006
v 6.52367496 -3.12417603 23.47895050
v 6.52367496 -3.12417603 23.47895050
v 6.70125198 -3.45811892 21.93614006
v 7.13258600 -2.61228609 21.80883980
v 6.52367496 -3.12417603 23.47895050
v 7.13258600 -2.61228609 21.80883980
v 6.77568913 -1.91428995 24.84456062
v 6.77568913 -1.91428995 24.84456062
v 7.13258600 -2.61228609 21.80883980
v 7.40628004 -1.72615004 21.65596008
v 6.77568913 -1.91428995 24.84456062
v 7.40628004 -1.72615004 21.65596008
v 7.05692577 -1.03911901 24.64834023
v 7.05692577 -1.03911901 24.64834023
v 7.40628004 -1.72615004 21.65596008
v 7.29590178 -0.83824342 23.28367996
v 7.05692577 -1.03911901 24.64834023
v 7.29590178 -0.83824342 23.28367996
v 7.18460703 -0.83824342 24.05126953
v 3.02227497 -7.33774710 9.57812881
v 3.73144293 -7.29205704 9.57812881
v 3.00881791 -7.33822298 9.81725502
v 3.00881791 -7.33822298 9.81725502
v 3.73144293 -7.29205704 9.57812881
v 3.82420492 -7.27922201 9.57812881
v 3.00881791 -7.33822298 9.81725502
v 3.82420492 -7.27922201 9.57812881
v 2.93051004 -7.32355785 11.14468002
v 2.93051004 -7.32355785 11.14468002
v 3.82420492 -7.27922201 9.57812881
v 3.74946594 -7.27337408 10.75177002
v 2.93051004 -7.32355785 11.14468002
v 3.74946594 -7.27337408 10.75177002
v 3.63653803 -7.22775078 12.37611961
v 3.63653803 -7.22775078 12.37611961
v 3.74946594 -7.27337408 10.75177002
v 4.64064884 -7.06503296 10.80735970
v 4.52776003 -7.01956892 12.43167973
v 4.52776003 -7.01956892 12.43167973
v 4.99742889 -6.84354496 12.45818996
v 4.87385082 -6.75484896 14.07826996
v 5.33388376 -6.53273201 14.09904003
v 5.19996691 -6.40126896 15.71208000
v 5.62752295 -6.14508486 15.72369003
v 5.48361683 -5.97136211 17.32836914
v 5.89070511 -5.67577791 17.32895088
v 5.73738623 -5.46058989 18.92194939
v 6.10828209 -5.13892221 18.90950966
v 5.94564676 -4.88236713 20.49249077
v 5.94564676 -4.88236713 20.49249077
v 6.28798723 -4.53079081 20.46516037
v 6.11693716 -4.23417521 22.03226089
v 6.11693716 -4.23417521 22.03226089
v 6.11693716 -4.23417521 22.03226089
v 6.42737579 -3.85716796 21.98847961
v 6.24826002 -3.52089500 23.54018021
v 6.24826002 -3.52089500 23.54018021
v 6.42737579 -3.85716796 21.98847961
v 6.52367496 -3.12417603 23.47895050
v 6.24826002 -3.52089500 23.54018021
v 6.52367496 -3.12417603 23.47895050
v 6.33739519 -2.74965596 25.01114082
v 6.33739519 -2.74965596 25.01114082
v 6.52367496 -3.12417603 23.47895050
v 6.77568913 -1.91428995 24.84456062
v 6.33739519 -2.74965596 25.01114082
v 6.77568913 -1.91428995 24.84456062
v 6.13506699 -1.75767100 27.62549019
v 6.13506699 -1.75767100 27.62549019
v 6.77568913 -1.91428995 24.84456062
v 6.43433619 -1.16825700 27.47960091
v -3.07239103 -7.33822393 9.81725502
v -3.08584690 -7.33774805 9.57812881
v 3.00881791 -7.33822298 9.81725502
v 3.02227497 -7.33774710 9.57812881
v -3.07239103 -7.33822393 9.81725502
v 3.00881791 -7.33822298 9.81725502
v -2.99360204 -7.32342911 11.15198040
v 2.93051004 -7.32355785 11.14468002
v -2.99360204 -7.32342911 11.15198040
v 2.93051004 -7.32355785 11.14468002
v -2.85483003 -7.23825598 13.28361988
v 2.79288507 -7.23951817 13.26165009
v -2.85483003 -7.23825598 13.28361988
v 2.79288507 -7.23951817 13.26165009
v -2.70041299 -7.07745409 15.41170025
v -2.70041299 -7.07745409 15.41170025
v 2.79288507 -7.23951817 13.26165009
v 2.63957191 -7.08064890 15.37718964
v -2.70041299 -7.07745409 15.41170025
v 2.63957191 -7.08064890 15.37718964
v -2.59020209 -6.93018198 16.81097031
v 2.52667689 -6.93014908 16.81096077
v -2.59020209 -6.93018198 16.81097031
v 2.52667689 -6.93014908 16.81096077
v 2.47090006 -6.84706593 17.48731041
v -2.53080106 -6.84148216 17.53087997
v -2.53080106 -6.84148216 17.53087997
v 2.47090006 -6.84706593 17.48731041
v 2.28726697 -6.53905487 19.58867073
v -2.34762192 -6.53327894 19.62373924
v -2.34762192 -6.53327894 19.62373924
v 2.28726697 -6.53905487 19.58867073
v 2.16922402 -6.31699800 20.85289001
v -2.34762192 -6.53327894 19.62373924
v 2.16922402 -6.31699800 20.85289001
v -2.15004992 -6.15181923 21.70368004
v -2.15004992 -6.15181923 21.70368004
v 2.16922402 -6.31699800 20.85289001
v 2.08884811 -6.15646601 21.68059921
v -2.15004992 -6.15181923 21.70368004
v 2.08884811 -6.15646601 21.68059921
v -1.93842196 -5.69686699 23.77141953
v 1.87620795 -5.69967794 23.75960922
v -1.93842196 -5.69686699 23.77141953
v 1.87620795 -5.69967794 23.75960922
v -1.71338403 -5.16882801 25.82398033
v 1.65007198 -5.16933393 25.82216072
v -1.71338403 -5.16882801 25.82398033
v 1.65007198 -5.16933393 25.82216072
v -1.47282696 -4.56115818 27.88088989
v 1.40925598 -4.56115818 27.88088989
v -8.59731388 -1.83522999 9.57812881
v -8.59731388 -1.83522999 7.07812881
v -8.55194759 -2.54007506 7.07812881
v -3.08584690 -7.33775806 7.07812881
v -3.08584690 -7.33774805 9.57812881
v -4.20870590 -7.22232103 7.07812881
v -4.20870590 -7.22232103 7.07812881
v -3.08584690 -7.33774805 9.57812881
v -3.88771510 -7.27923012 9.57812881
v -3.88771510 -7.27923012 9.57812881
v -4.20870590 -7.22232103 9.57812881
v -4.20870590 -7.22232103 7.07812881
v -4.20870590 -7.22232103 7.07812881
v -4.20870590 -7.22232103 9.57812881
v -4.78226280 -7.07054520 9.57812881
v -4.20870590 -7.22232103 7.07812881
v -4.78226280 -7.07054520 9.57812881
v -5.28893995 -6.87893295 7.07812881
v -4.78226280 -7.07054520 9.57812881
v -5.28893995 -6.87893295 9.57812881
v -5.28893995 -6.87893295 7.07812881
v -5.28893995 -6.87893295 7.07812881
v -5.28893995 -6.87893295 9.57812881
v -5.71460485 -6.67146111 9.57812881
v -5.28893995 -6.87893295 7.07812881
v -5.71460485 -6.67146111 9.57812881
v -6.27481508 -6.32288504 7.07812881
v -5.71460485 -6.67146111 9.57812881
v -6.27481508 -6.32288504 9.57812881
v -6.27481508 -6.32288504 7.07812881
v -6.27481508 -6.32288504 7.07812881
v -6.27481508 -6.32288504 9.57812881
v -6.54848480 -6.11579084 9.57812881
v -6.27481508 -6.32288504 7.07812881
v -6.54848480 -6.11579084 9.57812881
v -7.12938023 -5.57405806 7.07812881
v -7.81148100 -4.66658115 9.57812881
v -7.81148100 -4.66658115 7.07812881
v -7.25555801 -5.43331289 9.57812881
v -7.25555801 -5.43331289 9.57812881
v -7.81148100 -4.66658115 7.07812881
v -7.12938023 -5.57405806 7.07812881
v -7.25555801 -5.43331289 9.57812881
v -7.12938023 -5.57405806 7.07812881
v -7.12938023 -5.57405806 9.57812881
v -7.12938023 -5.57405806 9.57812881
v -7.12938023 -5.57405806 7.07812881
v -6.54848480 -6.11579084 9.57812881
v -7.81148100 -4.66658115 9.57812881
v -7.82693195 -4.64072180 9.57812881
v -7.81148100 -4.66658115 7.07812881
v -7.81148100 -4.66658115 7.07812881
v -7.82693195 -4.64072180 9.57812881
v -8.24261379 -3.77703810 9.57812881
v -7.81148100 -4.66658115 7.07812881
v -8.24261379 -3.77703810 9.57812881
v -8.29087830 -3.64415908 7.07812881
v -8.24261379 -3.77703810 9.57812881
v -8.29087830 -3.64415908 9.57812881
v -8.29087830 -3.64415908 7.07812881
v -8.29087830 -3.64415908 7.07812881
v -8.29087830 -3.64415908 9.57812881
v -8.49851513 -2.87227106 9.57812881
v -8.29087830 -3.64415908 7.07812881
v -8.49851513 -2.87227106 9.57812881
v -8.55194759 -2.54007506 7.07812881
v -8.55194759 -2.54007506 7.07812881
v -8.49851513 -2.87227106 9.57812881
v -8.55194759 -2.54007506 9.57812881
v -8.55194759 -2.54007506 9.57812881
v -3.08584690 -7.33775806 7.07812881
v 3.02227497 -7.33775806 7.07812881
v 8.43497372 -2.87210298 9.57812881
v 8.41822624 -2.95571399 7.07812881
v 8.53242397 -1.95605195 9.57812881
v 8.53242397 -1.95605195 9.57812881
v 8.41822624 -2.95571399 7.07812881
v 8.53374195 -1.83522606 7.07812881
v 8.53242397 -1.95605195 9.57812881
v 8.53374195 -1.83522606 7.07812881
v 8.53374195 -1.83522606 9.57812881
v 8.43497372 -2.87210298 9.57812881
v 8.41822624 -2.95571399 9.57812881
v 8.41822624 -2.95571399 7.07812881
v 8.41822624 -2.95571399 7.07812881
v 8.41822624 -2.95571399 9.57812881
v 8.17907810 -3.77690506 9.57812881
v 8.41822624 -2.95571399 7.07812881
v 8.17907810 -3.77690506 9.57812881
v 8.07443237 -4.03409815 7.07812881
v 8.17907810 -3.77690506 9.57812881
v 8.07443237 -4.03409815 9.57812881
v 8.07443237 -4.03409815 7.07812881
v 8.07443237 -4.03409815 7.07812881
v 8.07443237 -4.03409815 9.57812881
v 7.76346588 -4.64066076 9.57812881
v 8.07443237 -4.03409815 7.07812881
v 7.76346588 -4.64066076 9.57812881
v 7.51836395 -5.01738691 7.07812881
v 7.51836395 -5.01738691 7.07812881
v 7.76346588 -4.64066076 9.57812881
v 7.51836395 -5.01738691 9.57812881
v 7.51836395 -5.01738691 7.07812881
v 7.51836395 -5.01738691 9.57812881
v 7.49638414 -5.04808998 9.57812881
v 7.49638414 -5.04808998 9.57812881
v 7.19192219 -5.43309402 9.57812881
v 7.51836395 -5.01738691 7.07812881
v 7.51836395 -5.01738691 7.07812881
v 7.19192219 -5.43309402 9.57812881
v 6.85371923 -5.79040718 9.57812881
v 7.51836395 -5.01738691 7.07812881
v 6.85371923 -5.79040718 9.57812881
v 6.76866484 -5.87083292 7.07812881
v 6.85371923 -5.79040718 9.57812881
v 6.76866484 -5.87083292 9.57812881
v 6.76866484 -5.87083292 7.07812881
v 6.76866484 -5.87083292 7.07812881
v 6.76866484 -5.87083292 9.57812881
v 6.48510599 -6.11591101 9.57812881
v 6.76866484 -5.87083292 7.07812881
v 6.48510599 -6.11591101 9.57812881
v 5.86076117 -6.55170584 7.07812881
v 6.48510599 -6.11591101 9.57812881
v 5.86076117 -6.55170584 9.57812881
v 5.86076117 -6.55170584 7.07812881
v 5.86076117 -6.55170584 7.07812881
v 5.86076117 -6.55170584 9.57812881
v 5.65106916 -6.67137003 9.57812881
v 5.86076117 -6.55170584 7.07812881
v 5.65106916 -6.67137003 9.57812881
v 4.83716917 -7.03078604 7.07812881
v 3.82420492 -7.27922201 9.57812881
v 3.73144293 -7.29205704 7.07812881
v 4.71875381 -7.07052517 9.57812881
v 4.83716917 -7.03078604 7.07812881
v 4.71875381 -7.07052517 9.57812881
v 4.83716917 -7.03078604 7.07812881
v 4.83716917 -7.03078604 9.57812881
v 4.83716917 -7.03078604 9.57812881
v 4.83716917 -7.03078604 7.07812881
v 5.65106916 -6.67137003 9.57812881
v 3.82420492 -7.27922201 9.57812881
v 3.73144293 -7.29205704 9.57812881
v 3.73144293 -7.29205704 7.07812881
v 3.73144293 -7.29205704 7.07812881
v 3.02227497 -7.33775806 7.07812881
v 8.17396927 -0.69778442 7.48239708
v 8.17396927 -0.08824235 7.55087709
v 8.48155785 -0.08824253 7.18987417
v 8.17396927 -1.96902895 7.07812881
v 8.17396927 -1.78274202 7.16171503
v 8.36239433 -1.42772496 7.07812881
v 8.36239433 -1.42772496 7.07812881
v 8.17396927 -1.78274202 7.16171503
v 8.17396927 -1.39955199 7.30600309
v 8.36239433 -1.42772496 7.07812881
v 8.17396927 -1.39955199 7.30600309
v 8.49032402 -0.82333452 7.07812881
v 8.17396927 -0.69778442 7.48239708
v 8.49032402 -0.82333452 7.07812881
v 8.17396927 -0.69778442 7.48239708
v 8.53374863 -0.47034380 7.07812881
v 8.53374863 -0.47034380 7.07812881
v 8.17396927 -0.69778442 7.48239708
v 8.48155785 -0.08824253 7.18987417
v 8.53374863 -0.47034380 7.07812881
v 8.48155785 -0.08824253 7.18987417
v 8.53375053 -0.08824235 7.11542606
v 8.53375053 -0.08824235 7.11542606
v 8.53375435 -0.08824235 9.57812881
v 8.53374863 -0.47034380 7.07812881
v 8.53374195 -1.83522606 9.57812881
v 8.53374195 -1.83522606 7.07812881
v 6.93109703 -2.96909404 7.95478201
v 7.33718586 -3.52206302 7.07828903
v 6.93109703 -3.66442299 7.48429918
v 6.93109703 -3.66442299 7.48429918
v 7.33718586 -3.52206302 7.07828903
v 6.93109703 -4.13472509 7.07812881
v 6.93109703 -2.21674991 8.32736301
v 8.17396927 -1.96902895 7.07812881
v 6.93109703 -2.96909404 7.95478201
v 6.93109703 -2.96909404 7.95478201
v 8.17396927 -1.96902895 7.07812881
v 7.81025887 -2.71789694 7.07828999
v 6.93109703 -2.96909404 7.95478201
v 7.81025887 -2.71789694 7.07828999
v 7.33718586 -3.52206302 7.07828903
v 6.93109703 -0.08824235 8.79496002
v 8.17396927 -0.08824235 7.55087709
v 6.93109703 -0.59661227 8.75358772
v 6.93109703 -0.59661227 8.75358772
v 8.17396927 -0.08824235 7.55087709
v 8.17396927 -0.69778442 7.48239708
v 6.93109703 -0.59661227 8.75358772
v 8.17396927 -0.69778442 7.48239708
v 6.93109703 -1.42109299 8.59525776
v 6.93109703 -1.42109299 8.59525776
v 8.17396927 -0.69778442 7.48239708
v 8.17396927 -1.39955199 7.30600309
v 6.93109703 -1.42109299 8.59525776
v 8.17396927 -1.39955199 7.30600309
v 6.93109703 -2.21674991 8.32736301
v 6.93109703 -2.21674991 8.32736301
v 8.17396927 -1.39955199 7.30600309
v 8.17396927 -1.78274202 7.16171503
v 6.93109703 -2.21674991 8.32736301
v 8.17396927 -1.78274202 7.16171503
v 8.17396927 -1.96902895 7.07812881
v 4.80981493 -1.10644603 9.56444168
v 4.80981493 -0.70371658 9.62567806
v 5.33719206 -0.69802183 9.57930660
v 5.69725609 -0.08824235 9.54018784
v 5.95746088 -0.08824235 9.44588089
v 5.95783997 -0.67588121 9.39902878
v 6.14777422 -0.08824235 9.35930824
v 6.56099510 -0.08824235 9.11023998
v 6.52514410 -0.63804162 9.09092426
v 6.75151682 -0.08824235 8.96083736
v 6.93109703 -0.08824235 8.79496002
v 6.93109703 -0.59661227 8.75358772
v 5.33719206 -4.88537693 7.50561190
v 5.45254421 -5.24010611 7.07813120
v 5.03142881 -5.31986094 7.07812691
v 6.52514410 -3.87344503 7.75229311
v 6.93109703 -4.13472509 7.07812881
v 6.52514410 -4.53327703 7.16189384
v 6.52514410 -4.53327703 7.16189384
v 6.93109703 -4.13472509 7.07812881
v 6.61301804 -4.52597618 7.07794523
v 6.52514410 -4.53327703 7.16189384
v 6.61301804 -4.52597618 7.07794523
v 6.27611923 -4.82591295 7.07801008
v 6.56099510 -0.08824235 9.11023998
v 6.75151682 -0.08824235 8.96083736
v 6.52514410 -0.63804162 9.09092426
v 6.52514410 -0.63804162 9.09092426
v 6.75151682 -0.08824235 8.96083736
v 6.93109703 -0.59661227 8.75358772
v 6.52514410 -0.63804162 9.09092426
v 6.93109703 -0.59661227 8.75358772
v 6.52514410 -1.50756395 8.92394447
v 6.93109703 -1.42109299 8.59525776
v 6.52514410 -1.50756395 8.92394447
v 6.93109703 -1.42109299 8.59525776
v 6.52514410 -2.34668708 8.64141464
v 6.93109703 -2.21674991 8.32736301
v 6.52514410 -2.34668708 8.64141464
v 6.93109703 -2.21674991 8.32736301
v 6.52514410 -3.14013004 8.24847889
v 6.93109703 -2.96909404 7.95478201
v 6.52514410 -3.14013004 8.24847889
v 6.93109703 -2.96909404 7.95478201
v 6.52514410 -3.87344503 7.75229311
v 6.93109703 -3.66442299 7.48429918
v 6.52514410 -3.87344503 7.75229311
v 6.93109703 -3.66442299 7.48429918
v 6.93109703 -4.13472509 7.07812881
v 5.33719206 -0.69802183 9.57930660
v 5.22635078 -0.08824235 9.64557362
v 5.46380091 -0.08824235 9.60256767
v 5.22635078 -0.08824235 9.64557362
v 5.33719206 -0.69802183 9.57930660
v 5.01955223 -0.08824235 9.66701984
v 5.01955223 -0.08824235 9.66701984
v 5.33719206 -0.69802183 9.57930660
v 4.80981493 -0.70371658 9.62567806
v 5.01955223 -0.08824235 9.66701984
v 4.80981493 -0.70371658 9.62567806
v 4.80981302 -0.08822762 9.67420578
v 4.80981493 -1.10644603 9.56444168
v 5.33719206 -0.69802183 9.57930660
v 4.80981493 -1.64463902 9.44498730
v 4.80981493 -1.64463902 9.44498730
v 5.33719206 -0.69802183 9.57930660
v 5.33719206 -1.63275301 9.39980602
v 4.80981493 -1.64463902 9.44498730
v 5.33719206 -1.63275301 9.39980602
v 4.80981493 -2.38192892 9.20732403
v 4.80981493 -2.38192892 9.20732403
v 5.33719206 -1.63275301 9.39980602
v 5.33719206 -2.53480506 9.09608746
v 4.80981493 -2.38192892 9.20732403
v 5.33719206 -2.53480506 9.09608746
v 4.80981493 -2.55266595 9.13925838
v 4.80981493 -2.55266595 9.13925838
v 5.33719206 -2.53480506 9.09608746
v 4.80981493 -3.41126204 8.71405602
v 5.33719206 -3.38775206 8.67368603
v 4.80981493 -3.41126204 8.71405602
v 5.33719206 -3.38775206 8.67368603
v 4.80981493 -3.56888604 8.61950874
v 4.80981493 -3.56888604 8.61950874
v 5.33719206 -3.38775206 8.67368603
v 5.33719206 -4.17606115 8.14029026
v 4.80981493 -3.56888604 8.61950874
v 5.33719206 -4.17606115 8.14029026
v 4.80981493 -4.20479298 8.17712593
v 4.80981493 -4.20479298 8.17712593
v 5.33719206 -4.17606115 8.14029026
v 4.80981493 -4.62600708 7.82145691
v 4.80981493 -4.62600708 7.82145691
v 5.33719206 -4.17606115 8.14029026
v 5.33719206 -4.88537693 7.50561190
v 4.80981493 -4.62600708 7.82145691
v 5.33719206 -4.88537693 7.50561190
v 4.80981493 -4.91880703 7.53824615
v 4.80981493 -4.91880703 7.53824615
v 5.33719206 -4.88537693 7.50561190
v 5.03142881 -5.31986094 7.07812691
v 4.80981493 -4.91880703 7.53824615
v 5.03142881 -5.31986094 7.07812691
v 4.80981493 -5.33045912 7.07812881
v 6.27611923 -4.82591295 7.07801008
v 5.87833881 -5.07365704 7.07811213
v 6.52514410 -4.53327703 7.16189384
v 6.52514410 -4.53327703 7.16189384
v 5.87833881 -5.07365704 7.07811213
v 5.95783997 -4.75540590 7.37873411
v 6.52514410 -4.53327703 7.16189384
v 5.95783997 -4.75540590 7.37873411
v 6.52514410 -3.87344503 7.75229311
v 5.95783997 -4.06435585 7.99706602
v 6.52514410 -3.87344503 7.75229311
v 5.95783997 -4.06435585 7.99706602
v 6.52514410 -3.14013004 8.24847889
v 5.95783997 -3.29634690 8.51672935
v 6.52514410 -3.14013004 8.24847889
v 5.95783997 -3.29634690 8.51672935
v 6.52514410 -2.34668708 8.64141464
v 5.95783997 -2.46536398 8.92825413
v 6.52514410 -2.34668708 8.64141464
v 5.95783997 -2.46536398 8.92825413
v 6.52514410 -1.50756395 8.92394447
v 5.95783997 -1.58654106 9.22414970
v 6.52514410 -1.50756395 8.92394447
v 5.95783997 -1.58654106 9.22414970
v 6.52514410 -0.63804162 9.09092426
v 5.95783997 -0.67588121 9.39902878
v 6.52514410 -0.63804162 9.09092426
v 5.95783997 -0.67588121 9.39902878
v 6.14777422 -0.08824235 9.35930824
v 6.14777422 -0.08824235 9.35930824
v 5.95783997 -0.67588121 9.39902878
v 5.95746088 -0.08824235 9.44588089
v 5.87833881 -5.07365704 7.07811213
v 5.45254421 -5.24010611 7.07813120
v 5.95783997 -4.75540590 7.37873411
v 5.95783997 -4.75540590 7.37873411
v 5.45254421 -5.24010611 7.07813120
v 5.33719206 -4.88537693 7.50561190
v 5.95783997 -4.75540590 7.37873411
v 5.33719206 -4.88537693 7.50561190
v 5.95783997 -4.06435585 7.99706602
v 5.33719206 -4.17606115 8.14029026
v 5.95783997 -4.06435585 7.99706602
v 5.33719206 -4.17606115 8.14029026
v 5.95783997 -3.29634690 8.51672935
v 5.33719206 -3.38775206 8.67368603
v 5.95783997 -3.29634690 8.51672935
v 5.33719206 -3.38775206 8.67368603
v 5.95783997 -2.46536398 8.92825413
v 5.33719206 -2.53480506 9.09608746
v 5.95783997 -2.46536398 8.92825413
v 5.33719206 -2.53480506 9.09608746
v 5.95783997 -1.58654106 9.22414970
v 5.33719206 -1.63275301 9.39980602
v 5.95783997 -1.58654106 9.22414970
v 5.33719206 -1.63275301 9.39980602
v 5.95783997 -0.67588121 9.39902878
v 5.33719206 -0.69802183 9.57930660
v 5.95783997 -0.67588121 9.39902878
v 5.33719206 -0.69802183 9.57930660
v 5.69725609 -0.08824235 9.54018784
v 5.69725609 -0.08824235 9.54018784
v 5.33719206 -0.69802183 9.57930660
v 5.46380091 -0.08824235 9.60256767
v 7.89133215 -1.31332195 17.89093018
v 8.07819080 -1.55735004 15.82151031
v 7.97933578 -0.08824235 16.94112015
v 7.97933578 -0.08824235 16.94112015
v 8.07819080 -1.55735004 15.82151031
v 8.10591793 -1.58875096 15.49647045
v 7.97933578 -0.08824235 16.94112015
v 8.10591793 -1.58875096 15.49647045
v 8.53375435 -0.08824235 9.57812881
v 8.53375435 -0.08824235 9.57812881
v 8.10591793 -1.58875096 15.49647045
v 8.24773312 -1.72578704 13.74503040
v 8.24773312 -1.72578704 13.74503040
v 8.34157181 -1.79080498 12.48857975
v 8.53375435 -0.08824235 9.57812881
v 8.39965630 -1.81845403 11.66296005
v 8.53375435 -0.08824235 9.57812881
v 8.39965630 -1.81845403 11.66296005
v 8.53374195 -1.83522606 9.57812881
v 7.89133215 -1.31332195 17.89093018
v 7.97933578 -0.08824235 16.94112015
v 7.83409119 -1.22864103 18.48804092
v 7.83409119 -1.22864103 18.48804092
v 7.85549593 -0.08824235 18.26672935
v 7.85549593 -0.08824235 18.26672935
v 7.68747377 -0.99375433 19.95159912
v 7.72437000 -0.08824235 19.59165001
v 7.68747377 -0.99375433 19.95159912
v 7.72437000 -0.08824235 19.59165001
v 7.65607500 -0.08824235 20.25382996
v 7.59750795 -0.83824342 20.80796051
v 7.59750795 -0.83824342 20.80796051
v 7.65607500 -0.08824235 20.25382996
v 7.58595991 -0.08824235 20.91583061
v 7.51402712 -0.08824235 21.57761955
v 7.49575901 -0.08824235 21.74304008
v 7.47737694 -0.08824235 21.90844917
v 7.37031889 -0.41172600 22.85186005
v 7.44027376 -0.08824235 22.23921967
v 7.37031889 -0.41172600 22.85186005
v 7.44027376 -0.08824235 22.23921967
v 7.21130180 -0.08824235 24.19634056
v 6.95581579 -0.08824235 26.06418037
v 6.77020407 -0.08824282 27.18408012
v 6.97633314 -0.51939547 25.63023949
v 7.13457394 -0.83824342 24.37562943
v 6.97633314 -0.51939547 25.63023949
v 6.90693712 -0.83824342 25.71376038
v 7.53285694 -0.83824342 21.39534950
v 7.59750795 -0.83824342 20.80796051
v 7.37031889 -0.41172600 22.85186005
v 7.13457394 -0.83824342 24.37562943
v 7.18460703 -0.83824342 24.05126953
v 7.21130180 -0.08824235 24.19634056
v 7.21130180 -0.08824235 24.19634056
v 7.18460703 -0.83824342 24.05126953
v 7.29590178 -0.83824342 23.28367996
v 7.21130180 -0.08824235 24.19634056
v 7.29590178 -0.83824342 23.28367996
v 7.37031889 -0.41172600 22.85186005
v 7.37031889 -0.41172600 22.85186005
v 7.29590178 -0.83824342 23.28367996
v 7.52237988 -0.83824342 21.48734093
v 7.37031889 -0.41172600 22.85186005
v 7.52237988 -0.83824342 21.48734093
v 7.53285694 -0.83824342 21.39534950
v 6.77020407 -0.08824282 27.18408012
v 6.56434584 -0.83824438 27.39294052
v 6.97633314 -0.51939547 25.63023949
v 6.97633314 -0.51939547 25.63023949
v 6.56434584 -0.83824438 27.39294052
v 6.84924221 -0.83824342 26.02166939
v 6.97633314 -0.51939547 25.63023949
v 6.84924221 -0.83824342 26.02166939
v 6.90693712 -0.83824342 25.71376038
v 7.13457394 -0.83824342 24.37562943
v 7.21130180 -0.08824235 24.19634056
v 6.97633314 -0.51939547 25.63023949
v 6.97633314 -0.51939547 25.63023949
v 7.21130180 -0.08824235 24.19634056
v 7.09105396 -0.08824235 25.13135910
v 6.97633314 -0.51939547 25.63023949
v 7.09105396 -0.08824235 25.13135910
v 6.95581579 -0.08824235 26.06418037
v 6.43849802 -0.49728021 28.16032982
v 6.41062307 -0.29778329 28.36717033
v 5.95471621 -0.89696622 28.96950912
v 6.43433619 -1.16825700 27.47960091
v 6.53876114 -0.90854740 27.41168022
v 6.50318623 -0.80521131 27.67819023
v 1.83966005 -2.19500995 31.02783966
v 1.90518403 -2.80822611 30.54376984
v 2.82518792 -2.63337708 30.47323990
v 5.84216499 -0.08824235 29.55854988
v 5.89245605 -0.22926740 29.42947960
v 6.16075993 -0.08824235 29.02445030
v 4.95650482 -0.08824235 30.57374001
v 5.23331213 -0.13104950 30.29548073
v 5.39107084 -0.08824235 30.13862038
v 3.29653406 -0.08824235 31.58801079
v 3.59209991 -0.56966162 31.32991028
v 4.03625393 -0.47799599 31.12729073
v 1.38136494 -3.06658697 30.33551979
v 1.38473201 -3.36144805 30.02075958
v 1.98066199 -3.35008502 29.98465919
v 1.38697398 -3.53032494 29.81815910
v 1.39372897 -3.94305205 29.23155975
v 2.06465411 -3.81183100 29.36057091
v 1.40925598 -4.56115818 27.88088989
v 2.25176191 -4.46618700 27.96283913
v 1.40797102 -4.52183104 28.00122070
v 1.40797102 -4.52183104 28.00122070
v 2.25176191 -4.46618700 27.96283913
v 2.15562201 -4.18588400 28.68231010
v 1.40116501 -4.28167200 28.60203934
v 1.40116501 -4.28167200 28.60203934
v 2.15562201 -4.18588400 28.68231010
v 1.39796305 -4.14740181 28.87360954
v 1.37230206 -1.99909103 31.17848969
v 1.37406600 -2.23539400 31.02416039
v 1.83966005 -2.19500995 31.02783966
v 1.83966005 -2.19500995 31.02783966
v 1.37406600 -2.23539400 31.02416039
v 1.37483001 -2.33243799 30.95606995
v 1.83966005 -2.19500995 31.02783966
v 1.37483001 -2.33243799 30.95606995
v 1.90518403 -2.80822611 30.54376984
v 1.90518403 -2.80822611 30.54376984
v 1.37483001 -2.33243799 30.95606995
v 1.37674499 -2.56441307 30.78123093
v 1.90518403 -2.80822611 30.54376984
v 1.37674499 -2.56441307 30.78123093
v 1.37934601 -2.86025190 30.53093910
v 1.36377096 -0.08824336 31.94696045
v 1.36557806 -0.74841100 31.76638031
v 1.50774395 -0.08824235 31.94503021
v 1.50774395 -0.08824235 31.94503021
v 1.36557806 -0.74841100 31.76638031
v 1.74355304 -0.79822922 31.73568916
v 2.72263408 -0.08824235 31.77260971
v 2.64636397 -0.08824235 31.79191971
v 2.67062712 -0.71188360 31.61309052
v 2.67062712 -0.71188360 31.61309052
v 2.64636397 -0.08824235 31.79191971
v 2.11914110 -0.08824235 31.89369965
v 5.23331213 -0.13104950 30.29548073
v 4.95650482 -0.08824235 30.57374001
v 4.86217213 -0.25742131 30.60717010
v 4.86217213 -0.25742131 30.60717010
v 4.95650482 -0.08824235 30.57374001
v 4.47551298 -0.08824235 30.95682907
v 4.86217213 -0.25742131 30.60717010
v 4.47551298 -0.08824235 30.95682907
v 4.46147299 -0.37354350 30.88557053
v 4.46147299 -0.37354350 30.88557053
v 4.47551298 -0.08824235 30.95682907
v 4.38639021 -0.08824235 31.01855087
v 4.46147299 -0.37354350 30.88557053
v 4.38639021 -0.08824235 31.01855087
v 4.03625393 -0.47799599 31.12729073
v 4.03625393 -0.47799599 31.12729073
v 4.38639021 -0.08824235 31.01855087
v 3.85550189 -0.08824235 31.33560944
v 4.03625393 -0.47799599 31.12729073
v 3.85550189 -0.08824235 31.33560944
v 3.29653406 -0.08824235 31.58801079
v 5.89245605 -0.22926740 29.42947960
v 5.84216499 -0.08824235 29.55854988
v 5.59537697 -0.42321679 29.77232933
v 6.41933203 -0.08824235 28.45644951
v 6.41062307 -0.29778329 28.36717033
v 6.61906910 -0.08824235 27.85545921
v 6.61906910 -0.08824235 27.85545921
v 6.41062307 -0.29778329 28.36717033
v 6.43849802 -0.49728021 28.16032982
v 6.61906910 -0.08824235 27.85545921
v 6.43849802 -0.49728021 28.16032982
v 6.68174410 -0.08824235 27.61162949
v 1.36847496 -1.39003503 31.50889015
v 1.37230206 -1.99909103 31.17848969
v 1.78540099 -1.52111900 31.42778015
v 1.78540099 -1.52111900 31.42778015
v 1.37230206 -1.99909103 31.17848969
v 1.83966005 -2.19500995 31.02783966
v 1.78540099 -1.52111900 31.42778015
v 1.83966005 -2.19500995 31.02783966
v 2.76252890 -2.04715395 30.93617058
v 2.76252890 -2.04715395 30.93617058
v 2.76252890 -2.04715395 30.93617058
v 2.82518792 -2.63337708 30.47323990
v 3.73498106 -2.34537911 30.27609062
v 6.41933203 -0.08824235 28.45644951
v 6.39004421 -0.08824235 28.52980042
v 6.41062307 -0.29778329 28.36717033
v 6.41062307 -0.29778329 28.36717033
v 6.39004421 -0.08824235 28.52980042
v 6.36681080 -0.08824235 28.58601952
v 6.41062307 -0.29778329 28.36717033
v 6.36681080 -0.08824235 28.58601952
v 5.95471621 -0.89696622 28.96950912
v 5.95471621 -0.89696622 28.96950912
v 6.36681080 -0.08824235 28.58601952
v 5.92065287 -0.57881141 29.22142029
v 5.95471621 -0.89696622 28.96950912
v 5.92065287 -0.57881141 29.22142029
v 5.66628790 -1.18390906 29.24859047
v 5.62749386 -0.82145578 29.53540993
v 5.66628790 -1.18390906 29.24859047
v 5.62749386 -0.82145578 29.53540993
v 5.34010077 -1.45719302 29.50749969
v 5.29680204 -1.05254996 29.82756042
v 5.34010077 -1.45719302 29.50749969
v 5.29680204 -1.05254996 29.82756042
v 4.97936487 -1.71309495 29.74254990
v 4.93184996 -1.26894605 30.09371948
v 4.97936487 -1.71309495 29.74254990
v 4.93184996 -1.26894605 30.09371948
v 4.58822393 -1.94824100 29.95055962
v 4.53683615 -1.46779001 30.33031082
v 4.58822393 -1.94824100 29.95055962
v 4.53683615 -1.46779001 30.33031082
v 4.17159796 -2.15975690 30.12899017
v 4.11672688 -1.64665103 30.53445053
v 4.17159796 -2.15975690 30.12899017
v 4.11672688 -1.64665103 30.53445053
v 3.73498106 -2.34537911 30.27609062
v 3.67705607 -1.80361700 30.70409012
v 3.67705607 -1.80361700 30.70409012
v 2.76252890 -2.04715395 30.93617058
v 3.67705607 -1.80361700 30.70409012
v 2.71064401 -1.40293598 31.31863022
v 2.71064401 -1.40293598 31.31863022
v 1.78540099 -1.52111900 31.42778015
v 2.71064401 -1.40293598 31.31863022
v 1.74355304 -0.79822922 31.73568916
v 1.78540099 -1.52111900 31.42778015
v 1.74355304 -0.79822922 31.73568916
v 1.36847496 -1.39003503 31.50889015
v 1.36847496 -1.39003503 31.50889015
v 1.74355304 -0.79822922 31.73568916
v 1.36557806 -0.74841100 31.76638031
v 6.36681080 -0.08824235 28.58601952
v 6.16075993 -0.08824235 29.02445030
v 5.92065287 -0.57881141 29.22142029
v 5.92065287 -0.57881141 29.22142029
v 6.16075993 -0.08824235 29.02445030
v 5.89245605 -0.22926740 29.42947960
v 5.92065287 -0.57881141 29.22142029
v 5.89245605 -0.22926740 29.42947960
v 5.62749386 -0.82145578 29.53540993
v 5.59537697 -0.42321679 29.77232933
v 5.62749386 -0.82145578 29.53540993
v 5.59537697 -0.42321679 29.77232933
v 5.29680204 -1.05254996 29.82756042
v 5.26095486 -0.60793412 30.09194946
v 5.29680204 -1.05254996 29.82756042
v 5.26095486 -0.60793412 30.09194946
v 4.93184996 -1.26894605 30.09371948
v 4.89250994 -0.78090221 30.38382912
v 4.93184996 -1.26894605 30.09371948
v 4.89250994 -0.78090221 30.38382912
v 4.53683615 -1.46779001 30.33031082
v 4.49428701 -0.93984163 30.64403915
v 4.53683615 -1.46779001 30.33031082
v 4.49428701 -0.93984163 30.64403915
v 4.11672688 -1.64665103 30.53445053
v 4.07129383 -1.08280802 30.86941910
v 4.11672688 -1.64665103 30.53445053
v 4.07129383 -1.08280802 30.86941910
v 3.67705607 -1.80361700 30.70409012
v 3.62909198 -1.20827305 31.05768013
v 3.62909198 -1.20827305 31.05768013
v 2.71064401 -1.40293598 31.31863022
v 3.62909198 -1.20827305 31.05768013
v 2.67062712 -0.71188360 31.61309052
v 2.67062712 -0.71188360 31.61309052
v 1.74355304 -0.79822922 31.73568916
v 2.67062712 -0.71188360 31.61309052
v 2.11914110 -0.08824235 31.89369965
v 1.74355304 -0.79822922 31.73568916
v 2.11914110 -0.08824235 31.89369965
v 1.50774395 -0.08824235 31.94503021
v 5.84216499 -0.08824235 29.55854988
v 5.77742577 -0.08824235 29.65230942
v 5.59537697 -0.42321679 29.77232933
v 5.59537697 -0.42321679 29.77232933
v 5.77742577 -0.08824235 29.65230942
v 5.39107084 -0.08824235 30.13862038
v 5.59537697 -0.42321679 29.77232933
v 5.39107084 -0.08824235 30.13862038
v 5.26095486 -0.60793412 30.09194946
v 5.26095486 -0.60793412 30.09194946
v 5.39107084 -0.08824235 30.13862038
v 5.23331213 -0.13104950 30.29548073
v 5.26095486 -0.60793412 30.09194946
v 5.23331213 -0.13104950 30.29548073
v 4.89250994 -0.78090221 30.38382912
v 4.86217213 -0.25742131 30.60717010
v 4.89250994 -0.78090221 30.38382912
v 4.86217213 -0.25742131 30.60717010
v 4.49428701 -0.93984163 30.64403915
v 4.46147299 -0.37354350 30.88557053
v 4.49428701 -0.93984163 30.64403915
v 4.46147299 -0.37354350 30.88557053
v 4.07129383 -1.08280802 30.86941910
v 4.03625393 -0.47799599 31.12729073
v 4.07129383 -1.08280802 30.86941910
v 4.03625393 -0.47799599 31.12729073
v 3.62909198 -1.20827305 31.05768013
v 3.59209991 -0.56966162 31.32991028
v 3.59209991 -0.56966162 31.32991028
v 2.67062712 -0.71188360 31.61309052
v 3.59209991 -0.56966162 31.32991028
v 3.29653406 -0.08824235 31.58801079
v 2.67062712 -0.71188360 31.61309052
v 3.29653406 -0.08824235 31.58801079
v 2.72263408 -0.08824235 31.77260971
v 6.13506699 -1.75767100 27.62549019
v 6.08501720 -1.61209702 28.00027084
v 6.08779907 -1.83668101 27.64409065
v 6.08779907 -1.83668101 27.64409065
v 6.08501720 -1.61209702 28.00027084
v 5.81465387 -1.99850702 28.14517975
v 6.08779907 -1.83668101 27.64409065
v 5.81465387 -1.99850702 28.14517975
v 5.56845284 -2.55251908 27.80056953
v 5.56845284 -2.55251908 27.80056953
v 5.81465387 -1.99850702 28.14517975
v 5.50566816 -2.36652398 28.27635002
v 5.56845284 -2.55251908 27.80056953
v 5.50566816 -2.36652398 28.27635002
v 5.39661789 -2.74452806 27.83822060
v 5.39661789 -2.74452806 27.83822060
v 5.50566816 -2.36652398 28.27635002
v 5.16103506 -2.71113205 28.39180946
v 5.39661789 -2.74452806 27.83822060
v 5.16103506 -2.71113205 28.39180946
v 5.04392099 -3.08954692 27.90003967
v 5.04392099 -3.08954692 27.90003967
v 5.16103506 -2.71113205 28.39180946
v 4.78468418 -3.02779102 28.48996925
v 2.25176191 -4.46618700 27.96283913
v 2.40791988 -4.43454504 27.97360992
v 2.15562201 -4.18588400 28.68231010
v 2.15562201 -4.18588400 28.68231010
v 2.40791988 -4.43454504 27.97360992
v 2.88123703 -4.31065607 27.99744034
v 2.15562201 -4.18588400 28.68231010
v 2.88123703 -4.31065607 27.99744034
v 3.06468511 -3.95042491 28.69302940
v 3.95640302 -3.56259394 28.63011932
v 4.04140997 -3.81026793 27.99390030
v 4.38135576 -3.31262708 28.56965065
v 4.42504597 -3.57231688 27.96990013
v 2.88123703 -4.31065607 27.99744034
v 3.15662694 -4.21840096 28.00495911
v 3.06468511 -3.95042491 28.69302940
v 3.06468511 -3.95042491 28.69302940
v 3.15662694 -4.21840096 28.00495911
v 3.44306207 -4.10573912 28.00750923
v 3.06468511 -3.95042491 28.69302940
v 3.44306207 -4.10573912 28.00750923
v 3.95640302 -3.56259394 28.63011932
v 3.81939411 -3.92996097 28.00211906
v 3.95640302 -3.56259394 28.63011932
v 3.81939411 -3.92996097 28.00211906
v 4.04140997 -3.81026793 27.99390030
v 4.42504597 -3.57231688 27.96990013
v 4.54429388 -3.48954010 27.95966911
v 4.38135576 -3.31262708 28.56965065
v 4.38135576 -3.31262708 28.56965065
v 4.54429388 -3.48954010 27.95966911
v 4.66640806 -3.40003300 27.94770050
v 4.38135576 -3.31262708 28.56965065
v 4.66640806 -3.40003300 27.94770050
v 4.78468418 -3.02779102 28.48996925
v 4.78468418 -3.02779102 28.48996925
v 4.66640806 -3.40003300 27.94770050
v 4.86011410 -3.24746990 27.92536926
v 4.78468418 -3.02779102 28.48996925
v 4.86011410 -3.24746990 27.92536926
v 5.04392099 -3.08954692 27.90003967
v 6.53876114 -0.90854740 27.41168022
v 6.56434584 -0.83824438 27.39294052
v 6.50318623 -0.80521131 27.67819023
v 6.50318623 -0.80521131 27.67819023
v 6.56434584 -0.83824438 27.39294052
v 6.46954012 -0.66736680 27.92934990
v 6.50318623 -0.80521131 27.67819023
v 6.46954012 -0.66736680 27.92934990
v 6.03766918 -1.41787601 28.35351944
v 6.03766918 -1.41787601 28.35351944
v 6.46954012 -0.66736680 27.92934990
v 5.99396992 -1.17817700 28.67847061
v 6.03766918 -1.41787601 28.35351944
v 5.99396992 -1.17817700 28.67847061
v 5.76074696 -1.77728701 28.54730034
v 5.71098900 -1.50425100 28.91724014
v 5.76074696 -1.77728701 28.54730034
v 5.71098900 -1.50425100 28.91724014
v 5.44551516 -2.11959004 28.72500038
v 5.38998795 -1.81480503 29.13776970
v 5.44551516 -2.11959004 28.72500038
v 5.38998795 -1.81480503 29.13776970
v 5.09503508 -2.44012094 28.88402939
v 5.03410816 -2.10560489 29.33688927
v 5.09503508 -2.44012094 28.88402939
v 5.03410816 -2.10560489 29.33688927
v 4.71331406 -2.73465395 29.02219963
v 4.64742613 -2.37281990 29.51189041
v 4.71331406 -2.73465395 29.02219963
v 4.64742613 -2.37281990 29.51189041
v 4.30515814 -2.99958897 29.13784981
v 4.23480988 -2.61318111 29.66065979
v 4.30515814 -2.99958897 29.13784981
v 4.23480988 -2.61318111 29.66065979
v 3.87596893 -3.23209000 29.22987938
v 3.80170894 -2.82411695 29.78173065
v 3.87596893 -3.23209000 29.22987938
v 3.80170894 -2.82411695 29.78173065
v 2.97768903 -3.59282398 29.34169006
v 2.97768903 -3.59282398 29.34169006
v 3.80170894 -2.82411695 29.78173065
v 2.89736700 -3.15139103 29.93855095
v 2.97768903 -3.59282398 29.34169006
v 2.89736700 -3.15139103 29.93855095
v 2.06465411 -3.81183100 29.36057091
v 1.98066199 -3.35008502 29.98465919
v 2.06465411 -3.81183100 29.36057091
v 1.98066199 -3.35008502 29.98465919
v 1.38697398 -3.53032494 29.81815910
v 1.38697398 -3.53032494 29.81815910
v 1.98066199 -3.35008502 29.98465919
v 1.38473201 -3.36144805 30.02075958
v 1.39372897 -3.94305205 29.23155975
v 1.39796305 -4.14740181 28.87360954
v 2.06465411 -3.81183100 29.36057091
v 2.06465411 -3.81183100 29.36057091
v 1.39796305 -4.14740181 28.87360954
v 2.15562201 -4.18588400 28.68231010
v 2.06465411 -3.81183100 29.36057091
v 2.15562201 -4.18588400 28.68231010
v 2.97768903 -3.59282398 29.34169006
v 3.06468511 -3.95042491 28.69302940
v 2.97768903 -3.59282398 29.34169006
v 3.06468511 -3.95042491 28.69302940
v 3.87596893 -3.23209000 29.22987938
v 3.95640302 -3.56259394 28.63011932
v 3.87596893 -3.23209000 29.22987938
v 3.95640302 -3.56259394 28.63011932
v 4.30515814 -2.99958897 29.13784981
v 4.38135576 -3.31262708 28.56965065
v 4.30515814 -2.99958897 29.13784981
v 4.38135576 -3.31262708 28.56965065
v 4.71331406 -2.73465395 29.02219963
v 4.78468418 -3.02779102 28.48996925
v 4.71331406 -2.73465395 29.02219963
v 4.78468418 -3.02779102 28.48996925
v 5.09503508 -2.44012094 28.88402939
v 5.16103506 -2.71113205 28.39180946
v 5.09503508 -2.44012094 28.88402939
v 5.16103506 -2.71113205 28.39180946
v 5.44551516 -2.11959004 28.72500038
v 5.50566816 -2.36652398 28.27635002
v 5.44551516 -2.11959004 28.72500038
v 5.50566816 -2.36652398 28.27635002
v 5.76074696 -1.77728701 28.54730034
v 5.81465387 -1.99850702 28.14517975
v 5.76074696 -1.77728701 28.54730034
v 5.81465387 -1.99850702 28.14517975
v 6.03766918 -1.41787601 28.35351944
v 6.08501720 -1.61209702 28.00027084
v 6.08501720 -1.61209702 28.00027084
v 6.50318623 -0.80521131 27.67819023
v 6.08501720 -1.61209702 28.00027084
v 6.13506699 -1.75767100 27.62549019
v 6.50318623 -0.80521131 27.67819023
v 6.13506699 -1.75767100 27.62549019
v 6.43433619 -1.16825700 27.47960091
v 1.37934601 -2.86025190 30.53093910
v 1.38136494 -3.06658697 30.33551979
v 1.90518403 -2.80822611 30.54376984
v 1.90518403 -2.80822611 30.54376984
v 1.38136494 -3.06658697 30.33551979
v 1.98066199 -3.35008502 29.98465919
v 1.90518403 -2.80822611 30.54376984
v 1.98066199 -3.35008502 29.98465919
v 2.82518792 -2.63337708 30.47323990
v 2.89736700 -3.15139103 29.93855095
v 2.82518792 -2.63337708 30.47323990
v 2.89736700 -3.15139103 29.93855095
v 3.73498106 -2.34537911 30.27609062
v 3.80170894 -2.82411695 29.78173065
v 3.73498106 -2.34537911 30.27609062
v 3.80170894 -2.82411695 29.78173065
v 4.17159796 -2.15975690 30.12899017
v 4.23480988 -2.61318111 29.66065979
v 4.17159796 -2.15975690 30.12899017
v 4.23480988 -2.61318111 29.66065979
v 4.58822393 -1.94824100 29.95055962
v 4.64742613 -2.37281990 29.51189041
v 4.58822393 -1.94824100 29.95055962
v 4.64742613 -2.37281990 29.51189041
v 4.97936487 -1.71309495 29.74254990
v 5.03410816 -2.10560489 29.33688927
v 4.97936487 -1.71309495 29.74254990
v 5.03410816 -2.10560489 29.33688927
v 5.34010077 -1.45719302 29.50749969
v 5.38998795 -1.81480503 29.13776970
v 5.34010077 -1.45719302 29.50749969
v 5.38998795 -1.81480503 29.13776970
v 5.66628790 -1.18390906 29.24859047
v 5.71098900 -1.50425100 28.91724014
v 5.66628790 -1.18390906 29.24859047
v 5.71098900 -1.50425100 28.91724014
v 5.95471621 -0.89696622 28.96950912
v 5.99396992 -1.17817700 28.67847061
v 5.99396992 -1.17817700 28.67847061
v 6.43849802 -0.49728021 28.16032982
v 6.43849802 -0.49728021 28.16032982
v 6.46954012 -0.66736680 27.92934990
v 6.68174410 -0.08824235 27.61162949
v 6.68174410 -0.08824235 27.61162949
v 6.46954012 -0.66736680 27.92934990
v 6.56434584 -0.83824438 27.39294052
v 6.68174410 -0.08824235 27.61162949
v 6.56434584 -0.83824438 27.39294052
v 6.77020407 -0.08824282 27.18408012
v -1.43957305 -2.46890211 30.85548019
v -1.44408703 -2.98217797 30.41772079
v 1.37934601 -2.86025190 30.53093910
v -1.47282696 -4.56115818 27.88088989
v 1.40925598 -4.56115818 27.88088989
v -1.46858203 -4.43204689 28.24872971
v -1.46858203 -4.43204689 28.24872971
v 1.40925598 -4.56115818 27.88088989
v 1.40797102 -4.52183104 28.00122070
v -1.46858203 -4.43204689 28.24872971
v 1.40797102 -4.52183104 28.00122070
v -1.46429002 -4.27235985 28.62232018
v -1.46429002 -4.27235985 28.62232018
v 1.40797102 -4.52183104 28.00122070
v 1.40116501 -4.28167200 28.60203934
v -1.46429002 -4.27235985 28.62232018
v 1.40116501 -4.28167200 28.60203934
v -1.46142101 -4.14827394 28.87211037
v 1.39796305 -4.14740181 28.87360954
v -1.46142101 -4.14827394 28.87211037
v 1.39796305 -4.14740181 28.87360954
v -1.45499301 -3.81583309 29.42878914
v -1.45499301 -3.81583309 29.42878914
v 1.39796305 -4.14740181 28.87360954
v 1.39372897 -3.94305205 29.23155975
v -1.45499301 -3.81583309 29.42878914
v 1.39372897 -3.94305205 29.23155975
v -1.44881105 -3.40017605 29.97590065
v -1.44881105 -3.40017605 29.97590065
v 1.39372897 -3.94305205 29.23155975
v 1.38697398 -3.53032494 29.81815910
v -1.44881105 -3.40017605 29.97590065
v 1.38697398 -3.53032494 29.81815910
v -1.44832003 -3.36145806 30.02076912
v -1.44832003 -3.36145806 30.02076912
v 1.38697398 -3.53032494 29.81815910
v 1.38473201 -3.36144805 30.02075958
v -1.44832003 -3.36145806 30.02076912
v 1.38473201 -3.36144805 30.02075958
v -1.44408703 -2.98217797 30.41772079
v -1.44408703 -2.98217797 30.41772079
v 1.38473201 -3.36144805 30.02075958
v 1.38136494 -3.06658697 30.33551979
v -1.44408703 -2.98217797 30.41772079
v 1.38136494 -3.06658697 30.33551979
v 1.37934601 -2.86025190 30.53093910
v 1.36377096 -0.08824336 31.94696045
v -1.42734206 -0.08824336 31.94696045
v 1.36557806 -0.74841100 31.76638031
v 1.36557806 -0.74841100 31.76638031
v -1.42734206 -0.08824336 31.94696045
v -1.42941105 -0.77564508 31.75721931
v 1.36557806 -0.74841100 31.76638031
v -1.42941105 -0.77564508 31.75721931
v 1.36847496 -1.39003503 31.50889015
v -1.43222201 -1.36859500 31.51897049
v 1.36847496 -1.39003503 31.50889015
v -1.43222201 -1.36859500 31.51897049
v 1.37230206 -1.99909103 31.17848969
v 1.37230206 -1.99909103 31.17848969
v -1.43222201 -1.36859500 31.51897049
v -1.43566406 -1.93586695 31.21718025
v 1.37230206 -1.99909103 31.17848969
v -1.43566406 -1.93586695 31.21718025
v 1.37406600 -2.23539400 31.02416039
v 1.37406600 -2.23539400 31.02416039
v -1.43566406 -1.93586695 31.21718025
v -1.43777597 -2.23542690 31.02424049
v 1.37406600 -2.23539400 31.02416039
v -1.43777597 -2.23542690 31.02424049
v 1.37483001 -2.33243799 30.95606995
v 1.37483001 -2.33243799 30.95606995
v -1.43777597 -2.23542690 31.02424049
v -1.43957305 -2.46890211 30.85548019
v 1.37483001 -2.33243799 30.95606995
v -1.43957305 -2.46890211 30.85548019
v 1.37674499 -2.56441307 30.78123093
v 1.37674499 -2.56441307 30.78123093
v -5.87822485 -1.99850702 28.14517975
v -5.56924009 -2.36652398 28.27635002
v -5.50908709 -2.11959004 28.72500038
v -5.04293680 -1.71309495 29.74254990
v -5.40367317 -1.45719302 29.50749969
v -5.45355988 -1.81480503 29.13776970
v -2.59311104 -4.40677404 27.98101044
v -2.31533408 -4.46618891 27.96283913
v -2.21919394 -4.18588400 28.68231010
v -1.46142101 -4.14827394 28.87211037
v -1.45499301 -3.81583309 29.42878914
v -2.12822509 -3.81183100 29.36057091
v -1.43957305 -2.46890211 30.85548019
v -1.43777597 -2.23542690 31.02424049
v -1.90323102 -2.19500995 31.02783966
v -1.43566406 -1.93586695 31.21718025
v -1.43222201 -1.36859500 31.51897049
v -1.84897304 -1.52111900 31.42778015
v -5.29566383 -0.08824235 30.30964088
v -5.29688311 -0.13104931 30.29548073
v -4.92574310 -0.25742120 30.60717010
v -6.79359102 -0.08824235 27.39323997
v -6.83377600 -0.08824199 27.18408012
v -6.78654480 -0.30489960 27.24604034
v -6.45019007 -0.08824235 28.53809929
v -6.66279316 -0.08824235 27.92501068
v -6.47419405 -0.29778311 28.36717033
v -6.47419405 -0.29778311 28.36717033
v -6.66279316 -0.08824235 27.92501068
v -6.68312597 -0.08824235 27.85304070
v -6.47419405 -0.29778311 28.36717033
v -6.68312597 -0.08824235 27.85304070
v -6.50206900 -0.49727991 28.16032982
v -6.50206900 -0.49727991 28.16032982
v -6.68312597 -0.08824235 27.85304070
v -6.74353504 -0.08824235 27.61833954
v -6.50206900 -0.49727991 28.16032982
v -6.74353504 -0.08824235 27.61833954
v -6.53311205 -0.66736639 27.92934990
v -6.53311205 -0.66736639 27.92934990
v -6.74353504 -0.08824235 27.61833954
v -6.79359102 -0.08824235 27.39323997
v -6.53311205 -0.66736639 27.92934990
v -6.79359102 -0.08824235 27.39323997
v -6.56675720 -0.80521101 27.67819023
v -6.56675720 -0.80521101 27.67819023
v -6.79359102 -0.08824235 27.39323997
v -6.78654480 -0.30489960 27.24604034
v -5.32452679 -0.60793388 30.09194946
v -5.36916304 -0.08824235 30.23261070
v -5.65894890 -0.42321670 29.77232933
v -5.65894890 -0.42321670 29.77232933
v -5.36916304 -0.08824235 30.23261070
v -5.78700304 -0.08824235 29.72794914
v -5.65894890 -0.42321670 29.77232933
v -5.78700304 -0.08824235 29.72794914
v -5.95602703 -0.22926719 29.42947960
v -5.29566383 -0.08824235 30.30964088
v -4.92574310 -0.25742120 30.60717010
v -4.89472389 -0.08824235 30.68247032
v -4.89472389 -0.08824235 30.68247032
v -4.92574310 -0.25742120 30.60717010
v -4.52504492 -0.37354341 30.88557053
v -4.89472389 -0.08824235 30.68247032
v -4.52504492 -0.37354341 30.88557053
v -4.37096691 -0.08824235 31.07191086
v -4.37096691 -0.08824235 31.07191086
v -4.52504492 -0.37354341 30.88557053
v -4.09982586 -0.47799599 31.12729073
v -4.37096691 -0.08824235 31.07191086
v -4.09982586 -0.47799599 31.12729073
v -3.80943608 -0.08824235 31.39170074
v -3.80943608 -0.08824235 31.39170074
v -4.09982586 -0.47799599 31.12729073
v -3.65567207 -0.56966162 31.32991028
v -3.80943608 -0.08824235 31.39170074
v -3.65567207 -0.56966162 31.32991028
v -3.20925093 -0.08824235 31.64353943
v -3.20925093 -0.08824235 31.64353943
v -3.65567207 -0.56966162 31.32991028
v -2.73419905 -0.71188360 31.61309052
v -3.20925093 -0.08824235 31.64353943
v -2.73419905 -0.71188360 31.61309052
v -2.71018505 -0.08824235 31.79248047
v -2.71018505 -0.08824235 31.79248047
v -2.73419905 -0.71188360 31.61309052
v -2.58406901 -0.08824235 31.82191086
v -2.58406901 -0.08824235 31.82191086
v -2.73419905 -0.71188360 31.61309052
v -1.80712402 -0.79822922 31.73568916
v -1.94677496 -0.08824235 31.92226982
v -1.94677496 -0.08824235 31.92226982
v -1.80712402 -0.79822922 31.73568916
v -1.42941105 -0.77564508 31.75721931
v -1.94677496 -0.08824235 31.92226982
v -1.42941105 -0.77564508 31.75721931
v -1.42734206 -0.08824336 31.94696045
v -1.43957305 -2.46890211 30.85548019
v -1.90323102 -2.19500995 31.02783966
v -1.44408703 -2.98217797 30.41772079
v -1.44881105 -3.40017605 29.97590065
v -1.44832003 -3.36145806 30.02076912
v -2.04423308 -3.35008502 29.98465919
v -2.04423308 -3.35008502 29.98465919
v -1.44832003 -3.36145806 30.02076912
v -1.96875596 -2.80822611 30.54376984
v -2.04423308 -3.35008502 29.98465919
v -1.96875596 -2.80822611 30.54376984
v -2.88875890 -2.63337708 30.47323990
v -1.46429002 -4.27235985 28.62232018
v -2.21919394 -4.18588400 28.68231010
v -1.46858203 -4.43204689 28.24872971
v -1.46858203 -4.43204689 28.24872971
v -2.21919394 -4.18588400 28.68231010
v -2.31533408 -4.46618891 27.96283913
v -1.46858203 -4.43204689 28.24872971
v -2.31533408 -4.46618891 27.96283913
v -1.47282696 -4.56115818 27.88088989
v -1.45499301 -3.81583309 29.42878914
v -1.44881105 -3.40017605 29.97590065
v -2.12822509 -3.81183100 29.36057091
v -2.12822509 -3.81183100 29.36057091
v -1.44881105 -3.40017605 29.97590065
v -2.04423308 -3.35008502 29.98465919
v -2.12822509 -3.81183100 29.36057091
v -2.04423308 -3.35008502 29.98465919
v -2.96093798 -3.15139103 29.93855095
v -2.96093798 -3.15139103 29.93855095
v -2.96093798 -3.15139103 29.93855095
v -2.88875890 -2.63337708 30.47323990
v -3.79855204 -2.34537911 30.27609062
v -1.46429002 -4.27235985 28.62232018
v -1.46142101 -4.14827394 28.87211037
v -2.21919394 -4.18588400 28.68231010
v -2.21919394 -4.18588400 28.68231010
v -1.46142101 -4.14827394 28.87211037
v -2.12822509 -3.81183100 29.36057091
v -2.21919394 -4.18588400 28.68231010
v -2.12822509 -3.81183100 29.36057091
v -3.04126000 -3.59282398 29.34169006
v -3.04126000 -3.59282398 29.34169006
v -3.04126000 -3.59282398 29.34169006
v -2.96093798 -3.15139103 29.93855095
v -3.86528111 -2.82411695 29.78173065
v -3.86528111 -2.82411695 29.78173065
v -3.86528111 -2.82411695 29.78173065
v -3.79855204 -2.34537911 30.27609062
v -4.29838085 -2.61317992 29.66065979
v -4.23516989 -2.15975690 30.12899017
v -4.29838085 -2.61317992 29.66065979
v -4.23516989 -2.15975690 30.12899017
v -4.71099806 -2.37281895 29.51189041
v -4.65179491 -1.94824100 29.95055962
v -4.71099806 -2.37281895 29.51189041
v -4.65179491 -1.94824100 29.95055962
v -5.09767914 -2.10560489 29.33688927
v -3.41792297 -4.14251280 28.00731087
v -3.22020006 -4.21840286 28.00495911
v -3.12825704 -3.95042396 28.69302940
v -3.12825704 -3.95042396 28.69302940
v -3.22020006 -4.21840286 28.00495911
v -2.59311104 -4.40677404 27.98101044
v -5.82431793 -1.77728701 28.54730034
v -5.45355988 -1.81480503 29.13776970
v -5.77455997 -1.50425100 28.91724014
v -5.77455997 -1.50425100 28.91724014
v -5.45355988 -1.81480503 29.13776970
v -5.40367317 -1.45719302 29.50749969
v -5.72985983 -1.18390906 29.24859047
v -2.59311104 -4.40677404 27.98101044
v -2.21919394 -4.18588400 28.68231010
v -3.12825704 -3.95042396 28.69302940
v -3.12825704 -3.95042396 28.69302940
v -3.12825704 -3.95042396 28.69302940
v -3.04126000 -3.59282398 29.34169006
v -3.93954110 -3.23209000 29.22987938
v -3.93954110 -3.23209000 29.22987938
v -3.04126000 -3.59282398 29.34169006
v -3.86528111 -2.82411695 29.78173065
v -3.93954110 -3.23209000 29.22987938
v -3.86528111 -2.82411695 29.78173065
v -4.36872911 -2.99958897 29.13784981
v -4.29838085 -2.61317992 29.66065979
v -4.36872911 -2.99958897 29.13784981
v -4.29838085 -2.61317992 29.66065979
v -4.77688503 -2.73465395 29.02219963
v -4.71099806 -2.37281895 29.51189041
v -4.77688503 -2.73465395 29.02219963
v -4.71099806 -2.37281895 29.51189041
v -5.15860701 -2.44012094 28.88402939
v -5.09767914 -2.10560489 29.33688927
v -5.15860701 -2.44012094 28.88402939
v -5.09767914 -2.10560489 29.33688927
v -5.50908709 -2.11959004 28.72500038
v -6.14858818 -1.61209702 28.00027084
v -5.82431793 -1.77728701 28.54730034
v -6.10124111 -1.41787505 28.35351944
v -6.10124111 -1.41787505 28.35351944
v -5.82431793 -1.77728701 28.54730034
v -5.77455997 -1.50425100 28.91724014
v -6.05754185 -1.17817605 28.67847061
v -6.05754185 -1.17817605 28.67847061
v -5.77455997 -1.50425100 28.91724014
v -5.72985983 -1.18390906 29.24859047
v -6.01828814 -0.89696598 28.96950912
v -5.50908709 -2.11959004 28.72500038
v -5.56924009 -2.36652398 28.27635002
v -5.15860701 -2.44012094 28.88402939
v -5.22460604 -2.71113205 28.39180946
v -5.15860701 -2.44012094 28.88402939
v -5.22460604 -2.71113205 28.39180946
v -4.77688503 -2.73465395 29.02219963
v -4.84825516 -3.02779102 28.48996925
v -4.77688503 -2.73465395 29.02219963
v -4.84825516 -3.02779102 28.48996925
v -4.36872911 -2.99958897 29.13784981
v -4.44492722 -3.31262708 28.56965065
v -4.36872911 -2.99958897 29.13784981
v -4.44492722 -3.31262708 28.56965065
v -3.93954110 -3.23209000 29.22987938
v -4.01997423 -3.56259394 28.63011932
v -4.01997423 -3.56259394 28.63011932
v -3.12825704 -3.95042396 28.69302940
v -4.01997423 -3.56259394 28.63011932
v -3.59723496 -4.06639290 28.00715065
v -3.12825704 -3.95042396 28.69302940
v -3.59723496 -4.06639290 28.00715065
v -3.41792297 -4.14251280 28.00731087
v -6.05267191 -1.99259996 27.68008995
v -5.93520784 -2.16430807 27.71857071
v -5.87822485 -1.99850702 28.14517975
v -5.87822485 -1.99850702 28.14517975
v -5.93520784 -2.16430807 27.71857071
v -5.77245808 -2.38144588 27.76534081
v -5.87822485 -1.99850702 28.14517975
v -5.77245808 -2.38144588 27.76534081
v -5.56924009 -2.36652398 28.27635002
v -5.56924009 -2.36652398 28.27635002
v -5.77245808 -2.38144588 27.76534081
v -5.45461607 -2.75047112 27.83934975
v -5.56924009 -2.36652398 28.27635002
v -5.45461607 -2.75047112 27.83934975
v -5.22460604 -2.71113205 28.39180946
v -5.22460604 -2.71113205 28.39180946
v -5.45461607 -2.75047112 27.83934975
v -5.29518795 -2.91342807 27.86949921
v -5.22460604 -2.71113205 28.39180946
v -5.29518795 -2.91342807 27.86949921
v -4.84825516 -3.02779102 28.48996925
v -4.84825516 -3.02779102 28.48996925
v -5.29518795 -2.91342807 27.86949921
v -4.60576010 -3.49104404 27.95985985
v -4.84825516 -3.02779102 28.48996925
v -4.60576010 -3.49104404 27.95985985
v -4.44492722 -3.31262708 28.56965065
v -4.44492722 -3.31262708 28.56965065
v -4.60576010 -3.49104404 27.95985985
v -4.31629896 -3.68434095 27.98229980
v -4.44492722 -3.31262708 28.56965065
v -4.31629896 -3.68434095 27.98229980
v -4.01997423 -3.56259394 28.63011932
v -4.01997423 -3.56259394 28.63011932
v -4.31629896 -3.68434095 27.98229980
v -4.10498190 -3.81027007 27.99390030
v -4.01997423 -3.56259394 28.63011932
v -4.10498190 -3.81027007 27.99390030
v -3.59723496 -4.06639290 28.00715065
v -6.45019007 -0.08824235 28.53809929
v -6.47419405 -0.29778311 28.36717033
v -6.01828814 -0.89696598 28.96950912
v -6.01828814 -0.89696598 28.96950912
v -6.47419405 -0.29778311 28.36717033
v -6.50206900 -0.49727991 28.16032982
v -6.05754185 -1.17817605 28.67847061
v -6.05754185 -1.17817605 28.67847061
v -6.50206900 -0.49727991 28.16032982
v -6.53311205 -0.66736639 27.92934990
v -6.10124111 -1.41787505 28.35351944
v -6.10124111 -1.41787505 28.35351944
v -6.53311205 -0.66736639 27.92934990
v -6.56675720 -0.80521101 27.67819023
v -6.14858818 -1.61209702 28.00027084
v -6.78654480 -0.30489960 27.24604034
v -6.60261202 -0.90779972 27.41147995
v -6.56675720 -0.80521101 27.67819023
v -6.56675720 -0.80521101 27.67819023
v -6.60261202 -0.90779972 27.41147995
v -6.49785185 -1.16838801 27.47963905
v -6.49785185 -1.16838801 27.47963905
v -6.14858818 -1.61209702 28.00027084
v -6.49785185 -1.16838801 27.47963905
v -6.19819784 -1.75842404 27.62565994
v -6.14858818 -1.61209702 28.00027084
v -6.19819784 -1.75842404 27.62565994
v -6.13074923 -1.87023199 27.65192032
v -6.13074923 -1.87023199 27.65192032
v -6.05267191 -1.99259996 27.68008995
v -6.14858818 -1.61209702 28.00027084
v -6.14858818 -1.61209702 28.00027084
v -6.05267191 -1.99259996 27.68008995
v -5.87822485 -1.99850702 28.14517975
v -5.87822485 -1.99850702 28.14517975
v -5.82431793 -1.77728701 28.54730034
v -5.50908709 -2.11959004 28.72500038
v -5.45355988 -1.81480503 29.13776970
v -5.09767914 -2.10560489 29.33688927
v -5.04293680 -1.71309495 29.74254990
v -5.95602703 -0.22926719 29.42947960
v -5.98422384 -0.57881123 29.22142029
v -5.65894890 -0.42321670 29.77232933
v -5.69106483 -0.82145572 29.53540993
v -5.65894890 -0.42321670 29.77232933
v -5.69106483 -0.82145572 29.53540993
v -5.32452679 -0.60793388 30.09194946
v -5.36037397 -1.05254996 29.82756042
v -5.32452679 -0.60793388 30.09194946
v -5.36037397 -1.05254996 29.82756042
v -4.95608091 -0.78090221 30.38382912
v -4.99542093 -1.26894605 30.09371948
v -4.95608091 -0.78090221 30.38382912
v -4.99542093 -1.26894605 30.09371948
v -4.55785799 -0.93984151 30.64403915
v -4.60040712 -1.46779001 30.33031082
v -4.55785799 -0.93984151 30.64403915
v -4.60040712 -1.46779001 30.33031082
v -4.13486481 -1.08280802 30.86941910
v -4.18029881 -1.64665103 30.53445053
v -4.13486481 -1.08280802 30.86941910
v -4.18029881 -1.64665103 30.53445053
v -3.69266295 -1.20827305 31.05768013
v -3.74062705 -1.80361700 30.70409012
v -3.69266295 -1.20827305 31.05768013
v -3.74062705 -1.80361700 30.70409012
v -2.77421498 -1.40293598 31.31863022
v -2.82610011 -2.04715395 30.93617058
v -2.77421498 -1.40293598 31.31863022
v -2.82610011 -2.04715395 30.93617058
v -1.84897304 -1.52111900 31.42778015
v -1.90323102 -2.19500995 31.02783966
v -1.84897304 -1.52111900 31.42778015
v -1.90323102 -2.19500995 31.02783966
v -1.43566406 -1.93586695 31.21718025
v -1.43566406 -1.93586695 31.21718025
v -1.90323102 -2.19500995 31.02783966
v -1.43777597 -2.23542690 31.02424049
v -5.29566383 -0.08824235 30.30964088
v -5.36916304 -0.08824235 30.23261070
v -5.29688311 -0.13104931 30.29548073
v -5.29688311 -0.13104931 30.29548073
v -5.36916304 -0.08824235 30.23261070
v -5.32452679 -0.60793388 30.09194946
v -5.29688311 -0.13104931 30.29548073
v -5.32452679 -0.60793388 30.09194946
v -4.92574310 -0.25742120 30.60717010
v -4.95608091 -0.78090221 30.38382912
v -4.92574310 -0.25742120 30.60717010
v -4.95608091 -0.78090221 30.38382912
v -4.52504492 -0.37354341 30.88557053
v -4.55785799 -0.93984151 30.64403915
v -4.52504492 -0.37354341 30.88557053
v -4.55785799 -0.93984151 30.64403915
v -4.09982586 -0.47799599 31.12729073
v -4.13486481 -1.08280802 30.86941910
v -4.09982586 -0.47799599 31.12729073
v -4.13486481 -1.08280802 30.86941910
v -3.65567207 -0.56966162 31.32991028
v -3.69266295 -1.20827305 31.05768013
v -3.65567207 -0.56966162 31.32991028
v -3.69266295 -1.20827305 31.05768013
v -2.73419905 -0.71188360 31.61309052
v -2.77421498 -1.40293598 31.31863022
v -2.73419905 -0.71188360 31.61309052
v -2.77421498 -1.40293598 31.31863022
v -1.80712402 -0.79822922 31.73568916
v -1.84897304 -1.52111900 31.42778015
v -1.80712402 -0.79822922 31.73568916
v -1.84897304 -1.52111900 31.42778015
v -1.42941105 -0.77564508 31.75721931
v -1.42941105 -0.77564508 31.75721931
v -1.84897304 -1.52111900 31.42778015
v -1.43222201 -1.36859500 31.51897049
v -5.78700304 -0.08824235 29.72794914
v -6.14871120 -0.08824235 29.16411018
v -5.95602703 -0.22926719 29.42947960
v -5.95602703 -0.22926719 29.42947960
v -6.14871120 -0.08824235 29.16411018
v -6.45019007 -0.08824235 28.53809929
v -5.95602703 -0.22926719 29.42947960
v -6.45019007 -0.08824235 28.53809929
v -5.98422384 -0.57881123 29.22142029
v -5.98422384 -0.57881123 29.22142029
v -5.98422384 -0.57881123 29.22142029
v -6.01828814 -0.89696598 28.96950912
v -5.69106483 -0.82145572 29.53540993
v -5.72985983 -1.18390906 29.24859047
v -5.69106483 -0.82145572 29.53540993
v -5.72985983 -1.18390906 29.24859047
v -5.36037397 -1.05254996 29.82756042
v -5.40367317 -1.45719302 29.50749969
v -5.36037397 -1.05254996 29.82756042
v -5.40367317 -1.45719302 29.50749969
v -4.99542093 -1.26894605 30.09371948
v -5.04293680 -1.71309495 29.74254990
v -4.99542093 -1.26894605 30.09371948
v -5.04293680 -1.71309495 29.74254990
v -4.60040712 -1.46779001 30.33031082
v -4.65179491 -1.94824100 29.95055962
v -4.60040712 -1.46779001 30.33031082
v -4.65179491 -1.94824100 29.95055962
v -4.18029881 -1.64665103 30.53445053
v -4.23516989 -2.15975690 30.12899017
v -4.18029881 -1.64665103 30.53445053
v -4.23516989 -2.15975690 30.12899017
v -3.74062705 -1.80361700 30.70409012
v -3.79855204 -2.34537911 30.27609062
v -3.74062705 -1.80361700 30.70409012
v -3.79855204 -2.34537911 30.27609062
v -2.82610011 -2.04715395 30.93617058
v -2.88875890 -2.63337708 30.47323990
v -2.82610011 -2.04715395 30.93617058
v -2.88875890 -2.63337708 30.47323990
v -1.90323102 -2.19500995 31.02783966
v -1.96875596 -2.80822611 30.54376984
v -1.90323102 -2.19500995 31.02783966
v -1.96875596 -2.80822611 30.54376984
v -1.44408703 -2.98217797 30.41772079
v -1.44408703 -2.98217797 30.41772079
v -1.96875596 -2.80822611 30.54376984
v -1.44832003 -3.36145806 30.02076912
v -3.41792297 -4.14251280 28.00731087
v -3.59723496 -4.06639290 28.00715065
v -4.09313679 -4.39257383 26.44602013
v -2.59020209 -6.93018198 16.81097031
v -2.53080106 -6.84148216 17.53087997
v -3.33633494 -6.88104200 16.79677010
v -8.58207703 -1.83723497 9.82977486
v -8.59731388 -1.83522999 9.57812881
v -8.55194759 -2.54007506 9.57812881
v -3.88771510 -7.27923012 9.57812881
v -3.08584690 -7.33774805 9.57812881
v -3.07239103 -7.33822393 9.81725502
v -3.88771510 -7.27923012 9.57812881
v -3.73251009 -7.24481392 11.92506027
v -4.20870590 -7.22232103 9.57812881
v -4.20870590 -7.22232103 9.57812881
v -3.73251009 -7.24481392 11.92506027
v -4.62372017 -7.03658295 11.98062992
v -4.20870590 -7.22232103 9.57812881
v -4.62372017 -7.03658295 11.98062992
v -4.78226280 -7.07054520 9.57812881
v -7.66115904 -4.60958576 12.11130047
v -8.07712555 -3.74664807 12.11106014
v -7.82693195 -4.64072180 9.57812881
v -8.24261379 -3.77703810 9.57812881
v -8.43333817 -1.92716801 12.07390976
v -8.43495178 -1.80631995 12.06989002
v -8.45342255 -1.81454396 11.80517960
v -8.24261379 -3.77703810 9.57812881
v -8.07712555 -3.74664807 12.11106014
v -8.29087830 -3.64415908 9.57812881
v -8.29087830 -3.64415908 9.57812881
v -8.07712555 -3.74664807 12.11106014
v -8.33409500 -2.84258604 12.09821987
v -8.29087830 -3.64415908 9.57812881
v -8.33409500 -2.84258604 12.09821987
v -8.49851513 -2.87227106 9.57812881
v -8.49851513 -2.87227106 9.57812881
v -8.33409500 -2.84258604 12.09821987
v -8.43333817 -1.92716801 12.07390976
v -8.49851513 -2.87227106 9.57812881
v -8.43333817 -1.92716801 12.07390976
v -8.55194759 -2.54007506 9.57812881
v -8.55194759 -2.54007506 9.57812881
v -8.43333817 -1.92716801 12.07390976
v -8.45342255 -1.81454396 11.80517960
v -8.55194759 -2.54007506 9.57812881
v -8.45342255 -1.81454396 11.80517960
v -8.58207703 -1.83723497 9.82977486
v -7.93272114 -1.40498698 18.11020088
v -8.12883186 -1.54224706 15.97136021
v -8.20154285 -1.74601996 15.09803009
v -8.20154285 -1.74601996 15.09803009
v -8.12883186 -1.54224706 15.97136021
v -8.20374489 -1.62559795 15.08755970
v -8.20154285 -1.74601996 15.09803009
v -8.20374489 -1.62559795 15.08755970
v -8.30006599 -1.71651399 13.88980961
v -7.62802982 -0.90444273 21.10304070
v -7.73469591 -0.96608990 20.10943031
v -7.93272114 -1.40498698 18.11020088
v -7.93272114 -1.40498698 18.11020088
v -7.73469591 -0.96608990 20.10943031
v -7.94024611 -1.29204500 18.04530907
v -7.93272114 -1.40498698 18.11020088
v -7.94024611 -1.29204500 18.04530907
v -7.28916788 -0.24533249 24.06691933
v -7.51257420 -0.56446671 22.16165924
v -7.62802982 -0.90444273 21.10304070
v -7.62802982 -0.90444273 21.10304070
v -7.51257420 -0.56446671 22.16165924
v -7.63187122 -0.78591323 21.07984924
v -7.73469591 -0.96608990 20.10943031
v -6.97902298 -0.08824235 26.32165909
v -7.27487278 -0.08824235 24.19634056
v -7.28916788 -0.24533249 24.06691933
v -7.28916788 -0.24533249 24.06691933
v -7.27487278 -0.08824235 24.19634056
v -7.29404879 -0.12826040 24.03750038
v -7.51257420 -0.56446671 22.16165924
v -2.26327705 -4.97676802 26.38101959
v -1.71338403 -5.16882801 25.82398033
v -1.47282696 -4.56115818 27.88088989
v -3.88771510 -7.27923012 9.57812881
v -3.07239103 -7.33822393 9.81725502
v -3.73251009 -7.24481392 11.92506027
v -3.73251009 -7.24481392 11.92506027
v -3.07239103 -7.33822393 9.81725502
v -2.99360204 -7.32342911 11.15198040
v -3.73251009 -7.24481392 11.92506027
v -2.99360204 -7.32342911 11.15198040
v -2.85483003 -7.23825598 13.28361988
v -5.45461607 -2.75047112 27.83934975
v -5.77245808 -2.38144588 27.76534081
v -5.97600698 -2.83166695 26.23901939
v -5.77245808 -2.38144588 27.76534081
v -5.93520784 -2.16430807 27.71857071
v -5.97600698 -2.83166695 26.23901939
v -5.97600698 -2.83166695 26.23901939
v -5.93520784 -2.16430807 27.71857071
v -6.25439119 -2.43971801 26.16242027
v -5.97600698 -2.83166695 26.23901939
v -6.25439119 -2.43971801 26.16242027
v -6.44789124 -2.84645104 24.63212967
v -3.22020006 -4.21840286 28.00495911
v -3.41792297 -4.14251280 28.00731087
v -3.62891102 -4.60678911 26.44836998
v -3.62891102 -4.60678911 26.44836998
v -3.41792297 -4.14251280 28.00731087
v -4.09313679 -4.39257383 26.44602013
v -3.62891102 -4.60678911 26.44836998
v -4.09313679 -4.39257383 26.44602013
v -4.29467487 -4.81339884 24.87681961
v -4.29467487 -4.81339884 24.87681961
v -4.09313679 -4.39257383 26.44602013
v -4.72621298 -4.56399822 24.86487961
v -4.29467487 -4.81339884 24.87681961
v -4.72621298 -4.56399822 24.86487961
v -4.91781712 -4.94101286 23.28819084
v -4.91781712 -4.94101286 23.28819084
v -4.72621298 -4.56399822 24.86487961
v -5.32812405 -4.65054798 23.26897049
v -4.91781712 -4.94101286 23.28819084
v -5.32812405 -4.65054798 23.26897049
v -5.50945282 -4.98368502 21.68668938
v -5.50945282 -4.98368502 21.68668938
v -5.32812405 -4.65054798 23.26897049
v -5.88204002 -4.66464901 21.66337967
v -5.50945282 -4.98368502 21.68668938
v -5.88204002 -4.66464901 21.66337967
v -6.05243921 -4.95331287 20.08093071
v -6.05243921 -4.95331287 20.08093071
v -5.88204002 -4.66464901 21.66337967
v -6.39446592 -4.60134792 20.05549049
v -6.05243921 -4.95331287 20.08093071
v -6.39446592 -4.60134792 20.05549049
v -6.55406523 -4.84630203 18.47192001
v -6.55406523 -4.84630203 18.47192001
v -6.39446592 -4.60134792 20.05549049
v -6.86168909 -4.46531200 18.44668007
v -6.55406523 -4.84630203 18.47192001
v -6.86168909 -4.46531200 18.44668007
v -7.01002407 -4.66632986 16.86787987
v -7.01002407 -4.66632986 16.86787987
v -6.86168909 -4.46531200 18.44668007
v -7.27967405 -4.26166201 16.84505081
v -7.01002407 -4.66632986 16.86787987
v -7.27967405 -4.26166201 16.84505081
v -7.41703701 -4.41962290 15.26957035
v -1.47282696 -4.56115818 27.88088989
v -2.31533408 -4.46618891 27.96283913
v -2.26327705 -4.97676802 26.38101959
v -2.26327705 -4.97676802 26.38101959
v -2.31533408 -4.46618891 27.96283913
v -2.59311104 -4.40677404 27.98101044
v -2.26327705 -4.97676802 26.38101959
v -2.59311104 -4.40677404 27.98101044
v -3.15624499 -4.77629614 26.43688965
v -2.70041299 -7.07745409 15.41170025
v -3.47931004 -7.04619122 15.17551994
v -3.61134791 -7.16740417 13.55212975
v -3.61134791 -7.16740417 13.55212975
v -3.47931004 -7.04619122 15.17551994
v -4.37068081 -6.83864403 15.23106003
v -4.50262213 -6.95944023 13.60766983
v -4.50262213 -6.95944023 13.60766983
v -4.37068081 -6.83864403 15.23106003
v -4.97243118 -6.78359795 13.63288975
v -4.50262213 -6.95944023 13.60766983
v -4.97243118 -6.78359795 13.63288975
v -5.09334612 -6.86051702 12.00763988
v -5.09334612 -6.86051702 12.00763988
v -4.97243118 -6.78359795 13.63288975
v -5.55299711 -6.63801193 12.03236008
v -5.09334612 -6.86051702 12.00763988
v -5.55299711 -6.63801193 12.03236008
v -5.28893995 -6.87893295 9.57812881
v -5.28893995 -6.87893295 9.57812881
v -5.55299711 -6.63801193 12.03236008
v -5.71460485 -6.67146111 9.57812881
v -5.28893995 -6.87893295 9.57812881
v -4.78226280 -7.07054520 9.57812881
v -5.09334612 -6.86051702 12.00763988
v -5.09334612 -6.86051702 12.00763988
v -4.78226280 -7.07054520 9.57812881
v -4.62372017 -7.03658295 11.98062992
v -4.62372017 -7.03658295 11.98062992
v -4.50262213 -6.95944023 13.60766983
v -4.62372017 -7.03658295 11.98062992
v -3.73251009 -7.24481392 11.92506027
v -3.61134791 -7.16740417 13.55212975
v -3.61134791 -7.16740417 13.55212975
v -3.73251009 -7.24481392 11.92506027
v -2.85483003 -7.23825598 13.28361988
v -2.85483003 -7.23825598 13.28361988
v -6.54848480 -6.11579084 9.57812881
v -6.27481508 -6.32288504 9.57812881
v -6.38476181 -6.08319521 12.07190037
v -6.38476181 -6.08319521 12.07190037
v -6.27481508 -6.32288504 9.57812881
v -5.97957516 -6.38081598 12.05358028
v -6.38476181 -6.08319521 12.07190037
v -5.97957516 -6.38081598 12.05358028
v -5.85934401 -6.30451298 13.67148972
v -5.85934401 -6.30451298 13.67148972
v -5.97957516 -6.38081598 12.05358028
v -5.43237686 -6.56137991 13.65452003
v -5.85934401 -6.30451298 13.67148972
v -5.43237686 -6.56137991 13.65452003
v -5.30101109 -6.44138288 15.27303028
v -5.30101109 -6.44138288 15.27303028
v -5.43237686 -6.56137991 13.65452003
v -4.84071493 -6.66315603 15.25450039
v -5.30101109 -6.44138288 15.27303028
v -4.84071493 -6.66315603 15.25450039
v -4.69813585 -6.49905586 16.87397957
v -4.69813585 -6.49905586 16.87397957
v -4.84071493 -6.66315603 15.25450039
v -4.22783899 -6.67406416 16.85231018
v -4.69813585 -6.49905586 16.87397957
v -4.22783899 -6.67406416 16.85231018
v -4.07453585 -6.46609402 18.46742058
v -4.07453585 -6.46609402 18.46742058
v -4.22783899 -6.67406416 16.85231018
v -3.33633494 -6.88104200 16.79677010
v -4.07453585 -6.46609402 18.46742058
v -3.33633494 -6.88104200 16.79677010
v -3.18286800 -6.67235613 18.41185951
v -3.18286800 -6.67235613 18.41185951
v -3.18286800 -6.67235613 18.41185951
v -2.53080106 -6.84148216 17.53087997
v -2.34762192 -6.53327894 19.62373924
v -6.27481508 -6.32288504 9.57812881
v -5.71460485 -6.67146111 9.57812881
v -5.97957516 -6.38081598 12.05358028
v -5.97957516 -6.38081598 12.05358028
v -5.71460485 -6.67146111 9.57812881
v -5.55299711 -6.63801193 12.03236008
v -5.55299711 -6.63801193 12.03236008
v -5.43237686 -6.56137991 13.65452003
v -4.97243118 -6.78359795 13.63288975
v -4.84071493 -6.66315603 15.25450039
v -4.37068081 -6.83864403 15.23106003
v -4.22783899 -6.67406416 16.85231018
v -4.37068081 -6.83864403 15.23106003
v -3.47931004 -7.04619122 15.17551994
v -3.33633494 -6.88104200 16.79677010
v -3.33633494 -6.88104200 16.79677010
v -3.47931004 -7.04619122 15.17551994
v -2.70041299 -7.07745409 15.41170025
v -2.59020209 -6.93018198 16.81097031
v -4.10498190 -3.81027007 27.99390030
v -4.31629896 -3.68434095 27.98229980
v -4.52557516 -4.14495897 26.43012047
v -4.52557516 -4.14495897 26.43012047
v -4.31629896 -3.68434095 27.98229980
v -4.93802786 -3.85842609 26.40057945
v -4.52557516 -4.14495897 26.43012047
v -4.93802786 -3.85842609 26.40057945
v -5.13755798 -4.27539682 24.84046936
v -5.13755798 -4.27539682 24.84046936
v -4.93802786 -3.85842609 26.40057945
v -5.51243877 -3.96020699 24.80485916
v -5.13755798 -4.27539682 24.84046936
v -5.51243877 -3.96020699 24.80485916
v -5.70181704 -4.33332300 23.23947906
v -5.70181704 -4.33332300 23.23947906
v -5.51243877 -3.96020699 24.80485916
v -6.04626703 -3.98508000 23.19957924
v -5.70181704 -4.33332300 23.23947906
v -6.04626703 -3.98508000 23.19957924
v -6.22523022 -4.31441784 21.63068962
v -6.22523022 -4.31441784 21.63068962
v -6.04626703 -3.98508000 23.19957924
v -6.53533220 -3.93689704 21.58898926
v -6.22523022 -4.31441784 21.63068962
v -6.53533220 -3.93689704 21.58898926
v -6.70327616 -4.22195721 20.02198029
v -6.70327616 -4.22195721 20.02198029
v -6.53533220 -3.93689704 21.58898926
v -6.97538280 -3.82038212 19.98093987
v -6.70327616 -4.22195721 20.02198029
v -6.97538280 -3.82038212 19.98093987
v -7.13250685 -4.06204414 18.41472054
v -7.13250685 -4.06204414 18.41472054
v -6.97538280 -3.82038212 19.98093987
v -7.40284491 -2.96919107 19.87875938
v -7.13250685 -4.06204414 18.41472054
v -7.40284491 -2.96919107 19.87875938
v -7.55714703 -3.20726395 18.33271980
v -7.25555801 -5.43331289 9.57812881
v -7.12938023 -5.57405806 9.57812881
v -7.09028196 -5.40132999 12.09821033
v -7.09028196 -5.40132999 12.09821033
v -7.12938023 -5.57405806 9.57812881
v -6.75256491 -5.75815296 12.08666039
v -7.09028196 -5.40132999 12.09821033
v -6.75256491 -5.75815296 12.08666039
v -6.63339281 -5.68264818 13.69268036
v -6.63339281 -5.68264818 13.69268036
v -6.75256491 -5.75815296 12.08666039
v -6.26502085 -6.00727320 13.68435001
v -6.63339281 -5.68264818 13.69268036
v -6.26502085 -6.00727320 13.68435001
v -6.13468313 -5.88838911 15.29321957
v -6.13468313 -5.88838911 15.29321957
v -6.26502085 -6.00727320 13.68435001
v -5.72843409 -6.18503189 15.28579044
v -6.13468313 -5.88838911 15.29321957
v -5.72843409 -6.18503189 15.28579044
v -5.58678484 -6.02224016 16.89801025
v -5.58678484 -6.02224016 16.89801025
v -5.72843409 -6.18503189 15.28579044
v -5.15883684 -6.27788877 16.88945007
v -5.58678484 -6.02224016 16.89801025
v -5.15883684 -6.27788877 16.88945007
v -5.00629520 -6.07129192 18.49976921
v -5.00629520 -6.07129192 18.49976921
v -5.15883684 -6.27788877 16.88945007
v -4.54513502 -6.29169321 18.48734093
v -5.00629520 -6.07129192 18.49976921
v -4.54513502 -6.29169321 18.48734093
v -4.38155413 -6.04066992 20.09701920
v -4.38155413 -6.04066992 20.09701920
v -4.54513502 -6.29169321 18.48734093
v -3.91061401 -6.21434116 20.07883072
v -4.38155413 -6.04066992 20.09701920
v -3.91061401 -6.21434116 20.07883072
v -3.73664403 -5.91945982 21.68161011
v -3.73664403 -5.91945982 21.68161011
v -3.91061401 -6.21434116 20.07883072
v -3.01874804 -6.41973591 20.02323914
v -2.84454799 -6.12384319 21.62597084
v -2.84454799 -6.12384319 21.62597084
v -3.01874804 -6.41973591 20.02323914
v -2.15004992 -6.15181923 21.70368004
v -2.84454799 -6.12384319 21.62597084
v -2.15004992 -6.15181923 21.70368004
v -1.93842196 -5.69686699 23.77141953
v -7.12938023 -5.57405806 9.57812881
v -6.54848480 -6.11579084 9.57812881
v -6.75256491 -5.75815296 12.08666039
v -6.75256491 -5.75815296 12.08666039
v -6.54848480 -6.11579084 9.57812881
v -6.38476181 -6.08319521 12.07190037
v -6.38476181 -6.08319521 12.07190037
v -6.26502085 -6.00727320 13.68435001
v -5.85934401 -6.30451298 13.67148972
v -5.72843409 -6.18503189 15.28579044
v -5.30101109 -6.44138288 15.27303028
v -5.15883684 -6.27788877 16.88945007
v -4.69813585 -6.49905586 16.87397957
v -4.54513502 -6.29169321 18.48734093
v -4.54513502 -6.29169321 18.48734093
v -4.07453585 -6.46609402 18.46742058
v -3.91061401 -6.21434116 20.07883072
v -3.91061401 -6.21434116 20.07883072
v -4.07453585 -6.46609402 18.46742058
v -3.18286800 -6.67235613 18.41185951
v -3.01874804 -6.41973591 20.02323914
v -3.01874804 -6.41973591 20.02323914
v -3.18286800 -6.67235613 18.41185951
v -2.34762192 -6.53327894 19.62373924
v -2.34762192 -6.53327894 19.62373924
v -8.20154285 -1.74601996 15.09803009
v -8.09793663 -2.65843105 15.17018032
v -7.93272114 -1.40498698 18.11020088
v -7.93272114 -1.40498698 18.11020088
v -8.09793663 -2.65843105 15.17018032
v -7.82357216 -2.31175089 18.22977066
v -7.93272114 -1.40498698 18.11020088
v -7.82357216 -2.31175089 18.22977066
v -7.62802982 -0.90444273 21.10304070
v -7.62802982 -0.90444273 21.10304070
v -7.82357216 -2.31175089 18.22977066
v -7.51219893 -1.80294895 21.26947975
v -7.62802982 -0.90444273 21.10304070
v -7.51219893 -1.80294895 21.26947975
v -7.28916788 -0.24533249 24.06691933
v -7.16556883 -1.13300705 24.27949905
v -7.28916788 -0.24533249 24.06691933
v -7.16556883 -1.13300705 24.27949905
v -6.97902298 -0.08824235 26.32165909
v -6.97902298 -0.08824235 26.32165909
v -7.16556883 -1.13300705 24.27949905
v -6.83377600 -0.08824199 27.18408012
v -4.60576010 -3.49104404 27.95985985
v -5.29518795 -2.91342807 27.86949921
v -5.31417513 -3.54549408 26.35890961
v -5.31417513 -3.54549408 26.35890961
v -5.29518795 -2.91342807 27.86949921
v -5.66141319 -3.20196509 26.30484962
v -5.31417513 -3.54549408 26.35890961
v -5.66141319 -3.20196509 26.30484962
v -5.85823917 -3.61419797 24.75785065
v -5.85823917 -3.61419797 24.75785065
v -5.66141319 -3.20196509 26.30484962
v -6.17123699 -3.24122906 24.69997025
v -5.85823917 -3.61419797 24.75785065
v -6.17123699 -3.24122906 24.69997025
v -6.35776711 -3.60970211 23.14975929
v -6.35776711 -3.60970211 23.14975929
v -6.17123699 -3.24122906 24.69997025
v -6.63279486 -3.21237493 23.09077072
v -6.35776711 -3.60970211 23.14975929
v -6.63279486 -3.21237493 23.09077072
v -6.80884218 -3.53730202 21.53894043
v -6.80884218 -3.53730202 21.53894043
v -6.63279486 -3.21237493 23.09077072
v -7.06664705 -2.37018704 22.94869995
v -7.23937511 -2.69030690 21.41674995
v -7.82693195 -4.64072180 9.57812881
v -7.81148100 -4.66658115 9.57812881
v -7.66115904 -4.60958576 12.11130047
v -7.66115904 -4.60958576 12.11130047
v -7.81148100 -4.66658115 9.57812881
v -7.39428711 -5.01670313 12.10645008
v -7.66115904 -4.60958576 12.11130047
v -7.39428711 -5.01670313 12.10645008
v -7.27650404 -4.94214916 13.69657040
v -7.27650404 -4.94214916 13.69657040
v -7.39428711 -5.01670313 12.10645008
v -6.97176600 -5.32628202 13.69676018
v -7.27650404 -4.94214916 13.69657040
v -6.97176600 -5.32628202 13.69676018
v -6.84285021 -5.20876503 15.29179001
v -6.84285021 -5.20876503 15.29179001
v -6.97176600 -5.32628202 13.69676018
v -6.50371695 -5.56441498 15.29514980
v -6.84285021 -5.20876503 15.29179001
v -6.50371695 -5.56441498 15.29514980
v -6.36347723 -5.40332079 16.89558983
v -6.36347723 -5.40332079 16.89558983
v -6.50371695 -5.56441498 15.29514980
v -5.99368906 -5.72640800 16.90003014
v -6.36347723 -5.40332079 16.89558983
v -5.99368906 -5.72640800 16.90003014
v -5.84247112 -5.52171993 18.50082016
v -5.84247112 -5.52171993 18.50082016
v -5.99368906 -5.72640800 16.90003014
v -5.43483305 -5.81652689 18.50415993
v -5.84247112 -5.52171993 18.50082016
v -5.43483305 -5.81652689 18.50415993
v -5.27241993 -5.56750107 20.10667992
v -5.27241993 -5.56750107 20.10667992
v -5.43483305 -5.81652689 18.50415993
v -4.84322596 -5.82119608 20.10643005
v -5.27241993 -5.56750107 20.10667992
v -4.84322596 -5.82119608 20.10643005
v -4.67019796 -5.52825308 21.70450974
v -4.67019796 -5.52825308 21.70450974
v -4.84322596 -5.82119608 20.10643005
v -4.20796204 -5.74664593 21.69808960
v -4.67019796 -5.52825308 21.70450974
v -4.20796204 -5.74664593 21.69808960
v -4.02426910 -5.40917778 23.29264069
v -4.02426910 -5.40917778 23.29264069
v -4.20796204 -5.74664593 21.69808960
v -3.55253601 -5.58101082 23.27784920
v -4.02426910 -5.40917778 23.29264069
v -3.55253601 -5.58101082 23.27784920
v -3.35897708 -5.19989014 24.86314964
v -3.35897708 -5.19989014 24.86314964
v -3.55253601 -5.58101082 23.27784920
v -2.66017890 -5.78423500 23.22216034
v -2.46632910 -5.40180922 24.80738068
v -1.71338403 -5.16882801 25.82398033
v -2.46632910 -5.40180922 24.80738068
v -1.93842196 -5.69686699 23.77141953
v -1.93842196 -5.69686699 23.77141953
v -2.46632910 -5.40180922 24.80738068
v -2.66017890 -5.78423500 23.22216034
v -1.93842196 -5.69686699 23.77141953
v -2.66017890 -5.78423500 23.22216034
v -2.84454799 -6.12384319 21.62597084
v -2.84454799 -6.12384319 21.62597084
v -2.66017890 -5.78423500 23.22216034
v -3.55253601 -5.58101082 23.27784920
v -3.73664403 -5.91945982 21.68161011
v -3.73664403 -5.91945982 21.68161011
v -4.20796204 -5.74664593 21.69808960
v -4.38155413 -6.04066992 20.09701920
v -4.84322596 -5.82119608 20.10643005
v -5.00629520 -6.07129192 18.49976921
v -5.43483305 -5.81652689 18.50415993
v -5.58678484 -6.02224016 16.89801025
v -5.99368906 -5.72640800 16.90003014
v -6.13468313 -5.88838911 15.29321957
v -6.50371695 -5.56441498 15.29514980
v -6.63339281 -5.68264818 13.69268036
v -6.97176600 -5.32628202 13.69676018
v -7.09028196 -5.40132999 12.09821033
v -7.09028196 -5.40132999 12.09821033
v -7.39428711 -5.01670313 12.10645008
v -7.25555801 -5.43331289 9.57812881
v -7.25555801 -5.43331289 9.57812881
v -7.39428711 -5.01670313 12.10645008
v -7.81148100 -4.66658115 9.57812881
v -6.88529587 -2.00966692 24.47039032
v -6.60261202 -0.90779972 27.41147995
v -7.16556883 -1.13300705 24.27949905
v -7.16556883 -1.13300705 24.27949905
v -6.60261202 -0.90779972 27.41147995
v -6.78654480 -0.30489960 27.24604034
v -7.16556883 -1.13300705 24.27949905
v -6.78654480 -0.30489960 27.24604034
v -6.83377600 -0.08824199 27.18408012
v -5.93520784 -2.16430807 27.71857071
v -6.05267191 -1.99259996 27.68008995
v -6.25439119 -2.43971801 26.16242027
v -6.25439119 -2.43971801 26.16242027
v -6.05267191 -1.99259996 27.68008995
v -6.13074923 -1.87023199 27.65192032
v -6.25439119 -2.43971801 26.16242027
v -6.13074923 -1.87023199 27.65192032
v -6.44789124 -2.84645104 24.63212967
v -6.44789124 -2.84645104 24.63212967
v -6.13074923 -1.87023199 27.65192032
v -6.19819784 -1.75842404 27.62565994
v -6.44789124 -2.84645104 24.63212967
v -6.19819784 -1.75842404 27.62565994
v -6.88529587 -2.00966692 24.47039032
v -6.88529587 -2.00966692 24.47039032
v -6.19819784 -1.75842404 27.62565994
v -6.49785185 -1.16838801 27.47963905
v -6.88529587 -2.00966692 24.47039032
v -6.49785185 -1.16838801 27.47963905
v -6.60261202 -0.90779972 27.41147995
v -5.29518795 -2.91342807 27.86949921
v -5.45461607 -2.75047112 27.83934975
v -5.66141319 -3.20196509 26.30484962
v -5.66141319 -3.20196509 26.30484962
v -5.45461607 -2.75047112 27.83934975
v -5.97600698 -2.83166695 26.23901939
v -5.97600698 -2.83166695 26.23901939
v -6.17123699 -3.24122906 24.69997025
v -6.44789124 -2.84645104 24.63212967
v -6.63279486 -3.21237493 23.09077072
v -6.44789124 -2.84645104 24.63212967
v -6.88529587 -2.00966692 24.47039032
v -6.63279486 -3.21237493 23.09077072
v -6.88529587 -2.00966692 24.47039032
v -7.06664705 -2.37018704 22.94869995
v -7.06664705 -2.37018704 22.94869995
v -6.88529587 -2.00966692 24.47039032
v -7.16556883 -1.13300705 24.27949905
v -7.06664705 -2.37018704 22.94869995
v -7.16556883 -1.13300705 24.27949905
v -7.23937511 -2.69030690 21.41674995
v -7.23937511 -2.69030690 21.41674995
v -7.16556883 -1.13300705 24.27949905
v -7.51219893 -1.80294895 21.26947975
v -4.31629896 -3.68434095 27.98229980
v -4.60576010 -3.49104404 27.95985985
v -4.93802786 -3.85842609 26.40057945
v -4.93802786 -3.85842609 26.40057945
v -4.60576010 -3.49104404 27.95985985
v -5.31417513 -3.54549408 26.35890961
v -5.31417513 -3.54549408 26.35890961
v -5.51243877 -3.96020699 24.80485916
v -5.85823917 -3.61419797 24.75785065
v -6.04626703 -3.98508000 23.19957924
v -6.35776711 -3.60970211 23.14975929
v -6.53533220 -3.93689704 21.58898926
v -6.80884218 -3.53730202 21.53894043
v -6.97538280 -3.82038212 19.98093987
v -6.80884218 -3.53730202 21.53894043
v -7.23937511 -2.69030690 21.41674995
v -7.40284491 -2.96919107 19.87875938
v -7.40284491 -2.96919107 19.87875938
v -7.23937511 -2.69030690 21.41674995
v -7.51219893 -1.80294895 21.26947975
v -7.40284491 -2.96919107 19.87875938
v -7.51219893 -1.80294895 21.26947975
v -7.55714703 -3.20726395 18.33271980
v -7.55714703 -3.20726395 18.33271980
v -7.51219893 -1.80294895 21.26947975
v -7.82357216 -2.31175089 18.22977066
v -7.55714703 -3.20726395 18.33271980
v -7.82357216 -2.31175089 18.22977066
v -7.83680916 -3.55952001 15.22826004
v -8.09793663 -2.65843105 15.17018032
v -3.59723496 -4.06639290 28.00715065
v -4.10498190 -3.81027007 27.99390030
v -4.09313679 -4.39257383 26.44602013
v -4.09313679 -4.39257383 26.44602013
v -4.10498190 -3.81027007 27.99390030
v -4.52557516 -4.14495897 26.43012047
v -4.09313679 -4.39257383 26.44602013
v -4.52557516 -4.14495897 26.43012047
v -4.72621298 -4.56399822 24.86487961
v -4.72621298 -4.56399822 24.86487961
v -5.13755798 -4.27539682 24.84046936
v -5.32812405 -4.65054798 23.26897049
v -5.70181704 -4.33332300 23.23947906
v -5.88204002 -4.66464901 21.66337967
v -6.22523022 -4.31441784 21.63068962
v -6.39446592 -4.60134792 20.05549049
v -6.70327616 -4.22195721 20.02198029
v -6.86168909 -4.46531200 18.44668007
v -7.13250685 -4.06204414 18.41472054
v -7.27967405 -4.26166201 16.84505081
v -7.13250685 -4.06204414 18.41472054
v -7.55714703 -3.20726395 18.33271980
v -7.27967405 -4.26166201 16.84505081
v -7.55714703 -3.20726395 18.33271980
v -7.41703701 -4.41962290 15.26957035
v -7.41703701 -4.41962290 15.26957035
v -7.55714703 -3.20726395 18.33271980
v -7.83680916 -3.55952001 15.22826004
v -2.59311104 -4.40677404 27.98101044
v -3.22020006 -4.21840286 28.00495911
v -3.15624499 -4.77629614 26.43688965
v -3.15624499 -4.77629614 26.43688965
v -3.22020006 -4.21840286 28.00495911
v -3.62891102 -4.60678911 26.44836998
v -3.15624499 -4.77629614 26.43688965
v -3.62891102 -4.60678911 26.44836998
v -3.83116007 -5.02916002 24.87627983
v -3.83116007 -5.02916002 24.87627983
v -3.62891102 -4.60678911 26.44836998
v -4.29467487 -4.81339884 24.87681961
v -3.83116007 -5.02916002 24.87627983
v -4.29467487 -4.81339884 24.87681961
v -4.48712111 -5.19202518 23.29610062
v -4.48712111 -5.19202518 23.29610062
v -4.48712111 -5.19202518 23.29610062
v -4.91781712 -4.94101286 23.28819084
v -5.10011196 -5.27580786 21.70066071
v -5.10011196 -5.27580786 21.70066071
v -5.10011196 -5.27580786 21.70066071
v -5.50945282 -4.98368502 21.68668938
v -5.68087101 -5.27393007 20.09799004
v -5.68087101 -5.27393007 20.09799004
v -5.68087101 -5.27393007 20.09799004
v -6.05243921 -4.95331287 20.08093071
v -6.21310282 -5.19975090 18.49003983
v -6.21310282 -5.19975090 18.49003983
v -6.21310282 -5.19975090 18.49003983
v -6.55406523 -4.84630203 18.47192001
v -6.70347404 -5.04864407 16.88483047
v -6.70347404 -5.04864407 16.88483047
v -6.70347404 -5.04864407 16.88483047
v -7.01002407 -4.66632986 16.86787987
v -7.14843702 -4.82540178 15.28320980
v -7.14843702 -4.82540178 15.28320980
v -7.01002407 -4.66632986 16.86787987
v -7.41703701 -4.41962290 15.26957035
v -7.14843702 -4.82540178 15.28320980
v -7.41703701 -4.41962290 15.26957035
v -7.54417801 -4.53555298 13.69215012
v -7.54417801 -4.53555298 13.69215012
v -7.41703701 -4.41962290 15.26957035
v -7.83680916 -3.55952001 15.22826004
v -1.71338403 -5.16882801 25.82398033
v -2.26327705 -4.97676802 26.38101959
v -2.46632910 -5.40180922 24.80738068
v -2.46632910 -5.40180922 24.80738068
v -2.26327705 -4.97676802 26.38101959
v -3.15624499 -4.77629614 26.43688965
v -2.46632910 -5.40180922 24.80738068
v -3.15624499 -4.77629614 26.43688965
v -3.35897708 -5.19989014 24.86314964
v -3.35897708 -5.19989014 24.86314964
v -3.83116007 -5.02916002 24.87627983
v -4.02426910 -5.40917778 23.29264069
v -3.83116007 -5.02916002 24.87627983
v -4.48712111 -5.19202518 23.29610062
v -4.48712111 -5.19202518 23.29610062
v -4.67019796 -5.52825308 21.70450974
v -5.10011196 -5.27580786 21.70066071
v -5.27241993 -5.56750107 20.10667992
v -5.68087101 -5.27393007 20.09799004
v -5.84247112 -5.52171993 18.50082016
v -6.21310282 -5.19975090 18.49003983
v -6.36347723 -5.40332079 16.89558983
v -6.70347404 -5.04864407 16.88483047
v -6.84285021 -5.20876503 15.29179001
v -7.14843702 -4.82540178 15.28320980
v -7.27650404 -4.94214916 13.69657040
v -7.54417801 -4.53555298 13.69215012
v -7.66115904 -4.60958576 12.11130047
v -7.54417801 -4.53555298 13.69215012
v -7.83680916 -3.55952001 15.22826004
v -7.66115904 -4.60958576 12.11130047
v -8.07712555 -3.74664807 12.11106014
v -8.07712555 -3.74664807 12.11106014
v -7.83680916 -3.55952001 15.22826004
v -8.09793663 -2.65843105 15.17018032
v -8.33409500 -2.84258604 12.09821987
v -8.33409500 -2.84258604 12.09821987
v -8.09793663 -2.65843105 15.17018032
v -8.20154285 -1.74601996 15.09803009
v -8.43333817 -1.92716801 12.07390976
v -8.43333817 -1.92716801 12.07390976
v -8.20154285 -1.74601996 15.09803009
v -8.30006599 -1.71651399 13.88980961
v -8.30006599 -1.71651399 13.88980961
v -7.63187122 -0.78591323 21.07984924
v -7.51257420 -0.56446671 22.16165924
v -7.68621683 -0.08824235 20.57162094
v -7.68621683 -0.08824235 20.57162094
v -7.51257420 -0.56446671 22.16165924
v -7.29404879 -0.12826040 24.03750038
v -7.68621683 -0.08824235 20.57162094
v -7.29404879 -0.12826040 24.03750038
v -7.27487278 -0.08824235 24.19634056
v -8.04290771 -0.08824235 16.94112015
v -7.94024611 -1.29204500 18.04530907
v -7.68621683 -0.08824235 20.57162094
v -7.73469591 -0.96608990 20.10943031
v -7.73469591 -0.96608990 20.10943031
v -8.43495178 -1.80631995 12.06989002
v -8.30006599 -1.71651399 13.88980961
v -8.34817982 -0.08824235 13.26173973
v -8.34817982 -0.08824235 13.26173973
v -8.30006599 -1.71651399 13.88980961
v -8.20374489 -1.62559795 15.08755970
v -8.04290771 -0.08824235 16.94112015
v -8.12883186 -1.54224706 15.97136021
v -8.04290771 -0.08824235 16.94112015
v -8.12883186 -1.54224706 15.97136021
v -7.94024611 -1.29204500 18.04530907
v -8.59732437 -0.08824235 9.57812881
v -8.59731388 -1.83522999 9.57812881
v -8.58207703 -1.83723497 9.82977486
v -8.59732437 -0.08824235 9.57812881
v -8.58207703 -1.83723497 9.82977486
v -8.34817982 -0.08824235 13.26173973
v -8.58207703 -1.83723497 9.82977486
v -8.45342255 -1.81454396 11.80517960
v -8.45342255 -1.81454396 11.80517960
v -8.59732437 -0.08824235 9.57812881
v -8.59732437 -0.08824235 7.07812881
v -8.59731388 -1.83522999 9.57812881
v -8.59731388 -1.83522999 7.07812881
v -8.48314571 -0.08824235 7.18005085
v -8.16859722 -0.08824235 7.55087709
v -8.16859722 -0.69778442 7.48239708
v -8.55328846 -0.08824235 7.07812881
v -8.48314571 -0.08824235 7.18005085
v -8.54769325 -0.21139389 7.07809401
v -8.54769325 -0.21139389 7.07809401
v -8.48314571 -0.08824235 7.18005085
v -8.47717285 -0.87195510 7.07806492
v -8.48314571 -0.08824235 7.18005085
v -8.16859722 -0.69778442 7.48239708
v -8.47717285 -0.87195510 7.07806492
v -8.47717285 -0.87195510 7.07806492
v -8.16859722 -0.69778442 7.48239708
v -8.16859722 -1.39955199 7.30600309
v -8.35389042 -1.43830895 7.07801723
v -8.35389042 -1.43830895 7.07801723
v -8.16859722 -1.39955199 7.30600309
v -8.16859722 -1.78274202 7.16171503
v -8.35389042 -1.43830895 7.07801723
v -8.16859722 -1.78274202 7.16171503
v -8.16859722 -1.96902895 7.07812881
v -7.98326111 -2.37187409 7.07819891
v -8.16859722 -1.96902895 7.07812881
v -8.16859722 -1.78274202 7.16171503
v -6.92572403 -2.26816010 8.30582428
v -6.92572403 -2.96909404 7.95478201
v -7.56296492 -3.14507508 7.07834482
v -7.56296492 -3.14507508 7.07834482
v -6.92572403 -2.96909404 7.95478201
v -6.92572403 -3.66442299 7.48429918
v -7.56296492 -3.14507508 7.07834482
v -6.92572403 -3.66442299 7.48429918
v -6.92572403 -4.13472509 7.07812881
v -7.56296492 -3.14507508 7.07834482
v -7.98326111 -2.37187409 7.07819891
v -6.92572403 -2.26816010 8.30582428
v -6.92572403 -2.26816010 8.30582428
v -7.98326111 -2.37187409 7.07819891
v -8.16859722 -1.78274202 7.16171503
v -6.92572403 -2.26816010 8.30582428
v -8.16859722 -1.78274202 7.16171503
v -6.92572403 -2.21674991 8.32736397
v -6.92572403 -2.21674991 8.32736397
v -8.16859722 -1.78274202 7.16171503
v -8.16859722 -1.39955199 7.30600309
v -6.92572403 -2.21674991 8.32736397
v -8.16859722 -1.39955199 7.30600309
v -6.92572403 -1.42109299 8.59525776
v -6.92572403 -1.42109299 8.59525776
v -8.16859722 -1.39955199 7.30600309
v -8.16859722 -0.69778442 7.48239708
v -6.92572403 -1.42109299 8.59525776
v -8.16859722 -0.69778442 7.48239708
v -6.92572403 -0.59661227 8.75358868
v -6.92572403 -0.59661227 8.75358868
v -8.16859722 -0.69778442 7.48239708
v -8.16859722 -0.08824235 7.55087709
v -6.92572403 -0.59661227 8.75358868
v -8.16859722 -0.08824235 7.55087709
v -6.92572403 -0.08824235 8.79496002
v 6.76866484 -5.87083292 7.07812881
v 5.86076117 -6.55170584 7.07812881
v 5.45254421 -5.24010611 7.07813120
v -5.28893995 -6.87893295 7.07812881
v -6.27481508 -6.32288504 7.07812881
v -5.63566399 -5.17793989 7.07790899
v 5.03142881 -5.31986094 7.07812691
v 4.83716917 -7.03078604 7.07812881
v 4.80981493 -5.33045912 7.07812881
v 5.87833881 -5.07365704 7.07811213
v 6.27611923 -4.82591295 7.07801008
v 7.51836395 -5.01738691 7.07812881
v -5.22815180 -5.29170704 7.07791281
v -4.80444288 -5.33045912 7.07812881
v -4.20870590 -7.22232103 7.07812881
v -7.12938023 -5.57405806 7.07812881
v -6.37684298 -4.74166679 7.07798195
v -6.01243401 -4.99796820 7.07812881
v 8.53374863 -0.47034380 7.07812881
v 8.53374195 -1.83522606 7.07812881
v 8.49032402 -0.82333452 7.07812881
v 8.36239433 -1.42772496 7.07812881
v -8.55194759 -2.54007506 7.07812881
v -8.59731388 -1.83522999 7.07812881
v -8.35389042 -1.43830895 7.07801723
v 3.73144293 -7.29205704 7.07812881
v 3.02227497 -7.33775806 7.07812881
v -3.08584690 -7.33775806 7.07812881
v -8.56542778 -0.08824318 7.07812881
v -8.55328846 -0.08824235 7.07812881
v -8.54769325 -0.21139389 7.07809401
v 6.61301804 -4.52597618 7.07794523
v 6.93109703 -4.13472509 7.07812881
v 8.07443237 -4.03409815 7.07812881
v 7.33718586 -3.52206302 7.07828903
v 8.41822624 -2.95571399 7.07812881
v 7.81025887 -2.71789694 7.07828999
v 8.17396927 -1.96902895 7.07812881
v -8.47717285 -0.87195510 7.07806492
v -8.59732437 -0.08824235 7.07812881
v -8.59053707 -0.08824235 7.07812881
v -8.16859722 -1.96902895 7.07812881
v -7.98326111 -2.37187409 7.07819891
v -8.29087830 -3.64415908 7.07812881
v -7.56296492 -3.14507508 7.07834482
v -7.81148100 -4.66658115 7.07812881
v -6.92572403 -4.13472509 7.07812881
v -6.69942713 -4.42575598 7.07804203
v 5.20168209 4.64215517 28.68221092
v 5.18186808 4.67942715 28.62957954
v 5.16968203 4.68445206 28.64187050
v 4.73901701 5.01577997 27.63524055
v 4.89714622 5.09900904 27.61244965
v 4.89678001 5.15595484 27.32065010
v 4.53694010 5.01460409 27.35437965
v 4.34545422 5.05860996 27.37850952
v 4.39187002 5.03737307 27.70314980
v 4.73084688 5.04884100 27.33403015
v 4.53694010 5.01460409 27.35437965
v 4.56297493 4.99430609 27.66683960
v 4.53694010 5.01460409 27.35437965
v 4.39187002 5.03737307 27.70314980
v 4.56297493 4.99430609 27.66683960
v 4.56297493 4.99430609 27.66683960
v 4.39187002 5.03737307 27.70314980
v 4.47485495 4.99871922 28.05454063
v 4.56297493 4.99430609 27.66683960
v 4.47485495 4.99871922 28.05454063
v 4.61833382 4.95854092 28.00354958
v 4.61833382 4.95854092 28.00354958
v 4.47485495 4.99871922 28.05454063
v 4.59036016 4.94344187 28.36083984
v 4.61833382 4.95854092 28.00354958
v 4.59036016 4.94344187 28.36083984
v 4.70281887 4.90870905 28.29701996
v 4.66119909 4.90867805 28.49489975
v 4.70281887 4.90870905 28.29701996
v 4.66119909 4.90867805 28.49489975
v 4.75675011 4.87789202 28.42596054
v 4.75675011 4.87789202 28.42596054
v 4.66119909 4.90867805 28.49489975
v 4.78575611 4.84593678 28.66790009
v 4.75675011 4.87789202 28.42596054
v 4.78575611 4.84593678 28.66790009
v 4.85372686 4.82309103 28.59371948
v 4.85372686 4.82309103 28.59371948
v 4.78575611 4.84593678 28.66790009
v 4.83152819 4.82235718 28.71546936
v 4.85372686 4.82309103 28.59371948
v 4.83152819 4.82235718 28.71546936
v 4.88981724 4.80275297 28.64039993
v 4.89678001 5.15595484 27.32065010
v 4.73084688 5.04884100 27.33403015
v 4.73901701 5.01577997 27.63524055
v 4.73901701 5.01577997 27.63524055
v 4.73084688 5.04884100 27.33403015
v 4.56297493 4.99430609 27.66683960
v 4.73901701 5.01577997 27.63524055
v 4.56297493 4.99430609 27.66683960
v 4.76871777 4.96721983 27.95762062
v 4.76871777 4.96721983 27.95762062
v 4.56297493 4.99430609 27.66683960
v 4.61833382 4.95854092 28.00354958
v 4.76871777 4.96721983 27.95762062
v 4.61833382 4.95854092 28.00354958
v 4.82288885 4.90871191 28.23777008
v 4.82288885 4.90871191 28.23777008
v 4.61833382 4.95854092 28.00354958
v 4.70281887 4.90870905 28.29701996
v 4.82288885 4.90871191 28.23777008
v 4.70281887 4.90870905 28.29701996
v 4.85979891 4.87551022 28.36111069
v 4.85979891 4.87551022 28.36111069
v 4.70281887 4.90870905 28.29701996
v 4.75675011 4.87789202 28.42596054
v 4.85979891 4.87551022 28.36111069
v 4.75675011 4.87789202 28.42596054
v 4.92850780 4.82016993 28.52268982
v 4.92850780 4.82016993 28.52268982
v 4.75675011 4.87789202 28.42596054
v 4.85372686 4.82309103 28.59371948
v 4.92850780 4.82016993 28.52268982
v 4.85372686 4.82309103 28.59371948
v 4.95457697 4.80060816 28.56817055
v 4.95457697 4.80060816 28.56817055
v 4.85372686 4.82309103 28.59371948
v 4.88981724 4.80275297 28.64039993
v 4.95457697 4.80060816 28.56817055
v 4.88981724 4.80275297 28.64039993
v 5.01949215 4.75433779 28.65288925
v 4.89714622 5.09900904 27.61244965
v 4.73901701 5.01577997 27.63524055
v 4.91108894 5.02389383 27.92130089
v 4.91108894 5.02389383 27.92130089
v 4.73901701 5.01577997 27.63524055
v 4.76871777 4.96721983 27.95762062
v 4.91108894 5.02389383 27.92130089
v 4.76871777 4.96721983 27.95762062
v 4.94195890 4.94345188 28.18734932
v 4.94195890 4.94345188 28.18734932
v 4.76871777 4.96721983 27.95762062
v 4.82288885 4.90871191 28.23777008
v 4.94195890 4.94345188 28.18734932
v 4.82288885 4.90871191 28.23777008
v 4.96423388 4.90167379 28.30419922
v 4.96423388 4.90167379 28.30419922
v 4.82288885 4.90871191 28.23777008
v 4.85979891 4.87551022 28.36111069
v 4.96423388 4.90167379 28.30419922
v 4.85979891 4.87551022 28.36111069
v 5.00691509 4.83729696 28.45783997
v 5.00691509 4.83729696 28.45783997
v 4.85979891 4.87551022 28.36111069
v 4.92850780 4.82016993 28.52268982
v 5.00691509 4.83729696 28.45783997
v 4.92850780 4.82016993 28.52268982
v 5.02336884 4.81600380 28.50148010
v 5.02336884 4.81600380 28.50148010
v 4.92850780 4.82016993 28.52268982
v 4.95457697 4.80060816 28.56817055
v 5.02336884 4.81600380 28.50148010
v 4.95457697 4.80060816 28.56817055
v 5.06472778 4.76865578 28.58412933
v 5.06472778 4.76865578 28.58412933
v 4.95457697 4.80060816 28.56817055
v 5.01949215 4.75433779 28.65288925
v 5.06472778 4.76865578 28.58412933
v 5.01949215 4.75433779 28.65288925
v 5.07559013 4.75751019 28.60025024
v 5.07559013 4.75751019 28.60025024
v 5.11315298 4.79514503 28.52140999
v 5.06472778 4.76865578 28.58412933
v 5.06472778 4.76865578 28.58412933
v 5.11315298 4.79514503 28.52140999
v 5.09359980 4.84835911 28.44285011
v 5.06472778 4.76865578 28.58412933
v 5.09359980 4.84835911 28.44285011
v 5.02336884 4.81600380 28.50148010
v 5.02336884 4.81600380 28.50148010
v 5.09359980 4.84835911 28.44285011
v 5.08560801 4.87374401 28.40193939
v 5.02336884 4.81600380 28.50148010
v 5.08560801 4.87374401 28.40193939
v 5.00691509 4.83729696 28.45783997
v 5.00691509 4.83729696 28.45783997
v 5.08560801 4.87374401 28.40193939
v 5.06385994 4.95483112 28.25860023
v 5.00691509 4.83729696 28.45783997
v 5.06385994 4.95483112 28.25860023
v 4.96423388 4.90167379 28.30419922
v 4.96423388 4.90167379 28.30419922
v 5.06385994 4.95483112 28.25860023
v 5.05149078 5.01043606 28.14937019
v 4.96423388 4.90167379 28.30419922
v 5.05149078 5.01043606 28.14937019
v 4.94195890 4.94345188 28.18734932
v 4.94195890 4.94345188 28.18734932
v 5.05149078 5.01043606 28.14937019
v 5.03132391 5.12294102 27.89819908
v 4.94195890 4.94345188 28.18734932
v 5.03132391 5.12294102 27.89819908
v 4.91108894 5.02389383 27.92130089
v 4.91108894 5.02389383 27.92130089
v 5.03132391 5.12294102 27.89819908
v 5.01683378 5.23318911 27.60144043
v 4.91108894 5.02389383 27.92130089
v 5.01683378 5.23318911 27.60144043
v 4.89714622 5.09900904 27.61244965
v 4.89714622 5.09900904 27.61244965
v 5.01683378 5.23318911 27.60144043
v 5.00872993 5.31915808 27.31633949
v 4.89714622 5.09900904 27.61244965
v 5.00872993 5.31915808 27.31633949
v 4.89678001 5.15595484 27.32065010
v 5.13444519 4.75160122 28.57500076
v 5.12585783 4.76726294 28.55738068
v 5.07559013 4.75751019 28.60025024
v 5.07559013 4.75751019 28.60025024
v 5.12585783 4.76726294 28.55738068
v 5.11820507 4.78341293 28.53710938
v 5.07559013 4.75751019 28.60025024
v 5.11820507 4.78341293 28.53710938
v 5.11315298 4.79514503 28.52140999
v 5.25757408 4.58889008 28.79248047
v 5.20069313 4.62666178 28.75678062
v 5.22351980 4.60850382 28.81632042
v 5.22351980 4.60850382 28.81632042
v 5.20069313 4.62666178 28.75678062
v 5.17871189 4.63910723 28.76806068
v 5.19540024 4.62457323 28.83039093
v 5.19540024 4.62457323 28.83039093
v 5.17871189 4.63910723 28.76806068
v 5.15543795 4.65231514 28.77561951
v 5.16580677 4.64135885 28.84049988
v 5.16580677 4.64135885 28.84049988
v 5.15543795 4.65231514 28.77561951
v 5.12394190 4.67021179 28.77968025
v 5.12597084 4.66375494 28.84749031
v 5.12597084 4.66375494 28.84749031
v 5.12394190 4.67021179 28.77968025
v 5.07586479 4.69752979 28.77412987
v 5.12597084 4.66375494 28.84749031
v 5.07586479 4.69752979 28.77412987
v 5.06545877 4.69734287 28.84536934
v 5.06545877 4.69734287 28.84536934
v 5.07586479 4.69752979 28.77412987
v 5.00175381 4.73955202 28.74148941
v 5.06545877 4.69734287 28.84536934
v 5.00175381 4.73955202 28.74148941
v 4.97244501 4.74796104 28.81595039
v 4.97244501 4.74796104 28.81595039
v 5.00175381 4.73955202 28.74148941
v 4.97870588 4.75259018 28.72579002
v 4.97244501 4.74796104 28.81595039
v 4.97870588 4.75259018 28.72579002
v 4.94351101 4.76346111 28.80076981
v 5.25757408 4.58889008 28.79248047
v 5.22707081 4.61179209 28.73683929
v 5.20069313 4.62666178 28.75678062
v 5.22707081 4.61179209 28.73683929
v 5.18264103 4.65212679 28.69828033
v 5.20069313 4.62666178 28.75678062
v 5.18264103 4.65212679 28.69828033
v 5.17871189 4.63910723 28.76806068
v 5.17871189 4.63910723 28.76806068
v 5.18264103 4.65212679 28.69828033
v 5.16664600 4.66099024 28.70682907
v 5.17871189 4.63910723 28.76806068
v 5.16664600 4.66099024 28.70682907
v 5.15543795 4.65231514 28.77561951
v 5.15543795 4.65231514 28.77561951
v 5.16664600 4.66099024 28.70682907
v 5.14962101 4.67080402 28.71188927
v 5.15543795 4.65231514 28.77561951
v 5.14962101 4.67080402 28.71188927
v 5.12394190 4.67021179 28.77968025
v 5.12394190 4.67021179 28.77968025
v 5.14962101 4.67080402 28.71188927
v 5.12648392 4.68465424 28.71313095
v 5.12394190 4.67021179 28.77968025
v 5.12648392 4.68465424 28.71313095
v 5.07586479 4.69752979 28.77412987
v 5.07586479 4.69752979 28.77412987
v 5.12648392 4.68465424 28.71313095
v 5.09105682 4.70679379 28.70437050
v 5.07586479 4.69752979 28.77412987
v 5.09105682 4.70679379 28.70437050
v 5.00175381 4.73955202 28.74148941
v 5.00175381 4.73955202 28.74148941
v 5.09105682 4.70679379 28.70437050
v 5.03643513 4.74276304 28.66897011
v 5.00175381 4.73955202 28.74148941
v 5.03643513 4.74276304 28.66897011
v 4.97870588 4.75259018 28.72579002
v 5.22707081 4.61179209 28.73683929
v 5.20168209 4.64215517 28.68221092
v 5.18264103 4.65212679 28.69828033
v 5.18264103 4.65212679 28.69828033
v 5.20168209 4.64215517 28.68221092
v 5.16968203 4.68445206 28.64187050
v 5.18264103 4.65212679 28.69828033
v 5.16968203 4.68445206 28.64187050
v 5.16664600 4.66099024 28.70682907
v 5.16664600 4.66099024 28.70682907
v 5.16968203 4.68445206 28.64187050
v 5.15941000 4.68983603 28.64776039
v 5.16664600 4.66099024 28.70682907
v 5.15941000 4.68983603 28.64776039
v 5.14962101 4.67080402 28.71188927
v 5.14962101 4.67080402 28.71188927
v 5.15941000 4.68983603 28.64776039
v 5.14845610 4.69649696 28.65044022
v 5.14962101 4.67080402 28.71188927
v 5.14845610 4.69649696 28.65044022
v 5.12648392 4.68465424 28.71313095
v 5.12648392 4.68465424 28.71313095
v 5.14845610 4.69649696 28.65044022
v 5.13355112 4.70681381 28.64908028
v 5.12648392 4.68465424 28.71313095
v 5.13355112 4.70681381 28.64908028
v 5.09105682 4.70679379 28.70437050
v 5.09105682 4.70679379 28.70437050
v 5.13355112 4.70681381 28.64908028
v 5.11072016 4.72494316 28.63752937
v 5.09105682 4.70679379 28.70437050
v 5.11072016 4.72494316 28.63752937
v 5.03643513 4.74276304 28.66897011
v 4.94351101 4.76346111 28.80076981
v 4.88981724 4.80275297 28.64039993
v 4.94351101 4.76346111 28.80076981
v 4.97870588 4.75259018 28.72579002
v 4.88981724 4.80275297 28.64039993
v 4.97870588 4.75259018 28.72579002
v 5.01949215 4.75433779 28.65288925
v 5.01949215 4.75433779 28.65288925
v 4.97870588 4.75259018 28.72579002
v 5.03643513 4.74276304 28.66897011
v 5.01949215 4.75433779 28.65288925
v 5.03643513 4.74276304 28.66897011
v 5.07559013 4.75751019 28.60025024
v 5.07559013 4.75751019 28.60025024
v 5.03643513 4.74276304 28.66897011
v 5.11072016 4.72494316 28.63752937
v 5.07559013 4.75751019 28.60025024
v 5.11072016 4.72494316 28.63752937
v 5.13444519 4.75160122 28.57500076
v 5.13444519 4.75160122 28.57500076
v 5.11072016 4.72494316 28.63752937
v 5.13355112 4.70681381 28.64908028
v 5.13444519 4.75160122 28.57500076
v 5.13355112 4.70681381 28.64908028
v 5.14501095 4.73627901 28.58871078
v 5.14501095 4.73627901 28.58871078
v 5.13355112 4.70681381 28.64908028
v 5.14845610 4.69649696 28.65044022
v 5.14501095 4.73627901 28.58871078
v 5.14845610 4.69649696 28.65044022
v 5.15196609 4.72893810 28.59235954
v 5.15196609 4.72893810 28.59235954
v 5.14845610 4.69649696 28.65044022
v 5.15941000 4.68983603 28.64776039
v 5.15196609 4.72893810 28.59235954
v 5.15941000 4.68983603 28.64776039
v 5.15713310 4.72514391 28.59188080
v 5.15713310 4.72514391 28.59188080
v 5.15941000 4.68983603 28.64776039
v 5.16968203 4.68445206 28.64187050
v 5.15713310 4.72514391 28.59188080
v 5.16968203 4.68445206 28.64187050
v 5.16204309 4.72306681 28.58852005
v 5.16204309 4.72306681 28.58852005
v 5.16968203 4.68445206 28.64187050
v 5.18186808 4.67942715 28.62957954
v 5.16204309 4.72306681 28.58852005
v 5.18186808 4.67942715 28.62957954
v 5.16798878 4.72292995 28.57992935
v 4.33199978 5.13248396 24.55430984
v 4.09464788 5.16870499 24.59378052
v 4.21974421 5.11476803 25.63669014
v 4.89308977 5.31928301 26.01085091
v 4.85760117 5.33504200 25.58507919
v 4.72646999 5.13869715 26.01704979
v 4.69163990 5.15463686 25.59336090
v 4.72646999 5.13869715 26.01704979
v 4.69163990 5.15463686 25.59336090
v 4.49428988 5.05929184 26.03116035
v 4.49428988 5.05929184 26.03116035
v 4.69163990 5.15463686 25.59336090
v 4.46048021 5.07480907 25.61206055
v 4.49428988 5.05929184 26.03116035
v 4.46048021 5.07480907 25.61206055
v 4.25265503 5.10025692 26.04974937
v 4.78364086 5.62911987 24.51662064
v 4.85760117 5.33504200 25.58507919
v 4.91842604 5.57261419 25.58922005
v 4.91842604 5.57261419 25.58922005
v 4.85760117 5.33504200 25.58507919
v 4.89308977 5.31928301 26.01085091
v 4.95388603 5.55741215 26.01404953
v 4.72276878 5.39361191 24.51054955
v 4.85760117 5.33504200 25.58507919
v 4.72276878 5.39361191 24.51054955
v 4.55931902 5.21387911 24.52419090
v 4.69163990 5.15463686 25.59336090
v 4.69163990 5.15463686 25.59336090
v 4.55931902 5.21387911 24.52419090
v 4.33199978 5.13248396 24.55430984
v 4.46048021 5.07480907 25.61206055
v 4.46048021 5.07480907 25.61206055
v 4.33199978 5.13248396 24.55430984
v 4.21974421 5.11476803 25.63669014
v 4.21974421 5.11476803 25.63669014
v 3.90884089 5.24530506 23.55397034
v 4.09464788 5.16870499 24.59378052
v 4.14126301 5.21439791 23.50045967
v 4.14126301 5.21439791 23.50045967
v 4.09464788 5.16870499 24.59378052
v 4.33199978 5.13248396 24.55430984
v 4.14126301 5.21439791 23.50045967
v 4.33199978 5.13248396 24.55430984
v 4.36297607 5.29800415 23.45932961
v 4.36297607 5.29800415 23.45932961
v 4.33199978 5.13248396 24.55430984
v 4.55931902 5.21387911 24.52419090
v 4.36297607 5.29800415 23.45932961
v 4.55931902 5.21387911 24.52419090
v 4.52268696 5.47678089 23.44009018
v 4.72276878 5.39361191 24.51054955
v 4.52268696 5.47678089 23.44009018
v 4.72276878 5.39361191 24.51054955
v 4.58344507 5.70936680 23.44721031
v 4.78364086 5.62911987 24.51662064
v 4.99852705 5.41596603 26.90834999
v 4.98193789 5.48904419 26.48267937
v 4.90285301 5.21989918 26.90888977
v 4.90285301 5.21989918 26.90888977
v 4.98193789 5.48904419 26.48267937
v 4.90303183 5.26992702 26.48152924
v 4.90285301 5.21989918 26.90888977
v 4.90303183 5.26992702 26.48152924
v 4.73306179 5.08312607 26.91665077
v 4.73306179 5.08312607 26.91665077
v 4.90303183 5.26992702 26.48152924
v 4.73363400 5.11021280 26.48747063
v 4.73306179 5.08312607 26.91665077
v 4.73363400 5.11021280 26.48747063
v 4.52147913 5.03168678 26.93016052
v 4.52147913 5.03168678 26.93016052
v 4.73363400 5.11021280 26.48747063
v 4.51049519 5.04455185 26.49917984
v 4.52147913 5.03168678 26.93016052
v 4.51049519 5.04455185 26.49917984
v 4.30838585 5.07537508 26.94684982
v 4.30838585 5.07537508 26.94684982
v 4.51049519 5.04455185 26.49917984
v 4.28202820 5.08719110 26.51415062
v 5.00872993 5.31915808 27.31633949
v 4.99852705 5.41596603 26.90834999
v 4.89678001 5.15595484 27.32065010
v 4.89678001 5.15595484 27.32065010
v 4.99852705 5.41596603 26.90834999
v 4.90285301 5.21989918 26.90888977
v 4.89678001 5.15595484 27.32065010
v 4.90285301 5.21989918 26.90888977
v 4.73084688 5.04884100 27.33403015
v 4.73084688 5.04884100 27.33403015
v 4.90285301 5.21989918 26.90888977
v 4.73306179 5.08312607 26.91665077
v 4.73306179 5.08312607 26.91665077
v 4.53694010 5.01460409 27.35437965
v 4.73306179 5.08312607 26.91665077
v 4.52147913 5.03168678 26.93016052
v 4.52147913 5.03168678 26.93016052
v 4.34545422 5.05860996 27.37850952
v 7.99185801 -0.08824235 16.81769943
v 7.97933578 -0.08824235 16.94112015
v 8.53375435 -0.08824235 9.57812881
v 7.85549593 -0.08824235 18.26672935
v 5.22635078 -0.08824235 9.64557362
v 5.38292599 -0.08824235 9.61654282
v 5.46380091 -0.08824235 9.60256767
v 5.71380520 -0.08824235 9.53082371
v 5.69725609 -0.08824235 9.54018784
v 5.75203419 -0.08824235 9.51827431
v 5.79017115 -0.08824235 9.50518227
v 5.95746088 -0.08824235 9.44588089
v 6.21155500 -0.08824235 9.31991768
v 6.14777422 -0.08824235 9.35930824
v 6.46434879 -0.08824235 9.16831493
v 6.56099510 -0.08824235 9.11023998
v 4.80981302 -0.08822762 9.67420578
v 5.04059982 -0.08824235 9.66436195
v 5.01955223 -0.08824235 9.66701984
v 5.15487289 -0.08824235 9.65286732
v 5.26840782 -0.08824235 9.63703632
v 6.59769487 -0.08824235 9.07379913
v 6.63441086 -0.08824235 9.04579735
v 6.75151682 -0.08824235 8.96083736
v 6.67077589 -0.08824235 9.01716614
v 6.91894817 -0.08824235 8.79496479
v 6.93109703 -0.08824235 8.79496002
v 8.17396927 -0.08824235 7.55087709
v 8.16182041 -0.08824235 7.55089903
v 8.23488808 -0.08824604 7.47513103
v 8.48155785 -0.08824253 7.18987417
v 8.54053402 -0.08824235 7.08722305
v 8.53375053 -0.08824235 7.11542606
v 8.54053593 -0.08824235 9.51807690
v 8.13423634 -0.08824235 15.18050957
v 7.83837318 -0.08824235 18.45388985
v 7.75746822 -0.08824235 19.27158928
v 7.72437000 -0.08824235 19.59165001
v 7.67378902 -0.08824235 20.08900070
v 7.65607500 -0.08824235 20.25382996
v 7.58733702 -0.08824235 20.90612984
v 7.58595991 -0.08824235 20.91583061
v 7.54307222 -0.08824235 21.31458092
v 7.51402712 -0.08824235 21.57761955
v 7.49811316 -0.08824235 21.72295952
v 7.49575901 -0.08824235 21.74304008
v 7.47737694 -0.08824235 21.90844917
v 7.46933222 -0.08824235 21.98110962
v 7.44027376 -0.08824235 22.23921967
v 7.79917002 4.16025400 6.11807585
v 8.16345978 3.65959096 6.11792898
v 7.06778383 4.16025400 7.14751291
v 7.06778383 4.16025400 7.14751291
v 8.16345978 3.65959096 6.11792898
v 8.16315365 3.35754609 6.39299583
v 8.16182041 -0.08824235 7.55089903
v 6.91894817 -0.08824235 8.79496479
v 8.16204262 0.53480548 7.54277086
v 8.16204262 0.53480548 7.54277086
v 6.91894817 -0.08824235 8.79496479
v 6.91894817 0.81259072 8.76563740
v 8.16204262 0.53480548 7.54277086
v 6.91894817 0.81259072 8.76563740
v 8.16226673 1.15222299 7.45682287
v 8.16226673 1.15222299 7.45682287
v 6.91894817 0.81259072 8.76563740
v 6.91894817 1.72641897 8.59957314
v 8.16226673 1.15222299 7.45682287
v 6.91894817 1.72641897 8.59957314
v 8.16244221 1.62396896 7.33642197
v 8.16244221 1.62396896 7.33642197
v 6.91894817 1.72641897 8.59957314
v 6.91894817 1.98959398 8.52490044
v 8.16244221 1.62396896 7.33642197
v 6.91894817 1.98959398 8.52490044
v 8.16248989 1.75404501 7.29439020
v 8.16248989 1.75404501 7.29439020
v 6.91894817 1.98959398 8.52490044
v 8.16271400 2.33083510 7.05802202
v 8.16271400 2.33083510 7.05802202
v 6.91894817 1.98959398 8.52490044
v 6.91894817 2.60534096 8.29931068
v 8.16271400 2.33083510 7.05802202
v 6.91894817 2.60534096 8.29931068
v 8.16279602 2.53793597 6.95152092
v 8.16279602 2.53793597 6.95152092
v 6.91894817 2.60534096 8.29931068
v 6.91894817 3.13207698 8.04424381
v 8.16279602 2.53793597 6.95152092
v 6.91894817 3.13207698 8.04424381
v 8.16292953 2.85587001 6.76287508
v 8.16292953 2.85587001 6.76287508
v 6.91894817 3.13207698 8.04424381
v 6.91894817 3.42976689 7.87154722
v 8.16292953 2.85587001 6.76287508
v 6.91894817 3.42976689 7.87154722
v 8.16315365 3.35754609 6.39299583
v 8.16315365 3.35754609 6.39299583
v 6.91894817 3.42976689 7.87154722
v 6.91894817 4.16025400 7.34357977
v 8.16315365 3.35754609 6.39299583
v 6.91894817 4.16025400 7.34357977
v 7.06778383 4.16025400 7.14751291
v 1.84103501 0.43655160 9.67319202
v 1.84103501 0.30067581 9.44382572
v 1.84103501 -0.08824235 9.67422104
v 4.80981493 -1.10644603 9.56444168
v -4.80444288 -0.70371658 9.62567806
v -4.80465889 -0.08824235 9.67422104
v -4.80465889 -0.08824235 9.67422104
v 1.84103501 -0.08824235 9.67422104
v 4.80981493 -1.10644603 9.56444168
v 4.79766703 -0.08824235 9.67422104
v 4.80981493 -1.10644603 9.56444168
v 4.79766703 -0.08824235 9.67422104
v 4.80981493 -0.70371658 9.62567806
v 4.80981493 -0.70371658 9.62567806
v 4.79766703 -0.08824235 9.67422104
v 4.80981302 -0.08822762 9.67420578
v 4.80981493 -5.33045912 7.07812881
v -4.80444288 -5.33045912 7.07812881
v 4.80981493 -4.91880703 7.53824615
v -4.80444288 -4.91880703 7.53824615
v 4.80981493 -4.91880703 7.53824615
v -4.80444288 -4.91880703 7.53824615
v 4.80981493 -4.62600708 7.82145691
v -4.80444288 -4.62600708 7.82145691
v 4.80981493 -4.62600708 7.82145691
v -4.80444288 -4.62600708 7.82145691
v 4.80981493 -4.20479298 8.17712593
v -4.80444288 -4.20479298 8.17712593
v 4.80981493 -4.20479298 8.17712593
v -4.80444288 -4.20479298 8.17712593
v 4.80981493 -3.56888604 8.61950874
v -4.80444288 -3.56888604 8.61950874
v 4.80981493 -3.56888604 8.61950874
v -4.80444288 -3.56888604 8.61950874
v 4.80981493 -3.41126204 8.71405602
v -4.80444288 -3.41126204 8.71405602
v 4.80981493 -3.41126204 8.71405602
v -4.80444288 -3.41126204 8.71405602
v 4.80981493 -2.55266595 9.13925838
v -4.80444288 -2.55266595 9.13925838
v 4.80981493 -2.55266595 9.13925838
v -4.80444288 -2.55266595 9.13925838
v 4.80981493 -2.38192892 9.20732403
v -4.80444288 -2.38192892 9.20732403
v 4.80981493 -2.38192892 9.20732403
v -4.80444288 -2.38192892 9.20732403
v 4.80981493 -1.64463902 9.44498730
v -4.80444288 -1.64463902 9.44498730
v 4.80981493 -1.64463902 9.44498730
v -4.80444288 -1.64463902 9.44498730
v 4.80981493 -1.10644603 9.56444168
v -4.80444288 -1.10644603 9.56444168
v 4.80981493 -1.10644603 9.56444168
v -4.80444288 -1.10644603 9.56444168
v -4.80444288 -0.70371658 9.62567806
v 5.34756088 2.39923501 9.26271725
v 5.34756088 1.93481302 9.40072536
v 5.34756088 1.93350804 8.47654247
v 5.34756088 0.89939052 9.58888626
v 5.34756088 -0.00645679 9.62577248
v -6.69882584 -0.08824235 9.00034428
v -6.50572920 -0.08824235 9.14546108
v -6.51977205 -0.63804162 9.09092426
v -6.08767700 -0.08824235 9.38586903
v -5.86316204 -0.08824235 9.48110867
v -5.95246696 -0.67588121 9.39902878
v -4.81659079 -0.08824241 9.67419624
v -5.63566399 -5.17793989 7.07790899
v -6.01243401 -4.99796820 7.07812881
v -5.95246696 -4.75540590 7.37873411
v -6.69942713 -4.42575598 7.07804203
v -6.92572403 -4.13472509 7.07812881
v -6.92572403 -3.66442299 7.48429918
v -4.80444288 -5.33045912 7.07812881
v -5.22815180 -5.29170704 7.07791281
v -4.80444288 -4.91880703 7.53824615
v -4.80444288 -4.91880703 7.53824615
v -5.22815180 -5.29170704 7.07791281
v -5.33182001 -4.88537693 7.50561190
v -4.80444288 -4.91880703 7.53824615
v -5.33182001 -4.88537693 7.50561190
v -4.80444288 -4.62600708 7.82145691
v -4.80444288 -4.62600708 7.82145691
v -5.33182001 -4.88537693 7.50561190
v -4.80444288 -4.20479298 8.17712593
v -4.80444288 -4.20479298 8.17712593
v -5.33182001 -4.88537693 7.50561190
v -5.33182001 -4.17606115 8.14029026
v -4.80444288 -4.20479298 8.17712593
v -5.33182001 -4.17606115 8.14029026
v -4.80444288 -3.56888604 8.61950874
v -4.80444288 -3.56888604 8.61950874
v -5.33182001 -4.17606115 8.14029026
v -5.33182001 -3.38775206 8.67368603
v -4.80444288 -3.56888604 8.61950874
v -5.33182001 -3.38775206 8.67368603
v -4.80444288 -3.41126204 8.71405602
v -4.80444288 -3.41126204 8.71405602
v -5.33182001 -3.38775206 8.67368603
v -4.80444288 -2.55266595 9.13925838
v -5.33182001 -2.53480506 9.09608746
v -4.80444288 -2.55266595 9.13925838
v -5.33182001 -2.53480506 9.09608746
v -4.80444288 -2.38192892 9.20732403
v -4.80444288 -2.38192892 9.20732403
v -5.33182001 -2.53480506 9.09608746
v -5.33182001 -1.63275301 9.39980602
v -4.80444288 -2.38192892 9.20732403
v -5.33182001 -1.63275301 9.39980602
v -4.80444288 -1.64463902 9.44498730
v -5.22146082 -0.08824235 9.64547062
v -5.16163588 -0.08824235 9.65319347
v -5.33182001 -0.69802183 9.57930660
v -5.33182001 -0.69802183 9.57930660
v -5.16163588 -0.08824235 9.65319347
v -4.91991520 -0.08824068 9.67223930
v -4.80444288 -1.64463902 9.44498730
v -5.33182001 -1.63275301 9.39980602
v -4.80444288 -1.10644603 9.56444168
v -4.80444288 -1.10644603 9.56444168
v -5.33182001 -1.63275301 9.39980602
v -5.33182001 -0.69802183 9.57930660
v -4.80444288 -1.10644603 9.56444168
v -5.33182001 -0.69802183 9.57930660
v -4.80444288 -0.70371658 9.62567806
v -4.80444288 -0.70371658 9.62567806
v -5.33182001 -0.69802183 9.57930660
v -4.91991520 -0.08824068 9.67223930
v -4.80444288 -0.70371658 9.62567806
v -4.91991520 -0.08824068 9.67223930
v -4.81659079 -0.08824241 9.67419624
v -5.63326120 -0.08824235 9.55772018
v -5.39947701 -0.08824235 9.61507511
v -5.33182001 -0.69802183 9.57930660
v -5.33182001 -0.69802183 9.57930660
v -5.39947701 -0.08824235 9.61507511
v -5.28104305 -0.08824235 9.63654518
v -5.33182001 -0.69802183 9.57930660
v -5.28104305 -0.08824235 9.63654518
v -5.22146082 -0.08824235 9.64547062
v -6.08767700 -0.08824235 9.38586903
v -5.95246696 -0.67588121 9.39902878
v -6.30177784 -0.08824235 9.27407932
v -6.92572403 -0.08824235 8.79496002
v -6.69882584 -0.08824235 9.00034428
v -6.92572403 -0.59661227 8.75358868
v -6.92572403 -0.59661227 8.75358868
v -6.69882584 -0.08824235 9.00034428
v -6.51977205 -0.63804162 9.09092426
v -6.92572403 -0.59661227 8.75358868
v -6.51977205 -0.63804162 9.09092426
v -6.92572403 -1.42109299 8.59525776
v -6.51977205 -1.50756395 8.92394638
v -6.92572403 -1.42109299 8.59525776
v -6.51977205 -1.50756395 8.92394638
v -6.92572403 -2.21674991 8.32736397
v -6.51977205 -2.34668708 8.64141464
v -6.92572403 -2.21674991 8.32736397
v -6.51977205 -2.34668708 8.64141464
v -6.92572403 -2.26816010 8.30582428
v -6.92572403 -2.26816010 8.30582428
v -6.51977205 -2.34668708 8.64141464
v -6.92572403 -2.96909404 7.95478201
v -6.92572403 -2.96909404 7.95478201
v -6.51977205 -2.34668708 8.64141464
v -6.51977205 -3.14013004 8.24847889
v -6.92572403 -2.96909404 7.95478201
v -6.51977205 -3.14013004 8.24847889
v -6.92572403 -3.66442299 7.48429918
v -6.51977205 -3.87344503 7.75229311
v -6.51977205 -3.87344503 7.75229311
v -6.69942713 -4.42575598 7.07804203
v -6.51977205 -3.87344503 7.75229311
v -6.51977205 -4.53327703 7.16189384
v -6.69942713 -4.42575598 7.07804203
v -6.51977205 -4.53327703 7.16189384
v -6.37684298 -4.74166679 7.07798195
v -6.50572920 -0.08824235 9.14546108
v -6.30177784 -0.08824235 9.27407932
v -6.51977205 -0.63804162 9.09092426
v -6.51977205 -0.63804162 9.09092426
v -6.30177784 -0.08824235 9.27407932
v -5.95246696 -0.67588121 9.39902878
v -6.51977205 -0.63804162 9.09092426
v -5.95246696 -0.67588121 9.39902878
v -6.51977205 -1.50756395 8.92394638
v -5.95246696 -1.58654106 9.22414970
v -6.51977205 -1.50756395 8.92394638
v -5.95246696 -1.58654106 9.22414970
v -6.51977205 -2.34668708 8.64141464
v -5.95246696 -2.46536398 8.92825413
v -6.51977205 -2.34668708 8.64141464
v -5.95246696 -2.46536398 8.92825413
v -6.51977205 -3.14013004 8.24847889
v -5.95246696 -3.29634690 8.51672935
v -6.51977205 -3.14013004 8.24847889
v -5.95246696 -3.29634690 8.51672935
v -6.51977205 -3.87344503 7.75229311
v -5.95246696 -4.06435585 7.99706602
v -6.51977205 -3.87344503 7.75229311
v -5.95246696 -4.06435585 7.99706602
v -6.51977205 -4.53327703 7.16189384
v -5.95246696 -4.75540590 7.37873411
v -6.37684298 -4.74166679 7.07798195
v -6.37684298 -4.74166679 7.07798195
v -5.95246696 -4.75540590 7.37873411
v -6.01243401 -4.99796820 7.07812881
v -5.86316204 -0.08824235 9.48110867
v -5.63326120 -0.08824235 9.55772018
v -5.95246696 -0.67588121 9.39902878
v -5.95246696 -0.67588121 9.39902878
v -5.63326120 -0.08824235 9.55772018
v -5.33182001 -0.69802183 9.57930660
v -5.95246696 -0.67588121 9.39902878
v -5.33182001 -0.69802183 9.57930660
v -5.95246696 -1.58654106 9.22414970
v -5.33182001 -1.63275301 9.39980602
v -5.95246696 -1.58654106 9.22414970
v -5.33182001 -1.63275301 9.39980602
v -5.95246696 -2.46536398 8.92825413
v -5.33182001 -2.53480506 9.09608746
v -5.95246696 -2.46536398 8.92825413
v -5.33182001 -2.53480506 9.09608746
v -5.95246696 -3.29634690 8.51672935
v -5.33182001 -3.38775206 8.67368603
v -5.95246696 -3.29634690 8.51672935
v -5.33182001 -3.38775206 8.67368603
v -5.95246696 -4.06435585 7.99706602
v -5.33182001 -4.17606115 8.14029026
v -5.95246696 -4.06435585 7.99706602
v -5.33182001 -4.17606115 8.14029026
v -5.95246696 -4.75540590 7.37873411
v -5.33182001 -4.88537693 7.50561190
v -5.95246696 -4.75540590 7.37873411
v -5.33182001 -4.88537693 7.50561190
v -5.63566399 -5.17793989 7.07790899
v -5.63566399 -5.17793989 7.07790899
v -5.33182001 -4.88537693 7.50561190
v -5.22815180 -5.29170704 7.07791281
v -4.72276878 5.39361191 24.51054955
v -4.78364086 5.62911987 24.51662064
v -4.91842604 5.57261419 25.58922005
v -4.49428988 5.05929184 26.03116035
v -4.46048021 5.07480907 25.61206055
v -4.72646999 5.13869715 26.01704979
v -4.72646999 5.13869715 26.01704979
v -4.46048021 5.07480907 25.61206055
v -4.69163990 5.15463686 25.59336090
v -4.72646999 5.13869715 26.01704979
v -4.69163990 5.15463686 25.59336090
v -4.89308977 5.31928301 26.01085091
v -4.85760117 5.33504200 25.58507919
v -4.89308977 5.31928301 26.01085091
v -4.85760117 5.33504200 25.58507919
v -4.95388603 5.55741215 26.01404953
v -4.09464788 5.16870499 24.59378052
v -4.46048021 5.07480907 25.61206055
v -4.21974421 5.11476803 25.63669014
v -4.21974421 5.11476803 25.63669014
v -4.46048021 5.07480907 25.61206055
v -4.49428988 5.05929184 26.03116035
v -4.25265503 5.10025692 26.04974937
v -4.09464788 5.16870499 24.59378052
v -4.33199978 5.13248396 24.55430984
v -4.46048021 5.07480907 25.61206055
v -4.46048021 5.07480907 25.61206055
v -4.33199978 5.13248396 24.55430984
v -4.55931902 5.21387911 24.52419090
v -4.46048021 5.07480907 25.61206055
v -4.55931902 5.21387911 24.52419090
v -4.69163990 5.15463686 25.59336090
v -4.69163990 5.15463686 25.59336090
v -4.55931902 5.21387911 24.52419090
v -4.72276878 5.39361191 24.51054955
v -4.85760117 5.33504200 25.58507919
v -4.85760117 5.33504200 25.58507919
v -4.91842604 5.57261419 25.58922005
v -4.58344507 5.70936680 23.44721031
v -4.78364086 5.62911987 24.51662064
v -4.52268696 5.47678089 23.44009018
v -4.72276878 5.39361191 24.51054955
v -4.52268696 5.47678089 23.44009018
v -4.72276878 5.39361191 24.51054955
v -4.36297607 5.29800415 23.45932961
v -4.55931902 5.21387911 24.52419090
v -4.36297607 5.29800415 23.45932961
v -4.55931902 5.21387911 24.52419090
v -4.14126301 5.21439791 23.50045967
v -4.14126301 5.21439791 23.50045967
v -4.55931902 5.21387911 24.52419090
v -4.33199978 5.13248396 24.55430984
v -4.14126301 5.21439791 23.50045967
v -4.33199978 5.13248396 24.55430984
v -3.90884089 5.24530506 23.55397034
v -3.90884089 5.24530506 23.55397034
v -4.33199978 5.13248396 24.55430984
v -4.09464788 5.16870499 24.59378052
v -4.30838585 5.07537508 26.94684982
v -4.28202820 5.08719110 26.51415062
v -4.52147913 5.03168678 26.93016052
v -4.52147913 5.03168678 26.93016052
v -4.28202820 5.08719110 26.51415062
v -4.51049423 5.04455185 26.49917984
v -4.52147913 5.03168678 26.93016052
v -4.51049423 5.04455185 26.49917984
v -4.73306179 5.08312607 26.91665077
v -4.73306179 5.08312607 26.91665077
v -4.51049423 5.04455185 26.49917984
v -4.73363209 5.11021090 26.48745918
v -4.73306179 5.08312607 26.91665077
v -4.73363209 5.11021090 26.48745918
v -4.90285301 5.21989918 26.90888977
v -4.90285301 5.21989918 26.90888977
v -4.73363209 5.11021090 26.48745918
v -4.90302992 5.26992321 26.48151970
v -4.90285301 5.21989918 26.90888977
v -4.90302992 5.26992321 26.48151970
v -4.99852705 5.41596603 26.90834999
v -4.99852705 5.41596603 26.90834999
v -4.90302992 5.26992321 26.48151970
v -4.98193789 5.48904419 26.48267937
v -4.34545422 5.05860996 27.37850952
v -4.30838585 5.07537508 26.94684982
v -4.53694010 5.01460409 27.35437965
v -4.53694010 5.01460409 27.35437965
v -4.30838585 5.07537508 26.94684982
v -4.52147913 5.03168678 26.93016052
v -4.53694010 5.01460409 27.35437965
v -4.52147913 5.03168678 26.93016052
v -4.73084688 5.04884100 27.33403015
v -4.73084688 5.04884100 27.33403015
v -4.52147913 5.03168678 26.93016052
v -4.73306179 5.08312607 26.91665077
v -4.73084688 5.04884100 27.33403015
v -4.73306179 5.08312607 26.91665077
v -4.89678001 5.15595484 27.32065010
v -4.89678001 5.15595484 27.32065010
v -4.73306179 5.08312607 26.91665077
v -4.90285301 5.21989918 26.90888977
v -4.89678001 5.15595484 27.32065010
v -4.90285301 5.21989918 26.90888977
v -5.00872993 5.31915808 27.31633949
v -5.00872993 5.31915808 27.31633949
v -4.90285301 5.21989918 26.90888977
v -4.99852705 5.41596603 26.90834999
v -5.20168209 4.64215517 28.68221092
v -5.22707081 4.61179209 28.73683929
v -5.20069313 4.62666178 28.75678062
v -4.89678001 5.15595484 27.32065010
v -5.00872993 5.31915808 27.31633949
v -5.01683378 5.23318911 27.60144043
v -4.73084688 5.04884100 27.33403015
v -4.89678001 5.15595484 27.32065010
v -4.89714622 5.09900904 27.61244965
v -4.89678001 5.15595484 27.32065010
v -5.01683378 5.23318911 27.60144043
v -4.89714622 5.09900904 27.61244965
v -4.89714622 5.09900904 27.61244965
v -5.01683378 5.23318911 27.60144043
v -5.03132391 5.12294102 27.89819908
v -4.89714622 5.09900904 27.61244965
v -5.03132391 5.12294102 27.89819908
v -4.91108894 5.02389383 27.92130089
v -4.91108894 5.02389383 27.92130089
v -5.03132391 5.12294102 27.89819908
v -5.05149078 5.01043606 28.14937019
v -4.91108894 5.02389383 27.92130089
v -5.05149078 5.01043606 28.14937019
v -4.94195890 4.94345188 28.18734932
v -4.94195890 4.94345188 28.18734932
v -5.05149078 5.01043606 28.14937019
v -5.06385994 4.95483112 28.25860023
v -4.94195890 4.94345188 28.18734932
v -5.06385994 4.95483112 28.25860023
v -4.96423388 4.90167379 28.30419922
v -4.96423388 4.90167379 28.30419922
v -5.06385994 4.95483112 28.25860023
v -5.08560801 4.87374401 28.40193939
v -4.96423388 4.90167379 28.30419922
v -5.08560801 4.87374401 28.40193939
v -5.00691509 4.83729696 28.45783997
v -5.00691509 4.83729696 28.45783997
v -5.08560801 4.87374401 28.40193939
v -5.09359980 4.84835911 28.44285011
v -5.00691509 4.83729696 28.45783997
v -5.09359980 4.84835911 28.44285011
v -5.02336884 4.81600380 28.50148010
v -5.02336884 4.81600380 28.50148010
v -5.09359980 4.84835911 28.44285011
v -5.11315298 4.79514503 28.52140999
v -5.02336884 4.81600380 28.50148010
v -5.11315298 4.79514503 28.52140999
v -5.06472778 4.76865578 28.58412933
v -5.06472778 4.76865578 28.58412933
v -5.11315298 4.79514503 28.52140999
v -5.11820507 4.78341293 28.53710938
v -5.06472778 4.76865578 28.58412933
v -5.11820507 4.78341293 28.53710938
v -5.07559013 4.75751019 28.60025024
v -5.07559013 4.75751019 28.60025024
v -5.11820507 4.78341293 28.53710938
v -5.12585783 4.76726294 28.55738068
v -5.07559013 4.75751019 28.60025024
v -5.12585783 4.76726294 28.55738068
v -5.11072016 4.72494316 28.63752937
v -5.12585783 4.76726294 28.55738068
v -5.13444519 4.75160122 28.57500076
v -5.11072016 4.72494316 28.63752937
v -5.11072016 4.72494316 28.63752937
v -5.13444519 4.75160122 28.57500076
v -5.14501095 4.73627901 28.58871078
v -5.11072016 4.72494316 28.63752937
v -5.14501095 4.73627901 28.58871078
v -5.13355112 4.70681381 28.64908028
v -5.13355112 4.70681381 28.64908028
v -5.14501095 4.73627901 28.58871078
v -5.15196609 4.72893810 28.59235954
v -5.13355112 4.70681381 28.64908028
v -5.15196609 4.72893810 28.59235954
v -5.14845610 4.69649696 28.65044022
v -5.14845610 4.69649696 28.65044022
v -5.15196609 4.72893810 28.59235954
v -5.15713310 4.72514391 28.59188080
v -5.14845610 4.69649696 28.65044022
v -5.15713310 4.72514391 28.59188080
v -5.15941000 4.68983603 28.64776039
v -5.15941000 4.68983603 28.64776039
v -5.15713310 4.72514391 28.59188080
v -5.16204309 4.72306681 28.58852005
v -5.15941000 4.68983603 28.64776039
v -5.16204309 4.72306681 28.58852005
v -5.16968203 4.68445206 28.64187050
v -5.16968203 4.68445206 28.64187050
v -5.16204309 4.72306681 28.58852005
v -5.16798878 4.72292995 28.57992935
v -5.16798878 4.72292995 28.57992935
v -5.18186808 4.67942715 28.62957954
v -5.16968203 4.68445206 28.64187050
v -5.16968203 4.68445206 28.64187050
v -5.18186808 4.67942715 28.62957954
v -5.18264103 4.65212679 28.69828033
v -5.16968203 4.68445206 28.64187050
v -5.18264103 4.65212679 28.69828033
v -5.15941000 4.68983603 28.64776039
v -5.15941000 4.68983603 28.64776039
v -5.18264103 4.65212679 28.69828033
v -5.16664600 4.66099024 28.70682907
v -5.15941000 4.68983603 28.64776039
v -5.16664600 4.66099024 28.70682907
v -5.14845610 4.69649696 28.65044022
v -5.14845610 4.69649696 28.65044022
v -5.16664600 4.66099024 28.70682907
v -5.14962101 4.67080402 28.71188927
v -5.14845610 4.69649696 28.65044022
v -5.14962101 4.67080402 28.71188927
v -5.13355112 4.70681381 28.64908028
v -5.13355112 4.70681381 28.64908028
v -5.14962101 4.67080402 28.71188927
v -5.12648392 4.68465424 28.71313095
v -5.13355112 4.70681381 28.64908028
v -5.12648392 4.68465424 28.71313095
v -5.11072016 4.72494316 28.63752937
v -5.11072016 4.72494316 28.63752937
v -5.12648392 4.68465424 28.71313095
v -5.09105682 4.70679379 28.70437050
v -5.11072016 4.72494316 28.63752937
v -5.09105682 4.70679379 28.70437050
v -5.07559013 4.75751019 28.60025024
v -5.07559013 4.75751019 28.60025024
v -5.09105682 4.70679379 28.70437050
v -5.03643513 4.74276304 28.66897011
v -5.06472778 4.76865578 28.58412933
v -5.06472778 4.76865578 28.58412933
v -5.03643513 4.74276304 28.66897011
v -5.01949215 4.75433779 28.65288925
v -5.06472778 4.76865578 28.58412933
v -5.01949215 4.75433779 28.65288925
v -5.02336884 4.81600380 28.50148010
v -5.02336884 4.81600380 28.50148010
v -5.01949215 4.75433779 28.65288925
v -4.95457697 4.80060816 28.56817055
v -5.02336884 4.81600380 28.50148010
v -4.95457697 4.80060816 28.56817055
v -5.00691509 4.83729696 28.45783997
v -5.00691509 4.83729696 28.45783997
v -4.95457697 4.80060816 28.56817055
v -4.92850780 4.82016993 28.52268982
v -5.00691509 4.83729696 28.45783997
v -4.92850780 4.82016993 28.52268982
v -4.96423388 4.90167379 28.30419922
v -4.96423388 4.90167379 28.30419922
v -4.92850780 4.82016993 28.52268982
v -4.85979891 4.87551022 28.36111069
v -4.94195890 4.94345188 28.18734932
v -4.94195890 4.94345188 28.18734932
v -4.85979891 4.87551022 28.36111069
v -4.82288885 4.90871191 28.23777008
v -4.91108894 5.02389383 27.92130089
v -4.91108894 5.02389383 27.92130089
v -4.82288885 4.90871191 28.23777008
v -4.76871777 4.96721983 27.95762062
v -4.91108894 5.02389383 27.92130089
v -4.76871777 4.96721983 27.95762062
v -4.89714622 5.09900904 27.61244965
v -4.89714622 5.09900904 27.61244965
v -4.76871777 4.96721983 27.95762062
v -4.73901701 5.01577997 27.63524055
v -4.89714622 5.09900904 27.61244965
v -4.73901701 5.01577997 27.63524055
v -4.73084688 5.04884100 27.33403015
v -4.73084688 5.04884100 27.33403015
v -4.73901701 5.01577997 27.63524055
v -4.53694010 5.01460409 27.35437965
v -5.18186808 4.67942715 28.62957954
v -5.20168209 4.64215517 28.68221092
v -5.18264103 4.65212679 28.69828033
v -5.18264103 4.65212679 28.69828033
v -5.20168209 4.64215517 28.68221092
v -5.20069313 4.62666178 28.75678062
v -5.18264103 4.65212679 28.69828033
v -5.20069313 4.62666178 28.75678062
v -5.16664600 4.66099024 28.70682907
v -5.17871189 4.63910723 28.76806068
v -5.16664600 4.66099024 28.70682907
v -5.17871189 4.63910723 28.76806068
v -5.14962101 4.67080402 28.71188927
v -5.15543795 4.65231514 28.77561951
v -5.14962101 4.67080402 28.71188927
v -5.15543795 4.65231514 28.77561951
v -5.12648392 4.68465424 28.71313095
v -5.12648392 4.68465424 28.71313095
v -5.15543795 4.65231514 28.77561951
v -5.12394190 4.67021179 28.77968025
v -5.12648392 4.68465424 28.71313095
v -5.12394190 4.67021179 28.77968025
v -5.09105682 4.70679379 28.70437050
v -5.09105682 4.70679379 28.70437050
v -5.12394190 4.67021179 28.77968025
v -5.07586479 4.69752979 28.77412987
v -5.09105682 4.70679379 28.70437050
v -5.07586479 4.69752979 28.77412987
v -5.03643513 4.74276304 28.66897011
v -5.03643513 4.74276304 28.66897011
v -5.07586479 4.69752979 28.77412987
v -5.00175381 4.73955202 28.74148941
v -5.03643513 4.74276304 28.66897011
v -5.00175381 4.73955202 28.74148941
v -5.01949215 4.75433779 28.65288925
v -5.01949215 4.75433779 28.65288925
v -5.00175381 4.73955202 28.74148941
v -4.97870588 4.75259018 28.72579002
v -4.95457697 4.80060816 28.56817055
v -4.95457697 4.80060816 28.56817055
v -4.97870588 4.75259018 28.72579002
v -4.88981724 4.80275297 28.64039993
v -4.95457697 4.80060816 28.56817055
v -4.88981724 4.80275297 28.64039993
v -4.92850780 4.82016993 28.52268982
v -4.92850780 4.82016993 28.52268982
v -4.88981724 4.80275297 28.64039993
v -4.85372686 4.82309103 28.59371948
v -4.85979891 4.87551022 28.36111069
v -4.85979891 4.87551022 28.36111069
v -4.85372686 4.82309103 28.59371948
v -4.75675011 4.87789202 28.42596054
v -4.85979891 4.87551022 28.36111069
v -4.75675011 4.87789202 28.42596054
v -4.82288885 4.90871191 28.23777008
v -4.82288885 4.90871191 28.23777008
v -4.75675011 4.87789202 28.42596054
v -4.70281887 4.90870905 28.29701996
v -4.82288885 4.90871191 28.23777008
v -4.70281887 4.90870905 28.29701996
v -4.76871777 4.96721983 27.95762062
v -4.76871777 4.96721983 27.95762062
v -4.70281887 4.90870905 28.29701996
v -4.61833382 4.95854092 28.00354958
v -4.76871777 4.96721983 27.95762062
v -4.61833382 4.95854092 28.00354958
v -4.73901701 5.01577997 27.63524055
v -4.73901701 5.01577997 27.63524055
v -4.61833382 4.95854092 28.00354958
v -4.56297493 4.99430609 27.66683960
v -4.73901701 5.01577997 27.63524055
v -4.56297493 4.99430609 27.66683960
v -4.53694010 5.01460409 27.35437965
v -4.53694010 5.01460409 27.35437965
v -4.56297493 4.99430609 27.66683960
v -4.34545422 5.05860996 27.37850952
v -4.34545422 5.05860996 27.37850952
v -4.56297493 4.99430609 27.66683960
v -4.39187002 5.03737307 27.70314980
v -4.39187002 5.03737307 27.70314980
v -4.56297493 4.99430609 27.66683960
v -4.61833382 4.95854092 28.00354958
v -4.39187002 5.03737307 27.70314980
v -4.61833382 4.95854092 28.00354958
v -4.47485495 4.99871922 28.05454063
v -4.47485495 4.99871922 28.05454063
v -4.61833382 4.95854092 28.00354958
v -4.70281887 4.90870905 28.29701996
v -4.47485495 4.99871922 28.05454063
v -4.70281887 4.90870905 28.29701996
v -4.59036016 4.94344187 28.36083984
v -4.59036016 4.94344187 28.36083984
v -4.70281887 4.90870905 28.29701996
v -4.75675011 4.87789202 28.42596054
v -4.59036016 4.94344187 28.36083984
v -4.75675011 4.87789202 28.42596054
v -4.66119909 4.90867805 28.49489975
v -4.66119909 4.90867805 28.49489975
v -4.75675011 4.87789202 28.42596054
v -4.85372686 4.82309103 28.59371948
v -4.66119909 4.90867805 28.49489975
v -4.85372686 4.82309103 28.59371948
v -4.78575611 4.84593678 28.66790009
v -4.78575611 4.84593678 28.66790009
v -4.85372686 4.82309103 28.59371948
v -4.88981724 4.80275297 28.64039993
v -4.78575611 4.84593678 28.66790009
v -4.88981724 4.80275297 28.64039993
v -4.83152819 4.82235718 28.71546936
v -4.83152819 4.82235718 28.71546936
v -4.88981724 4.80275297 28.64039993
v -4.97870588 4.75259018 28.72579002
v -4.83152819 4.82235718 28.71546936
v -4.97870588 4.75259018 28.72579002
v -4.94351101 4.76346111 28.80076981
v -4.94351101 4.76346111 28.80076981
v -4.97870588 4.75259018 28.72579002
v -5.00175381 4.73955202 28.74148941
v -4.94351101 4.76346111 28.80076981
v -5.00175381 4.73955202 28.74148941
v -4.97244501 4.74796104 28.81595039
v -4.97244501 4.74796104 28.81595039
v -5.00175381 4.73955202 28.74148941
v -5.07586479 4.69752979 28.77412987
v -4.97244501 4.74796104 28.81595039
v -5.07586479 4.69752979 28.77412987
v -5.06545877 4.69734287 28.84536934
v -5.06545877 4.69734287 28.84536934
v -5.07586479 4.69752979 28.77412987
v -5.12394190 4.67021179 28.77968025
v -5.06545877 4.69734287 28.84536934
v -5.12394190 4.67021179 28.77968025
v -5.12597084 4.66375494 28.84749031
v -5.12597084 4.66375494 28.84749031
v -5.12394190 4.67021179 28.77968025
v -5.15543795 4.65231514 28.77561951
v -5.16580677 4.64135885 28.84049988
v -5.16580677 4.64135885 28.84049988
v -5.15543795 4.65231514 28.77561951
v -5.17871189 4.63910723 28.76806068
v -5.19540024 4.62457323 28.83039093
v -5.19540024 4.62457323 28.83039093
v -5.17871189 4.63910723 28.76806068
v -5.20069313 4.62666178 28.75678062
v -5.22351980 4.60850382 28.81632042
v -5.22707081 4.61179209 28.73683929
v -5.22351980 4.60850382 28.81632042
v -5.22707081 4.61179209 28.73683929
v -5.25757408 4.58889008 28.79248047
v 2.52636909 5.17553520 30.80623055
v 3.23657894 4.96168423 30.60563087
v 2.49062395 5.18487406 30.99587059
v -3.23657894 4.96168423 30.60563087
v -2.52718711 5.17539787 30.80633926
v -2.49062395 5.18487406 30.99587059
v -2.49062395 5.18487406 30.99587059
v -2.52718711 5.17539787 30.80633926
v -2.24119902 5.24561596 30.87039948
v -2.49062395 5.18487406 30.99587059
v -2.24119902 5.24561596 30.87039948
v -1.68847299 5.35642099 31.28483963
v -1.68847299 5.35642099 31.28483963
v -2.24119902 5.24561596 30.87039948
v -1.78250396 5.33985090 30.95498085
v -1.68847299 5.35642099 31.28483963
v -1.78250396 5.33985090 30.95498085
v -0.84485501 5.46424723 31.46220970
v -0.84485501 5.46424723 31.46220970
v -1.78250396 5.33985090 30.95498085
v -1.02613902 5.44721317 31.05001068
v -0.84485501 5.46424723 31.46220970
v -1.02613902 5.44721317 31.05001068
v 0.00000000 5.50000000 31.52036095
v 0.00000000 5.50000000 31.52036095
v -1.02613902 5.44721317 31.05001068
v -0.26122209 5.49658823 31.09336090
v -0.26122209 5.49658823 31.09336090
v 0.00000000 5.49999809 31.09634018
v 0.00000000 5.50000000 31.52036095
v 0.00000000 5.50000000 31.52036095
v 0.00000000 5.49999809 31.09634018
v 0.20779750 5.49779606 31.09444046
v 0.00000000 5.50000000 31.52036095
v 0.20779750 5.49779606 31.09444046
v 0.84485501 5.46424723 31.46220970
v 0.84485501 5.46424723 31.46220970
v 0.20779750 5.49779606 31.09444046
v 0.99546218 5.45011282 31.05261040
v 0.84485501 5.46424723 31.46220970
v 0.99546218 5.45011282 31.05261040
v 1.68847299 5.35642099 31.28483963
v 0.99546218 5.45011282 31.05261040
v 1.77188098 5.34175301 30.95639038
v 1.68847299 5.35642099 31.28483963
v 1.68847299 5.35642099 31.28483963
v 1.77188098 5.34175301 30.95639038
v 2.14570904 5.26706982 30.88941002
v 1.68847299 5.35642099 31.28483963
v 2.14570904 5.26706982 30.88941002
v 2.49062395 5.18487406 30.99587059
v 2.49062395 5.18487406 30.99587059
v 2.14570904 5.26706982 30.88941002
v 2.24112511 5.24560213 30.87002945
v 2.49062395 5.18487406 30.99587059
v 2.24112511 5.24560213 30.87002945
v 2.52636909 5.17553520 30.80623055
v -4.86260414 4.77147722 29.52750015
v -4.85773802 4.74170208 29.56632996
v -4.48488522 4.92890692 29.93560982
v -4.85710096 4.73780203 29.57140923
v -4.85710096 4.73780203 29.57140923
v -4.85447693 4.70452785 29.59206009
v -4.48184204 4.85494280 29.96969032
v -4.48184204 4.85494280 29.96969032
v -4.85447693 4.70452785 29.59206009
v -4.85349083 4.66741180 29.59976959
v -4.86909819 4.78995609 29.47451973
v -4.86796522 4.78673315 29.48376083
v -4.46434498 4.98808479 29.88336945
v -4.86712599 4.78434420 29.49061012
v -0.68692851 5.96327591 31.55916023
v 0.00000000 5.97160387 31.62303925
v 0.00000000 5.99592304 31.56044006
v 0.00000000 5.80021811 31.72035027
v 0.00000000 5.86390591 31.70985031
v -0.30427670 5.79593801 31.71331978
v -0.30427670 5.79593801 31.71331978
v 0.00000000 5.86390591 31.70985031
v -0.69122922 5.84940815 31.67095947
v -3.36214304 5.26989508 30.80220032
v -3.28337407 5.29507923 30.84794998
v -3.37717795 5.30768681 30.78828049
v -3.37717795 5.30768681 30.78828049
v -3.28337407 5.29507923 30.84794998
v -2.67205596 5.46878719 31.15658951
v -3.37717795 5.30768681 30.78828049
v -2.67205596 5.46878719 31.15658951
v -2.75659895 5.49969101 31.11100006
v -2.75659895 5.49969101 31.11100006
v -2.67205596 5.46878719 31.15658951
v -2.09544396 5.59773397 31.37966919
v -2.75659895 5.49969101 31.11100006
v -2.09544396 5.59773397 31.37966919
v -2.09700489 5.65842390 31.36920929
v -2.09700489 5.65842390 31.36920929
v -2.09544396 5.59773397 31.37966919
v -1.52399194 5.69340706 31.54236031
v -2.09700489 5.65842390 31.36920929
v -1.52399194 5.69340706 31.54236031
v -1.40541506 5.77683115 31.55739021
v -1.40541506 5.77683115 31.55739021
v -1.52399194 5.69340706 31.54236031
v -0.96270549 5.75764084 31.64991951
v -1.40541506 5.77683115 31.55739021
v -0.96270549 5.75764084 31.64991951
v -0.69122922 5.84940815 31.67095947
v -0.69122922 5.84940815 31.67095947
v -0.96270549 5.75764084 31.64991951
v -0.70424992 5.77743483 31.68275070
v -0.69122922 5.84940815 31.67095947
v -0.70424992 5.77743483 31.68275070
v -0.30427670 5.79593801 31.71331978
v -3.36214304 5.26989508 30.80220032
v -3.37717795 5.30768681 30.78828049
v -3.82520604 5.10874701 30.50217056
v -3.82520604 5.10874701 30.50217056
v -3.37717795 5.30768681 30.78828049
v -3.95342207 5.09005404 30.40626907
v -3.82520604 5.10874701 30.50217056
v -3.95342207 5.09005404 30.40626907
v -4.36419392 4.89041615 30.07638931
v -4.36419392 4.89041615 30.07638931
v -3.95342207 5.09005404 30.40626907
v -4.48184204 4.85494280 29.96969032
v -4.36419392 4.89041615 30.07638931
v -4.48184204 4.85494280 29.96969032
v -4.49152708 4.83375788 29.96163940
v -4.49152708 4.83375788 29.96163940
v -4.48184204 4.85494280 29.96969032
v -4.85349083 4.66741180 29.59976959
v -4.49152708 4.83375788 29.96163940
v -4.85349083 4.66741180 29.59976959
v -4.85347509 4.66166115 29.59989929
v 0.00000000 5.86390591 31.70985031
v 0.00000000 5.92793512 31.67404938
v -0.69122922 5.84940815 31.67095947
v -0.69122922 5.84940815 31.67095947
v 0.00000000 5.92793512 31.67404938
v -0.69106013 5.91791296 31.62681961
v -0.69122922 5.84940815 31.67095947
v -0.69106013 5.91791296 31.62681961
v -1.40541506 5.77683115 31.55739021
v -1.40541506 5.77683115 31.55739021
v -0.69106013 5.91791296 31.62681961
v -1.40519202 5.84581280 31.51399040
v -1.40541506 5.77683115 31.55739021
v -1.40519202 5.84581280 31.51399040
v -2.09700489 5.65842390 31.36920929
v -2.09700489 5.65842390 31.36920929
v -1.40519202 5.84581280 31.51399040
v -2.09695005 5.72814798 31.32702065
v -2.09700489 5.65842390 31.36920929
v -2.09695005 5.72814798 31.32702065
v -2.75659895 5.49969101 31.11100006
v -2.75659895 5.49969101 31.11100006
v -2.09695005 5.72814798 31.32702065
v -2.75698304 5.57034779 31.07040024
v -2.75659895 5.49969101 31.11100006
v -2.75698304 5.57034779 31.07040024
v -3.37717795 5.30768681 30.78828049
v -3.37717795 5.30768681 30.78828049
v -2.75698304 5.57034779 31.07040024
v -3.37825990 5.37939787 30.74958038
v -3.37717795 5.30768681 30.78828049
v -3.37825990 5.37939787 30.74958038
v -3.95342207 5.09005404 30.40626907
v -3.95342207 5.09005404 30.40626907
v -3.37825990 5.37939787 30.74958038
v -3.95541692 5.16287994 30.36974907
v -3.95342207 5.09005404 30.40626907
v -3.95541692 5.16287994 30.36974907
v -4.48184204 4.85494280 29.96969032
v -4.48184204 4.85494280 29.96969032
v -3.95541692 5.16287994 30.36974907
v -4.48488522 4.92890692 29.93560982
v -4.48184204 4.85494280 29.96969032
v -4.48488522 4.92890692 29.93560982
v -4.85710096 4.73780203 29.57140923
v 0.00000000 5.92793512 31.67404938
v 0.00000000 5.97160387 31.62303925
v -0.69106013 5.91791296 31.62681961
v -0.69106013 5.91791296 31.62681961
v 0.00000000 5.97160387 31.62303925
v -0.68692851 5.96327591 31.55916023
v -0.69106013 5.91791296 31.62681961
v -0.68692851 5.96327591 31.55916023
v -1.40519202 5.84581280 31.51399040
v -1.40519202 5.84581280 31.51399040
v -0.68692851 5.96327591 31.55916023
v -1.39697504 5.89230204 31.44747925
v -1.40519202 5.84581280 31.51399040
v -1.39697504 5.89230204 31.44747925
v -2.09695005 5.72814798 31.32702065
v -2.09695005 5.72814798 31.32702065
v -1.39697504 5.89230204 31.44747925
v -2.08510709 5.77642012 31.26235008
v -2.09695005 5.72814798 31.32702065
v -2.08510709 5.77642012 31.26235008
v -2.75698304 5.57034779 31.07040024
v -2.75698304 5.57034779 31.07040024
v -2.08510709 5.77642012 31.26235008
v -2.74210310 5.62092113 31.00815964
v -2.75698304 5.57034779 31.07040024
v -2.74210310 5.62092113 31.00815964
v -3.37825990 5.37939787 30.74958038
v -3.37825990 5.37939787 30.74958038
v -2.74210310 5.62092113 31.00815964
v -3.36095500 5.43263721 30.69025040
v -3.37825990 5.37939787 30.74958038
v -3.36095500 5.43263721 30.69025040
v -3.95541692 5.16287994 30.36974907
v -3.95541692 5.16287994 30.36974907
v -3.36095500 5.43263721 30.69025040
v -3.93625903 5.21901989 30.31377029
v -3.95541692 5.16287994 30.36974907
v -3.93625903 5.21901989 30.31377029
v -4.48488522 4.92890692 29.93560982
v -4.48488522 4.92890692 29.93560982
v -3.93625903 5.21901989 30.31377029
v -4.46434498 4.98808479 29.88336945
v -4.48488522 4.92890692 29.93560982
v -4.46434498 4.98808479 29.88336945
v -4.86260414 4.77147722 29.52750015
v -4.86260414 4.77147722 29.52750015
v -4.88089514 4.79660511 29.37472916
v -4.86909819 4.78995609 29.47451973
v -4.42734385 5.02094698 29.82653999
v -4.42734385 5.02094698 29.82653999
v -4.86909819 4.78995609 29.47451973
v -4.46434498 4.98808479 29.88336945
v -4.42734385 5.02094698 29.82653999
v -4.46434498 4.98808479 29.88336945
v -3.90249991 5.24782705 30.25285912
v -3.90249991 5.24782705 30.25285912
v -4.46434498 4.98808479 29.88336945
v -3.93625903 5.21901989 30.31377029
v -3.90249991 5.24782705 30.25285912
v -3.93625903 5.21901989 30.31377029
v -3.33110309 5.45759201 30.62571907
v -3.33110309 5.45759201 30.62571907
v -3.93625903 5.21901989 30.31377029
v -3.36095500 5.43263721 30.69025040
v -3.33110309 5.45759201 30.62571907
v -3.36095500 5.43263721 30.69025040
v -2.71692204 5.64236403 30.94045067
v -2.71692204 5.64236403 30.94045067
v -3.36095500 5.43263721 30.69025040
v -2.74210310 5.62092113 31.00815964
v -2.71692204 5.64236403 30.94045067
v -2.74210310 5.62092113 31.00815964
v -2.06538606 5.79485607 31.19198990
v -2.06538606 5.79485607 31.19198990
v -2.74210310 5.62092113 31.00815964
v -2.08510709 5.77642012 31.26235008
v -2.06538606 5.79485607 31.19198990
v -2.08510709 5.77642012 31.26235008
v -1.38345599 5.90842104 31.37512016
v -1.38345599 5.90842104 31.37512016
v -2.08510709 5.77642012 31.26235008
v -1.39697504 5.89230204 31.44747925
v -1.38345599 5.90842104 31.37512016
v -1.39697504 5.89230204 31.44747925
v -0.92154717 5.95947599 31.45632935
v -0.92154717 5.95947599 31.45632935
v -1.39697504 5.89230204 31.44747925
v -0.68692851 5.96327591 31.55916023
v -0.92154717 5.95947599 31.45632935
v -0.68692851 5.96327591 31.55916023
v -0.68018228 5.97794104 31.48554993
v -0.68018228 5.97794104 31.48554993
v -0.68692851 5.96327591 31.55916023
v 0.00000000 5.99592304 31.56044006
v -0.68018228 5.97794104 31.48554993
v 0.00000000 5.99592304 31.56044006
v 0.00000000 5.99999189 31.52038956
v 4.86909819 4.78995609 29.47451973
v 4.88089514 4.79660511 29.37472916
v 4.42734385 5.02094698 29.82653999
v 0.17456810 5.79875278 31.71805000
v 0.70408791 5.77732420 31.68276978
v 0.69122922 5.84940815 31.67095947
v 0.69106013 5.91791296 31.62681961
v 0.00000000 5.92793512 31.67404938
v 0.00000000 5.86390591 31.70985031
v 0.00000000 5.99592304 31.56044006
v 0.00000000 5.97160387 31.62303925
v 0.68692851 5.96327591 31.55916023
v 0.68692851 5.96327591 31.55916023
v 0.00000000 5.97160387 31.62303925
v 0.00000000 5.92793512 31.67404938
v 4.86909819 4.78995609 29.47451973
v 4.42734385 5.02094698 29.82653999
v 4.86796522 4.78673315 29.48376083
v 4.46434498 4.98808479 29.88336945
v 4.86260414 4.77147722 29.52750015
v 4.86785316 4.78505278 29.49094009
v 4.48184204 4.85494280 29.96969032
v 4.85349083 4.66741180 29.59976959
v 4.85447693 4.70452785 29.59206009
v 4.85835314 4.74208593 29.56669998
v 4.48488522 4.92890692 29.93560982
v 4.85723019 4.73789120 29.57150078
v 4.49149609 4.83366203 29.96166992
v 4.85347509 4.66166115 29.59989929
v 4.85349083 4.66741180 29.59976959
v 3.37717795 5.30768681 30.78828049
v 3.83516502 5.10501385 30.49508095
v 3.95342207 5.09005404 30.40626907
v 3.95342207 5.09005404 30.40626907
v 3.83516502 5.10501385 30.49508095
v 4.36821413 4.88865805 30.07286072
v 3.95342207 5.09005404 30.40626907
v 4.36821413 4.88865805 30.07286072
v 4.48184204 4.85494280 29.96969032
v 4.48184204 4.85494280 29.96969032
v 4.36821413 4.88865805 30.07286072
v 4.49149609 4.83366203 29.96166992
v 4.48184204 4.85494280 29.96969032
v 4.49149609 4.83366203 29.96166992
v 4.85349083 4.66741180 29.59976959
v 0.70408791 5.77732420 31.68276978
v 0.80887192 5.77005482 31.67070961
v 0.69122922 5.84940815 31.67095947
v 0.69122922 5.84940815 31.67095947
v 0.80887192 5.77005482 31.67070961
v 1.46203601 5.70187712 31.55676079
v 0.69122922 5.84940815 31.67095947
v 1.46203601 5.70187712 31.55676079
v 1.40541506 5.77683115 31.55739021
v 1.40541506 5.77683115 31.55739021
v 1.46203601 5.70187712 31.55676079
v 2.09463501 5.59729099 31.37994957
v 1.40541506 5.77683115 31.55739021
v 2.09463501 5.59729099 31.37994957
v 2.09700489 5.65842390 31.36920929
v 2.09700489 5.65842390 31.36920929
v 2.09463501 5.59729099 31.37994957
v 2.72323895 5.45532608 31.13377953
v 2.09700489 5.65842390 31.36920929
v 2.72323895 5.45532608 31.13377953
v 2.75659895 5.49969101 31.11100006
v 2.75659895 5.49969101 31.11100006
v 2.72323895 5.45532608 31.13377953
v 3.30823398 5.28717613 30.83365059
v 2.75659895 5.49969101 31.11100006
v 3.30823398 5.28717613 30.83365059
v 3.37717795 5.30768681 30.78828049
v 3.37717795 5.30768681 30.78828049
v 3.30823398 5.28717613 30.83365059
v 3.36204100 5.26987505 30.80223083
v 3.37717795 5.30768681 30.78828049
v 3.36204100 5.26987505 30.80223083
v 3.83516502 5.10501385 30.49508095
v 0.00000000 5.99999189 31.52038956
v 0.00000000 5.99592304 31.56044006
v 0.68018228 5.97794104 31.48554993
v 0.68018228 5.97794104 31.48554993
v 0.00000000 5.99592304 31.56044006
v 0.68692851 5.96327591 31.55916023
v 0.68018228 5.97794104 31.48554993
v 0.68692851 5.96327591 31.55916023
v 0.92154717 5.95947599 31.45632935
v 0.92154717 5.95947599 31.45632935
v 0.68692851 5.96327591 31.55916023
v 1.39697504 5.89230204 31.44747925
v 4.86785316 4.78505278 29.49094009
v 4.86796522 4.78673315 29.48376083
v 4.46434498 4.98808479 29.88336945
v 4.46434498 4.98808479 29.88336945
v 4.86796522 4.78673315 29.48376083
v 4.42734385 5.02094698 29.82653999
v 4.46434498 4.98808479 29.88336945
v 4.42734385 5.02094698 29.82653999
v 3.93625903 5.21901989 30.31377029
v 3.93625903 5.21901989 30.31377029
v 4.42734385 5.02094698 29.82653999
v 3.90249991 5.24782705 30.25285912
v 3.93625903 5.21901989 30.31377029
v 3.90249991 5.24782705 30.25285912
v 3.36095500 5.43263721 30.69025040
v 3.36095500 5.43263721 30.69025040
v 3.90249991 5.24782705 30.25285912
v 3.33110309 5.45759201 30.62571907
v 3.36095500 5.43263721 30.69025040
v 3.33110309 5.45759201 30.62571907
v 2.74210310 5.62092113 31.00815964
v 2.74210310 5.62092113 31.00815964
v 3.33110309 5.45759201 30.62571907
v 2.71692204 5.64236403 30.94045067
v 2.74210310 5.62092113 31.00815964
v 2.71692204 5.64236403 30.94045067
v 2.08510709 5.77642012 31.26235008
v 2.08510709 5.77642012 31.26235008
v 2.71692204 5.64236403 30.94045067
v 2.06538606 5.79485607 31.19198990
v 2.08510709 5.77642012 31.26235008
v 2.06538606 5.79485607 31.19198990
v 1.39697504 5.89230204 31.44747925
v 1.39697504 5.89230204 31.44747925
v 2.06538606 5.79485607 31.19198990
v 1.38345599 5.90842104 31.37512016
v 1.39697504 5.89230204 31.44747925
v 1.38345599 5.90842104 31.37512016
v 0.92154717 5.95947599 31.45632935
v 0.00000000 5.92793512 31.67404938
v 0.69106013 5.91791296 31.62681961
v 0.68692851 5.96327591 31.55916023
v 0.68692851 5.96327591 31.55916023
v 0.69106013 5.91791296 31.62681961
v 1.40519202 5.84581280 31.51399040
v 0.68692851 5.96327591 31.55916023
v 1.40519202 5.84581280 31.51399040
v 1.39697504 5.89230204 31.44747925
v 1.39697504 5.89230204 31.44747925
v 1.40519202 5.84581280 31.51399040
v 2.09695005 5.72814798 31.32702065
v 1.39697504 5.89230204 31.44747925
v 2.09695005 5.72814798 31.32702065
v 2.08510709 5.77642012 31.26235008
v 2.08510709 5.77642012 31.26235008
v 2.09695005 5.72814798 31.32702065
v 2.75698304 5.57034779 31.07040024
v 2.08510709 5.77642012 31.26235008
v 2.75698304 5.57034779 31.07040024
v 2.74210310 5.62092113 31.00815964
v 2.74210310 5.62092113 31.00815964
v 2.75698304 5.57034779 31.07040024
v 3.37825990 5.37939787 30.74958038
v 2.74210310 5.62092113 31.00815964
v 3.37825990 5.37939787 30.74958038
v 3.36095500 5.43263721 30.69025040
v 3.36095500 5.43263721 30.69025040
v 3.37825990 5.37939787 30.74958038
v 3.95541692 5.16287994 30.36974907
v 3.36095500 5.43263721 30.69025040
v 3.95541692 5.16287994 30.36974907
v 3.93625903 5.21901989 30.31377029
v 3.93625903 5.21901989 30.31377029
v 3.95541692 5.16287994 30.36974907
v 4.48488522 4.92890692 29.93560982
v 3.93625903 5.21901989 30.31377029
v 4.48488522 4.92890692 29.93560982
v 4.46434498 4.98808479 29.88336945
v 4.46434498 4.98808479 29.88336945
v 4.48488522 4.92890692 29.93560982
v 4.85835314 4.74208593 29.56669998
v 4.46434498 4.98808479 29.88336945
v 4.85835314 4.74208593 29.56669998
v 4.86260414 4.77147722 29.52750015
v 0.00000000 5.80021811 31.72035027
v 0.17456810 5.79875278 31.71805000
v 0.00000000 5.86390591 31.70985031
v 0.00000000 5.86390591 31.70985031
v 0.17456810 5.79875278 31.71805000
v 0.69122922 5.84940815 31.67095947
v 0.00000000 5.86390591 31.70985031
v 0.69122922 5.84940815 31.67095947
v 0.69106013 5.91791296 31.62681961
v 0.69106013 5.91791296 31.62681961
v 0.69122922 5.84940815 31.67095947
v 1.40541506 5.77683115 31.55739021
v 0.69106013 5.91791296 31.62681961
v 1.40541506 5.77683115 31.55739021
v 1.40519202 5.84581280 31.51399040
v 1.40519202 5.84581280 31.51399040
v 1.40541506 5.77683115 31.55739021
v 2.09700489 5.65842390 31.36920929
v 1.40519202 5.84581280 31.51399040
v 2.09700489 5.65842390 31.36920929
v 2.09695005 5.72814798 31.32702065
v 2.09695005 5.72814798 31.32702065
v 2.09700489 5.65842390 31.36920929
v 2.75659895 5.49969101 31.11100006
v 2.09695005 5.72814798 31.32702065
v 2.75659895 5.49969101 31.11100006
v 2.75698304 5.57034779 31.07040024
v 2.75698304 5.57034779 31.07040024
v 2.75659895 5.49969101 31.11100006
v 3.37717795 5.30768681 30.78828049
v 2.75698304 5.57034779 31.07040024
v 3.37717795 5.30768681 30.78828049
v 3.37825990 5.37939787 30.74958038
v 3.37825990 5.37939787 30.74958038
v 3.37717795 5.30768681 30.78828049
v 3.95342207 5.09005404 30.40626907
v 3.37825990 5.37939787 30.74958038
v 3.95342207 5.09005404 30.40626907
v 3.95541692 5.16287994 30.36974907
v 3.95541692 5.16287994 30.36974907
v 3.95342207 5.09005404 30.40626907
v 4.48184204 4.85494280 29.96969032
v 3.95541692 5.16287994 30.36974907
v 4.48184204 4.85494280 29.96969032
v 4.48488522 4.92890692 29.93560982
v 4.48488522 4.92890692 29.93560982
v 4.48184204 4.85494280 29.96969032
v 4.85447693 4.70452785 29.59206009
v 4.48488522 4.92890692 29.93560982
v 4.85447693 4.70452785 29.59206009
v 4.85723019 4.73789120 29.57150078
v 2.79243207 5.33398199 31.10203934
v 2.61965394 5.37862206 31.17951012
v 2.60054803 5.31232977 31.17474937
v 2.08037210 5.49862289 31.38468933
v 1.77596104 5.55370283 31.47748947
v 1.76455200 5.49640322 31.47176933
v 1.51943696 5.59316492 31.54347038
v 0.87216872 5.66496801 31.66259956
v 0.88345462 5.61233282 31.65431976
v 0.84485501 5.46424723 31.46220970
v 0.85673541 5.47948503 31.54031944
v 0.00000000 5.50000000 31.52036095
v 0.00000000 5.50000000 31.52036095
v 0.85673541 5.47948503 31.54031944
v 0.00000000 5.51106310 31.58596039
v 0.00000000 5.51106310 31.58596039
v 0.85673541 5.47948503 31.54031944
v 0.00000000 5.54424620 31.64582062
v 0.00000000 5.54424620 31.64582062
v 0.85673541 5.47948503 31.54031944
v 0.87104791 5.53231001 31.61285019
v 0.00000000 5.54424620 31.64582062
v 0.87104791 5.53231001 31.61285019
v 0.00000000 5.57002878 31.67237091
v 0.00000000 5.57002878 31.67237091
v 0.87104791 5.53231001 31.61285019
v 0.00000000 5.59455490 31.69029999
v 0.00000000 5.59455490 31.69029999
v 0.87104791 5.53231001 31.61285019
v 0.88345462 5.61233282 31.65431976
v 0.00000000 5.59455490 31.69029999
v 0.88345462 5.61233282 31.65431976
v 0.00000000 5.65675211 31.71562004
v 0.87216872 5.66496801 31.66259956
v 0.70417970 5.67717886 31.68276024
v 0.88345462 5.61233282 31.65431976
v 0.88345462 5.61233282 31.65431976
v 0.70417970 5.67717886 31.68276024
v 0.22541600 5.69765902 31.71651077
v 0.88345462 5.61233282 31.65431976
v 0.22541600 5.69765902 31.71651077
v 0.00000000 5.65675211 31.71562004
v 0.00000000 5.65675211 31.71562004
v 0.22541600 5.69765902 31.71651077
v 0.00000000 5.69997120 31.72035027
v 2.08037210 5.49862289 31.38468933
v 1.76455200 5.49640322 31.47176933
v 2.16183209 5.48234892 31.35710907
v 2.52407503 5.19298506 31.06859970
v 2.49062395 5.18487406 30.99587059
v 3.23657894 4.96168423 30.60563087
v 3.23657894 4.96168423 30.60563087
v 3.27866292 4.96445322 30.67416954
v 2.52407503 5.19298506 31.06859970
v 2.52407503 5.19298506 31.06859970
v 3.27866292 4.96445322 30.67416954
v 3.33029199 5.00370121 30.73781013
v 2.52407503 5.19298506 31.06859970
v 3.33029199 5.00370121 30.73781013
v 2.56480908 5.23810720 31.13614082
v 2.56480908 5.23810720 31.13614082
v 3.33029199 5.00370121 30.73781013
v 3.37599111 5.07345009 30.77420044
v 2.56480908 5.23810720 31.13614082
v 3.37599111 5.07345009 30.77420044
v 2.60054803 5.31232977 31.17474937
v 2.60054803 5.31232977 31.17474937
v 3.37599111 5.07345009 30.77420044
v 3.40423703 5.15093422 30.77709961
v 2.60054803 5.31232977 31.17474937
v 3.40423703 5.15093422 30.77709961
v 2.79243207 5.33398199 31.10203934
v 1.68847299 5.35642099 31.28483963
v 2.49062395 5.18487406 30.99587059
v 1.71178401 5.36885023 31.36083984
v 1.71178401 5.36885023 31.36083984
v 2.49062395 5.18487406 30.99587059
v 2.52407503 5.19298506 31.06859970
v 1.71178401 5.36885023 31.36083984
v 2.52407503 5.19298506 31.06859970
v 1.73998702 5.41864920 31.43141937
v 1.73998702 5.41864920 31.43141937
v 2.52407503 5.19298506 31.06859970
v 2.56480908 5.23810720 31.13614082
v 1.73998702 5.41864920 31.43141937
v 2.56480908 5.23810720 31.13614082
v 1.76455200 5.49640322 31.47176933
v 1.76455200 5.49640322 31.47176933
v 2.56480908 5.23810720 31.13614082
v 2.60054803 5.31232977 31.17474937
v 1.76455200 5.49640322 31.47176933
v 2.60054803 5.31232977 31.17474937
v 2.16183209 5.48234892 31.35710907
v 2.16183209 5.48234892 31.35710907
v 2.60054803 5.31232977 31.17474937
v 2.61965394 5.37862206 31.17951012
v 0.84485501 5.46424723 31.46220970
v 1.68847299 5.35642099 31.28483963
v 0.85673541 5.47948503 31.54031944
v 0.85673541 5.47948503 31.54031944
v 1.68847299 5.35642099 31.28483963
v 1.71178401 5.36885023 31.36083984
v 0.85673541 5.47948503 31.54031944
v 1.71178401 5.36885023 31.36083984
v 0.87104791 5.53231001 31.61285019
v 0.87104791 5.53231001 31.61285019
v 1.71178401 5.36885023 31.36083984
v 1.73998702 5.41864920 31.43141937
v 0.87104791 5.53231001 31.61285019
v 1.73998702 5.41864920 31.43141937
v 0.88345462 5.61233282 31.65431976
v 0.88345462 5.61233282 31.65431976
v 1.73998702 5.41864920 31.43141937
v 1.76455200 5.49640322 31.47176933
v 0.88345462 5.61233282 31.65431976
v 1.76455200 5.49640322 31.47176933
v 1.51943696 5.59316492 31.54347038
v 1.51943696 5.59316492 31.54347038
v 1.76455200 5.49640322 31.47176933
v 1.77596104 5.55370283 31.47748947
v -2.79815507 5.33220577 31.09936905
v -3.40423703 5.15093422 30.77709961
v -3.37599111 5.07345009 30.77420044
v -2.60054803 5.31232977 31.17474937
v -2.61959910 5.37836504 31.17952919
v -2.79815507 5.33220577 31.09936905
v -1.60352099 5.58063316 31.52305031
v -1.77593005 5.55350399 31.47748947
v -1.76455200 5.49640322 31.47176933
v -1.76455200 5.49640322 31.47176933
v -1.77593005 5.55350399 31.47748947
v -2.08040190 5.49846601 31.38467979
v -1.76455200 5.49640322 31.47176933
v -2.08040190 5.49846601 31.38467979
v -2.18954611 5.47648621 31.34745979
v -0.32185850 5.69501305 31.71252060
v -0.70426071 5.67673492 31.68276024
v -0.88345462 5.61233282 31.65431976
v -0.88345462 5.61233282 31.65431976
v -0.70426071 5.67673492 31.68276024
v -0.88859028 5.66313601 31.66040039
v -0.88345462 5.61233282 31.65431976
v -0.88859028 5.66313601 31.66040039
v -0.98013377 5.65522194 31.64734077
v 0.00000000 5.69997120 31.72035027
v -0.32185850 5.69501305 31.71252060
v 0.00000000 5.65675211 31.71562004
v 0.00000000 5.65675211 31.71562004
v -0.32185850 5.69501305 31.71252060
v -0.88345462 5.61233282 31.65431976
v 0.00000000 5.65675211 31.71562004
v -0.88345462 5.61233282 31.65431976
v 0.00000000 5.59455490 31.69029999
v 0.00000000 5.59455490 31.69029999
v -0.88345462 5.61233282 31.65431976
v -0.87104791 5.53231001 31.61285019
v 0.00000000 5.59455490 31.69029999
v -0.87104791 5.53231001 31.61285019
v 0.00000000 5.57002878 31.67237091
v 0.00000000 5.57002878 31.67237091
v -0.87104791 5.53231001 31.61285019
v 0.00000000 5.54424620 31.64582062
v 0.00000000 5.54424620 31.64582062
v -0.87104791 5.53231001 31.61285019
v -0.85673541 5.47948503 31.54031944
v 0.00000000 5.54424620 31.64582062
v -0.85673541 5.47948503 31.54031944
v 0.00000000 5.51106310 31.58596039
v -1.71178401 5.36885023 31.36083984
v -1.68847299 5.35642099 31.28483963
v -0.84485501 5.46424723 31.46220970
v -3.27866292 4.96445322 30.67416954
v -3.23657894 4.96168423 30.60563087
v -2.49062395 5.18487406 30.99587059
v -2.79815507 5.33220577 31.09936905
v -3.37599111 5.07345009 30.77420044
v -2.60054803 5.31232977 31.17474937
v -2.60054803 5.31232977 31.17474937
v -3.37599111 5.07345009 30.77420044
v -3.33029199 5.00370121 30.73781013
v -2.60054803 5.31232977 31.17474937
v -3.33029199 5.00370121 30.73781013
v -2.56480908 5.23810720 31.13614082
v -2.56480908 5.23810720 31.13614082
v -3.33029199 5.00370121 30.73781013
v -3.27866292 4.96445322 30.67416954
v -2.56480908 5.23810720 31.13614082
v -3.27866292 4.96445322 30.67416954
v -2.52407503 5.19298506 31.06859970
v -2.52407503 5.19298506 31.06859970
v -3.27866292 4.96445322 30.67416954
v -2.49062395 5.18487406 30.99587059
v -2.52407503 5.19298506 31.06859970
v -2.49062395 5.18487406 30.99587059
v -1.68847299 5.35642099 31.28483963
v -1.68847299 5.35642099 31.28483963
v -1.71178401 5.36885023 31.36083984
v -2.52407503 5.19298506 31.06859970
v -2.52407503 5.19298506 31.06859970
v -1.71178401 5.36885023 31.36083984
v -1.73998702 5.41864920 31.43141937
v -2.52407503 5.19298506 31.06859970
v -1.73998702 5.41864920 31.43141937
v -2.56480908 5.23810720 31.13614082
v -2.56480908 5.23810720 31.13614082
v -1.73998702 5.41864920 31.43141937
v -1.76455200 5.49640322 31.47176933
v -2.56480908 5.23810720 31.13614082
v -1.76455200 5.49640322 31.47176933
v -2.60054803 5.31232977 31.17474937
v -2.60054803 5.31232977 31.17474937
v -1.76455200 5.49640322 31.47176933
v -2.18954611 5.47648621 31.34745979
v -2.60054803 5.31232977 31.17474937
v -2.18954611 5.47648621 31.34745979
v -2.61959910 5.37836504 31.17952919
v 0.00000000 5.50000000 31.52036095
v 0.00000000 5.51106310 31.58596039
v -0.84485501 5.46424723 31.46220970
v -0.84485501 5.46424723 31.46220970
v 0.00000000 5.51106310 31.58596039
v -0.85673541 5.47948503 31.54031944
v -0.84485501 5.46424723 31.46220970
v -0.85673541 5.47948503 31.54031944
v -1.71178401 5.36885023 31.36083984
v -1.71178401 5.36885023 31.36083984
v -0.85673541 5.47948503 31.54031944
v -0.87104791 5.53231001 31.61285019
v -1.71178401 5.36885023 31.36083984
v -0.87104791 5.53231001 31.61285019
v -1.73998702 5.41864920 31.43141937
v -1.73998702 5.41864920 31.43141937
v -0.87104791 5.53231001 31.61285019
v -0.88345462 5.61233282 31.65431976
v -1.73998702 5.41864920 31.43141937
v -0.88345462 5.61233282 31.65431976
v -1.76455200 5.49640322 31.47176933
v -1.76455200 5.49640322 31.47176933
v -0.88345462 5.61233282 31.65431976
v -0.98013377 5.65522194 31.64734077
v -1.76455200 5.49640322 31.47176933
v -0.98013377 5.65522194 31.64734077
v -1.60352099 5.58063316 31.52305031
v 7.07816601 -0.08819490 25.21474075
v 7.21737003 -0.08824235 24.14221954
v 7.12650824 0.10487400 24.88274956
v 7.07816601 -0.08819490 25.21474075
v 7.12650824 0.10487400 24.88274956
v 6.93646908 -0.08819967 26.17299080
v 6.93646908 -0.08819967 26.17299080
v 7.12650824 0.10487400 24.88274956
v 6.86819077 0.68334591 26.89266968
v 6.93646908 -0.08819967 26.17299080
v 6.86819077 0.68334591 26.89266968
v 6.77728319 -0.08824288 27.12359047
v 6.82106686 1.22996402 27.24560928
v 6.82041597 1.14790297 27.25045013
v 6.87838316 1.17179894 26.81583023
v 6.82441807 0.99166822 27.22064972
v 6.82527685 0.97511792 27.21423912
v 6.83075380 0.89610487 27.17337990
v 6.83969784 0.81244987 27.10655022
v 6.85707283 0.71730751 26.97631073
v 7.49811316 1.66025400 21.72295952
v 6.88854694 1.66025305 26.73899078
v 6.87838316 1.17179894 26.81583023
v 6.88854694 1.66025305 26.73899078
v 6.87661219 1.65241206 26.82920074
v 6.85598803 1.59894598 26.98446083
v 6.85412788 1.59120405 26.99842072
v 6.84429884 1.53974199 27.07210922
v 6.83451223 1.46407402 27.14532089
v 6.82903624 1.40311503 27.18619919
v 6.82164192 1.25505400 27.24132919
v 6.86819077 0.68334591 26.89266968
v 7.12650824 0.10487400 24.88274956
v 6.87838316 1.17179894 26.81583023
v 7.12650824 0.10487400 24.88274956
v 7.49811316 1.66025400 21.72295952
v 7.21737003 -0.08824235 24.14221954
v 7.21737003 -0.08824235 24.14221954
v 7.44027376 -0.08824235 22.23921967
v 8.15644836 1.66025400 14.91285038
v 8.13423634 -0.08824235 15.18050957
v 8.54053783 1.66025400 9.51807690
v 8.54053593 -0.08824235 9.51807690
v 7.46933222 -0.08824235 21.98110962
v 7.49811316 1.66025400 21.72295952
v 7.49811316 -0.08824235 21.72295952
v 7.54833317 1.66025400 21.26637077
v 7.54307222 -0.08824235 21.31458092
v 7.58733702 -0.08824235 20.90612984
v 7.67378902 -0.08824235 20.08900070
v 7.67378902 -0.08824235 20.08900070
v 7.75746822 -0.08824235 19.27158928
v 7.54833317 1.66025400 21.26637077
v 7.54833317 1.66025400 21.26637077
v 7.75746822 -0.08824235 19.27158928
v 7.83837318 -0.08824235 18.45388985
v 8.15644836 1.66025400 14.91285038
v 8.15644836 1.66025400 14.91285038
v 7.83837318 -0.08824235 18.45388985
v 7.99185801 -0.08824235 16.81769943
v 8.15644836 1.66025400 14.91285038
v 7.99185801 -0.08824235 16.81769943
v 8.13423634 -0.08824235 15.18050957
v -6.82728386 -0.08824199 27.12359047
v -6.91819096 0.68334591 26.89266968
v -6.96549511 -0.08820617 26.30521011
v -6.96549511 -0.08820617 26.30521011
v -6.91819096 0.68334591 26.89266968
v -7.01423120 0.46346590 26.16081047
v -7.26736879 -0.08824235 24.14221954
v -8.20644665 1.66025400 14.91285038
v -8.59053802 1.66025400 9.51807690
v -8.59053802 -0.08824235 9.51807690
v -7.59833193 1.66025400 21.26637077
v -7.54812288 -0.08824235 21.72286987
v -7.26736879 -0.08824235 24.14221954
v -6.92838192 1.17179894 26.81583023
v -6.87106800 1.22996402 27.24560928
v -6.87164211 1.25505400 27.24132919
v -6.87903595 1.40311503 27.18619919
v -6.88451195 1.46407402 27.14532089
v -6.89429903 1.53974199 27.07210922
v -6.90598679 1.59894598 26.98446083
v -6.92661095 1.65241206 26.82920074
v -6.93854713 1.66025305 26.73899078
v -7.59833193 1.66025400 21.26637077
v -7.26736879 -0.08824235 24.14221954
v -6.93854713 1.66025305 26.73899078
v -6.93854713 1.66025305 26.73899078
v -7.01423120 0.46346590 26.16081047
v -7.01423120 0.46346590 26.16081047
v -6.91819096 0.68334591 26.89266968
v -6.90707302 0.71730751 26.97631073
v -6.88969803 0.81244981 27.10655022
v -6.88804483 0.82537651 27.11890984
v -6.88075399 0.89610487 27.17337990
v -6.87441683 0.99166822 27.22064972
v -6.87041712 1.14790297 27.25045013
v -8.59053802 -0.08824235 9.51807690
v -8.40398312 -0.08824235 12.35046005
v -8.20644665 1.66025400 14.91285038
v -8.20644665 1.66025400 14.91285038
v -8.40398312 -0.08824235 12.35046005
v -8.18424034 -0.08824235 15.18045998
v -8.20644665 1.66025400 14.91285038
v -8.18424034 -0.08824235 15.18045998
v -7.59833193 1.66025400 21.26637077
v -7.59833193 1.66025400 21.26637077
v -8.18424034 -0.08824235 15.18045998
v -7.88838005 -0.08824235 18.45381927
v -7.59833193 1.66025400 21.26637077
v -7.88838005 -0.08824235 18.45381927
v -7.54812288 -0.08824235 21.72286987
v 2.62909603 -0.08823424 31.73804092
v 2.01285410 -0.08822983 31.84877968
v 2.11914110 -0.08824235 31.89369965
v -5.49698877 -0.08827412 30.02316093
v -5.87729406 -0.08834075 29.53080940
v -5.78700304 -0.08824235 29.72794914
v -6.14871120 -0.08824235 29.16411018
v 6.37245178 -0.08868765 28.52919006
v 6.41933203 -0.08824235 28.45644951
v 6.58309603 -0.08839291 27.94366074
v 6.61906910 -0.08824235 27.85545921
v 6.58309603 -0.08839291 27.94366074
v 6.61906910 -0.08824235 27.85545921
v 6.64691687 -0.08840274 27.71838951
v 6.64691687 -0.08840274 27.71838951
v 6.68174410 -0.08824235 27.61162949
v -1.42734206 -0.08824336 31.94696045
v -1.65843797 -0.08823788 31.88196945
v -1.94677496 -0.08824235 31.92226982
v -2.33056402 -0.08822673 31.80975914
v 1.50774395 -0.08824235 31.94503021
v 1.37055302 -0.08824360 31.88722992
v 1.36377096 -0.08824336 31.94696045
v -1.42055297 -0.08824360 31.88722992
v -5.36916304 -0.08824235 30.23261070
v -5.29566383 -0.08824235 30.30964088
v -5.03061581 -0.08824324 30.49855042
v -4.89472389 -0.08824235 30.68247032
v -4.58386183 -0.08837145 30.86018944
v -4.37096691 -0.08824235 31.07191086
v -4.06978798 -0.08839207 31.19030952
v -3.80943608 -0.08824235 31.39170074
v -3.52123308 -0.08825957 31.46044922
v -3.20925093 -0.08824235 31.64353943
v -2.95589304 -0.08823734 31.66362953
v -2.71018505 -0.08824235 31.79248047
v -2.58406901 -0.08824235 31.82191086
v 2.64636397 -0.08824235 31.79191971
v 2.72263408 -0.08824235 31.77260971
v 3.22059894 -0.08824259 31.55932999
v 3.29653406 -0.08824235 31.58801079
v 3.78581691 -0.08833342 31.31502914
v 3.85550189 -0.08824235 31.33560944
v 4.32238388 -0.08841729 31.00600052
v -6.19283581 -0.08824419 29.01168060
v -6.34080410 -0.08850139 28.71447945
v -6.14871120 -0.08824235 29.16411018
v -6.34080410 -0.08850139 28.71447945
v -6.45019007 -0.08824235 28.53809929
v -6.45019007 -0.08824235 28.53809929
v -6.34080410 -0.08850139 28.71447945
v -6.34773111 -0.08851891 28.69943047
v 6.77728319 -0.08824288 27.12359047
v 6.77020407 -0.08824282 27.18408012
v 6.93646908 -0.08819967 26.17299080
v 6.93646908 -0.08819967 26.17299080
v 6.77020407 -0.08824282 27.18408012
v 6.95581579 -0.08824235 26.06418037
v 6.93646908 -0.08819967 26.17299080
v 6.95581579 -0.08824235 26.06418037
v 7.07816601 -0.08819490 25.21474075
v 6.95581579 -0.08824235 26.06418037
v 7.09105396 -0.08824235 25.13135910
v 7.07816601 -0.08819490 25.21474075
v 7.07816601 -0.08819490 25.21474075
v 7.09105396 -0.08824235 25.13135910
v 7.21130180 -0.08824235 24.19634056
v 7.07816601 -0.08819490 25.21474075
v 7.21130180 -0.08824235 24.19634056
v 7.21737003 -0.08824235 24.14221954
v 7.44027376 -0.08824235 22.23921967
v 4.38639021 -0.08824235 31.01855087
v 4.47551298 -0.08824235 30.95682907
v 4.79852581 -0.08828061 30.65550995
v 4.95650482 -0.08824235 30.57374001
v 5.29748201 -0.08828628 30.18852043
v 5.39107084 -0.08824235 30.13862038
v 5.71095896 -0.08826524 29.69404984
v 5.77742577 -0.08824235 29.65230942
v 5.72394180 -0.08827233 29.67645073
v 5.84216499 -0.08824235 29.55854988
v 6.07795477 -0.08829718 29.12941933
v 6.16075993 -0.08824235 29.02445030
v 6.29686594 -0.08852732 28.70130920
v 6.29686594 -0.08852732 28.70130920
v 6.16075993 -0.08824235 29.02445030
v 6.36681080 -0.08824235 28.58601952
v 6.39004421 -0.08824235 28.52980042
v -6.34773111 -0.08851891 28.69943047
v -6.46477318 -0.08860945 28.42569923
v -6.45019007 -0.08824235 28.53809929
v -6.46477318 -0.08860945 28.42569923
v -6.57622099 -0.08825534 28.12174988
v -6.45019007 -0.08824235 28.53809929
v -6.57622099 -0.08825534 28.12174988
v -6.66279316 -0.08824235 27.92501068
v -6.68312597 -0.08824235 27.85304070
v 6.77728319 -0.08824288 27.12359047
v 6.75433922 -0.08819949 27.24699020
v 6.77020407 -0.08824282 27.18408012
v 6.72979593 -0.08818680 27.36834908
v 6.77020407 -0.08824282 27.18408012
v 6.72979593 -0.08818680 27.36834908
v 6.68174410 -0.08824235 27.61162949
v 6.68174410 -0.08824235 27.61162949
v 6.72979593 -0.08818680 27.36834908
v 6.72371817 -0.08819717 27.39693069
v -6.67287779 -0.08834409 27.80694962
v -6.70027399 -0.08833581 27.70566940
v -6.74353504 -0.08824235 27.61833954
v -6.77235603 -0.08818030 27.40328026
v -6.79359102 -0.08824235 27.39323997
v -6.78520203 -0.08816838 27.34247017
v -6.83377600 -0.08824199 27.18408012
v -6.82728386 -0.08824199 27.12359047
v -6.97902298 -0.08824235 26.32165909
v -6.96549511 -0.08820617 26.30521011
v -7.27487278 -0.08824235 24.19634056
v -8.59053707 -0.08824235 7.07812881
v -8.59732437 -0.08824235 7.07812881
v -8.59053802 -0.08824235 9.51807690
v -8.59732437 -0.08824235 9.57812881
v -8.40398312 -0.08824235 12.35046005
v -8.34817982 -0.08824235 13.26173973
v -8.18424034 -0.08824235 15.18045998
v -8.04290771 -0.08824235 16.94112015
v -7.88838005 -0.08824235 18.45381927
v -7.68621683 -0.08824235 20.57162094
v -7.54812288 -0.08824235 21.72286987
v -7.26736879 -0.08824235 24.14221954
v -8.59053707 -0.08824235 7.07812881
v -8.59053707 -0.08824217 7.03931522
v -8.56542778 -0.08824318 7.07812881
v -8.55328846 -0.08824235 7.07812881
v -8.56542778 -0.08824318 7.07812881
v -8.48314571 -0.08824235 7.18005085
v -8.48828793 -0.08824789 7.18996477
v -8.16859722 -0.08824235 7.55087709
v -8.18074512 -0.08824235 7.55089903
v -6.92572403 -0.08824235 8.79496002
v -5.07922697 -0.08824235 9.66271400
v -4.91991520 -0.08824068 9.67223930
v -5.16163588 -0.08824235 9.65319347
v -5.23744822 -0.08824235 9.64456367
v -6.93787193 -0.08824235 8.79496479
v -6.76002884 -0.08824235 8.95917225
v -6.69882584 -0.08824235 9.00034428
v -6.56972218 -0.08824235 9.10830116
v -6.50572920 -0.08824235 9.14546108
v -6.36884499 -0.08824235 9.24116039
v -6.30177784 -0.08824235 9.27407932
v -6.15919590 -0.08824235 9.35683918
v -6.08767700 -0.08824235 9.38586903
v -5.93815994 -0.08824235 9.45655060
v -5.86316204 -0.08824235 9.48110867
v -5.70931005 -0.08824235 9.53826427
v -5.63326120 -0.08824235 9.55772018
v -5.47586918 -0.08824235 9.60083771
v -5.39947701 -0.08824235 9.61507511
v -5.35697222 -0.08824235 9.62513638
v -5.28104305 -0.08824235 9.63654518
v -5.22146082 -0.08824235 9.64547062
v -8.18074512 3.66135502 6.11807585
v -7.81809378 4.16025400 6.11807585
v -8.18074512 3.13820791 6.56825686
v -8.18074512 3.13820791 6.56825686
v -7.81809378 4.16025400 6.11807585
v -7.73926783 4.16025400 6.23589897
v -6.93787193 -0.08824235 8.79496479
v -8.18074512 -0.08824235 7.55089903
v -6.93787193 0.50373071 8.79044056
v -8.18074512 0.57345492 7.53992796
v -8.18074512 1.48400402 7.37789202
v -6.93787193 1.34874296 8.68535614
v -8.18074512 0.57345492 7.53992796
v -8.18074512 0.57345492 7.53992796
v -6.93787193 1.34874296 8.68535614
v -6.93787193 0.77450073 8.76953411
v -8.18074512 0.57345492 7.53992796
v -6.93787193 0.77450073 8.76953411
v -6.93787193 0.50373071 8.79044056
v -7.73926783 4.16025400 6.23589897
v -6.93787193 4.16025400 7.34357977
v -8.18074512 3.13820791 6.56825686
v -8.18074512 3.13820791 6.56825686
v -6.93787193 4.16025400 7.34357977
v -6.93787193 3.68924689 7.70219517
v -8.18074512 3.13820791 6.56825686
v -6.93787193 3.68924689 7.70219517
v -8.18074512 2.53840303 6.95238018
v -8.18074512 2.53840303 6.95238018
v -6.93787193 3.68924689 7.70219517
v -6.93787193 2.95656109 8.13608837
v -8.18074512 2.53840303 6.95238018
v -6.93787193 2.95656109 8.13608837
v -8.18074512 2.34887004 7.05023289
v -8.18074512 2.34887004 7.05023289
v -6.93787193 2.95656109 8.13608837
v -6.93787193 2.17149091 8.46586704
v -8.18074512 2.34887004 7.05023289
v -6.93787193 2.17149091 8.46586704
v -8.18074512 1.48400402 7.37789202
v -8.18074512 1.48400402 7.37789202
v -6.93787193 2.17149091 8.46586704
v -6.93787193 1.98959398 8.52490044
v -8.18074512 1.48400402 7.37789202
v -6.93787193 1.98959398 8.52490044
v -6.93787193 1.34874296 8.68535614
v -3.90884089 5.24530506 23.55397034
v -3.75391197 5.30602598 22.81137085
v -3.98499107 5.27853584 22.75856972
v -4.25784492 5.83401203 21.95750046
v -4.42113876 5.77297878 22.70461082
v -4.36148024 5.54201889 22.69832993
v -4.25784492 5.83401203 21.95750046
v -4.36148024 5.54201889 22.69832993
v -4.19927406 5.60468721 21.95202065
v -4.19927406 5.60468721 21.95202065
v -4.36148024 5.54201889 22.69832993
v -4.20415211 5.36366415 22.71779060
v -4.19927406 5.60468721 21.95202065
v -4.20415211 5.36366415 22.71779060
v -4.04431820 5.42677689 21.97170067
v -4.04431820 5.42677689 21.97170067
v -4.20415211 5.36366415 22.71779060
v -3.98499107 5.27853584 22.75856972
v -4.04431820 5.42677689 21.97170067
v -3.98499107 5.27853584 22.75856972
v -3.82771993 5.34016991 22.01214027
v -3.82771993 5.34016991 22.01214027
v -3.82771993 5.34016991 22.01214027
v -3.75391197 5.30602598 22.81137085
v -3.59804106 5.36428404 22.06426048
v -3.90884089 5.24530506 23.55397034
v -3.98499107 5.27853584 22.75856972
v -4.14126301 5.21439791 23.50045967
v -4.14126301 5.21439791 23.50045967
v -4.14126301 5.21439791 23.50045967
v -4.20415211 5.36366415 22.71779060
v -4.36297607 5.29800415 23.45932961
v -4.36297607 5.29800415 23.45932961
v -4.52268696 5.47678089 23.44009018
v -4.52268696 5.47678089 23.44009018
v -4.58344507 5.70936680 23.44721031
v 1.97962999 5.81169605 20.21224022
v 1.38345599 5.90842104 31.37512016
v 2.05867100 5.79620600 20.23975945
v 2.05867100 5.79620600 20.23975945
v 1.38345599 5.90842104 31.37512016
v 2.06538606 5.79485607 31.19198990
v 2.05867100 5.79620600 20.23975945
v 2.06538606 5.79485607 31.19198990
v 2.39366698 5.72351980 20.39440918
v 4.39187002 5.03737307 27.70314980
v 4.34545422 5.05860996 27.37850952
v 2.71692204 5.64236403 30.94045067
v 2.71692204 5.64236403 30.94045067
v 4.34545422 5.05860996 27.37850952
v 4.30838585 5.07537508 26.94684982
v 4.30838585 5.07537508 26.94684982
v 4.28202820 5.08719110 26.51415062
v 2.71692204 5.64236403 30.94045067
v 4.26795483 5.09346390 26.28190994
v 4.25265503 5.10025692 26.04974937
v 4.25265503 5.10025692 26.04974937
v 4.21974421 5.11476803 25.63669014
v 4.09464788 5.16870499 24.59378052
v 3.90884089 5.24530506 23.55397034
v 2.39366698 5.72351980 20.39440918
v 2.06538606 5.79485607 31.19198990
v 2.70126700 5.64658403 20.60022926
v 2.70126700 5.64658403 20.60022926
v 2.06538606 5.79485607 31.19198990
v 2.71692204 5.64236403 30.94045067
v 2.70126700 5.64658403 20.60022926
v 2.71692204 5.64236403 30.94045067
v 3.15281510 5.51547623 21.33225060
v 3.46084595 5.41325092 21.61503983
v 3.29642510 5.46913099 21.28333092
v 3.15281510 5.51547623 21.33225060
v 3.15281510 5.51547623 21.33225060
v 3.29642510 5.46913099 21.28333092
v 3.24617195 5.48560810 21.20175934
v 3.24617195 5.48560810 21.20175934
v 3.02161694 5.55583620 20.90395927
v 3.15281510 5.51547623 21.33225060
v 3.15281510 5.51547623 21.33225060
v 3.02161694 5.55583620 20.90395927
v 2.75485897 5.63216400 20.64373016
v 3.15281510 5.51547623 21.33225060
v 2.75485897 5.63216400 20.64373016
v 2.70126700 5.64658403 20.60022926
v 3.90884089 5.24530506 23.55397034
v 3.75391197 5.30602598 22.81137085
v 2.71692204 5.64236403 30.94045067
v 2.71692204 5.64236403 30.94045067
v 3.75391197 5.30602598 22.81137085
v 3.59804106 5.36428404 22.06426048
v 2.71692204 5.64236403 30.94045067
v 3.59804106 5.36428404 22.06426048
v 3.15281510 5.51547623 21.33225060
v 3.59804106 5.36428404 22.06426048
v 3.57564712 5.37242413 21.96640968
v 5.50449991 4.44150305 28.56866074
v 5.38345909 4.51489687 28.68371964
v 5.45997906 4.46875906 28.63582993
v 5.45997906 4.46875906 28.63582993
v 5.38345909 4.51489687 28.68371964
v 5.31489086 4.55549192 28.84281921
v 5.38345909 4.51489687 28.68371964
v 5.25757408 4.58889008 28.79248047
v 5.31489086 4.55549192 28.84281921
v 5.31489086 4.55549192 28.84281921
v 5.25757408 4.58889008 28.79248047
v 5.22351980 4.60850382 28.81632042
v 5.31489086 4.55549192 28.84281921
v 5.22351980 4.60850382 28.81632042
v 4.89491701 4.78922892 29.35917091
v 4.89491701 4.78922892 29.35917091
v 5.22351980 4.60850382 28.81632042
v 5.19540024 4.62457323 28.83039093
v 5.19540024 4.62457323 28.83039093
v 5.16580677 4.64135885 28.84049988
v 5.16580677 4.64135885 28.84049988
v 5.12597084 4.66375494 28.84749031
v 4.89491701 4.78922892 29.35917091
v 4.89491701 4.78922892 29.35917091
v 5.12597084 4.66375494 28.84749031
v 5.06545877 4.69734287 28.84536934
v 4.89491701 4.78922892 29.35917091
v 5.06545877 4.69734287 28.84536934
v 4.88089514 4.79660511 29.37472916
v 4.88089514 4.79660511 29.37472916
v 5.06545877 4.69734287 28.84536934
v 4.97244501 4.74796104 28.81595039
v 4.88089514 4.79660511 29.37472916
v 4.97244501 4.74796104 28.81595039
v 4.42734385 5.02094698 29.82653999
v 4.42734385 5.02094698 29.82653999
v 4.97244501 4.74796104 28.81595039
v 4.94351101 4.76346111 28.80076981
v 4.94351101 4.76346111 28.80076981
v 4.83152819 4.82235718 28.71546936
v 4.42734385 5.02094698 29.82653999
v 4.42734385 5.02094698 29.82653999
v 4.83152819 4.82235718 28.71546936
v 4.78575611 4.84593678 28.66790009
v 4.42734385 5.02094698 29.82653999
v 4.78575611 4.84593678 28.66790009
v 4.66119909 4.90867805 28.49489975
v 2.71692204 5.64236403 30.94045067
v 3.33110309 5.45759201 30.62571907
v 4.39187002 5.03737307 27.70314980
v 4.39187002 5.03737307 27.70314980
v 3.33110309 5.45759201 30.62571907
v 3.90249991 5.24782705 30.25285912
v 4.39187002 5.03737307 27.70314980
v 3.90249991 5.24782705 30.25285912
v 4.47485495 4.99871922 28.05454063
v 4.47485495 4.99871922 28.05454063
v 3.90249991 5.24782705 30.25285912
v 4.42734385 5.02094698 29.82653999
v 4.47485495 4.99871922 28.05454063
v 4.42734385 5.02094698 29.82653999
v 4.59036016 4.94344187 28.36083984
v 4.59036016 4.94344187 28.36083984
v 4.42734385 5.02094698 29.82653999
v 4.66119909 4.90867805 28.49489975
v 1.97962999 5.81169605 20.21224022
v 1.62809503 5.87300920 20.12690926
v 1.38345599 5.90842104 31.37512016
v 1.38345599 5.90842104 31.37512016
v 1.62809503 5.87300920 20.12690926
v 1.26671302 5.92331219 20.09807968
v 1.38345599 5.90842104 31.37512016
v 1.26671302 5.92331219 20.09807968
v 0.92154717 5.95947599 31.45632935
v 0.92154717 5.95947599 31.45632935
v 1.26671302 5.92331219 20.09807968
v 0.92024708 5.95959616 20.09807968
v 0.92154717 5.95947599 31.45632935
v 0.92024708 5.95959616 20.09807968
v 0.68018228 5.97794104 31.48554993
v 0.68018228 5.97794104 31.48554993
v 0.92024708 5.95959616 20.09807968
v 0.00000000 6.00000000 20.09807968
v 0.68018228 5.97794104 31.48554993
v 0.00000000 6.00000000 20.09807968
v 0.00000000 5.99999189 31.52038956
v 0.00000000 5.99999189 31.52038956
v 0.00000000 6.00000000 20.09807968
v -0.68018228 5.97794104 31.48554993
v -0.68018228 5.97794104 31.48554993
v 0.00000000 6.00000000 20.09807968
v -0.92024708 5.95959616 20.09807968
v -0.68018228 5.97794104 31.48554993
v -0.92024708 5.95959616 20.09807968
v -0.92154717 5.95947599 31.45632935
v -0.92154717 5.95947599 31.45632935
v -0.92024708 5.95959616 20.09807968
v -1.26671302 5.92331219 20.09807968
v -0.92154717 5.95947599 31.45632935
v -1.26671302 5.92331219 20.09807968
v -1.38345599 5.90842104 31.37512016
v -1.26671302 5.92331219 20.09807968
v -1.62809503 5.87300920 20.12690926
v -1.38345599 5.90842104 31.37512016
v -1.38345599 5.90842104 31.37512016
v -1.62809503 5.87300920 20.12690926
v -1.97962999 5.81169605 20.21224022
v -1.38345599 5.90842104 31.37512016
v -1.97962999 5.81169605 20.21224022
v -2.05867100 5.79620600 20.23975945
v -2.05867100 5.79620600 20.23975945
v -2.39366698 5.72351980 20.39440918
v -1.38345599 5.90842104 31.37512016
v -1.38345599 5.90842104 31.37512016
v -2.39366698 5.72351980 20.39440918
v -2.70126700 5.64658403 20.60022926
v -1.38345599 5.90842104 31.37512016
v -2.70126700 5.64658403 20.60022926
v -2.06538606 5.79485607 31.19198990
v -3.02161694 5.55583620 20.90395927
v -3.24617195 5.48560810 21.20175934
v -2.71692204 5.64236403 30.94045067
v -2.06538606 5.79485607 31.19198990
v -2.70126700 5.64658403 20.60022926
v -2.71692204 5.64236403 30.94045067
v -2.71692204 5.64236403 30.94045067
v -2.70126700 5.64658403 20.60022926
v -2.75485897 5.63216400 20.64373016
v -2.71692204 5.64236403 30.94045067
v -2.75485897 5.63216400 20.64373016
v -3.02161694 5.55583620 20.90395927
v -3.24617195 5.48560810 21.20175934
v -3.29642510 5.46913099 21.28333092
v -2.71692204 5.64236403 30.94045067
v -2.71692204 5.64236403 30.94045067
v -3.29642510 5.46913099 21.28333092
v -3.46084595 5.41325092 21.61503983
v -2.71692204 5.64236403 30.94045067
v -3.46084595 5.41325092 21.61503983
v -3.57564712 5.37242413 21.96640968
v -4.25265503 5.10025692 26.04974937
v -4.26795483 5.09346390 26.28190994
v -2.71692204 5.64236403 30.94045067
v -4.28202820 5.08719110 26.51415062
v -4.30838585 5.07537508 26.94684982
v -3.59804106 5.36428404 22.06426048
v -3.75391197 5.30602598 22.81137085
v -2.71692204 5.64236403 30.94045067
v -3.75391197 5.30602598 22.81137085
v -3.90884089 5.24530506 23.55397034
v -3.90884089 5.24530506 23.55397034
v -4.09464788 5.16870499 24.59378052
v -2.71692204 5.64236403 30.94045067
v -4.21974421 5.11476803 25.63669014
v -4.25265503 5.10025692 26.04974937
v -4.42734385 5.02094698 29.82653999
v -3.90249991 5.24782705 30.25285912
v -4.47485495 4.99871922 28.05454063
v -4.47485495 4.99871922 28.05454063
v -3.90249991 5.24782705 30.25285912
v -4.39187002 5.03737307 27.70314980
v -4.30838585 5.07537508 26.94684982
v -4.34545422 5.05860996 27.37850952
v -2.71692204 5.64236403 30.94045067
v -4.34545422 5.05860996 27.37850952
v -4.39187002 5.03737307 27.70314980
v -2.71692204 5.64236403 30.94045067
v -4.39187002 5.03737307 27.70314980
v -3.33110309 5.45759201 30.62571907
v -3.33110309 5.45759201 30.62571907
v -4.39187002 5.03737307 27.70314980
v -3.90249991 5.24782705 30.25285912
v -4.47485495 4.99871922 28.05454063
v -4.59036016 4.94344187 28.36083984
v -4.42734385 5.02094698 29.82653999
v -4.42734385 5.02094698 29.82653999
v -4.59036016 4.94344187 28.36083984
v -4.66119909 4.90867805 28.49489975
v -4.42734385 5.02094698 29.82653999
v -4.66119909 4.90867805 28.49489975
v -4.78575611 4.84593678 28.66790009
v -4.78575611 4.84593678 28.66790009
v -4.83152819 4.82235718 28.71546936
v -4.42734385 5.02094698 29.82653999
v -4.42734385 5.02094698 29.82653999
v -4.83152819 4.82235718 28.71546936
v -4.94351101 4.76346111 28.80076981
v -4.94351101 4.76346111 28.80076981
v -4.88089514 4.79660511 29.37472916
v -4.88089514 4.79660511 29.37472916
v -4.94351101 4.76346111 28.80076981
v -4.97244501 4.74796104 28.81595039
v -4.88089514 4.79660511 29.37472916
v -4.97244501 4.74796104 28.81595039
v -4.89491701 4.78922892 29.35917091
v -4.89491701 4.78922892 29.35917091
v -4.97244501 4.74796104 28.81595039
v -5.06545877 4.69734287 28.84536934
v -4.89491701 4.78922892 29.35917091
v -5.06545877 4.69734287 28.84536934
v -5.12597084 4.66375494 28.84749031
v -5.22351980 4.60850382 28.81632042
v -5.31489086 4.55549192 28.84281921
v -5.19540024 4.62457323 28.83039093
v -4.89491701 4.78922892 29.35917091
v -5.16580677 4.64135885 28.84049988
v -5.16580677 4.64135885 28.84049988
v -4.89491701 4.78922892 29.35917091
v -5.12597084 4.66375494 28.84749031
v -5.22351980 4.60850382 28.81632042
v -5.25757408 4.58889008 28.79248047
v -5.31489086 4.55549192 28.84281921
v -5.31489086 4.55549192 28.84281921
v -5.25757408 4.58889008 28.79248047
v -5.38345909 4.51489687 28.68371964
v -5.31489086 4.55549192 28.84281921
v -5.38345909 4.51489687 28.68371964
v -5.45997906 4.46875906 28.63582993
v -5.45997906 4.46875906 28.63582993
v -5.38345909 4.51489687 28.68371964
v -5.50449991 4.44150305 28.56866074
v 4.58344507 5.70936680 23.44721031
v 4.42113876 5.77297878 22.70461082
v 4.36148024 5.54201889 22.69832993
v 3.59804106 5.36428404 22.06426048
v 3.75391197 5.30602598 22.81137085
v 3.98499107 5.27853584 22.75856972
v 3.59804106 5.36428404 22.06426048
v 3.98499107 5.27853584 22.75856972
v 3.82771993 5.34016991 22.01214027
v 3.82771993 5.34016991 22.01214027
v 3.98499107 5.27853584 22.75856972
v 4.20415211 5.36366415 22.71779060
v 3.82771993 5.34016991 22.01214027
v 4.20415211 5.36366415 22.71779060
v 4.04431820 5.42677689 21.97170067
v 4.04431820 5.42677689 21.97170067
v 4.20415211 5.36366415 22.71779060
v 4.36148024 5.54201889 22.69832993
v 4.04431820 5.42677689 21.97170067
v 4.36148024 5.54201889 22.69832993
v 4.19927406 5.60468721 21.95202065
v 4.19927406 5.60468721 21.95202065
v 4.19927406 5.60468721 21.95202065
v 4.42113876 5.77297878 22.70461082
v 4.25784492 5.83401203 21.95750046
v 4.52268696 5.47678089 23.44009018
v 4.52268696 5.47678089 23.44009018
v 4.36297607 5.29800415 23.45932961
v 4.36297607 5.29800415 23.45932961
v 4.36297607 5.29800415 23.45932961
v 3.98499107 5.27853584 22.75856972
v 4.14126301 5.21439791 23.50045967
v 4.14126301 5.21439791 23.50045967
v 3.98499107 5.27853584 22.75856972
v 3.75391197 5.30602598 22.81137085
v 3.75391197 5.30602598 22.81137085
v 5.76482010 4.32627392 28.00839996
v 5.76028919 4.34097290 27.99444008
v 5.58987713 4.46305799 28.18680954
v 5.66675901 4.33849478 28.33933067
v 5.81388903 4.23900414 28.11041069
v 5.77408409 4.30232477 28.03277016
v 5.44377518 4.49910116 28.46762085
v 5.62046909 4.39300823 28.26067924
v 5.40528011 4.58205080 28.37352943
v 5.40528011 4.58205080 28.37352943
v 5.62046909 4.39300823 28.26067924
v 5.58987713 4.46305799 28.18680954
v 5.76482010 4.32627392 28.00839996
v 5.58987713 4.46305799 28.18680954
v 5.77408409 4.30232477 28.03277016
v 5.77408409 4.30232477 28.03277016
v 5.58987713 4.46305799 28.18680954
v 5.62046909 4.39300823 28.26067924
v 5.77408409 4.30232477 28.03277016
v 5.62046909 4.39300823 28.26067924
v 5.66675901 4.33849478 28.33933067
v 5.66675901 4.33849478 28.33933067
v 5.62046909 4.39300823 28.26067924
v 5.44377518 4.49910116 28.46762085
v 5.66675901 4.33849478 28.33933067
v 5.44377518 4.49910116 28.46762085
v 5.50449991 4.44150305 28.56866074
v 5.32508612 4.57033300 28.57794952
v 5.28895378 4.65218592 28.47966003
v 5.16798878 4.72292995 28.57992935
v 5.16798878 4.72292995 28.57992935
v 5.18186808 4.67942715 28.62957954
v 5.32508612 4.57033300 28.57794952
v 5.32508612 4.57033300 28.57794952
v 5.18186808 4.67942715 28.62957954
v 5.20168209 4.64215517 28.68221092
v 5.32508612 4.57033300 28.57794952
v 5.20168209 4.64215517 28.68221092
v 5.38345909 4.51489687 28.68371964
v 5.38345909 4.51489687 28.68371964
v 5.20168209 4.64215517 28.68221092
v 5.22707081 4.61179209 28.73683929
v 5.38345909 4.51489687 28.68371964
v 5.22707081 4.61179209 28.73683929
v 5.25757408 4.58889008 28.79248047
v 5.40528011 4.58205080 28.37352943
v 5.28895378 4.65218592 28.47966003
v 5.44377518 4.49910116 28.46762085
v 5.44377518 4.49910116 28.46762085
v 5.28895378 4.65218592 28.47966003
v 5.32508612 4.57033300 28.57794952
v 5.44377518 4.49910116 28.46762085
v 5.32508612 4.57033300 28.57794952
v 5.50449991 4.44150305 28.56866074
v 5.50449991 4.44150305 28.56866074
v 5.32508612 4.57033300 28.57794952
v 5.38345909 4.51489687 28.68371964
v 5.12585783 4.76726294 28.55738068
v 5.13444519 4.75160122 28.57500076
v 5.16798401 4.73401117 28.56428909
v 5.16798401 4.73401117 28.56428909
v 5.13444519 4.75160122 28.57500076
v 5.14501095 4.73627901 28.58871078
v 5.16798401 4.73401117 28.56428909
v 5.15196609 4.72893810 28.59235954
v 5.15713310 4.72514391 28.59188080
v 5.16798401 4.73401117 28.56428909
v 5.16798401 4.73401117 28.56428909
v 5.15713310 4.72514391 28.59188080
v 5.16204309 4.72306681 28.58852005
v 5.16798401 4.73401117 28.56428909
v 5.16204309 4.72306681 28.58852005
v 5.16798878 4.72292995 28.57992935
v 5.16798401 4.73401117 28.56428909
v 5.16792011 4.87759781 28.34786987
v 5.12585783 4.76726294 28.55738068
v 5.12585783 4.76726294 28.55738068
v 5.16792011 4.87759781 28.34786987
v 5.12666178 4.89710903 28.36001968
v 5.12666178 4.89710903 28.36001968
v 5.11820507 4.78341293 28.53710938
v 5.12666178 4.89710903 28.36001968
v 5.11315298 4.79514503 28.52140999
v 5.05149078 5.01043606 28.14937019
v 5.06385994 4.95483112 28.25860023
v 5.09846210 4.91025305 28.34567070
v 5.09846210 4.91025305 28.34567070
v 5.06385994 4.95483112 28.25860023
v 5.08560801 4.87374401 28.40193939
v 5.09846210 4.91025305 28.34567070
v 5.08560801 4.87374401 28.40193939
v 5.12666178 4.89710903 28.36001968
v 5.12666178 4.89710903 28.36001968
v 5.08560801 4.87374401 28.40193939
v 5.09359980 4.84835911 28.44285011
v 5.12666178 4.89710903 28.36001968
v 5.09359980 4.84835911 28.44285011
v 5.11315298 4.79514503 28.52140999
v 5.01683378 5.23318911 27.60144043
v 5.03132391 5.12294102 27.89819908
v 5.03677416 5.14863586 27.85477066
v 5.03677416 5.14863586 27.85477066
v 5.03132391 5.12294102 27.89819908
v 5.05149078 5.01043606 28.14937019
v 5.03677416 5.14863586 27.85477066
v 5.05149078 5.01043606 28.14937019
v 5.07933998 5.16711712 27.86331940
v 5.07933998 5.16711712 27.86331940
v 5.05149078 5.01043606 28.14937019
v 5.09846210 4.91025305 28.34567070
v 5.07933998 5.16711712 27.86331940
v 5.09846210 4.91025305 28.34567070
v 5.12650681 5.16582918 27.86273003
v 5.12650681 5.16582918 27.86273003
v 5.09846210 4.91025305 28.34567070
v 5.12666178 4.89710903 28.36001968
v 5.12650681 5.16582918 27.86273003
v 5.12666178 4.89710903 28.36001968
v 5.16777182 5.14505720 27.85310936
v 5.16777182 5.14505720 27.85310936
v 5.12666178 4.89710903 28.36001968
v 5.16792011 4.87759781 28.34786987
v 5.16777182 5.14505720 27.85310936
v 5.16762304 5.35040712 27.32632065
v 5.12650681 5.16582918 27.86273003
v 5.12635183 5.37212181 27.33325958
v 5.12650681 5.16582918 27.86273003
v 5.12635183 5.37212181 27.33325958
v 5.07933998 5.16711712 27.86331940
v 5.07922411 5.37341118 27.33366966
v 5.07933998 5.16711712 27.86331940
v 5.07922411 5.37341118 27.33366966
v 5.03677416 5.14863586 27.85477066
v 5.03671408 5.35398722 27.32745934
v 5.03677416 5.14863586 27.85477066
v 5.03671408 5.35398722 27.32745934
v 5.01683378 5.23318911 27.60144043
v 5.01683378 5.23318911 27.60144043
v 5.03671408 5.35398722 27.32745934
v 5.01430607 5.32932901 27.31958961
v 5.01683378 5.23318911 27.60144043
v 5.01430607 5.32932901 27.31958961
v 5.00872993 5.31915808 27.31633949
v 4.26795483 5.09346390 26.28190994
v 4.50292492 5.05158806 26.26506996
v 4.50292492 5.05158806 26.26506996
v 4.51049519 5.04455185 26.49917984
v 4.73062897 5.12391186 26.25209045
v 4.73062897 5.12391186 26.25209045
v 4.51049519 5.04455185 26.49917984
v 4.73363400 5.11021280 26.48747063
v 4.73062897 5.12391186 26.25209045
v 4.73363400 5.11021280 26.48747063
v 4.89892292 5.29387522 26.24593925
v 4.89892292 5.29387522 26.24593925
v 4.73363400 5.11021280 26.48747063
v 4.90303183 5.26992702 26.48152924
v 4.89892292 5.29387522 26.24593925
v 4.90303183 5.26992702 26.48152924
v 4.96927023 5.52255487 26.24802971
v 4.96927023 5.52255487 26.24802971
v 4.90303183 5.26992702 26.48152924
v 4.98193789 5.48904419 26.48267937
v 4.26795483 5.09346390 26.28190994
v 4.49428988 5.05929184 26.03116035
v 4.26795483 5.09346390 26.28190994
v 4.50292492 5.05158806 26.26506996
v 4.49428988 5.05929184 26.03116035
v 4.50292492 5.05158806 26.26506996
v 4.72646999 5.13869715 26.01704979
v 4.72646999 5.13869715 26.01704979
v 4.50292492 5.05158806 26.26506996
v 4.73062897 5.12391186 26.25209045
v 4.72646999 5.13869715 26.01704979
v 4.73062897 5.12391186 26.25209045
v 4.89308977 5.31928301 26.01085091
v 4.89308977 5.31928301 26.01085091
v 4.73062897 5.12391186 26.25209045
v 4.89892292 5.29387522 26.24593925
v 4.89308977 5.31928301 26.01085091
v 4.89892292 5.29387522 26.24593925
v 4.95388603 5.55741215 26.01404953
v 4.95388603 5.55741215 26.01404953
v 4.89892292 5.29387522 26.24593925
v 4.96927023 5.52255487 26.24802971
v 4.91842604 5.57261419 25.58922005
v 4.95388603 5.55741215 26.01404953
v 4.84628677 5.75840187 24.95249939
v 4.91842604 5.57261419 25.58922005
v 4.84628677 5.75840187 24.95249939
v 4.78364086 5.62911987 24.51662064
v 4.78364086 5.62911987 24.51662064
v 4.84628677 5.75840187 24.95249939
v 4.58344507 6.07168388 23.44721031
v 4.78364086 5.62911987 24.51662064
v 4.58344507 6.07168388 23.44721031
v 4.58344507 5.70936680 23.44721031
v 4.99852705 5.41596603 26.90834999
v 5.00872993 5.31915808 27.31633949
v 5.01304293 5.39639378 27.09445000
v 5.01304293 5.39639378 27.09445000
v 5.00872993 5.31915808 27.31633949
v 5.01430607 5.32932901 27.31958961
v 5.01304293 5.39639378 27.09445000
v 5.01430607 5.32932901 27.31958961
v 5.04340601 5.42700100 27.10248947
v 5.04340601 5.42700100 27.10248947
v 5.01430607 5.32932901 27.31958961
v 5.03671408 5.35398722 27.32745934
v 5.04340601 5.42700100 27.10248947
v 5.03671408 5.35398722 27.32745934
v 5.08438492 5.44218111 27.10614967
v 5.08438492 5.44218111 27.10614967
v 5.03671408 5.35398722 27.32745934
v 5.07922411 5.37341118 27.33366966
v 5.08438492 5.44218111 27.10614967
v 5.07922411 5.37341118 27.33366966
v 5.12810183 5.43901300 27.10474014
v 5.12810183 5.43901300 27.10474014
v 5.07922411 5.37341118 27.33366966
v 5.12635183 5.37212181 27.33325958
v 5.12810183 5.43901300 27.10474014
v 5.12635183 5.37212181 27.33325958
v 5.16614914 5.41810703 27.09852982
v 5.16614914 5.41810703 27.09852982
v 5.12635183 5.37212181 27.33325958
v 5.16762304 5.35040712 27.32632065
v 4.98193789 5.48904419 26.48267937
v 4.99852705 5.41596603 26.90834999
v 4.99573421 5.52869797 26.48847008
v 4.99573421 5.52869797 26.48847008
v 4.99852705 5.41596603 26.90834999
v 5.01304293 5.39639378 27.09445000
v 4.99573421 5.52869797 26.48847008
v 5.01304293 5.39639378 27.09445000
v 5.02596378 5.55999708 26.49216080
v 5.04340601 5.42700100 27.10248947
v 5.02596378 5.55999708 26.49216080
v 5.04340601 5.42700100 27.10248947
v 5.06671810 5.57567787 26.49283028
v 5.06671810 5.57567787 26.49283028
v 5.04340601 5.42700100 27.10248947
v 5.08438492 5.44218111 27.10614967
v 5.06671810 5.57567787 26.49283028
v 5.08438492 5.44218111 27.10614967
v 5.11021996 5.57274914 26.49037933
v 5.12810183 5.43901300 27.10474014
v 5.11021996 5.57274914 26.49037933
v 5.12810183 5.43901300 27.10474014
v 5.14817715 5.55177402 26.48525047
v 5.14817715 5.55177402 26.48525047
v 5.12810183 5.43901300 27.10474014
v 5.16614914 5.41810703 27.09852982
v 7.98829603 4.06025410 6.11807585
v 8.16345978 3.65959096 6.11792898
v 7.96532393 4.06025410 6.11807585
v 7.79917002 4.16025400 6.11807585
v 7.89469624 4.16025400 6.11807585
v 8.16315365 3.35754609 6.39299583
v 8.16345978 3.65959096 6.11792898
v 8.35075760 3.09114194 6.34323978
v 8.16244221 1.62396896 7.33642197
v 8.16248989 1.75404501 7.29439020
v 8.54053593 1.36208606 6.93118477
v 8.54053593 0.53707558 7.07831001
v 8.54053402 -0.08824235 7.08722305
v 8.23488808 -0.08824604 7.47513103
v 8.16244221 1.62396896 7.33642197
v 8.54053593 1.36208606 6.93118477
v 8.16226673 1.15222299 7.45682287
v 8.16226673 1.15222299 7.45682287
v 8.54053593 1.36208606 6.93118477
v 8.54053593 0.53707558 7.07831001
v 8.16226673 1.15222299 7.45682287
v 8.54053593 0.53707558 7.07831001
v 8.16204262 0.53480548 7.54277086
v 8.16204262 0.53480548 7.54277086
v 8.54053593 0.53707558 7.07831001
v 8.23488808 -0.08824604 7.47513103
v 8.16204262 0.53480548 7.54277086
v 8.23488808 -0.08824604 7.47513103
v 8.16182041 -0.08824235 7.55089903
v 8.47846603 2.48219705 6.55586576
v 8.53752041 1.83749700 6.77589512
v 8.16248989 1.75404501 7.29439020
v 8.16248989 1.75404501 7.29439020
v 8.53752041 1.83749700 6.77589512
v 8.54053497 1.66025603 6.83763981
v 8.54053497 1.66025603 6.83763981
v 8.16248989 1.75404501 7.29439020
v 8.16271400 2.33083510 7.05802202
v 8.47846603 2.48219705 6.55586576
v 8.47846603 2.48219705 6.55586576
v 8.16271400 2.33083510 7.05802202
v 8.16279602 2.53793597 6.95152092
v 8.47846603 2.48219705 6.55586576
v 8.16279602 2.53793597 6.95152092
v 8.35075760 3.09114194 6.34323978
v 8.35075760 3.09114194 6.34323978
v 8.16279602 2.53793597 6.95152092
v 8.16292953 2.85587001 6.76287508
v 8.35075760 3.09114194 6.34323978
v 8.16292953 2.85587001 6.76287508
v 8.16315365 3.35754609 6.39299583
v 8.54053783 1.66025400 9.51807690
v 8.54053593 -0.08824235 9.51807690
v 8.54053402 -0.08824235 7.08722305
v 8.54053593 0.53707558 7.07831001
v 8.54053593 1.36208606 6.93118477
v 8.54053497 1.66025603 6.83763981
v 7.89469624 4.16025400 6.11807585
v 7.79917002 4.16025400 6.11807585
v 7.12840319 4.16025400 7.14925814
v 7.06778383 4.16025400 7.14751291
v 7.02944613 4.16025400 7.27022600
v 6.91894817 4.16025400 7.34357977
v 6.70564795 4.16025400 7.59387589
v -4.75187111 0.30067581 9.44382572
v 1.84103501 0.30067581 9.44382572
v -4.75187111 0.43655160 9.67319202
v 1.84103501 0.43655160 9.67319202
v 1.84103501 0.43655160 9.67319202
v 1.84103501 -0.08824235 9.67422104
v -4.75187111 0.43655160 9.67319202
v -4.80465889 -0.08824235 9.67422104
v -4.81659079 -0.08824241 9.67419624
v -4.75187111 0.43655160 9.67319202
v -4.81659079 -0.08824241 9.67419624
v -4.81659079 0.55223978 9.66774082
v -4.75187111 0.43655160 9.67319202
v -4.81659079 0.55223978 9.66774082
v -4.75187111 0.89529079 9.64041996
v -4.75187111 0.89529079 9.64041996
v -4.81659079 0.55223978 9.66774082
v -4.81659079 1.51659298 9.54781437
v -4.75187111 0.89529079 9.64041996
v -4.81659079 1.51659298 9.54781437
v -4.75187111 2.07632589 9.41514015
v -4.81659079 1.51659298 9.54781437
v -4.81659079 2.07632589 9.41514015
v -4.75187111 2.07632589 9.41514015
v -4.75187111 2.07632589 9.41514015
v -4.81659079 2.07632589 9.41514015
v -4.81659079 2.45553803 9.29732704
v -4.75187111 2.07632589 9.41514015
v -4.81659079 2.45553803 9.29732704
v -4.75187111 3.20241404 8.99380684
v -4.81659079 2.45553803 9.29732704
v -4.81659079 3.35148311 8.92097187
v -4.75187111 3.20241404 8.99380684
v -4.75187111 3.20241404 8.99380684
v -4.81659079 3.35148311 8.92097187
v -4.81659079 4.06025410 8.51152897
v -4.75187111 3.20241404 8.99380684
v -4.81659079 4.06025410 8.51152897
v -4.75187111 4.06025410 8.51152897
v 1.84103501 0.30067581 9.44382572
v -4.75187111 0.30067581 9.44382572
v -4.75187111 5.89975214 6.12694883
v 4.79766703 -0.08824235 9.67422104
v 1.84103501 -0.08824235 9.67422104
v 4.80981302 -0.08822762 9.67420578
v 4.75187111 1.93350804 8.47654247
v 4.75187111 5.89975214 6.12694883
v 5.01752520 -0.07535904 9.66658783
v 5.34756088 1.93350804 8.47654247
v 5.34756088 -0.00645679 9.62577248
v -7.81809378 4.16025400 6.11807585
v -7.89469624 4.16025400 6.11807585
v -7.73926783 4.16025400 6.23589897
v -7.12840319 4.16025400 7.14925814
v -6.93787193 4.16025400 7.34357977
v -6.80932808 4.16025400 7.50075102
v -6.36884499 -0.08824235 9.24116039
v -6.56972218 -0.08824235 9.10830116
v -6.53191996 0.52249467 9.12979412
v -6.76002884 -0.08824235 8.95917225
v -6.93787193 -0.08824235 8.79496479
v -6.93787193 0.50373071 8.79044056
v -6.93787193 4.16025400 7.34357977
v -6.80932808 4.16025400 7.50075102
v -6.83628178 4.06025410 7.54957724
v -6.93787193 1.98959398 8.52490044
v -6.93787193 2.17149091 8.46586704
v -6.53191996 2.28136396 8.78748703
v -6.53191996 2.28136396 8.78748703
v -6.93787193 2.17149091 8.46586704
v -6.93787193 2.95656109 8.13608837
v -6.53191996 3.10932207 8.43968964
v -6.53191996 3.10932207 8.43968964
v -6.93787193 2.95656109 8.13608837
v -6.93787193 3.68924689 7.70219517
v -6.53191996 3.88203406 7.98209620
v -6.93787193 1.98959398 8.52490044
v -6.53191996 2.28136396 8.78748703
v -6.93787193 1.34874296 8.68535614
v -6.93787193 1.34874296 8.68535614
v -6.53191996 2.28136396 8.78748703
v -6.53191996 1.41366994 9.01896381
v -6.93787193 1.34874296 8.68535614
v -6.53191996 1.41366994 9.01896381
v -6.93787193 0.77450073 8.76953411
v -6.93787193 0.77450073 8.76953411
v -6.53191996 1.41366994 9.01896381
v -6.53191996 0.52249467 9.12979412
v -6.93787193 0.77450073 8.76953411
v -6.53191996 0.52249467 9.12979412
v -6.93787193 0.50373071 8.79044056
v -6.93787193 0.50373071 8.79044056
v -6.53191996 0.52249467 9.12979412
v -6.56972218 -0.08824235 9.10830116
v -6.93787193 0.50373071 8.79044056
v -6.56972218 -0.08824235 9.10830116
v -6.76002884 -0.08824235 8.95917225
v -5.96461582 0.53963268 9.43974113
v -6.15919590 -0.08824235 9.35683918
v -6.36884499 -0.08824235 9.24116039
v -5.47586918 -0.08824235 9.60083771
v -5.70931005 -0.08824235 9.53826427
v -5.96461582 0.53963268 9.43974113
v -5.96461582 0.53963268 9.43974113
v -5.70931005 -0.08824235 9.53826427
v -5.93815994 -0.08824235 9.45655060
v -5.96461582 0.53963268 9.43974113
v -5.93815994 -0.08824235 9.45655060
v -6.15919590 -0.08824235 9.35683918
v -5.23744822 -0.08824235 9.64456367
v -5.35697222 -0.08824235 9.62513638
v -5.34396696 0.54966062 9.62109470
v -5.34396696 0.54966062 9.62109470
v -5.35697222 -0.08824235 9.62513638
v -5.47586918 -0.08824235 9.60083771
v -4.81659079 -0.08824241 9.67419624
v -4.91991520 -0.08824068 9.67223930
v -4.81659079 0.55223978 9.66774082
v -4.81659079 0.55223978 9.66774082
v -4.91991520 -0.08824068 9.67223930
v -5.07922697 -0.08824235 9.66271400
v -4.81659079 0.55223978 9.66774082
v -5.07922697 -0.08824235 9.66271400
v -5.23744822 -0.08824235 9.64456367
v -5.23744822 -0.08824235 9.64456367
v -5.34396696 0.54966062 9.62109470
v -4.81659079 0.55223978 9.66774082
v -4.81659079 0.55223978 9.66774082
v -5.34396696 0.54966062 9.62109470
v -5.34396696 1.50766802 9.50195503
v -4.81659079 1.51659298 9.54781437
v -4.81659079 1.51659298 9.54781437
v -5.34396696 1.50766802 9.50195503
v -4.81659079 2.07632589 9.41514015
v -4.81659079 2.07632589 9.41514015
v -5.34396696 1.50766802 9.50195503
v -5.34396696 2.44043398 9.25311661
v -4.81659079 2.07632589 9.41514015
v -5.34396696 2.44043398 9.25311661
v -4.81659079 2.45553803 9.29732704
v -4.81659079 2.45553803 9.29732704
v -5.34396696 2.44043398 9.25311661
v -5.34396696 3.33048391 8.87924004
v -4.81659079 3.35148311 8.92097187
v -4.81659079 3.35148311 8.92097187
v -5.34396696 3.33048391 8.87924004
v -5.23698807 4.06025410 8.47607517
v -4.81659079 3.35148311 8.92097187
v -5.23698807 4.06025410 8.47607517
v -4.81659079 4.06025410 8.51152897
v -5.96461582 3.24884605 8.71698761
v -5.96461582 4.05811501 8.23774433
v -5.67411900 4.06025410 8.36115265
v -6.93787193 4.16025400 7.34357977
v -6.83628178 4.06025410 7.54957724
v -6.93787193 3.68924689 7.70219517
v -6.93787193 3.68924689 7.70219517
v -6.83628178 4.06025410 7.54957724
v -6.76487398 4.06025410 7.62937307
v -6.93787193 3.68924689 7.70219517
v -6.76487398 4.06025410 7.62937307
v -6.53191996 3.88203406 7.98209620
v -6.53191996 3.88203406 7.98209620
v -6.76487398 4.06025410 7.62937307
v -6.43284178 4.06025410 7.93696404
v -6.53191996 3.88203406 7.98209620
v -6.43284178 4.06025410 7.93696404
v -6.06782198 4.06025410 8.18148613
v -5.47586918 -0.08824235 9.60083771
v -5.96461582 0.53963268 9.43974113
v -5.34396696 0.54966062 9.62109470
v -5.34396696 0.54966062 9.62109470
v -5.96461582 0.53963268 9.43974113
v -5.96461582 1.47297001 9.32366753
v -5.34396696 1.50766802 9.50195503
v -5.34396696 1.50766802 9.50195503
v -5.96461582 1.47297001 9.32366753
v -5.96461582 2.38171601 9.08123684
v -5.34396696 2.44043398 9.25311661
v -5.34396696 2.44043398 9.25311661
v -5.96461582 2.38171601 9.08123684
v -5.96461582 3.24884605 8.71698761
v -5.34396696 3.33048391 8.87924004
v -5.34396696 3.33048391 8.87924004
v -5.96461582 3.24884605 8.71698761
v -5.67411900 4.06025410 8.36115265
v -5.34396696 3.33048391 8.87924004
v -5.67411900 4.06025410 8.36115265
v -5.23698807 4.06025410 8.47607517
v -6.53191996 0.52249467 9.12979412
v -5.96461582 0.53963268 9.43974113
v -6.53191996 0.52249467 9.12979412
v -6.53191996 1.41366994 9.01896381
v -5.96461582 1.47297001 9.32366753
v -5.96461582 1.47297001 9.32366753
v -6.53191996 1.41366994 9.01896381
v -6.53191996 2.28136396 8.78748703
v -5.96461582 2.38171601 9.08123684
v -5.96461582 2.38171601 9.08123684
v -6.53191996 2.28136396 8.78748703
v -6.53191996 3.10932207 8.43968964
v -5.96461582 3.24884605 8.71698761
v -5.96461582 3.24884605 8.71698761
v -6.53191996 3.10932207 8.43968964
v -6.53191996 3.88203406 7.98209620
v -5.96461582 4.05811501 8.23774433
v -5.96461582 4.05811501 8.23774433
v -6.53191996 3.88203406 7.98209620
v -6.06782198 4.06025410 8.18148613
v -5.96461582 4.05811501 8.23774433
v -6.06782198 4.06025410 8.18148613
v -5.67411900 4.06025410 8.36115265
v -4.58344507 5.70936680 23.44721031
v -4.58344507 6.07168388 23.44721031
v -4.78364086 5.62911987 24.51662064
v -4.78364086 5.62911987 24.51662064
v -4.58344507 6.07168388 23.44721031
v -4.84628677 5.75840187 24.95249939
v -4.78364086 5.62911987 24.51662064
v -4.84628677 5.75840187 24.95249939
v -4.91842604 5.57261419 25.58922005
v -4.91842604 5.57261419 25.58922005
v -4.84628677 5.75840187 24.95249939
v -4.95388603 5.55741215 26.01404953
v -4.96927023 5.52255487 26.24802971
v -4.98193789 5.48904419 26.48267937
v -4.89892292 5.29387522 26.24593925
v -4.89892292 5.29387522 26.24593925
v -4.98193789 5.48904419 26.48267937
v -4.90302992 5.26992321 26.48151970
v -4.89892292 5.29387522 26.24593925
v -4.90302992 5.26992321 26.48151970
v -4.73062897 5.12391186 26.25209045
v -4.73062897 5.12391186 26.25209045
v -4.90302992 5.26992321 26.48151970
v -4.73363209 5.11021090 26.48745918
v -4.73062897 5.12391186 26.25209045
v -4.73363209 5.11021090 26.48745918
v -4.50292492 5.05158806 26.26506996
v -4.50292492 5.05158806 26.26506996
v -4.73363209 5.11021090 26.48745918
v -4.51049423 5.04455185 26.49917984
v -4.50292492 5.05158806 26.26506996
v -4.26795483 5.09346390 26.28190994
v -4.95388603 5.55741215 26.01404953
v -4.96927023 5.52255487 26.24802971
v -4.89308977 5.31928301 26.01085091
v -4.89308977 5.31928301 26.01085091
v -4.96927023 5.52255487 26.24802971
v -4.89892292 5.29387522 26.24593925
v -4.89892292 5.29387522 26.24593925
v -4.72646999 5.13869715 26.01704979
v -4.89892292 5.29387522 26.24593925
v -4.73062897 5.12391186 26.25209045
v -4.72646999 5.13869715 26.01704979
v -4.73062897 5.12391186 26.25209045
v -4.49428988 5.05929184 26.03116035
v -4.49428988 5.05929184 26.03116035
v -4.73062897 5.12391186 26.25209045
v -4.50292492 5.05158806 26.26506996
v -4.49428988 5.05929184 26.03116035
v -4.50292492 5.05158806 26.26506996
v -4.25265503 5.10025692 26.04974937
v -4.25265503 5.10025692 26.04974937
v -4.99852705 5.41596603 26.90834999
v -4.98193789 5.48904419 26.48267937
v -4.99194098 5.52192020 26.48753929
v -5.04340601 5.42700100 27.10248947
v -5.03671408 5.35398722 27.32745934
v -5.01304293 5.39639378 27.09445000
v -5.01304293 5.39639378 27.09445000
v -5.03671408 5.35398722 27.32745934
v -5.01430607 5.32932901 27.31958961
v -5.01304293 5.39639378 27.09445000
v -5.01430607 5.32932901 27.31958961
v -5.00872993 5.31915808 27.31633949
v -5.08438492 5.44218111 27.10614967
v -5.07922411 5.37341118 27.33366966
v -5.04340601 5.42700100 27.10248947
v -5.04340601 5.42700100 27.10248947
v -5.07922411 5.37341118 27.33366966
v -5.04467010 5.35958004 27.32925034
v -5.04340601 5.42700100 27.10248947
v -5.04467010 5.35958004 27.32925034
v -5.03671408 5.35398722 27.32745934
v -5.16614914 5.41810703 27.09852982
v -5.16762304 5.35040712 27.32632065
v -5.12810183 5.43901300 27.10474014
v -5.12951803 5.37124491 27.33297920
v -5.12810183 5.43901300 27.10474014
v -5.12951803 5.37124491 27.33297920
v -5.08438492 5.44218111 27.10614967
v -5.08571482 5.37451315 27.33402061
v -5.08438492 5.44218111 27.10614967
v -5.08571482 5.37451315 27.33402061
v -5.07922411 5.37341118 27.33366966
v -5.14817715 5.55177402 26.48525047
v -5.16614914 5.41810703 27.09852982
v -5.10834599 5.57328892 26.49053955
v -5.10834599 5.57328892 26.49053955
v -5.16614914 5.41810703 27.09852982
v -5.12810183 5.43901300 27.10474014
v -5.10834599 5.57328892 26.49053955
v -5.12810183 5.43901300 27.10474014
v -5.06286001 5.57502699 26.49290085
v -5.06286001 5.57502699 26.49290085
v -5.12810183 5.43901300 27.10474014
v -5.08438492 5.44218111 27.10614967
v -5.06286001 5.57502699 26.49290085
v -5.08438492 5.44218111 27.10614967
v -5.02117205 5.55663013 26.49181938
v -5.02117205 5.55663013 26.49181938
v -5.08438492 5.44218111 27.10614967
v -5.04340601 5.42700100 27.10248947
v -5.02117205 5.55663013 26.49181938
v -5.04340601 5.42700100 27.10248947
v -4.99194098 5.52192020 26.48753929
v -4.99194098 5.52192020 26.48753929
v -5.04340601 5.42700100 27.10248947
v -5.01304293 5.39639378 27.09445000
v -4.99194098 5.52192020 26.48753929
v -5.01304293 5.39639378 27.09445000
v -4.99852705 5.41596603 26.90834999
v -4.99852705 5.41596603 26.90834999
v -5.01304293 5.39639378 27.09445000
v -5.00872993 5.31915808 27.31633949
v -5.12650681 5.16582918 27.86273003
v -5.16777182 5.14505720 27.85310936
v -5.16792011 4.87759781 28.34786987
v -5.05149078 5.01043606 28.14937019
v -5.03132391 5.12294102 27.89819908
v -5.03677416 5.14863586 27.85477066
v -5.03677416 5.14863586 27.85477066
v -5.03132391 5.12294102 27.89819908
v -5.01683378 5.23318911 27.60144043
v -5.00872993 5.31915808 27.31633949
v -5.01430607 5.32932901 27.31958961
v -5.01683378 5.23318911 27.60144043
v -5.01683378 5.23318911 27.60144043
v -5.01430607 5.32932901 27.31958961
v -5.03671408 5.35398722 27.32745934
v -5.01683378 5.23318911 27.60144043
v -5.03671408 5.35398722 27.32745934
v -5.03677416 5.14863586 27.85477066
v -5.12666178 4.89710903 28.36001968
v -5.12666178 4.89710903 28.36001968
v -5.11820507 4.78341293 28.53710938
v -5.11315298 4.79514503 28.52140999
v -5.12666178 4.89710903 28.36001968
v -5.11315298 4.79514503 28.52140999
v -5.09359980 4.84835911 28.44285011
v -5.15196609 4.72893810 28.59235954
v -5.14501095 4.73627901 28.58871078
v -5.16798401 4.73401117 28.56428909
v -5.15713310 4.72514391 28.59188080
v -5.15196609 4.72893810 28.59235954
v -5.16204309 4.72306681 28.58852005
v -5.16204309 4.72306681 28.58852005
v -5.15196609 4.72893810 28.59235954
v -5.16798401 4.73401117 28.56428909
v -5.16204309 4.72306681 28.58852005
v -5.16798401 4.73401117 28.56428909
v -5.16798878 4.72292995 28.57992935
v -5.07933998 5.16711712 27.86331940
v -5.12666178 4.89710903 28.36001968
v -5.09846210 4.91025305 28.34567070
v -5.09846210 4.91025305 28.34567070
v -5.12666178 4.89710903 28.36001968
v -5.09359980 4.84835911 28.44285011
v -5.09846210 4.91025305 28.34567070
v -5.09359980 4.84835911 28.44285011
v -5.08560801 4.87374401 28.40193939
v -5.07933998 5.16711712 27.86331940
v -5.12650681 5.16582918 27.86273003
v -5.12666178 4.89710903 28.36001968
v -5.12666178 4.89710903 28.36001968
v -5.12650681 5.16582918 27.86273003
v -5.16792011 4.87759781 28.34786987
v -5.12666178 4.89710903 28.36001968
v -5.16792011 4.87759781 28.34786987
v -5.12585783 4.76726294 28.55738068
v -5.12585783 4.76726294 28.55738068
v -5.16792011 4.87759781 28.34786987
v -5.16798401 4.73401117 28.56428909
v -5.12585783 4.76726294 28.55738068
v -5.16798401 4.73401117 28.56428909
v -5.13444519 4.75160122 28.57500076
v -5.13444519 4.75160122 28.57500076
v -5.16798401 4.73401117 28.56428909
v -5.14501095 4.73627901 28.58871078
v -5.03671408 5.35398722 27.32745934
v -5.04467010 5.35958004 27.32925034
v -5.03677416 5.14863586 27.85477066
v -5.03677416 5.14863586 27.85477066
v -5.04467010 5.35958004 27.32925034
v -5.07933998 5.16711712 27.86331940
v -5.03677416 5.14863586 27.85477066
v -5.07933998 5.16711712 27.86331940
v -5.05149078 5.01043606 28.14937019
v -5.05149078 5.01043606 28.14937019
v -5.07933998 5.16711712 27.86331940
v -5.09846210 4.91025305 28.34567070
v -5.05149078 5.01043606 28.14937019
v -5.09846210 4.91025305 28.34567070
v -5.06385994 4.95483112 28.25860023
v -5.06385994 4.95483112 28.25860023
v -5.09846210 4.91025305 28.34567070
v -5.08560801 4.87374401 28.40193939
v -5.16762304 5.35040712 27.32632065
v -5.16777182 5.14505720 27.85310936
v -5.12951803 5.37124491 27.33297920
v -5.12951803 5.37124491 27.33297920
v -5.16777182 5.14505720 27.85310936
v -5.12650681 5.16582918 27.86273003
v -5.12951803 5.37124491 27.33297920
v -5.12650681 5.16582918 27.86273003
v -5.08571482 5.37451315 27.33402061
v -5.08571482 5.37451315 27.33402061
v -5.12650681 5.16582918 27.86273003
v -5.07933998 5.16711712 27.86331940
v -5.08571482 5.37451315 27.33402061
v -5.07933998 5.16711712 27.86331940
v -5.07922411 5.37341118 27.33366966
v -5.07922411 5.37341118 27.33366966
v -5.07933998 5.16711712 27.86331940
v -5.04467010 5.35958004 27.32925034
v -5.16798878 4.72292995 28.57992935
v -5.28895378 4.65218592 28.47966003
v -5.18186808 4.67942715 28.62957954
v -5.18186808 4.67942715 28.62957954
v -5.28895378 4.65218592 28.47966003
v -5.32508612 4.57033300 28.57794952
v -5.18186808 4.67942715 28.62957954
v -5.32508612 4.57033300 28.57794952
v -5.20168209 4.64215517 28.68221092
v -5.20168209 4.64215517 28.68221092
v -5.32508612 4.57033300 28.57794952
v -5.22707081 4.61179209 28.73683929
v -5.22707081 4.61179209 28.73683929
v -5.32508612 4.57033300 28.57794952
v -5.38345909 4.51489687 28.68371964
v -5.22707081 4.61179209 28.73683929
v -5.38345909 4.51489687 28.68371964
v -5.25757408 4.58889008 28.79248047
v -5.50449991 4.44150305 28.56866074
v -5.38345909 4.51489687 28.68371964
v -5.44377518 4.49910116 28.46762085
v -5.44377518 4.49910116 28.46762085
v -5.38345909 4.51489687 28.68371964
v -5.32508612 4.57033300 28.57794952
v -5.44377518 4.49910116 28.46762085
v -5.32508612 4.57033300 28.57794952
v -5.40528011 4.58205080 28.37352943
v -5.40528011 4.58205080 28.37352943
v -5.32508612 4.57033300 28.57794952
v -5.28895378 4.65218592 28.47966003
v -5.66675901 4.33849478 28.33933067
v -5.62046909 4.39300823 28.26067924
v -5.81351995 4.23940706 28.10997963
v -5.81351995 4.23940706 28.10997963
v -5.62046909 4.39300823 28.26067924
v -5.77408409 4.30232477 28.03277016
v -5.77408409 4.30232477 28.03277016
v -5.62046909 4.39300823 28.26067924
v -5.76482010 4.32627392 28.00839996
v -5.76482010 4.32627392 28.00839996
v -5.62046909 4.39300823 28.26067924
v -5.58987713 4.46305799 28.18680954
v -5.76482010 4.32627392 28.00839996
v -5.58987713 4.46305799 28.18680954
v -5.76028919 4.34097290 27.99444008
v -5.40528011 4.58205080 28.37352943
v -5.58987713 4.46305799 28.18680954
v -5.44377518 4.49910116 28.46762085
v -5.44377518 4.49910116 28.46762085
v -5.58987713 4.46305799 28.18680954
v -5.62046909 4.39300823 28.26067924
v -5.44377518 4.49910116 28.46762085
v -5.62046909 4.39300823 28.26067924
v -5.50449991 4.44150305 28.56866074
v -5.50449991 4.44150305 28.56866074
v -5.62046909 4.39300823 28.26067924
v -5.66675901 4.33849478 28.33933067
v -5.91611624 4.16025400 27.92227936
v -5.94347000 4.16410494 27.81063080
v -5.94638777 4.16025400 27.80892944
v -5.76028919 4.34097290 27.99444008
v -5.77843618 4.32630301 27.97406960
v -5.76482010 4.32627392 28.00839996
v -5.76482010 4.32627392 28.00839996
v -5.77843618 4.32630301 27.97406960
v -5.77408409 4.30232477 28.03277016
v -5.94347000 4.16410494 27.81063080
v -5.91611624 4.16025400 27.92227936
v -5.89465618 4.22040892 27.85016060
v -5.91611624 4.16025400 27.92227936
v -5.91156006 4.16411591 27.93057060
v -5.89465618 4.22040892 27.85016060
v -5.89465618 4.22040892 27.85016060
v -5.91156006 4.16411591 27.93057060
v -5.87800121 4.19119501 27.99254036
v -5.89465618 4.22040892 27.85016060
v -5.87800121 4.19119501 27.99254036
v -5.84761381 4.26638412 27.89797020
v -5.84761381 4.26638412 27.89797020
v -5.87800121 4.19119501 27.99254036
v -5.82616901 4.23012114 28.08810043
v -5.84761381 4.26638412 27.89797020
v -5.82616901 4.23012114 28.08810043
v -5.77843618 4.32630301 27.97406960
v -5.77843618 4.32630301 27.97406960
v -5.82616901 4.23012114 28.08810043
v -5.81351995 4.23940706 28.10997963
v -5.77843618 4.32630301 27.97406960
v -5.81351995 4.23940706 28.10997963
v -5.77408409 4.30232477 28.03277016
v -5.91156006 4.16411591 27.93057060
v -5.91611624 4.16025400 27.92227936
v -5.88969898 4.16025400 28.03944969
v -5.81351995 4.23940706 28.10997963
v -5.82616901 4.23012114 28.08810043
v -5.83252287 4.21526289 28.12692070
v -5.83252287 4.21526289 28.12692070
v -5.82616901 4.23012114 28.08810043
v -5.85513210 4.16025400 28.15527916
v -5.85513210 4.16025400 28.15527916
v -5.82616901 4.23012114 28.08810043
v -5.88969898 4.16025400 28.03944969
v -5.88969898 4.16025400 28.03944969
v -5.82616901 4.23012114 28.08810043
v -5.87800121 4.19119501 27.99254036
v -5.88969898 4.16025400 28.03944969
v -5.87800121 4.19119501 27.99254036
v -5.91156006 4.16411591 27.93057060
v -4.86909819 4.78995609 29.47451973
v -4.88089514 4.79660511 29.37472916
v -4.89491701 4.78922892 29.35917091
v -4.86712599 4.78434420 29.49061012
v -4.86796522 4.78673315 29.48376083
v -4.93662310 4.74898386 29.41489983
v -4.86909819 4.78995609 29.47451973
v -4.95651817 4.68664598 29.46162987
v -4.85773802 4.74170208 29.56632996
v -4.86260414 4.77147722 29.52750015
v -4.85349083 4.66741180 29.59976959
v -4.95138788 4.61229181 29.49179077
v -4.85347509 4.66166115 29.59989929
v -4.85447693 4.70452785 29.59206009
v -4.85710096 4.73780203 29.57140923
v -4.95651817 4.68664598 29.46162987
v -4.95651817 4.68664598 29.46162987
v -4.85710096 4.73780203 29.57140923
v -4.85773802 4.74170208 29.56632996
v -5.52420282 4.36718893 28.71891022
v -5.85513210 4.16025400 28.15527916
v -5.74968481 4.16025400 28.37607956
v -5.66675901 4.33849478 28.33933067
v -5.81351995 4.23940706 28.10997963
v -5.50219202 4.42688417 28.68045044
v -5.50219202 4.42688417 28.68045044
v -5.81351995 4.23940706 28.10997963
v -5.83252287 4.21526289 28.12692070
v -5.50219202 4.42688417 28.68045044
v -5.83252287 4.21526289 28.12692070
v -5.85513210 4.16025400 28.15527916
v -4.86909819 4.78995609 29.47451973
v -4.89491701 4.78922892 29.35917091
v -4.93662310 4.74898386 29.41489983
v -4.93662310 4.74898386 29.41489983
v -4.89491701 4.78922892 29.35917091
v -5.31489086 4.55549192 28.84281921
v -4.93662310 4.74898386 29.41489983
v -5.31489086 4.55549192 28.84281921
v -5.35706520 4.51399994 28.89051056
v -5.35706520 4.51399994 28.89051056
v -5.31489086 4.55549192 28.84281921
v -5.45997906 4.46875906 28.63582993
v -5.50219202 4.42688417 28.68045044
v -5.50219202 4.42688417 28.68045044
v -5.45997906 4.46875906 28.63582993
v -5.50449991 4.44150305 28.56866074
v -5.66675901 4.33849478 28.33933067
v -5.52420282 4.36718893 28.71891022
v -5.50219202 4.42688417 28.68045044
v -5.52420282 4.36718893 28.71891022
v -5.37853718 4.45359802 28.93131065
v -5.35706520 4.51399994 28.89051056
v -5.35706520 4.51399994 28.89051056
v -5.37853718 4.45359802 28.93131065
v -4.95651817 4.68664598 29.46162987
v -4.93662310 4.74898386 29.41489983
v -4.93662310 4.74898386 29.41489983
v -4.95651817 4.68664598 29.46162987
v -4.86260414 4.77147722 29.52750015
v -4.86260414 4.77147722 29.52750015
v -5.74968481 4.16025400 28.37607956
v -5.52296877 4.29792500 28.74588966
v -5.52420282 4.36718893 28.71891022
v -5.52420282 4.36718893 28.71891022
v -5.52296877 4.29792500 28.74588966
v -5.37620687 4.38300705 28.95933914
v -5.52420282 4.36718893 28.71891022
v -5.37620687 4.38300705 28.95933914
v -5.37853718 4.45359802 28.93131065
v -5.37853718 4.45359802 28.93131065
v -5.37620687 4.38300705 28.95933914
v -4.95138788 4.61229181 29.49179077
v -5.37853718 4.45359802 28.93131065
v -4.95138788 4.61229181 29.49179077
v -4.95651817 4.68664598 29.46162987
v -4.95651817 4.68664598 29.46162987
v -4.95138788 4.61229181 29.49179077
v -4.85349083 4.66741180 29.59976959
v -4.95651817 4.68664598 29.46162987
v -4.85349083 4.66741180 29.59976959
v -4.85447693 4.70452785 29.59206009
v -4.88493490 4.16025400 29.38854027
v -4.94245481 4.19661093 29.41330910
v -4.96133089 4.16025400 29.36911011
v -4.86817408 4.23367786 29.48213959
v -4.86610794 4.25031090 29.49908066
v -4.94245481 4.19661093 29.41330910
v -4.86221886 4.28617382 29.53059959
v -4.85531092 4.37594891 29.58551979
v -4.99380112 4.25492477 29.42021942
v -4.99380112 4.25492477 29.42021942
v -4.85531092 4.37594891 29.58551979
v -4.85346699 4.44547510 29.59991074
v -4.99380112 4.25492477 29.42021942
v -4.85346699 4.44547510 29.59991074
v -5.02701187 4.32382584 29.40490913
v -4.94245481 4.19661093 29.41330910
v -4.86610794 4.25031090 29.49908066
v -4.99380112 4.25492477 29.42021942
v -4.99380112 4.25492477 29.42021942
v -4.86610794 4.25031090 29.49908066
v -4.86410713 4.26770306 29.51535034
v -4.99380112 4.25492477 29.42021942
v -4.86410713 4.26770306 29.51535034
v -4.86221886 4.28617382 29.53059959
v -4.88493490 4.16025400 29.38854027
v -4.87929916 4.16025400 29.38851929
v -4.94245481 4.19661093 29.41330910
v -4.94245481 4.19661093 29.41330910
v -4.87929916 4.16025400 29.38851929
v -4.87029696 4.21774292 29.46459007
v -4.94245481 4.19661093 29.41330910
v -4.87029696 4.21774292 29.46459007
v -4.86817408 4.23367786 29.48213959
v -4.96133089 4.16025400 29.36911011
v -4.94245481 4.19661093 29.41330910
v -5.03129005 4.16025400 29.33370972
v -5.03129005 4.16025400 29.33370972
v -4.94245481 4.19661093 29.41330910
v -4.99380112 4.25492477 29.42021942
v -5.03129005 4.16025400 29.33370972
v -4.99380112 4.25492477 29.42021942
v -5.08347511 4.16025400 29.29818916
v -5.08347511 4.16025400 29.29818916
v -4.99380112 4.25492477 29.42021942
v -5.02701187 4.32382584 29.40490913
v -5.08347511 4.16025400 29.29818916
v -5.02701187 4.32382584 29.40490913
v -5.24366999 4.16025400 29.13783073
v -4.87929916 4.16025400 29.38851929
v -4.87653494 4.17864609 29.41176987
v -4.87029696 4.21774292 29.46459007
v -4.87029696 4.21774292 29.46459007
v -4.87653494 4.17864609 29.41176987
v -4.86817408 4.23367786 29.48213959
v -4.86817408 4.23367786 29.48213959
v -4.86653280 4.24730396 29.49559975
v -4.86610794 4.25031090 29.49908066
v -4.86505222 4.25986719 29.50768089
v -4.86610794 4.25031090 29.49908066
v -4.86505222 4.25986719 29.50768089
v -4.86410713 4.26770306 29.51535034
v -4.86361217 4.27281380 29.51935959
v -4.86410713 4.26770306 29.51535034
v -4.86410713 4.26770306 29.51535034
v -4.86361217 4.27281380 29.51935959
v -4.86290979 4.27944088 29.52503967
v -4.86410713 4.26770306 29.51535034
v -4.86290979 4.27944088 29.52503967
v -4.86221886 4.28617382 29.53059959
v -4.54239607 4.39225292 29.75119972
v -4.15226412 4.60701704 30.08823013
v -4.21575785 4.65399694 30.13331985
v -4.15226412 4.60701704 30.08823013
v -4.54239607 4.39225292 29.75119972
v -4.31852102 4.47381783 29.84750938
v -3.28924704 4.94337893 30.57592010
v -3.23657894 4.96168423 30.60563087
v -3.27866292 4.96445322 30.67416954
v -3.37599111 5.07345009 30.77420044
v -3.40423703 5.15093422 30.77709961
v -3.88044405 4.97202778 30.46257019
v -3.73039007 4.79854822 30.39678955
v -3.77763605 4.74929285 30.26791000
v -3.73445201 4.76838112 30.29766083
v -3.28924704 4.94337893 30.57592010
v -3.27866292 4.96445322 30.67416954
v -3.61286998 4.82003498 30.37869072
v -4.80833006 4.16025400 29.37332916
v -4.31852102 4.47381783 29.84750938
v -4.82772779 4.16025400 29.38246918
v -4.82772779 4.16025400 29.38246918
v -4.31852102 4.47381783 29.84750938
v -4.54239607 4.39225292 29.75119972
v -4.82772779 4.16025400 29.38246918
v -4.54239607 4.39225292 29.75119972
v -4.87929916 4.16025400 29.38851929
v -4.87929916 4.16025400 29.38851929
v -4.54239607 4.39225292 29.75119972
v -4.87653494 4.17864609 29.41176987
v -4.86361217 4.27281380 29.51935959
v -4.86505222 4.25986719 29.50768089
v -4.54239607 4.39225292 29.75119972
v -4.86361217 4.27281380 29.51935959
v -4.54239607 4.39225292 29.75119972
v -4.86290979 4.27944088 29.52503967
v -4.86505222 4.25986719 29.50768089
v -4.86653280 4.24730396 29.49559975
v -4.54239607 4.39225292 29.75119972
v -4.54239607 4.39225292 29.75119972
v -4.86653280 4.24730396 29.49559975
v -4.86817408 4.23367786 29.48213959
v -4.86817408 4.23367786 29.48213959
v -4.85531092 4.37594891 29.58551979
v -4.86221886 4.28617382 29.53059959
v -4.60964203 4.44251490 29.78614044
v -4.49219799 4.66964817 29.96101952
v -4.85346699 4.44547510 29.59991074
v -4.66204882 4.51683617 29.79081917
v -4.66204882 4.51683617 29.79081917
v -4.85346699 4.44547510 29.59991074
v -4.85531092 4.37594891 29.58551979
v -4.66204882 4.51683617 29.79081917
v -4.85531092 4.37594891 29.58551979
v -4.63883781 4.47804308 29.79252052
v -4.63883781 4.47804308 29.79252052
v -4.85531092 4.37594891 29.58551979
v -4.60964203 4.44251490 29.78614044
v -4.37449980 4.73514891 30.06731987
v -4.49219799 4.66964817 29.96101952
v -4.26776505 4.72720098 30.14847946
v -4.26776505 4.72720098 30.14847946
v -4.49219799 4.66964817 29.96101952
v -4.66204882 4.51683617 29.79081917
v -4.26776505 4.72720098 30.14847946
v -4.66204882 4.51683617 29.79081917
v -4.24430990 4.68866110 30.14509964
v -4.24430990 4.68866110 30.14509964
v -4.66204882 4.51683617 29.79081917
v -4.63883781 4.47804308 29.79252052
v -4.24430990 4.68866110 30.14509964
v -4.63883781 4.47804308 29.79252052
v -4.21575785 4.65399694 30.13331985
v -4.21575785 4.65399694 30.13331985
v -4.63883781 4.47804308 29.79252052
v -4.60964203 4.44251490 29.78614044
v -4.21575785 4.65399694 30.13331985
v -4.60964203 4.44251490 29.78614044
v -4.54239607 4.39225292 29.75119972
v -4.54239607 4.39225292 29.75119972
v -4.60964203 4.44251490 29.78614044
v -4.86221886 4.28617382 29.53059959
v -4.54239607 4.39225292 29.75119972
v -4.86221886 4.28617382 29.53059959
v -4.86290979 4.27944088 29.52503967
v -3.88044405 4.97202778 30.46257019
v -3.83832097 4.91353321 30.47765923
v -3.37599111 5.07345009 30.77420044
v -3.37599111 5.07345009 30.77420044
v -3.83832097 4.91353321 30.47765923
v -3.81556702 4.87541389 30.46895027
v -3.37599111 5.07345009 30.77420044
v -3.81556702 4.87541389 30.46895027
v -3.33029199 5.00370121 30.73781013
v -3.33029199 5.00370121 30.73781013
v -3.81556702 4.87541389 30.46895027
v -3.78859401 4.84181404 30.45166016
v -3.33029199 5.00370121 30.73781013
v -3.78859401 4.84181404 30.45166016
v -3.27866292 4.96445322 30.67416954
v -3.27866292 4.96445322 30.67416954
v -3.78859401 4.84181404 30.45166016
v -3.73039007 4.79854822 30.39678955
v -3.27866292 4.96445322 30.67416954
v -3.73039007 4.79854822 30.39678955
v -3.61286998 4.82003498 30.37869072
v -3.61286998 4.82003498 30.37869072
v -3.73039007 4.79854822 30.39678955
v -3.73445201 4.76838112 30.29766083
v -3.88044405 4.97202778 30.46257019
v -4.37449980 4.73514891 30.06731987
v -3.83832097 4.91353321 30.47765923
v -3.83832097 4.91353321 30.47765923
v -4.37449980 4.73514891 30.06731987
v -4.26776505 4.72720098 30.14847946
v -3.83832097 4.91353321 30.47765923
v -4.26776505 4.72720098 30.14847946
v -3.81556702 4.87541389 30.46895027
v -3.81556702 4.87541389 30.46895027
v -4.26776505 4.72720098 30.14847946
v -4.24430990 4.68866110 30.14509964
v -3.81556702 4.87541389 30.46895027
v -4.24430990 4.68866110 30.14509964
v -3.78859401 4.84181404 30.45166016
v -3.78859401 4.84181404 30.45166016
v -4.24430990 4.68866110 30.14509964
v -4.21575785 4.65399694 30.13331985
v -3.78859401 4.84181404 30.45166016
v -4.21575785 4.65399694 30.13331985
v -3.73039007 4.79854822 30.39678955
v -3.73039007 4.79854822 30.39678955
v -4.21575785 4.65399694 30.13331985
v -4.15226412 4.60701704 30.08823013
v -3.73039007 4.79854822 30.39678955
v -4.15226412 4.60701704 30.08823013
v -3.77763605 4.74929285 30.26791000
v -3.77763605 4.74929285 30.26791000
v -4.15226412 4.60701704 30.08823013
v -4.31852102 4.47381783 29.84750938
v -0.47271919 4.93826103 30.25514984
v -0.97037661 4.89265013 30.21340942
v 0.00000000 4.89276123 30.24510002
v 0.00000000 5.15795994 30.38998032
v 0.00000000 5.19750690 30.42310905
v -0.49731490 5.21333599 30.43751907
v 0.00000000 5.36025381 30.61447906
v 0.00000000 5.38660479 30.65883064
v -0.52227831 5.40613985 30.71274948
v -4.31852102 4.47381783 29.84750938
v -4.80833006 4.16025400 29.37332916
v -4.75626421 4.16025400 29.34560013
v -3.59784794 4.72785902 30.03134918
v -3.77763605 4.74929285 30.26791000
v -4.01662397 4.53104401 29.79619026
v -4.01662397 4.53104401 29.79619026
v -3.77763605 4.74929285 30.26791000
v -4.31852102 4.47381783 29.84750938
v -4.01662397 4.53104401 29.79619026
v -4.31852102 4.47381783 29.84750938
v -4.39136600 4.32725096 29.53807068
v -4.39136600 4.32725096 29.53807068
v -4.31852102 4.47381783 29.84750938
v -4.75626421 4.16025400 29.34560013
v -4.39136600 4.32725096 29.53807068
v -4.75626421 4.16025400 29.34560013
v -4.60574389 4.16025400 29.30065918
v -3.15085006 4.90655994 30.23563957
v -3.61286998 4.82003498 30.37869072
v -3.59784794 4.72785902 30.03134918
v -3.59784794 4.72785902 30.03134918
v -3.61286998 4.82003498 30.37869072
v -3.73445201 4.76838112 30.29766083
v -3.77763605 4.74929285 30.26791000
v -3.28924704 4.94337893 30.57592010
v -3.27352500 4.94689083 30.52989960
v -3.23657894 4.96168423 30.60563087
v -3.23657894 4.96168423 30.60563087
v -3.27352500 4.94689083 30.52989960
v -2.76720309 5.10895205 30.71598053
v -3.23657894 4.96168423 30.60563087
v -2.76720309 5.10895205 30.71598053
v -2.52718711 5.17539787 30.80633926
v -2.52718711 5.17539787 30.80633926
v -2.76720309 5.10895205 30.71598053
v -2.24119902 5.24561596 30.87039948
v -1.78250396 5.33985090 30.95498085
v -1.08608198 5.39355803 30.75595093
v -1.02613902 5.44721317 31.05001068
v -1.02613902 5.44721317 31.05001068
v -1.08608198 5.39355803 30.75595093
v -0.52904141 5.44156885 30.80485916
v -1.02613902 5.44721317 31.05001068
v -0.52904141 5.44156885 30.80485916
v -0.26122209 5.49658823 31.09336090
v -0.26122209 5.49658823 31.09336090
v -0.52904141 5.44156885 30.80485916
v 0.00000000 5.47683382 30.89328003
v -0.26122209 5.49658823 31.09336090
v 0.00000000 5.47683382 30.89328003
v 0.00000000 5.49999809 31.09634018
v 0.00000000 5.15795994 30.38998032
v -0.49731490 5.21333599 30.43751907
v 0.00000000 4.94104481 30.26326942
v -0.92838162 4.58511305 30.14670944
v -0.88977182 4.23601103 30.14986038
v -0.46287420 4.26242924 30.18370056
v -0.46287420 4.26242924 30.18370056
v -0.00000081 4.28781891 30.19614983
v -0.92838162 4.58511305 30.14670944
v -0.92838162 4.58511305 30.14670944
v -0.00000081 4.28781891 30.19614983
v 0.00000000 4.59456110 30.19614983
v -0.92838162 4.58511305 30.14670944
v 0.00000000 4.59456110 30.19614983
v 0.00000000 4.64609194 30.19734001
v -2.60636210 4.16025400 29.77174950
v -2.16939306 4.16025400 29.90906906
v -1.84770703 4.41048002 29.99197006
v -1.84770703 4.41048002 29.99197006
v -2.16939306 4.16025400 29.90906906
v -1.76702404 4.16025496 30.00909996
v -1.84770703 4.41048002 29.99197006
v -1.76702404 4.16025496 30.00909996
v -0.92838162 4.58511305 30.14670944
v -0.92838162 4.58511305 30.14670944
v -1.76702404 4.16025496 30.00909996
v -1.26051402 4.21003580 30.10247993
v -0.92838162 4.58511305 30.14670944
v -1.26051402 4.21003580 30.10247993
v -0.88977182 4.23601103 30.14986038
v -3.76335692 4.31965780 29.51466942
v -4.03597784 4.16025400 29.33268929
v -3.91536188 4.16025400 29.35895920
v -3.38828206 4.16025400 29.50849915
v -3.02547193 4.16025400 29.62866020
v -2.81269503 4.42748690 29.77211952
v -2.81269503 4.42748690 29.77211952
v -3.02547193 4.16025400 29.62866020
v -2.70927310 4.16025400 29.73670006
v -2.81269503 4.42748690 29.77211952
v -2.70927310 4.16025400 29.73670006
v -2.38065600 4.58230877 29.92243958
v -2.38065600 4.58230877 29.92243958
v -2.70927310 4.16025400 29.73670006
v -2.60636210 4.16025400 29.77174950
v -2.38065600 4.58230877 29.92243958
v -2.60636210 4.16025400 29.77174950
v -1.92953706 4.71246004 30.04594040
v -1.92953706 4.71246004 30.04594040
v -2.60636210 4.16025400 29.77174950
v -1.84770703 4.41048002 29.99197006
v -1.92953706 4.71246004 30.04594040
v -1.84770703 4.41048002 29.99197006
v -1.45589602 4.81718493 30.14369011
v -1.45589602 4.81718493 30.14369011
v -1.84770703 4.41048002 29.99197006
v -0.92838162 4.58511305 30.14670944
v -1.45589602 4.81718493 30.14369011
v -0.92838162 4.58511305 30.14670944
v -0.97037661 4.89265013 30.21340942
v -0.97037661 4.89265013 30.21340942
v -0.92838162 4.58511305 30.14670944
v 0.00000000 4.64609194 30.19734001
v -0.97037661 4.89265013 30.21340942
v 0.00000000 4.64609194 30.19734001
v 0.00000000 4.89276123 30.24510002
v -3.28924704 4.94337893 30.57592010
v -3.61286998 4.82003498 30.37869072
v -3.27352500 4.94689083 30.52989960
v -3.27352500 4.94689083 30.52989960
v -3.61286998 4.82003498 30.37869072
v -3.15085006 4.90655994 30.23563957
v -3.27352500 4.94689083 30.52989960
v -3.15085006 4.90655994 30.23563957
v -2.76720309 5.10895205 30.71598053
v -2.76720309 5.10895205 30.71598053
v -3.15085006 4.90655994 30.23563957
v -2.66609311 5.06805992 30.41367912
v -2.76720309 5.10895205 30.71598053
v -2.66609311 5.06805992 30.41367912
v -2.24119902 5.24561596 30.87039948
v -2.24119902 5.24561596 30.87039948
v -2.66609311 5.06805992 30.41367912
v -2.16034889 5.20431805 30.55928040
v -2.24119902 5.24561596 30.87039948
v -2.16034889 5.20431805 30.55928040
v -1.78250396 5.33985090 30.95498085
v -1.78250396 5.33985090 30.95498085
v -2.16034889 5.20431805 30.55928040
v -1.62972295 5.31423378 30.67415047
v -1.62972295 5.31423378 30.67415047
v 0.00000000 4.89276123 30.24510002
v 0.00000000 4.94104481 30.26326942
v -0.47271919 4.93826103 30.25514984
v -0.47271919 4.93826103 30.25514984
v 0.00000000 4.94104481 30.26326942
v -0.49731490 5.21333599 30.43751907
v -0.47271919 4.93826103 30.25514984
v -0.49731490 5.21333599 30.43751907
v -0.97037661 4.89265013 30.21340942
v -1.02079999 5.16641378 30.39238930
v -0.97037661 4.89265013 30.21340942
v -1.02079999 5.16641378 30.39238930
v -1.45589602 4.81718493 30.14369011
v -1.45589602 4.81718493 30.14369011
v -1.02079999 5.16641378 30.39238930
v -1.53138304 5.08884001 30.31699944
v -1.45589602 4.81718493 30.14369011
v -1.53138304 5.08884001 30.31699944
v -1.92953706 4.71246004 30.04594040
v -1.92953706 4.71246004 30.04594040
v -1.53138304 5.08884001 30.31699944
v -2.02926493 4.98127699 30.21125031
v -1.92953706 4.71246004 30.04594040
v -2.02926493 4.98127699 30.21125031
v -2.38065600 4.58230877 29.92243958
v -2.38065600 4.58230877 29.92243958
v -2.02926493 4.98127699 30.21125031
v -2.50316310 4.84778881 30.07752991
v -2.38065600 4.58230877 29.92243958
v -2.50316310 4.84778881 30.07752991
v -2.81269503 4.42748690 29.77211952
v -2.81269503 4.42748690 29.77211952
v -2.50316310 4.84778881 30.07752991
v -2.95657110 4.68931818 29.91453934
v -2.81269503 4.42748690 29.77211952
v -2.95657110 4.68931818 29.91453934
v -3.38828206 4.16025400 29.50849915
v -3.38828206 4.16025400 29.50849915
v -2.95657110 4.68931818 29.91453934
v -3.37367702 4.51362991 29.72821999
v -3.38828206 4.16025400 29.50849915
v -3.37367702 4.51362991 29.72821999
v -3.64403701 4.16025400 29.43049049
v -3.64403701 4.16025400 29.43049049
v -3.37367702 4.51362991 29.72821999
v -3.76335692 4.31965780 29.51466942
v -3.64403701 4.16025400 29.43049049
v -3.76335692 4.31965780 29.51466942
v -3.70528603 4.16025400 29.41312027
v -3.70528603 4.16025400 29.41312027
v -3.76335692 4.31965780 29.51466942
v -3.91536188 4.16025400 29.35895920
v 0.00000000 5.19750690 30.42310905
v 0.00000000 5.36025381 30.61447906
v -0.49731490 5.21333599 30.43751907
v -0.49731490 5.21333599 30.43751907
v 0.00000000 5.36025381 30.61447906
v -0.52227831 5.40613985 30.71274948
v -0.49731490 5.21333599 30.43751907
v -0.52227831 5.40613985 30.71274948
v -1.02079999 5.16641378 30.39238930
v -1.07214105 5.35829782 30.66460037
v -1.02079999 5.16641378 30.39238930
v -1.07214105 5.35829782 30.66460037
v -1.53138304 5.08884001 30.31699944
v -1.53138304 5.08884001 30.31699944
v -1.07214105 5.35829782 30.66460037
v -1.60865903 5.27924490 30.58406067
v -1.53138304 5.08884001 30.31699944
v -1.60865903 5.27924490 30.58406067
v -2.02926493 4.98127699 30.21125031
v -2.02926493 4.98127699 30.21125031
v -1.60865903 5.27924490 30.58406067
v -2.13215089 5.16969490 30.47101021
v -2.02926493 4.98127699 30.21125031
v -2.13215089 5.16969490 30.47101021
v -2.50316310 4.84778881 30.07752991
v -2.50316310 4.84778881 30.07752991
v -2.13215089 5.16969490 30.47101021
v -2.63084888 5.03386688 30.32781029
v -2.50316310 4.84778881 30.07752991
v -2.63084888 5.03386688 30.32781029
v -2.95657110 4.68931818 29.91453934
v -2.95657110 4.68931818 29.91453934
v -2.63084888 5.03386688 30.32781029
v -3.10852790 4.87283707 30.15283966
v -2.95657110 4.68931818 29.91453934
v -3.10852790 4.87283707 30.15283966
v -3.37367702 4.51362991 29.72821999
v -3.37367702 4.51362991 29.72821999
v -3.10852790 4.87283707 30.15283966
v -3.54860806 4.69460392 29.95227051
v -3.37367702 4.51362991 29.72821999
v -3.54860806 4.69460392 29.95227051
v -3.76335692 4.31965780 29.51466942
v -3.76335692 4.31965780 29.51466942
v -3.54860806 4.69460392 29.95227051
v -3.96043992 4.49823093 29.72166061
v -3.76335692 4.31965780 29.51466942
v -3.96043992 4.49823093 29.72166061
v -4.03597784 4.16025400 29.33268929
v -4.03597784 4.16025400 29.33268929
v -3.96043992 4.49823093 29.72166061
v -4.32847691 4.29478788 29.46894073
v -4.03597784 4.16025400 29.33268929
v -4.32847691 4.29478788 29.46894073
v -4.23868513 4.16025400 29.29970932
v -4.23868513 4.16025400 29.29970932
v -4.32847691 4.29478788 29.46894073
v -4.51453686 4.16025400 29.28977013
v 0.00000000 5.38660479 30.65883064
v 0.00000000 5.47683382 30.89328003
v -0.52227831 5.40613985 30.71274948
v -0.52904141 5.44156885 30.80485916
v -0.52227831 5.40613985 30.71274948
v -0.52904141 5.44156885 30.80485916
v -1.07214105 5.35829782 30.66460037
v -1.07214105 5.35829782 30.66460037
v -0.52904141 5.44156885 30.80485916
v -1.08608198 5.39355803 30.75595093
v -1.07214105 5.35829782 30.66460037
v -1.08608198 5.39355803 30.75595093
v -1.60865903 5.27924490 30.58406067
v -1.60865903 5.27924490 30.58406067
v -1.08608198 5.39355803 30.75595093
v -1.62972295 5.31423378 30.67415047
v -1.60865903 5.27924490 30.58406067
v -1.62972295 5.31423378 30.67415047
v -2.13215089 5.16969490 30.47101021
v -2.13215089 5.16969490 30.47101021
v -1.62972295 5.31423378 30.67415047
v -2.16034889 5.20431805 30.55928040
v -2.13215089 5.16969490 30.47101021
v -2.16034889 5.20431805 30.55928040
v -2.63084888 5.03386688 30.32781029
v -2.63084888 5.03386688 30.32781029
v -2.16034889 5.20431805 30.55928040
v -2.66609311 5.06805992 30.41367912
v -2.63084888 5.03386688 30.32781029
v -2.66609311 5.06805992 30.41367912
v -3.10852790 4.87283707 30.15283966
v -3.10852790 4.87283707 30.15283966
v -2.66609311 5.06805992 30.41367912
v -3.15085006 4.90655994 30.23563957
v -3.10852790 4.87283707 30.15283966
v -3.15085006 4.90655994 30.23563957
v -3.54860806 4.69460392 29.95227051
v -3.54860806 4.69460392 29.95227051
v -3.15085006 4.90655994 30.23563957
v -3.59784794 4.72785902 30.03134918
v -3.54860806 4.69460392 29.95227051
v -3.59784794 4.72785902 30.03134918
v -3.96043992 4.49823093 29.72166061
v -3.96043992 4.49823093 29.72166061
v -3.59784794 4.72785902 30.03134918
v -4.01662397 4.53104401 29.79619026
v -3.96043992 4.49823093 29.72166061
v -4.01662397 4.53104401 29.79619026
v -4.32847691 4.29478788 29.46894073
v -4.32847691 4.29478788 29.46894073
v -4.01662397 4.53104401 29.79619026
v -4.39136600 4.32725096 29.53807068
v -4.51453686 4.16025400 29.28977013
v -4.51453686 4.16025400 29.28977013
v -4.39136600 4.32725096 29.53807068
v -4.60574389 4.16025400 29.30065918
v -1.26051402 4.21003580 30.10247993
v -1.76702404 4.16025496 30.00909996
v -0.87334007 4.16025400 30.15156937
v 0.00000000 4.16025400 30.19614983
v -0.00000081 4.28781891 30.19614983
v -0.46287420 4.26242924 30.18370056
v 0.00000000 4.16025400 30.19614983
v -0.46287420 4.26242924 30.18370056
v -0.87334007 4.16025400 30.15156937
v -0.87334007 4.16025400 30.15156937
v -0.46287420 4.26242924 30.18370056
v -0.88977182 4.23601103 30.14986038
v -0.87334007 4.16025400 30.15156937
v -0.00000081 4.28781891 30.19614983
v 0.00000000 4.16025400 30.19614983
v 0.55019951 4.25643587 30.17852974
v 0.55019951 4.25643587 30.17852974
v 0.00000000 4.16025400 30.19614983
v 0.87334007 4.16025400 30.15156937
v 1.76702404 4.16025496 30.00909996
v 1.32894599 4.20443010 30.09194946
v 0.87334007 4.16025400 30.15156937
v 0.87334007 4.16025400 30.15156937
v 1.32894599 4.20443010 30.09194946
v 0.88970619 4.23625422 30.14990044
v 0.87334007 4.16025400 30.15156937
v 0.88970619 4.23625422 30.14990044
v 0.55019951 4.25643587 30.17852974
v 2.15611696 4.16025400 29.91275978
v 2.60723209 4.16025400 29.77145004
v 1.84770703 4.41048002 29.99197006
v 4.78797913 4.16025400 29.36145020
v 4.80833006 4.16025400 29.37332916
v 4.33332109 4.46481705 29.83464050
v 0.00000000 5.36025381 30.61447906
v 0.00000000 5.19750690 30.42310905
v 0.49731490 5.21333599 30.43751907
v 0.00000000 4.59456110 30.19614983
v 0.00000000 4.59456110 30.19614983
v 0.55019951 4.25643587 30.17852974
v 0.92838162 4.58511305 30.14670944
v 0.00000000 4.59456110 30.19614983
v 0.92838162 4.58511305 30.14670944
v 0.00000000 4.64609194 30.19734001
v 0.00000000 5.15795994 30.38998032
v 0.00000000 4.94104481 30.26326942
v 0.47271919 4.93826103 30.25514984
v 0.47271919 4.93826103 30.25514984
v 0.00000000 4.94104481 30.26326942
v 0.00000000 4.89276123 30.24510002
v 0.00000000 4.64609194 30.19734001
v 0.92838162 4.58511305 30.14670944
v 0.00000000 4.89276123 30.24510002
v 0.00000000 4.89276123 30.24510002
v 0.92838162 4.58511305 30.14670944
v 0.97037661 4.89265013 30.21340942
v 0.00000000 4.89276123 30.24510002
v 0.97037661 4.89265013 30.21340942
v 0.47271919 4.93826103 30.25514984
v 0.20779750 5.49779606 31.09444046
v 0.00000000 5.49999809 31.09634018
v 0.00000000 5.47683382 30.89328003
v 0.00000000 5.47683382 30.89328003
v 0.52904141 5.44156885 30.80485916
v 0.20779750 5.49779606 31.09444046
v 0.20779750 5.49779606 31.09444046
v 0.52904141 5.44156885 30.80485916
v 1.08608198 5.39355803 30.75595093
v 0.20779750 5.49779606 31.09444046
v 1.08608198 5.39355803 30.75595093
v 0.99546218 5.45011282 31.05261040
v 0.99546218 5.45011282 31.05261040
v 1.08608198 5.39355803 30.75595093
v 1.62972295 5.31423378 30.67415047
v 1.77188098 5.34175301 30.95639038
v 1.77188098 5.34175301 30.95639038
v 1.62972295 5.31423378 30.67415047
v 2.14570904 5.26706982 30.88941002
v 2.16034889 5.20431805 30.55928040
v 2.14570904 5.26706982 30.88941002
v 2.16034889 5.20431805 30.55928040
v 2.24112511 5.24560213 30.87002945
v 3.84097505 4.72039318 30.22361946
v 3.33695292 4.92652512 30.54849052
v 3.27352500 4.94689083 30.52989960
v 3.27352500 4.94689083 30.52989960
v 3.33695292 4.92652512 30.54849052
v 3.23657894 4.96168423 30.60563087
v 3.27352500 4.94689083 30.52989960
v 3.23657894 4.96168423 30.60563087
v 2.76720309 5.10895205 30.71598053
v 2.76720309 5.10895205 30.71598053
v 3.23657894 4.96168423 30.60563087
v 2.52636909 5.17553520 30.80623055
v 2.76720309 5.10895205 30.71598053
v 2.52636909 5.17553520 30.80623055
v 2.24112511 5.24560213 30.87002945
v 3.84097505 4.72039318 30.22361946
v 4.01662397 4.53104401 29.79619026
v 4.09696484 4.59469509 30.03104019
v 4.09696484 4.59469509 30.03104019
v 4.01662397 4.53104401 29.79619026
v 4.39136600 4.32725096 29.53807068
v 4.09696484 4.59469509 30.03104019
v 4.39136600 4.32725096 29.53807068
v 4.33332109 4.46481705 29.83464050
v 4.33332109 4.46481705 29.83464050
v 4.39136600 4.32725096 29.53807068
v 4.61495209 4.16025400 29.30233002
v 4.33332109 4.46481705 29.83464050
v 4.61495209 4.16025400 29.30233002
v 4.78797913 4.16025400 29.36145020
v 3.96043992 4.49823093 29.72166061
v 4.28018522 4.16025400 29.29516029
v 4.32847691 4.29478788 29.46894073
v 4.32847691 4.29478788 29.46894073
v 4.28018522 4.16025400 29.29516029
v 4.34638214 4.16025400 29.28982925
v 2.70909905 4.16025400 29.73675919
v 2.99431992 4.16025400 29.63925934
v 2.81269503 4.42748690 29.77211952
v 2.81269503 4.42748690 29.77211952
v 2.99431992 4.16025400 29.63925934
v 3.12288308 4.16025400 29.59572983
v 2.81269503 4.42748690 29.77211952
v 3.12288308 4.16025400 29.59572983
v 3.38581491 4.16025400 29.50929070
v 0.92838162 4.58511305 30.14670944
v 0.92838162 4.58511305 30.14670944
v 0.92838162 4.58511305 30.14670944
v 1.32894599 4.20443010 30.09194946
v 1.84770703 4.41048002 29.99197006
v 1.84770703 4.41048002 29.99197006
v 1.32894599 4.20443010 30.09194946
v 1.76702404 4.16025496 30.00909996
v 1.84770703 4.41048002 29.99197006
v 1.76702404 4.16025496 30.00909996
v 2.15611696 4.16025400 29.91275978
v 2.60723209 4.16025400 29.77145004
v 2.60723209 4.16025400 29.77145004
v 2.81269503 4.42748690 29.77211952
v 2.38065600 4.58230877 29.92243958
v 2.60723209 4.16025400 29.77145004
v 2.38065600 4.58230877 29.92243958
v 1.84770703 4.41048002 29.99197006
v 1.84770703 4.41048002 29.99197006
v 2.38065600 4.58230877 29.92243958
v 1.92953706 4.71246004 30.04594040
v 1.84770703 4.41048002 29.99197006
v 1.92953706 4.71246004 30.04594040
v 0.92838162 4.58511305 30.14670944
v 0.92838162 4.58511305 30.14670944
v 1.92953706 4.71246004 30.04594040
v 1.45589602 4.81718493 30.14369011
v 0.92838162 4.58511305 30.14670944
v 1.45589602 4.81718493 30.14369011
v 0.97037661 4.89265013 30.21340942
v 2.24112511 5.24560213 30.87002945
v 2.16034889 5.20431805 30.55928040
v 2.76720309 5.10895205 30.71598053
v 2.76720309 5.10895205 30.71598053
v 2.16034889 5.20431805 30.55928040
v 2.66609311 5.06805992 30.41367912
v 2.76720309 5.10895205 30.71598053
v 2.66609311 5.06805992 30.41367912
v 3.27352500 4.94689083 30.52989960
v 3.27352500 4.94689083 30.52989960
v 2.66609311 5.06805992 30.41367912
v 3.15085006 4.90655994 30.23563957
v 3.27352500 4.94689083 30.52989960
v 3.15085006 4.90655994 30.23563957
v 3.84097505 4.72039318 30.22361946
v 3.84097505 4.72039318 30.22361946
v 3.15085006 4.90655994 30.23563957
v 3.59784794 4.72785902 30.03134918
v 3.84097505 4.72039318 30.22361946
v 3.59784794 4.72785902 30.03134918
v 4.01662397 4.53104401 29.79619026
v 0.49731490 5.21333599 30.43751907
v 0.49731490 5.21333599 30.43751907
v 0.00000000 5.15795994 30.38998032
v 0.47271919 4.93826103 30.25514984
v 0.49731490 5.21333599 30.43751907
v 0.47271919 4.93826103 30.25514984
v 1.02079999 5.16641378 30.39238930
v 1.02079999 5.16641378 30.39238930
v 0.47271919 4.93826103 30.25514984
v 0.97037661 4.89265013 30.21340942
v 1.02079999 5.16641378 30.39238930
v 0.97037661 4.89265013 30.21340942
v 1.53138304 5.08884001 30.31699944
v 1.53138304 5.08884001 30.31699944
v 0.97037661 4.89265013 30.21340942
v 1.45589602 4.81718493 30.14369011
v 1.53138304 5.08884001 30.31699944
v 1.45589602 4.81718493 30.14369011
v 2.02926493 4.98127699 30.21125031
v 2.02926493 4.98127699 30.21125031
v 1.45589602 4.81718493 30.14369011
v 1.92953706 4.71246004 30.04594040
v 2.02926493 4.98127699 30.21125031
v 1.92953706 4.71246004 30.04594040
v 2.50316310 4.84778881 30.07752991
v 2.50316310 4.84778881 30.07752991
v 1.92953706 4.71246004 30.04594040
v 2.38065600 4.58230877 29.92243958
v 2.50316310 4.84778881 30.07752991
v 2.38065600 4.58230877 29.92243958
v 2.95657110 4.68931818 29.91453934
v 2.95657110 4.68931818 29.91453934
v 2.38065600 4.58230877 29.92243958
v 2.81269503 4.42748690 29.77211952
v 2.95657110 4.68931818 29.91453934
v 2.81269503 4.42748690 29.77211952
v 3.37367702 4.51362991 29.72821999
v 3.37367702 4.51362991 29.72821999
v 2.81269503 4.42748690 29.77211952
v 3.38581491 4.16025400 29.50929070
v 3.37367702 4.51362991 29.72821999
v 3.38581491 4.16025400 29.50929070
v 3.76335692 4.31965780 29.51466942
v 3.76335692 4.31965780 29.51466942
v 3.38581491 4.16025400 29.50929070
v 3.64688802 4.16025400 29.42967033
v 3.76335692 4.31965780 29.51466942
v 3.64688802 4.16025400 29.42967033
v 3.84790397 4.16025400 29.37532043
v 0.00000000 5.38660479 30.65883064
v 0.00000000 5.36025381 30.61447906
v 0.52227831 5.40613985 30.71274948
v 0.52227831 5.40613985 30.71274948
v 0.00000000 5.36025381 30.61447906
v 0.49731490 5.21333599 30.43751907
v 0.52227831 5.40613985 30.71274948
v 0.49731490 5.21333599 30.43751907
v 1.07214105 5.35829782 30.66460037
v 1.07214105 5.35829782 30.66460037
v 0.49731490 5.21333599 30.43751907
v 1.02079999 5.16641378 30.39238930
v 1.07214105 5.35829782 30.66460037
v 1.02079999 5.16641378 30.39238930
v 1.60865903 5.27924490 30.58406067
v 1.60865903 5.27924490 30.58406067
v 1.02079999 5.16641378 30.39238930
v 1.53138304 5.08884001 30.31699944
v 2.13215089 5.16969490 30.47101021
v 2.13215089 5.16969490 30.47101021
v 1.53138304 5.08884001 30.31699944
v 2.02926493 4.98127699 30.21125031
v 2.63084888 5.03386688 30.32781029
v 2.63084888 5.03386688 30.32781029
v 2.02926493 4.98127699 30.21125031
v 2.50316310 4.84778881 30.07752991
v 2.63084888 5.03386688 30.32781029
v 2.50316310 4.84778881 30.07752991
v 3.10852790 4.87283707 30.15283966
v 3.10852790 4.87283707 30.15283966
v 2.50316310 4.84778881 30.07752991
v 2.95657110 4.68931818 29.91453934
v 3.10852790 4.87283707 30.15283966
v 2.95657110 4.68931818 29.91453934
v 3.54860806 4.69460392 29.95227051
v 3.54860806 4.69460392 29.95227051
v 2.95657110 4.68931818 29.91453934
v 3.37367702 4.51362991 29.72821999
v 3.54860806 4.69460392 29.95227051
v 3.37367702 4.51362991 29.72821999
v 3.96043992 4.49823093 29.72166061
v 3.96043992 4.49823093 29.72166061
v 3.37367702 4.51362991 29.72821999
v 3.76335692 4.31965780 29.51466942
v 3.96043992 4.49823093 29.72166061
v 3.76335692 4.31965780 29.51466942
v 4.28018522 4.16025400 29.29516029
v 4.28018522 4.16025400 29.29516029
v 3.76335692 4.31965780 29.51466942
v 3.84790397 4.16025400 29.37532043
v 0.52904141 5.44156885 30.80485916
v 0.52227831 5.40613985 30.71274948
v 0.52904141 5.44156885 30.80485916
v 0.52227831 5.40613985 30.71274948
v 1.08608198 5.39355803 30.75595093
v 1.08608198 5.39355803 30.75595093
v 0.52227831 5.40613985 30.71274948
v 1.07214105 5.35829782 30.66460037
v 1.08608198 5.39355803 30.75595093
v 1.07214105 5.35829782 30.66460037
v 1.62972295 5.31423378 30.67415047
v 1.62972295 5.31423378 30.67415047
v 1.07214105 5.35829782 30.66460037
v 1.60865903 5.27924490 30.58406067
v 1.62972295 5.31423378 30.67415047
v 1.60865903 5.27924490 30.58406067
v 2.16034889 5.20431805 30.55928040
v 2.16034889 5.20431805 30.55928040
v 1.60865903 5.27924490 30.58406067
v 2.13215089 5.16969490 30.47101021
v 2.16034889 5.20431805 30.55928040
v 2.13215089 5.16969490 30.47101021
v 2.66609311 5.06805992 30.41367912
v 2.66609311 5.06805992 30.41367912
v 2.13215089 5.16969490 30.47101021
v 2.63084888 5.03386688 30.32781029
v 2.66609311 5.06805992 30.41367912
v 2.63084888 5.03386688 30.32781029
v 3.15085006 4.90655994 30.23563957
v 3.15085006 4.90655994 30.23563957
v 2.63084888 5.03386688 30.32781029
v 3.10852790 4.87283707 30.15283966
v 3.15085006 4.90655994 30.23563957
v 3.10852790 4.87283707 30.15283966
v 3.59784794 4.72785902 30.03134918
v 3.59784794 4.72785902 30.03134918
v 3.10852790 4.87283707 30.15283966
v 3.54860806 4.69460392 29.95227051
v 3.59784794 4.72785902 30.03134918
v 3.54860806 4.69460392 29.95227051
v 4.01662397 4.53104401 29.79619026
v 4.01662397 4.53104401 29.79619026
v 3.54860806 4.69460392 29.95227051
v 3.96043992 4.49823093 29.72166061
v 4.01662397 4.53104401 29.79619026
v 3.96043992 4.49823093 29.72166061
v 4.39136600 4.32725096 29.53807068
v 4.39136600 4.32725096 29.53807068
v 3.96043992 4.49823093 29.72166061
v 4.32847691 4.29478788 29.46894073
v 4.39136600 4.32725096 29.53807068
v 4.32847691 4.29478788 29.46894073
v 4.61495209 4.16025400 29.30233002
v 4.61495209 4.16025400 29.30233002
v 4.32847691 4.29478788 29.46894073
v 4.34638214 4.16025400 29.28982925
v 4.49226713 4.67033100 29.96096992
v 4.39327383 4.72565603 30.05071068
v 4.26776505 4.72720098 30.14847946
v 4.60964203 4.44251490 29.78614044
v 4.86221886 4.28617382 29.53059959
v 4.63883781 4.47804308 29.79252052
v 4.63883781 4.47804308 29.79252052
v 4.86221886 4.28617382 29.53059959
v 4.85531092 4.37594891 29.58551979
v 4.63883781 4.47804308 29.79252052
v 4.85531092 4.37594891 29.58551979
v 4.66204882 4.51683617 29.79081917
v 4.66204882 4.51683617 29.79081917
v 4.85531092 4.37594891 29.58551979
v 4.85346699 4.44547510 29.59991074
v 4.87653494 4.17864609 29.41176987
v 4.86817408 4.23367786 29.48213959
v 4.54239607 4.39225292 29.75119972
v 4.54239607 4.39225292 29.75119972
v 4.86817408 4.23367786 29.48213959
v 4.86653280 4.24730396 29.49559975
v 4.86653280 4.24730396 29.49559975
v 4.86505222 4.25986719 29.50768089
v 4.54239607 4.39225292 29.75119972
v 4.54239607 4.39225292 29.75119972
v 4.86505222 4.25986719 29.50768089
v 4.86361217 4.27281380 29.51935959
v 4.54239607 4.39225292 29.75119972
v 4.86361217 4.27281380 29.51935959
v 4.86290979 4.27944088 29.52503967
v 4.87929916 4.16025400 29.38851929
v 4.87653494 4.17864609 29.41176987
v 4.84101391 4.16025400 29.38607979
v 4.84101391 4.16025400 29.38607979
v 4.87653494 4.17864609 29.41176987
v 4.54239607 4.39225292 29.75119972
v 4.84101391 4.16025400 29.38607979
v 4.54239607 4.39225292 29.75119972
v 4.80833006 4.16025400 29.37332916
v 4.80833006 4.16025400 29.37332916
v 4.54239607 4.39225292 29.75119972
v 4.33332109 4.46481705 29.83464050
v 4.15226412 4.60701704 30.08823013
v 3.73039007 4.79854822 30.39678955
v 4.09696484 4.59469509 30.03104019
v 4.09696484 4.59469509 30.03104019
v 3.73039007 4.79854822 30.39678955
v 3.84097505 4.72039318 30.22361946
v 3.84097505 4.72039318 30.22361946
v 3.73039007 4.79854822 30.39678955
v 3.33695292 4.92652512 30.54849052
v 3.33695292 4.92652512 30.54849052
v 3.73039007 4.79854822 30.39678955
v 3.27866292 4.96445322 30.67416954
v 3.33695292 4.92652512 30.54849052
v 3.27866292 4.96445322 30.67416954
v 3.23657894 4.96168423 30.60563087
v 4.09696484 4.59469509 30.03104019
v 4.33332109 4.46481705 29.83464050
v 4.15226412 4.60701704 30.08823013
v 4.15226412 4.60701704 30.08823013
v 4.33332109 4.46481705 29.83464050
v 4.54239607 4.39225292 29.75119972
v 4.15226412 4.60701704 30.08823013
v 4.54239607 4.39225292 29.75119972
v 4.60964203 4.44251490 29.78614044
v 4.60964203 4.44251490 29.78614044
v 4.54239607 4.39225292 29.75119972
v 4.86290979 4.27944088 29.52503967
v 4.60964203 4.44251490 29.78614044
v 4.86290979 4.27944088 29.52503967
v 4.86221886 4.28617382 29.53059959
v 3.96666694 4.93508387 30.39900970
v 3.40423703 5.15093422 30.77709961
v 3.83832097 4.91353321 30.47765923
v 3.83832097 4.91353321 30.47765923
v 3.40423703 5.15093422 30.77709961
v 3.37599111 5.07345009 30.77420044
v 3.83832097 4.91353321 30.47765923
v 3.37599111 5.07345009 30.77420044
v 3.81556702 4.87541389 30.46895027
v 3.81556702 4.87541389 30.46895027
v 3.37599111 5.07345009 30.77420044
v 3.33029199 5.00370121 30.73781013
v 3.81556702 4.87541389 30.46895027
v 3.33029199 5.00370121 30.73781013
v 3.78859401 4.84181404 30.45166016
v 4.39327383 4.72565603 30.05071068
v 3.96666694 4.93508387 30.39900970
v 4.26776505 4.72720098 30.14847946
v 4.26776505 4.72720098 30.14847946
v 3.96666694 4.93508387 30.39900970
v 3.83832097 4.91353321 30.47765923
v 4.26776505 4.72720098 30.14847946
v 3.83832097 4.91353321 30.47765923
v 4.24430990 4.68866110 30.14509964
v 4.24430990 4.68866110 30.14509964
v 3.83832097 4.91353321 30.47765923
v 3.81556702 4.87541389 30.46895027
v 4.24430990 4.68866110 30.14509964
v 3.81556702 4.87541389 30.46895027
v 4.21575785 4.65399694 30.13331985
v 4.21575785 4.65399694 30.13331985
v 3.81556702 4.87541389 30.46895027
v 3.78859401 4.84181404 30.45166016
v 4.85346699 4.44547510 29.59991074
v 4.49226713 4.67033100 29.96096992
v 4.66204882 4.51683617 29.79081917
v 4.66204882 4.51683617 29.79081917
v 4.49226713 4.67033100 29.96096992
v 4.26776505 4.72720098 30.14847946
v 4.66204882 4.51683617 29.79081917
v 4.26776505 4.72720098 30.14847946
v 4.63883781 4.47804308 29.79252052
v 4.63883781 4.47804308 29.79252052
v 4.26776505 4.72720098 30.14847946
v 4.24430990 4.68866110 30.14509964
v 4.63883781 4.47804308 29.79252052
v 4.24430990 4.68866110 30.14509964
v 4.60964203 4.44251490 29.78614044
v 4.60964203 4.44251490 29.78614044
v 4.24430990 4.68866110 30.14509964
v 4.21575785 4.65399694 30.13331985
v 4.60964203 4.44251490 29.78614044
v 4.21575785 4.65399694 30.13331985
v 4.15226412 4.60701704 30.08823013
v 3.78859401 4.84181404 30.45166016
v 4.15226412 4.60701704 30.08823013
v 3.78859401 4.84181404 30.45166016
v 3.73039007 4.79854822 30.39678955
v 3.73039007 4.79854822 30.39678955
v 3.78859401 4.84181404 30.45166016
v 3.33029199 5.00370121 30.73781013
v 3.73039007 4.79854822 30.39678955
v 3.33029199 5.00370121 30.73781013
v 3.27866292 4.96445322 30.67416954
v 4.86221886 4.28617382 29.53059959
v 4.86290979 4.27944088 29.52503967
v 4.86410713 4.26770306 29.51535034
v 4.87653494 4.17864609 29.41176987
v 4.87929916 4.16025400 29.38851929
v 4.87029696 4.21774292 29.46459007
v 4.87653494 4.17864609 29.41176987
v 4.87029696 4.21774292 29.46459007
v 4.86817408 4.23367786 29.48213959
v 4.86653280 4.24730396 29.49559975
v 4.86817408 4.23367786 29.48213959
v 4.86610794 4.25031090 29.49908066
v 4.86505222 4.25986719 29.50768089
v 4.86505222 4.25986719 29.50768089
v 4.86610794 4.25031090 29.49908066
v 4.86410713 4.26770306 29.51535034
v 4.86410713 4.26770306 29.51535034
v 4.86361217 4.27281380 29.51935959
v 4.86361217 4.27281380 29.51935959
v 4.86410713 4.26770306 29.51535034
v 4.86290979 4.27944088 29.52503967
v 4.99380112 4.25492477 29.42021942
v 4.94245481 4.19661093 29.41330910
v 5.11918497 4.16025400 29.26951027
v 5.11918497 4.16025400 29.26951027
v 4.94245481 4.19661093 29.41330910
v 4.97312307 4.16025400 29.36418915
v 4.86817408 4.23367786 29.48213959
v 4.87029696 4.21774292 29.46459007
v 4.94245481 4.19661093 29.41330910
v 4.94245481 4.19661093 29.41330910
v 4.87029696 4.21774292 29.46459007
v 4.87929916 4.16025400 29.38851929
v 4.94245481 4.19661093 29.41330910
v 4.87929916 4.16025400 29.38851929
v 4.97312307 4.16025400 29.36418915
v 4.85531092 4.37594891 29.58551979
v 4.86221886 4.28617382 29.53059959
v 4.99380112 4.25492477 29.42021942
v 4.99380112 4.25492477 29.42021942
v 4.86221886 4.28617382 29.53059959
v 4.86410713 4.26770306 29.51535034
v 4.86410713 4.26770306 29.51535034
v 4.94245481 4.19661093 29.41330910
v 4.86410713 4.26770306 29.51535034
v 4.86610794 4.25031090 29.49908066
v 4.94245481 4.19661093 29.41330910
v 4.86610794 4.25031090 29.49908066
v 4.86817408 4.23367786 29.48213959
v 5.11918497 4.16025400 29.26951027
v 5.24366999 4.16025400 29.13783073
v 4.99380112 4.25492477 29.42021942
v 4.99380112 4.25492477 29.42021942
v 5.24366999 4.16025400 29.13783073
v 5.02701187 4.32382584 29.40490913
v 4.99380112 4.25492477 29.42021942
v 5.02701187 4.32382584 29.40490913
v 4.85531092 4.37594891 29.58551979
v 4.85531092 4.37594891 29.58551979
v 5.02701187 4.32382584 29.40490913
v 4.85346699 4.44547510 29.59991074
v -4.49219799 4.66964817 29.96101952
v -4.85347509 4.66166115 29.59989929
v -4.85346699 4.44547510 29.59991074
v -4.85346699 4.44547510 29.59991074
v -4.85347509 4.66166115 29.59989929
v -4.95138788 4.61229181 29.49179077
v -4.85346699 4.44547510 29.59991074
v -4.95138788 4.61229181 29.49179077
v -5.02701187 4.32382584 29.40490913
v -2.67205596 5.46878719 31.15658951
v -3.28337407 5.29507923 30.84794998
v -3.40423703 5.15093422 30.77709961
v -3.40423703 5.15093422 30.77709961
v -3.28337407 5.29507923 30.84794998
v -3.36214304 5.26989508 30.80220032
v -3.40423703 5.15093422 30.77709961
v -3.36214304 5.26989508 30.80220032
v -3.88044405 4.97202778 30.46257019
v -3.88044405 4.97202778 30.46257019
v -3.36214304 5.26989508 30.80220032
v -3.82520604 5.10874701 30.50217056
v -3.88044405 4.97202778 30.46257019
v -3.82520604 5.10874701 30.50217056
v -4.37449980 4.73514891 30.06731987
v -4.37449980 4.73514891 30.06731987
v -3.82520604 5.10874701 30.50217056
v -4.36419392 4.89041615 30.07638931
v -4.37449980 4.73514891 30.06731987
v -4.36419392 4.89041615 30.07638931
v -4.49219799 4.66964817 29.96101952
v -4.49152708 4.83375788 29.96163940
v -4.49152708 4.83375788 29.96163940
v -3.40423703 5.15093422 30.77709961
v -2.79815507 5.33220577 31.09936905
v -2.67205596 5.46878719 31.15658951
v -2.67205596 5.46878719 31.15658951
v -2.79815507 5.33220577 31.09936905
v -2.61959910 5.37836504 31.17952919
v -2.67205596 5.46878719 31.15658951
v -2.61959910 5.37836504 31.17952919
v -2.09544396 5.59773397 31.37966919
v -2.61959910 5.37836504 31.17952919
v -2.18954611 5.47648621 31.34745979
v -2.09544396 5.59773397 31.37966919
v -2.09544396 5.59773397 31.37966919
v -2.18954611 5.47648621 31.34745979
v -2.08040190 5.49846601 31.38467979
v -2.09544396 5.59773397 31.37966919
v -2.08040190 5.49846601 31.38467979
v -1.52399194 5.69340706 31.54236031
v -2.08040190 5.49846601 31.38467979
v -1.77593005 5.55350399 31.47748947
v -1.52399194 5.69340706 31.54236031
v -1.52399194 5.69340706 31.54236031
v -1.77593005 5.55350399 31.47748947
v -1.60352099 5.58063316 31.52305031
v -1.52399194 5.69340706 31.54236031
v -1.60352099 5.58063316 31.52305031
v -0.96270549 5.75764084 31.64991951
v 1.77596104 5.55370283 31.47748947
v 2.09463501 5.59729099 31.37994957
v 1.46203601 5.70187712 31.55676079
v -1.60352099 5.58063316 31.52305031
v -0.98013377 5.65522194 31.64734077
v -0.96270549 5.75764084 31.64991951
v -0.96270549 5.75764084 31.64991951
v -0.98013377 5.65522194 31.64734077
v -0.88859028 5.66313601 31.66040039
v -0.96270549 5.75764084 31.64991951
v -0.88859028 5.66313601 31.66040039
v -0.70424992 5.77743483 31.68275070
v -0.70424992 5.77743483 31.68275070
v -0.88859028 5.66313601 31.66040039
v -0.70426071 5.67673492 31.68276024
v -0.70424992 5.77743483 31.68275070
v -0.70426071 5.67673492 31.68276024
v -0.30427670 5.79593801 31.71331978
v -0.30427670 5.79593801 31.71331978
v -0.70426071 5.67673492 31.68276024
v -0.32185850 5.69501305 31.71252060
v -0.30427670 5.79593801 31.71331978
v -0.32185850 5.69501305 31.71252060
v 0.00000000 5.80021811 31.72035027
v 0.00000000 5.69997120 31.72035027
v 0.00000000 5.80021811 31.72035027
v 0.00000000 5.69997120 31.72035027
v 0.17456810 5.79875278 31.71805000
v 0.17456810 5.79875278 31.71805000
v 0.00000000 5.69997120 31.72035027
v 0.22541600 5.69765902 31.71651077
v 0.17456810 5.79875278 31.71805000
v 0.22541600 5.69765902 31.71651077
v 0.70408791 5.77732420 31.68276978
v 0.70408791 5.77732420 31.68276978
v 0.22541600 5.69765902 31.71651077
v 0.70417970 5.67717886 31.68276024
v 0.70408791 5.77732420 31.68276978
v 0.70417970 5.67717886 31.68276024
v 0.80887192 5.77005482 31.67070961
v 0.80887192 5.77005482 31.67070961
v 0.70417970 5.67717886 31.68276024
v 0.87216872 5.66496801 31.66259956
v 0.80887192 5.77005482 31.67070961
v 0.87216872 5.66496801 31.66259956
v 1.46203601 5.70187712 31.55676079
v 1.46203601 5.70187712 31.55676079
v 0.87216872 5.66496801 31.66259956
v 1.51943696 5.59316492 31.54347038
v 1.46203601 5.70187712 31.55676079
v 1.51943696 5.59316492 31.54347038
v 1.77596104 5.55370283 31.47748947
v 1.77596104 5.55370283 31.47748947
v 2.08037210 5.49862289 31.38468933
v 2.09463501 5.59729099 31.37994957
v 2.09463501 5.59729099 31.37994957
v 2.08037210 5.49862289 31.38468933
v 2.16183209 5.48234892 31.35710907
v 2.09463501 5.59729099 31.37994957
v 2.16183209 5.48234892 31.35710907
v 2.72323895 5.45532608 31.13377953
v 2.16183209 5.48234892 31.35710907
v 2.61965394 5.37862206 31.17951012
v 2.72323895 5.45532608 31.13377953
v 2.72323895 5.45532608 31.13377953
v 2.61965394 5.37862206 31.17951012
v 2.79243207 5.33398199 31.10203934
v 2.72323895 5.45532608 31.13377953
v 2.79243207 5.33398199 31.10203934
v 3.30823398 5.28717613 30.83365059
v 3.30823398 5.28717613 30.83365059
v 2.79243207 5.33398199 31.10203934
v 3.40423703 5.15093422 30.77709961
v 3.30823398 5.28717613 30.83365059
v 3.40423703 5.15093422 30.77709961
v 3.36204100 5.26987505 30.80223083
v 3.36204100 5.26987505 30.80223083
v 3.40423703 5.15093422 30.77709961
v 3.83516502 5.10501385 30.49508095
v 3.83516502 5.10501385 30.49508095
v 3.40423703 5.15093422 30.77709961
v 3.96666694 4.93508387 30.39900970
v 3.83516502 5.10501385 30.49508095
v 3.96666694 4.93508387 30.39900970
v 4.36821413 4.88865805 30.07286072
v 4.36821413 4.88865805 30.07286072
v 3.96666694 4.93508387 30.39900970
v 4.39327383 4.72565603 30.05071068
v 4.36821413 4.88865805 30.07286072
v 4.39327383 4.72565603 30.05071068
v 4.49149609 4.83366203 29.96166992
v 4.49226713 4.67033100 29.96096992
v 4.49149609 4.83366203 29.96166992
v 4.49226713 4.67033100 29.96096992
v 4.85347509 4.66166115 29.59989929
v 4.85346699 4.44547510 29.59991074
v 4.85347509 4.66166115 29.59989929
v 4.85346699 4.44547510 29.59991074
v 4.95138788 4.61229181 29.49179077
v 4.95138788 4.61229181 29.49179077
v 4.85346699 4.44547510 29.59991074
v 5.02701187 4.32382584 29.40490913
v 4.95138788 4.61229181 29.49179077
v 5.02701187 4.32382584 29.40490913
v 5.37620687 4.38300705 28.95933914
v 5.02701187 4.32382584 29.40490913
v 5.24366999 4.16025400 29.13783073
v 5.37620687 4.38300705 28.95933914
v 5.37620687 4.38300705 28.95933914
v 5.24366999 4.16025400 29.13783073
v 5.41739321 4.16025400 28.90122986
v 5.37620687 4.38300705 28.95933914
v 5.41739321 4.16025400 28.90122986
v 5.52296877 4.29792500 28.74588966
v 5.52296877 4.29792500 28.74588966
v 5.41739321 4.16025400 28.90122986
v 5.74968481 4.16025400 28.37607956
v -5.02701187 4.32382584 29.40490913
v -4.95138788 4.61229181 29.49179077
v -5.24366999 4.16025400 29.13783073
v -5.24366999 4.16025400 29.13783073
v -4.95138788 4.61229181 29.49179077
v -5.37620687 4.38300705 28.95933914
v -5.24366999 4.16025400 29.13783073
v -5.37620687 4.38300705 28.95933914
v -5.41739321 4.16025400 28.90122986
v -5.41739321 4.16025400 28.90122986
v -5.37620687 4.38300705 28.95933914
v -5.52296877 4.29792500 28.74588966
v -5.41739321 4.16025400 28.90122986
v -5.52296877 4.29792500 28.74588966
v -5.74968481 4.16025400 28.37607956
v 4.86796522 4.78673315 29.48376083
v 4.86785316 4.78505278 29.49094009
v 4.93662310 4.74898386 29.41489983
v 4.85723019 4.73789120 29.57150078
v 4.85447693 4.70452785 29.59206009
v 4.95651817 4.68664598 29.46162987
v 4.85447693 4.70452785 29.59206009
v 4.85349083 4.66741180 29.59976959
v 4.95138788 4.61229181 29.49179077
v 4.95138788 4.61229181 29.49179077
v 4.85349083 4.66741180 29.59976959
v 4.85347509 4.66166115 29.59989929
v 4.86260414 4.77147722 29.52750015
v 4.85835314 4.74208593 29.56669998
v 4.95651817 4.68664598 29.46162987
v 4.95651817 4.68664598 29.46162987
v 4.85835314 4.74208593 29.56669998
v 4.85723019 4.73789120 29.57150078
v 4.86796522 4.78673315 29.48376083
v 4.93662310 4.74898386 29.41489983
v 4.86909819 4.78995609 29.47451973
v 5.50219202 4.42688417 28.68045044
v 5.83252287 4.21526289 28.12692070
v 5.81388903 4.23900414 28.11041069
v 5.50449991 4.44150305 28.56866074
v 5.50219202 4.42688417 28.68045044
v 5.66675901 4.33849478 28.33933067
v 5.66675901 4.33849478 28.33933067
v 5.50219202 4.42688417 28.68045044
v 5.81388903 4.23900414 28.11041069
v 5.52296877 4.29792500 28.74588966
v 5.74968481 4.16025400 28.37607956
v 5.85513210 4.16025400 28.15527916
v 4.85447693 4.70452785 29.59206009
v 4.95138788 4.61229181 29.49179077
v 4.95651817 4.68664598 29.46162987
v 4.95651817 4.68664598 29.46162987
v 4.95138788 4.61229181 29.49179077
v 5.37620687 4.38300705 28.95933914
v 4.95651817 4.68664598 29.46162987
v 5.37620687 4.38300705 28.95933914
v 5.37853718 4.45359802 28.93131065
v 5.37853718 4.45359802 28.93131065
v 5.37620687 4.38300705 28.95933914
v 5.52296877 4.29792500 28.74588966
v 5.37853718 4.45359802 28.93131065
v 5.52296877 4.29792500 28.74588966
v 5.52420282 4.36718893 28.71891022
v 5.52420282 4.36718893 28.71891022
v 5.52296877 4.29792500 28.74588966
v 5.85513210 4.16025400 28.15527916
v 5.52420282 4.36718893 28.71891022
v 5.85513210 4.16025400 28.15527916
v 5.83252287 4.21526289 28.12692070
v 5.50219202 4.42688417 28.68045044
v 5.52420282 4.36718893 28.71891022
v 5.50219202 4.42688417 28.68045044
v 5.35706520 4.51399994 28.89051056
v 5.37853718 4.45359802 28.93131065
v 5.37853718 4.45359802 28.93131065
v 5.35706520 4.51399994 28.89051056
v 4.93662310 4.74898386 29.41489983
v 4.95651817 4.68664598 29.46162987
v 4.95651817 4.68664598 29.46162987
v 4.93662310 4.74898386 29.41489983
v 4.86785316 4.78505278 29.49094009
v 4.95651817 4.68664598 29.46162987
v 4.86785316 4.78505278 29.49094009
v 4.86260414 4.77147722 29.52750015
v 5.45997906 4.46875906 28.63582993
v 5.50219202 4.42688417 28.68045044
v 5.45997906 4.46875906 28.63582993
v 5.31489086 4.55549192 28.84281921
v 5.50219202 4.42688417 28.68045044
v 5.31489086 4.55549192 28.84281921
v 5.35706520 4.51399994 28.89051056
v 5.35706520 4.51399994 28.89051056
v 5.31489086 4.55549192 28.84281921
v 4.89491701 4.78922892 29.35917091
v 5.35706520 4.51399994 28.89051056
v 4.89491701 4.78922892 29.35917091
v 4.93662310 4.74898386 29.41489983
v 4.93662310 4.74898386 29.41489983
v 4.89491701 4.78922892 29.35917091
v 4.88089514 4.79660511 29.37472916
v 4.93662310 4.74898386 29.41489983
v 4.88089514 4.79660511 29.37472916
v 4.86909819 4.78995609 29.47451973
v 5.81388903 4.23900414 28.11041069
v 5.83252287 4.21526289 28.12692070
v 5.82616901 4.23012114 28.08810043
v 5.82616901 4.23012114 28.08810043
v 5.83252287 4.21526289 28.12692070
v 5.85513210 4.16025400 28.15527916
v 5.82616901 4.23012114 28.08810043
v 5.85513210 4.16025400 28.15527916
v 5.87800121 4.19119501 27.99254036
v 5.87800121 4.19119501 27.99254036
v 5.85513210 4.16025400 28.15527916
v 5.88969898 4.16025400 28.03944969
v 5.87800121 4.19119501 27.99254036
v 5.88969898 4.16025400 28.03944969
v 5.91156006 4.16411591 27.93057060
v 5.91156006 4.16411591 27.93057060
v 5.88969898 4.16025400 28.03944969
v 5.91611624 4.16025400 27.92227936
v 5.77408409 4.30232477 28.03277016
v 5.77843618 4.32630301 27.97406960
v 5.76482010 4.32627392 28.00839996
v 5.76482010 4.32627392 28.00839996
v 5.77843618 4.32630301 27.97406960
v 5.76028919 4.34097290 27.99444008
v 5.94638777 4.16025400 27.80892944
v 5.94347000 4.16410494 27.81063080
v 5.91611624 4.16025400 27.92227936
v 5.91611624 4.16025400 27.92227936
v 5.94347000 4.16410494 27.81063080
v 5.89465618 4.22040892 27.85016060
v 5.91611624 4.16025400 27.92227936
v 5.89465618 4.22040892 27.85016060
v 5.91156006 4.16411591 27.93057060
v 5.91156006 4.16411591 27.93057060
v 5.89465618 4.22040892 27.85016060
v 5.84761381 4.26638412 27.89797020
v 5.91156006 4.16411591 27.93057060
v 5.84761381 4.26638412 27.89797020
v 5.87800121 4.19119501 27.99254036
v 5.87800121 4.19119501 27.99254036
v 5.84761381 4.26638412 27.89797020
v 5.77843618 4.32630301 27.97406960
v 5.87800121 4.19119501 27.99254036
v 5.77843618 4.32630301 27.97406960
v 5.82616901 4.23012114 28.08810043
v 5.82616901 4.23012114 28.08810043
v 5.77843618 4.32630301 27.97406960
v 5.77408409 4.30232477 28.03277016
v 5.82616901 4.23012114 28.08810043
v 5.77408409 4.30232477 28.03277016
v 5.81388903 4.23900414 28.11041069
v 7.49811316 1.66025400 21.72295952
v 7.54833317 1.66025400 21.26637077
v 7.48740816 2.47902489 21.25972939
v 7.48740816 2.47902489 21.25972939
v 7.54833317 1.66025400 21.26637077
v 8.15644836 1.66025400 14.91285038
v 6.82778978 2.47902489 26.73097038
v 6.88854694 1.66025305 26.73899078
v 7.49811316 1.66025400 21.72295952
v 7.49811316 1.66025400 21.72295952
v 7.48740816 2.47902489 21.25972939
v 6.82778978 2.47902489 26.73097038
v 6.82778978 2.47902489 26.73097038
v 7.48740816 2.47902489 21.25972939
v 7.26656199 3.40309811 21.23564911
v 6.60754919 3.40309811 26.70186996
v 8.34594440 3.10913610 9.51807690
v 7.93843508 4.16025400 9.51807690
v 7.55745792 4.16025400 14.86347961
v 8.53043365 1.99197996 9.51807690
v 8.47902870 2.47902298 9.51807690
v 8.09537029 2.47902489 14.90781975
v 8.09537029 2.47902489 14.90781975
v 8.47902870 2.47902298 9.51807690
v 8.34594440 3.10913610 9.51807690
v 8.09537029 2.47902489 14.90781975
v 8.34594440 3.10913610 9.51807690
v 7.87396383 3.40309811 14.88957024
v 7.87396383 3.40309811 14.88957024
v 8.34594440 3.10913610 9.51807690
v 7.55745792 4.16025400 14.86347961
v 7.87396383 3.40309811 14.88957024
v 7.55745792 4.16025400 14.86347961
v 6.95085287 4.16025400 21.20122910
v 6.29270411 4.16025400 26.66027069
v 6.60754919 3.40309811 26.70186996
v 6.95085287 4.16025400 21.20122910
v 7.26656199 3.40309811 21.23564911
v 7.26656199 3.40309811 21.23564911
v 7.87396383 3.40309811 14.88957024
v 7.26656199 3.40309811 21.23564911
v 7.48740816 2.47902489 21.25972939
v 8.09537029 2.47902489 14.90781975
v 8.09537029 2.47902489 14.90781975
v 8.09537029 2.47902489 14.90781975
v 8.15644836 1.66025400 14.91285038
v 8.53043365 1.99197996 9.51807690
v 8.53043365 1.99197996 9.51807690
v 8.15644836 1.66025400 14.91285038
v 8.54053783 1.66025400 9.51807690
v 6.27427816 4.16025400 26.78869057
v 6.19744587 4.16025400 27.19178963
v 6.30389404 3.95814109 27.16633034
v 5.20724201 4.16025400 29.31656075
v 5.52555895 4.00290489 29.00909996
v 5.46417809 4.16025400 28.95335960
v 4.81717777 4.16025400 29.76299095
v 4.69243479 4.03205013 29.98019981
v 5.09543514 3.79202294 29.73999977
v 4.69243479 4.03205013 29.98019981
v 4.81717777 4.16025400 29.76299095
v 4.37616920 4.16025400 30.16041946
v 6.77728319 -0.08824288 27.12359047
v 6.86819077 0.68334591 26.89266968
v 6.75433922 -0.08819949 27.24699020
v 6.75433922 -0.08819949 27.24699020
v 6.85707283 0.71730751 26.97631073
v 6.75433922 -0.08819949 27.24699020
v 6.85707283 0.71730751 26.97631073
v 6.72979593 -0.08818680 27.36834908
v 6.64691687 -0.08840274 27.71838951
v 6.66967201 0.20273900 27.78672981
v 6.58309603 -0.08839291 27.94366074
v 6.58309603 -0.08839291 27.94366074
v 6.66967201 0.20273900 27.78672981
v 6.49404907 0.15216100 28.32390022
v 6.58309603 -0.08839291 27.94366074
v 6.49404907 0.15216100 28.32390022
v 6.37245178 -0.08868765 28.52919006
v 5.71095896 -0.08826524 29.69404984
v 5.72394180 -0.08827233 29.67645073
v 5.72251797 -0.06864362 29.68483925
v 5.72251797 -0.06864362 29.68483925
v 5.72394180 -0.08827233 29.67645073
v 6.07795477 -0.08829718 29.12941933
v 4.97975111 0.32269499 30.59264946
v 4.79852581 -0.08828061 30.65550995
v 5.29748201 -0.08828628 30.18852043
v 4.97975111 0.32269499 30.59264946
v 4.56622887 0.24627671 30.91025925
v 4.79852581 -0.08828061 30.65550995
v 4.79852581 -0.08828061 30.65550995
v 4.56622887 0.24627671 30.91025925
v 4.12412119 0.17743561 31.18704033
v 4.79852581 -0.08828061 30.65550995
v 4.12412119 0.17743561 31.18704033
v 4.32238388 -0.08841729 31.00600052
v 4.32238388 -0.08841729 31.00600052
v 4.12412119 0.17743561 31.18704033
v 3.65978003 0.11702020 31.41970062
v 4.32238388 -0.08841729 31.00600052
v 3.65978003 0.11702020 31.41970062
v 3.78581691 -0.08833342 31.31502914
v 3.78581691 -0.08833342 31.31502914
v 3.65978003 0.11702020 31.41970062
v 3.18000293 0.06563186 31.60619926
v 3.78581691 -0.08833342 31.31502914
v 3.18000293 0.06563186 31.60619926
v 3.22059894 -0.08824259 31.55932999
v 2.01285410 -0.08822983 31.84877968
v 2.20164394 -0.00897354 31.83913040
v 1.37055302 -0.08824360 31.88722992
v 1.37055302 -0.08824360 31.88722992
v 2.20164394 -0.00897354 31.83913040
v 2.19060898 0.50093001 31.92016983
v 1.37055302 -0.08824360 31.88722992
v 2.19060898 0.50093001 31.92016983
v 1.36978495 0.20115000 31.94135094
v 1.36978495 0.20115000 31.94135094
v 2.19060898 0.50093001 31.92016983
v 2.18574500 1.01625299 31.95586967
v 1.36978495 0.20115000 31.94135094
v 2.18574500 1.01625299 31.95586967
v 1.36898398 0.89149892 32.01250076
v 1.36898398 0.89149892 32.01250076
v 2.18574500 1.01625299 31.95586967
v 2.18712592 1.53274703 31.94573975
v 1.36898398 0.89149892 32.01250076
v 2.18712592 1.53274703 31.94573975
v 1.36937702 1.59217799 32.00297165
v 1.36937702 1.59217799 32.00297165
v 2.18712592 1.53274703 31.94573975
v 2.19473791 2.04618096 31.88985062
v 1.36937702 1.59217799 32.00297165
v 2.19473791 2.04618096 31.88985062
v 1.37047696 2.27769208 31.91352081
v 2.19473791 2.04618096 31.88985062
v 2.20848298 2.55234003 31.78890038
v 1.37047696 2.27769208 31.91352081
v 1.37047696 2.27769208 31.91352081
v 2.20848298 2.55234003 31.78890038
v 2.22825098 3.04702091 31.64361954
v 1.37047696 2.27769208 31.91352081
v 2.22825098 3.04702091 31.64361954
v 1.37202096 2.92581892 31.75292015
v 1.37202096 2.92581892 31.75292015
v 2.22825098 3.04702091 31.64361954
v 1.37327802 3.28530598 31.62957954
v 1.37327802 3.28530598 31.62957954
v 2.22825098 3.04702091 31.64361954
v 2.25385499 3.52623796 31.45531082
v 1.37327802 3.28530598 31.62957954
v 2.25385499 3.52623796 31.45531082
v 1.37444997 3.55284500 31.52079964
v 1.37444997 3.55284500 31.52079964
v 2.25385499 3.52623796 31.45531082
v 2.28502798 3.98620892 31.22577095
v 1.37444997 3.55284500 31.52079964
v 2.28502798 3.98620892 31.22577095
v 1.37801504 4.16025496 31.21471977
v 1.95861995 4.16025400 31.17926025
v 2.77278304 3.90747190 31.14944077
v 2.52665210 4.16025400 31.07443047
v 2.52665210 4.16025400 31.07443047
v 2.77278304 3.90747190 31.14944077
v 3.25809193 3.80591989 31.03173065
v 2.52665210 4.16025400 31.07443047
v 3.25809193 3.80591989 31.03173065
v 2.96704292 4.16025400 30.94253922
v 2.96704292 4.16025400 30.94253922
v 3.25809193 3.80591989 31.03173065
v 3.73421597 3.68173599 30.87206078
v 2.96704292 4.16025400 30.94253922
v 3.73421597 3.68173599 30.87206078
v 3.50575209 4.16025400 30.71487999
v 5.52555895 4.00290489 29.00909996
v 5.20724201 4.16025400 29.31656075
v 5.46333599 3.53153205 29.47002983
v 5.84666777 3.67078805 28.76707077
v 5.91022301 4.00765800 28.29430008
v 5.76689196 4.16025400 28.41696930
v 6.17945194 3.61416888 28.09868050
v 6.23983288 3.82761693 27.64742088
v 6.00748301 4.16025400 27.84597969
v 6.30389404 3.95814109 27.16633034
v 6.19744587 4.16025400 27.19178963
v 6.23983288 3.82761693 27.64742088
v 6.23983288 3.82761693 27.64742088
v 6.19744587 4.16025400 27.19178963
v 6.14239979 4.16025400 27.41381073
v 6.23983288 3.82761693 27.64742088
v 6.14239979 4.16025400 27.41381073
v 6.00748301 4.16025400 27.84597969
v 3.20492005 2.92663693 31.42308998
v 3.18640709 2.46351600 31.55916023
v 3.65361500 1.95071399 31.46497917
v 3.68353200 2.84371710 31.24514008
v 4.11831188 1.90493703 31.22970963
v 4.14650106 2.74622989 31.02255058
v 4.14650106 2.74622989 31.02255058
v 4.11831188 1.90493703 31.22970963
v 4.56082582 1.85277498 30.94996071
v 4.58704519 2.63514805 30.75724030
v 4.58704519 2.63514805 30.75724030
v 4.56082582 1.85277498 30.94996071
v 4.97479916 1.79487205 30.62903976
v 4.99883080 2.51183891 30.45236969
v 3.50575209 4.16025400 30.71487999
v 3.73421597 3.68173599 30.87206078
v 4.01048899 4.16025400 30.42539024
v 4.01048899 4.16025400 30.42539024
v 3.73421597 3.68173599 30.87206078
v 4.19426012 3.53573799 30.67098045
v 4.01048899 4.16025400 30.42539024
v 4.19426012 3.53573799 30.67098045
v 4.37616920 4.16025400 30.16041946
v 4.37616920 4.16025400 30.16041946
v 4.19426012 3.53573799 30.67098045
v 4.63146877 3.36937904 30.43018913
v 4.37616920 4.16025400 30.16041946
v 4.63146877 3.36937904 30.43018913
v 4.69243479 4.03205013 29.98019981
v 4.69243479 4.03205013 29.98019981
v 4.63146877 3.36937904 30.43018913
v 5.03954983 3.18470907 30.15254021
v 5.09543514 3.79202294 29.73999977
v 2.77278304 3.90747190 31.14944077
v 3.22889805 3.37528610 31.24670982
v 3.25809193 3.80591989 31.03173065
v 3.25809193 3.80591989 31.03173065
v 3.22889805 3.37528610 31.24670982
v 3.68353200 2.84371710 31.24514008
v 3.25809193 3.80591989 31.03173065
v 3.68353200 2.84371710 31.24514008
v 3.73421597 3.68173599 30.87206078
v 3.73421597 3.68173599 30.87206078
v 3.68353200 2.84371710 31.24514008
v 4.14650106 2.74622989 31.02255058
v 4.19426012 3.53573799 30.67098045
v 4.19426012 3.53573799 30.67098045
v 4.14650106 2.74622989 31.02255058
v 4.58704519 2.63514805 30.75724030
v 4.63146877 3.36937904 30.43018913
v 4.63146877 3.36937904 30.43018913
v 4.58704519 2.63514805 30.75724030
v 4.99883080 2.51183891 30.45236969
v 5.03954983 3.18470907 30.15254021
v 6.61965418 1.12484503 28.15663910
v 6.62187290 1.37811100 28.14027977
v 6.45785189 1.45080304 28.59093094
v 6.45785189 1.45080304 28.59093094
v 6.62187290 1.37811100 28.14027977
v 6.63014603 1.62431598 28.07925034
v 6.46887398 1.77912104 28.50971985
v 6.46887398 1.77912104 28.50971985
v 6.63014603 1.62431598 28.07925034
v 6.64417505 1.85553300 27.97559929
v 6.48756123 2.08737206 28.37182999
v 6.48756123 2.08737206 28.37182999
v 6.64417505 1.85553300 27.97559929
v 6.66345310 2.06441689 27.83286095
v 6.51322794 2.36575103 28.18199921
v 6.51322794 2.36575103 28.18199921
v 6.66345310 2.06441689 27.83286095
v 6.68730021 2.24451995 27.65575981
v 6.54496098 2.60567904 27.94658089
v 6.54496098 2.60567904 27.94658089
v 6.68730021 2.24451995 27.65575981
v 6.71490479 2.39037204 27.45002937
v 6.58167219 2.79990101 27.67321014
v 6.58167219 2.79990101 27.67321014
v 6.71490479 2.39037204 27.45002937
v 6.74534893 2.49765205 27.22223091
v 6.62213612 2.94270802 27.37062073
v 6.62213612 2.94270802 27.37062073
v 6.74534893 2.49765205 27.22223091
v 6.77767801 2.56328511 26.97924995
v 6.62213612 2.94270802 27.37062073
v 6.77767801 2.56328511 26.97924995
v 6.66508579 3.03005600 27.04793930
v 6.66508579 3.03005600 27.04793930
v 6.77767801 2.56328511 26.97924995
v 6.82778978 2.47902489 26.73097038
v 6.66508579 3.03005600 27.04793930
v 6.82778978 2.47902489 26.73097038
v 6.60754919 3.40309811 26.70186996
v 5.99782991 0.58603078 29.44352913
v 6.01760006 0.10131970 29.29803085
v 6.26815701 0.27604520 28.89329910
v 6.01760006 0.10131970 29.29803085
v 5.99782991 0.58603078 29.44352913
v 5.69958401 0.49385110 29.85358047
v 5.69958401 0.49385110 29.85358047
v 5.99782991 0.58603078 29.44352913
v 5.69050789 1.07818198 29.92028046
v 5.69958401 0.49385110 29.85358047
v 5.69050789 1.07818198 29.92028046
v 5.34880209 1.06731606 30.31411934
v 5.34880209 1.06731606 30.31411934
v 5.69050789 1.07818198 29.92028046
v 5.35461283 1.73203194 30.27142906
v 5.34880209 1.06731606 30.31411934
v 5.35461283 1.73203194 30.27142906
v 4.97479916 1.79487205 30.62903976
v 4.97479916 1.79487205 30.62903976
v 5.35461283 1.73203194 30.27142906
v 5.37626982 2.37801695 30.11219025
v 4.99883080 2.51183891 30.45236969
v 4.99883080 2.51183891 30.45236969
v 5.37626982 2.37801695 30.11219025
v 5.41296721 2.98429298 29.84192085
v 5.03954983 3.18470907 30.15254021
v 5.03954983 3.18470907 30.15254021
v 5.41296721 2.98429298 29.84192085
v 5.46333599 3.53153205 29.47002983
v 5.09543514 3.79202294 29.73999977
v 5.09543514 3.79202294 29.73999977
v 5.46333599 3.53153205 29.47002983
v 5.20724201 4.16025400 29.31656075
v 5.09543514 3.79202294 29.73999977
v 5.20724201 4.16025400 29.31656075
v 4.81717777 4.16025400 29.76299095
v 6.83969784 0.81244987 27.10655022
v 6.69464922 0.03170961 27.60107040
v 6.85707283 0.71730751 26.97631073
v 6.72371817 -0.08819717 27.39693069
v 6.85707283 0.71730751 26.97631073
v 6.72371817 -0.08819717 27.39693069
v 6.72979593 -0.08818680 27.36834908
v 6.66967201 0.20273900 27.78672981
v 6.64904594 0.40422261 27.93956947
v 6.49404907 0.15216100 28.32390022
v 6.49404907 0.15216100 28.32390022
v 6.64904594 0.40422261 27.93956947
v 6.47333908 0.45303440 28.47680092
v 6.49404907 0.15216100 28.32390022
v 6.47333908 0.45303440 28.47680092
v 6.26815701 0.27604520 28.89329910
v 6.26815701 0.27604520 28.89329910
v 6.47333908 0.45303440 28.47680092
v 6.25164318 0.68079311 29.01490974
v 6.25164318 0.68079311 29.01490974
v 5.99782991 0.58603078 29.44352913
v 6.25164318 0.68079311 29.01490974
v 5.99000883 1.08953500 29.50103951
v 5.99000883 1.08953500 29.50103951
v 5.69050789 1.07818198 29.92028046
v 5.99000883 1.08953500 29.50103951
v 5.69564104 1.66518402 29.88256073
v 5.69564104 1.66518402 29.88256073
v 5.35461283 1.73203194 30.27142906
v 5.69564104 1.66518402 29.88256073
v 5.71477222 2.23566103 29.74185944
v 5.37626982 2.37801695 30.11219025
v 5.37626982 2.37801695 30.11219025
v 5.71477222 2.23566103 29.74185944
v 5.74718904 2.77109694 29.50304985
v 5.41296721 2.98429298 29.84192085
v 5.41296721 2.98429298 29.84192085
v 5.74718904 2.77109694 29.50304985
v 5.79168987 3.25442910 29.17440987
v 5.46333599 3.53153205 29.47002983
v 5.46333599 3.53153205 29.47002983
v 5.79168987 3.25442910 29.17440987
v 5.84666777 3.67078805 28.76707077
v 5.52555895 4.00290489 29.00909996
v 5.52555895 4.00290489 29.00909996
v 5.84666777 3.67078805 28.76707077
v 5.76689196 4.16025400 28.41696930
v 5.52555895 4.00290489 29.00909996
v 5.76689196 4.16025400 28.41696930
v 5.46417809 4.16025400 28.95335960
v 6.63349724 0.62992561 28.05451012
v 6.62357712 0.87272000 28.12771034
v 6.46012306 0.77678311 28.57419968
v 6.46012306 0.77678311 28.57419968
v 6.62357712 0.87272000 28.12771034
v 6.45489502 1.11302900 28.61269951
v 6.46012306 0.77678311 28.57419968
v 6.45489502 1.11302900 28.61269951
v 6.24510908 1.10120595 29.06296921
v 6.24510908 1.10120595 29.06296921
v 6.45489502 1.11302900 28.61269951
v 6.24880505 1.52353597 29.03578949
v 6.24510908 1.10120595 29.06296921
v 6.24880505 1.52353597 29.03578949
v 5.99443293 1.59533894 29.46851921
v 5.99443293 1.59533894 29.46851921
v 6.24880505 1.52353597 29.03578949
v 6.26257896 1.93401003 28.93438911
v 6.01092196 2.08691907 29.34720039
v 6.01092196 2.08691907 29.34720039
v 6.26257896 1.93401003 28.93438911
v 6.28592491 2.31933904 28.76226044
v 6.03886795 2.54833889 29.14126015
v 6.03886795 2.54833889 29.14126015
v 6.28592491 2.31933904 28.76226044
v 6.31798315 2.66725206 28.52532005
v 6.07723284 2.96489596 28.85783005
v 6.07723284 2.96489596 28.85783005
v 6.31798315 2.66725206 28.52532005
v 6.35760403 2.96703696 28.23155975
v 6.12463999 3.32377410 28.50649071
v 6.12463999 3.32377410 28.50649071
v 6.35760403 2.96703696 28.23155975
v 6.40342522 3.20965505 27.89052963
v 6.17945194 3.61416888 28.09868050
v 6.17945194 3.61416888 28.09868050
v 6.40342522 3.20965505 27.89052963
v 6.45391321 3.38801003 27.51312065
v 6.23983288 3.82761693 27.64742088
v 6.23983288 3.82761693 27.64742088
v 6.45391321 3.38801003 27.51312065
v 6.50748682 3.49708509 27.11071968
v 6.30389404 3.95814109 27.16633034
v 6.61965418 1.12484503 28.15663910
v 6.45489502 1.11302900 28.61269951
v 6.45785189 1.45080304 28.59093094
v 6.24880505 1.52353597 29.03578949
v 6.45785189 1.45080304 28.59093094
v 6.46887398 1.77912104 28.50971985
v 6.26257896 1.93401003 28.93438911
v 6.26257896 1.93401003 28.93438911
v 6.46887398 1.77912104 28.50971985
v 6.48756123 2.08737206 28.37182999
v 6.28592491 2.31933904 28.76226044
v 6.28592491 2.31933904 28.76226044
v 6.48756123 2.08737206 28.37182999
v 6.51322794 2.36575103 28.18199921
v 6.31798315 2.66725206 28.52532005
v 6.31798315 2.66725206 28.52532005
v 6.51322794 2.36575103 28.18199921
v 6.54496098 2.60567904 27.94658089
v 6.35760403 2.96703696 28.23155975
v 6.35760403 2.96703696 28.23155975
v 6.54496098 2.60567904 27.94658089
v 6.58167219 2.79990101 27.67321014
v 6.40342522 3.20965505 27.89052963
v 6.40342522 3.20965505 27.89052963
v 6.58167219 2.79990101 27.67321014
v 6.62213612 2.94270802 27.37062073
v 6.45391321 3.38801003 27.51312065
v 6.45391321 3.38801003 27.51312065
v 6.62213612 2.94270802 27.37062073
v 6.66508579 3.03005600 27.04793930
v 6.50748682 3.49708509 27.11071968
v 6.50748682 3.49708509 27.11071968
v 6.66508579 3.03005600 27.04793930
v 6.60754919 3.40309811 26.70186996
v 6.50748682 3.49708509 27.11071968
v 6.60754919 3.40309811 26.70186996
v 6.30389404 3.95814109 27.16633034
v 6.29270411 4.16025400 26.66027069
v 6.30389404 3.95814109 27.16633034
v 6.29270411 4.16025400 26.66027069
v 6.27427816 4.16025400 26.78869057
v 6.63349724 0.62992561 28.05451012
v 6.47333908 0.45303440 28.47680092
v 6.46012306 0.77678311 28.57419968
v 6.25164318 0.68079311 29.01490974
v 6.24510908 1.10120595 29.06296921
v 5.99000883 1.08953500 29.50103951
v 5.99443293 1.59533894 29.46851921
v 5.69564104 1.66518402 29.88256073
v 5.99443293 1.59533894 29.46851921
v 6.01092196 2.08691907 29.34720039
v 5.71477222 2.23566103 29.74185944
v 5.71477222 2.23566103 29.74185944
v 6.01092196 2.08691907 29.34720039
v 6.03886795 2.54833889 29.14126015
v 5.74718904 2.77109694 29.50304985
v 5.74718904 2.77109694 29.50304985
v 6.03886795 2.54833889 29.14126015
v 6.07723284 2.96489596 28.85783005
v 5.74718904 2.77109694 29.50304985
v 6.07723284 2.96489596 28.85783005
v 5.79168987 3.25442910 29.17440987
v 5.79168987 3.25442910 29.17440987
v 6.07723284 2.96489596 28.85783005
v 6.12463999 3.32377410 28.50649071
v 5.84666777 3.67078805 28.76707077
v 5.84666777 3.67078805 28.76707077
v 6.12463999 3.32377410 28.50649071
v 6.17945194 3.61416888 28.09868050
v 5.91022301 4.00765800 28.29430008
v 5.91022301 4.00765800 28.29430008
v 6.17945194 3.61416888 28.09868050
v 6.00748301 4.16025400 27.84597969
v 5.91022301 4.00765800 28.29430008
v 6.00748301 4.16025400 27.84597969
v 5.76689196 4.16025400 28.41696930
v 2.01285410 -0.08822983 31.84877968
v 2.62909603 -0.08823424 31.73804092
v 2.20164394 -0.00897354 31.83913040
v 2.20164394 -0.00897354 31.83913040
v 2.62909603 -0.08823424 31.73804092
v 2.69171095 0.02360862 31.74584007
v 2.20164394 -0.00897354 31.83913040
v 2.69171095 0.02360862 31.74584007
v 2.19060898 0.50093001 31.92016983
v 2.68098092 0.51930350 31.82463074
v 2.19060898 0.50093001 31.92016983
v 2.68098092 0.51930350 31.82463074
v 2.18574500 1.01625299 31.95586967
v 2.67625189 1.02026606 31.85934067
v 2.18574500 1.01625299 31.95586967
v 2.67625189 1.02026606 31.85934067
v 2.18712592 1.53274703 31.94573975
v 2.67759490 1.52236700 31.84948921
v 2.18712592 1.53274703 31.94573975
v 2.67759490 1.52236700 31.84948921
v 2.19473791 2.04618096 31.88985062
v 2.68499589 2.02149296 31.79515076
v 2.19473791 2.04618096 31.88985062
v 2.68499589 2.02149296 31.79515076
v 2.20848298 2.55234003 31.78890038
v 2.69835901 2.51354790 31.69700050
v 2.20848298 2.55234003 31.78890038
v 2.69835901 2.51354790 31.69700050
v 2.22825098 3.04702091 31.64361954
v 2.71758008 2.99444604 31.55574036
v 2.22825098 3.04702091 31.64361954
v 2.71758008 2.99444604 31.55574036
v 2.25385499 3.52623796 31.45531082
v 2.74247408 3.46031308 31.37262917
v 2.25385499 3.52623796 31.45531082
v 2.74247408 3.46031308 31.37262917
v 2.28502798 3.98620892 31.22577095
v 3.64558792 1.03176999 31.52392006
v 3.16511297 1.02544105 31.71553040
v 3.16966891 0.54300070 31.68210030
v 3.16511297 1.02544105 31.71553040
v 3.64558792 1.03176999 31.52392006
v 3.16640592 1.50897801 31.70603943
v 3.64682007 1.49260700 31.51486969
v 3.16640592 1.50897801 31.70603943
v 3.64682007 1.49260700 31.51486969
v 3.17353511 1.98965096 31.65369987
v 5.71095896 -0.08826524 29.69404984
v 5.72251797 -0.06864362 29.68483925
v 5.29748201 -0.08828628 30.18852043
v 5.29748201 -0.08828628 30.18852043
v 5.72251797 -0.06864362 29.68483925
v 5.35907602 0.40562859 30.23863029
v 5.29748201 -0.08828628 30.18852043
v 5.35907602 0.40562859 30.23863029
v 4.97975111 0.32269499 30.59264946
v 4.97975111 0.32269499 30.59264946
v 5.35907602 0.40562859 30.23863029
v 4.96835089 1.05710196 30.67639923
v 4.97975111 0.32269499 30.59264946
v 4.96835089 1.05710196 30.67639923
v 4.56622887 0.24627671 30.91025925
v 4.55379105 1.04769003 31.00161934
v 4.56622887 0.24627671 30.91025925
v 4.55379105 1.04769003 31.00161934
v 4.12412119 0.17743561 31.18704033
v 4.11074781 1.03921103 31.28524971
v 4.12412119 0.17743561 31.18704033
v 4.11074781 1.03921103 31.28524971
v 3.65978003 0.11702020 31.41970062
v 3.18640709 2.46351600 31.55916023
v 3.17353511 1.98965096 31.65369987
v 3.65361500 1.95071399 31.46497917
v 3.65361500 1.95071399 31.46497917
v 3.65361500 1.95071399 31.46497917
v 3.64682007 1.49260700 31.51486969
v 4.11074781 1.03921103 31.28524971
v 4.11074781 1.03921103 31.28524971
v 3.64682007 1.49260700 31.51486969
v 3.64558792 1.03176999 31.52392006
v 3.64558792 1.03176999 31.52392006
v 3.65978003 0.11702020 31.41970062
v 3.64558792 1.03176999 31.52392006
v 3.16966891 0.54300070 31.68210030
v 3.65978003 0.11702020 31.41970062
v 3.16966891 0.54300070 31.68210030
v 3.18000293 0.06563186 31.60619926
v 2.62909603 -0.08823424 31.73804092
v 3.22059894 -0.08824259 31.55932999
v 2.69171095 0.02360862 31.74584007
v 2.69171095 0.02360862 31.74584007
v 3.22059894 -0.08824259 31.55932999
v 3.18000293 0.06563186 31.60619926
v 2.69171095 0.02360862 31.74584007
v 3.18000293 0.06563186 31.60619926
v 2.68098092 0.51930350 31.82463074
v 3.16966891 0.54300070 31.68210030
v 2.68098092 0.51930350 31.82463074
v 3.16966891 0.54300070 31.68210030
v 2.67625189 1.02026606 31.85934067
v 3.16511297 1.02544105 31.71553040
v 2.67625189 1.02026606 31.85934067
v 3.16511297 1.02544105 31.71553040
v 2.67759490 1.52236700 31.84948921
v 3.16640592 1.50897801 31.70603943
v 2.67759490 1.52236700 31.84948921
v 3.16640592 1.50897801 31.70603943
v 2.68499589 2.02149296 31.79515076
v 3.17353511 1.98965096 31.65369987
v 2.68499589 2.02149296 31.79515076
v 3.17353511 1.98965096 31.65369987
v 2.69835901 2.51354790 31.69700050
v 3.18640709 2.46351600 31.55916023
v 2.69835901 2.51354790 31.69700050
v 3.18640709 2.46351600 31.55916023
v 2.71758008 2.99444604 31.55574036
v 3.20492005 2.92663693 31.42308998
v 2.71758008 2.99444604 31.55574036
v 3.20492005 2.92663693 31.42308998
v 2.74247408 3.46031308 31.37262917
v 6.88854694 1.66025305 26.73899078
v 6.82778978 2.47902489 26.73097038
v 6.87661219 1.65241206 26.82920074
v 6.87661219 1.65241206 26.82920074
v 6.82778978 2.47902489 26.73097038
v 6.77767801 2.56328511 26.97924995
v 6.87661219 1.65241206 26.82920074
v 6.77767801 2.56328511 26.97924995
v 6.85598803 1.59894598 26.98446083
v 6.85598803 1.59894598 26.98446083
v 6.77767801 2.56328511 26.97924995
v 6.74534893 2.49765205 27.22223091
v 6.85598803 1.59894598 26.98446083
v 6.74534893 2.49765205 27.22223091
v 6.85412788 1.59120405 26.99842072
v 6.71490479 2.39037204 27.45002937
v 6.85412788 1.59120405 26.99842072
v 6.71490479 2.39037204 27.45002937
v 6.84429884 1.53974199 27.07210922
v 6.68730021 2.24451995 27.65575981
v 6.84429884 1.53974199 27.07210922
v 6.68730021 2.24451995 27.65575981
v 6.83451223 1.46407402 27.14532089
v 6.66345310 2.06441689 27.83286095
v 6.83451223 1.46407402 27.14532089
v 6.66345310 2.06441689 27.83286095
v 6.82903624 1.40311503 27.18619919
v 6.64417505 1.85553300 27.97559929
v 6.82903624 1.40311503 27.18619919
v 6.64417505 1.85553300 27.97559929
v 6.82164192 1.25505400 27.24132919
v 6.63014603 1.62431598 28.07925034
v 6.82164192 1.25505400 27.24132919
v 6.63014603 1.62431598 28.07925034
v 6.82106686 1.22996402 27.24560928
v 6.82106686 1.22996402 27.24560928
v 6.63014603 1.62431598 28.07925034
v 6.62187290 1.37811100 28.14027977
v 6.62187290 1.37811100 28.14027977
v 6.82041597 1.14790297 27.25045013
v 6.61965418 1.12484503 28.15663910
v 6.82041597 1.14790297 27.25045013
v 6.61965418 1.12484503 28.15663910
v 6.82441807 0.99166822 27.22064972
v 6.82441807 0.99166822 27.22064972
v 6.61965418 1.12484503 28.15663910
v 6.62357712 0.87272000 28.12771034
v 6.82441807 0.99166822 27.22064972
v 6.62357712 0.87272000 28.12771034
v 6.82527685 0.97511792 27.21423912
v 6.82527685 0.97511792 27.21423912
v 6.62357712 0.87272000 28.12771034
v 6.63349724 0.62992561 28.05451012
v 6.82527685 0.97511792 27.21423912
v 6.63349724 0.62992561 28.05451012
v 6.83075380 0.89610487 27.17337990
v 6.64904594 0.40422261 27.93956947
v 6.83075380 0.89610487 27.17337990
v 6.64904594 0.40422261 27.93956947
v 6.83969784 0.81244987 27.10655022
v 6.66967201 0.20273900 27.78672981
v 6.83969784 0.81244987 27.10655022
v 6.66967201 0.20273900 27.78672981
v 6.69464922 0.03170961 27.60107040
v 6.69464922 0.03170961 27.60107040
v 6.66967201 0.20273900 27.78672981
v 6.64691687 -0.08840274 27.71838951
v 6.69464922 0.03170961 27.60107040
v 6.64691687 -0.08840274 27.71838951
v 6.72371817 -0.08819717 27.39693069
v 6.37245178 -0.08868765 28.52919006
v 6.49404907 0.15216100 28.32390022
v 6.29686594 -0.08852732 28.70130920
v 6.29686594 -0.08852732 28.70130920
v 6.49404907 0.15216100 28.32390022
v 6.26815701 0.27604520 28.89329910
v 6.29686594 -0.08852732 28.70130920
v 6.26815701 0.27604520 28.89329910
v 6.07795477 -0.08829718 29.12941933
v 6.07795477 -0.08829718 29.12941933
v 6.26815701 0.27604520 28.89329910
v 6.01760006 0.10131970 29.29803085
v 6.07795477 -0.08829718 29.12941933
v 6.01760006 0.10131970 29.29803085
v 5.72251797 -0.06864362 29.68483925
v 5.72251797 -0.06864362 29.68483925
v 5.69958401 0.49385110 29.85358047
v 5.35907602 0.40562859 30.23863029
v 5.34880209 1.06731606 30.31411934
v 4.96835089 1.05710196 30.67639923
v 4.96835089 1.05710196 30.67639923
v 4.97479916 1.79487205 30.62903976
v 4.55379105 1.04769003 31.00161934
v 4.56082582 1.85277498 30.94996071
v 4.55379105 1.04769003 31.00161934
v 4.56082582 1.85277498 30.94996071
v 4.11074781 1.03921103 31.28524971
v 4.11831188 1.90493703 31.22970963
v 4.11074781 1.03921103 31.28524971
v 4.11831188 1.90493703 31.22970963
v 3.65361500 1.95071399 31.46497917
v 3.65361500 1.95071399 31.46497917
v 3.65361500 1.95071399 31.46497917
v 3.68353200 2.84371710 31.24514008
v 3.20492005 2.92663693 31.42308998
v 3.20492005 2.92663693 31.42308998
v 3.68353200 2.84371710 31.24514008
v 3.22889805 3.37528610 31.24670982
v 3.22889805 3.37528610 31.24670982
v 2.74247408 3.46031308 31.37262917
v 2.77278304 3.90747190 31.14944077
v 2.28502798 3.98620892 31.22577095
v 2.77278304 3.90747190 31.14944077
v 1.95861995 4.16025400 31.17926025
v 2.28502798 3.98620892 31.22577095
v 1.95861995 4.16025400 31.17926025
v 1.37801504 4.16025496 31.21471977
v -1.42055297 -0.08824360 31.88722992
v 1.37055302 -0.08824360 31.88722992
v -1.41946399 0.41129270 31.97163963
v -1.41946399 0.41129270 31.97163963
v 1.37055302 -0.08824360 31.88722992
v 1.36978495 0.20115000 31.94135094
v -1.41946399 0.41129270 31.97163963
v 1.36978495 0.20115000 31.94135094
v -1.41910994 1.01990795 32.01692963
v -1.41910994 1.01990795 32.01692963
v 1.36978495 0.20115000 31.94135094
v 1.36898398 0.89149892 32.01250076
v -1.41910994 1.01990795 32.01692963
v 1.36898398 0.89149892 32.01250076
v -1.41951799 1.65838099 31.99785995
v -1.41951799 1.65838099 31.99785995
v 1.36898398 0.89149892 32.01250076
v 1.36937702 1.59217799 32.00297165
v -1.41951799 1.65838099 31.99785995
v 1.36937702 1.59217799 32.00297165
v -1.42053497 2.30266190 31.90880966
v -1.42053497 2.30266190 31.90880966
v 1.36937702 1.59217799 32.00297165
v 1.37047696 2.27769208 31.91352081
v -1.42053497 2.30266190 31.90880966
v 1.37047696 2.27769208 31.91352081
v -1.42212105 2.92818308 31.75218964
v 1.37202096 2.92581892 31.75292015
v -1.42212105 2.92818308 31.75218964
v 1.37202096 2.92581892 31.75292015
v 1.37327802 3.28530598 31.62957954
v -1.42212105 2.92818308 31.75218964
v 1.37327802 3.28530598 31.62957954
v -1.42442203 3.53203702 31.52989006
v -1.42442203 3.53203702 31.52989006
v 1.37327802 3.28530598 31.62957954
v 1.37444997 3.55284500 31.52079964
v -1.42442203 3.53203702 31.52989006
v 1.37444997 3.55284500 31.52079964
v -1.42801499 4.16025496 31.21471977
v 1.37801504 4.16025496 31.21471977
v -6.92661095 1.65241206 26.82920074
v -6.90598679 1.59894598 26.98446083
v -6.79534912 2.49765205 27.22223091
v -5.51333714 3.53153205 29.47002983
v -5.57555914 4.00290489 29.00909996
v -5.89666700 3.67078805 28.76707077
v -6.54404783 0.15216100 28.32390022
v -6.69904709 0.40422261 27.93956947
v -6.71967316 0.20273900 27.78672981
v -6.65754890 3.40309811 26.70186996
v -6.35389280 3.95814109 27.16633034
v -6.34270382 4.16025400 26.66027069
v -6.34270382 4.16025400 26.66027069
v -6.35389280 3.95814109 27.16633034
v -6.22707796 4.16025400 27.27840996
v -6.70027399 -0.08833581 27.70566940
v -6.74464893 0.03170961 27.60107040
v -6.77235603 -0.08818030 27.40328026
v -6.46477318 -0.08860945 28.42569923
v -6.34773111 -0.08851891 28.69943047
v -6.54404783 0.15216100 28.32390022
v -2.24473810 2.04618096 31.88985062
v -1.42053497 2.30266190 31.90880966
v -2.25848293 2.55234003 31.78890038
v -2.25848293 2.55234003 31.78890038
v -1.42053497 2.30266190 31.90880966
v -1.42212105 2.92818308 31.75218964
v -2.25848293 2.55234003 31.78890038
v -1.42212105 2.92818308 31.75218964
v -2.27825189 3.04702091 31.64361954
v -2.27825189 3.04702091 31.64361954
v -1.42212105 2.92818308 31.75218964
v -1.42442203 3.53203702 31.52989006
v -2.27825189 3.04702091 31.64361954
v -1.42442203 3.53203702 31.52989006
v -2.30385399 3.52623796 31.45531082
v -2.30385399 3.52623796 31.45531082
v -1.42442203 3.53203702 31.52989006
v -1.42801499 4.16025496 31.21471977
v -2.30385399 3.52623796 31.45531082
v -1.42801499 4.16025496 31.21471977
v -2.33502793 3.98620892 31.22577095
v -2.33502793 3.98620892 31.22577095
v -1.42801499 4.16025496 31.21471977
v -1.65835404 4.16025400 31.20915985
v -2.33502793 3.98620892 31.22577095
v -1.65835404 4.16025400 31.20915985
v -2.13922811 4.16025400 31.16142082
v -2.24060893 0.50093001 31.92016983
v -1.41946399 0.41129270 31.97163963
v -1.41910994 1.01990795 32.01692963
v -1.65843797 -0.08823788 31.88196945
v -1.42055297 -0.08824360 31.88722992
v -2.25164390 -0.00897354 31.83913040
v -2.25164390 -0.00897354 31.83913040
v -1.42055297 -0.08824360 31.88722992
v -1.41946399 0.41129270 31.97163963
v -1.65843797 -0.08823788 31.88196945
v -2.25164390 -0.00897354 31.83913040
v -2.33056402 -0.08822673 31.80975914
v -2.33056402 -0.08822673 31.80975914
v -2.25164390 -0.00897354 31.83913040
v -2.74171090 0.02360862 31.74584007
v -2.33056402 -0.08822673 31.80975914
v -2.74171090 0.02360862 31.74584007
v -2.95589304 -0.08823734 31.66362953
v -2.74171090 0.02360862 31.74584007
v -3.23000312 0.06563192 31.60619926
v -2.95589304 -0.08823734 31.66362953
v -2.95589304 -0.08823734 31.66362953
v -3.23000312 0.06563192 31.60619926
v -3.70977998 0.11702020 31.41970062
v -2.95589304 -0.08823734 31.66362953
v -3.70977998 0.11702020 31.41970062
v -3.52123308 -0.08825957 31.46044922
v -3.52123308 -0.08825957 31.46044922
v -3.70977998 0.11702020 31.41970062
v -4.17412090 0.17743561 31.18704033
v -3.52123308 -0.08825957 31.46044922
v -4.17412090 0.17743561 31.18704033
v -4.06978798 -0.08839207 31.19030952
v -4.06978798 -0.08839207 31.19030952
v -4.17412090 0.17743561 31.18704033
v -4.61623001 0.24627671 30.91025925
v -4.06978798 -0.08839207 31.19030952
v -4.61623001 0.24627671 30.91025925
v -4.58386183 -0.08837145 30.86018944
v -4.58386183 -0.08837145 30.86018944
v -4.61623001 0.24627671 30.91025925
v -5.02975082 0.32269499 30.59264946
v -5.03061581 -0.08824324 30.49855042
v -5.74958277 0.49385110 29.85358047
v -5.77251816 -0.06864362 29.68483925
v -5.49698877 -0.08827412 30.02316093
v -6.06759977 0.10131970 29.29803085
v -6.19283581 -0.08824419 29.01168060
v -5.87729406 -0.08834075 29.53080940
v -6.74464893 0.03170961 27.60107040
v -6.70027399 -0.08833581 27.70566940
v -6.71967316 0.20273900 27.78672981
v -6.90707302 0.71730751 26.97631073
v -6.91819096 0.68334591 26.89266968
v -6.82728386 -0.08824199 27.12359047
v -4.48176622 4.16025400 30.11540985
v -4.70386791 4.16025400 29.92151070
v -4.74243402 4.03205013 29.98019981
v -4.74243402 4.03205013 29.98019981
v -4.70386791 4.16025400 29.92151070
v -4.76501989 4.16025400 29.86384010
v -4.74243402 4.03205013 29.98019981
v -4.76501989 4.16025400 29.86384010
v -5.16593409 4.16025400 29.43094063
v -4.74243402 4.03205013 29.98019981
v -4.68146896 3.36937904 30.43018913
v -4.48176622 4.16025400 30.11540985
v -4.48176622 4.16025400 30.11540985
v -4.68146896 3.36937904 30.43018913
v -4.24425983 3.53573799 30.67098045
v -4.48176622 4.16025400 30.11540985
v -4.24425983 3.53573799 30.67098045
v -4.25067282 4.16025400 30.29402924
v -4.25067282 4.16025400 30.29402924
v -4.24425983 3.53573799 30.67098045
v -3.78421593 3.68173599 30.87206078
v -4.25067282 4.16025400 30.29402924
v -3.78421593 3.68173599 30.87206078
v -3.76132011 4.16025400 30.60664940
v -3.69558811 1.03176999 31.52392006
v -3.21966910 0.54300070 31.68210030
v -3.21511292 1.02544105 31.71553040
v -3.21511292 1.02544105 31.71553040
v -3.21966910 0.54300070 31.68210030
v -2.73098111 0.51930350 31.82463074
v -2.72625208 1.02026606 31.85934067
v -2.72625208 1.02026606 31.85934067
v -2.73098111 0.51930350 31.82463074
v -2.24060893 0.50093001 31.92016983
v -2.23574495 1.01625299 31.95586967
v -2.23574495 1.01625299 31.95586967
v -2.23574495 1.01625299 31.95586967
v -2.72759390 1.52236700 31.84948921
v -2.72625208 1.02026606 31.85934067
v -2.72625208 1.02026606 31.85934067
v -2.72759390 1.52236700 31.84948921
v -3.21640706 1.50897801 31.70603943
v -3.21511292 1.02544105 31.71553040
v -3.21511292 1.02544105 31.71553040
v -3.21640706 1.50897801 31.70603943
v -3.69682002 1.49260700 31.51486969
v -3.69558811 1.03176999 31.52392006
v -3.69558811 1.03176999 31.52392006
v -3.69682002 1.49260700 31.51486969
v -4.16074800 1.03921103 31.28524971
v -2.72759390 1.52236700 31.84948921
v -3.22353506 1.98965096 31.65369987
v -3.21640706 1.50897801 31.70603943
v -3.21640706 1.50897801 31.70603943
v -3.22353506 1.98965096 31.65369987
v -3.70361495 1.95071399 31.46497917
v -3.69682002 1.49260700 31.51486969
v -3.69682002 1.49260700 31.51486969
v -3.70361495 1.95071399 31.46497917
v -4.16831207 1.90493703 31.22970963
v -3.69682002 1.49260700 31.51486969
v -4.16831207 1.90493703 31.22970963
v -4.16074800 1.03921103 31.28524971
v -4.16074800 1.03921103 31.28524971
v -4.16831207 1.90493703 31.22970963
v -4.61082602 1.85277498 30.94996071
v -4.60379124 1.04769003 31.00161934
v -4.60379124 1.04769003 31.00161934
v -4.61082602 1.85277498 30.94996071
v -5.02479887 1.79487205 30.62903976
v -5.01835108 1.05710196 30.67639923
v -1.41946399 0.41129270 31.97163963
v -2.24060893 0.50093001 31.92016983
v -2.25164390 -0.00897354 31.83913040
v -2.25164390 -0.00897354 31.83913040
v -2.24060893 0.50093001 31.92016983
v -2.73098111 0.51930350 31.82463074
v -2.74171090 0.02360862 31.74584007
v -2.74171090 0.02360862 31.74584007
v -2.73098111 0.51930350 31.82463074
v -3.21966910 0.54300070 31.68210030
v -3.23000312 0.06563192 31.60619926
v -3.23000312 0.06563192 31.60619926
v -3.21966910 0.54300070 31.68210030
v -3.69558811 1.03176999 31.52392006
v -3.23000312 0.06563192 31.60619926
v -3.69558811 1.03176999 31.52392006
v -3.70977998 0.11702020 31.41970062
v -3.70977998 0.11702020 31.41970062
v -3.69558811 1.03176999 31.52392006
v -4.16074800 1.03921103 31.28524971
v -4.17412090 0.17743561 31.18704033
v -4.17412090 0.17743561 31.18704033
v -4.16074800 1.03921103 31.28524971
v -4.60379124 1.04769003 31.00161934
v -4.61623001 0.24627671 30.91025925
v -4.61623001 0.24627671 30.91025925
v -4.60379124 1.04769003 31.00161934
v -5.01835108 1.05710196 30.67639923
v -5.02975082 0.32269499 30.59264946
v -6.68014622 1.62431598 28.07925034
v -6.67187309 1.37811100 28.14027977
v -6.50785208 1.45080304 28.59093094
v -6.50785208 1.45080304 28.59093094
v -6.67187309 1.37811100 28.14027977
v -6.66965389 1.12484503 28.15663910
v -6.50489521 1.11302900 28.61269951
v -6.50489521 1.11302900 28.61269951
v -6.66965389 1.12484503 28.15663910
v -6.67357683 0.87272000 28.12771034
v -6.51012278 0.77678311 28.57419968
v -6.51012278 0.77678311 28.57419968
v -6.67357683 0.87272000 28.12771034
v -6.68349695 0.62992561 28.05451012
v -6.52333879 0.45303440 28.47680092
v -6.70027399 -0.08833581 27.70566940
v -6.67287779 -0.08834409 27.80694962
v -6.71967316 0.20273900 27.78672981
v -6.71967316 0.20273900 27.78672981
v -6.67287779 -0.08834409 27.80694962
v -6.57622099 -0.08825534 28.12174988
v -6.71967316 0.20273900 27.78672981
v -6.57622099 -0.08825534 28.12174988
v -6.54404783 0.15216100 28.32390022
v -6.54404783 0.15216100 28.32390022
v -6.57622099 -0.08825534 28.12174988
v -6.46477318 -0.08860945 28.42569923
v -6.82728386 -0.08824199 27.12359047
v -6.78520203 -0.08816838 27.34247017
v -6.90707302 0.71730751 26.97631073
v -6.90707302 0.71730751 26.97631073
v -6.78520203 -0.08816838 27.34247017
v -6.77235603 -0.08818030 27.40328026
v -6.90707302 0.71730751 26.97631073
v -6.77235603 -0.08818030 27.40328026
v -6.88969803 0.81244981 27.10655022
v -6.74464893 0.03170961 27.60107040
v -6.88969803 0.81244981 27.10655022
v -6.74464893 0.03170961 27.60107040
v -6.88804483 0.82537651 27.11890984
v -6.71967316 0.20273900 27.78672981
v -6.88804483 0.82537651 27.11890984
v -6.71967316 0.20273900 27.78672981
v -6.88075399 0.89610487 27.17337990
v -6.69904709 0.40422261 27.93956947
v -6.88075399 0.89610487 27.17337990
v -6.69904709 0.40422261 27.93956947
v -6.87441683 0.99166822 27.22064972
v -5.89666700 3.67078805 28.76707077
v -5.96022415 4.00765800 28.29430008
v -6.22945213 3.61416888 28.09868050
v -6.55748701 3.49708509 27.11071968
v -6.35389280 3.95814109 27.16633034
v -6.55748701 3.49708509 27.11071968
v -6.28983307 3.82761693 27.64742088
v -6.35389280 3.95814109 27.16633034
v -6.28983307 3.82761693 27.64742088
v -6.22707796 4.16025400 27.27840996
v -6.22707796 4.16025400 27.27840996
v -6.28983307 3.82761693 27.64742088
v -6.04801893 4.16025400 27.87231064
v -5.08955002 3.18470907 30.15254021
v -5.14543486 3.79202294 29.73999977
v -5.51333714 3.53153205 29.47002983
v -5.04883099 2.51183891 30.45236969
v -5.08955002 3.18470907 30.15254021
v -5.46296692 2.98429298 29.84192085
v -5.46296692 2.98429298 29.84192085
v -5.46296692 2.98429298 29.84192085
v -5.51333714 3.53153205 29.47002983
v -5.84169006 3.25442910 29.17440987
v -5.84169006 3.25442910 29.17440987
v -5.84169006 3.25442910 29.17440987
v -5.89666700 3.67078805 28.76707077
v -6.17464018 3.32377410 28.50649071
v -6.17464018 3.32377410 28.50649071
v -6.17464018 3.32377410 28.50649071
v -6.22945213 3.61416888 28.09868050
v -6.45342398 3.20965505 27.89052963
v -6.45342398 3.20965505 27.89052963
v -6.22945213 3.61416888 28.09868050
v -6.50391197 3.38801003 27.51312065
v -6.45342398 3.20965505 27.89052963
v -6.50391197 3.38801003 27.51312065
v -6.67213583 2.94270802 27.37062073
v -6.67213583 2.94270802 27.37062073
v -6.50391197 3.38801003 27.51312065
v -6.71508598 3.03005600 27.04793930
v -6.67213583 2.94270802 27.37062073
v -6.71508598 3.03005600 27.04793930
v -6.82767916 2.56328511 26.97924995
v -6.82767916 2.56328511 26.97924995
v -6.71508598 3.03005600 27.04793930
v -6.87778997 2.47902489 26.73097038
v -6.82767916 2.56328511 26.97924995
v -6.87778997 2.47902489 26.73097038
v -6.93854713 1.66025305 26.73899078
v -5.03061581 -0.08824324 30.49855042
v -5.02975082 0.32269499 30.59264946
v -5.40907478 0.40562859 30.23863029
v -5.40907478 0.40562859 30.23863029
v -5.02975082 0.32269499 30.59264946
v -5.01835108 1.05710196 30.67639923
v -5.39880085 1.06731606 30.31411934
v -5.39880085 1.06731606 30.31411934
v -5.01835108 1.05710196 30.67639923
v -5.02479887 1.79487205 30.62903976
v -5.40461302 1.73203194 30.27142906
v -5.40461302 1.73203194 30.27142906
v -5.02479887 1.79487205 30.62903976
v -5.42627001 2.37801695 30.11219025
v -5.40461302 1.73203194 30.27142906
v -5.42627001 2.37801695 30.11219025
v -5.76477194 2.23566103 29.74185944
v -5.76477194 2.23566103 29.74185944
v -5.42627001 2.37801695 30.11219025
v -5.79719019 2.77109694 29.50304985
v -5.76477194 2.23566103 29.74185944
v -5.79719019 2.77109694 29.50304985
v -6.08886814 2.54833889 29.14126015
v -6.08886814 2.54833889 29.14126015
v -5.79719019 2.77109694 29.50304985
v -6.12723303 2.96489596 28.85783005
v -6.08886814 2.54833889 29.14126015
v -6.12723303 2.96489596 28.85783005
v -6.36798286 2.66725206 28.52532005
v -6.36798286 2.66725206 28.52532005
v -6.12723303 2.96489596 28.85783005
v -6.40760422 2.96703696 28.23155975
v -6.36798286 2.66725206 28.52532005
v -6.40760422 2.96703696 28.23155975
v -6.59496117 2.60567904 27.94658089
v -6.59496117 2.60567904 27.94658089
v -6.40760422 2.96703696 28.23155975
v -6.63167191 2.79990101 27.67321014
v -6.59496117 2.60567904 27.94658089
v -6.63167191 2.79990101 27.67321014
v -6.76490498 2.39037204 27.45002937
v -6.73730087 2.24451995 27.65575981
v -6.59496117 2.60567904 27.94658089
v -6.73730087 2.24451995 27.65575981
v -6.56322813 2.36575103 28.18199921
v -6.56322813 2.36575103 28.18199921
v -6.36798286 2.66725206 28.52532005
v -6.56322813 2.36575103 28.18199921
v -6.33592510 2.31933904 28.76226044
v -6.33592510 2.31933904 28.76226044
v -6.08886814 2.54833889 29.14126015
v -6.33592510 2.31933904 28.76226044
v -6.06092310 2.08691907 29.34720039
v -6.06092310 2.08691907 29.34720039
v -5.76477194 2.23566103 29.74185944
v -6.06092310 2.08691907 29.34720039
v -5.74564123 1.66518402 29.88256073
v -5.74564123 1.66518402 29.88256073
v -5.40461302 1.73203194 30.27142906
v -5.74564123 1.66518402 29.88256073
v -5.74050903 1.07818198 29.92028046
v -5.39880085 1.06731606 30.31411934
v -5.39880085 1.06731606 30.31411934
v -5.74050903 1.07818198 29.92028046
v -5.74958277 0.49385110 29.85358047
v -5.40907478 0.40562859 30.23863029
v -5.40907478 0.40562859 30.23863029
v -5.74958277 0.49385110 29.85358047
v -5.49698877 -0.08827412 30.02316093
v -5.40907478 0.40562859 30.23863029
v -5.49698877 -0.08827412 30.02316093
v -5.03061581 -0.08824324 30.49855042
v -6.71345282 2.06441689 27.83286095
v -6.69417477 1.85553300 27.97559929
v -6.53756094 2.08737206 28.37182999
v -6.53756094 2.08737206 28.37182999
v -6.69417477 1.85553300 27.97559929
v -6.51887512 1.77912104 28.50971985
v -6.53756094 2.08737206 28.37182999
v -6.51887512 1.77912104 28.50971985
v -6.31257915 1.93401003 28.93438911
v -6.31257915 1.93401003 28.93438911
v -6.51887512 1.77912104 28.50971985
v -6.29880524 1.52353597 29.03578949
v -6.31257915 1.93401003 28.93438911
v -6.29880524 1.52353597 29.03578949
v -6.04443312 1.59533894 29.46851921
v -6.04443312 1.59533894 29.46851921
v -6.29880524 1.52353597 29.03578949
v -6.29511023 1.10120595 29.06296921
v -6.04000902 1.08953500 29.50103951
v -6.04000902 1.08953500 29.50103951
v -6.29511023 1.10120595 29.06296921
v -6.30164289 0.68079311 29.01490974
v -6.04783106 0.58603078 29.44352913
v -6.04783106 0.58603078 29.44352913
v -6.30164289 0.68079311 29.01490974
v -6.31815720 0.27604529 28.89329910
v -6.06759977 0.10131970 29.29803085
v -6.06759977 0.10131970 29.29803085
v -6.31815720 0.27604529 28.89329910
v -6.34080410 -0.08850139 28.71447945
v -6.06759977 0.10131970 29.29803085
v -6.34080410 -0.08850139 28.71447945
v -6.19283581 -0.08824419 29.01168060
v -6.68014622 1.62431598 28.07925034
v -6.51887512 1.77912104 28.50971985
v -6.50785208 1.45080304 28.59093094
v -6.29880524 1.52353597 29.03578949
v -6.50785208 1.45080304 28.59093094
v -6.50489521 1.11302900 28.61269951
v -6.29511023 1.10120595 29.06296921
v -6.29511023 1.10120595 29.06296921
v -6.50489521 1.11302900 28.61269951
v -6.51012278 0.77678311 28.57419968
v -6.30164289 0.68079311 29.01490974
v -6.30164289 0.68079311 29.01490974
v -6.51012278 0.77678311 28.57419968
v -6.52333879 0.45303440 28.47680092
v -6.31815720 0.27604529 28.89329910
v -6.71345282 2.06441689 27.83286095
v -6.56322813 2.36575103 28.18199921
v -6.53756094 2.08737206 28.37182999
v -6.33592510 2.31933904 28.76226044
v -6.31257915 1.93401003 28.93438911
v -6.06092310 2.08691907 29.34720039
v -6.04443312 1.59533894 29.46851921
v -5.74564123 1.66518402 29.88256073
v -6.04443312 1.59533894 29.46851921
v -6.04000902 1.08953500 29.50103951
v -5.74050903 1.07818198 29.92028046
v -5.74050903 1.07818198 29.92028046
v -6.04000902 1.08953500 29.50103951
v -6.04783106 0.58603078 29.44352913
v -5.74958277 0.49385110 29.85358047
v -5.74958277 0.49385110 29.85358047
v -6.04783106 0.58603078 29.44352913
v -6.06759977 0.10131970 29.29803085
v -5.77251816 -0.06864362 29.68483925
v -5.77251816 -0.06864362 29.68483925
v -6.06759977 0.10131970 29.29803085
v -5.87729406 -0.08834075 29.53080940
v -5.77251816 -0.06864362 29.68483925
v -5.87729406 -0.08834075 29.53080940
v -5.49698877 -0.08827412 30.02316093
v -2.13922811 4.16025400 31.16142082
v -2.70375800 4.16025400 31.04107094
v -2.33502793 3.98620892 31.22577095
v -2.33502793 3.98620892 31.22577095
v -2.70375800 4.16025400 31.04107094
v -2.82278299 3.90747190 31.14944077
v -2.33502793 3.98620892 31.22577095
v -2.82278299 3.90747190 31.14944077
v -2.30385399 3.52623796 31.45531082
v -2.79247403 3.46031308 31.37262917
v -2.30385399 3.52623796 31.45531082
v -2.79247403 3.46031308 31.37262917
v -2.27825189 3.04702091 31.64361954
v -2.76758003 2.99444604 31.55574036
v -2.27825189 3.04702091 31.64361954
v -2.76758003 2.99444604 31.55574036
v -2.25848293 2.55234003 31.78890038
v -2.74835992 2.51354790 31.69700050
v -2.25848293 2.55234003 31.78890038
v -2.74835992 2.51354790 31.69700050
v -2.24473810 2.04618096 31.88985062
v -2.70375800 4.16025400 31.04107094
v -3.25421810 4.16025400 30.85180092
v -2.82278299 3.90747190 31.14944077
v -2.82278299 3.90747190 31.14944077
v -3.25421810 4.16025400 30.85180092
v -3.30809212 3.80591989 31.03173065
v -2.82278299 3.90747190 31.14944077
v -3.30809212 3.80591989 31.03173065
v -2.79247403 3.46031308 31.37262917
v -3.27889800 3.37528610 31.24670982
v -2.79247403 3.46031308 31.37262917
v -3.27889800 3.37528610 31.24670982
v -2.76758003 2.99444604 31.55574036
v -3.25492001 2.92663693 31.42308998
v -2.76758003 2.99444604 31.55574036
v -3.25492001 2.92663693 31.42308998
v -2.74835992 2.51354790 31.69700050
v -3.73353195 2.84371710 31.24514008
v -3.78421593 3.68173599 30.87206078
v -4.19650078 2.74622989 31.02255058
v -4.24425983 3.53573799 30.67098045
v -4.19650078 2.74622989 31.02255058
v -4.24425983 3.53573799 30.67098045
v -4.63704491 2.63514805 30.75724030
v -4.68146896 3.36937904 30.43018913
v -4.63704491 2.63514805 30.75724030
v -4.68146896 3.36937904 30.43018913
v -5.04883099 2.51183891 30.45236969
v -5.08955002 3.18470907 30.15254021
v -5.08955002 3.18470907 30.15254021
v -4.68146896 3.36937904 30.43018913
v -4.74243402 4.03205013 29.98019981
v -5.14543486 3.79202294 29.73999977
v -5.14543486 3.79202294 29.73999977
v -4.74243402 4.03205013 29.98019981
v -5.16593409 4.16025400 29.43094063
v -5.14543486 3.79202294 29.73999977
v -5.16593409 4.16025400 29.43094063
v -5.51333714 3.53153205 29.47002983
v -5.51333714 3.53153205 29.47002983
v -5.16593409 4.16025400 29.43094063
v -5.39408922 4.16025400 29.13146019
v -5.51333714 3.53153205 29.47002983
v -5.39408922 4.16025400 29.13146019
v -5.57555914 4.00290489 29.00909996
v -5.57555914 4.00290489 29.00909996
v -5.39408922 4.16025400 29.13146019
v -5.51439285 4.16025400 28.95302963
v -5.57555914 4.00290489 29.00909996
v -5.51439285 4.16025400 28.95302963
v -5.89666700 3.67078805 28.76707077
v -5.89666700 3.67078805 28.76707077
v -5.51439285 4.16025400 28.95302963
v -5.80977297 4.16025400 28.43144035
v -5.89666700 3.67078805 28.76707077
v -5.80977297 4.16025400 28.43144035
v -5.96022415 4.00765800 28.29430008
v -5.96022415 4.00765800 28.29430008
v -5.80977297 4.16025400 28.43144035
v -6.04801893 4.16025400 27.87231064
v -5.96022415 4.00765800 28.29430008
v -6.04801893 4.16025400 27.87231064
v -6.22945213 3.61416888 28.09868050
v -6.22945213 3.61416888 28.09868050
v -6.04801893 4.16025400 27.87231064
v -6.28983307 3.82761693 27.64742088
v -6.28983307 3.82761693 27.64742088
v -6.50391197 3.38801003 27.51312065
v -6.55748701 3.49708509 27.11071968
v -6.71508598 3.03005600 27.04793930
v -6.55748701 3.49708509 27.11071968
v -6.65754890 3.40309811 26.70186996
v -6.71508598 3.03005600 27.04793930
v -6.65754890 3.40309811 26.70186996
v -6.87778997 2.47902489 26.73097038
v -3.25421810 4.16025400 30.85180092
v -3.76132011 4.16025400 30.60664940
v -3.30809212 3.80591989 31.03173065
v -3.78421593 3.68173599 30.87206078
v -3.30809212 3.80591989 31.03173065
v -3.78421593 3.68173599 30.87206078
v -3.27889800 3.37528610 31.24670982
v -3.27889800 3.37528610 31.24670982
v -3.78421593 3.68173599 30.87206078
v -3.73353195 2.84371710 31.24514008
v -3.27889800 3.37528610 31.24670982
v -3.73353195 2.84371710 31.24514008
v -3.25492001 2.92663693 31.42308998
v -3.25492001 2.92663693 31.42308998
v -3.73353195 2.84371710 31.24514008
v -3.23640704 2.46351600 31.55916023
v -3.23640704 2.46351600 31.55916023
v -2.74835992 2.51354790 31.69700050
v -3.23640704 2.46351600 31.55916023
v -2.73499608 2.02149296 31.79515076
v -2.73499608 2.02149296 31.79515076
v -2.24473810 2.04618096 31.88985062
v -2.73499608 2.02149296 31.79515076
v -2.23712611 1.53274703 31.94573975
v -2.24473810 2.04618096 31.88985062
v -2.23712611 1.53274703 31.94573975
v -1.42053497 2.30266190 31.90880966
v -1.42053497 2.30266190 31.90880966
v -2.23712611 1.53274703 31.94573975
v -1.41951799 1.65838099 31.99785995
v -6.63167191 2.79990101 27.67321014
v -6.79534912 2.49765205 27.22223091
v -6.76490498 2.39037204 27.45002937
v -6.76490498 2.39037204 27.45002937
v -6.79534912 2.49765205 27.22223091
v -6.90598679 1.59894598 26.98446083
v -6.76490498 2.39037204 27.45002937
v -6.90598679 1.59894598 26.98446083
v -6.73730087 2.24451995 27.65575981
v -6.89429903 1.53974199 27.07210922
v -6.73730087 2.24451995 27.65575981
v -6.89429903 1.53974199 27.07210922
v -6.71345282 2.06441689 27.83286095
v -6.88451195 1.46407402 27.14532089
v -6.71345282 2.06441689 27.83286095
v -6.88451195 1.46407402 27.14532089
v -6.69417477 1.85553300 27.97559929
v -6.87903595 1.40311503 27.18619919
v -6.69417477 1.85553300 27.97559929
v -6.87903595 1.40311503 27.18619919
v -6.68014622 1.62431598 28.07925034
v -6.87164211 1.25505400 27.24132919
v -6.68014622 1.62431598 28.07925034
v -6.87164211 1.25505400 27.24132919
v -6.67187309 1.37811100 28.14027977
v -6.67187309 1.37811100 28.14027977
v -6.87164211 1.25505400 27.24132919
v -6.87106800 1.22996402 27.24560928
v -6.66965389 1.12484503 28.15663910
v -6.87041712 1.14790297 27.25045013
v -6.66965389 1.12484503 28.15663910
v -6.87041712 1.14790297 27.25045013
v -6.67357683 0.87272000 28.12771034
v -6.67357683 0.87272000 28.12771034
v -6.87041712 1.14790297 27.25045013
v -6.87441683 0.99166822 27.22064972
v -6.68349695 0.62992561 28.05451012
v -6.68349695 0.62992561 28.05451012
v -6.68349695 0.62992561 28.05451012
v -6.69904709 0.40422261 27.93956947
v -6.52333879 0.45303440 28.47680092
v -6.54404783 0.15216100 28.32390022
v -6.52333879 0.45303440 28.47680092
v -6.31815720 0.27604529 28.89329910
v -6.31815720 0.27604529 28.89329910
v -6.54404783 0.15216100 28.32390022
v -6.34773111 -0.08851891 28.69943047
v -6.31815720 0.27604529 28.89329910
v -6.34773111 -0.08851891 28.69943047
v -6.34080410 -0.08850139 28.71447945
v -6.93854713 1.66025305 26.73899078
v -6.92661095 1.65241206 26.82920074
v -6.82767916 2.56328511 26.97924995
v -6.82767916 2.56328511 26.97924995
v -6.92661095 1.65241206 26.82920074
v -6.79534912 2.49765205 27.22223091
v -6.82767916 2.56328511 26.97924995
v -6.79534912 2.49765205 27.22223091
v -6.67213583 2.94270802 27.37062073
v -6.67213583 2.94270802 27.37062073
v -6.63167191 2.79990101 27.67321014
v -6.45342398 3.20965505 27.89052963
v -6.40760422 2.96703696 28.23155975
v -6.17464018 3.32377410 28.50649071
v -6.12723303 2.96489596 28.85783005
v -5.84169006 3.25442910 29.17440987
v -6.12723303 2.96489596 28.85783005
v -5.79719019 2.77109694 29.50304985
v -5.79719019 2.77109694 29.50304985
v -5.46296692 2.98429298 29.84192085
v -5.42627001 2.37801695 30.11219025
v -5.04883099 2.51183891 30.45236969
v -5.04883099 2.51183891 30.45236969
v -5.02479887 1.79487205 30.62903976
v -4.63704491 2.63514805 30.75724030
v -4.61082602 1.85277498 30.94996071
v -4.63704491 2.63514805 30.75724030
v -4.61082602 1.85277498 30.94996071
v -4.19650078 2.74622989 31.02255058
v -4.16831207 1.90493703 31.22970963
v -4.19650078 2.74622989 31.02255058
v -4.16831207 1.90493703 31.22970963
v -3.73353195 2.84371710 31.24514008
v -3.70361495 1.95071399 31.46497917
v -3.73353195 2.84371710 31.24514008
v -3.70361495 1.95071399 31.46497917
v -3.23640704 2.46351600 31.55916023
v -3.23640704 2.46351600 31.55916023
v -3.70361495 1.95071399 31.46497917
v -3.22353506 1.98965096 31.65369987
v -3.22353506 1.98965096 31.65369987
v -2.73499608 2.02149296 31.79515076
v -2.72759390 1.52236700 31.84948921
v -2.23712611 1.53274703 31.94573975
v -2.23712611 1.53274703 31.94573975
v -2.23574495 1.01625299 31.95586967
v -1.41951799 1.65838099 31.99785995
v -1.41951799 1.65838099 31.99785995
v -2.23574495 1.01625299 31.95586967
v -1.41910994 1.01990795 32.01692963
v -7.31656218 3.40309811 21.23564911
v -7.00085306 4.16025400 21.20122910
v -7.60745811 4.16025400 14.86347961
v -6.65754890 3.40309811 26.70186996
v -6.34270382 4.16025400 26.66027069
v -7.00085306 4.16025400 21.20122910
v -7.31656218 3.40309811 21.23564911
v -6.65754890 3.40309811 26.70186996
v -7.31656218 3.40309811 21.23564911
v -7.53740788 2.47902489 21.25972939
v -6.87778997 2.47902489 26.73097038
v -8.14536858 2.47902489 14.90781975
v -8.20644665 1.66025400 14.91285038
v -7.59833193 1.66025400 21.26637077
v -8.59053802 1.66025400 9.51807690
v -8.20644665 1.66025400 14.91285038
v -8.52925491 2.47904611 9.51807690
v -8.14536858 2.47902489 14.90781975
v -8.52925491 2.47904611 9.51807690
v -8.14536858 2.47902489 14.90781975
v -8.47492981 2.78113604 9.51807690
v -8.47492981 2.78113604 9.51807690
v -8.14536858 2.47902489 14.90781975
v -7.92396402 3.40309811 14.88957024
v -8.47492981 2.78113604 9.51807690
v -7.92396402 3.40309811 14.88957024
v -8.30647182 3.40309310 9.51807690
v -8.30647182 3.40309310 9.51807690
v -7.92396402 3.40309811 14.88957024
v -8.13084316 3.85939193 9.51807690
v -7.98843384 4.16025400 9.51807690
v -8.13084316 3.85939193 9.51807690
v -7.60745811 4.16025400 14.86347961
v -7.60745811 4.16025400 14.86347961
v -8.13084316 3.85939193 9.51807690
v -7.92396402 3.40309811 14.88957024
v -7.92396402 3.40309811 14.88957024
v -7.31656218 3.40309811 21.23564911
v -7.92396402 3.40309811 14.88957024
v -8.14536858 2.47902489 14.90781975
v -7.53740788 2.47902489 21.25972939
v -7.53740788 2.47902489 21.25972939
v -7.53740788 2.47902489 21.25972939
v -7.59833193 1.66025400 21.26637077
v -6.87778997 2.47902489 26.73097038
v -6.93854713 1.66025305 26.73899078
v -8.59053707 -0.08824235 7.07812881
v -8.59053802 -0.08824235 9.51807690
v -8.59053802 1.66025400 9.51807690
v -8.59053707 -0.08824217 7.03931522
v -8.59053707 0.53105432 7.03081894
v -8.59053707 1.34816694 6.88541079
v -8.59053802 1.66025400 6.78689098
v -8.18074512 -0.08824235 7.55089903
v -8.48828793 -0.08824789 7.18996477
v -8.59053707 0.53105432 7.03081894
v -8.59053707 0.53105432 7.03081894
v -8.48828793 -0.08824789 7.18996477
v -8.56542778 -0.08824318 7.07812881
v -8.59053707 0.53105432 7.03081894
v -8.56542778 -0.08824318 7.07812881
v -8.59053707 -0.08824217 7.03931522
v -8.25403881 3.55257511 6.11806488
v -8.18074512 3.66135502 6.11807585
v -8.43732738 2.94781804 6.34567404
v -8.43732738 2.94781804 6.34567404
v -8.18074512 3.66135502 6.11807585
v -8.18074512 3.13820791 6.56825686
v -8.43732738 2.94781804 6.34567404
v -8.18074512 3.13820791 6.56825686
v -8.47488308 2.78122997 6.40309381
v -8.18074512 2.53840303 6.95238018
v -8.47488308 2.78122997 6.40309381
v -8.18074512 2.53840303 6.95238018
v -8.55169964 2.31299710 6.56110811
v -8.55169964 2.31299710 6.56110811
v -8.18074512 2.53840303 6.95238018
v -8.18074512 2.34887004 7.05023289
v -8.55169964 2.31299710 6.56110811
v -8.18074512 2.34887004 7.05023289
v -8.59053802 1.66025400 6.78689098
v -8.59053802 1.66025400 6.78689098
v -8.18074512 2.34887004 7.05023289
v -8.18074512 1.48400402 7.37789202
v -8.59053802 1.66025400 6.78689098
v -8.18074512 1.48400402 7.37789202
v -8.59053707 1.34816694 6.88541079
v -8.59053707 1.34816694 6.88541079
v -8.18074512 1.48400402 7.37789202
v -8.59053707 0.53105432 7.03081894
v -8.18074512 0.57345492 7.53992796
v -8.59053707 0.53105432 7.03081894
v -8.18074512 0.57345492 7.53992796
v -8.18074512 -0.08824235 7.55089903
v -7.89469624 4.16025400 6.11807585
v -7.81809378 4.16025400 6.11807585
v -7.96532393 4.06025410 6.11807585
v -8.18074512 3.66135502 6.11807585
v -8.03820705 4.06025410 6.11807489
v -8.25403881 3.55257511 6.11806488
v -1.29687297 6.17148590 19.66506004
v -1.30394900 6.22971582 19.63614082
v -1.74599898 6.17520523 19.66691017
v -1.27479506 5.98980999 19.84807968
v -1.28437996 6.06868887 19.74452019
v -1.70432794 6.01351023 19.77326012
v -3.82771993 5.34016991 22.01214027
v -3.59804106 5.36428404 22.06426048
v -3.57564712 5.37242413 21.96640968
v -4.04431820 5.42677689 21.97170067
v -3.82771993 5.34016991 22.01214027
v -3.80244493 5.34955215 21.90501976
v -4.25784492 5.83401203 21.95750046
v -4.17048883 5.61409616 21.83392906
v -4.22969294 5.84253883 21.84008026
v -4.22969294 5.84253883 21.84008026
v -4.17048883 5.61409616 21.83392906
v -4.02348804 5.66111612 21.41142082
v -4.22969294 5.84253883 21.84008026
v -4.02348804 5.66111612 21.41142082
v -4.08537102 5.88531113 21.41843033
v -4.08537102 5.88531113 21.41843033
v -4.02348804 5.66111612 21.41142082
v -3.81440210 5.72503901 21.01538086
v -4.08537102 5.88531113 21.41843033
v -3.81440210 5.72503901 21.01538086
v -3.87866998 5.94385195 21.02037048
v -3.87866998 5.94385195 21.02037048
v -3.81440210 5.72503901 21.01538086
v -3.75079894 5.74379683 20.91848946
v -3.87866998 5.94385195 21.02037048
v -3.75079894 5.74379683 20.91848946
v -3.81549501 5.96111298 20.92250061
v -3.81549501 5.96111298 20.92250061
v -3.75079894 5.74379683 20.91848946
v -3.46806598 5.82333803 20.56664085
v -3.81549501 5.96111298 20.92250061
v -3.46806598 5.82333803 20.56664085
v -3.53319812 6.03468513 20.56513977
v -3.80244493 5.34955215 21.90501976
v -3.80244493 5.34955215 21.90501976
v -3.57564712 5.37242413 21.96640968
v -3.46084595 5.41325092 21.61503983
v -3.80244493 5.34955215 21.90501976
v -3.46084595 5.41325092 21.61503983
v -3.67330694 5.39642382 21.52165985
v -3.67330694 5.39642382 21.52165985
v -3.46084595 5.41325092 21.61503983
v -3.29642510 5.46913099 21.28333092
v -3.67330694 5.39642382 21.52165985
v -3.29642510 5.46913099 21.28333092
v -3.48946190 5.46010685 21.16212082
v -3.48946190 5.46010685 21.16212082
v -3.29642510 5.46913099 21.28333092
v -3.24617195 5.48560810 21.20175934
v -3.48946190 5.46010685 21.16212082
v -3.24617195 5.48560810 21.20175934
v -3.43350101 5.47878695 21.07414055
v -3.43350101 5.47878695 21.07414055
v -3.24617195 5.48560810 21.20175934
v -3.02161694 5.55583620 20.90395927
v -3.43350101 5.47878695 21.07414055
v -3.02161694 5.55583620 20.90395927
v -3.18454003 5.55795193 20.75441933
v -3.18454003 5.55795193 20.75441933
v -3.02161694 5.55583620 20.90395927
v -2.75485897 5.63216400 20.64373016
v -3.18454003 5.55795193 20.75441933
v -2.75485897 5.63216400 20.64373016
v -2.89070797 5.64321899 20.47719002
v -2.70126700 5.64658403 20.60022926
v -2.83188200 5.65924120 20.43107033
v -2.39366698 5.72351980 20.39440918
v -2.83188200 5.65924120 20.43107033
v -2.39366698 5.72351980 20.39440918
v -2.49530101 5.74428511 20.21377945
v -2.05867100 5.79620600 20.23975945
v -2.49530101 5.74428511 20.21377945
v -2.05867100 5.79620600 20.23975945
v -2.13034201 5.82392883 20.05179977
v -2.13034201 5.82392883 20.05179977
v -2.05867100 5.79620600 20.23975945
v -1.97962999 5.81169605 20.21224022
v -1.97962999 5.81169605 20.21224022
v -2.04441404 5.84080601 20.02314949
v -2.04441404 5.84080601 20.02314949
v -1.62809503 5.87300920 20.12690926
v -2.04441404 5.84080601 20.02314949
v -1.62809503 5.87300920 20.12690926
v -1.66285896 5.90722418 19.93503952
v -1.26671302 5.92331219 20.09807968
v -1.27130497 5.96109390 19.90674019
v -1.27130497 5.96109390 19.90674019
v -1.27479506 5.98980999 19.84807968
v -1.66285896 5.90722418 19.93503952
v -1.66285896 5.90722418 19.93503952
v -1.27479506 5.98980999 19.84807968
v -1.70432794 6.01351023 19.77326012
v -1.66285896 5.90722418 19.93503952
v -1.70432794 6.01351023 19.77326012
v -2.04441404 5.84080601 20.02314949
v -2.04441404 5.84080601 20.02314949
v -1.70432794 6.01351023 19.77326012
v -2.11400890 5.94530392 19.86491013
v -2.04441404 5.84080601 20.02314949
v -2.11400890 5.94530392 19.86491013
v -2.13034201 5.82392883 20.05179977
v -2.20636010 5.92794991 19.89484024
v -2.13034201 5.82392883 20.05179977
v -2.20636010 5.92794991 19.89484024
v -2.49530101 5.74428511 20.21377945
v -2.49530101 5.74428511 20.21377945
v -2.20636010 5.92794991 19.89484024
v -2.59907794 5.84593487 20.06450081
v -2.49530101 5.74428511 20.21377945
v -2.59907794 5.84593487 20.06450081
v -2.83188200 5.65924120 20.43107033
v -2.83188200 5.65924120 20.43107033
v -2.59907794 5.84593487 20.06450081
v -2.96213388 5.75816107 20.29293060
v -2.83188200 5.65924120 20.43107033
v -2.96213388 5.75816107 20.29293060
v -2.89070797 5.64321899 20.47719002
v -3.02569294 5.74160004 20.34151077
v -2.89070797 5.64321899 20.47719002
v -3.02569294 5.74160004 20.34151077
v -3.18454003 5.55795193 20.75441933
v -3.34373903 5.65333986 20.63413048
v -3.18454003 5.55795193 20.75441933
v -3.34373903 5.65333986 20.63413048
v -3.43350101 5.47878695 21.07414055
v -3.61409307 5.57118607 20.97275925
v -3.43350101 5.47878695 21.07414055
v -3.61409307 5.57118607 20.97275925
v -3.48946190 5.46010685 21.16212082
v -3.67499304 5.55176783 21.06615067
v -3.48946190 5.46010685 21.16212082
v -3.67499304 5.55176783 21.06615067
v -3.67330694 5.39642382 21.52165985
v -3.87544703 5.48547506 21.44850922
v -3.67330694 5.39642382 21.52165985
v -3.87544703 5.48547506 21.44850922
v -3.80244493 5.34955215 21.90501976
v -4.01664209 5.43657589 21.85730934
v -4.01664209 5.43657589 21.85730934
v -4.04431820 5.42677689 21.97170067
v -4.01664209 5.43657589 21.85730934
v -4.19927406 5.60468721 21.95202065
v -1.28437996 6.06868887 19.74452019
v -1.29687297 6.17148590 19.66506004
v -1.70432794 6.01351023 19.77326012
v -1.70432794 6.01351023 19.77326012
v -1.29687297 6.17148590 19.66506004
v -1.74599898 6.17520523 19.66691017
v -1.70432794 6.01351023 19.77326012
v -1.74599898 6.17520523 19.66691017
v -2.11400890 5.94530392 19.86491013
v -2.11400890 5.94530392 19.86491013
v -1.74599898 6.17520523 19.66691017
v -2.17705798 6.10813713 19.76337051
v -2.11400890 5.94530392 19.86491013
v -2.17705798 6.10813713 19.76337051
v -2.20636010 5.92794991 19.89484024
v -2.20636010 5.92794991 19.89484024
v -2.17705798 6.10813713 19.76337051
v -2.27418804 6.09111214 19.79476929
v -2.20636010 5.92794991 19.89484024
v -2.27418804 6.09111214 19.79476929
v -2.59907794 5.84593487 20.06450081
v -2.59907794 5.84593487 20.06450081
v -2.27418804 6.09111214 19.79476929
v -2.68698812 6.01083088 19.97248077
v -2.59907794 5.84593487 20.06450081
v -2.68698812 6.01083088 19.97248077
v -2.96213388 5.75816107 20.29293060
v -2.96213388 5.75816107 20.29293060
v -2.68698812 6.01083088 19.97248077
v -3.06814194 5.92520714 20.21113014
v -2.96213388 5.75816107 20.29293060
v -3.06814194 5.92520714 20.21113014
v -3.02569294 5.74160004 20.34151077
v -3.02569294 5.74160004 20.34151077
v -3.06814194 5.92520714 20.21113014
v -3.13480902 5.90908480 20.26181030
v -3.02569294 5.74160004 20.34151077
v -3.13480902 5.90908480 20.26181030
v -3.34373903 5.65333986 20.63413048
v -3.34373903 5.65333986 20.63413048
v -3.13480902 5.90908480 20.26181030
v -3.46806598 5.82333803 20.56664085
v -3.34373903 5.65333986 20.63413048
v -3.46806598 5.82333803 20.56664085
v -3.61409307 5.57118607 20.97275925
v -3.61409307 5.57118607 20.97275925
v -3.46806598 5.82333803 20.56664085
v -3.75079894 5.74379683 20.91848946
v -3.61409307 5.57118607 20.97275925
v -3.75079894 5.74379683 20.91848946
v -3.67499304 5.55176783 21.06615067
v -3.81440210 5.72503901 21.01538086
v -3.67499304 5.55176783 21.06615067
v -3.81440210 5.72503901 21.01538086
v -3.87544703 5.48547506 21.44850922
v -3.87544703 5.48547506 21.44850922
v -3.81440210 5.72503901 21.01538086
v -4.02348804 5.66111612 21.41142082
v -3.87544703 5.48547506 21.44850922
v -4.02348804 5.66111612 21.41142082
v -4.01664209 5.43657589 21.85730934
v -4.01664209 5.43657589 21.85730934
v -4.02348804 5.66111612 21.41142082
v -4.17048883 5.61409616 21.83392906
v -4.17048883 5.61409616 21.83392906
v -4.19927406 5.60468721 21.95202065
v -4.17048883 5.61409616 21.83392906
v -4.25784492 5.83401203 21.95750046
v -3.53319812 6.03468513 20.56513977
v -3.46806598 5.82333803 20.56664085
v -3.20828700 6.11227798 20.26122093
v -3.20828700 6.11227798 20.26122093
v -3.46806598 5.82333803 20.56664085
v -3.13480902 5.90908480 20.26181030
v -3.20828700 6.11227798 20.26122093
v -3.13480902 5.90908480 20.26181030
v -3.19784403 6.11464787 20.25285912
v -3.19784403 6.11464787 20.25285912
v -3.13480902 5.90908480 20.26181030
v -3.06814194 5.92520714 20.21113014
v -3.19784403 6.11464787 20.25285912
v -3.06814194 5.92520714 20.21113014
v -3.13047099 6.12975407 20.20066071
v -3.13047099 6.12975407 20.20066071
v -3.06814194 5.92520714 20.21113014
v -2.68698812 6.01083088 19.97248077
v -3.13047099 6.12975407 20.20066071
v -2.68698812 6.01083088 19.97248077
v -2.74377489 6.21035385 19.95368004
v -2.74377489 6.21035385 19.95368004
v -2.68698812 6.01083088 19.97248077
v -2.27418804 6.09111214 19.79476929
v -2.74377489 6.21035385 19.95368004
v -2.27418804 6.09111214 19.79476929
v -2.32263803 6.28650188 19.76810074
v -2.32263803 6.28650188 19.76810074
v -2.27418804 6.09111214 19.79476929
v -2.17705798 6.10813713 19.76337051
v -2.32263803 6.28650188 19.76810074
v -2.17705798 6.10813713 19.76337051
v -2.22327089 6.30272913 19.73508072
v -2.22327089 6.30272913 19.73508072
v -2.17705798 6.10813713 19.76337051
v -1.74599898 6.17520523 19.66691017
v -2.22327089 6.30272913 19.73508072
v -1.74599898 6.17520523 19.66691017
v -1.78134096 6.36696100 19.63268089
v -1.78134096 6.36696100 19.63268089
v -1.74599898 6.17520523 19.66691017
v -1.30394900 6.22971582 19.63614082
v -1.78134096 6.36696100 19.63268089
v -1.30394900 6.22971582 19.63614082
v -1.32703304 6.41966105 19.59807968
v -4.25784492 5.83401203 21.95750046
v -4.25784492 6.34810019 21.95750046
v -4.42113876 5.77297878 22.70461082
v -4.42098808 6.21874905 22.70392036
v -4.58344507 5.70936680 23.44721031
v -4.58344507 6.07168388 23.44721031
v 0.00000000 6.50000000 19.59807968
v -1.32703304 6.41966105 19.59807968
v -1.30394900 6.22971582 19.63614082
v 0.00000000 6.50000000 19.59807968
v -1.30394900 6.22971582 19.63614082
v 0.00000000 6.25000000 19.66506004
v 0.00000000 6.25000000 19.66506004
v 0.00000000 6.06698704 19.84807968
v 1.27479506 5.98980999 19.84807968
v 1.27479506 5.98980999 19.84807968
v 1.28437996 6.06868887 19.74452019
v 0.00000000 6.25000000 19.66506004
v 0.00000000 6.25000000 19.66506004
v 1.28437996 6.06868887 19.74452019
v 1.29687297 6.17148590 19.66506004
v 0.00000000 6.25000000 19.66506004
v 1.29687297 6.17148590 19.66506004
v 0.00000000 6.50000000 19.59807968
v 0.00000000 6.50000000 19.59807968
v 1.29687297 6.17148590 19.66506004
v 1.30394900 6.22971582 19.63614082
v 0.00000000 6.50000000 19.59807968
v 1.30394900 6.22971582 19.63614082
v 1.32703304 6.41966105 19.59807968
v -1.27479506 5.98980999 19.84807968
v 0.00000000 6.06698704 19.84807968
v -1.28437996 6.06868887 19.74452019
v -1.28437996 6.06868887 19.74452019
v 0.00000000 6.06698704 19.84807968
v 0.00000000 6.25000000 19.66506004
v -1.28437996 6.06868887 19.74452019
v 0.00000000 6.25000000 19.66506004
v -1.29687297 6.17148590 19.66506004
v -1.29687297 6.17148590 19.66506004
v 0.00000000 6.25000000 19.66506004
v -1.30394900 6.22971582 19.63614082
v -1.27130497 5.96109390 19.90674019
v -1.26671302 5.92331219 20.09807968
v -0.92024708 5.95959616 20.09807968
v 1.26671302 5.92331219 20.09807968
v 1.27130497 5.96109390 19.90674019
v 0.92024708 5.95959616 20.09807968
v 0.92024708 5.95959616 20.09807968
v 1.27130497 5.96109390 19.90674019
v 1.27479506 5.98980999 19.84807968
v 0.92024708 5.95959616 20.09807968
v 1.27479506 5.98980999 19.84807968
v 0.00000000 6.00000000 20.09807968
v 0.00000000 6.00000000 20.09807968
v 1.27479506 5.98980999 19.84807968
v 0.00000000 6.06698704 19.84807968
v 0.00000000 6.00000000 20.09807968
v 0.00000000 6.06698704 19.84807968
v -0.92024708 5.95959616 20.09807968
v -0.92024708 5.95959616 20.09807968
v 0.00000000 6.06698704 19.84807968
v -1.27479506 5.98980999 19.84807968
v -0.92024708 5.95959616 20.09807968
v -1.27479506 5.98980999 19.84807968
v -1.27130497 5.96109390 19.90674019
v 1.27479506 5.98980999 19.84807968
v 1.27130497 5.96109390 19.90674019
v 1.66285896 5.90722418 19.93503952
v 1.29687297 6.17148590 19.66506004
v 1.28437996 6.06868887 19.74452019
v 1.70432794 6.01351023 19.77326012
v 4.19927406 5.60468721 21.95202065
v 4.25784492 5.83401203 21.95750046
v 4.22969294 5.84253883 21.84008026
v 4.04431820 5.42677689 21.97170067
v 4.19927406 5.60468721 21.95202065
v 4.17048883 5.61409616 21.83392906
v 4.19927406 5.60468721 21.95202065
v 4.22969294 5.84253883 21.84008026
v 4.17048883 5.61409616 21.83392906
v 4.17048883 5.61409616 21.83392906
v 4.22969294 5.84253883 21.84008026
v 4.08537102 5.88531113 21.41843033
v 4.17048883 5.61409616 21.83392906
v 4.08537102 5.88531113 21.41843033
v 4.02348804 5.66111612 21.41142082
v 4.02348804 5.66111612 21.41142082
v 4.08537102 5.88531113 21.41843033
v 3.87817788 5.94398785 21.01958084
v 4.02348804 5.66111612 21.41142082
v 3.87817788 5.94398785 21.01958084
v 3.81440210 5.72503901 21.01538086
v 3.81440210 5.72503901 21.01538086
v 3.87817788 5.94398785 21.01958084
v 3.75079894 5.74379683 20.91848946
v 3.87817788 5.94398785 21.01958084
v 3.81549501 5.96111298 20.92250061
v 3.75079894 5.74379683 20.91848946
v 3.75079894 5.74379683 20.91848946
v 3.81549501 5.96111298 20.92250061
v 3.53319812 6.03468513 20.56513977
v 3.75079894 5.74379683 20.91848946
v 3.53319812 6.03468513 20.56513977
v 3.46806598 5.82333803 20.56664085
v 3.46806598 5.82333803 20.56664085
v 3.53319812 6.03468513 20.56513977
v 3.20828700 6.11227798 20.26122093
v 3.46806598 5.82333803 20.56664085
v 3.20828700 6.11227798 20.26122093
v 3.13480902 5.90908480 20.26181030
v 3.20828700 6.11227798 20.26122093
v 3.19784403 6.11464787 20.25285912
v 3.13480902 5.90908480 20.26181030
v 3.13480902 5.90908480 20.26181030
v 3.19784403 6.11464787 20.25285912
v 3.13047099 6.12975407 20.20066071
v 3.13480902 5.90908480 20.26181030
v 3.13047099 6.12975407 20.20066071
v 3.06814194 5.92520714 20.21113014
v 3.06814194 5.92520714 20.21113014
v 3.13047099 6.12975407 20.20066071
v 2.74377489 6.21035385 19.95368004
v 3.06814194 5.92520714 20.21113014
v 2.74377489 6.21035385 19.95368004
v 2.68698812 6.01083088 19.97248077
v 2.68698812 6.01083088 19.97248077
v 2.74377489 6.21035385 19.95368004
v 2.32263803 6.28650188 19.76810074
v 2.68698812 6.01083088 19.97248077
v 2.32263803 6.28650188 19.76810074
v 2.27418804 6.09111214 19.79476929
v 2.27418804 6.09111214 19.79476929
v 2.32263803 6.28650188 19.76810074
v 2.22327089 6.30272913 19.73508072
v 2.27418804 6.09111214 19.79476929
v 2.22327089 6.30272913 19.73508072
v 2.17705798 6.10813713 19.76337051
v 2.17705798 6.10813713 19.76337051
v 2.22327089 6.30272913 19.73508072
v 1.78134096 6.36696100 19.63268089
v 2.17705798 6.10813713 19.76337051
v 1.78134096 6.36696100 19.63268089
v 1.74599898 6.17520523 19.66691017
v 1.74599898 6.17520523 19.66691017
v 1.78134096 6.36696100 19.63268089
v 1.32703304 6.41966105 19.59807968
v 1.74599898 6.17520523 19.66691017
v 1.32703304 6.41966105 19.59807968
v 1.30394900 6.22971582 19.63614082
v 1.30394900 6.22971582 19.63614082
v 1.29687297 6.17148590 19.66506004
v 1.74599898 6.17520523 19.66691017
v 1.74599898 6.17520523 19.66691017
v 1.29687297 6.17148590 19.66506004
v 1.70432794 6.01351023 19.77326012
v 1.74599898 6.17520523 19.66691017
v 1.70432794 6.01351023 19.77326012
v 2.17705798 6.10813713 19.76337051
v 2.17705798 6.10813713 19.76337051
v 1.70432794 6.01351023 19.77326012
v 2.11400890 5.94530392 19.86491013
v 2.17705798 6.10813713 19.76337051
v 2.11400890 5.94530392 19.86491013
v 2.27418804 6.09111214 19.79476929
v 2.27418804 6.09111214 19.79476929
v 2.11400890 5.94530392 19.86491013
v 2.20636010 5.92794991 19.89484024
v 2.27418804 6.09111214 19.79476929
v 2.20636010 5.92794991 19.89484024
v 2.68698812 6.01083088 19.97248077
v 2.68698812 6.01083088 19.97248077
v 2.20636010 5.92794991 19.89484024
v 2.59907794 5.84593487 20.06450081
v 2.68698812 6.01083088 19.97248077
v 2.59907794 5.84593487 20.06450081
v 3.06814194 5.92520714 20.21113014
v 3.06814194 5.92520714 20.21113014
v 2.59907794 5.84593487 20.06450081
v 2.96213388 5.75816107 20.29293060
v 3.06814194 5.92520714 20.21113014
v 2.96213388 5.75816107 20.29293060
v 3.13480902 5.90908480 20.26181030
v 3.13480902 5.90908480 20.26181030
v 2.96213388 5.75816107 20.29293060
v 3.02569294 5.74160004 20.34151077
v 3.13480902 5.90908480 20.26181030
v 3.02569294 5.74160004 20.34151077
v 3.46806598 5.82333803 20.56664085
v 3.46806598 5.82333803 20.56664085
v 3.02569294 5.74160004 20.34151077
v 3.34373903 5.65333986 20.63413048
v 3.46806598 5.82333803 20.56664085
v 3.34373903 5.65333986 20.63413048
v 3.75079894 5.74379683 20.91848946
v 3.75079894 5.74379683 20.91848946
v 3.34373903 5.65333986 20.63413048
v 3.61409307 5.57118607 20.97275925
v 3.75079894 5.74379683 20.91848946
v 3.61409307 5.57118607 20.97275925
v 3.81440210 5.72503901 21.01538086
v 3.81440210 5.72503901 21.01538086
v 3.61409307 5.57118607 20.97275925
v 3.67499304 5.55176783 21.06615067
v 3.81440210 5.72503901 21.01538086
v 3.67499304 5.55176783 21.06615067
v 4.02348804 5.66111612 21.41142082
v 4.02348804 5.66111612 21.41142082
v 3.67499304 5.55176783 21.06615067
v 3.87544703 5.48547506 21.44850922
v 4.02348804 5.66111612 21.41142082
v 3.87544703 5.48547506 21.44850922
v 4.17048883 5.61409616 21.83392906
v 4.17048883 5.61409616 21.83392906
v 3.87544703 5.48547506 21.44850922
v 4.01664209 5.43657589 21.85730934
v 4.01664209 5.43657589 21.85730934
v 4.04431820 5.42677689 21.97170067
v 4.01664209 5.43657589 21.85730934
v 3.82771993 5.34016991 22.01214027
v 1.28437996 6.06868887 19.74452019
v 1.27479506 5.98980999 19.84807968
v 1.70432794 6.01351023 19.77326012
v 1.70432794 6.01351023 19.77326012
v 1.27479506 5.98980999 19.84807968
v 1.66285896 5.90722418 19.93503952
v 1.70432794 6.01351023 19.77326012
v 1.66285896 5.90722418 19.93503952
v 2.11400890 5.94530392 19.86491013
v 2.11400890 5.94530392 19.86491013
v 1.66285896 5.90722418 19.93503952
v 2.04441404 5.84080601 20.02314949
v 2.11400890 5.94530392 19.86491013
v 2.04441404 5.84080601 20.02314949
v 2.20636010 5.92794991 19.89484024
v 2.13034201 5.82392883 20.05179977
v 2.20636010 5.92794991 19.89484024
v 2.13034201 5.82392883 20.05179977
v 2.59907794 5.84593487 20.06450081
v 2.59907794 5.84593487 20.06450081
v 2.13034201 5.82392883 20.05179977
v 2.49530101 5.74428511 20.21377945
v 2.59907794 5.84593487 20.06450081
v 2.49530101 5.74428511 20.21377945
v 2.96213388 5.75816107 20.29293060
v 2.96213388 5.75816107 20.29293060
v 2.49530101 5.74428511 20.21377945
v 2.83188200 5.65924120 20.43107033
v 2.96213388 5.75816107 20.29293060
v 2.83188200 5.65924120 20.43107033
v 3.02569294 5.74160004 20.34151077
v 2.89070797 5.64321899 20.47719002
v 3.02569294 5.74160004 20.34151077
v 2.89070797 5.64321899 20.47719002
v 3.34373903 5.65333986 20.63413048
v 3.18454003 5.55795193 20.75441933
v 3.34373903 5.65333986 20.63413048
v 3.18454003 5.55795193 20.75441933
v 3.61409307 5.57118607 20.97275925
v 3.43350101 5.47878695 21.07414055
v 3.61409307 5.57118607 20.97275925
v 3.43350101 5.47878695 21.07414055
v 3.67499304 5.55176783 21.06615067
v 3.48946190 5.46010685 21.16212082
v 3.67499304 5.55176783 21.06615067
v 3.48946190 5.46010685 21.16212082
v 3.87544703 5.48547506 21.44850922
v 3.67330694 5.39642382 21.52165985
v 3.87544703 5.48547506 21.44850922
v 3.67330694 5.39642382 21.52165985
v 4.01664209 5.43657589 21.85730934
v 3.80244493 5.34955215 21.90501976
v 3.80244493 5.34955215 21.90501976
v 3.80244493 5.34955215 21.90501976
v 3.57564712 5.37242413 21.96640968
v 3.57564712 5.37242413 21.96640968
v 3.80244493 5.34955215 21.90501976
v 3.67330694 5.39642382 21.52165985
v 3.57564712 5.37242413 21.96640968
v 3.67330694 5.39642382 21.52165985
v 3.46084595 5.41325092 21.61503983
v 3.46084595 5.41325092 21.61503983
v 3.67330694 5.39642382 21.52165985
v 3.48946190 5.46010685 21.16212082
v 3.46084595 5.41325092 21.61503983
v 3.48946190 5.46010685 21.16212082
v 3.29642510 5.46913099 21.28333092
v 3.29642510 5.46913099 21.28333092
v 3.48946190 5.46010685 21.16212082
v 3.43350101 5.47878695 21.07414055
v 3.29642510 5.46913099 21.28333092
v 3.43350101 5.47878695 21.07414055
v 3.24617195 5.48560810 21.20175934
v 3.24617195 5.48560810 21.20175934
v 3.43350101 5.47878695 21.07414055
v 3.18454003 5.55795193 20.75441933
v 3.24617195 5.48560810 21.20175934
v 3.18454003 5.55795193 20.75441933
v 3.02161694 5.55583620 20.90395927
v 3.02161694 5.55583620 20.90395927
v 3.18454003 5.55795193 20.75441933
v 2.89070797 5.64321899 20.47719002
v 3.02161694 5.55583620 20.90395927
v 2.89070797 5.64321899 20.47719002
v 2.75485897 5.63216400 20.64373016
v 2.75485897 5.63216400 20.64373016
v 2.89070797 5.64321899 20.47719002
v 2.83188200 5.65924120 20.43107033
v 2.70126700 5.64658403 20.60022926
v 2.70126700 5.64658403 20.60022926
v 2.83188200 5.65924120 20.43107033
v 2.49530101 5.74428511 20.21377945
v 2.70126700 5.64658403 20.60022926
v 2.49530101 5.74428511 20.21377945
v 2.39366698 5.72351980 20.39440918
v 2.39366698 5.72351980 20.39440918
v 2.49530101 5.74428511 20.21377945
v 2.13034201 5.82392883 20.05179977
v 2.39366698 5.72351980 20.39440918
v 2.13034201 5.82392883 20.05179977
v 2.05867100 5.79620600 20.23975945
v 2.05867100 5.79620600 20.23975945
v 2.04441404 5.84080601 20.02314949
v 2.04441404 5.84080601 20.02314949
v 1.97962999 5.81169605 20.21224022
v 1.66285896 5.90722418 19.93503952
v 1.97962999 5.81169605 20.21224022
v 1.66285896 5.90722418 19.93503952
v 1.62809503 5.87300920 20.12690926
v 1.27130497 5.96109390 19.90674019
v 1.26671302 5.92331219 20.09807968
v 4.58344507 5.70936680 23.44721031
v 4.58344507 6.07168388 23.44721031
v 4.42113876 5.77297878 22.70461082
v 4.42098808 6.21874905 22.70392036
v 4.25784492 5.83401203 21.95750046
v 4.25784492 6.34810019 21.95750046
v 5.55507517 4.61921501 28.00914001
v 5.40528011 4.58205080 28.37352943
v 5.16792011 4.87759781 28.34786987
v 5.28895378 4.65218592 28.47966003
v 5.28895378 4.65218592 28.47966003
v 5.16792011 4.87759781 28.34786987
v 5.16798401 4.73401117 28.56428909
v 5.28895378 4.65218592 28.47966003
v 5.16798401 4.73401117 28.56428909
v 5.16798878 4.72292995 28.57992935
v 5.16762304 5.35040712 27.32632065
v 5.16777182 5.14505720 27.85310936
v 5.61810684 4.77532291 27.53661919
v 5.61810684 4.77532291 27.53661919
v 5.16777182 5.14505720 27.85310936
v 5.16792011 4.87759781 28.34786987
v 5.61810684 4.77532291 27.53661919
v 5.16792011 4.87759781 28.34786987
v 5.55507517 4.61921501 28.00914001
v 5.55507517 4.61921501 28.00914001
v 5.16792011 4.87759781 28.34786987
v 5.40528011 4.58205080 28.37352943
v 5.55507517 4.61921501 28.00914001
v 5.40528011 4.58205080 28.37352943
v 5.58987713 4.46305799 28.18680954
v 5.14817715 5.55177402 26.48525047
v 5.16614914 5.41810703 27.09852982
v 5.49713898 5.19791985 26.53134918
v 5.49713898 5.19791985 26.53134918
v 5.16614914 5.41810703 27.09852982
v 5.68300819 4.86923599 27.04824066
v 5.49713898 5.19791985 26.53134918
v 5.68300819 4.86923599 27.04824066
v 5.74706316 4.89975977 26.56435966
v 5.74706316 4.89975977 26.56435966
v 5.68300819 4.86923599 27.04824066
v 5.90592813 4.68545103 26.58535004
v 5.90592813 4.68545103 26.58535004
v 5.68300819 4.86923599 27.04824066
v 6.18965101 4.16025400 26.90612030
v 5.90592813 4.68545103 26.58535004
v 6.18965101 4.16025400 26.90612030
v 6.23329782 4.16025400 26.62859917
v 5.16614914 5.41810703 27.09852982
v 5.16762304 5.35040712 27.32632065
v 5.68300819 4.86923599 27.04824066
v 5.68300819 4.86923599 27.04824066
v 5.16762304 5.35040712 27.32632065
v 5.61810684 4.77532291 27.53661919
v 5.68300819 4.86923599 27.04824066
v 5.61810684 4.77532291 27.53661919
v 6.18965101 4.16025400 26.90612030
v 6.18965101 4.16025400 26.90612030
v 5.61810684 4.77532291 27.53661919
v 6.04263496 4.16025400 27.51795959
v 5.76028919 4.34097290 27.99444008
v 5.77843618 4.32630301 27.97406960
v 5.55507517 4.61921501 28.00914001
v 5.55507517 4.61921501 28.00914001
v 5.77843618 4.32630301 27.97406960
v 5.84761381 4.26638412 27.89797020
v 5.84761381 4.26638412 27.89797020
v 5.61810684 4.77532291 27.53661919
v 5.61810684 4.77532291 27.53661919
v 5.84761381 4.26638412 27.89797020
v 5.89465618 4.22040892 27.85016060
v 6.04263496 4.16025400 27.51795959
v 6.04263496 4.16025400 27.51795959
v 5.89465618 4.22040892 27.85016060
v 5.94347000 4.16410494 27.81063080
v 6.04263496 4.16025400 27.51795959
v 5.94347000 4.16410494 27.81063080
v 5.94638777 4.16025400 27.80892944
v 4.96927023 5.52255487 26.24802971
v 4.98193789 5.48904419 26.48267937
v 4.99573421 5.52869797 26.48847008
v 4.96927023 5.52255487 26.24802971
v 4.99573421 5.52869797 26.48847008
v 4.95388603 5.55741215 26.01404953
v 4.84628677 5.75840187 24.95249939
v 4.95388603 5.55741215 26.01404953
v 4.85687399 5.80033302 24.95944977
v 4.85687399 5.80033302 24.95944977
v 4.95388603 5.55741215 26.01404953
v 4.99573421 5.52869797 26.48847008
v 4.85687399 5.80033302 24.95944977
v 4.99573421 5.52869797 26.48847008
v 4.88445282 5.83421898 24.96257019
v 4.88445282 5.83421898 24.96257019
v 4.99573421 5.52869797 26.48847008
v 5.02596378 5.55999708 26.49216080
v 4.88445282 5.83421898 24.96257019
v 5.02596378 5.55999708 26.49216080
v 4.92373180 5.85355902 24.96125984
v 4.92373180 5.85355902 24.96125984
v 5.02596378 5.55999708 26.49216080
v 5.06671810 5.57567787 26.49283028
v 4.92373180 5.85355902 24.96125984
v 5.06671810 5.57567787 26.49283028
v 4.96717501 5.85464191 24.95577049
v 4.96717501 5.85464191 24.95577049
v 5.06671810 5.57567787 26.49283028
v 5.11021996 5.57274914 26.49037933
v 4.96717501 5.85464191 24.95577049
v 5.11021996 5.57274914 26.49037933
v 5.00644684 5.83726120 24.94714928
v 5.00644684 5.83726120 24.94714928
v 5.11021996 5.57274914 26.49037933
v 5.14817715 5.55177402 26.48525047
v 4.58344507 6.07168388 23.44721031
v 4.84628677 5.75840187 24.95249939
v 4.59367323 6.11157703 23.45339012
v 4.59367323 6.11157703 23.45339012
v 4.84628677 5.75840187 24.95249939
v 4.85687399 5.80033302 24.95944977
v 4.59367323 6.11157703 23.45339012
v 4.85687399 5.80033302 24.95944977
v 4.61907005 6.14455223 23.45479965
v 4.61907005 6.14455223 23.45479965
v 4.85687399 5.80033302 24.95944977
v 4.88445282 5.83421898 24.96257019
v 4.61907005 6.14455223 23.45479965
v 4.88445282 5.83421898 24.96257019
v 4.65523195 6.16488886 23.45117950
v 4.65523195 6.16488886 23.45117950
v 4.88445282 5.83421898 24.96257019
v 4.92373180 5.85355902 24.96125984
v 4.65523195 6.16488886 23.45117950
v 4.92373180 5.85355902 24.96125984
v 4.69588709 6.16906118 23.44318008
v 4.69588709 6.16906118 23.44318008
v 4.92373180 5.85355902 24.96125984
v 4.96717501 5.85464191 24.95577049
v 4.69588709 6.16906118 23.44318008
v 4.96717501 5.85464191 24.95577049
v 4.73398399 6.15634489 23.43217087
v 4.73398399 6.15634489 23.43217087
v 4.96717501 5.85464191 24.95577049
v 5.00644684 5.83726120 24.94714928
v 4.52911711 6.31692410 22.69846916
v 4.65523195 6.16488886 23.45117950
v 4.52911711 6.31692410 22.69846916
v 4.48953104 6.31146383 22.70611000
v 4.65523195 6.16488886 23.45117950
v 4.48953104 6.31146383 22.70611000
v 4.61907005 6.14455223 23.45479965
v 4.42098808 6.21874905 22.70392036
v 4.58344507 6.07168388 23.44721031
v 4.43058681 6.25794697 22.70907974
v 4.59367323 6.11157703 23.45339012
v 4.43058681 6.25794697 22.70907974
v 4.59367323 6.11157703 23.45339012
v 4.45476913 6.29065704 22.70985031
v 4.39930010 6.43787909 21.94111061
v 4.52911711 6.31692410 22.69846916
v 4.56697607 6.30613279 22.68819046
v 4.56697607 6.30613279 22.68819046
v 4.52911711 6.31692410 22.69846916
v 4.69588709 6.16906118 23.44318008
v 4.56697607 6.30613279 22.68819046
v 4.69588709 6.16906118 23.44318008
v 4.73398399 6.15634489 23.43217087
v 4.32329416 6.44017792 21.95808983
v 4.48953104 6.31146383 22.70611000
v 4.35201597 6.44663000 21.95285988
v 4.35201597 6.44663000 21.95285988
v 4.48953104 6.31146383 22.70611000
v 4.52911711 6.31692410 22.69846916
v 4.35201597 6.44663000 21.95285988
v 4.52911711 6.31692410 22.69846916
v 4.36179018 6.44682884 21.95075989
v 4.36179018 6.44682884 21.95075989
v 4.52911711 6.31692410 22.69846916
v 4.39930010 6.43787909 21.94111061
v 4.32329416 6.44017792 21.95808983
v 4.30559587 6.43123722 21.96051979
v 4.48953104 6.31146383 22.70611000
v 4.48953104 6.31146383 22.70611000
v 4.30559587 6.43123722 21.96051979
v 4.45476913 6.29065704 22.70985031
v 4.48953104 6.31146383 22.70611000
v 4.45476913 6.29065704 22.70985031
v 4.61907005 6.14455223 23.45479965
v 4.61907005 6.14455223 23.45479965
v 4.45476913 6.29065704 22.70985031
v 4.59367323 6.11157703 23.45339012
v 4.25784492 6.34810019 21.95750046
v 4.42098808 6.21874905 22.70392036
v 4.26686192 6.38657904 21.96175003
v 4.43058681 6.25794697 22.70907974
v 4.26686192 6.38657904 21.96175003
v 4.43058681 6.25794697 22.70907974
v 4.27141380 6.39547300 21.96220016
v 4.27141380 6.39547300 21.96220016
v 4.43058681 6.25794697 22.70907974
v 4.45476913 6.29065704 22.70985031
v 4.27141380 6.39547300 21.96220016
v 4.45476913 6.29065704 22.70985031
v 4.28989077 6.41897917 21.96196938
v 4.28989077 6.41897917 21.96196938
v 4.45476913 6.29065704 22.70985031
v 4.30559587 6.43123722 21.96051979
v 8.06915092 4.16025400 5.86615181
v 8.12181187 4.06025410 5.89532709
v 7.96532393 4.06025410 6.11807585
v 7.12840319 4.82903290 6.52828884
v 7.89469624 4.16025400 6.11807585
v 7.12840319 4.29155779 7.04038906
v 7.12840319 4.29155779 7.04038906
v 7.89469624 4.16025400 6.11807585
v 7.12840319 4.16025400 7.14925814
v 7.96532393 4.06025410 6.11807585
v 7.89469624 4.16025400 6.11807585
v 8.06915092 4.16025400 5.86615181
v 8.06915092 4.16025400 5.86615181
v 7.89469624 4.16025400 6.11807585
v 7.12840319 4.82903290 6.52828884
v 8.06915092 4.16025400 5.86615181
v 7.12840319 4.82903290 6.52828884
v 7.97783709 4.32223082 5.82349014
v 7.12840319 4.93693209 6.41045618
v 7.97783709 4.32223082 5.82349014
v 7.12840319 4.93693209 6.41045618
v 7.72570181 4.71057701 5.75307608
v 7.12840319 5.40607595 5.82125902
v 7.40683317 5.11272287 5.75213194
v 7.12840319 4.93693209 6.41045618
v 7.66719198 4.79078197 5.74591398
v 7.12840319 4.93693209 6.41045618
v 7.66719198 4.79078197 5.74591398
v 7.72570181 4.71057701 5.75307608
v 7.96532393 4.06025410 6.11807585
v 8.12181187 4.06025410 5.89532709
v 7.98829603 4.06025410 6.11807585
v 7.98829603 4.06025410 8.53186607
v 8.16345978 3.65959096 6.11792898
v 7.98829603 4.06025410 6.11807585
v 7.98829603 4.06025410 8.53186607
v 8.16345978 3.65959096 6.11792898
v 7.98829603 4.06025410 8.53186607
v 8.35075760 3.09114194 6.34323978
v 7.93843508 4.16025400 8.45782757
v 7.93843508 4.16025400 9.51807690
v 7.98829603 4.06025410 8.53186607
v 7.98829603 4.06025410 8.53186607
v 7.93843508 4.16025400 9.51807690
v 8.34594440 3.10913610 9.51807690
v 7.98829603 4.06025410 8.53186607
v 8.34594440 3.10913610 9.51807690
v 8.35075760 3.09114194 6.34323978
v 8.35075760 3.09114194 6.34323978
v 8.34594440 3.10913610 9.51807690
v 8.47902870 2.47902298 9.51807690
v 8.47846603 2.48219705 6.55586576
v 8.47846603 2.48219705 6.55586576
v 8.47902870 2.47902298 9.51807690
v 8.53043365 1.99197996 9.51807690
v 8.47846603 2.48219705 6.55586576
v 8.53043365 1.99197996 9.51807690
v 8.53752041 1.83749700 6.77589512
v 8.53752041 1.83749700 6.77589512
v 8.53043365 1.99197996 9.51807690
v 8.54053783 1.66025400 9.51807690
v 8.53752041 1.83749700 6.77589512
v 8.54053783 1.66025400 9.51807690
v 8.54053497 1.66025603 6.83763981
v 6.72009516 4.06025410 7.65456486
v 6.73203802 4.06025410 7.64428377
v 6.40365124 4.06025410 7.94504690
v 4.75187111 4.06025410 8.51152897
v 4.75187111 4.06025410 8.30397511
v 4.79766703 4.06025410 8.51152897
v 5.00712109 4.06025410 8.30397511
v 4.93018484 4.06025410 8.50802708
v 5.04420805 4.06025410 8.30370331
v 5.34596682 4.06025410 8.45096493
v 5.46534300 4.06025410 8.26206493
v 5.45054913 4.06025410 8.42529202
v 5.84897089 4.06025410 8.28250122
v 5.88442516 4.06025410 8.14741802
v 6.22366810 4.06025410 8.07491112
v 6.15612698 4.06025410 8.03009892
v 6.27993393 4.06025410 7.96412516
v 6.64412498 4.06025410 7.71739292
v 7.12840319 4.82903290 6.52828884
v 7.12840319 4.29155779 7.04038906
v 6.67379808 4.53336000 7.32449198
v 7.12840319 5.40607595 5.82125902
v 7.12840319 4.93693209 6.41045618
v 7.02332878 5.50605202 5.85313416
v 7.02332878 5.50605202 5.85313416
v 7.12840319 4.93693209 6.41045618
v 6.67379808 5.21509790 6.65906620
v 7.02332878 5.50605202 5.85313416
v 6.67379808 5.21509790 6.65906620
v 6.72162580 5.76797724 5.89642715
v 6.67379808 5.80008793 5.90717411
v 6.15514612 6.02997017 6.06210709
v 6.59226608 5.86980200 5.89755201
v 6.59226608 5.86980200 5.89755201
v 6.15514612 6.02997017 6.06210709
v 6.23853683 6.11965799 5.85864305
v 6.23853683 6.11965799 5.85864305
v 6.15514612 6.02997017 6.06210709
v 5.86727715 6.34155416 5.76121616
v 5.86727715 6.34155416 5.76121616
v 6.15514612 6.02997017 6.06210709
v 5.59237814 6.17152882 6.15751505
v 5.86727715 6.34155416 5.76121616
v 5.59237814 6.17152882 6.15751505
v 5.77801991 6.38928986 5.72983694
v 5.00712109 6.28283787 6.09392118
v 5.00712109 6.72049999 5.32747221
v 5.38880396 6.57400417 5.55720282
v 6.15514612 4.71303606 7.53560019
v 5.88442516 4.06025410 8.14741802
v 5.59237814 4.82367897 7.66559887
v 5.59237814 4.82367897 7.66559887
v 5.88442516 4.06025410 8.14741802
v 5.46534300 4.06025410 8.26206493
v 5.59237814 4.82367897 7.66559887
v 5.46534300 4.06025410 8.26206493
v 5.04420805 4.06025410 8.30370331
v 7.12840319 4.29155779 7.04038906
v 7.12840319 4.16025400 7.14925814
v 6.67379808 4.53336000 7.32449198
v 6.67379808 4.53336000 7.32449198
v 7.12840319 4.16025400 7.14925814
v 7.02944613 4.16025400 7.27022600
v 6.67379808 4.53336000 7.32449198
v 7.02944613 4.16025400 7.27022600
v 6.70564795 4.16025400 7.59387589
v 6.73203802 4.06025410 7.64428377
v 6.72009516 4.06025410 7.65456486
v 6.70564795 4.16025400 7.59387589
v 6.70564795 4.16025400 7.59387589
v 6.72009516 4.06025410 7.65456486
v 6.64412498 4.06025410 7.71739292
v 6.70564795 4.16025400 7.59387589
v 6.64412498 4.06025410 7.71739292
v 6.67379808 4.53336000 7.32449198
v 6.67379808 4.53336000 7.32449198
v 6.64412498 4.06025410 7.71739292
v 6.27993393 4.06025410 7.96412516
v 6.15514612 4.71303606 7.53560019
v 6.15514612 4.71303606 7.53560019
v 6.27993393 4.06025410 7.96412516
v 6.15612698 4.06025410 8.03009892
v 6.15514612 4.71303606 7.53560019
v 6.15612698 4.06025410 8.03009892
v 5.88442516 4.06025410 8.14741802
v 5.38880396 6.57400417 5.55720282
v 5.77801991 6.38928986 5.72983694
v 5.00712109 6.28283787 6.09392118
v 5.00712109 6.28283787 6.09392118
v 5.77801991 6.38928986 5.72983694
v 5.59237814 6.17152882 6.15751505
v 5.00712109 6.28283787 6.09392118
v 5.59237814 6.17152882 6.15751505
v 5.00712109 6.21932793 6.18973017
v 5.00712109 6.21932793 6.18973017
v 5.59237814 6.17152882 6.15751505
v 5.00712109 5.59205294 6.99596977
v 5.00712109 4.86104012 7.70949411
v 5.00712109 5.28828716 7.31634903
v 5.59237814 5.54907513 6.95755911
v 5.00712109 5.28828716 7.31634903
v 5.00712109 5.59205294 6.99596977
v 5.59237814 5.54907513 6.95755911
v 5.59237814 5.54907513 6.95755911
v 5.59237814 5.54907513 6.95755911
v 5.59237814 6.17152882 6.15751505
v 6.15514612 5.42179298 6.84380007
v 6.15514612 6.02997017 6.06210709
v 6.15514612 5.42179298 6.84380007
v 6.15514612 6.02997017 6.06210709
v 6.67379808 5.21509790 6.65906620
v 6.67379808 5.80008793 5.90717411
v 6.67379808 5.21509790 6.65906620
v 6.67379808 5.80008793 5.90717411
v 6.72162580 5.76797724 5.89642715
v 6.72162580 5.76797724 5.89642715
v 6.67379808 5.80008793 5.90717411
v 6.59226608 5.86980200 5.89755201
v 7.12840319 4.93693209 6.41045618
v 7.12840319 4.82903290 6.52828884
v 6.67379808 5.21509790 6.65906620
v 6.67379808 5.21509790 6.65906620
v 7.12840319 4.82903290 6.52828884
v 6.67379808 4.53336000 7.32449198
v 6.67379808 5.21509790 6.65906620
v 6.67379808 4.53336000 7.32449198
v 6.15514612 5.42179298 6.84380007
v 6.15514612 4.71303606 7.53560019
v 6.15514612 5.42179298 6.84380007
v 6.15514612 4.71303606 7.53560019
v 5.59237814 5.54907513 6.95755911
v 5.59237814 4.82367897 7.66559887
v 5.59237814 5.54907513 6.95755911
v 5.59237814 4.82367897 7.66559887
v 5.00712109 4.86104012 7.70949411
v 5.00712109 4.86104012 7.70949411
v 5.59237814 4.82367897 7.66559887
v 5.04420805 4.06025410 8.30370331
v 5.00712109 4.86104012 7.70949411
v 5.04420805 4.06025410 8.30370331
v 5.00712109 4.06025410 8.30397511
v 3.47055602 6.83838797 20.33848953
v 3.78434801 6.73992586 20.67284012
v 4.17448616 6.77476788 15.49407005
v 4.07522202 6.62080479 21.10024071
v 4.26932096 6.52091789 21.51173019
v 4.45172596 6.43335104 21.55780029
v 4.73398399 6.15634489 23.43217087
v 5.00644684 5.83726120 24.94714928
v 5.24968386 5.94844580 21.64698982
v 7.98829603 4.06025410 8.53186607
v 8.12181187 4.06025410 5.89532709
v 7.93843508 4.16025400 8.45782757
v 7.93843508 4.16025400 8.45782757
v 8.12181187 4.06025410 5.89532709
v 8.06915092 4.16025400 5.86615181
v 8.06915092 4.16025400 5.86615181
v 7.97783709 4.32223082 5.82349014
v 7.93843508 4.16025400 8.45782757
v 7.93843508 4.16025400 8.45782757
v 7.97783709 4.32223082 5.82349014
v 7.72570181 4.71057701 5.75307608
v 7.93843508 4.16025400 8.45782757
v 7.72570181 4.71057701 5.75307608
v 7.58918810 4.60835314 9.69596863
v 6.54463816 4.60835314 21.79173088
v 6.81934977 4.16025400 21.82243919
v 7.41842604 4.16025400 15.77420044
v 5.24968386 5.94844580 21.64698982
v 5.00644684 5.83726120 24.94714928
v 5.95415115 5.33415794 21.72573090
v 6.23329782 4.16025400 26.62859917
v 6.81934977 4.16025400 21.82243919
v 5.90592813 4.68545103 26.58535004
v 5.90592813 4.68545103 26.58535004
v 6.81934977 4.16025400 21.82243919
v 6.54463816 4.60835314 21.79173088
v 5.90592813 4.68545103 26.58535004
v 6.54463816 4.60835314 21.79173088
v 5.74706316 4.89975977 26.56435966
v 5.74706316 4.89975977 26.56435966
v 6.54463816 4.60835314 21.79173088
v 5.95415115 5.33415794 21.72573090
v 5.74706316 4.89975977 26.56435966
v 5.95415115 5.33415794 21.72573090
v 5.49713898 5.19791985 26.53134918
v 5.49713898 5.19791985 26.53134918
v 5.95415115 5.33415794 21.72573090
v 5.00644684 5.83726120 24.94714928
v 5.49713898 5.19791985 26.53134918
v 5.00644684 5.83726120 24.94714928
v 5.14817715 5.55177402 26.48525047
v 4.26932096 6.52091789 21.51173019
v 4.31012821 6.49684477 21.62438965
v 4.45172596 6.43335104 21.55780029
v 4.45172596 6.43335104 21.55780029
v 4.31012821 6.49684477 21.62438965
v 4.39930010 6.43787909 21.94111061
v 4.45172596 6.43335104 21.55780029
v 4.39930010 6.43787909 21.94111061
v 5.24968386 5.94844580 21.64698982
v 5.24968386 5.94844580 21.64698982
v 4.39930010 6.43787909 21.94111061
v 4.56697607 6.30613279 22.68819046
v 5.24968386 5.94844580 21.64698982
v 4.56697607 6.30613279 22.68819046
v 4.73398399 6.15634489 23.43217087
v 4.17448616 6.77476788 15.49407005
v 3.78434801 6.73992586 20.67284012
v 5.04489279 6.43335104 15.56923008
v 5.04489279 6.43335104 15.56923008
v 3.78434801 6.73992586 20.67284012
v 3.81993604 6.72693110 20.71763039
v 5.04489279 6.43335104 15.56923008
v 3.81993604 6.72693110 20.71763039
v 4.07522202 6.62080479 21.10024071
v 3.25893903 6.96276903 15.41501045
v 2.62243700 7.00000000 15.36003971
v 2.21489692 7.00000000 19.62793922
v 2.21489692 7.00000000 19.62793922
v 2.62958407 6.98328114 19.78224945
v 3.25893903 6.96276903 15.41501045
v 3.25893903 6.96276903 15.41501045
v 2.62958407 6.98328114 19.78224945
v 3.01916695 6.93578482 19.99242973
v 3.25893903 6.96276903 15.41501045
v 3.01916695 6.93578482 19.99242973
v 4.17448616 6.77476788 15.49407005
v 4.17448616 6.77476788 15.49407005
v 3.01916695 6.93578482 19.99242973
v 3.11239100 6.91956902 20.05376053
v 4.17448616 6.77476788 15.49407005
v 3.11239100 6.91956902 20.05376053
v 3.47055602 6.83838797 20.33848953
v 2.62243700 7.00000000 15.36003971
v 3.69788599 6.96276903 9.45841026
v 3.06020403 7.00000000 9.41948032
v 3.68075991 6.98682880 4.72465086
v 3.06020403 7.00000000 9.41948032
v 3.68075991 6.98682880 4.72465086
v 3.30143905 7.00000000 4.69065905
v 5.00712109 6.72049999 5.32747221
v 4.92686319 6.74714613 5.27313709
v 4.61513376 6.77476788 9.51440811
v 4.61513376 6.77476788 9.51440811
v 4.92686319 6.74714613 5.27313709
v 4.47743082 6.87014198 5.00658798
v 4.61513376 6.77476788 9.51440811
v 4.47743082 6.87014198 5.00658798
v 3.69788599 6.96276903 9.45841026
v 3.69788599 6.96276903 9.45841026
v 4.47743082 6.87014198 5.00658798
v 4.04258013 6.94920015 4.81918001
v 3.69788599 6.96276903 9.45841026
v 4.04258013 6.94920015 4.81918001
v 3.68075991 6.98682880 4.72465086
v 6.23853683 6.11965799 5.85864305
v 5.86727715 6.34155416 5.76121616
v 5.48715591 6.43335104 9.56764412
v 5.48715591 6.43335104 9.56764412
v 5.86727715 6.34155416 5.76121616
v 5.77801991 6.38928986 5.72983694
v 5.48715591 6.43335104 9.56764412
v 5.77801991 6.38928986 5.72983694
v 4.61513376 6.77476788 9.51440811
v 4.61513376 6.77476788 9.51440811
v 5.77801991 6.38928986 5.72983694
v 5.38880396 6.57400417 5.55720282
v 4.61513376 6.77476788 9.51440811
v 5.38880396 6.57400417 5.55720282
v 5.00712109 6.72049999 5.32747221
v 6.23853683 6.11965799 5.85864305
v 5.48715591 6.43335104 9.56764412
v 6.59226608 5.86980200 5.89755201
v 6.59226608 5.86980200 5.89755201
v 5.48715591 6.43335104 9.56764412
v 6.28859091 5.94844580 9.61656857
v 6.59226608 5.86980200 5.89755201
v 6.28859091 5.94844580 9.61656857
v 6.72162580 5.76797724 5.89642715
v 6.72162580 5.76797724 5.89642715
v 6.28859091 5.94844580 9.61656857
v 6.99612713 5.33415794 9.65976524
v 6.72162580 5.76797724 5.89642715
v 6.99612713 5.33415794 9.65976524
v 7.02332878 5.50605202 5.85313416
v 7.72570181 4.71057701 5.75307608
v 7.66719198 4.79078197 5.74591398
v 7.58918810 4.60835314 9.69596863
v 7.58918810 4.60835314 9.69596863
v 7.66719198 4.79078197 5.74591398
v 7.40683317 5.11272287 5.75213194
v 7.58918810 4.60835314 9.69596863
v 7.40683317 5.11272287 5.75213194
v 6.99612713 5.33415794 9.65976524
v 6.99612713 5.33415794 9.65976524
v 7.40683317 5.11272287 5.75213194
v 7.12840319 5.40607595 5.82125902
v 6.99612713 5.33415794 9.65976524
v 7.12840319 5.40607595 5.82125902
v 7.02332878 5.50605202 5.85313416
v 4.07522202 6.62080479 21.10024071
v 4.45172596 6.43335104 21.55780029
v 5.04489279 6.43335104 15.56923008
v 5.04489279 6.43335104 15.56923008
v 4.45172596 6.43335104 21.55780029
v 5.24968386 5.94844580 21.64698982
v 5.84484100 5.94844580 15.63831997
v 5.84484100 5.94844580 15.63831997
v 5.24968386 5.94844580 21.64698982
v 5.95415115 5.33415794 21.72573090
v 6.55106688 5.33415794 15.69929981
v 6.55106688 5.33415794 15.69929981
v 5.95415115 5.33415794 21.72573090
v 6.54463816 4.60835314 21.79173088
v 7.14302778 4.60835314 15.75041962
v 7.14302778 4.60835314 15.75041962
v 7.14302778 4.60835314 15.75041962
v 7.41842604 4.16025400 15.77420044
v 7.86509705 4.16025400 9.71281433
v 3.25893903 6.96276903 15.41501045
v 3.25893903 6.96276903 15.41501045
v 4.17448616 6.77476788 15.49407005
v 4.61513376 6.77476788 9.51440811
v 5.48715591 6.43335104 9.56764412
v 5.48715591 6.43335104 9.56764412
v 5.04489279 6.43335104 15.56923008
v 5.84484100 5.94844580 15.63831997
v 6.28859091 5.94844580 9.61656857
v 6.28859091 5.94844580 9.61656857
v 5.84484100 5.94844580 15.63831997
v 6.55106688 5.33415794 15.69929981
v 6.99612713 5.33415794 9.65976524
v 6.99612713 5.33415794 9.65976524
v 6.55106688 5.33415794 15.69929981
v 7.14302778 4.60835314 15.75041962
v 7.58918810 4.60835314 9.69596863
v 7.58918810 4.60835314 9.69596863
v 7.58918810 4.60835314 9.69596863
v 7.86509705 4.16025400 9.71281433
v 7.93843508 4.16025400 8.45782757
v -4.75187111 4.06025410 8.30397511
v -4.75187111 4.06025410 8.51152897
v -5.00712109 4.06025410 8.30397511
v -4.81659079 4.06025410 8.51152897
v -5.04420805 4.06025410 8.30370331
v -5.23698807 4.06025410 8.47607517
v -5.46534300 4.06025410 8.26206493
v -5.67411900 4.06025410 8.36115265
v -5.88442516 4.06025410 8.14741802
v -6.06782198 4.06025410 8.18148613
v -6.83628178 4.06025410 7.54957724
v -6.72009516 4.06025410 7.65456486
v -6.76487398 4.06025410 7.62937307
v -6.64412498 4.06025410 7.71739292
v -6.43284178 4.06025410 7.93696404
v -6.27993393 4.06025410 7.96412516
v -6.15612698 4.06025410 8.03009892
v -4.75187111 0.43655160 9.67319202
v -4.75187111 0.89529079 9.64041996
v -4.75187111 0.30067581 9.44382572
v -4.75187111 2.07632589 9.41514015
v -4.75187111 3.20241404 8.99380684
v -4.75187111 6.06636620 6.40820217
v -4.75187111 5.89975214 6.12694883
v -4.75187111 5.28828716 7.31634903
v -4.75187111 4.06025410 8.30397511
v -4.75187111 4.06025410 8.51152897
v -3.13327503 6.49652719 5.74576092
v -2.99406600 6.49843502 5.74245214
v -2.99406600 6.49843502 7.13755894
v -2.51568198 6.34528303 6.87903214
v -2.74510193 6.45238495 7.05982399
v -2.65003204 6.41652918 6.33082199
v -2.65003204 6.41652918 6.33082199
v -2.74510193 6.45238495 7.05982399
v -2.99406600 6.49843502 7.13755894
v -2.65003204 6.41652918 6.33082199
v -2.99406600 6.49843502 7.13755894
v -2.81505203 6.47200823 5.78794622
v -2.81505203 6.47200823 5.78794622
v -2.99406600 6.49843502 7.13755894
v -2.99406600 6.49843502 5.74245214
v -3.13327503 6.49652719 5.74576092
v -2.99406600 6.49843502 7.13755894
v -3.26647592 6.47628784 5.78062677
v -3.26647592 6.47628784 5.78062677
v -2.99406600 6.49843502 7.13755894
v -3.25112200 6.47956610 7.10570812
v -3.26647592 6.47628784 5.78062677
v -3.25112200 6.47956610 7.10570812
v -3.49481702 6.39562178 5.91547585
v -3.49481702 6.39562178 5.91547585
v -3.25112200 6.47956610 7.10570812
v -3.49481702 6.39562178 6.96400499
v -3.49481702 6.39562178 5.91547585
v -3.49481702 6.39562178 6.96400499
v -3.67222500 6.28283787 6.09392118
v -3.67222500 6.28283787 6.09392118
v -3.49481702 6.39562178 6.96400499
v -3.70549512 6.25519896 6.72696400
v -3.67222500 6.28283787 6.09392118
v -3.70549512 6.25519896 6.72696400
v -3.87415409 6.06636620 6.40820217
v -2.81505203 6.47200823 5.78794622
v 2.81505203 6.47200823 5.78794622
v 2.65014100 6.41657591 6.33041286
v 2.51568198 6.34528303 6.87903214
v -2.51568198 6.34528303 6.87903214
v 2.65014100 6.41657591 6.33041286
v -2.65003204 6.41652918 6.33082199
v -2.65003204 6.41652918 6.33082199
v 3.49481702 6.39562178 6.96400499
v 3.71575093 6.24617386 6.14962006
v 3.70549512 6.25519896 6.72696400
v 3.70549512 6.25519896 6.72696400
v 3.71575093 6.24617386 6.14962006
v 3.87415409 6.06636620 6.40820217
v 2.99406600 6.49843502 5.74245214
v 3.13327503 6.49652719 5.74576092
v 2.99406600 6.49843502 7.13755894
v 2.99406600 6.49843502 7.13755894
v 3.13327503 6.49652719 5.74576092
v 3.26647592 6.47628784 5.78062677
v 2.99406600 6.49843502 7.13755894
v 3.26647592 6.47628784 5.78062677
v 3.25112200 6.47956610 7.10570812
v 3.25112200 6.47956610 7.10570812
v 3.26647592 6.47628784 5.78062677
v 3.49481702 6.39562178 5.91547585
v 3.25112200 6.47956610 7.10570812
v 3.49481702 6.39562178 5.91547585
v 3.49481702 6.39562178 6.96400499
v 3.49481702 6.39562178 6.96400499
v 3.49481702 6.39562178 5.91547585
v 3.66885591 6.28550386 6.08982801
v 3.49481702 6.39562178 6.96400499
v 3.66885591 6.28550386 6.08982801
v 3.71575093 6.24617386 6.14962006
v 2.81505203 6.47200823 5.78794622
v 2.99406600 6.49843502 5.74245214
v 2.65014100 6.41657591 6.33041286
v 2.65014100 6.41657591 6.33041286
v 2.99406600 6.49843502 5.74245214
v 2.99406600 6.49843502 7.13755894
v 2.65014100 6.41657591 6.33041286
v 2.99406600 6.49843502 7.13755894
v 2.51568198 6.34528303 6.87903214
v 2.51568198 6.34528303 6.87903214
v 2.99406600 6.49843502 7.13755894
v 2.74510193 6.45238495 7.05982399
v 4.75187111 6.06636620 6.40820217
v 4.75187111 5.89975214 6.12694883
v 3.87415409 6.06636620 6.40820217
v -4.75187111 5.89975214 6.12694883
v -4.75187111 6.06636620 6.40820217
v -3.87415409 6.06636620 6.40820217
v -2.51568198 6.34528303 6.87903214
v 2.51568198 6.34528303 6.87903214
v -3.49481702 6.39562178 6.96400499
v -3.25112200 6.47956610 7.10570812
v -2.99406600 6.49843502 7.13755894
v 2.99406600 6.49843502 7.13755894
v 3.25112200 6.47956610 7.10570812
v 2.74510193 6.45238495 7.05982399
v 3.49481702 6.39562178 6.96400499
v 3.70549512 6.25519896 6.72696400
v -3.70549512 6.25519896 6.72696400
v -2.74510193 6.45238495 7.05982399
v -8.03826904 4.06025410 7.60994291
v -8.12181187 4.06025410 5.89532709
v -8.03820705 4.06025410 6.11807489
v -7.96532393 4.06025410 6.11807585
v -7.72570181 4.71057701 5.75307608
v -7.66719198 4.79078197 5.74591398
v -7.12840319 4.93693209 6.41045618
v -7.12840319 4.93693209 6.41045618
v -7.66719198 4.79078197 5.74591398
v -7.40683317 5.11272287 5.75213194
v -7.12840319 5.40607595 5.82125902
v -7.12840319 4.16025400 7.14925814
v -7.89469624 4.16025400 6.11807585
v -7.12840319 4.29155779 7.04038906
v -7.12840319 4.29155779 7.04038906
v -7.89469624 4.16025400 6.11807585
v -7.12840319 4.93693209 6.41045618
v -7.96532393 4.06025410 6.11807585
v -8.12181187 4.06025410 5.89532709
v -7.89469624 4.16025400 6.11807585
v -7.89469624 4.16025400 6.11807585
v -8.12181187 4.06025410 5.89532709
v -8.06915092 4.16025400 5.86615181
v -7.12840319 4.93693209 6.41045618
v -7.12840319 4.93693209 6.41045618
v -8.06915092 4.16025400 5.86615181
v -7.97783709 4.32223082 5.82349014
v -7.12840319 4.93693209 6.41045618
v -7.97783709 4.32223082 5.82349014
v -7.72570181 4.71057701 5.75307608
v -5.00712109 5.28828716 7.31634903
v -5.00712109 4.86104012 7.70949411
v -5.59237814 4.82367897 7.66559887
v -5.38880396 6.57400417 5.55720282
v -5.00712109 6.72049999 5.32747221
v -5.00712109 6.28283787 6.09392118
v -5.38880396 6.57400417 5.55720282
v -5.00712109 6.28283787 6.09392118
v -5.77801991 6.38928986 5.72983694
v -5.77801991 6.38928986 5.72983694
v -5.00712109 6.28283787 6.09392118
v -5.59237814 6.17152882 6.15751505
v -5.77801991 6.38928986 5.72983694
v -5.59237814 6.17152882 6.15751505
v -5.86727715 6.34155416 5.76121616
v -5.86727715 6.34155416 5.76121616
v -5.59237814 6.17152882 6.15751505
v -6.23853683 6.11965799 5.85864305
v -6.23853683 6.11965799 5.85864305
v -5.59237814 6.17152882 6.15751505
v -6.15514612 6.02997017 6.06210709
v -6.23853683 6.11965799 5.85864305
v -6.15514612 6.02997017 6.06210709
v -6.59226608 5.86980200 5.89755201
v -6.59226608 5.86980200 5.89755201
v -6.15514612 6.02997017 6.06210709
v -6.67379808 5.80008793 5.90717411
v -6.59226608 5.86980200 5.89755201
v -6.67379808 5.80008793 5.90717411
v -6.72162580 5.76797724 5.89642715
v -7.12840319 4.29155779 7.04038906
v -7.12840319 4.93693209 6.41045618
v -6.67379808 5.21509790 6.65906620
v -6.67379808 5.21509790 6.65906620
v -7.12840319 4.93693209 6.41045618
v -7.12840319 5.40607595 5.82125902
v -6.67379808 5.21509790 6.65906620
v -7.12840319 5.40607595 5.82125902
v -7.02332878 5.50605202 5.85313416
v -6.83628178 4.06025410 7.54957724
v -6.80932808 4.16025400 7.50075102
v -6.72009516 4.06025410 7.65456486
v -6.72009516 4.06025410 7.65456486
v -6.80932808 4.16025400 7.50075102
v -6.67379808 4.53336000 7.32449198
v -6.72009516 4.06025410 7.65456486
v -6.67379808 4.53336000 7.32449198
v -6.64412498 4.06025410 7.71739292
v -6.64412498 4.06025410 7.71739292
v -6.67379808 4.53336000 7.32449198
v -6.27993393 4.06025410 7.96412516
v -6.15514612 4.71303606 7.53560019
v -6.27993393 4.06025410 7.96412516
v -6.15514612 4.71303606 7.53560019
v -6.15612698 4.06025410 8.03009892
v -6.15612698 4.06025410 8.03009892
v -6.15514612 4.71303606 7.53560019
v -5.88442516 4.06025410 8.14741802
v -5.88442516 4.06025410 8.14741802
v -6.15514612 4.71303606 7.53560019
v -5.59237814 4.82367897 7.66559887
v -5.88442516 4.06025410 8.14741802
v -5.59237814 4.82367897 7.66559887
v -5.46534300 4.06025410 8.26206493
v -5.46534300 4.06025410 8.26206493
v -5.59237814 4.82367897 7.66559887
v -5.04420805 4.06025410 8.30370331
v -5.04420805 4.06025410 8.30370331
v -5.59237814 4.82367897 7.66559887
v -5.00712109 4.86104012 7.70949411
v -5.04420805 4.06025410 8.30370331
v -5.00712109 4.86104012 7.70949411
v -5.00712109 4.06025410 8.30397511
v -5.00712109 6.21932793 6.18973017
v -5.00712109 5.59205294 6.99596977
v -5.59237814 5.54907513 6.95755911
v -5.00712109 6.28283787 6.09392118
v -5.00712109 6.21932793 6.18973017
v -5.59237814 6.17152882 6.15751505
v -5.59237814 6.17152882 6.15751505
v -5.59237814 6.17152882 6.15751505
v -5.59237814 5.54907513 6.95755911
v -6.15514612 6.02997017 6.06210709
v -6.15514612 5.42179298 6.84380007
v -6.15514612 6.02997017 6.06210709
v -6.15514612 5.42179298 6.84380007
v -6.67379808 5.80008793 5.90717411
v -6.67379808 5.21509790 6.65906620
v -6.67379808 5.80008793 5.90717411
v -6.67379808 5.21509790 6.65906620
v -6.72162580 5.76797724 5.89642715
v -6.72162580 5.76797724 5.89642715
v -6.67379808 5.21509790 6.65906620
v -7.02332878 5.50605202 5.85313416
v -5.00712109 5.59205294 6.99596977
v -5.00712109 5.28828716 7.31634903
v -5.59237814 5.54907513 6.95755911
v -5.59237814 5.54907513 6.95755911
v -5.00712109 5.28828716 7.31634903
v -5.59237814 4.82367897 7.66559887
v -5.59237814 5.54907513 6.95755911
v -5.59237814 4.82367897 7.66559887
v -6.15514612 5.42179298 6.84380007
v -6.15514612 4.71303606 7.53560019
v -6.15514612 5.42179298 6.84380007
v -6.15514612 4.71303606 7.53560019
v -6.67379808 5.21509790 6.65906620
v -6.67379808 4.53336000 7.32449198
v -6.67379808 4.53336000 7.32449198
v -7.12840319 4.29155779 7.04038906
v -6.67379808 4.53336000 7.32449198
v -6.80932808 4.16025400 7.50075102
v -7.12840319 4.29155779 7.04038906
v -6.80932808 4.16025400 7.50075102
v -7.12840319 4.16025400 7.14925814
v 4.92686319 6.74714613 5.27313709
v 5.00712109 6.72049999 5.32747221
v 5.00712109 6.28283787 6.09392118
v 3.26647592 6.47628784 5.78062677
v 4.04258013 6.94920015 4.81918001
v 3.49481702 6.39562178 5.91547585
v 3.49481702 6.39562178 5.91547585
v 4.04258013 6.94920015 4.81918001
v 4.47743082 6.87014198 5.00658798
v 3.49481702 6.39562178 5.91547585
v 4.47743082 6.87014198 5.00658798
v 3.66885591 6.28550386 6.08982801
v 3.13327503 6.49652719 5.74576092
v 3.30143905 7.00000000 4.69065905
v 3.26647592 6.47628784 5.78062677
v 3.26647592 6.47628784 5.78062677
v 3.30143905 7.00000000 4.69065905
v 3.68075991 6.98682880 4.72465086
v 3.26647592 6.47628784 5.78062677
v 3.68075991 6.98682880 4.72465086
v 4.04258013 6.94920015 4.81918001
v -2.81505203 6.47200823 5.78794622
v -3.30143905 7.00000000 4.69065905
v 2.81505203 6.47200823 5.78794622
v 3.30143905 7.00000000 4.69065905
v 2.81505203 6.47200823 5.78794622
v 3.30143905 7.00000000 4.69065905
v 2.99406600 6.49843502 5.74245214
v 2.99406600 6.49843502 5.74245214
v 3.13327503 6.49652719 5.74576092
v -2.81505203 6.47200823 5.78794622
v -2.99406600 6.49843502 5.74245214
v -3.30143905 7.00000000 4.69065905
v -2.99406600 6.49843502 5.74245214
v -3.13327503 6.49652719 5.74576092
v -3.30143905 7.00000000 4.69065905
v -3.13327503 6.49652719 5.74576092
v -3.68075991 6.98682880 4.72465086
v -3.68075991 6.98682880 4.72465086
v -3.13327503 6.49652719 5.74576092
v -3.26647592 6.47628784 5.78062677
v -3.68075991 6.98682880 4.72465086
v -3.26647592 6.47628784 5.78062677
v -4.04258013 6.94920015 4.81918001
v -4.04258013 6.94920015 4.81918001
v -3.26647592 6.47628784 5.78062677
v -3.49481702 6.39562178 5.91547585
v -4.04258013 6.94920015 4.81918001
v -3.49481702 6.39562178 5.91547585
v -4.47743082 6.87014198 5.00658798
v -4.47743082 6.87014198 5.00658798
v -3.49481702 6.39562178 5.91547585
v -4.92686319 6.74714613 5.27313709
v -4.92686319 6.74714613 5.27313709
v -3.49481702 6.39562178 5.91547585
v -3.67222500 6.28283787 6.09392118
v -4.92686319 6.74714613 5.27313709
v -3.67222500 6.28283787 6.09392118
v -5.00712109 6.72049999 5.32747221
v -4.75187111 4.06025410 8.30397511
v -5.00712109 4.06025410 8.30397511
v -4.75187111 5.28828716 7.31634903
v -4.75187111 5.28828716 7.31634903
v -5.00712109 4.06025410 8.30397511
v -5.00712109 4.86104012 7.70949411
v -3.67222500 6.28283787 6.09392118
v -3.87415409 6.06636620 6.40820217
v -4.75187111 6.06636620 6.40820217
v -5.00712109 4.86104012 7.70949411
v -5.00712109 5.28828716 7.31634903
v -4.75187111 5.28828716 7.31634903
v -4.75187111 5.28828716 7.31634903
v -5.00712109 5.28828716 7.31634903
v -5.00712109 5.59205294 6.99596977
v -4.75187111 5.28828716 7.31634903
v -5.00712109 5.59205294 6.99596977
v -4.75187111 6.06636620 6.40820217
v -4.75187111 6.06636620 6.40820217
v -5.00712109 5.59205294 6.99596977
v -5.00712109 6.21932793 6.18973017
v -5.00712109 6.21932793 6.18973017
v -3.67222500 6.28283787 6.09392118
v -5.00712109 6.21932793 6.18973017
v -5.00712109 6.28283787 6.09392118
v -3.67222500 6.28283787 6.09392118
v -5.00712109 6.28283787 6.09392118
v -5.00712109 6.72049999 5.32747221
v 4.75187111 6.06636620 6.40820217
v 5.00712109 6.21932793 6.18973017
v 4.75187111 5.28828716 7.31634903
v 4.75187111 5.28828716 7.31634903
v 5.00712109 6.21932793 6.18973017
v 5.00712109 5.59205294 6.99596977
v 4.75187111 6.06636620 6.40820217
v 3.87415409 6.06636620 6.40820217
v 5.00712109 6.21932793 6.18973017
v 3.71575093 6.24617386 6.14962006
v 5.00712109 6.21932793 6.18973017
v 3.71575093 6.24617386 6.14962006
v 5.00712109 6.28283787 6.09392118
v 5.00712109 6.28283787 6.09392118
v 3.71575093 6.24617386 6.14962006
v 3.66885591 6.28550386 6.08982801
v 5.00712109 6.28283787 6.09392118
v 3.66885591 6.28550386 6.08982801
v 4.92686319 6.74714613 5.27313709
v 4.92686319 6.74714613 5.27313709
v 3.66885591 6.28550386 6.08982801
v 4.47743082 6.87014198 5.00658798
v 5.00712109 4.06025410 8.30397511
v 4.75187111 4.06025410 8.30397511
v 5.00712109 4.86104012 7.70949411
v 5.00712109 4.86104012 7.70949411
v 4.75187111 4.06025410 8.30397511
v 4.75187111 5.28828716 7.31634903
v 5.00712109 4.86104012 7.70949411
v 4.75187111 5.28828716 7.31634903
v 5.00712109 5.28828716 7.31634903
v 5.00712109 5.28828716 7.31634903
v 4.75187111 5.28828716 7.31634903
v 5.00712109 5.59205294 6.99596977
v -1.78134096 6.36696100 19.63268089
v -1.32703304 6.41966105 19.59807968
v -1.32703304 6.90000010 19.59807968
v -4.08537102 5.88531113 21.41843033
v -4.17371416 6.40599298 21.65129089
v -4.22969294 5.84253883 21.84008026
v -4.22969294 5.84253883 21.84008026
v -4.17371416 6.40599298 21.65129089
v -4.25784492 6.34810019 21.95750046
v -4.22969294 5.84253883 21.84008026
v -4.25784492 6.34810019 21.95750046
v -4.25784492 5.83401203 21.95750046
v -3.20828700 6.11227798 20.26122093
v -3.20865202 6.78489923 20.26152039
v -3.37825608 6.74132681 20.40889931
v -3.20828700 6.11227798 20.26122093
v -3.37825608 6.74132681 20.40889931
v -3.53319812 6.03468513 20.56513977
v -3.37825608 6.74132681 20.40889931
v -3.67584395 6.64465523 20.73176956
v -3.53319812 6.03468513 20.56513977
v -3.53319812 6.03468513 20.56513977
v -3.67584395 6.64465523 20.73176956
v -3.70958090 6.63189602 20.77503967
v -3.53319812 6.03468513 20.56513977
v -3.70958090 6.63189602 20.77503967
v -3.81549501 5.96111298 20.92250061
v -3.81549501 5.96111298 20.92250061
v -3.70958090 6.63189602 20.77503967
v -3.87817192 6.56182384 21.01956940
v -3.81549501 5.96111298 20.92250061
v -3.87817192 6.56182384 21.01956940
v -3.87866998 5.94385195 21.02037048
v -3.87866998 5.94385195 21.02037048
v -3.87817192 6.56182384 21.01956940
v -3.95147109 6.52769995 21.14468956
v -3.87866998 5.94385195 21.02037048
v -3.95147109 6.52769995 21.14468956
v -4.08537102 5.88531113 21.41843033
v -4.08537102 5.88531113 21.41843033
v -3.95147109 6.52769995 21.14468956
v -4.13514900 6.42962885 21.54239082
v -4.08537102 5.88531113 21.41843033
v -4.13514900 6.42962885 21.54239082
v -4.17371416 6.40599298 21.65129089
v -3.20828700 6.11227798 20.26122093
v -3.19784403 6.11464787 20.25285912
v -3.20865202 6.78489923 20.26152039
v -3.20865202 6.78489923 20.26152039
v -3.19784403 6.11464787 20.25285912
v -3.13047099 6.12975407 20.20066071
v -3.20865202 6.78489923 20.26152039
v -3.13047099 6.12975407 20.20066071
v -3.03840089 6.82103109 20.13409042
v -3.03840089 6.82103109 20.13409042
v -3.13047099 6.12975407 20.20066071
v -2.74377489 6.21035385 19.95368004
v -1.32703304 6.90000010 19.59807968
v -1.76121604 6.90000010 19.62965965
v -1.78134096 6.36696100 19.63268089
v -1.78134096 6.36696100 19.63268089
v -1.76121604 6.90000010 19.62965965
v -2.18625593 6.90000010 19.72374916
v -1.78134096 6.36696100 19.63268089
v -2.18625593 6.90000010 19.72374916
v -2.22327089 6.30272913 19.73508072
v -2.22327089 6.30272913 19.73508072
v -2.18625593 6.90000010 19.72374916
v -2.32452703 6.89799976 19.76877022
v -2.22327089 6.30272913 19.73508072
v -2.32452703 6.89799976 19.76877022
v -2.32263803 6.28650188 19.76810074
v -2.32263803 6.28650188 19.76810074
v -2.32452703 6.89799976 19.76877022
v -2.58006692 6.88358498 19.87228966
v -2.32263803 6.28650188 19.76810074
v -2.58006692 6.88358498 19.87228966
v -2.74377489 6.21035385 19.95368004
v -2.74377489 6.21035385 19.95368004
v -2.58006692 6.88358498 19.87228966
v -2.94991803 6.83695316 20.07493973
v -2.74377489 6.21035385 19.95368004
v -2.94991803 6.83695316 20.07493973
v -3.03840089 6.82103109 20.13409042
v -4.32329416 6.44017792 21.95808983
v -4.30559587 6.43123722 21.96051979
v -4.22070599 6.48753595 21.65224075
v -4.27141380 6.39547300 21.96220016
v -4.25784492 6.34810019 21.95750046
v -4.17371416 6.40599298 21.65129089
v -4.30559587 6.43123722 21.96051979
v -4.27141380 6.39547300 21.96220016
v -4.18769121 6.45220089 21.65604019
v -4.26499319 6.50368404 21.64079094
v -4.35201597 6.44663000 21.95285988
v -4.32329416 6.44017792 21.95808983
v -4.35201597 6.44663000 21.95285988
v -4.26499319 6.50368404 21.64079094
v -4.39930010 6.43787909 21.94111061
v -4.27141380 6.39547300 21.96220016
v -4.17371416 6.40599298 21.65129089
v -4.18769121 6.45220089 21.65604019
v -4.18769121 6.45220089 21.65604019
v -4.17371416 6.40599298 21.65129089
v -4.13514900 6.42962885 21.54239082
v -4.18769121 6.45220089 21.65604019
v -4.13514900 6.42962885 21.54239082
v -4.14924479 6.47538710 21.54700089
v -4.14924479 6.47538710 21.54700089
v -4.13514900 6.42962885 21.54239082
v -3.95147109 6.52769995 21.14468956
v -4.14924479 6.47538710 21.54700089
v -3.95147109 6.52769995 21.14468956
v -3.96571589 6.57172680 21.14818954
v -3.96571589 6.57172680 21.14818954
v -3.95147109 6.52769995 21.14468956
v -3.87817192 6.56182384 21.01956940
v -3.96571589 6.57172680 21.14818954
v -3.87817192 6.56182384 21.01956940
v -3.72328901 6.67428017 20.77660942
v -3.87817192 6.56182384 21.01956940
v -3.70958090 6.63189602 20.77503967
v -3.72328901 6.67428017 20.77660942
v -3.72328901 6.67428017 20.77660942
v -3.70958090 6.63189602 20.77503967
v -3.67584395 6.64465523 20.73176956
v -3.68942595 6.68684912 20.73306084
v -3.68942595 6.68684912 20.73306084
v -3.67584395 6.64465523 20.73176956
v -3.37825608 6.74132681 20.40889931
v -3.68942595 6.68684912 20.73306084
v -3.37825608 6.74132681 20.40889931
v -3.39034700 6.78213596 20.40781021
v -3.39034700 6.78213596 20.40781021
v -3.37825608 6.74132681 20.40889931
v -3.20865202 6.78489923 20.26152039
v -3.39034700 6.78213596 20.40781021
v -3.20865202 6.78489923 20.26152039
v -3.04814601 6.86073112 20.13060951
v -3.20865202 6.78489923 20.26152039
v -3.03840089 6.82103109 20.13409042
v -3.04814601 6.86073112 20.13060951
v -3.04814601 6.86073112 20.13060951
v -3.03840089 6.82103109 20.13409042
v -2.94991803 6.83695316 20.07493973
v -2.95897007 6.87642622 20.07090950
v -2.95897007 6.87642622 20.07090950
v -2.94991803 6.83695316 20.07493973
v -2.58006692 6.88358498 19.87228966
v -2.95897007 6.87642622 20.07090950
v -2.58006692 6.88358498 19.87228966
v -2.58595300 6.92232323 19.86635017
v -2.58595300 6.92232323 19.86635017
v -2.58006692 6.88358498 19.87228966
v -2.32452703 6.89799976 19.76877022
v -2.58595300 6.92232323 19.86635017
v -2.32452703 6.89799976 19.76877022
v -2.18843699 6.93826914 19.71645927
v -2.18843699 6.93826914 19.71645927
v -2.32452703 6.89799976 19.76877022
v -2.18625593 6.90000010 19.72374916
v -4.30559587 6.43123722 21.96051979
v -4.18769121 6.45220089 21.65604019
v -4.22070599 6.48753595 21.65224075
v -4.22070599 6.48753595 21.65224075
v -4.18769121 6.45220089 21.65604019
v -4.14924479 6.47538710 21.54700089
v -4.22070599 6.48753595 21.65224075
v -4.14924479 6.47538710 21.54700089
v -4.18173599 6.51055813 21.54240990
v -4.18173599 6.51055813 21.54240990
v -4.14924479 6.47538710 21.54700089
v -3.96571589 6.57172680 21.14818954
v -3.99573302 6.60627317 21.14049911
v -3.99573302 6.60627317 21.14049911
v -3.96571589 6.57172680 21.14818954
v -3.72328901 6.67428017 20.77660942
v -3.75005102 6.70824385 20.76579094
v -3.75005102 6.70824385 20.76579094
v -3.72328901 6.67428017 20.77660942
v -3.68942595 6.68684912 20.73306084
v -3.71573400 6.72074604 20.72187042
v -3.71573400 6.72074604 20.72187042
v -3.68942595 6.68684912 20.73306084
v -3.39034700 6.78213596 20.40781021
v -3.71573400 6.72074604 20.72187042
v -3.39034700 6.78213596 20.40781021
v -3.41264200 6.81554699 20.39369011
v -3.41264200 6.81554699 20.39369011
v -3.39034700 6.78213596 20.40781021
v -3.04814601 6.86073112 20.13060951
v -3.06585312 6.89374924 20.11389923
v -3.06585312 6.89374924 20.11389923
v -3.04814601 6.86073112 20.13060951
v -2.95897007 6.87642622 20.07090950
v -2.97548294 6.90936089 20.05361938
v -2.97548294 6.90936089 20.05361938
v -2.95897007 6.87642622 20.07090950
v -2.58595300 6.92232323 19.86635017
v -2.97548294 6.90936089 20.05361938
v -2.58595300 6.92232323 19.86635017
v -2.59747410 6.95497799 19.84708023
v -2.59747410 6.95497799 19.84708023
v -2.58595300 6.92232323 19.86635017
v -2.18843699 6.93826914 19.71645927
v -2.59747410 6.95497799 19.84708023
v -2.18843699 6.93826914 19.71645927
v -2.19464588 6.97071123 19.69569016
v -4.32329416 6.44017792 21.95808983
v -4.22070599 6.48753595 21.65224075
v -4.26499319 6.50368404 21.64079094
v -4.26499319 6.50368404 21.64079094
v -4.22070599 6.48753595 21.65224075
v -4.18173599 6.51055813 21.54240990
v -4.22510719 6.52700281 21.52967072
v -4.22510719 6.52700281 21.52967072
v -4.18173599 6.51055813 21.54240990
v -3.99573302 6.60627317 21.14049911
v -4.22510719 6.52700281 21.52967072
v -3.99573302 6.60627317 21.14049911
v -4.03505802 6.62389803 21.12327957
v -4.03505802 6.62389803 21.12327957
v -3.99573302 6.60627317 21.14049911
v -3.75005102 6.70824385 20.76579094
v -4.03505802 6.62389803 21.12327957
v -3.75005102 6.70824385 20.76579094
v -3.78455210 6.72703886 20.74473953
v -3.78455210 6.72703886 20.74473953
v -3.75005102 6.70824385 20.76579094
v -3.71573400 6.72074604 20.72187042
v -3.74959397 6.73967886 20.70038033
v -3.74959397 6.73967886 20.70038033
v -3.71573400 6.72074604 20.72187042
v -3.41264200 6.81554699 20.39369011
v -3.74959397 6.73967886 20.70038033
v -3.41264200 6.81554699 20.39369011
v -3.44109702 6.83550406 20.36910057
v -3.44109702 6.83550406 20.36910057
v -3.41264200 6.81554699 20.39369011
v -3.06585312 6.89374924 20.11389923
v -3.44109702 6.83550406 20.36910057
v -3.06585312 6.89374924 20.11389923
v -3.08854103 6.91452694 20.08675003
v -3.08854103 6.91452694 20.08675003
v -3.06585312 6.89374924 20.11389923
v -2.97548294 6.90936089 20.05361938
v -2.99672103 6.93030405 20.02593040
v -2.99672103 6.93030405 20.02593040
v -2.97548294 6.90936089 20.05361938
v -2.59747410 6.95497799 19.84708023
v -2.99672103 6.93030405 20.02593040
v -2.59747410 6.95497799 19.84708023
v -2.61282110 6.97641897 19.81748962
v -2.61282110 6.97641897 19.81748962
v -2.59747410 6.95497799 19.84708023
v -2.19464588 6.97071123 19.69569016
v -2.61282110 6.97641897 19.81748962
v -2.19464588 6.97071123 19.69569016
v -2.20393705 6.99238777 19.66460991
v -4.39930010 6.43787909 21.94111061
v -4.26499319 6.50368404 21.64079094
v -4.31012821 6.49684477 21.62438965
v -4.31012821 6.49684477 21.62438965
v -4.26499319 6.50368404 21.64079094
v -4.22510719 6.52700281 21.52967072
v -4.31012821 6.49684477 21.62438965
v -4.22510719 6.52700281 21.52967072
v -4.26932096 6.52091789 21.51173019
v -4.03505802 6.62389803 21.12327957
v -4.26932096 6.52091789 21.51173019
v -4.03505802 6.62389803 21.12327957
v -4.07522202 6.62080479 21.10024071
v -4.07522202 6.62080479 21.10024071
v -4.03505802 6.62389803 21.12327957
v -3.78455210 6.72703886 20.74473953
v -4.07522202 6.62080479 21.10024071
v -3.78455210 6.72703886 20.74473953
v -3.81993604 6.72693110 20.71763039
v -3.81993604 6.72693110 20.71763039
v -3.78455210 6.72703886 20.74473953
v -3.74959397 6.73967886 20.70038033
v -3.81993604 6.72693110 20.71763039
v -3.74959397 6.73967886 20.70038033
v -3.78434801 6.73992586 20.67284012
v -3.78434801 6.73992586 20.67284012
v -3.44109702 6.83550406 20.36910057
v -3.78434801 6.73992586 20.67284012
v -3.44109702 6.83550406 20.36910057
v -3.47055602 6.83838797 20.33848953
v -3.47055602 6.83838797 20.33848953
v -3.44109702 6.83550406 20.36910057
v -3.08854103 6.91452694 20.08675003
v -3.47055602 6.83838797 20.33848953
v -3.08854103 6.91452694 20.08675003
v -3.11239100 6.91956902 20.05376053
v -3.11239100 6.91956902 20.05376053
v -3.08854103 6.91452694 20.08675003
v -2.99672103 6.93030405 20.02593040
v -3.11239100 6.91956902 20.05376053
v -2.99672103 6.93030405 20.02593040
v -3.01916695 6.93578482 19.99242973
v -3.01916695 6.93578482 19.99242973
v -2.99672103 6.93030405 20.02593040
v -2.61282110 6.97641897 19.81748962
v -3.01916695 6.93578482 19.99242973
v -2.61282110 6.97641897 19.81748962
v -2.62958407 6.98328114 19.78224945
v -2.62958407 6.98328114 19.78224945
v -2.61282110 6.97641897 19.81748962
v -2.20393705 6.99238777 19.66460991
v -2.62958407 6.98328114 19.78224945
v -2.20393705 6.99238777 19.66460991
v -2.21489692 7.00000000 19.62793922
v -1.76211095 6.93461180 19.62355042
v -1.76121604 6.90000010 19.62965965
v -1.32703304 6.90000010 19.59807968
v -2.18843699 6.93826914 19.71645927
v -2.18625593 6.90000010 19.72374916
v -1.76121604 6.90000010 19.62965965
v -1.76121604 6.90000010 19.62965965
v -1.76211095 6.93461180 19.62355042
v -2.18843699 6.93826914 19.71645927
v -2.18843699 6.93826914 19.71645927
v -1.76211095 6.93461180 19.62355042
v -1.76545501 6.97071123 19.60067940
v -2.18843699 6.93826914 19.71645927
v -1.76545501 6.97071123 19.60067940
v -2.19464588 6.97071123 19.69569016
v -2.19464588 6.97071123 19.69569016
v -1.76545501 6.97071123 19.60067940
v -1.77067995 6.99381924 19.56496048
v -2.19464588 6.97071123 19.69569016
v -1.77067995 6.99381924 19.56496048
v -2.20393705 6.99238777 19.66460991
v -1.77568901 7.00000000 19.53071976
v -2.21489692 7.00000000 19.62793922
v -2.20393705 6.99238777 19.66460991
v -2.20393705 6.99238777 19.66460991
v -1.77067995 6.99381924 19.56496048
v -1.77568901 7.00000000 19.53071976
v -1.77568901 7.00000000 19.53071976
v -1.77067995 6.99381924 19.56496048
v -1.32703304 6.99381924 19.53269005
v -1.32703304 7.00000000 19.49807930
v -1.32703304 6.93461180 19.59189987
v -1.76211095 6.93461180 19.62355042
v -1.32703304 6.93461180 19.59189987
v -1.32703304 6.93826914 19.59045982
v -1.76211095 6.93461180 19.62355042
v -1.32703304 6.93826914 19.59045982
v -1.76545501 6.97071123 19.60067940
v -1.76545501 6.97071123 19.60067940
v -1.32703304 6.93826914 19.59045982
v -1.32703304 6.97071123 19.56879044
v -1.76545501 6.97071123 19.60067940
v -1.32703304 6.97071123 19.56879044
v -1.77067995 6.99381924 19.56496048
v -1.77067995 6.99381924 19.56496048
v -1.32703304 6.97071123 19.56879044
v -1.32703304 6.99238777 19.53635025
v -1.77067995 6.99381924 19.56496048
v -1.32703304 6.99238777 19.53635025
v -1.32703304 6.99381924 19.53269005
v 1.32703304 6.41966105 19.59807968
v 1.32703304 6.90000010 19.59807968
v 0.00000000 6.50000000 19.59807968
v -1.32703304 6.90000010 19.59807968
v -1.32703304 6.41966105 19.59807968
v 4.26686192 6.38657904 21.96175003
v 4.27141380 6.39547300 21.96220016
v 4.18769121 6.45220089 21.65604019
v 4.28989077 6.41897917 21.96196938
v 4.30559587 6.43123722 21.96051979
v 4.22070599 6.48753595 21.65224075
v 4.32329416 6.44017792 21.95808983
v 4.35201597 6.44663000 21.95285988
v 4.26499319 6.50368404 21.64079094
v 4.31012821 6.49684477 21.62438965
v 4.36179018 6.44682884 21.95075989
v 4.31012821 6.49684477 21.62438965
v 4.35201597 6.44663000 21.95285988
v 4.32329416 6.44017792 21.95808983
v 4.26499319 6.50368404 21.64079094
v 4.30559587 6.43123722 21.96051979
v 4.28989077 6.41897917 21.96196938
v 4.22070599 6.48753595 21.65224075
v 4.27141380 6.39547300 21.96220016
v 3.96571589 6.57172680 21.14818954
v 4.13514900 6.42962885 21.54239082
v 4.14924479 6.47538710 21.54700089
v 4.14924479 6.47538710 21.54700089
v 4.13514900 6.42962885 21.54239082
v 4.17371416 6.40599298 21.65129089
v 4.14924479 6.47538710 21.54700089
v 4.17371416 6.40599298 21.65129089
v 4.18769121 6.45220089 21.65604019
v 4.18769121 6.45220089 21.65604019
v 4.17371416 6.40599298 21.65129089
v 4.25784492 6.34810019 21.95750046
v 4.18769121 6.45220089 21.65604019
v 4.25784492 6.34810019 21.95750046
v 4.26686192 6.38657904 21.96175003
v 3.39034700 6.78213596 20.40781021
v 3.67584395 6.64465523 20.73176956
v 3.68942595 6.68684912 20.73306084
v 3.68942595 6.68684912 20.73306084
v 3.67584395 6.64465523 20.73176956
v 3.70958090 6.63189602 20.77503967
v 3.72328901 6.67428017 20.77660942
v 3.72328901 6.67428017 20.77660942
v 3.70958090 6.63189602 20.77503967
v 3.87817192 6.56182384 21.01956940
v 3.72328901 6.67428017 20.77660942
v 3.87817192 6.56182384 21.01956940
v 3.96571589 6.57172680 21.14818954
v 3.96571589 6.57172680 21.14818954
v 3.87817192 6.56182384 21.01956940
v 3.95147109 6.52769995 21.14468956
v 3.96571589 6.57172680 21.14818954
v 3.95147109 6.52769995 21.14468956
v 4.13514900 6.42962885 21.54239082
v 4.35201597 6.44663000 21.95285988
v 4.31012821 6.49684477 21.62438965
v 4.26499319 6.50368404 21.64079094
v 4.26499319 6.50368404 21.64079094
v 4.31012821 6.49684477 21.62438965
v 4.26932096 6.52091789 21.51173019
v 4.26499319 6.50368404 21.64079094
v 4.26932096 6.52091789 21.51173019
v 4.22510719 6.52700281 21.52967072
v 4.07522202 6.62080479 21.10024071
v 4.22510719 6.52700281 21.52967072
v 4.07522202 6.62080479 21.10024071
v 4.03505802 6.62389803 21.12327957
v 4.03505802 6.62389803 21.12327957
v 4.07522202 6.62080479 21.10024071
v 3.81993604 6.72693110 20.71763039
v 4.03505802 6.62389803 21.12327957
v 3.81993604 6.72693110 20.71763039
v 3.78455210 6.72703886 20.74473953
v 3.78455210 6.72703886 20.74473953
v 3.81993604 6.72693110 20.71763039
v 3.78434801 6.73992586 20.67284012
v 3.78455210 6.72703886 20.74473953
v 3.78434801 6.73992586 20.67284012
v 3.74959397 6.73967886 20.70038033
v 3.47055602 6.83838797 20.33848953
v 3.74959397 6.73967886 20.70038033
v 3.47055602 6.83838797 20.33848953
v 3.44109702 6.83550406 20.36910057
v 3.44109702 6.83550406 20.36910057
v 3.47055602 6.83838797 20.33848953
v 3.11239100 6.91956902 20.05376053
v 3.44109702 6.83550406 20.36910057
v 3.11239100 6.91956902 20.05376053
v 3.08854103 6.91452694 20.08675003
v 3.08854103 6.91452694 20.08675003
v 3.11239100 6.91956902 20.05376053
v 3.01916695 6.93578482 19.99242973
v 3.08854103 6.91452694 20.08675003
v 3.01916695 6.93578482 19.99242973
v 2.99672103 6.93030405 20.02593040
v 2.99672103 6.93030405 20.02593040
v 3.01916695 6.93578482 19.99242973
v 2.62958407 6.98328114 19.78224945
v 2.99672103 6.93030405 20.02593040
v 2.62958407 6.98328114 19.78224945
v 2.61282110 6.97641897 19.81748962
v 4.30559587 6.43123722 21.96051979
v 4.26499319 6.50368404 21.64079094
v 4.22070599 6.48753595 21.65224075
v 4.22070599 6.48753595 21.65224075
v 4.26499319 6.50368404 21.64079094
v 4.22510719 6.52700281 21.52967072
v 4.18173599 6.51055813 21.54240990
v 4.18173599 6.51055813 21.54240990
v 4.22510719 6.52700281 21.52967072
v 4.03505802 6.62389803 21.12327957
v 4.18173599 6.51055813 21.54240990
v 4.03505802 6.62389803 21.12327957
v 3.99573302 6.60627317 21.14049911
v 3.99573302 6.60627317 21.14049911
v 4.03505802 6.62389803 21.12327957
v 3.78455210 6.72703886 20.74473953
v 3.99573302 6.60627317 21.14049911
v 3.78455210 6.72703886 20.74473953
v 3.75005102 6.70824385 20.76579094
v 3.75005102 6.70824385 20.76579094
v 3.78455210 6.72703886 20.74473953
v 3.74959397 6.73967886 20.70038033
v 3.71573400 6.72074604 20.72187042
v 3.71573400 6.72074604 20.72187042
v 3.74959397 6.73967886 20.70038033
v 3.44109702 6.83550406 20.36910057
v 3.71573400 6.72074604 20.72187042
v 3.44109702 6.83550406 20.36910057
v 3.41264200 6.81554699 20.39369011
v 3.41264200 6.81554699 20.39369011
v 3.44109702 6.83550406 20.36910057
v 3.08854103 6.91452694 20.08675003
v 3.41264200 6.81554699 20.39369011
v 3.08854103 6.91452694 20.08675003
v 3.06585312 6.89374924 20.11389923
v 3.06585312 6.89374924 20.11389923
v 3.08854103 6.91452694 20.08675003
v 2.99672103 6.93030405 20.02593040
v 3.06585312 6.89374924 20.11389923
v 2.99672103 6.93030405 20.02593040
v 2.97548294 6.90936089 20.05361938
v 2.97548294 6.90936089 20.05361938
v 2.99672103 6.93030405 20.02593040
v 2.61282110 6.97641897 19.81748962
v 2.97548294 6.90936089 20.05361938
v 2.61282110 6.97641897 19.81748962
v 2.59747410 6.95497799 19.84708023
v 4.27141380 6.39547300 21.96220016
v 4.22070599 6.48753595 21.65224075
v 4.18769121 6.45220089 21.65604019
v 4.18769121 6.45220089 21.65604019
v 4.22070599 6.48753595 21.65224075
v 4.18173599 6.51055813 21.54240990
v 4.14924479 6.47538710 21.54700089
v 4.14924479 6.47538710 21.54700089
v 4.18173599 6.51055813 21.54240990
v 3.99573302 6.60627317 21.14049911
v 3.96571589 6.57172680 21.14818954
v 3.96571589 6.57172680 21.14818954
v 3.99573302 6.60627317 21.14049911
v 3.75005102 6.70824385 20.76579094
v 3.72328901 6.67428017 20.77660942
v 3.72328901 6.67428017 20.77660942
v 3.75005102 6.70824385 20.76579094
v 3.71573400 6.72074604 20.72187042
v 3.68942595 6.68684912 20.73306084
v 3.68942595 6.68684912 20.73306084
v 3.71573400 6.72074604 20.72187042
v 3.41264200 6.81554699 20.39369011
v 3.68942595 6.68684912 20.73306084
v 3.41264200 6.81554699 20.39369011
v 3.39034700 6.78213596 20.40781021
v 3.39034700 6.78213596 20.40781021
v 3.41264200 6.81554699 20.39369011
v 3.06585312 6.89374924 20.11389923
v 3.04814601 6.86073112 20.13060951
v 3.04814601 6.86073112 20.13060951
v 3.06585312 6.89374924 20.11389923
v 2.97548294 6.90936089 20.05361938
v 2.95897007 6.87642622 20.07090950
v 2.95897007 6.87642622 20.07090950
v 2.97548294 6.90936089 20.05361938
v 2.59747410 6.95497799 19.84708023
v 2.95897007 6.87642622 20.07090950
v 2.59747410 6.95497799 19.84708023
v 2.58595300 6.92232323 19.86635017
v 2.32452703 6.89799976 19.76877022
v 2.58006692 6.88358498 19.87228966
v 2.58595300 6.92232323 19.86635017
v 2.58595300 6.92232323 19.86635017
v 2.58006692 6.88358498 19.87228966
v 2.94991803 6.83695316 20.07493973
v 2.58595300 6.92232323 19.86635017
v 2.94991803 6.83695316 20.07493973
v 2.95897007 6.87642622 20.07090950
v 2.95897007 6.87642622 20.07090950
v 2.94991803 6.83695316 20.07493973
v 3.03840089 6.82103109 20.13409042
v 3.04814601 6.86073112 20.13060951
v 3.04814601 6.86073112 20.13060951
v 3.03840089 6.82103109 20.13409042
v 3.20865202 6.78489923 20.26152039
v 3.04814601 6.86073112 20.13060951
v 3.20865202 6.78489923 20.26152039
v 3.39034700 6.78213596 20.40781021
v 3.39034700 6.78213596 20.40781021
v 3.20865202 6.78489923 20.26152039
v 3.37825608 6.74132681 20.40889931
v 3.39034700 6.78213596 20.40781021
v 3.37825608 6.74132681 20.40889931
v 3.67584395 6.64465523 20.73176956
v 2.18625593 6.90000010 19.72374916
v 2.32452703 6.89799976 19.76877022
v 2.18843699 6.93826914 19.71645927
v 2.18843699 6.93826914 19.71645927
v 2.32452703 6.89799976 19.76877022
v 2.58595300 6.92232323 19.86635017
v 2.18843699 6.93826914 19.71645927
v 2.58595300 6.92232323 19.86635017
v 2.19464588 6.97071123 19.69569016
v 2.19464588 6.97071123 19.69569016
v 2.58595300 6.92232323 19.86635017
v 2.59747410 6.95497799 19.84708023
v 2.19464588 6.97071123 19.69569016
v 2.59747410 6.95497799 19.84708023
v 2.20393705 6.99238777 19.66460991
v 2.20393705 6.99238777 19.66460991
v 2.59747410 6.95497799 19.84708023
v 2.61282110 6.97641897 19.81748962
v 2.20393705 6.99238777 19.66460991
v 2.61282110 6.97641897 19.81748962
v 2.21489692 7.00000000 19.62793922
v 2.21489692 7.00000000 19.62793922
v 2.61282110 6.97641897 19.81748962
v 2.62958407 6.98328114 19.78224945
v 4.25784492 5.83401203 21.95750046
v 4.25784492 6.34810019 21.95750046
v 4.22969294 5.84253883 21.84008026
v 4.22969294 5.84253883 21.84008026
v 4.25784492 6.34810019 21.95750046
v 4.17371416 6.40599298 21.65129089
v 4.22969294 5.84253883 21.84008026
v 4.17371416 6.40599298 21.65129089
v 4.08537102 5.88531113 21.41843033
v 4.08537102 5.88531113 21.41843033
v 4.17371416 6.40599298 21.65129089
v 4.13514900 6.42962885 21.54239082
v 4.08537102 5.88531113 21.41843033
v 4.13514900 6.42962885 21.54239082
v 3.87817788 5.94398785 21.01958084
v 3.87817788 5.94398785 21.01958084
v 4.13514900 6.42962885 21.54239082
v 3.95147109 6.52769995 21.14468956
v 3.87817788 5.94398785 21.01958084
v 3.95147109 6.52769995 21.14468956
v 3.87817192 6.56182384 21.01956940
v 3.87817788 5.94398785 21.01958084
v 3.87817192 6.56182384 21.01956940
v 3.81549501 5.96111298 20.92250061
v 3.81549501 5.96111298 20.92250061
v 3.87817192 6.56182384 21.01956940
v 3.70958090 6.63189602 20.77503967
v 3.81549501 5.96111298 20.92250061
v 3.70958090 6.63189602 20.77503967
v 3.53319812 6.03468513 20.56513977
v 3.13047099 6.12975407 20.20066071
v 3.20865202 6.78489923 20.26152039
v 3.03840089 6.82103109 20.13409042
v 3.13047099 6.12975407 20.20066071
v 3.03840089 6.82103109 20.13409042
v 2.74377489 6.21035385 19.95368004
v 3.70958090 6.63189602 20.77503967
v 3.67584395 6.64465523 20.73176956
v 3.53319812 6.03468513 20.56513977
v 3.53319812 6.03468513 20.56513977
v 3.67584395 6.64465523 20.73176956
v 3.37825608 6.74132681 20.40889931
v 3.53319812 6.03468513 20.56513977
v 3.37825608 6.74132681 20.40889931
v 3.20828700 6.11227798 20.26122093
v 3.20828700 6.11227798 20.26122093
v 3.37825608 6.74132681 20.40889931
v 3.20865202 6.78489923 20.26152039
v 3.20828700 6.11227798 20.26122093
v 3.20865202 6.78489923 20.26152039
v 3.19784403 6.11464787 20.25285912
v 3.19784403 6.11464787 20.25285912
v 3.20865202 6.78489923 20.26152039
v 3.13047099 6.12975407 20.20066071
v 1.32703304 6.90000010 19.59807968
v 1.32703304 6.41966105 19.59807968
v 1.76121604 6.90000010 19.62965965
v 1.76121604 6.90000010 19.62965965
v 1.32703304 6.41966105 19.59807968
v 1.78134096 6.36696100 19.63268089
v 1.76121604 6.90000010 19.62965965
v 1.78134096 6.36696100 19.63268089
v 2.18625593 6.90000010 19.72374916
v 2.18625593 6.90000010 19.72374916
v 1.78134096 6.36696100 19.63268089
v 2.22327089 6.30272913 19.73508072
v 2.18625593 6.90000010 19.72374916
v 2.22327089 6.30272913 19.73508072
v 2.32452703 6.89799976 19.76877022
v 2.32452703 6.89799976 19.76877022
v 2.22327089 6.30272913 19.73508072
v 2.32263803 6.28650188 19.76810074
v 2.32452703 6.89799976 19.76877022
v 2.32263803 6.28650188 19.76810074
v 2.58006692 6.88358498 19.87228966
v 2.58006692 6.88358498 19.87228966
v 2.32263803 6.28650188 19.76810074
v 2.74377489 6.21035385 19.95368004
v 2.58006692 6.88358498 19.87228966
v 2.74377489 6.21035385 19.95368004
v 2.94991803 6.83695316 20.07493973
v 2.94991803 6.83695316 20.07493973
v 2.74377489 6.21035385 19.95368004
v 3.03840089 6.82103109 20.13409042
v 1.32703304 7.00000000 19.49807930
v -1.32703304 7.00000000 19.49807930
v 1.32703304 6.99381924 19.53269005
v -1.32703304 6.99381924 19.53269005
v 1.32703304 6.99381924 19.53269005
v -1.32703304 6.99381924 19.53269005
v 1.32703304 6.99238777 19.53635025
v -1.32703304 6.93826914 19.59045982
v 1.32703304 6.97071123 19.56879044
v -1.32703304 6.97071123 19.56879044
v -1.32703304 6.97071123 19.56879044
v 1.32703304 6.97071123 19.56879044
v 1.32703304 6.99238777 19.53635025
v -1.32703304 6.99238777 19.53635025
v -1.32703304 6.99238777 19.53635025
v -1.32703304 6.90000010 19.59807968
v 1.32703304 6.90000010 19.59807968
v -1.32703304 6.93461180 19.59189987
v 1.32703304 6.93461180 19.59189987
v -1.32703304 6.93461180 19.59189987
v 1.32703304 6.93461180 19.59189987
v -1.32703304 6.93826914 19.59045982
v 1.32703304 6.93826914 19.59045982
v 1.32703304 6.93826914 19.59045982
v 1.77067995 6.99381924 19.56496048
v 1.77568901 7.00000000 19.53071976
v 1.32703304 7.00000000 19.49807930
v 2.20393705 6.99238777 19.66460991
v 2.21489692 7.00000000 19.62793922
v 1.77568901 7.00000000 19.53071976
v 1.77568901 7.00000000 19.53071976
v 1.77067995 6.99381924 19.56496048
v 2.20393705 6.99238777 19.66460991
v 2.20393705 6.99238777 19.66460991
v 1.77067995 6.99381924 19.56496048
v 1.76545501 6.97071123 19.60067940
v 2.20393705 6.99238777 19.66460991
v 1.76545501 6.97071123 19.60067940
v 2.19464588 6.97071123 19.69569016
v 2.19464588 6.97071123 19.69569016
v 1.76545501 6.97071123 19.60067940
v 1.76211095 6.93461180 19.62355042
v 2.19464588 6.97071123 19.69569016
v 1.76211095 6.93461180 19.62355042
v 2.18843699 6.93826914 19.71645927
v 1.76121604 6.90000010 19.62965965
v 2.18625593 6.90000010 19.72374916
v 2.18843699 6.93826914 19.71645927
v 2.18843699 6.93826914 19.71645927
v 1.76211095 6.93461180 19.62355042
v 1.76121604 6.90000010 19.62965965
v 1.76121604 6.90000010 19.62965965
v 1.76211095 6.93461180 19.62355042
v 1.32703304 6.93461180 19.59189987
v 1.32703304 6.90000010 19.59807968
v 1.32703304 6.99381924 19.53269005
v 1.77067995 6.99381924 19.56496048
v 1.32703304 6.99381924 19.53269005
v 1.32703304 6.99238777 19.53635025
v 1.77067995 6.99381924 19.56496048
v 1.32703304 6.99238777 19.53635025
v 1.76545501 6.97071123 19.60067940
v 1.76545501 6.97071123 19.60067940
v 1.32703304 6.99238777 19.53635025
v 1.32703304 6.97071123 19.56879044
v 1.76545501 6.97071123 19.60067940
v 1.32703304 6.97071123 19.56879044
v 1.76211095 6.93461180 19.62355042
v 1.76211095 6.93461180 19.62355042
v 1.32703304 6.97071123 19.56879044
v 1.32703304 6.93826914 19.59045982
v 1.76211095 6.93461180 19.62355042
v 1.32703304 6.93826914 19.59045982
v 1.32703304 6.93461180 19.59189987
v -4.56697607 6.30613279 22.68819046
v -4.73398399 6.15634489 23.43217087
v -4.52911711 6.31692410 22.69846916
v -4.52911711 6.31692410 22.69846916
v -4.73398399 6.15634489 23.43217087
v -4.69588709 6.16906118 23.44318008
v -4.52911711 6.31692410 22.69846916
v -4.69588709 6.16906118 23.44318008
v -4.48953104 6.31146383 22.70611000
v -4.48953104 6.31146383 22.70611000
v -4.69588709 6.16906118 23.44318008
v -4.65523195 6.16488886 23.45117950
v -4.48953104 6.31146383 22.70611000
v -4.65523195 6.16488886 23.45117950
v -4.45476913 6.29065704 22.70985031
v -4.45476913 6.29065704 22.70985031
v -4.65523195 6.16488886 23.45117950
v -4.61907005 6.14455223 23.45479965
v -4.45476913 6.29065704 22.70985031
v -4.61907005 6.14455223 23.45479965
v -4.43058681 6.25794697 22.70907974
v -4.43058681 6.25794697 22.70907974
v -4.61907005 6.14455223 23.45479965
v -4.59367323 6.11157703 23.45339012
v -4.43058681 6.25794697 22.70907974
v -4.59367323 6.11157703 23.45339012
v -4.42098808 6.21874905 22.70392036
v -4.58344507 6.07168388 23.44721031
v -4.56697607 6.30613279 22.68819046
v -4.35201597 6.44663000 21.95285988
v -4.56697607 6.30613279 22.68819046
v -4.52911711 6.31692410 22.69846916
v -4.35201597 6.44663000 21.95285988
v -4.52911711 6.31692410 22.69846916
v -4.32329416 6.44017792 21.95808983
v -4.32329416 6.44017792 21.95808983
v -4.52911711 6.31692410 22.69846916
v -4.48953104 6.31146383 22.70611000
v -4.32329416 6.44017792 21.95808983
v -4.48953104 6.31146383 22.70611000
v -4.30559587 6.43123722 21.96051979
v -4.30559587 6.43123722 21.96051979
v -4.48953104 6.31146383 22.70611000
v -4.45476913 6.29065704 22.70985031
v -4.30559587 6.43123722 21.96051979
v -4.45476913 6.29065704 22.70985031
v -4.27141380 6.39547300 21.96220016
v -4.27141380 6.39547300 21.96220016
v -4.45476913 6.29065704 22.70985031
v -4.43058681 6.25794697 22.70907974
v -4.27141380 6.39547300 21.96220016
v -4.43058681 6.25794697 22.70907974
v -4.25784492 6.34810019 21.95750046
v -4.25784492 6.34810019 21.95750046
v -4.43058681 6.25794697 22.70907974
v -4.42098808 6.21874905 22.70392036
v -4.95388603 5.55741215 26.01404953
v -4.84628677 5.75840187 24.95249939
v -4.85687399 5.80033302 24.95944977
v -4.96927023 5.52255487 26.24802971
v -5.00644684 5.83726120 24.94714928
v -5.14817715 5.55177402 26.48525047
v -4.96717501 5.85464191 24.95577049
v -4.96717501 5.85464191 24.95577049
v -5.14817715 5.55177402 26.48525047
v -5.10834599 5.57328892 26.49053955
v -4.96717501 5.85464191 24.95577049
v -5.10834599 5.57328892 26.49053955
v -4.92373180 5.85355902 24.96125984
v -4.92373180 5.85355902 24.96125984
v -5.10834599 5.57328892 26.49053955
v -5.06286001 5.57502699 26.49290085
v -4.92373180 5.85355902 24.96125984
v -5.06286001 5.57502699 26.49290085
v -4.88445282 5.83421898 24.96257019
v -4.88445282 5.83421898 24.96257019
v -5.06286001 5.57502699 26.49290085
v -5.02117205 5.55663013 26.49181938
v -4.88445282 5.83421898 24.96257019
v -5.02117205 5.55663013 26.49181938
v -4.85687399 5.80033302 24.95944977
v -4.85687399 5.80033302 24.95944977
v -5.02117205 5.55663013 26.49181938
v -4.99194098 5.52192020 26.48753929
v -4.85687399 5.80033302 24.95944977
v -4.99194098 5.52192020 26.48753929
v -4.95388603 5.55741215 26.01404953
v -4.95388603 5.55741215 26.01404953
v -4.99194098 5.52192020 26.48753929
v -4.96927023 5.52255487 26.24802971
v -4.73398399 6.15634489 23.43217087
v -5.00644684 5.83726120 24.94714928
v -4.69588709 6.16906118 23.44318008
v -4.69588709 6.16906118 23.44318008
v -5.00644684 5.83726120 24.94714928
v -4.96717501 5.85464191 24.95577049
v -4.96717501 5.85464191 24.95577049
v -4.65523195 6.16488886 23.45117950
v -4.96717501 5.85464191 24.95577049
v -4.92373180 5.85355902 24.96125984
v -4.65523195 6.16488886 23.45117950
v -4.92373180 5.85355902 24.96125984
v -4.61907005 6.14455223 23.45479965
v -4.61907005 6.14455223 23.45479965
v -4.92373180 5.85355902 24.96125984
v -4.88445282 5.83421898 24.96257019
v -4.61907005 6.14455223 23.45479965
v -4.88445282 5.83421898 24.96257019
v -4.59367323 6.11157703 23.45339012
v -4.59367323 6.11157703 23.45339012
v -4.88445282 5.83421898 24.96257019
v -4.85687399 5.80033302 24.95944977
v -4.59367323 6.11157703 23.45339012
v -4.85687399 5.80033302 24.95944977
v -4.58344507 6.07168388 23.44721031
v -4.58344507 6.07168388 23.44721031
v -4.85687399 5.80033302 24.95944977
v -4.84628677 5.75840187 24.95249939
v -5.16762304 5.35040712 27.32632065
v -5.16614914 5.41810703 27.09852982
v -5.68300819 4.86923599 27.04824066
v -5.16614914 5.41810703 27.09852982
v -5.14817715 5.55177402 26.48525047
v -5.47566986 5.22163105 26.52850914
v -5.58987713 4.46305799 28.18680954
v -5.16792011 4.87759781 28.34786987
v -5.55507517 4.61921501 28.00914001
v -5.55507517 4.61921501 28.00914001
v -5.16792011 4.87759781 28.34786987
v -5.16777182 5.14505720 27.85310936
v -5.55507517 4.61921501 28.00914001
v -5.16777182 5.14505720 27.85310936
v -5.61810684 4.77532291 27.53661919
v -5.58987713 4.46305799 28.18680954
v -5.40528011 4.58205080 28.37352943
v -5.16792011 4.87759781 28.34786987
v -5.16792011 4.87759781 28.34786987
v -5.40528011 4.58205080 28.37352943
v -5.28895378 4.65218592 28.47966003
v -5.16792011 4.87759781 28.34786987
v -5.28895378 4.65218592 28.47966003
v -5.16798401 4.73401117 28.56428909
v -5.16798401 4.73401117 28.56428909
v -5.28895378 4.65218592 28.47966003
v -5.16798878 4.72292995 28.57992935
v -5.84761381 4.26638412 27.89797020
v -5.77843618 4.32630301 27.97406960
v -5.55507517 4.61921501 28.00914001
v -5.55507517 4.61921501 28.00914001
v -5.77843618 4.32630301 27.97406960
v -5.76028919 4.34097290 27.99444008
v -5.55507517 4.61921501 28.00914001
v -5.55507517 4.61921501 28.00914001
v -5.89465618 4.22040892 27.85016060
v -5.55507517 4.61921501 28.00914001
v -5.61810684 4.77532291 27.53661919
v -5.89465618 4.22040892 27.85016060
v -5.61810684 4.77532291 27.53661919
v -5.94347000 4.16410494 27.81063080
v -5.94347000 4.16410494 27.81063080
v -5.61810684 4.77532291 27.53661919
v -6.11120605 4.16025400 27.26889038
v -5.94347000 4.16410494 27.81063080
v -6.11120605 4.16025400 27.26889038
v -5.94638777 4.16025400 27.80892944
v -5.16614914 5.41810703 27.09852982
v -5.47566986 5.22163105 26.52850914
v -5.68300819 4.86923599 27.04824066
v -5.68300819 4.86923599 27.04824066
v -5.47566986 5.22163105 26.52850914
v -5.74706602 4.89976406 26.56436920
v -5.68300819 4.86923599 27.04824066
v -5.74706602 4.89976406 26.56436920
v -5.88595486 4.71362495 26.58271027
v -5.16777182 5.14505720 27.85310936
v -5.16762304 5.35040712 27.32632065
v -5.61810684 4.77532291 27.53661919
v -5.61810684 4.77532291 27.53661919
v -5.16762304 5.35040712 27.32632065
v -5.68300819 4.86923599 27.04824066
v -5.61810684 4.77532291 27.53661919
v -5.68300819 4.86923599 27.04824066
v -6.11120605 4.16025400 27.26889038
v -6.11120605 4.16025400 27.26889038
v -5.68300819 4.86923599 27.04824066
v -5.88595486 4.71362495 26.58271027
v -6.11120605 4.16025400 27.26889038
v -5.88595486 4.71362495 26.58271027
v -6.23329782 4.16025400 26.62859917
v 4.87929916 4.16025400 29.38851929
v 4.01048899 4.16025400 30.42539024
v 4.37616920 4.16025400 30.16041946
v 4.97312307 4.16025400 29.36418915
v 4.81717777 4.16025400 29.76299095
v 5.11918497 4.16025400 29.26951027
v 5.20724201 4.16025400 29.31656075
v 5.24366999 4.16025400 29.13783073
v -4.87929916 4.16025400 29.38851929
v -4.88493490 4.16025400 29.38854027
v -4.76501989 4.16025400 29.86384010
v -4.96133089 4.16025400 29.36911011
v -5.16593409 4.16025400 29.43094063
v -4.70386791 4.16025400 29.92151070
v -4.48176622 4.16025400 30.11540985
v -4.25067282 4.16025400 30.29402924
v -5.80977297 4.16025400 28.43144035
v -5.85513210 4.16025400 28.15527916
v -6.04801893 4.16025400 27.87231064
v -5.88969898 4.16025400 28.03944969
v 5.41739321 4.16025400 28.90122986
v 5.46417809 4.16025400 28.95335960
v 5.74968481 4.16025400 28.37607956
v 5.76689196 4.16025400 28.41696930
v 5.85513210 4.16025400 28.15527916
v 6.00748301 4.16025400 27.84597969
v 5.88969898 4.16025400 28.03944969
v 1.37801504 4.16025496 31.21471977
v 1.95861995 4.16025400 31.17926025
v 1.76702404 4.16025496 30.00909996
v -3.76132011 4.16025400 30.60664940
v -3.25421810 4.16025400 30.85180092
v -4.82772779 4.16025400 29.38246918
v 6.04263496 4.16025400 27.51795959
v 5.94638777 4.16025400 27.80892944
v 5.91611624 4.16025400 27.92227936
v -5.03129005 4.16025400 29.33370972
v -5.08347511 4.16025400 29.29818916
v -5.39408922 4.16025400 29.13146019
v -5.24366999 4.16025400 29.13783073
v -5.51439285 4.16025400 28.95302963
v -5.41739321 4.16025400 28.90122986
v -5.74968481 4.16025400 28.37607956
v -5.91611624 4.16025400 27.92227936
v -5.94638777 4.16025400 27.80892944
v -6.22707796 4.16025400 27.27840996
v -6.11120605 4.16025400 27.26889038
v -6.34270382 4.16025400 26.66027069
v 6.14239979 4.16025400 27.41381073
v 6.19744587 4.16025400 27.19178963
v 6.18965101 4.16025400 26.90612030
v 6.27427816 4.16025400 26.78869057
v 6.23329782 4.16025400 26.62859917
v 6.29270411 4.16025400 26.66027069
v 6.81934977 4.16025400 21.82243919
v 6.95085287 4.16025400 21.20122910
v 7.41842604 4.16025400 15.77420044
v 7.55745792 4.16025400 14.86347961
v 7.86509705 4.16025400 9.71281433
v 7.93843508 4.16025400 9.51807690
v 7.93843508 4.16025400 8.45782757
v 2.15611696 4.16025400 29.91275978
v 2.52665210 4.16025400 31.07443047
v 2.60723209 4.16025400 29.77145004
v 2.96704292 4.16025400 30.94253922
v 2.70909905 4.16025400 29.73675919
v 0.87334007 4.16025400 30.15156937
v 0.00000000 4.16025400 30.19614983
v -1.42801499 4.16025496 31.21471977
v -0.87334007 4.16025400 30.15156937
v -1.65835404 4.16025400 31.20915985
v -1.76702404 4.16025496 30.00909996
v -2.13922811 4.16025400 31.16142082
v -7.98843384 4.16025400 7.53010988
v -7.98843384 4.16025400 9.51807690
v -7.86509705 4.16025400 9.71281433
v -7.60745811 4.16025400 14.86347961
v -7.41842604 4.16025400 15.77420044
v -7.00085306 4.16025400 21.20122910
v -6.81934977 4.16025400 21.82243919
v -6.23329782 4.16025400 26.62859917
v 2.99431992 4.16025400 29.63925934
v 3.50575209 4.16025400 30.71487999
v 3.12288308 4.16025400 29.59572983
v -2.70375800 4.16025400 31.04107094
v -2.16939306 4.16025400 29.90906906
v -2.60636210 4.16025400 29.77174950
v -2.70927310 4.16025400 29.73670006
v 4.28018522 4.16025400 29.29516029
v 3.84790397 4.16025400 29.37532043
v 3.64688802 4.16025400 29.42967033
v 3.38581491 4.16025400 29.50929070
v -3.02547193 4.16025400 29.62866020
v -3.38828206 4.16025400 29.50849915
v -3.64403701 4.16025400 29.43049049
v -3.70528603 4.16025400 29.41312027
v -3.91536188 4.16025400 29.35895920
v -4.03597784 4.16025400 29.33268929
v 4.84101391 4.16025400 29.38607979
v 4.80833006 4.16025400 29.37332916
v 4.78797913 4.16025400 29.36145020
v 4.61495209 4.16025400 29.30233002
v 4.34638214 4.16025400 29.28982925
v -4.23868513 4.16025400 29.29970932
v -4.51453686 4.16025400 29.28977013
v -4.60574389 4.16025400 29.30065918
v -4.75626421 4.16025400 29.34560013
v -4.80833006 4.16025400 29.37332916
v -7.98843384 4.16025400 9.51807690
v -7.98843384 4.16025400 7.53010988
v -8.13084316 3.85939193 9.51807690
v -8.13084316 3.85939193 9.51807690
v -7.98843384 4.16025400 7.53010988
v -8.03826904 4.06025410 7.60994291
v -8.59053802 1.66025400 6.78689098
v -8.59053802 1.66025400 9.51807690
v -8.55169964 2.31299710 6.56110811
v -8.55169964 2.31299710 6.56110811
v -8.59053802 1.66025400 9.51807690
v -8.52925491 2.47904611 9.51807690
v -8.55169964 2.31299710 6.56110811
v -8.52925491 2.47904611 9.51807690
v -8.47488308 2.78122997 6.40309381
v -8.52925491 2.47904611 9.51807690
v -8.47492981 2.78113604 9.51807690
v -8.47488308 2.78122997 6.40309381
v -8.47488308 2.78122997 6.40309381
v -8.47492981 2.78113604 9.51807690
v -8.30647182 3.40309310 9.51807690
v -8.47488308 2.78122997 6.40309381
v -8.30647182 3.40309310 9.51807690
v -8.43732738 2.94781804 6.34567404
v -8.43732738 2.94781804 6.34567404
v -8.30647182 3.40309310 9.51807690
v -8.13084316 3.85939193 9.51807690
v -8.43732738 2.94781804 6.34567404
v -8.13084316 3.85939193 9.51807690
v -8.25403881 3.55257511 6.11806488
v -8.25403881 3.55257511 6.11806488
v -8.13084316 3.85939193 9.51807690
v -8.03826904 4.06025410 7.60994291
v -8.25403881 3.55257511 6.11806488
v -8.03826904 4.06025410 7.60994291
v -8.03820705 4.06025410 6.11807489
v -4.31012821 6.49684477 21.62438965
v -4.26932096 6.52091789 21.51173019
v -4.45172596 6.43335104 21.55780029
v -8.12181187 4.06025410 5.89532709
v -8.03826904 4.06025410 7.60994291
v -8.06915092 4.16025400 5.86615181
v -8.06915092 4.16025400 5.86615181
v -8.03826904 4.06025410 7.60994291
v -7.98843384 4.16025400 7.53010988
v -8.06915092 4.16025400 5.86615181
v -7.98843384 4.16025400 7.53010988
v -7.97783709 4.32223082 5.82349014
v -7.97783709 4.32223082 5.82349014
v -7.98843384 4.16025400 7.53010988
v -7.72570181 4.71057701 5.75307608
v -7.02332878 5.50605202 5.85313416
v -7.12840319 5.40607595 5.82125902
v -6.99612713 5.33415794 9.65976524
v -6.99612713 5.33415794 9.65976524
v -7.12840319 5.40607595 5.82125902
v -7.40683317 5.11272287 5.75213194
v -6.99612713 5.33415794 9.65976524
v -7.40683317 5.11272287 5.75213194
v -7.58918810 4.60835314 9.69596863
v -7.58918810 4.60835314 9.69596863
v -7.40683317 5.11272287 5.75213194
v -7.66719198 4.79078197 5.74591398
v -7.58918810 4.60835314 9.69596863
v -7.66719198 4.79078197 5.74591398
v -7.72570181 4.71057701 5.75307608
v -5.77801991 6.38928986 5.72983694
v -5.86727715 6.34155416 5.76121616
v -5.48715591 6.43335104 9.56764412
v -5.48715591 6.43335104 9.56764412
v -5.86727715 6.34155416 5.76121616
v -6.23853683 6.11965799 5.85864305
v -5.48715591 6.43335104 9.56764412
v -6.23853683 6.11965799 5.85864305
v -6.28859091 5.94844580 9.61656857
v -6.28859091 5.94844580 9.61656857
v -6.23853683 6.11965799 5.85864305
v -6.59226608 5.86980200 5.89755201
v -6.28859091 5.94844580 9.61656857
v -6.59226608 5.86980200 5.89755201
v -6.99612713 5.33415794 9.65976524
v -6.99612713 5.33415794 9.65976524
v -6.59226608 5.86980200 5.89755201
v -6.72162580 5.76797724 5.89642715
v -6.99612713 5.33415794 9.65976524
v -6.72162580 5.76797724 5.89642715
v -7.02332878 5.50605202 5.85313416
v -5.77801991 6.38928986 5.72983694
v -5.48715591 6.43335104 9.56764412
v -5.38880396 6.57400417 5.55720282
v -5.38880396 6.57400417 5.55720282
v -5.48715591 6.43335104 9.56764412
v -4.61513376 6.77476788 9.51440811
v -5.38880396 6.57400417 5.55720282
v -4.61513376 6.77476788 9.51440811
v -5.00712109 6.72049999 5.32747221
v -3.68075991 6.98682880 4.72465086
v -4.04258013 6.94920015 4.81918001
v -3.69788599 6.96276903 9.45841026
v -3.69788599 6.96276903 9.45841026
v -4.04258013 6.94920015 4.81918001
v -4.47743082 6.87014198 5.00658798
v -3.69788599 6.96276903 9.45841026
v -4.47743082 6.87014198 5.00658798
v -4.61513376 6.77476788 9.51440811
v -4.61513376 6.77476788 9.51440811
v -4.47743082 6.87014198 5.00658798
v -4.92686319 6.74714613 5.27313709
v -4.61513376 6.77476788 9.51440811
v -4.92686319 6.74714613 5.27313709
v -5.00712109 6.72049999 5.32747221
v -3.06020403 7.00000000 9.41948032
v -3.25893903 6.96276903 15.41501045
v -2.62243700 7.00000000 15.36003971
v -2.62958407 6.98328114 19.78224945
v -2.62243700 7.00000000 15.36003971
v -2.62958407 6.98328114 19.78224945
v -2.21489692 7.00000000 19.62793922
v -3.78434801 6.73992586 20.67284012
v -3.47055602 6.83838797 20.33848953
v -4.17448616 6.77476788 15.49407005
v -4.17448616 6.77476788 15.49407005
v -3.47055602 6.83838797 20.33848953
v -3.11239100 6.91956902 20.05376053
v -4.17448616 6.77476788 15.49407005
v -3.11239100 6.91956902 20.05376053
v -3.25893903 6.96276903 15.41501045
v -3.25893903 6.96276903 15.41501045
v -3.11239100 6.91956902 20.05376053
v -3.01916695 6.93578482 19.99242973
v -3.25893903 6.96276903 15.41501045
v -3.01916695 6.93578482 19.99242973
v -2.62958407 6.98328114 19.78224945
v -3.78434801 6.73992586 20.67284012
v -4.17448616 6.77476788 15.49407005
v -3.81993604 6.72693110 20.71763039
v -3.81993604 6.72693110 20.71763039
v -4.17448616 6.77476788 15.49407005
v -5.04489279 6.43335104 15.56923008
v -3.81993604 6.72693110 20.71763039
v -5.04489279 6.43335104 15.56923008
v -4.07522202 6.62080479 21.10024071
v -5.24968386 5.94844580 21.64698982
v -4.56697607 6.30613279 22.68819046
v -4.45172596 6.43335104 21.55780029
v -4.45172596 6.43335104 21.55780029
v -4.56697607 6.30613279 22.68819046
v -4.39930010 6.43787909 21.94111061
v -4.45172596 6.43335104 21.55780029
v -4.39930010 6.43787909 21.94111061
v -4.31012821 6.49684477 21.62438965
v -5.47566986 5.22163105 26.52850914
v -5.14817715 5.55177402 26.48525047
v -5.95415115 5.33415794 21.72573090
v -5.95415115 5.33415794 21.72573090
v -5.14817715 5.55177402 26.48525047
v -5.00644684 5.83726120 24.94714928
v -5.95415115 5.33415794 21.72573090
v -5.00644684 5.83726120 24.94714928
v -5.24968386 5.94844580 21.64698982
v -5.24968386 5.94844580 21.64698982
v -5.00644684 5.83726120 24.94714928
v -4.73398399 6.15634489 23.43217087
v -5.24968386 5.94844580 21.64698982
v -4.73398399 6.15634489 23.43217087
v -4.56697607 6.30613279 22.68819046
v -5.47566986 5.22163105 26.52850914
v -5.95415115 5.33415794 21.72573090
v -5.74706602 4.89976406 26.56436920
v -5.74706602 4.89976406 26.56436920
v -5.95415115 5.33415794 21.72573090
v -6.54463816 4.60835314 21.79173088
v -5.74706602 4.89976406 26.56436920
v -6.54463816 4.60835314 21.79173088
v -5.88595486 4.71362495 26.58271027
v -7.72570181 4.71057701 5.75307608
v -7.98843384 4.16025400 7.53010988
v -7.58918810 4.60835314 9.69596863
v -7.58918810 4.60835314 9.69596863
v -7.98843384 4.16025400 7.53010988
v -7.86509705 4.16025400 9.71281433
v -7.58918810 4.60835314 9.69596863
v -7.86509705 4.16025400 9.71281433
v -7.41842604 4.16025400 15.77420044
v -6.23329782 4.16025400 26.62859917
v -5.88595486 4.71362495 26.58271027
v -6.81934977 4.16025400 21.82243919
v -6.81934977 4.16025400 21.82243919
v -5.88595486 4.71362495 26.58271027
v -6.54463816 4.60835314 21.79173088
v -6.81934977 4.16025400 21.82243919
v -6.54463816 4.60835314 21.79173088
v -7.14302778 4.60835314 15.75041962
v -7.14302778 4.60835314 15.75041962
v -6.54463816 4.60835314 21.79173088
v -5.95415115 5.33415794 21.72573090
v -6.55106688 5.33415794 15.69929981
v -6.55106688 5.33415794 15.69929981
v -5.95415115 5.33415794 21.72573090
v -5.24968386 5.94844580 21.64698982
v -5.84484100 5.94844580 15.63831997
v -5.84484100 5.94844580 15.63831997
v -5.24968386 5.94844580 21.64698982
v -4.45172596 6.43335104 21.55780029
v -5.04489279 6.43335104 15.56923008
v -5.04489279 6.43335104 15.56923008
v -5.04489279 6.43335104 15.56923008
v -4.26932096 6.52091789 21.51173019
v -4.07522202 6.62080479 21.10024071
v -3.30143905 7.00000000 4.69065905
v -3.68075991 6.98682880 4.72465086
v -3.06020403 7.00000000 9.41948032
v -3.68075991 6.98682880 4.72465086
v -3.69788599 6.96276903 9.45841026
v -3.25893903 6.96276903 15.41501045
v -4.17448616 6.77476788 15.49407005
v -4.61513376 6.77476788 9.51440811
v -5.48715591 6.43335104 9.56764412
v -5.04489279 6.43335104 15.56923008
v -5.48715591 6.43335104 9.56764412
v -6.28859091 5.94844580 9.61656857
v -5.84484100 5.94844580 15.63831997
v -5.84484100 5.94844580 15.63831997
v -6.28859091 5.94844580 9.61656857
v -6.99612713 5.33415794 9.65976524
v -6.55106688 5.33415794 15.69929981
v -6.55106688 5.33415794 15.69929981
v -6.99612713 5.33415794 9.65976524
v -7.58918810 4.60835314 9.69596863
v -7.14302778 4.60835314 15.75041962
v -7.14302778 4.60835314 15.75041962
v -7.41842604 4.16025400 15.77420044
v 4.95456696 2.42358804 9.30382633
v 4.95456696 2.12437391 8.79873466
v 4.95456696 2.94904590 9.10347366
v 4.95456696 3.57511592 8.79873466
v 4.95456696 3.57511592 8.79873466
v 4.95456696 2.12437391 8.79873466
v 4.79766703 3.58363891 8.79873466
v 4.75187111 2.12437391 8.79873466
v 4.75187111 3.58363891 8.79873466
v -4.05000019 5.50000000 17.75362015
v -4.05000019 5.18749189 17.75362015
v -4.05000019 5.50000000 10.76766968
v -4.05000019 5.18749189 8.79873466
v -4.05000019 5.50000000 8.10720825
v -4.05000019 4.33266306 8.79873466
v 4.05000019 5.50000000 8.10720825
v 4.05000019 4.33266306 8.79873466
v 4.05000019 5.18749189 8.79873466
v 4.05000019 5.50000000 10.76766968
v 4.05000019 5.18749189 17.75362015
v 4.05000019 5.50000000 17.75362015
v 3.69899011 5.50000000 19.44157028
v 3.20156193 5.50000000 19.47867012
v 4.05000019 5.50000000 17.75362015
v 3.97387910 5.50000000 11.15034962
v 4.05000019 5.50000000 10.76766968
v 3.75710702 5.50000000 11.47476959
v 4.12697601 5.50000000 19.15727997
v 4.35730410 5.50000000 18.69799995
v 4.32916880 5.50000000 18.18497086
v 3.20156193 5.50000000 11.75611019
v 3.43268299 5.50000000 11.69155025
v 2.34819698 6.21237087 7.68520021
v 4.05000019 4.33266306 8.79873466
v 4.05000019 5.50000000 8.10720825
v 3.93944001 5.95705223 7.83645105
v 3.63220692 6.31303978 7.62556410
v 3.42472696 6.42713499 7.55797386
v 3.19623709 6.48924923 7.52117777
v 2.95954800 6.49590111 7.51723814
v 2.72793102 6.44671583 7.54637480
v -2.34819698 6.21237087 7.68520021
v -3.42472696 6.42713499 7.55797386
v -3.63220692 6.31303978 7.62556410
v -2.72793102 6.44671583 7.54637480
v -2.95954800 6.49590111 7.51723814
v -3.19623709 6.48924923 7.52117777
v -4.05000019 4.33266306 8.79873466
v -4.05000019 5.50000000 8.10720825
v -3.93944001 5.95705223 7.83645105
v -2.09277105 5.78933001 9.67316055
v -2.09277105 5.78933001 10.76766968
v -2.12612104 5.88268280 10.76766968
v -2.09277105 5.78933001 9.67316055
v -2.12612104 5.88268280 10.76766968
v -2.15539789 5.94686317 8.94919300
v -2.15539789 5.94686317 8.94919300
v -2.12612104 5.88268280 10.76766968
v -2.33084106 6.19484520 10.76766968
v -2.15539789 5.94686317 8.94919300
v -2.33084106 6.19484520 10.76766968
v -2.24373388 6.09155321 8.28424072
v -2.24373388 6.09155321 8.28424072
v -2.33084106 6.19484520 10.76766968
v -2.34819698 6.21237087 7.68520021
v -2.34819698 6.21237087 7.68520021
v -2.33084106 6.19484520 10.76766968
v -2.72793102 6.44671583 10.76766968
v -2.34819698 6.21237087 7.68520021
v -2.72793102 6.44671583 10.76766968
v -2.72793102 6.44671583 7.54637480
v -2.72793102 6.44671583 7.54637480
v -2.72793102 6.44671583 10.76766968
v -2.95954800 6.49590111 7.51723814
v -2.95954800 6.49590111 7.51723814
v -2.72793102 6.44671583 10.76766968
v -3.04999995 6.50000000 10.76766968
v -2.95954800 6.49590111 7.51723814
v -3.04999995 6.50000000 10.76766968
v -3.19623709 6.48924923 7.52117777
v -3.19623709 6.48924923 7.52117777
v -3.04999995 6.50000000 10.76766968
v -3.19623709 6.48924923 10.76766968
v -3.19623709 6.48924923 7.52117777
v -3.19623709 6.48924923 10.76766968
v -3.42472696 6.42713499 7.55797386
v -3.42472696 6.42713499 7.55797386
v -3.19623709 6.48924923 10.76766968
v -3.43268299 6.42388010 10.76766968
v -3.42472696 6.42713499 7.55797386
v -3.43268299 6.42388010 10.76766968
v -3.63220692 6.31303978 7.62556410
v -3.43268299 6.42388010 10.76766968
v -3.63220692 6.31303978 10.76766968
v -3.63220692 6.31303978 7.62556410
v -3.63220692 6.31303978 7.62556410
v -3.63220692 6.31303978 10.76766968
v -3.75710702 6.20710707 10.76766968
v -3.63220692 6.31303978 7.62556410
v -3.75710702 6.20710707 10.76766968
v -3.93944001 5.95705223 7.83645105
v -4.05000019 5.50000000 10.76766968
v -4.05000019 5.50000000 8.10720825
v -3.97387910 5.88268280 10.76766968
v -3.97387910 5.88268280 10.76766968
v -4.05000019 5.50000000 8.10720825
v -3.93944001 5.95705223 7.83645105
v -3.97387910 5.88268280 10.76766968
v -3.93944001 5.95705223 7.83645105
v -3.93944001 5.95705223 10.76766968
v -3.93944001 5.95705223 10.76766968
v -3.93944001 5.95705223 7.83645105
v -3.75710702 6.20710707 10.76766968
v -2.24373388 6.09155321 8.28424072
v -2.34819698 6.21237087 7.68520021
v 2.24373388 6.09155321 8.28424072
v 2.34819698 6.21237087 7.68520021
v 4.05000019 5.50000000 10.76766968
v 3.97387910 5.88268280 10.76766968
v 4.05000019 5.50000000 8.10720825
v 4.05000019 5.50000000 8.10720825
v 3.97387910 5.88268280 10.76766968
v 3.93944001 5.95705223 7.83645105
v 3.97387910 5.88268280 10.76766968
v 3.93944001 5.95705223 10.76766968
v 3.93944001 5.95705223 7.83645105
v 3.93944001 5.95705223 7.83645105
v 3.93944001 5.95705223 10.76766968
v 3.75710702 6.20710707 10.76766968
v 3.93944001 5.95705223 7.83645105
v 3.75710702 6.20710707 10.76766968
v 3.63220692 6.31303978 7.62556410
v 3.63220692 6.31303978 7.62556410
v 3.75710702 6.20710707 10.76766968
v 3.63220692 6.31303978 10.76766968
v 3.63220692 6.31303978 7.62556410
v 3.63220692 6.31303978 10.76766968
v 3.42472696 6.42713499 7.55797386
v 3.42472696 6.42713499 7.55797386
v 3.63220692 6.31303978 10.76766968
v 3.43268299 6.42388010 10.76766968
v 3.42472696 6.42713499 7.55797386
v 3.43268299 6.42388010 10.76766968
v 3.19623709 6.48924923 7.52117777
v 3.19623709 6.48924923 7.52117777
v 3.43268299 6.42388010 10.76766968
v 3.19623709 6.48924923 10.76766968
v 3.19623709 6.48924923 7.52117777
v 3.19623709 6.48924923 10.76766968
v 2.95954800 6.49590111 7.51723814
v 2.95954800 6.49590111 7.51723814
v 3.19623709 6.48924923 10.76766968
v 3.04999995 6.50000000 10.76766968
v 2.95954800 6.49590111 7.51723814
v 3.04999995 6.50000000 10.76766968
v 2.72793102 6.44671583 7.54637480
v 3.04999995 6.50000000 10.76766968
v 2.72793102 6.44671583 10.76766968
v 2.72793102 6.44671583 7.54637480
v 2.72793102 6.44671583 7.54637480
v 2.72793102 6.44671583 10.76766968
v 2.33084106 6.19484520 10.76766968
v 2.72793102 6.44671583 7.54637480
v 2.33084106 6.19484520 10.76766968
v 2.34819698 6.21237087 7.68520021
v 2.09277105 5.78933001 10.76766968
v 2.09277105 5.78933001 9.67316055
v 2.12612104 5.88268280 10.76766968
v 2.12612104 5.88268280 10.76766968
v 2.09277105 5.78933001 9.67316055
v 2.15539789 5.94686317 8.94919300
v 2.12612104 5.88268280 10.76766968
v 2.15539789 5.94686317 8.94919300
v 2.33084106 6.19484520 10.76766968
v 2.33084106 6.19484520 10.76766968
v 2.15539789 5.94686317 8.94919300
v 2.24373388 6.09155321 8.28424072
v 2.33084106 6.19484520 10.76766968
v 2.24373388 6.09155321 8.28424072
v 2.34819698 6.21237087 7.68520021
v 3.20156193 5.50000000 19.47867012
v 3.69899011 5.50000000 19.44157028
v 3.45340610 5.41584492 19.49156952
v 3.45340610 5.41584492 19.49156952
v 3.69899011 5.50000000 19.44157028
v 3.69899011 5.32687521 19.44157028
v 3.69899011 5.32687521 19.44157028
v 3.69899011 5.50000000 19.44157028
v 3.93043089 5.23661709 19.32813072
v 3.93043089 5.23661709 19.32813072
v 3.69899011 5.50000000 19.44157028
v 4.12697601 5.50000000 19.15727997
v 3.93043089 5.23661709 19.32813072
v 4.12697601 5.50000000 19.15727997
v 4.12697601 5.15495110 19.15727997
v 4.12697601 5.15495110 19.15727997
v 4.12697601 5.50000000 19.15727997
v 4.27108002 5.09207392 18.94478989
v 4.27108002 5.09207392 18.94478989
v 4.12697601 5.50000000 19.15727997
v 4.35730410 5.50000000 18.69799995
v 4.27108002 5.09207392 18.94478989
v 4.35730410 5.50000000 18.69799995
v 4.35730410 5.05321407 18.69799995
v 4.35730410 5.05321407 18.69799995
v 4.35730410 5.50000000 18.69799995
v 4.37673092 5.04433012 18.43932915
v 4.37673092 5.04433012 18.43932915
v 4.35730410 5.50000000 18.69799995
v 4.32916880 5.50000000 18.18497086
v 4.37673092 5.04433012 18.43932915
v 4.32916880 5.50000000 18.18497086
v 4.32916880 5.06599712 18.18497086
v 4.32916880 5.06599712 18.18497086
v 4.32916880 5.50000000 18.18497086
v 4.21635818 5.11625290 17.94890022
v 4.21635818 5.11625290 17.94890022
v 4.32916880 5.50000000 18.18497086
v 4.05000019 5.50000000 17.75362015
v 4.21635818 5.11625290 17.94890022
v 4.05000019 5.50000000 17.75362015
v 4.05000019 5.18749189 17.75362015
v -3.69899011 5.50000000 19.44157028
v -4.12697601 5.50000000 19.15727997
v -4.35730410 5.50000000 18.69799995
v -4.05000019 5.50000000 10.76766968
v -3.97387910 5.50000000 11.15034962
v -4.05000019 5.50000000 17.75362015
v -3.75710702 5.50000000 11.47476959
v -3.43268299 5.50000000 11.69155025
v -4.32916880 5.50000000 18.18497086
v -3.20156193 5.50000000 19.47867012
v -3.20156193 5.50000000 11.75611019
v 3.90355301 5.88268280 11.12121964
v 3.97387910 5.88268280 10.76766968
v 4.05000019 5.50000000 10.76766968
v 3.32059789 6.42388010 11.03826046
v 3.40355301 6.42388010 10.91411018
v 3.70328093 6.20710707 11.03826046
v 3.40355301 6.42388010 10.91411018
v 3.32059789 6.42388010 11.03826046
v 3.04999995 6.50000000 10.76766968
v 3.19644690 6.42388010 11.12121964
v 3.04999995 6.50000000 10.76766968
v 3.32059789 6.42388010 11.03826046
v 3.04999995 6.50000000 10.76766968
v 2.77940202 6.42388010 11.03826046
v 2.69644690 6.42388010 10.91411018
v 2.90355301 6.42388010 11.12121964
v 2.77940202 6.42388010 11.03826046
v 3.04999995 6.50000000 10.76766968
v 2.11503696 5.78477621 10.97920036
v 2.09277105 5.78933001 10.76766968
v 2.12612104 5.88268280 10.76766968
v 2.19644594 5.88268280 11.12121964
v 2.18104005 5.77098179 11.18175983
v 2.11503696 5.78477621 10.97920036
v 2.18104005 5.77098179 11.18175983
v 2.19644594 5.88268280 11.12121964
v 2.28706598 5.74789381 11.36472988
v 2.28706598 5.74789381 11.36472988
v 2.19644594 5.88268280 11.12121964
v 2.39671803 5.88268280 11.42094994
v 2.28706598 5.74789381 11.36472988
v 2.39671803 5.88268280 11.42094994
v 2.42888188 5.71521091 11.52124977
v 2.42888188 5.71521091 11.52124977
v 2.39671803 5.88268280 11.42094994
v 2.59895301 5.67327118 11.64317989
v 2.59895301 5.67327118 11.64317989
v 2.39671803 5.88268280 11.42094994
v 2.69644690 5.88268280 11.62121964
v 2.59895301 5.67327118 11.64317989
v 2.69644690 5.88268280 11.62121964
v 2.67211795 5.65429878 11.68056965
v 2.67211795 5.65429878 11.68056965
v 2.69644690 5.88268280 11.62121964
v 2.78885198 5.62285995 11.72511005
v 2.78885198 5.62285995 11.72511005
v 2.69644690 5.88268280 11.62121964
v 3.04999995 5.88268280 11.69155025
v 2.78885198 5.62285995 11.72511005
v 3.04999995 5.88268280 11.69155025
v 2.99102998 5.56497622 11.76381016
v 3.40355301 5.88268280 11.62121964
v 3.19451308 5.50225401 11.75716972
v 3.04999995 5.88268280 11.69155025
v 3.04999995 5.88268280 11.69155025
v 3.19451308 5.50225401 11.75716972
v 3.05012298 5.54722595 11.76655006
v 3.04999995 5.88268280 11.69155025
v 3.05012298 5.54722595 11.76655006
v 2.99102998 5.56497622 11.76381016
v 3.19623709 6.48924923 10.76766968
v 3.40355301 6.42388010 10.91411018
v 3.04999995 6.50000000 10.76766968
v 2.39671803 6.20710707 11.03826046
v 2.69644690 6.42388010 10.91411018
v 2.54999995 6.20710707 11.26766968
v 2.77940202 6.42388010 11.03826046
v 2.54999995 6.20710707 11.26766968
v 2.77940202 6.42388010 11.03826046
v 2.77940202 6.20710707 11.42094994
v 2.90355301 6.42388010 11.12121964
v 2.77940202 6.20710707 11.42094994
v 2.90355301 6.42388010 11.12121964
v 3.04999995 6.20710707 11.47476959
v 2.19644594 5.88268280 11.12121964
v 2.39671803 6.20710707 11.03826046
v 2.39671803 5.88268280 11.42094994
v 2.54999995 6.20710707 11.26766968
v 2.39671803 5.88268280 11.42094994
v 2.54999995 6.20710707 11.26766968
v 2.69644690 5.88268280 11.62121964
v 2.77940202 6.20710707 11.42094994
v 2.69644690 5.88268280 11.62121964
v 2.77940202 6.20710707 11.42094994
v 3.04999995 5.88268280 11.69155025
v 3.04999995 6.20710707 11.47476959
v 3.04999995 5.88268280 11.69155025
v 3.04999995 6.20710707 11.47476959
v 3.40355301 5.88268280 11.62121964
v 2.11503696 5.78477621 10.97920036
v 2.12612104 5.88268280 10.76766968
v 2.19644594 5.88268280 11.12121964
v 2.19644594 5.88268280 11.12121964
v 2.12612104 5.88268280 10.76766968
v 2.33084106 6.19484520 10.76766968
v 2.19644594 5.88268280 11.12121964
v 2.33084106 6.19484520 10.76766968
v 2.39671803 6.20710707 11.03826046
v 2.39671803 6.20710707 11.03826046
v 2.33084106 6.19484520 10.76766968
v 2.72793102 6.44671583 10.76766968
v 2.39671803 6.20710707 11.03826046
v 2.72793102 6.44671583 10.76766968
v 2.69644690 6.42388010 10.91411018
v 2.69644690 6.42388010 10.91411018
v 2.72793102 6.44671583 10.76766968
v 3.04999995 6.50000000 10.76766968
v 3.19623709 6.48924923 10.76766968
v 3.43268299 6.42388010 10.76766968
v 3.40355301 6.42388010 10.91411018
v 3.40355301 6.42388010 10.91411018
v 3.43268299 6.42388010 10.76766968
v 3.63220692 6.31303978 10.76766968
v 3.40355301 6.42388010 10.91411018
v 3.63220692 6.31303978 10.76766968
v 3.70328093 6.20710707 11.03826046
v 3.70328093 6.20710707 11.03826046
v 3.63220692 6.31303978 10.76766968
v 3.75710702 6.20710707 10.76766968
v 3.70328093 6.20710707 11.03826046
v 3.75710702 6.20710707 10.76766968
v 3.93944001 5.95705223 10.76766968
v 3.19644690 6.42388010 11.12121964
v 3.32059789 6.42388010 11.03826046
v 3.54999995 6.20710707 11.26766968
v 3.54999995 6.20710707 11.26766968
v 3.54999995 6.20710707 11.26766968
v 3.70328093 6.20710707 11.03826046
v 3.90355301 5.88268280 11.12121964
v 3.90355301 5.88268280 11.12121964
v 3.70328093 6.20710707 11.03826046
v 3.93944001 5.95705223 10.76766968
v 3.90355301 5.88268280 11.12121964
v 3.93944001 5.95705223 10.76766968
v 3.97387910 5.88268280 10.76766968
v 3.75710702 5.50000000 11.47476959
v 3.43268299 5.50000000 11.69155025
v 3.40355301 5.88268280 11.62121964
v 3.40355301 5.88268280 11.62121964
v 3.43268299 5.50000000 11.69155025
v 3.20156193 5.50000000 11.75611019
v 3.40355301 5.88268280 11.62121964
v 3.20156193 5.50000000 11.75611019
v 3.19451308 5.50225401 11.75716972
v 3.97387910 5.50000000 11.15034962
v 3.75710702 5.50000000 11.47476959
v 3.70328093 5.88268280 11.42094994
v 3.70328093 5.88268280 11.42094994
v 3.70328093 5.88268280 11.42094994
v 3.40355301 5.88268280 11.62121964
v 3.32059789 6.20710707 11.42094994
v 3.32059789 6.20710707 11.42094994
v 3.32059789 6.20710707 11.42094994
v 3.04999995 6.20710707 11.47476959
v 3.04999995 6.42388010 11.15034962
v 3.04999995 6.42388010 11.15034962
v 3.04999995 6.42388010 11.15034962
v 2.90355301 6.42388010 11.12121964
v 3.04999995 6.50000000 10.76766968
v 3.97387910 5.50000000 11.15034962
v 3.90355301 5.88268280 11.12121964
v 3.70328093 5.88268280 11.42094994
v 3.54999995 6.20710707 11.26766968
v 3.32059789 6.20710707 11.42094994
v 3.19644690 6.42388010 11.12121964
v 3.19644690 6.42388010 11.12121964
v 3.04999995 6.42388010 11.15034962
v 3.04999995 6.50000000 10.76766968
v 2.09277105 5.78933001 9.67316055
v 1.92766201 5.82153702 9.52515030
v 2.15539789 5.94686317 8.94919300
v 1.29333699 5.92004204 9.07244968
v 2.24373388 6.09155321 8.28424072
v 0.65417778 5.97960186 8.79873466
v -2.24373388 6.09155321 8.28424072
v -0.65417778 5.97960186 8.79873466
v -1.29142499 5.92027903 9.07136059
v -2.15539789 5.94686317 8.94919300
v -2.09277105 5.78933001 9.67316055
v -3.93944001 5.95705223 10.76766968
v -3.75710702 6.20710707 10.76766968
v -3.70328093 6.20710707 11.03826046
v -2.90355301 6.42388010 11.12121964
v -2.77940202 6.42388010 11.03826046
v -2.54999995 6.20710707 11.26766968
v -3.63220692 6.31303978 10.76766968
v -3.43268299 6.42388010 10.76766968
v -3.40355301 6.42388010 10.91411018
v -2.77940202 6.42388010 11.03826046
v -2.90355301 6.42388010 11.12121964
v -3.04999995 6.50000000 10.76766968
v -3.04999995 6.50000000 10.76766968
v -3.32059789 6.42388010 11.03826046
v -3.40355301 6.42388010 10.91411018
v -3.19644690 6.42388010 11.12121964
v -3.32059789 6.42388010 11.03826046
v -3.04999995 6.50000000 10.76766968
v -2.25591898 5.75479603 11.31949043
v -2.43622398 5.71346188 11.52773952
v -2.39671803 5.88268280 11.42094994
v -3.18710494 5.50461721 11.75821018
v -3.20156193 5.50000000 11.75611019
v -3.43268299 5.50000000 11.69155025
v -3.40355301 5.88268280 11.62121964
v -3.04999995 5.88268280 11.69155025
v -3.05062509 5.54707384 11.76655960
v -3.05062509 5.54707384 11.76655960
v -3.04999995 5.88268280 11.69155025
v -2.79026604 5.62247086 11.72554970
v -2.79026604 5.62247086 11.72554970
v -3.04999995 5.88268280 11.69155025
v -2.69644690 5.88268280 11.62121964
v -2.79026604 5.62247086 11.72554970
v -2.69644690 5.88268280 11.62121964
v -2.67266989 5.65415287 11.68082047
v -2.25591898 5.75479603 11.31949043
v -2.39671803 5.88268280 11.42094994
v -2.16185999 5.77503586 11.13584995
v -3.75710702 6.20710707 10.76766968
v -3.63220692 6.31303978 10.76766968
v -3.70328093 6.20710707 11.03826046
v -3.70328093 6.20710707 11.03826046
v -3.63220692 6.31303978 10.76766968
v -3.40355301 6.42388010 10.91411018
v -3.70328093 6.20710707 11.03826046
v -3.40355301 6.42388010 10.91411018
v -3.54999995 6.20710707 11.26766968
v -3.32059789 6.42388010 11.03826046
v -3.54999995 6.20710707 11.26766968
v -3.32059789 6.42388010 11.03826046
v -3.32059789 6.20710707 11.42094994
v -3.19644690 6.42388010 11.12121964
v -3.32059789 6.20710707 11.42094994
v -3.19644690 6.42388010 11.12121964
v -3.04999995 6.20710707 11.47476959
v -2.19644594 5.88268280 11.12121964
v -2.54999995 6.20710707 11.26766968
v -2.39671803 6.20710707 11.03826046
v -2.39671803 6.20710707 11.03826046
v -2.54999995 6.20710707 11.26766968
v -2.77940202 6.42388010 11.03826046
v -2.69644690 6.42388010 10.91411018
v -2.69644690 6.42388010 10.91411018
v -2.77940202 6.42388010 11.03826046
v -3.04999995 6.50000000 10.76766968
v -3.97387910 5.88268280 10.76766968
v -3.93944001 5.95705223 10.76766968
v -3.90355301 5.88268280 11.12121964
v -3.90355301 5.88268280 11.12121964
v -3.93944001 5.95705223 10.76766968
v -3.70328093 6.20710707 11.03826046
v -3.90355301 5.88268280 11.12121964
v -3.70328093 6.20710707 11.03826046
v -3.70328093 5.88268280 11.42094994
v -3.54999995 6.20710707 11.26766968
v -3.70328093 5.88268280 11.42094994
v -3.54999995 6.20710707 11.26766968
v -3.40355301 5.88268280 11.62121964
v -3.32059789 6.20710707 11.42094994
v -3.40355301 5.88268280 11.62121964
v -3.32059789 6.20710707 11.42094994
v -3.04999995 5.88268280 11.69155025
v -3.04999995 6.20710707 11.47476959
v -3.04999995 5.88268280 11.69155025
v -3.04999995 6.20710707 11.47476959
v -2.69644690 5.88268280 11.62121964
v -3.43268299 6.42388010 10.76766968
v -3.19623709 6.48924923 10.76766968
v -3.40355301 6.42388010 10.91411018
v -3.40355301 6.42388010 10.91411018
v -3.19623709 6.48924923 10.76766968
v -3.04999995 6.50000000 10.76766968
v -2.43622398 5.71346188 11.52773952
v -2.67266989 5.65415287 11.68082047
v -2.39671803 5.88268280 11.42094994
v -2.39671803 5.88268280 11.42094994
v -2.67266989 5.65415287 11.68082047
v -2.69644690 5.88268280 11.62121964
v -2.39671803 5.88268280 11.42094994
v -2.69644690 5.88268280 11.62121964
v -2.77940202 6.20710707 11.42094994
v -2.77940202 6.20710707 11.42094994
v -2.77940202 6.20710707 11.42094994
v -3.04999995 6.20710707 11.47476959
v -3.04999995 6.42388010 11.15034962
v -3.04999995 6.42388010 11.15034962
v -3.04999995 6.42388010 11.15034962
v -3.19644690 6.42388010 11.12121964
v -3.04999995 6.50000000 10.76766968
v -3.04999995 6.50000000 10.76766968
v -2.72793102 6.44671583 10.76766968
v -2.69644690 6.42388010 10.91411018
v -2.69644690 6.42388010 10.91411018
v -2.72793102 6.44671583 10.76766968
v -2.33084106 6.19484520 10.76766968
v -2.69644690 6.42388010 10.91411018
v -2.33084106 6.19484520 10.76766968
v -2.39671803 6.20710707 11.03826046
v -2.39671803 6.20710707 11.03826046
v -2.33084106 6.19484520 10.76766968
v -2.12612104 5.88268280 10.76766968
v -2.39671803 6.20710707 11.03826046
v -2.12612104 5.88268280 10.76766968
v -2.19644594 5.88268280 11.12121964
v -2.19644594 5.88268280 11.12121964
v -2.12612104 5.88268280 10.76766968
v -2.09277105 5.78933001 10.76766968
v -2.19644594 5.88268280 11.12121964
v -2.09277105 5.78933001 10.76766968
v -2.11491489 5.78480101 10.97863007
v -3.05062509 5.54707384 11.76655960
v -3.18710494 5.50461721 11.75821018
v -3.40355301 5.88268280 11.62121964
v -3.40355301 5.88268280 11.62121964
v -3.18710494 5.50461721 11.75821018
v -3.43268299 5.50000000 11.69155025
v -3.40355301 5.88268280 11.62121964
v -3.43268299 5.50000000 11.69155025
v -3.70328093 5.88268280 11.42094994
v -3.75710702 5.50000000 11.47476959
v -3.70328093 5.88268280 11.42094994
v -3.75710702 5.50000000 11.47476959
v -3.90355301 5.88268280 11.12121964
v -3.97387910 5.50000000 11.15034962
v -3.90355301 5.88268280 11.12121964
v -3.97387910 5.50000000 11.15034962
v -3.97387910 5.88268280 10.76766968
v -4.05000019 5.50000000 10.76766968
v -2.11491489 5.78480101 10.97863007
v -2.16185999 5.77503586 11.13584995
v -2.19644594 5.88268280 11.12121964
v -2.19644594 5.88268280 11.12121964
v -2.16185999 5.77503586 11.13584995
v -2.39671803 5.88268280 11.42094994
v -2.39671803 5.88268280 11.42094994
v -2.54999995 6.20710707 11.26766968
v -2.77940202 6.20710707 11.42094994
v -2.90355301 6.42388010 11.12121964
v -2.90355301 6.42388010 11.12121964
v -3.04999995 6.42388010 11.15034962
v -3.04999995 6.50000000 10.76766968
v -4.05000019 5.18749189 17.75362015
v -4.05000019 5.50000000 17.75362015
v -4.21679497 5.11606216 17.94956970
v -4.21679497 5.11606216 17.94956970
v -4.05000019 5.50000000 17.75362015
v -4.32916880 5.50000000 18.18497086
v -4.35730410 5.50000000 18.69799995
v -4.37672806 5.04433107 18.43927956
v -4.32916880 5.50000000 18.18497086
v -4.32916880 5.50000000 18.18497086
v -4.37672806 5.04433107 18.43927956
v -4.32916880 5.06599712 18.18497086
v -4.32916880 5.50000000 18.18497086
v -4.32916880 5.06599712 18.18497086
v -4.21679497 5.11606216 17.94956970
v -4.12697601 5.50000000 19.15727997
v -4.27100086 5.09210920 18.94495010
v -4.35730410 5.50000000 18.69799995
v -4.35730410 5.50000000 18.69799995
v -4.27100086 5.09210920 18.94495010
v -4.35730410 5.05321407 18.69799995
v -4.35730410 5.50000000 18.69799995
v -4.35730410 5.05321407 18.69799995
v -4.37672806 5.04433107 18.43927956
v -3.69899011 5.50000000 19.44157028
v -3.93078995 5.23647213 19.32789040
v -4.12697601 5.50000000 19.15727997
v -4.12697601 5.50000000 19.15727997
v -3.93078995 5.23647213 19.32789040
v -4.12697601 5.15495110 19.15727997
v -4.12697601 5.50000000 19.15727997
v -4.12697601 5.15495110 19.15727997
v -4.27100086 5.09210920 18.94495010
v -3.20156193 5.50000000 19.47867012
v -3.45307899 5.41595888 19.49160004
v -3.69899011 5.50000000 19.44157028
v -3.69899011 5.50000000 19.44157028
v -3.45307899 5.41595888 19.49160004
v -3.69899011 5.32687521 19.44157028
v -3.69899011 5.50000000 19.44157028
v -3.69899011 5.32687521 19.44157028
v -3.93078995 5.23647213 19.32789040
v 3.19451308 5.50225401 8.79873466
v 4.05000019 5.18749189 8.79873466
v 4.05000019 4.33266306 8.79873466
v -4.05000019 4.33266306 8.79873466
v -4.05000019 5.18749189 8.79873466
v -3.18710494 5.50461721 8.79873466
v -1.92387497 5.82224321 8.79873466
v -0.65417778 5.97960186 8.79873466
v 0.65417778 5.97960186 8.79873466
v 1.92766201 5.82153702 8.79873466
v -3.20156193 5.50000000 11.75611019
v -3.18710494 5.50461721 11.75821018
v -3.18710494 5.50461721 8.79873466
v -2.25591898 5.75479603 11.31949043
v -2.16185999 5.77503586 11.13584995
v -2.64377308 5.66171598 11.26294041
v -2.11491489 5.78480101 10.97863007
v -2.64377308 5.66171598 11.26294041
v -2.11491489 5.78480101 10.97863007
v -2.09277105 5.78933001 10.76766968
v -2.09277105 5.78933001 9.67316055
v -2.79026604 5.62247086 11.72554970
v -2.64377308 5.66171598 11.26294041
v -3.05062509 5.54707384 11.76655960
v -3.05062509 5.54707384 11.76655960
v -2.64377308 5.66171598 11.26294041
v -3.18710494 5.50461721 11.75821018
v -2.79026604 5.62247086 11.72554970
v -2.67266989 5.65415287 11.68082047
v -2.64377308 5.66171598 11.26294041
v -2.64377308 5.66171598 11.26294041
v -2.67266989 5.65415287 11.68082047
v -2.43622398 5.71346188 11.52773952
v -2.43622398 5.71346188 11.52773952
v -3.69899011 5.32687521 19.44157028
v -3.45307899 5.41595888 19.49160004
v -3.62914610 5.35288286 18.61614990
v -3.62914610 5.35288286 18.61614990
v -3.45307899 5.41595888 19.49160004
v -3.20156193 5.50000000 19.47867012
v -3.62914610 5.35288286 18.61614990
v -3.20156193 5.50000000 19.47867012
v -3.20156193 5.50000000 11.75611019
v -4.27100086 5.09210920 18.94495010
v -4.12697601 5.15495110 19.15727997
v -3.62914610 5.35288286 18.61614990
v -3.62914610 5.35288286 18.61614990
v -4.12697601 5.15495110 19.15727997
v -3.93078995 5.23647213 19.32789040
v -3.62914610 5.35288286 18.61614990
v -3.93078995 5.23647213 19.32789040
v -3.69899011 5.32687521 19.44157028
v -4.32916880 5.06599712 18.18497086
v -4.37672806 5.04433107 18.43927956
v -3.62914610 5.35288286 18.61614990
v -3.62914610 5.35288286 18.61614990
v -4.37672806 5.04433107 18.43927956
v -4.35730410 5.05321407 18.69799995
v -4.35730410 5.05321407 18.69799995
v -3.18710494 5.50461721 8.79873466
v -4.05000019 5.18749189 8.79873466
v -3.20156193 5.50000000 11.75611019
v -3.20156193 5.50000000 11.75611019
v -4.05000019 5.18749189 8.79873466
v -4.05000019 5.18749189 17.75362015
v -3.20156193 5.50000000 11.75611019
v -4.05000019 5.18749189 17.75362015
v -4.05000019 5.18749189 17.75362015
v -4.21679497 5.11606216 17.94956970
v -3.62914610 5.35288286 18.61614990
v -4.21679497 5.11606216 17.94956970
v -4.32916880 5.06599712 18.18497086
v -3.18710494 5.50461721 11.75821018
v -2.64377308 5.66171598 11.26294041
v -3.18710494 5.50461721 8.79873466
v -3.18710494 5.50461721 8.79873466
v -2.64377308 5.66171598 11.26294041
v -2.09277105 5.78933001 9.67316055
v -3.18710494 5.50461721 8.79873466
v -2.09277105 5.78933001 9.67316055
v -1.92387497 5.82224321 8.79873466
v -1.92387497 5.82224321 8.79873466
v -2.09277105 5.78933001 9.67316055
v -1.29142499 5.92027903 9.07136059
v -1.92387497 5.82224321 8.79873466
v -1.29142499 5.92027903 9.07136059
v -0.65417778 5.97960186 8.79873466
v 3.62914610 5.35288286 18.61614990
v 4.05000019 5.18749189 17.75362015
v 4.05000019 5.18749189 8.79873466
v 4.05000019 5.18749189 17.75362015
v 3.62914610 5.35288286 18.61614990
v 4.21635818 5.11625290 17.94890022
v 4.35730410 5.05321407 18.69799995
v 4.37673092 5.04433012 18.43932915
v 3.62914610 5.35288286 18.61614990
v 4.37673092 5.04433012 18.43932915
v 4.32916880 5.06599712 18.18497086
v 3.62914610 5.35288286 18.61614990
v 4.32916880 5.06599712 18.18497086
v 4.21635818 5.11625290 17.94890022
v 3.20156193 5.50000000 19.47867012
v 3.45340610 5.41584492 19.49156952
v 3.62914610 5.35288286 18.61614990
v 3.62914610 5.35288286 18.61614990
v 3.45340610 5.41584492 19.49156952
v 3.69899011 5.32687521 19.44157028
v 3.62914610 5.35288286 18.61614990
v 3.69899011 5.32687521 19.44157028
v 3.93043089 5.23661709 19.32813072
v 3.93043089 5.23661709 19.32813072
v 4.12697601 5.15495110 19.15727997
v 3.62914610 5.35288286 18.61614990
v 3.62914610 5.35288286 18.61614990
v 4.12697601 5.15495110 19.15727997
v 4.27108002 5.09207392 18.94478989
v 4.35730410 5.05321407 18.69799995
v 3.20156193 5.50000000 19.47867012
v 3.62914610 5.35288286 18.61614990
v 3.20156193 5.50000000 11.75611019
v 3.20156193 5.50000000 11.75611019
v 4.05000019 5.18749189 8.79873466
v 3.20156193 5.50000000 11.75611019
v 4.05000019 5.18749189 8.79873466
v 3.19451308 5.50225401 11.75716972
v 3.19451308 5.50225401 11.75716972
v 4.05000019 5.18749189 8.79873466
v 3.19451308 5.50225401 8.79873466
v 3.19451308 5.50225401 11.75716972
v 3.19451308 5.50225401 8.79873466
v 3.05012298 5.54722595 11.76655006
v 2.28706598 5.74789381 11.36472988
v 2.42888188 5.71521091 11.52124977
v 3.19451308 5.50225401 8.79873466
v 3.19451308 5.50225401 8.79873466
v 2.42888188 5.71521091 11.52124977
v 2.59895301 5.67327118 11.64317989
v 3.19451308 5.50225401 8.79873466
v 2.59895301 5.67327118 11.64317989
v 2.67211795 5.65429878 11.68056965
v 2.09277105 5.78933001 10.76766968
v 2.11503696 5.78477621 10.97920036
v 3.19451308 5.50225401 8.79873466
v 2.11503696 5.78477621 10.97920036
v 2.18104005 5.77098179 11.18175983
v 2.67211795 5.65429878 11.68056965
v 2.78885198 5.62285995 11.72511005
v 3.19451308 5.50225401 8.79873466
v 3.19451308 5.50225401 8.79873466
v 2.78885198 5.62285995 11.72511005
v 2.99102998 5.56497622 11.76381016
v 3.19451308 5.50225401 8.79873466
v 2.99102998 5.56497622 11.76381016
v 3.05012298 5.54722595 11.76655006
v 0.65417778 5.97960186 8.79873466
v 1.29333699 5.92004204 9.07244968
v 1.92766201 5.82153702 8.79873466
v 1.92766201 5.82153702 8.79873466
v 1.29333699 5.92004204 9.07244968
v 1.92766201 5.82153702 9.52515030
v 1.92766201 5.82153702 8.79873466
v 1.92766201 5.82153702 9.52515030
v 3.19451308 5.50225401 8.79873466
v 1.92766201 5.82153702 9.52515030
v 2.09277105 5.78933001 9.67316055
v 3.19451308 5.50225401 8.79873466
v 2.09277105 5.78933001 9.67316055
v 2.09277105 5.78933001 10.76766968
f 1 2 3
f 4 5 6
f 7 8 9
f 10 11 12
f 13 14 15
f 16 17 18
f 16 18 19
f 20 21 22
f 23 24 25
f 26 27 28
f 29 30 31
f 32 33 34
f 35 36 37
f 38 39 40
f 41 42 43
f 44 45 46
f 47 48 49
f 50 51 52
f 53 54 55
f 56 57 58
f 59 60 61
f 62 63 64
f 65 66 67
f 68 69 70
f 71 72 73
f 74 75 76
f 77 78 79
f 80 81 82
f 83 84 85
f 86 87 88
f 89 90 91
f 92 93 94
f 95 96 97
f 98 99 100
f 98 100 101
f 102 103 104
f 105 106 107
f 108 109 110
f 111 1 3
f 112 113 114
f 115 116 117
f 118 119 120
f 121 122 123
f 124 125 126
f 127 128 129
f 127 129 130
f 131 132 133
f 134 135 136
f 137 138 139
f 140 141 142
f 143 144 145
f 146 147 148
f 149 150 151
f 152 153 154
f 155 156 157
f 158 159 160
f 161 96 95
f 114 162 112
f 163 125 124
f 110 164 108
f 165 166 167
f 165 167 168
f 169 170 171
f 171 170 172
f 171 172 173
f 173 172 174
f 175 176 177
f 178 179 180
f 181 182 183
f 184 185 186
f 186 187 188
f 189 184 190
f 190 184 186
f 190 186 191
f 191 186 188
f 192 193 194
f 194 193 195
f 194 195 196
f 197 198 199
f 199 198 200
f 199 200 201
f 201 200 202
f 201 202 192
f 192 202 203
f 192 203 193
f 204 205 206
f 207 208 209
f 210 211 212
f 213 214 215
f 216 217 218
f 219 220 221
f 222 223 224
f 225 226 227
f 228 229 230
f 231 232 233
f 234 235 236
f 237 238 239
f 240 241 242
f 243 244 245
f 246 247 248
f 249 250 251
f 252 253 254
f 255 256 257
f 258 259 260
f 261 262 263
f 264 265 266
f 267 268 269
f 270 271 272
f 273 274 275
f 276 277 278
f 276 278 279
f 280 281 282
f 283 284 285
f 286 287 288
f 289 290 291
f 292 293 294
f 295 291 290
f 296 297 298
f 299 300 301
f 302 303 304
f 305 306 307
f 308 309 310
f 310 309 311
f 312 313 314
f 315 316 317
f 318 319 320
f 320 319 321
f 322 323 324
f 325 326 327
f 328 329 330
f 331 332 333
f 334 335 336
f 337 338 339
f 340 341 342
f 343 344 345
f 346 347 348
f 349 350 351
f 349 351 352
f 353 354 355
f 356 357 358
f 359 360 361
f 362 363 364
f 344 365 345
f 366 367 368
f 366 368 369
f 370 371 372
f 373 374 375
f 376 377 378
f 379 380 381
f 382 383 384
f 385 386 387
f 388 389 390
f 391 392 393
f 394 395 396
f 397 398 399
f 400 401 402
f 403 404 405
f 406 407 408
f 409 410 411
f 412 413 414
f 415 416 417
f 418 419 420
f 421 422 423
f 424 425 426
f 427 207 209
f 428 429 430
f 431 432 433
f 434 435 436
f 437 438 439
f 440 441 442
f 443 444 445
f 446 447 448
f 449 450 451
f 449 451 452
f 453 454 455
f 456 457 458
f 459 460 461
f 462 463 464
f 465 466 467
f 468 340 342
f 438 469 439
f 470 346 348
f 444 471 445
f 472 473 474
f 472 474 475
f 476 356 358
f 477 478 479
f 480 481 482
f 483 484 485
f 486 487 488
f 489 490 491
f 492 493 494
f 495 496 497
f 498 499 500
f 501 502 503
f 504 505 506
f 507 508 509
f 510 511 512
f 513 514 515
f 516 517 518
f 519 312 314
f 520 521 522
f 523 524 525
f 526 527 528
f 529 530 531
f 532 533 534
f 535 536 537
f 538 539 540
f 541 542 543
f 544 545 546
f 547 548 549
f 550 551 552
f 553 554 555
f 556 557 558
f 559 560 561
f 559 561 562
f 563 564 565
f 566 567 568
f 524 569 525
f 570 571 572
f 530 573 531
f 574 434 436
f 536 575 537
f 576 577 578
f 542 579 543
f 580 446 448
f 548 581 549
f 582 583 584
f 585 586 587
f 588 589 590
f 591 592 593
f 594 595 596
f 597 598 599
f 600 601 602
f 603 604 605
f 606 607 608
f 609 610 611
f 612 613 614
f 615 616 617
f 618 619 620
f 621 622 623
f 624 625 626
f 627 628 629
f 630 631 632
f 633 634 635
f 636 637 638
f 639 640 641
f 642 643 644
f 645 646 647
f 648 649 650
f 651 652 653
f 654 655 656
f 657 658 659
f 660 661 662
f 663 664 665
f 666 667 668
f 669 670 671
f 669 671 672
f 673 674 675
f 676 677 678
f 679 680 681
f 682 683 684
f 682 684 685
f 686 665 664
f 552 687 550
f 688 689 690
f 546 691 544
f 692 653 652
f 540 693 538
f 694 647 646
f 534 695 532
f 696 641 640
f 528 697 526
f 698 699 700
f 522 701 520
f 702 629 628
f 703 704 705
f 706 707 708
f 709 710 711
f 711 710 712
f 604 713 605
f 714 204 206
f 610 715 611
f 716 717 718
f 719 720 721
f 722 723 724
f 722 724 725
f 726 727 728
f 726 728 729
f 730 731 732
f 733 269 734
f 735 736 737
f 738 739 740
f 490 741 491
f 742 600 602
f 496 743 497
f 744 606 608
f 502 745 503
f 746 612 614
f 508 747 509
f 748 749 750
f 751 752 753
f 754 755 756
f 754 756 757
f 758 759 760
f 761 762 763
f 764 765 766
f 767 768 769
f 770 771 772
f 773 774 775
f 386 776 387
f 777 486 488
f 392 778 393
f 779 492 494
f 780 781 782
f 783 784 785
f 404 786 405
f 787 504 506
f 410 788 411
f 789 510 512
f 416 790 417
f 791 792 793
f 794 795 796
f 797 798 799
f 797 799 800
f 243 801 802
f 803 804 805
f 806 807 808
f 809 810 811
f 812 813 814
f 815 382 384
f 816 817 818
f 819 388 390
f 820 821 822
f 823 394 396
f 824 825 826
f 827 828 829
f 830 831 832
f 833 406 408
f 834 835 836
f 837 412 414
f 838 839 840
f 841 418 420
f 842 843 844
f 845 846 847
f 848 849 850
f 851 852 853
f 854 855 856
f 857 858 859
f 860 861 862
f 863 864 865
f 866 867 868
f 869 870 871
f 872 873 874
f 875 876 877
f 878 879 880
f 878 880 881
f 882 812 814
f 668 883 666
f 884 816 818
f 662 885 660
f 886 820 822
f 656 887 654
f 888 824 826
f 650 889 648
f 890 830 832
f 644 891 642
f 892 834 836
f 893 894 895
f 896 838 840
f 897 898 899
f 900 901 902
f 903 904 905
f 906 907 908
f 909 910 911
f 912 913 914
f 915 916 917
f 917 916 918
f 919 920 921
f 921 920 922
f 923 924 925
f 925 924 926
f 927 928 929
f 930 931 932
f 933 934 935
f 934 936 935
f 937 938 939
f 937 939 940
f 941 942 943
f 941 943 944
f 945 946 947
f 948 949 950
f 951 952 953
f 954 955 956
f 956 955 957
f 958 959 960
f 960 959 961
f 962 963 964
f 964 963 965
f 966 967 968
f 969 970 971
f 972 973 974
f 975 976 977
f 978 979 980
f 981 982 983
f 984 985 986
f 987 988 989
f 990 991 992
f 993 994 995
f 996 997 998
f 999 1000 1001
f 1002 1003 1004
f 1005 1006 1007
f 1008 1009 1010
f 1011 1012 1013
f 1014 1015 1016
f 1017 1018 1019
f 1020 1021 1022
f 1023 1024 1025
f 1026 1027 1028
f 1029 1030 1031
f 1032 1033 1034
f 968 1035 966
f 1036 1037 916
f 916 1037 918
f 1038 1039 1040
f 1041 1042 1043
f 1044 1045 1046
f 1047 1048 1049
f 1050 1051 1052
f 1053 1054 1055
f 1056 1057 1058
f 1059 1060 1061
f 1062 1063 1064
f 1065 1066 1067
f 1068 1069 1070
f 1071 1072 1073
f 1074 1075 1076
f 1077 1078 1079
f 1080 1081 1082
f 1083 1084 1085
f 1086 1087 1088
f 1089 1090 1091
f 1092 1093 1094
f 1095 1096 1097
f 1098 1099 1100
f 1100 1099 1101
f 1102 1103 1104
f 1105 1106 1107
f 1108 1109 1110
f 1111 864 863
f 1111 863 1112
f 1113 1114 1115
f 1116 1117 1118
f 1119 1120 1121
f 1122 1123 1124
f 1124 1123 1125
f 1126 1127 1128
f 1129 1130 1131
f 1132 1133 1134
f 1135 1136 1137
f 1137 1136 1138
f 1137 1138 1139
f 1140 1141 1142
f 1143 1144 1145
f 1146 1147 1148
f 1149 1150 1151
f 1152 1153 1154
f 1155 1156 1157
f 1158 1159 1160
f 1161 1162 1163
f 1164 1165 1166
f 1167 1168 1169
f 1170 1171 1172
f 1173 1174 1175
f 1176 1177 1178
f 1179 1180 1181
f 1182 1183 1184
f 1185 1186 1187
f 1188 1189 1190
f 1191 1192 1193
f 1194 1195 1196
f 1197 1198 1199
f 1200 1201 1202
f 1203 1204 1205
f 1206 1207 1208
f 1208 1207 1209
f 1210 1211 1212
f 1212 1211 1213
f 1214 1215 1216
f 1216 1215 1217
f 1218 1219 1220
f 1220 1219 1221
f 1222 1223 1224
f 1225 1226 1227
f 1228 1229 1230
f 1231 1232 1233
f 1234 1235 1236
f 1237 1238 1239
f 1240 1241 1242
f 1243 1244 1245
f 1246 1247 1248
f 1249 1250 1251
f 1252 1253 1254
f 1254 1253 1255
f 1256 1257 1258
f 1259 1260 1261
f 1262 1263 1264
f 1265 1266 1267
f 1268 1269 1270
f 1271 1272 1273
f 1274 1275 1276
f 1277 1278 1279
f 1280 1281 1282
f 1283 1284 1285
f 1286 1287 1288
f 1288 1287 1289
f 1290 1291 1292
f 1292 1291 1293
f 1294 1295 1296
f 1296 1295 1297
f 1298 1299 1300
f 1300 1299 1301
f 1302 1303 1304
f 1304 1303 1305
f 1306 1307 1308
f 1309 1310 1311
f 1312 1313 1314
f 1315 1316 1317
f 1318 1319 1320
f 1320 1319 1321
f 1322 1323 1324
f 1324 1323 1325
f 1326 1327 1328
f 1328 1327 1329
f 1330 1331 1332
f 1332 1331 1333
f 1334 1335 1336
f 1336 1335 1337
f 1338 1339 1340
f 1341 1342 1343
f 1344 1345 1346
f 1347 1348 1349
f 1350 1351 1352
f 1353 1354 1355
f 1356 1357 1358
f 1358 1357 1359
f 1360 1361 1362
f 1363 1364 1365
f 1366 1346 1367
f 1365 1368 1369
f 1368 1370 1369
f 1371 1372 1373
f 1371 1373 1374
f 1375 1376 1377
f 1375 1377 1378
f 1378 1379 1375
f 1375 1379 1380
f 1375 1380 1381
f 1381 1380 1382
f 1383 1384 1385
f 1386 1387 1388
f 1389 1390 1391
f 1392 1393 1394
f 1395 1396 1397
f 1398 1399 1400
f 1401 1402 1403
f 1404 1405 1406
f 1407 1408 1409
f 1410 1411 1412
f 1413 1414 1415
f 1416 1417 1418
f 1419 1420 1421
f 1422 1423 1424
f 1425 1426 1427
f 1428 1429 1430
f 1431 1432 1433
f 1434 1435 1436
f 1437 1438 1439
f 1440 1441 1442
f 1443 1444 1445
f 1446 1447 1448
f 1449 1450 1451
f 1452 1453 1454
f 1455 1456 1457
f 1455 1457 1458
f 1459 1460 1461
f 1462 1463 1464
f 1465 1466 1467
f 1468 1469 1470
f 1471 1472 1473
f 1474 1475 1476
f 1477 1478 1479
f 1480 1481 1482
f 1483 1484 1485
f 1486 1487 1488
f 1489 1490 1491
f 1492 1493 1494
f 1495 1496 1497
f 1498 1499 1500
f 1501 1502 1503
f 1504 1505 1506
f 1507 1508 1509
f 1510 1511 1512
f 1513 1514 1515
f 1516 1517 1518
f 1519 1520 1521
f 1522 1523 1524
f 1525 1526 1527
f 1528 1529 1530
f 1531 1434 1436
f 1532 1533 1534
f 1535 1536 1537
f 1538 1539 1540
f 1541 1542 1543
f 1544 1545 1546
f 1547 1548 1549
f 1549 1548 1550
f 1551 1552 1553
f 1553 1552 1554
f 1555 1556 1557
f 1557 1556 1558
f 1559 1560 1561
f 1561 1560 1562
f 1563 1564 1565
f 1565 1564 1566
f 1567 1568 1569
f 1569 1568 1570
f 1534 1571 1532
f 1572 1573 1574
f 1530 1575 1528
f 1576 1577 1578
f 1579 1580 1581
f 1582 1583 1584
f 1585 1586 1587
f 1588 1589 1590
f 1591 1592 1593
f 1593 1592 1594
f 1595 1596 1597
f 1597 1596 1598
f 1599 1600 1601
f 1601 1600 1602
f 1603 1604 1605
f 1605 1604 1606
f 1607 1608 1609
f 1609 1608 1610
f 1611 1612 1613
f 1613 1612 1614
f 1573 1615 1574
f 1616 1617 1618
f 1577 1619 1578
f 1620 1621 1622
f 1623 1624 1625
f 1626 1627 1628
f 1629 1630 1631
f 1632 1633 1634
f 1635 1636 1637
f 1638 1639 1640
f 1640 1639 1641
f 1642 1643 1644
f 1644 1643 1645
f 1646 1647 1648
f 1648 1647 1649
f 1650 1651 1652
f 1652 1651 1653
f 1617 1654 1618
f 1655 1656 1657
f 1658 1659 1660
f 1661 1662 1663
f 1664 1665 1666
f 1667 1668 1669
f 1670 1671 1672
f 1673 1674 1675
f 1676 1677 1678
f 1679 1680 1681
f 1682 1683 1684
f 1685 1686 1687
f 1688 1689 1690
f 1691 1692 1693
f 1694 1695 1696
f 1696 1695 1697
f 1698 1699 1700
f 1701 1702 1703
f 1704 1705 1706
f 1706 1705 1707
f 1708 1709 1710
f 1711 1712 1713
f 1714 1715 1716
f 1717 1718 1719
f 1720 1721 1722
f 1723 1724 1725
f 1726 1727 1728
f 1729 1730 1731
f 1732 1733 1734
f 1735 1736 1737
f 1738 1739 1740
f 1740 1739 1741
f 1742 1743 1744
f 1744 1743 1745
f 1746 1747 1748
f 1748 1747 1749
f 1750 1751 1752
f 1752 1751 1753
f 1754 1755 1756
f 1756 1755 1757
f 1758 1759 1760
f 1760 1759 1761
f 1762 1763 1764
f 1765 1766 1767
f 1768 1769 1770
f 1770 1769 1771
f 1772 1773 1774
f 1775 1776 1777
f 1778 1779 1780
f 1781 1782 1783
f 1784 1785 1786
f 1786 1785 1787
f 1788 1789 1790
f 1790 1789 1791
f 1792 1793 1794
f 1794 1793 1795
f 1796 1797 1798
f 1798 1797 1799
f 1800 1801 1802
f 1802 1801 1803
f 1804 1805 1806
f 1806 1805 1807
f 1808 1809 1810
f 1810 1809 1811
f 1812 1813 1814
f 1814 1813 1815
f 1734 1816 1732
f 1817 1818 1819
f 1820 1821 1822
f 1823 1824 1825
f 1826 1827 1828
f 1829 1830 1831
f 1831 1830 1832
f 1833 1834 1835
f 1835 1834 1836
f 1837 1838 1839
f 1839 1838 1840
f 1841 1842 1843
f 1843 1842 1844
f 1845 1846 1847
f 1847 1846 1848
f 1849 1850 1851
f 1851 1850 1852
f 1853 1854 1855
f 1855 1854 1856
f 1857 1858 1859
f 1859 1858 1860
f 1430 1861 1428
f 1862 1737 1736
f 1863 1864 1865
f 1866 1867 1868
f 1869 1870 1871
f 1872 1873 1874
f 1875 1876 1877
f 1878 1879 1880
f 1881 1882 1883
f 1884 1885 1886
f 1887 1888 1889
f 1889 1888 1890
f 1891 1892 1893
f 1894 1895 1896
f 1897 1898 1899
f 1900 1901 1902
f 1903 1904 1905
f 1906 1907 1908
f 1909 1910 1911
f 1912 1913 1914
f 1915 1916 1917
f 1918 1919 1920
f 1921 1922 1923
f 1924 1925 1926
f 1926 1925 1927
f 1928 1929 1930
f 1931 1932 1933
f 1934 1935 1936
f 1937 1938 1939
f 1940 1941 1942
f 1943 1944 1945
f 1946 1947 1948
f 1949 1872 1874
f 1950 1951 1952
f 1953 1954 1955
f 1956 1957 1958
f 1959 1960 1961
f 1962 1963 1964
f 1965 1966 1967
f 1968 1969 1970
f 1971 1972 1973
f 1974 1975 1976
f 1977 1978 1979
f 1980 1981 1982
f 1983 1984 1985
f 1986 1987 1988
f 1989 1990 1991
f 1992 1993 1994
f 1995 1996 1997
f 1998 1999 2000
f 2001 2002 2003
f 2004 2005 2006
f 2007 2008 2009
f 2010 2011 2012
f 2013 2014 2015
f 2016 2017 2018
f 2019 2020 2021
f 2022 2023 2024
f 2025 2026 2027
f 2028 2029 2030
f 2031 2032 2033
f 2034 2035 2036
f 2037 2038 2039
f 2037 2039 2040
f 2041 2042 2043
f 2044 2045 2046
f 2047 2048 2049
f 2050 2051 2052
f 2053 2054 2055
f 2056 2057 2058
f 2059 2060 2061
f 2062 2063 2064
f 2065 2066 2067
f 2068 2069 2070
f 2071 2072 2073
f 2074 2075 2076
f 2077 2056 2058
f 2078 2079 2080
f 2081 2082 2083
f 2084 2085 2086
f 2087 2088 2089
f 2090 2074 2076
f 2091 2092 2093
f 2094 2078 2080
f 2095 2096 2097
f 2097 2096 2098
f 2099 2100 2101
f 2101 2100 2102
f 2103 2104 2105
f 2106 2107 2108
f 2109 2110 2111
f 2112 2113 2114
f 2115 2116 2117
f 2115 2117 2118
f 2119 2120 2121
f 2122 2087 2089
f 2123 2124 2125
f 2126 2127 2128
f 2129 2130 2131
f 2131 2130 2132
f 2133 2134 2135
f 2135 2134 2136
f 2137 2138 2139
f 2139 2138 2140
f 2141 2142 2143
f 2144 2145 2146
f 2147 2148 2149
f 2147 2149 2150
f 2151 2152 2153
f 2151 2153 2154
f 2155 2156 2157
f 2157 2156 2158
f 2159 2160 2161
f 2161 2160 2162
f 2163 2164 2165
f 2165 2164 2166
f 2167 2168 2169
f 2169 2168 2170
f 2125 2171 2123
f 2172 2173 2174
f 2175 2176 2177
f 2178 2179 2180
f 2181 2182 2183
f 2184 2185 2186
f 2187 2188 2189
f 2190 2191 2192
f 2193 2194 2195
f 2196 2197 2198
f 2199 2200 2201
f 2202 2203 2204
f 2205 2206 2207
f 2208 2209 2210
f 2211 2212 2213
f 2214 2215 2216
f 2217 2218 2219
f 2220 2221 2222
f 2220 2222 2223
f 2224 2225 2226
f 2224 2226 2227
f 2228 2229 2230
f 2228 2230 2231
f 2232 2233 2234
f 2235 2236 2237
f 2230 2238 2231
f 2239 2240 2241
f 2242 2243 2244
f 2245 2246 2247
f 2248 2249 2250
f 2144 2251 2145
f 2252 1950 1952
f 2112 2253 2113
f 2254 2143 2142
f 1955 2255 1953
f 2256 2105 2104
f 2257 2258 2259
f 2259 2258 2260
f 2261 2262 2263
f 2263 2262 2264
f 2265 2266 2267
f 2267 2266 2268
f 2269 2270 2271
f 2271 2270 2272
f 2273 2274 2275
f 2275 2274 2276
f 2277 2278 2279
f 2279 2278 2280
f 2281 2282 2283
f 2283 2282 2284
f 2285 2286 2287
f 2287 2286 2288
f 2289 2290 2291
f 2292 2293 2294
f 2295 2296 2297
f 2298 2299 2300
f 2301 2302 2303
f 2303 2302 2304
f 2305 2306 2307
f 2307 2306 2308
f 2309 2310 2311
f 2311 2310 2312
f 2313 2314 2315
f 2315 2314 2316
f 2317 2318 2319
f 2319 2318 2320
f 2321 2322 2323
f 2323 2322 2324
f 2325 2326 2327
f 2328 2329 2330
f 2331 2332 2333
f 2334 2335 2336
f 2337 2338 2339
f 2340 2217 2219
f 2341 2342 2343
f 2343 2342 2344
f 2345 2346 2347
f 2347 2346 2348
f 2349 2350 2351
f 2351 2350 2352
f 2353 2354 2355
f 2355 2354 2356
f 2357 2358 2359
f 2359 2358 2360
f 2361 2362 2363
f 2363 2362 2364
f 2365 2366 2367
f 2367 2366 2368
f 2369 2370 2371
f 2371 2370 2372
f 2373 2374 2375
f 2376 2377 2378
f 2379 2380 2381
f 2382 2383 2384
f 2385 2386 2387
f 2388 2389 2390
f 2391 2392 2393
f 2394 2395 2396
f 2397 2398 2399
f 2400 2401 2402
f 2402 2401 2403
f 2404 2405 2406
f 2407 2408 2409
f 2410 2411 2412
f 2413 2414 2415
f 2416 2417 2418
f 2419 2420 2421
f 2422 2423 2424
f 2425 2426 2427
f 2428 2429 2430
f 2431 2432 2433
f 2434 2435 2436
f 2437 2438 2439
f 2440 2441 2442
f 2443 2444 2432
f 2445 2446 2447
f 2448 2449 2450
f 2448 2450 2451
f 2452 2453 2454
f 2455 2456 2457
f 2455 2457 2458
f 2459 2460 2461
f 2462 2463 2464
f 2465 2466 2467
f 2468 2469 2470
f 2471 2472 2473
f 2474 2475 2476
f 2477 2478 2479
f 2480 2481 2482
f 2483 2484 2485
f 2486 2487 2488
f 2489 2490 2491
f 2492 2493 2494
f 2495 2496 2497
f 2498 2499 2500
f 2501 2502 2503
f 2504 2505 2506
f 2507 2508 2509
f 2510 2511 2512
f 2513 2514 2515
f 2516 2517 2518
f 2519 2520 2521
f 2522 2523 2524
f 2525 2526 2527
f 2528 2529 2530
f 2531 2532 2533
f 2534 2535 2536
f 2537 2538 2539
f 2540 2541 2542
f 2540 2542 2543
f 2544 2545 2546
f 2547 2548 2549
f 2550 2551 2552
f 2553 2554 2555
f 2556 2557 2558
f 2559 2560 2561
f 2562 2563 2564
f 2549 2565 2547
f 2566 2567 2568
f 2566 2568 2569
f 2570 2571 2572
f 2539 2573 2537
f 2574 2575 2576
f 2577 2578 2579
f 2580 2581 2582
f 2583 2584 2585
f 2586 2587 2588
f 2589 2590 2591
f 2592 2593 2594
f 2595 2596 2597
f 2598 2599 2600
f 2601 2602 2603
f 2604 2605 2606
f 2607 2384 2383
f 2608 2609 2610
f 2611 2612 2613
f 2614 2615 2616
f 2584 2617 2585
f 2618 2552 2551
f 2590 2619 2591
f 2620 2546 2545
f 2596 2621 2597
f 2622 2623 2624
f 2622 2624 2625
f 2626 2627 2628
f 2626 2628 2629
f 2630 2631 2632
f 2633 2634 2635
f 2636 2637 2638
f 2639 2640 2641
f 2642 2643 2644
f 2645 2646 2647
f 2648 2649 2650
f 2651 2652 2653
f 2654 2655 2656
f 2657 2658 2659
f 2660 2661 2662
f 2663 2664 2665
f 2666 2667 2668
f 2669 2670 2671
f 2672 2673 2674
f 2675 2676 2677
f 2678 2679 2680
f 2681 2682 2683
f 2684 2685 2686
f 2687 2688 2689
f 2690 2691 2692
f 2693 2694 2695
f 2696 2697 2698
f 2699 2700 2701
f 2702 2703 2704
f 2705 2706 2707
f 2708 2709 2710
f 2708 2710 2711
f 2712 2713 2714
f 2715 2716 2717
f 2718 2719 2720
f 2721 2722 2723
f 2679 2724 2680
f 2725 2580 2582
f 2685 2726 2686
f 2727 2586 2588
f 2691 2728 2692
f 2729 2592 2594
f 2697 2730 2698
f 2731 2598 2600
f 2732 2733 2734
f 2735 2736 2737
f 2735 2737 2738
f 2739 2740 2741
f 2713 2742 2714
f 2743 2744 2745
f 2746 2747 2748
f 2749 2750 2751
f 2752 2753 2754
f 2755 2756 2757
f 2757 2756 2758
f 2759 2760 2761
f 2762 2763 2764
f 2765 2766 2767
f 2768 2769 2770
f 2771 2772 2773
f 2774 2775 2776
f 2777 2778 2779
f 2780 2781 2782
f 2783 2784 2785
f 2786 2787 2788
f 2786 2788 2789
f 2790 2791 2792
f 2793 2794 2795
f 2796 2797 2798
f 2799 2800 2801
f 2802 2803 2804
f 2805 2806 2807
f 2808 2809 2810
f 2811 2812 2813
f 2814 2815 2816
f 2817 2818 2819
f 2820 2821 2822
f 2823 2824 2825
f 2826 2827 2828
f 2829 2830 2831
f 2832 2833 2834
f 2835 2836 2837
f 2838 2839 2840
f 2841 2842 2843
f 2841 2843 2844
f 2845 2846 2847
f 2848 2849 2850
f 2851 2852 2853
f 2854 2855 2856
f 2854 2856 2857
f 2858 2837 2836
f 2707 2859 2705
f 2860 2831 2830
f 2701 2861 2699
f 2862 2825 2824
f 2695 2863 2693
f 2864 2819 2818
f 2689 2865 2687
f 2866 2813 2812
f 2683 2867 2681
f 2868 2807 2806
f 2677 2869 2675
f 2870 2801 2800
f 2871 2872 2873
f 2874 2875 2876
f 2877 2878 2879
f 2880 2881 2882
f 2883 2884 2885
f 2886 2887 2888
f 2889 2890 2891
f 2892 2893 2894
f 2895 2896 2897
f 2898 2899 2900
f 2901 2902 2903
f 2904 2905 2906
f 2907 2908 2909
f 2910 2911 2912
f 2775 2913 2776
f 2914 2480 2482
f 2781 2915 2782
f 2916 2917 2918
f 2919 2920 2921
f 2922 2923 2924
f 2925 2926 2927
f 2928 2929 2930
f 2931 2932 2933
f 2934 2935 2936
f 2640 2937 2641
f 2938 2771 2773
f 2646 2939 2647
f 2940 2777 2779
f 2652 2941 2653
f 2942 2783 2785
f 2658 2943 2659
f 2944 2945 2946
f 2944 2946 2947
f 2948 2949 2950
f 2951 2952 2953
f 2954 2955 2956
f 2957 2958 2959
f 2959 2958 2960
f 2961 2962 2963
f 2964 2965 2966
f 2967 2968 2969
f 2970 2636 2638
f 2499 2971 2500
f 2972 2642 2644
f 2505 2973 2506
f 2974 2648 2650
f 2511 2975 2512
f 2976 2654 2656
f 2517 2977 2518
f 2978 2660 2662
f 2523 2979 2524
f 2980 2981 2982
f 2983 2984 2985
f 2986 2987 2988
f 2989 2990 2991
f 2992 2993 2994
f 2995 2996 2997
f 2998 2999 3000
f 3001 3002 3003
f 3004 2495 2497
f 3005 3006 3007
f 3008 2501 2503
f 3009 3010 3011
f 3012 2507 2509
f 3013 3014 3015
f 3016 2513 2515
f 3017 3018 3019
f 3020 2519 2521
f 3021 3022 3023
f 3024 3025 3026
f 3027 3028 3029
f 3030 3031 3032
f 3033 3034 3035
f 3036 3037 3038
f 3039 3040 3041
f 3042 2995 2997
f 2840 3043 2838
f 3044 3045 3046
f 2834 3047 2832
f 3048 3005 3007
f 2828 3049 2826
f 3050 3009 3011
f 2822 3051 2820
f 3052 3013 3015
f 2816 3053 2814
f 3054 3017 3019
f 2810 3055 2808
f 3056 3021 3023
f 2804 3057 2802
f 3058 3027 3029
f 2798 3059 2796
f 3060 3061 3062
f 3063 3032 3064
f 3065 3066 3067
f 3065 3067 3068
f 3069 3070 3071
f 3069 3071 3072
f 3073 3074 3075
f 2404 3076 2405
f 3077 3078 3079
f 3080 3081 3082
f 3083 3084 3085
f 3086 3087 3088
f 3088 3087 3089
f 3079 3090 3077
f 3091 3092 3093
f 3094 3095 3096
f 3094 3096 3097
f 3097 3096 3098
f 3099 3100 3101
f 3102 3103 3104
f 3105 3106 3093
f 3107 3108 3109
f 3093 3110 3091
f 3111 3112 3113
f 3113 3112 3114
f 3115 3116 3117
f 3118 3119 3120
f 3121 3122 3123
f 3124 3125 3126
f 3127 3128 3129
f 3127 3129 3130
f 3131 3132 3133
f 3134 3135 3136
f 3137 3138 3139
f 3140 3141 3142
f 3143 3144 3145
f 3146 3147 3148
f 3149 3150 3151
f 3152 3153 3154
f 3155 3156 3157
f 3158 3159 3160
f 3161 3162 3163
f 3164 3165 3166
f 3167 3168 3169
f 3170 3171 3172
f 3173 3174 3175
f 3176 3177 3178
f 3179 3180 3181
f 3178 3177 3182
f 3182 3177 3183
f 3182 3183 3184
f 3178 3185 3176
f 3176 3185 3186
f 3176 3186 3187
f 3181 3188 3179
f 3179 3188 3189
f 3179 3189 3190
f 3191 3192 3180
f 3180 3192 3193
f 3180 3193 3181
f 3194 3195 3196
f 3196 3195 3197
f 3198 3199 3200
f 3183 3201 3184
f 3184 3201 3202
f 3184 3202 3189
f 3189 3202 3203
f 3189 3203 3190
f 3204 3205 3206
f 3186 3207 3187
f 3187 3207 3208
f 3187 3208 3209
f 3209 3208 3210
f 3209 3210 3211
f 3211 3210 3212
f 3211 3212 3195
f 3195 3212 3213
f 3195 3213 3197
f 3200 3199 3214
f 3214 3199 3215
f 3214 3215 3206
f 3206 3215 3216
f 3206 3216 3204
f 3200 3217 3198
f 3198 3217 3218
f 3198 3218 3219
f 3219 3218 3220
f 3219 3220 3221
f 3221 3220 3222
f 3221 3222 3191
f 3191 3222 3223
f 3191 3223 3192
f 3224 3225 3226
f 3227 3228 3229
f 3230 3231 3232
f 3233 3234 3235
f 3236 3237 3238
f 3239 3240 3241
f 3242 3243 3244
f 3245 3246 3247
f 3248 3249 3250
f 3250 3249 3251
f 3252 3253 3254
f 3255 3256 3257
f 3258 3259 3260
f 3261 3262 3263
f 3264 3265 3266
f 3267 3268 3269
f 3270 3271 3272
f 3273 3274 3275
f 3276 3277 3278
f 3279 3280 3281
f 3282 3283 3284
f 3285 3286 3287
f 3288 3289 3290
f 3291 3292 3293
f 3294 3295 3296
f 3297 3298 3299
f 3300 3301 3302
f 3303 3304 3305
f 3306 3307 3308
f 3309 3310 3311
f 3312 3313 3314
f 3315 3316 3317
f 3318 3319 3320
f 3321 3322 3323
f 3324 3325 3326
f 3327 3328 3329
f 3330 3331 3332
f 3333 3334 3335
f 3336 3337 3338
f 3339 3340 3341
f 3342 3343 3344
f 3345 3346 3347
f 3348 3349 3350
f 3351 3352 3353
f 3354 3355 3356
f 3357 3358 3359
f 3360 3361 3362
f 3363 3364 3365
f 3366 3367 3368
f 3369 3370 3371
f 3372 3373 3374
f 3375 3376 3377
f 3378 3379 3380
f 3381 3382 3383
f 3384 3385 3386
f 3387 3388 3389
f 3390 3391 3392
f 3393 3394 3395
f 3396 3397 3398
f 3399 3400 3401
f 3402 3403 3404
f 3402 3404 3405
f 3406 3407 3408
f 3406 3408 3409
f 3410 3411 3412
f 3410 3412 3413
f 3414 3415 3416
f 3417 3418 3419
f 3420 3421 3422
f 3423 3424 3425
f 3426 3427 3428
f 3429 3430 3431
f 3432 3433 3403
f 3434 3435 3436
f 3437 3438 3439
f 3440 3441 3442
f 3443 3444 3445
f 3446 3447 3448
f 3449 3450 3451
f 3452 3453 3454
f 3455 3456 3457
f 3458 3459 3460
f 3461 3462 3463
f 3464 3465 3466
f 3467 3468 3469
f 3470 3471 3472
f 3473 3474 3475
f 3476 3477 3478
f 3479 3480 3481
f 3482 3483 3484
f 3485 3486 3487
f 3488 3489 3490
f 3491 3492 3493
f 3494 3495 3496
f 3497 3498 3499
f 3500 3501 3502
f 3265 3503 3266
f 3504 3505 3506
f 3507 3508 3509
f 3510 3511 3512
f 3513 3514 3515
f 3516 3517 3518
f 3519 3520 3521
f 3522 3523 3524
f 3525 3526 3527
f 3528 3529 3530
f 3531 3532 3533
f 3534 3535 3536
f 3537 3538 3539
f 3540 3541 3542
f 3543 3544 3545
f 3546 3547 3548
f 3549 3550 3551
f 3552 3553 3554
f 3555 3556 3557
f 3557 3556 3558
f 3559 3560 3561
f 3562 3563 3564
f 3565 3566 3567
f 3568 3569 3570
f 3571 3572 3573
f 3571 3573 3574
f 3568 3575 3569
f 3576 3577 3578
f 3576 3578 3579
f 3580 3581 3582
f 3580 3582 3583
f 3584 3585 3586
f 3566 3587 3567
f 3588 3589 3590
f 3591 3592 3593
f 3594 3595 3596
f 3597 3598 3599
f 3600 3601 3602
f 3602 3601 3603
f 3604 3605 3606
f 3606 3605 3607
f 3608 3609 3610
f 3611 3612 3613
f 3614 3615 3616
f 3617 3618 3619
f 3620 3621 3622
f 3623 3624 3625
f 3626 3627 3628
f 3629 3630 3631
f 3632 3633 3634
f 3635 3636 3637
f 3638 3639 3640
f 3641 3642 3643
f 3233 3644 3234
f 3645 3646 3647
f 3230 3648 3231
f 3649 3626 3628
f 3650 3651 3652
f 3651 3650 3653
f 3654 3655 3656
f 3656 3655 3657
f 3656 3657 3658
f 3657 3659 3658
f 3658 3659 3660
f 3658 3660 3661
f 3661 3660 3662
f 3661 3662 3663
f 3663 3662 3664
f 3663 3664 3665
f 3666 3667 3668
f 3668 3667 3669
f 3668 3669 3654
f 3654 3669 3670
f 3654 3670 3655
f 3664 3671 3665
f 3665 3671 3672
f 3665 3672 3673
f 3672 3674 3673
f 3673 3674 3675
f 3673 3675 3676
f 3676 3675 3677
f 3675 3678 3677
f 3677 3678 3679
f 3677 3679 3680
f 3680 3679 3681
f 3680 3681 3682
f 3682 3681 3683
f 3682 3683 3652
f 3652 3683 3684
f 3652 3684 3650
f 3650 3685 3653
f 3653 3685 3686
f 3653 3686 3687
f 3687 3686 3688
f 3687 3688 3689
f 3689 3688 3690
f 3689 3690 3691
f 3691 3690 3692
f 3691 3692 3693
f 3693 3692 3694
f 3693 3694 3695
f 3695 3694 3696
f 3696 3694 3697
f 3696 3697 3698
f 3699 3700 3701
f 3702 3703 3704
f 3705 3706 3707
f 3708 3709 3710
f 3711 3712 3713
f 3714 3715 3716
f 3717 3718 3719
f 3720 3721 3722
f 3723 3724 3725
f 3726 3727 3728
f 3729 3730 3731
f 3732 3733 3734
f 3735 3736 3737
f 3738 3739 3740
f 3741 3742 3743
f 3744 3745 3746
f 3747 3748 3749
f 3750 3751 3752
f 3753 3754 3755
f 3756 3757 3758
f 3759 3760 3761
f 3761 3760 3762
f 3763 3764 3765
f 3766 3767 3768
f 3769 3770 3771
f 3771 3770 3772
f 3773 3774 3775
f 3775 3774 3776
f 3777 3778 3779
f 3779 3778 3780
f 3781 3782 3783
f 3783 3782 3784
f 3785 3786 3787
f 3787 3786 3788
f 3789 3790 3791
f 3791 3790 3792
f 3793 3794 3795
f 3795 3794 3796
f 3797 3798 3799
f 3799 3798 3800
f 3801 3802 3803
f 3803 3802 3804
f 3805 3806 3807
f 3808 3809 3810
f 3810 3809 3811
f 3810 3811 3812
f 3813 3814 3815
f 3816 3817 3818
f 3819 3758 3757
f 3820 3821 3822
f 3823 3824 3825
f 3826 3827 3828
f 3829 3830 3831
f 3832 3833 3834
f 3835 3836 3837
f 3838 3839 3840
f 3841 3842 3843
f 3844 3845 3846
f 3847 3848 3849
f 3850 3851 3852
f 3852 3851 3853
f 3854 3855 3856
f 3857 3858 3859
f 3860 3861 3862
f 3863 3864 3865
f 3866 3867 3868
f 3869 3870 3871
f 3872 3873 3874
f 3875 3876 3877
f 3878 3879 3880
f 3881 3882 3883
f 3884 3885 3886
f 3887 3888 3889
f 3890 3891 3892
f 3893 3894 3895
f 3896 3897 3898
f 3899 3900 3901
f 3902 3903 3904
f 3904 3903 3905
f 3906 3907 3908
f 3908 3907 3909
f 3910 3911 3912
f 3913 3914 3915
f 3916 3917 3918
f 3919 3920 3921
f 3921 3920 3922
f 3825 3923 3823
f 3924 3925 3926
f 3927 3928 3929
f 3930 3931 3932
f 3933 3934 3935
f 3936 3937 3938
f 3938 3937 3939
f 3940 3941 3942
f 3942 3941 3943
f 3944 3945 3946
f 3946 3945 3947
f 3948 3949 3950
f 3950 3949 3951
f 3952 3953 3954
f 3954 3953 3955
f 3954 3955 3956
f 3957 3958 3959
f 3960 3961 3962
f 3963 3964 3965
f 3966 3967 3968
f 3968 3967 3969
f 3970 3971 3972
f 3972 3971 3973
f 3974 3975 3976
f 3976 3975 3977
f 3978 3979 3980
f 3980 3979 3981
f 3982 3983 3984
f 3984 3983 3985
f 3986 3987 3988
f 3989 3990 3991
f 3992 3993 3994
f 3995 3996 3997
f 3998 3999 4000
f 4001 4002 4003
f 4003 4002 4004
f 4005 4006 4007
f 4008 4009 4010
f 4011 4012 4013
f 4011 4013 4014
f 4015 4016 4017
f 4018 4019 4020
f 4021 4022 4023
f 4024 4025 4026
f 4024 4026 4027
f 4028 3992 3994
f 4006 4029 4007
f 4030 4031 4032
f 4032 4031 4033
f 4034 4035 4036
f 4036 4035 4037
f 4038 4039 4040
f 4041 4042 4043
f 4044 4045 4046
f 4047 4048 4049
f 4050 4051 4052
f 4053 4054 4055
f 4056 4057 4058
f 4059 4060 4061
f 4062 4063 4064
f 4065 4066 4067
f 4068 4069 4070
f 4071 4072 4073
f 4074 4075 4076
f 4077 4078 4079
f 4080 4081 4082
f 4083 4084 4085
f 4086 4087 4088
f 4089 4090 4091
f 4092 4093 4094
f 4095 4096 4097
f 4098 4099 4100
f 4101 4102 4103
f 4104 4105 4106
f 4107 4108 4109
f 4110 4111 4112
f 4113 4114 4115
f 4116 4117 4118
f 4119 4120 4121
f 4122 4123 4124
f 4125 4126 4127
f 4128 4129 4130
f 4131 4132 4133
f 4134 4135 4136
f 4137 4138 4139
f 4140 4141 4142
f 4143 4144 4145
f 4146 4147 4148
f 4149 4150 4151
f 4152 4153 4154
f 4155 4156 4157
f 4158 4159 4160
f 4161 4162 4163
f 4164 4165 4166
f 4167 4168 4169
f 4170 4171 4172
f 4173 4174 4175
f 4176 4177 4178
f 4179 4180 4181
f 4182 4183 4184
f 4185 4186 4187
f 4188 4189 4190
f 4191 4192 4193
f 4194 4195 4196
f 4197 4198 4199
f 4200 4201 4202
f 4203 4204 4205
f 4206 4207 4208
f 4209 4210 4211
f 4212 4213 4214
f 4215 4216 4217
f 4218 4219 4220
f 4221 4222 4223
f 4221 4223 4224
f 4225 4226 4227
f 4228 4229 4230
f 4231 4232 4233
f 4234 4235 4236
f 4237 4238 4239
f 4240 4241 4242
f 4243 4244 4245
f 4243 4245 4246
f 4247 4248 4249
f 4247 4249 4250
f 4251 4252 4253
f 4254 4255 4256
f 4257 4258 4259
f 4260 4261 4262
f 4263 4264 4265
f 4266 4267 4268
f 4269 4270 4271
f 4272 4273 4274
f 4274 4273 4275
f 4276 4277 4278
f 4278 4277 4279
f 4280 4281 4282
f 4283 4284 4285
f 4286 4287 4288
f 4289 4290 4291
f 4292 4293 4294
f 4295 4296 4297
f 4298 4299 4300
f 4301 4302 4303
f 4301 4303 4304
f 4305 4306 4307
f 4308 4309 4310
f 4311 4312 4313
f 4311 4313 4314
f 4315 4316 4317
f 4318 4319 4320
f 4321 4322 4323
f 4324 4325 4326
f 4327 4328 4329
f 4330 4331 4332
f 4333 4334 4335
f 4336 4337 4338
f 4339 4340 4341
f 4342 4343 4344
f 4345 4346 4347
f 4348 4349 4350
f 4351 4352 4353
f 4354 4355 4356
f 4357 4358 4359
f 4360 4361 4362
f 4363 4364 4365
f 4366 4367 4368
f 4369 4370 4371
f 4372 4373 4374
f 4375 4376 4377
f 4378 4379 4380
f 4381 4382 4383
f 4384 4385 4386
f 4387 4388 4389
f 4390 4391 4392
f 4393 4394 4395
f 4396 4397 4398
f 4399 4400 4401
f 4399 4401 4402
f 4403 4404 4405
f 4403 4405 4406
f 4407 4408 4409
f 4407 4409 4410
f 4410 4409 4411
f 4412 4413 4414
f 4415 4416 4417
f 4418 4419 4420
f 4421 4422 4423
f 4424 4425 4426
f 4427 4428 4429
f 4430 4431 4432
f 4433 4434 4435
f 4436 4437 4438
f 4439 4440 4441
f 4442 4443 4444
f 4445 4446 4447
f 4448 4449 4450
f 4451 4452 4453
f 4454 4455 4456
f 4457 4458 4459
f 4460 4461 4462
f 4463 4464 4465
f 4466 4467 4468
f 4469 4470 4471
f 4472 4473 4474
f 4474 4473 4475
f 4476 4477 4478
f 4479 4480 4481
f 4482 4483 4484
f 4484 4483 4485
f 4486 4487 4488
f 4489 4490 4491
f 4492 4493 4494
f 4495 4496 4497
f 4498 4499 4500
f 4501 4502 4503
f 4504 4505 4506
f 4507 4508 4509
f 4510 4511 4512
f 4513 4514 4515
f 4516 4517 4518
f 4519 4520 4521
f 4522 4523 4524
f 4525 4526 4527
f 4528 4529 4530
f 4531 4532 4533
f 4534 4535 4536
f 4537 4538 4539
f 4540 4541 4542
f 4543 4544 4545
f 4546 4547 4548
f 4549 4550 4551
f 4552 4553 4554
f 4555 4556 4557
f 4558 4559 4560
f 4561 4562 4563
f 4564 4565 4566
f 4567 4568 4569
f 4570 4571 4572
f 4573 4574 4575
f 4576 4577 4578
f 4579 4580 4581
f 4582 4583 4584
f 4585 4586 4587
f 4588 4589 4590
f 4591 4592 4593
f 4594 4595 4596
f 4597 4598 4599
f 4600 4601 4602
f 4603 4604 4605
f 4606 4607 4608
f 4609 4610 4611
f 4612 4613 4614
f 4615 4616 4617
f 4618 4619 4620
f 4621 4622 4623
f 4624 4625 4626
f 4627 4628 4629
f 4630 4631 4632
f 4633 4634 4635
f 4636 4637 4638
f 4639 4484 4485
f 4640 4641 4642
f 4643 4644 4645
f 4646 4647 4648
f 4649 4650 4651
f 4652 4653 4654
f 4655 4656 4657
f 4658 4659 4660
f 4661 4662 4663
f 4664 4665 4666
f 4667 4668 4669
f 4670 4671 4672
f 4673 4674 4675
f 4676 4677 4678
f 4679 4680 4681
f 4682 4683 4684
f 4685 4686 4687
f 4688 4689 4690
f 4691 4692 4693
f 4694 4695 4696
f 4697 4698 4699
f 4700 4701 4702
f 4703 4704 4705
f 4706 4707 4708
f 4709 4710 4711
f 4712 4713 4714
f 4715 4716 4717
f 4718 4719 4720
f 4721 4722 4723
f 4724 4725 4726
f 4727 4728 4729
f 4730 4731 4732
f 4733 4734 4735
f 4736 4737 4738
f 4739 4740 4741
f 4742 4743 4744
f 4745 4746 4747
f 4748 4749 4750
f 4751 4752 4753
f 4754 4755 4756
f 4757 4758 4759
f 4760 4761 4762
f 4763 4764 4765
f 4766 4767 4768
f 4769 4770 4771
f 4772 4773 4774
f 4775 4776 4777
f 4778 4779 4780
f 4781 4782 4783
f 4784 4785 4786
f 4787 4788 4789
f 4790 4791 4792
f 4793 4794 4795
f 4796 4797 4798
f 4799 4800 4801
f 4802 4803 4804
f 4805 4806 4807
f 4808 4809 4810
f 4811 4812 4813
f 4814 4815 4816
f 4817 4818 4819
f 4820 4821 4822
f 4823 4824 4825
f 4826 4827 4828
f 4829 4830 4831
f 4832 4833 4834
f 4835 4836 4837
f 4838 4839 4840
f 4841 4842 4843
f 4844 4845 4846
f 4847 4848 4849
f 4850 4851 4852
f 4853 4854 4855
f 4856 4857 4858
f 4859 4860 4861
f 4862 4863 4864
f 4865 4866 4867
f 4868 4869 4870
f 4871 4872 4873
f 4874 4875 4876
f 4877 4878 4879
f 4880 4881 4882
f 4883 4884 4885
f 4886 4887 4888
f 4889 4890 4891
f 4892 4893 4894
f 4895 4896 4897
f 4898 4899 4900
f 4901 4902 4903
f 4904 4905 4906
f 4907 4908 4909
f 4910 4911 4912
f 4913 4914 4915
f 4916 4917 4918
f 4919 4920 4921
f 4922 4923 4924
f 4925 4926 4927
f 4928 4929 4930
f 4931 4932 4933
f 4934 4935 4936
f 4937 4938 4939
f 4940 4941 4942
f 4943 4944 4945
f 4946 4947 4948
f 4949 4950 4951
f 4952 4953 4954
f 4955 4956 4957
f 4958 4959 4960
f 4961 4962 4963
f 4964 4965 4966
f 4967 4968 4969
f 4970 4971 4972
f 4973 4974 4975
f 4976 4977 4978
f 4979 4980 4981
f 4982 4983 4984
f 4985 4986 4987
f 4988 4989 4990
f 4991 4992 4993
f 4994 4995 4996
f 4997 4998 4999
f 5000 5001 5002
f 5003 5004 5005
f 5006 5007 5008
f 5009 5010 5011
f 5012 5013 5014
f 5015 5016 5017
f 5018 5019 5020
f 5021 5022 5023
f 5024 5025 5026
f 5027 5028 5029
f 5030 5031 5032
f 5033 5034 5035
f 5036 5037 5038
f 5039 5040 5041
f 5042 5043 5044
f 5045 5046 5047
f 5048 5049 5050
f 5051 5052 5053
f 5054 5055 5056
f 5057 5058 5059
f 5060 5061 5062
f 5063 5064 5065
f 5066 5067 5068
f 5069 5070 5071
f 5072 5073 5074
f 5075 5076 5077
f 5078 5079 5080
f 5081 5082 5083
f 5084 5085 5086
f 5087 5088 5089
f 5090 5091 5092
f 5093 5094 5095
f 5096 5097 5098
f 5099 5100 5101
f 5102 5103 5104
f 5105 5106 5107
f 5108 5109 5110
f 5111 5112 5113
f 5114 5115 5116
f 5117 5118 5119
f 5120 5121 5122
f 5123 5124 5125
f 5126 5127 5128
f 5129 5130 5131
f 5132 5133 5134
f 5135 5136 5137
f 5138 5139 5140
f 5141 5142 5143
f 5144 5145 5146
f 5147 5148 5149
f 5150 5151 5152
f 5153 5154 5155
f 5156 5157 5158
f 5159 5160 5161
f 5162 5163 5164
f 5165 5166 5167
f 5168 5169 5170
f 5171 5172 5173
f 5173 5172 5174
f 5173 5174 5175
f 5175 5176 5173
f 5173 5176 5177
f 5173 5177 5178
f 5179 5180 5181
f 5173 5182 5183
f 5173 5183 5184
f 5184 5185 5173
f 5173 5185 5186
f 5173 5186 5187
f 5187 5188 5173
f 5173 5188 5189
f 5173 5189 5171
f 5178 5190 5173
f 5173 5190 5191
f 5192 5193 5194
f 5194 5193 5195
f 5179 5196 5197
f 5198 5199 5200
f 5200 5199 5201
f 1382 5202 5203
f 5203 5202 5204
f 5203 5204 5205
f 5204 5206 5205
f 5205 5206 5207
f 5205 5207 5208
f 5209 5210 5211
f 5212 5213 5214
f 5212 5214 5215
f 5216 5217 5218
f 5219 5220 5221
f 5222 5223 5224
f 5225 5226 5227
f 5225 5227 5228
f 5229 5230 5231
f 5232 5233 5234
f 5235 5236 5237
f 5237 5238 5235
f 5235 5238 5239
f 5235 5239 5240
f 5240 5241 5235
f 5235 5241 5242
f 5235 5242 5243
f 5244 5245 5246
f 5247 5234 5248
f 5243 5249 5235
f 5235 5249 5250
f 5235 5250 5251
f 5251 5252 5235
f 5235 5252 5253
f 5235 5253 5254
f 5254 5255 5235
f 5235 5255 5256
f 5235 5256 5236
f 5257 5258 5259
f 5260 5261 5262
f 5263 5264 5265
f 5266 5267 5268
f 5269 5270 5271
f 5272 5273 5274
f 5275 5276 5277
f 5277 5276 5278
f 5279 5280 5281
f 5281 5280 5282
f 5283 5284 5285
f 5286 5282 5287
f 5288 5289 5290
f 5290 5289 5291
f 5274 5273 5292
f 5292 5273 5293
f 5292 5293 5294
f 5294 5293 5288
f 5288 5293 5295
f 5288 5295 5289
f 5277 5296 5275
f 5275 5296 5297
f 5275 5297 5298
f 5298 5297 5299
f 5298 5299 5300
f 5300 5299 5301
f 5300 5301 5302
f 5302 5301 5303
f 5302 5303 5304
f 5304 5303 5305
f 5304 5305 5306
f 5306 5305 5307
f 5306 5307 5291
f 5291 5307 5308
f 5291 5308 5290
f 5274 5309 5272
f 5272 5309 5310
f 5272 5310 5311
f 5311 5310 5312
f 5311 5312 5313
f 5313 5312 5314
f 5313 5314 5315
f 5276 5316 5278
f 5278 5316 5317
f 5318 5319 5320
f 5321 5322 5323
f 5324 5325 5326
f 5327 5328 5329
f 5330 5331 5332
f 5333 5334 5335
f 5336 5337 5338
f 5339 5340 5341
f 5341 5340 5342
f 5314 5343 5315
f 5315 5343 5344
f 5315 5344 5345
f 5345 5344 5346
f 5345 5346 5347
f 5347 5346 5348
f 5347 5348 5349
f 5349 5348 5350
f 5349 5350 5351
f 5351 5350 5352
f 5351 5352 5353
f 5353 5352 5354
f 5353 5354 5355
f 5356 5357 5358
f 5356 5358 5279
f 5279 5358 5359
f 5279 5359 5280
f 5360 5361 5362
f 5321 5363 5364
f 5365 5366 5367
f 5367 5366 5368
f 5369 5370 5371
f 5371 5370 5372
f 5373 5374 5375
f 5376 5377 5378
f 5376 5378 5285
f 5366 5379 5368
f 5368 5379 5380
f 5368 5380 5381
f 5381 5380 5382
f 5381 5382 5383
f 5383 5382 5384
f 5383 5384 5385
f 5385 5384 5386
f 5385 5386 5387
f 5387 5386 5388
f 5387 5388 5389
f 5390 5391 5392
f 5392 5391 5393
f 5392 5393 5394
f 5394 5393 5395
f 5394 5395 5396
f 5396 5395 5397
f 5396 5397 5398
f 5398 5397 5399
f 5398 5399 5400
f 5400 5399 5389
f 5400 5389 5401
f 5401 5389 5388
f 5402 5403 5404
f 5405 5406 5407
f 5407 5406 5408
f 5407 5408 5409
f 5409 5408 5410
f 5409 5410 5411
f 5412 5413 5414
f 5412 5414 5415
f 5410 5416 5411
f 5411 5416 5417
f 5411 5417 5418
f 5418 5417 5419
f 5418 5419 5420
f 5420 5419 5421
f 5420 5421 5422
f 5422 5421 5423
f 5422 5423 5424
f 5424 5423 5425
f 5424 5425 5426
f 5426 5425 5427
f 5426 5427 5428
f 5428 5427 5429
f 5428 5429 5430
f 5430 5429 5431
f 5430 5431 5432
f 5432 5431 5415
f 5432 5415 5433
f 5433 5415 5414
f 5434 5435 5436
f 5437 5438 5439
f 5440 5441 5442
f 5442 5441 5443
f 5444 5445 5446
f 5447 5448 5449
f 5450 5451 5452
f 5453 5454 5455
f 5456 5457 5458
f 5459 5460 5461
f 5462 5463 5464
f 5465 5466 5467
f 5468 5469 5470
f 5471 5472 5473
f 5474 5475 5476
f 5477 5478 5479
f 5480 5481 5482
f 5483 5484 5485
f 5486 5487 5488
f 5489 5490 5491
f 5492 5493 5494
f 5495 5496 5497
f 5498 5499 5500
f 5501 5482 5481
f 5502 5503 5504
f 5505 5506 5507
f 5508 5497 5496
f 5509 5510 5511
f 5512 5491 5490
f 5512 5490 5513
f 5514 5485 5484
f 5514 5484 5515
f 5516 5517 5518
f 5519 5520 5521
f 5522 5523 5524
f 5525 5526 5527
f 5528 5529 5530
f 5531 5532 5533
f 5533 5532 5534
f 5533 5534 5535
f 5536 5537 5528
f 5528 5537 5538
f 5528 5538 5539
f 5540 5541 5542
f 5543 5544 5545
f 5546 5547 5548
f 5549 5550 5551
f 5552 5553 5554
f 5555 5556 5557
f 5558 5559 5560
f 5561 5562 5563
f 5564 5565 5566
f 5567 5568 5569
f 5570 5571 5572
f 5551 5573 5574
f 5551 5574 5549
f 5575 5576 5577
f 5578 5579 5580
f 5581 5582 5583
f 5584 5585 5586
f 5587 5588 5589
f 5590 5591 5592
f 5589 5593 5594
f 5595 5596 5597
f 5598 5599 5600
f 5601 5602 5603
f 5604 5605 5606
f 5607 5608 5609
f 5610 5611 5612
f 5613 5614 5615
f 5616 5617 5618
f 5619 5620 5621
f 5622 5623 5624
f 5625 5626 5627
f 5628 5629 5630
f 5631 5632 5633
f 5634 5635 5636
f 5637 5638 5639
f 5640 5641 5642
f 5643 5644 5645
f 5646 5647 5648
f 5649 5650 5651
f 5652 5653 5654
f 5655 5656 5657
f 5658 5659 5660
f 5661 5662 5663
f 5664 5665 5666
f 5667 5668 5669
f 5670 5671 5672
f 5673 5674 5675
f 5676 5677 5678
f 5679 5680 5681
f 5682 5683 5684
f 5685 5686 5687
f 5688 5689 5690
f 5691 5692 5693
f 5694 5695 5696
f 5697 5698 5699
f 5700 5701 5702
f 5703 5704 5705
f 5706 5707 5708
f 5709 5710 5711
f 5712 5713 5714
f 5715 5716 5717
f 5717 5716 5718
f 5717 5718 5719
f 5714 5720 5712
f 5712 5720 5721
f 5722 5723 5724
f 5725 5726 5727
f 5727 5726 5728
f 5727 5728 5729
f 5730 5731 5732
f 5733 5734 5735
f 5736 5737 5727
f 5738 5739 5740
f 5741 5742 5743
f 5744 5745 5746
f 5747 5748 5749
f 5750 5751 5752
f 5753 5754 5755
f 5756 5757 5758
f 5759 5760 5761
f 5750 5762 5763
f 5764 5765 5766
f 5767 5768 5769
f 5770 5771 5772
f 5773 5774 5775
f 5776 5777 5778
f 5778 5777 5779
f 5778 5779 5780
f 5781 5782 5783
f 5784 5785 5786
f 5787 5788 5789
f 5790 5791 5792
f 5793 5794 5795
f 5796 5797 5798
f 5799 5800 5801
f 5802 5803 5804
f 5805 5806 5807
f 5808 5809 5810
f 5811 5812 5813
f 5814 5815 5816
f 5817 5798 5797
f 5818 5819 5820
f 5796 5798 5821
f 5822 5813 5812
f 5822 5812 5823
f 5824 5807 5806
f 5825 5826 5827
f 5828 5829 5830
f 3590 5831 3588
f 5832 5833 5834
f 5835 5836 5837
f 5838 5839 5840
f 5841 5842 5843
f 5844 5845 5846
f 5847 5848 5849
f 5850 5851 5852
f 5853 5854 5855
f 5856 5857 5858
f 5859 5860 5861
f 5862 5863 5864
f 5865 5866 5867
f 5868 5869 5870
f 5871 5872 5873
f 5874 5875 5876
f 5877 5878 5879
f 5880 5881 5882
f 5883 5884 5885
f 5886 5887 5888
f 5889 5890 5891
f 5892 5893 5894
f 5895 3531 3533
f 5896 5897 5898
f 5899 5900 5901
f 5902 5903 5904
f 5905 5906 5907
f 5908 5909 5910
f 3394 5911 3395
f 5912 5913 5914
f 5915 5916 5917
f 5918 5919 5920
f 5921 5922 5923
f 5924 5925 5926
f 5927 5928 5929
f 5930 5931 5932
f 5933 5934 5935
f 5936 5937 5938
f 5939 5940 5941
f 5942 5943 5944
f 5945 5946 5947
f 5948 5949 5950
f 5951 5952 5953
f 5954 5955 5956
f 5956 5955 5957
f 5958 5959 5960
f 5960 5959 5961
f 5962 5963 5964
f 5964 5963 5965
f 5966 5967 5968
f 5969 5970 5971
f 5972 5973 5974
f 5975 3631 5976
f 5976 3631 3630
f 5977 5978 5979
f 5980 5981 5982
f 5983 5984 5985
f 5986 5987 5988
f 5989 5990 5991
f 5992 5993 5994
f 3567 5995 3565
f 5996 5997 5998
f 5999 6000 6001
f 6002 6003 6004
f 6005 6006 6007
f 6008 6009 6010
f 6011 6012 6013
f 6014 6015 6016
f 6017 6018 6019
f 6020 6021 6022
f 6023 6024 6025
f 6026 6027 6028
f 6029 6030 6031
f 6032 6033 6034
f 6035 6036 6037
f 6038 6039 6040
f 6041 6042 6043
f 6044 6045 6046
f 6047 6048 6049
f 6050 6051 6052
f 6053 6054 6055
f 6056 6057 6058
f 6059 6060 6061
f 6062 6063 6064
f 6065 6066 6067
f 6067 6066 6068
f 6069 6070 6071
f 6072 6073 6074
f 6075 6076 6077
f 6077 6076 6078
f 6079 6080 6081
f 6082 6083 6084
f 6085 6086 6087
f 6087 6086 6088
f 6087 6088 6089
f 6090 6091 6092
f 6093 6094 6095
f 6096 6097 6098
f 6099 6100 6101
f 6102 6103 6104
f 6105 6106 6107
f 6108 6109 6110
f 6111 6112 6113
f 6114 6115 6116
f 6117 6118 6119
f 6094 6120 6095
f 6121 6122 6123
f 6124 6125 6126
f 6127 6128 6129
f 6130 6131 6132
f 6133 6134 6135
f 6136 6137 6138
f 6138 6139 6136
f 6136 6139 6140
f 6136 6140 6141
f 6142 6143 6144
f 6144 6143 6145
f 6144 6145 6146
f 6146 6145 6147
f 6146 6147 6148
f 6149 6150 6151
f 6151 6150 6152
f 6153 6154 6155
f 6155 6154 6156
f 6156 6157 6155
f 6158 6159 6160
f 6161 6162 6163
f 6164 6165 6166
f 6167 6168 6169
f 6170 6171 6172
f 6173 6174 6175
f 6176 6177 6178
f 6179 6180 6181
f 6182 6183 6184
f 6185 6186 6187
f 6188 6189 6190
f 6191 6192 6188
f 6193 6191 6194
f 6191 6188 6194
f 6194 6188 6190
f 6194 6190 6195
f 6193 6194 6196
f 6196 6194 6197
f 6196 6197 6198
f 6199 6200 6201
f 6201 6200 6202
f 6201 6202 6203
f 6203 6202 6204
f 6205 6206 6207
f 6208 6209 6210
f 6211 6212 6213
f 6214 6215 6216
f 6217 6218 6219
f 6217 6219 6220
f 6221 6222 6223
f 6221 6223 6224
f 6225 6226 6227
f 6228 6229 6230
f 6231 6232 6233
f 6234 6235 6236
f 6237 6238 6239
f 6240 6241 6242
f 6243 6244 6245
f 6246 6247 6248
f 6249 6250 6251
f 6252 6253 6254
f 6255 6256 6257
f 6258 6259 6260
f 6261 6262 6263
f 6264 6265 6266
f 6267 6268 6269
f 6270 6271 6272
f 6273 6274 6275
f 6276 6277 6278
f 6276 6278 6279
f 6280 6281 6282
f 6283 6284 6285
f 6286 6287 6288
f 6289 6290 6291
f 6289 6291 6292
f 6293 6294 6295
f 6296 6297 6298
f 6299 6300 6301
f 6302 6303 6304
f 6305 6306 6307
f 6308 6309 6310
f 6311 6312 6313
f 6314 6315 6316
f 6317 6318 6319
f 6320 6321 6322
f 6320 6322 6323
f 6324 6325 6326
f 6324 6326 6327
f 6328 6329 6330
f 6328 6330 6331
f 6332 6333 6334
f 6335 6336 6337
f 6248 6338 6246
f 6339 6340 6341
f 6339 6341 6342
f 6343 6344 6345
f 6343 6345 6346
f 6347 6348 6349
f 6347 6349 6350
f 6351 6352 6353
f 6351 6353 6354
f 6355 6356 6357
f 6358 6359 6360
f 6361 6362 6363
f 6364 6365 6366
f 6367 6368 6369
f 6370 6371 6372
f 6373 6374 6375
f 6376 6377 6378
f 6379 6380 6381
f 6382 6383 6384
f 6385 6386 6387
f 6388 6389 6390
f 6391 4055 6392
f 6392 4055 4054
f 6393 6394 6395
f 6396 6397 6398
f 4003 6399 4001
f 6400 6401 6402
f 6403 6404 6405
f 6406 6407 6408
f 6409 6410 6411
f 6412 6391 6392
f 6413 6414 6415
f 6416 6417 6418
f 6419 6420 6421
f 6422 6423 6424
f 6425 6426 6427
f 6428 6429 6430
f 6431 6432 6433
f 6434 6435 6436
f 6436 6435 6437
f 6438 6439 6440
f 6440 6439 6441
f 6442 6443 6444
f 6445 6446 6447
f 6448 6449 6450
f 6451 6452 6453
f 6454 6455 6456
f 6457 6458 6459
f 6460 6461 6462
f 6463 6464 6465
f 6466 6467 6468
f 6469 6470 6471
f 6472 6473 6474
f 6475 6476 6477
f 6478 6479 6480
f 6481 6482 6483
f 6484 6485 6486
f 6487 6488 6489
f 6490 6491 6492
f 4154 4153 6493
f 6494 6495 6496
f 6497 6498 6499
f 6500 6501 6502
f 6503 6504 6505
f 6506 6507 6508
f 6509 6510 6511
f 6512 6513 6514
f 6515 6516 6517
f 6518 6519 6520
f 6521 6522 6523
f 6524 6525 6526
f 6527 6528 6529
f 6530 6531 6532
f 6533 6534 6535
f 6536 6537 6538
f 6539 6540 6541
f 6542 6543 6544
f 6545 6546 6547
f 6548 6549 6550
f 6551 6552 6553
f 6554 6555 6556
f 6557 6558 6559
f 6560 6561 6562
f 6563 6564 6565
f 6566 6567 6568
f 6569 6570 6571
f 6572 6573 6574
f 6575 6576 6577
f 6578 6579 6580
f 6581 6582 6583
f 6584 6585 6586
f 6587 6588 6589
f 6590 6591 6592
f 6593 6594 6595
f 6596 6597 6598
f 6599 6600 6601
f 6602 6603 6604
f 6605 6606 6607
f 6608 6609 6610
f 6611 6612 6613
f 6614 6615 6616
f 6617 6618 6619
f 6620 6621 6622
f 6623 6624 6625
f 6626 6627 6628
f 6629 6630 6631
f 6632 6633 6634
f 6635 6636 6637
f 6638 6639 6640
f 6641 6642 6643
f 6644 6645 6646
f 6647 6648 6649
f 6650 6651 6652
f 6653 6654 6655
f 6656 6657 6658
f 6659 6660 6661
f 6662 6663 6664
f 6665 6666 6667
f 6668 6669 6670
f 6671 6672 6673
f 6674 6675 6676
f 6677 6678 6679
f 6680 6681 6682
f 6683 6684 6685
f 6686 6687 6688
f 6688 6687 6689
f 6690 6691 6692
f 6693 6694 6695
f 6696 6697 6698
f 6699 6700 6701
f 6702 6703 6704
f 6705 6706 6707
f 6708 6709 6710
f 6711 6712 6713
f 6714 6715 6716
f 6717 6718 6719
f 6720 6721 6722
f 6723 6724 6725
f 6723 6725 6726
f 6727 6728 6729
f 6727 6729 6730
f 6713 6731 6711
f 6732 6733 6734
f 6732 6734 6735
f 6736 6737 6738
f 6736 6738 6739
f 6740 6741 6742
f 6688 6743 6686
f 6744 6745 6746
f 6747 6748 6749
f 6750 6751 6752
f 6753 6754 6755
f 6756 6757 6758
f 6759 6760 6761
f 6762 6763 6764
f 6765 6766 6767
f 6768 6769 6770
f 6771 6772 6773
f 6774 6775 6776
f 6777 6778 6779
f 6780 6781 6782
f 6783 6784 6785
f 6786 6787 6788
f 6789 6790 6791
f 6792 6793 6794
f 6795 6796 6797
f 6798 6799 6800
f 6801 6802 6803
f 6804 6805 6806
f 6807 6808 6809
f 6810 6811 6812
f 6813 6814 6815
f 6816 6817 6818
f 6819 6820 6821
f 6821 6820 6822
f 6823 6824 6825
f 6822 6826 6827
f 6828 6829 6830
f 6831 6832 6833
f 6834 6835 6836
f 6837 6838 6839
f 6840 6841 6842
f 6843 6844 6845
f 6846 6847 6848
f 6849 6850 6851
f 6852 6853 6854
f 6855 6856 6857
f 6858 6859 6860
f 6861 6862 6863
f 6864 6865 6866
f 6867 6868 6869
f 6870 6871 6872
f 6873 6874 6875
f 6862 6876 6863
f 6877 6878 6879
f 6880 6881 6882
f 6883 6884 6885
f 6886 6887 6888
f 6889 6890 6891
f 6892 6893 6894
f 6895 6896 6897
f 6898 6899 6900
f 6901 6902 6903
f 6904 6905 6906
f 6907 6908 6909
f 6910 6911 6912
f 6913 6914 6915
f 6916 6917 6918
f 6919 6920 6921
f 6922 6923 6924
f 6925 6926 6927
f 6928 6929 6930
f 6931 6932 6933
f 6934 6935 6936
f 6937 6938 6939
f 6940 6941 6942
f 6943 6944 6945
f 6946 6947 6948
f 6949 6950 6951
f 6952 6953 6954
f 6955 6956 6957
f 6958 6959 6960
f 6961 6962 6963
f 6964 6965 6966
f 6967 6968 6969
f 6970 6971 6972
f 6973 6974 6975
f 6976 6977 6978
f 6979 6980 6981
f 6982 6983 6984
f 6985 6986 6987
f 6988 6989 6990
f 6991 6992 6993
f 6994 6995 6996
f 6997 6998 6999
f 7000 7001 7002
f 7003 7004 7005
f 7003 7005 7006
f 7007 7008 7009
f 7010 7011 7012
f 7013 7014 7015
f 7016 7017 7018
f 7019 7020 7021
f 7022 7023 7024
f 7025 7026 7027
f 7028 7029 7030
f 7031 7032 7033
f 7034 7035 7036
f 7037 7038 7039
f 7040 7041 7042
f 7043 7044 7045
f 7046 7047 7048
f 7049 7050 7051
f 7052 7053 7054
f 7055 7056 7057
f 7058 7059 7060
f 7061 7062 7063
f 7064 7065 7066
f 7067 7068 7069
f 7070 7071 7072
f 7073 7074 7075
f 7076 7077 7078
f 7079 7080 7081
f 7082 7083 7084
f 7085 7086 7087
f 7088 7089 7090
f 7091 7092 7093
f 7094 7095 7096
f 7097 7098 7099
f 7100 7101 7102
f 7103 7104 7105
f 7106 7107 7108
f 7109 7110 7111
f 7112 7113 7114
f 7115 7116 7117
f 7118 7119 7120
f 7121 7122 7123
f 7019 7124 7020
f 7125 7126 7127
f 7128 7129 7130
f 7131 7132 7133
f 7133 7132 7134
f 7135 7136 7137
f 7138 7139 7140
f 7141 7142 7143
f 7144 7145 7146
f 7147 7148 7149
f 7150 7151 7152
f 7153 7154 7155
f 7156 7157 7158
f 7159 7160 7161
f 7162 7163 7164
f 7165 7166 7167
f 7168 7169 7170
f 7171 7172 7173
f 7174 7175 7176
f 7177 7178 7179
f 7180 7181 7182
f 7183 7184 7185
f 7185 7184 7186
f 7187 7188 7189
f 7190 7191 7192
f 7193 7194 7195
f 7196 7197 7198
f 7199 7200 7201
f 7202 7203 7204
f 7205 7206 7207
f 7208 7209 7210
f 7211 7212 7213
f 7214 7215 7216
f 7217 7218 7219
f 7220 7221 7222
f 7223 7224 7225
f 7226 7227 7228
f 7229 7230 7231
f 7232 7233 7234
f 7235 7236 7237
f 7237 7236 7238
f 7239 7240 7241
f 7242 7243 7244
f 7245 7246 7247
f 7248 7249 7250
f 7251 7252 7253
f 7254 7255 7256
f 7257 7258 7259
f 7260 7261 7262
f 7263 7264 7265
f 7266 7267 7268
f 7269 7270 7271
f 7272 7273 7274
f 7275 7276 7277
f 7278 7279 7280
f 7281 7282 7283
f 7284 7285 7286
f 7284 7286 7287
f 7288 7289 7290
f 7291 7292 7293
f 7294 7295 7296
f 7297 7298 7299
f 7300 7301 7302
f 7303 7063 7062
f 7304 7305 7306
f 7307 7308 7309
f 7310 7311 7312
f 7313 7314 7315
f 7316 7317 7318
f 7319 7320 7321
f 7322 7323 7324
f 7325 7326 7327
f 7304 7306 7328
f 7329 7330 7331
f 7332 7333 7334
f 7335 7336 7337
f 7338 7339 7340
f 7341 7342 7343
f 7344 7345 7346
f 7347 7348 7349
f 7350 7351 7352
f 7353 7354 7355
f 7356 7357 7358
f 7359 7360 7361
f 7362 7363 7364
f 7362 7364 7365
f 7366 7367 7368
f 7368 7367 7369
f 7370 7371 7372
f 7373 7374 7375
f 7376 7377 7378
f 7379 7380 7381
f 7382 7383 7384
f 7385 7386 7387
f 7388 7389 7390
f 7391 7392 7393
f 7394 7395 7396
f 7397 7398 7399
f 7400 7401 7402
f 7403 7404 7405
f 7406 7407 7408
f 7409 7410 7411
f 7412 7413 7414
f 7415 7416 7417
f 7318 7317 7418
f 7419 7315 7314
f 7420 7421 7422
f 7423 7424 7425
f 7426 7427 7428
f 7409 7411 7429
f 7430 7431 7432
f 7433 7434 7435
f 7436 7437 7438
f 7439 7440 7441
f 7442 7443 7444
f 7445 7446 7447
f 7448 7449 7450
f 7451 7452 7453
f 7454 7455 7456
f 7457 7458 7459
f 7460 7461 7462
f 7463 7464 7465
f 7466 7467 7468
f 6977 6976 7469
f 7470 7471 7472
f 7473 7474 7475
f 7476 7477 7478
f 7479 7480 7481
f 7482 7483 7484
f 7485 7486 7487
f 7488 7489 7490
f 7491 7492 7493
f 7494 7495 7496
f 7497 7498 7499
f 7500 7501 7502
f 7503 7504 7505
f 7506 7507 7508
f 7509 7510 7511
f 7512 7513 7514
f 7515 7516 7517
f 7518 7519 7520
f 7521 7522 7523
f 7524 7525 7526
f 7527 7528 7529
f 7530 7531 7532
f 7533 7534 7535
f 7533 7535 7536
f 7537 7538 7539
f 7537 7539 7540
f 7541 7542 7543
f 7544 7545 7546
f 7547 7548 7549
f 7550 7551 7552
f 7553 7554 7555
f 7556 7557 7558
f 7559 7560 7561
f 7562 7563 7564
f 7565 7566 7567
f 7236 7235 7568
f 7568 7235 7569
f 7570 7571 7572
f 7573 7574 7575
f 7576 7577 7578
f 7579 7580 7581
f 7582 7583 7584
f 7585 7586 7587
f 7588 7589 7590
f 7591 7592 7593
f 7594 7595 7596
f 7597 7598 7599
f 7600 7601 7602
f 7603 7604 7605
f 7606 7607 7608
f 7609 7610 7611
f 7612 7613 7614
f 7615 7616 7617
f 7618 7619 7620
f 7621 7622 7623
f 7624 7625 7626
f 7627 7628 7629
f 7630 7631 7632
f 7633 7634 7635
f 7636 7637 7638
f 7639 7640 7641
f 7642 7643 7644
f 7645 7646 7647
f 7648 7649 7650
f 7651 7652 7653
f 7654 7655 7656
f 7657 7658 7659
f 7660 7661 7662
f 7663 7664 7665
f 7666 7667 7668
f 7669 7670 7671
f 7672 7673 7674
f 7675 7676 7677
f 7678 7679 7680
f 7681 7682 7683
f 7684 7685 7686
f 7687 7688 7689
f 7690 7691 7692
f 7693 7694 7695
f 7696 7697 7698
f 7699 7700 7701
f 7702 7703 7704
f 7705 7706 7707
f 7708 7709 7710
f 7711 7712 7713
f 7714 7715 7716
f 7717 7718 7719
f 7720 7721 7722
f 7723 7724 7725
f 7726 7727 7728
f 7729 7730 7731
f 7732 7733 7734
f 7735 7736 7737
f 7738 7739 7740
f 7741 7742 7743
f 7744 7745 7746
f 7747 7748 7749
f 7749 7748 7750
f 7751 7752 7753
f 7754 7755 7756
f 7757 7758 7759
f 7760 7761 7762
f 7763 7764 7765
f 7766 7767 7768
f 7769 7770 7771
f 7769 7771 7772
f 7773 7774 7775
f 7772 7776 7777
f 7778 7779 7780
f 7781 7782 7783
f 7784 7785 7786
f 7787 7788 7789
f 7790 7791 7792
f 7793 7794 7795
f 7796 7797 7798
f 7799 7800 7801
f 7781 7802 7782
f 7803 7804 7805
f 7806 7807 7808
f 7809 7810 7811
f 7812 7813 7814
f 7815 7816 7817
f 7818 7819 7820
f 7821 7822 7823
f 7824 7825 7826
f 7827 7828 7829
f 7830 7831 7832
f 7833 7834 7835
f 7836 7837 7838
f 7839 7840 7841
f 7842 7843 7844
f 7845 7846 7847
f 7848 7849 7850
f 7850 7849 7851
f 7821 7852 7822
f 7853 7854 7855
f 7856 7857 7858
f 7859 7860 7861
f 7862 7863 7864
f 7865 7866 7867
f 7868 7869 7870
f 7871 7872 7873
f 7874 7875 7876
f 7877 7878 7879
f 7880 7881 7882
f 7883 7884 7885
f 7886 7887 7888
f 7889 7890 7891
f 7892 7893 7894
f 7895 7896 7897
f 7898 7899 7900
f 7901 7902 7903
f 7903 7902 7904
f 7905 7906 7907
f 7908 7909 7910
f 7911 7912 7913
f 7914 7915 7916
f 7917 7918 7919
f 7920 7921 7922
f 7923 7924 7925
f 7926 7927 7928
f 7929 7930 7931
f 7932 7933 7934
f 7935 7936 7937
f 7938 7939 7940
f 7941 7942 7943
f 7944 7945 7946
f 7947 7948 7949
f 7950 7951 7952
f 7953 7954 7955
f 7956 7957 7958
f 7959 7960 7961
f 7962 7963 7964
f 7965 7966 7967
f 7968 7969 7970
f 7970 7969 7971
f 7972 7973 7974
f 7974 7973 7975
f 7976 7977 7978
f 7979 7980 7981
f 7982 7983 7984
f 7985 7986 7987
f 7988 7989 7990
f 7991 7992 7993
f 7994 7995 7996
f 7997 7998 7999
f 8000 8001 8002
f 8003 8004 8005
f 8006 8007 8008
f 8009 8010 8011
f 8012 8013 8014
f 8015 8016 8017
f 8018 8019 8020
f 8021 8022 8023
f 8024 8025 8026
f 8027 8028 8029
f 8030 8031 8032
f 8033 8034 8035
f 8036 8037 8038
f 8039 8040 8041
f 8042 8043 8044
f 8045 8046 8047
f 8048 8049 8050
f 8051 8052 8053
f 8054 8055 8056
f 8057 8058 8059
f 8060 8061 8062
f 8063 8064 8065
f 8065 8066 8063
f 8067 8068 8069
f 8067 8069 8070
f 8071 8072 8073
f 8071 8073 8074
f 8075 8076 8077
f 8078 8079 8080
f 8036 8081 8037
f 8082 8083 8084
f 8085 8086 8087
f 8088 8089 8090
f 8091 8092 8093
f 8094 8095 8096
f 8097 8098 8099
f 8100 8101 8102
f 8103 8104 8105
f 8106 8107 8108
f 8109 8110 8111
f 8112 8113 8114
f 8115 8116 8117
f 8118 8119 8120
f 8121 8122 8123
f 8124 8125 8126
f 8127 8128 8129
f 8130 8131 8132
f 8133 8134 8135
f 8136 8137 8138
f 8139 8140 8141
f 8142 8143 8144
f 8145 8146 8147
f 8148 8149 8150
f 8151 8152 8153
f 8154 8155 8156
f 8157 8158 8159
f 8160 8161 8162
f 8163 8164 8165
f 8163 8165 8166
f 8167 8168 8169
f 8170 8171 8172
f 8173 8174 8175
f 8176 8177 8178
f 8179 8180 8181
f 8182 8183 8184
f 8185 8186 8187
f 8187 8186 8188
f 8184 8189 8182
f 8190 8191 8192
f 8190 8192 8193
f 8194 8154 8156
f 8195 8196 8197
f 8198 8199 8200
f 8201 8202 8203
f 8204 8205 8206
f 8207 8208 8209
f 8210 8211 8212
f 8213 8214 8215
f 8216 5169 8217
f 8218 8219 8220
f 8221 8222 8223
f 8224 8225 8226
f 8227 8228 8229
f 8230 8231 8232
f 8233 8234 8235
f 8236 8237 8238
f 8239 8240 8241
f 8242 8243 8244
f 8245 8246 8247
f 8248 8249 8250
f 8251 8252 8253
f 8254 8255 8256
f 8257 8258 8259
f 8260 8261 8262
f 8263 8264 8265
f 8266 8267 8268
f 8269 8270 8271
f 8272 8273 8274
f 8275 8276 8277
f 8278 8279 8280
f 8281 8282 8283
f 8284 8285 8286
f 8287 8288 8289
f 8290 8291 8292
f 8293 8294 8295
f 8296 8297 8298
f 8299 8300 8301
f 8302 8303 8304
f 8305 8306 8307
f 8308 8309 8310
f 8311 8312 8313
f 8314 8315 8316
f 8317 8318 8319
f 8320 8321 8322
f 8323 8324 8325
f 8326 8327 8328
f 8329 8330 8331
f 8332 8333 8334
f 8335 8336 8337
f 8338 8339 8340
f 8341 8342 8343
f 8344 8345 8346
f 8347 8348 8349
f 8350 8351 8352
f 8350 8352 8353
f 8354 8355 8356
f 8354 8356 8357
f 8358 8359 8360
f 8361 8362 8363
f 8364 8365 8366
f 8367 8368 8369
f 8370 8371 8372
f 8373 8374 8375
f 8373 8375 8376
f 8377 8378 8379
f 8380 8381 8382
f 8383 8384 8385
f 8386 8387 8388
f 8386 8388 8389
f 8390 8391 8392
f 8390 8392 8393
f 8394 8395 8396
f 8394 8396 8397
f 8398 8399 8400
f 8401 8402 8403
f 8401 8403 8404
f 8405 8406 8407
f 8405 8407 8408
f 8409 8410 8411
f 8409 8411 8412
f 8413 8414 8415
f 8413 8415 8416
f 8417 8418 8419
f 8417 8419 8420
f 8421 8422 8423
f 8421 8423 8424
f 8425 8426 8427
f 8428 8429 8430
f 8431 8432 8433
f 8434 8435 8436
f 8437 8438 8439
f 8440 8441 8442
f 8443 8444 8445
f 8446 8447 8448
f 8449 8450 8451
f 8452 8453 8454
f 8455 8456 8457
f 8455 8457 8458
f 8459 8460 8461
f 8459 8461 8462
f 8463 8464 8465
f 8463 8465 8466
f 8467 8468 8469
f 8470 8471 8472
f 8473 8474 8475
f 8475 8474 8476
f 8477 8478 8479
f 8480 8481 8482
f 8483 8484 8485
f 8486 8487 8488
f 8489 8490 8491
f 8439 8492 8437
f 8493 8494 8495
f 8444 8496 8445
f 8497 8498 8499
f 8450 8500 8451
f 8501 8502 8503
f 8501 8503 8504
f 8505 8506 8507
f 8505 8507 8508
f 8509 8510 8511
f 8509 8511 8512
f 8513 8514 8515
f 8513 8515 8516
f 8517 8518 8519
f 8520 8521 8522
f 8523 8524 8525
f 8526 8527 8528
f 8529 8530 8531
f 8532 8533 8534
f 8535 8536 8537
f 8538 8539 8540
f 8538 8540 8541
f 8542 8543 8544
f 8542 8544 8545
f 8546 8547 8548
f 8546 8548 8549
f 8550 8551 8552
f 8550 8552 8553
f 8554 8555 8556
f 8554 8556 8557
f 8558 8559 8560
f 8558 8560 8561
f 8562 8563 8564
f 8562 8564 8565
f 8527 8566 8528
f 8567 8398 8400
f 8533 8568 8534
f 8569 8570 8571
f 8569 8571 8572
f 8573 8574 8575
f 8573 8575 8576
f 8577 8578 8579
f 8577 8579 8580
f 8581 8582 8583
f 8581 8583 8584
f 8585 8586 8587
f 8585 8587 8588
f 8589 8590 8591
f 8589 8591 8592
f 8593 8594 8595
f 8593 8595 8596
f 8597 8598 8599
f 8600 8601 8602
f 8602 8601 8603
f 8604 8605 8606
f 8484 8607 8485
f 8608 8523 8525
f 8490 8609 8491
f 8610 8529 8531
f 8494 8611 8495
f 8612 8535 8537
f 8498 8613 8499
f 8614 8615 8616
f 8614 8616 8617
f 8618 8619 8620
f 8618 8620 8621
f 8622 8623 8624
f 8625 8626 8627
f 8628 8629 8630
f 8628 8630 8631
f 8632 8633 8634
f 8632 8634 8635
f 8636 8637 8638
f 8639 8640 8641
f 8642 8643 8644
f 8645 8646 8647
f 8648 8649 8650
f 8650 8649 8651
f 8652 8653 8654
f 8654 8653 8655
f 8656 8657 8658
f 8658 8657 8659
f 8660 8661 8662
f 8662 8661 8663
f 8664 8665 8666
f 8666 8665 8667
f 8668 8669 8670
f 8670 8669 8671
f 8672 8673 8674
f 8674 8673 8675
f 8676 8677 8678
f 8679 8680 8681
f 8682 8683 8684
f 8684 8683 8685
f 8686 8687 8688
f 8689 8690 8691
f 8692 8693 8694
f 8695 8696 8697
f 8698 8699 8700
f 8701 8702 8703
f 8703 8702 8704
f 8705 8706 8707
f 8707 8706 8708
f 8709 8710 8711
f 8712 8713 8714
f 8715 8688 8687
f 8716 8717 8718
f 8719 8720 8721
f 8710 8722 8711
f 8723 8724 8725
f 8726 8727 8728
f 8729 8730 8731
f 8732 8733 8734
f 8735 8736 8737
f 8737 8736 8738
f 8739 8740 8741
f 8741 8740 8742
f 8743 8744 8745
f 8745 8744 8746
f 8747 8748 8749
f 8749 8748 8750
f 8751 8752 8753
f 8753 8752 8754
f 8755 8756 8757
f 8757 8756 8758
f 8759 8760 8761
f 8762 8763 8764
f 8765 8766 8767
f 8768 8769 8770
f 8771 8772 8773
f 8774 8775 8776
f 8776 8775 8777
f 8778 8779 8780
f 8780 8779 8781
f 8782 8783 8784
f 8784 8783 8785
f 8786 8787 8788
f 8788 8787 8789
f 8790 8791 8792
f 8792 8791 8793
f 8794 8795 8796
f 8797 8798 8799
f 8796 8800 8801
f 8801 8800 8802
f 8803 8804 8805
f 8806 8807 8808
f 8809 8810 8811
f 8812 8813 8814
f 8815 8816 8817
f 8817 8816 8818
f 8819 8820 8821
f 8821 8820 8822
f 8823 8824 8825
f 8826 8827 8828
f 8829 8830 8831
f 8832 8833 8834
f 8835 8836 8837
f 8838 8839 8840
f 8841 8842 8843
f 8844 8845 8846
f 8847 8440 8442
f 8693 8848 8694
f 8849 8446 8448
f 8699 8850 8700
f 8851 8452 8454
f 8852 8853 8854
f 8854 8853 8855
f 8856 8857 8858
f 8858 8857 8859
f 8860 8861 8862
f 8863 8348 8347
f 8864 8865 8866
f 8867 8868 8869
f 8760 8870 8761
f 8871 8378 8377
f 8677 8872 8678
f 8873 8874 8875
f 8876 8877 8878
f 8879 8880 8881
f 8882 8883 8884
f 8885 8886 8887
f 8888 8889 8890
f 8891 8892 8893
f 8894 8895 8896
f 8897 8898 8899
f 8900 8901 8902
f 8903 8904 8905
f 8904 8906 8905
f 8907 8908 8909
f 8910 8911 8912
f 8913 8914 8915
f 8916 8917 8918
f 8918 8917 8919
f 8920 8921 8922
f 8923 8924 8925
f 8926 8927 8928
f 8929 8930 8931
f 8932 8933 8934
f 8935 8936 8937
f 8938 8939 8940
f 8941 8942 8943
f 8944 8945 8946
f 8947 8948 8949
f 8950 8951 8952
f 8953 8954 8955
f 8956 8957 8958
f 8959 8960 8961
f 8962 8963 8964
f 8965 8966 8967
f 8968 8969 8970
f 8971 8972 8973
f 8974 8975 8976
f 8977 8978 8979
f 8980 8981 8982
f 8983 8984 8985
f 8986 8987 8988
f 8989 8990 8991
f 8992 8993 8994
f 8995 8996 8997
f 8998 8999 9000
f 9001 9002 9003
f 9004 9005 9006
f 9007 9008 9009
f 9007 9009 9010
f 9011 9012 9013
f 9014 9015 9016
f 9017 9018 9019
f 9020 9021 9022
f 9023 9024 9025
f 9026 9027 9028
f 9029 9030 9031
f 9032 9033 9034
f 9035 9036 9037
f 9038 9039 9040
f 9041 9042 9043
f 9044 9045 9046
f 9047 9048 9049
f 9050 9051 9052
f 9050 9052 9053
f 9054 9055 9056
f 9054 9056 9057
f 9058 8968 8970
f 9059 9060 9061
f 9062 9063 9064
f 9062 9064 9065
f 9066 9067 9068
f 9066 9068 9069
f 9070 9071 9072
f 9073 9074 9075
f 9076 9077 9078
f 9076 9078 9079
f 9080 9081 9082
f 9083 9084 9085
f 9086 9087 9088
f 9086 9088 9089
f 9090 9091 9092
f 9090 9092 9093
f 9094 9095 9096
f 9097 9098 9099
f 9097 9099 9100
f 9101 9102 9103
f 9101 9103 9104
f 9105 9106 9107
f 9108 9109 9110
f 9111 9112 9113
f 9111 9113 9114
f 9115 9116 9117
f 9115 9117 9118
f 9119 9120 9121
f 9119 9121 9122
f 9123 9124 9125
f 9126 9127 9128
f 9126 9128 9129
f 9130 9131 9132
f 9130 9132 9133
f 9134 9135 9136
f 9134 9136 9137
f 9138 9139 9140
f 9141 9142 9143
f 9144 9145 9146
f 9147 9148 9149
f 9150 9151 9152
f 9153 9154 9155
f 9156 9157 9158
f 9158 9157 9159
f 9160 9161 9162
f 9162 9161 9163
f 9164 9165 9166
f 9166 9165 9167
f 9168 9169 9170
f 9171 9172 9173
f 8929 9174 8930
f 9175 9176 9177
f 9178 9179 9180
f 9181 9182 9183
f 9184 9185 9186
f 9187 9188 9189
f 9190 9184 9186
f 9191 9192 9193
f 9194 8923 8925
f 9195 9196 9197
f 9198 9171 9173
f 9199 9200 9201
f 9202 9203 9204
f 9205 9206 9207
f 9208 9209 9210
f 9211 9212 9213
f 9214 9215 9216
f 9217 9218 9219
f 9220 9221 9222
f 9223 9224 9225
f 9223 9225 9226
f 9227 9228 9229
f 9227 9229 9230
f 9231 9232 9233
f 9234 9235 9236
f 9237 9238 9239
f 9240 9241 9242
f 9243 9244 9245
f 9246 9247 9248
f 9249 9250 9251
f 9252 9253 9254
f 9255 9256 9257
f 9258 9259 9260
f 9260 9261 9258
f 9262 9263 9264
f 9254 9265 9252
f 9266 9267 9268
f 9248 9269 9246
f 9270 9271 9272
f 9242 9273 9240
f 9274 9275 9276
f 9236 9277 9234
f 9278 9279 9280
f 9278 9280 9281
f 9282 9283 9284
f 9282 9284 9285
f 9286 9287 9288
f 9289 9290 9291
f 9292 9293 9294
f 9295 9296 9297
f 9298 9299 9300
f 9301 9302 9303
f 9304 9305 9306
f 9307 9308 9309
f 9307 9309 9310
f 9311 9312 9313
f 9311 9313 9314
f 9315 9316 9317
f 9315 9317 9318
f 9319 9320 9321
f 9322 9323 9324
f 9296 9325 9297
f 9326 9123 9125
f 9302 9327 9303
f 9328 9329 9330
f 9328 9330 9331
f 9332 9333 9334
f 9332 9334 9335
f 9336 9337 9338
f 9336 9338 9339
f 9263 9340 9264
f 9341 9292 9294
f 9267 9342 9268
f 9343 9298 9300
f 9271 9344 9272
f 9345 9304 9306
f 9275 9346 9276
f 9347 9348 9349
f 9347 9349 9350
f 9351 9352 9353
f 9351 9353 9354
f 9355 9356 9357
f 9355 9357 9358
f 9359 9360 9361
f 9362 9363 9364
f 9365 9366 9367
f 9368 9369 9370
f 9371 9372 9373
f 9373 9372 9374
f 9375 9376 9377
f 9377 9376 9378
f 9379 9380 9381
f 9381 9380 9382
f 9383 9384 9385
f 9386 9387 9388
f 9389 9390 9391
f 9392 9393 9394
f 9394 9393 9395
f 9396 9397 9398
f 9398 9397 9399
f 9400 9401 9402
f 9403 9404 9405
f 9405 9404 9406
f 9407 9408 9409
f 9409 9408 9410
f 9411 9412 9413
f 9413 9412 9414
f 9415 9416 9417
f 9415 9417 9418
f 9419 9420 9421
f 9422 9423 9424
f 9425 9426 9427
f 9428 9429 9430
f 9431 9432 9433
f 9434 9435 9436
f 9437 9438 9439
f 9440 9441 9442
f 9443 9444 9445
f 9446 9447 9448
f 9449 9450 9451
f 9203 9452 9204
f 9453 9177 9176
f 9209 9454 9210
f 9455 9456 9457
f 9458 9459 9460
f 9461 9462 9463
f 9463 9462 9464
f 9465 9466 9467
f 9468 9469 9470
f 9471 9472 9473
f 9474 9475 9476
f 9401 9477 9402
f 9478 9479 9480
f 9384 9481 9385
f 9482 9483 9484
f 9485 9486 9487
f 9488 9489 9490
f 9491 9492 9493
f 9494 9495 9496
f 9497 9498 9499
f 9499 9498 9500
f 9501 9502 9503
f 9503 9502 9504
f 9505 9506 9507
f 9507 9506 9508
f 9509 9510 9511
f 9511 9510 9512
f 9513 9514 9515
f 9516 9517 9518
f 9516 9518 9519
f 9519 9518 9520
f 9521 9522 9523
f 9524 9525 9526
f 9524 9526 9527
f 9528 9170 9169
f 9529 9530 9531
f 9531 9530 9532
f 9533 8940 9534
f 9535 9536 9537
f 9538 9539 9540
f 9541 9542 9543
f 9544 9545 9546
f 9547 9548 9549
f 9550 9492 9491
f 9207 9551 9205
f 9552 9257 9256
f 9201 9553 9199
f 9554 9251 9250
f 9197 9555 9195
f 9556 9557 9558
f 9193 9559 9191
f 9560 9239 9238
f 9189 9561 9187
f 9562 9233 9232
f 9563 9564 9565
f 9565 9564 9566
f 9567 9568 9569
f 9569 9568 9570
f 9571 9572 9573
f 9573 9572 9574
f 9575 9576 9577
f 9578 9579 9580
f 9479 9581 9480
f 9582 9074 9073
f 9483 9583 9484
f 9584 9060 9059
f 9585 9586 9587
f 9588 9589 9590
f 9591 9592 9593
f 9594 9595 9596
f 9596 9597 9594
f 9598 9599 9600
f 9598 9600 9601
f 9602 9603 9604
f 9605 9606 9607
f 9607 9606 9608
f 9609 9610 9611
f 9612 9613 9614
f 9615 9616 9617
f 9618 9619 9620
f 9621 9622 9623
f 9624 9625 9626
f 9593 9627 9591
f 9628 9629 9630
f 9628 9630 9631
f 9632 9602 9604
f 9633 9634 9635
f 9635 9634 9636
f 9637 9638 9639
f 9640 9637 9641
f 9641 9637 9639
f 9641 9639 9642
f 9642 9639 9643
f 9644 9645 9646
f 9647 9648 9649
f 9650 9651 9652
f 9653 9654 9655
f 9656 9657 9658
f 9659 9660 9661
f 9661 9660 9662
f 9663 9664 9665
f 9666 9667 9668
f 9669 9670 9671
f 9672 9673 9674
f 9675 9676 9677
f 9678 9679 9680
f 9680 9679 9681
f 9682 9683 9684
f 9685 9686 9687
f 9687 9686 9688
f 9687 9688 9689
f 9689 9688 9690
f 9691 9692 9693
f 9694 9695 9696
f 9697 9698 9699
f 9700 9701 9702
f 9703 9704 9705
f 9706 9707 9708
f 9709 9710 9711
f 9712 9713 9714
f 9715 9716 9717
f 9718 9719 9720
f 9721 9722 9723
f 9724 9725 9726
f 9727 9728 9729
f 9697 9699 9730
f 9731 9732 9733
f 9734 9735 9736
f 9737 9738 9739
f 9740 9741 9742
f 9743 9744 9745
f 9746 9747 9748
f 9749 9750 9751
f 9752 9753 9754
f 9755 9756 9757
f 9758 9759 9760
f 9760 9759 9761
f 9760 9761 9762
f 9762 9761 9763
f 9764 9765 9766
f 9766 9765 9767
f 9768 9769 9770
f 9771 9772 9773
f 9770 9774 9775
f 9776 9773 9777
f 9778 9779 9780
f 9780 9779 9781
f 9780 9781 9782
f 9783 9784 9785
f 9786 9787 9788
f 9789 9790 9791
f 9792 9793 9794
f 9795 9796 9797
f 9797 9796 9798
f 9799 9800 9801
f 9802 9803 9804
f 9805 9806 9807
f 9808 9809 9810
f 9811 9812 9813
f 9813 9812 9814
f 9815 9816 9817
f 9817 9816 9818
f 9819 9820 9821
f 9821 9820 9822
f 9823 9824 9825
f 9825 9824 9826
f 9827 9828 9829
f 9829 9828 9830
f 9831 9832 9833
f 9833 9832 9834
f 9702 9835 9700
f 9836 9837 9838
f 9839 9840 9841
f 9842 9843 9844
f 9845 9846 9847
f 9848 9849 9850
f 9851 9852 9853
f 9854 9855 9856
f 9857 9858 9859
f 9860 9861 9862
f 9863 9864 9865
f 9866 9867 9868
f 9869 9870 9871
f 9872 9873 9874
f 9875 9876 9877
f 9878 9879 9880
f 9881 9882 9883
f 9884 9885 9886
f 9887 9888 9889
f 9889 9888 9890
f 9891 9892 9893
f 9894 9895 9896
f 9897 9898 9899
f 9900 9901 9902
f 9837 9903 9838
f 9904 9905 9906
f 9907 9908 9909
f 9910 9911 9912
f 9913 9914 9915
f 9916 9917 9918
f 9919 9920 9921
f 9922 9923 9924
f 9925 9926 9927
f 9928 9929 9930
f 9931 9932 9933
f 9934 9935 9936
f 9937 9938 9939
f 9940 9941 9942
f 9943 9944 9945
f 9946 9947 9948
f 9949 9950 9951
f 9952 9953 9954
f 9954 9953 9955
f 9954 9955 9956
f 9956 9955 9957
f 9958 9959 9960
f 9961 9962 9963
f 9964 9965 9966
f 9967 9968 9969
f 9970 9971 9972
f 9973 9974 9975
f 9976 9977 9978
f 9979 9980 9981
f 9982 9983 9984
f 9985 9986 9987
f 9988 9989 9990
f 9991 9992 9993
f 9994 9995 9996
f 9997 9998 9999
f 10000 10001 10002
f 10003 10004 10005
f 10006 10007 10008
f 10009 10010 10011
f 10012 10013 10014
f 10015 10016 10017
f 10018 10019 10020
f 10021 10022 10023
f 10024 10025 10026
f 10027 10028 10029
f 10030 10031 10032
f 10033 10034 10035
f 10036 10037 10038
f 10039 10040 10041
f 10042 10043 10044
f 10045 10046 10047
f 10048 10049 10050
f 10051 10052 10053
f 10054 10055 10056
f 10057 10058 10059
f 10060 10061 10062
f 10063 10064 10065
f 10066 10067 10068
f 10069 10070 10071
f 10072 10073 10074
f 10075 10076 10077
f 10078 10079 10080
f 10081 10082 10083
f 10084 10085 10086
f 10087 10088 10089
f 10090 10091 10092
f 10093 10094 10095
f 10096 10097 10098
f 10099 10100 10101
f 10102 10103 10104
f 10105 10106 10107
f 10108 10109 10110
f 10111 10112 10113
f 10114 10115 10116
f 10117 10118 10119
f 10120 10121 10122
f 10123 10124 10125
f 10126 10127 10128
f 10129 10130 10131
f 10132 10133 10134
f 10135 10136 10137
f 10138 10139 10140
f 10141 10142 10143
f 10144 10145 10146
f 10147 10148 10149
f 10150 10151 10152
f 10153 10154 10155
f 10156 10157 10158
f 10159 10160 10161
f 10162 10163 10164
f 10165 10166 10167
f 10029 10168 10027
f 10169 10170 10171
f 10172 10173 10174
f 10175 10176 10177
f 10178 10179 10180
f 10181 10182 10183
f 10184 10185 10186
f 10186 10185 10187
f 10188 10189 10190
f 10191 10192 10193
f 10194 10195 10196
f 10197 10198 10199
f 10200 10201 10202
f 10202 10201 10203
f 10204 10205 10206
f 10206 10205 10207
f 10208 10209 10210
f 10210 10209 10211
f 10212 10213 10214
f 10214 10213 10215
f 10216 10217 10218
f 10218 10217 10219
f 10220 10221 10222
f 10222 10221 10223
f 10170 10224 10171
f 5804 10225 5802
f 5802 10225 10226
f 10227 10228 10229
f 10230 10231 10232
f 10233 10234 10235
f 10236 10237 10238
f 10239 10240 10241
f 10242 10243 10244
f 10245 10246 10247
f 10248 10249 10250
f 10251 10252 10253
f 10254 10255 10256
f 10257 10258 10259
f 10257 10259 10260
f 10261 10262 10263
f 10264 10265 10266
f 10267 10268 10269
f 10270 10271 10272
f 10273 10269 10274
f 10272 10275 10276
f 10276 10275 10277
f 10278 10279 10280
f 10280 10279 10281
f 10280 10281 10282
f 10283 10284 10285
f 10285 10284 10286
f 10285 10286 10287
f 10287 10286 10288
f 10289 5834 5833
f 10290 10291 10292
f 10293 10294 10295
f 10296 10297 10298
f 10299 10300 10301
f 10302 10303 10304
f 10305 10306 10307
f 10308 10309 10310
f 10311 10312 10313
f 10314 10315 10316
f 10317 10318 10319
f 10320 10321 10322
f 10323 10324 10325
f 10326 10327 10328
f 10329 10330 10331
f 10332 10333 10334
f 10335 10336 10337
f 10338 10339 10340
f 10341 10342 10343
f 10344 10345 10346
f 10347 10348 10349
f 10346 10350 10351
f 10352 10353 10354
f 10352 10354 10355
f 10356 10357 10358
f 10359 10360 10361
f 10362 10363 10364
f 10365 10366 10367
f 10368 10369 10370
f 10371 10372 10373
f 10374 10375 10376
f 10377 10378 10379
f 10380 10381 10382
f 10383 10384 10385
f 10386 10387 10388
f 10389 10390 10391
f 10392 10393 10394
f 10395 10396 10397
f 10398 10399 10400
f 10401 10402 10403
f 10404 10405 10406
f 10407 10408 10409
f 10410 10411 10412
f 10413 10414 10415
f 10416 10417 10418
f 10419 10420 10421
f 10422 10423 10424
f 10425 10426 10427
f 10418 10428 10416
f 10429 10430 10431
f 10432 10433 10434
f 10435 10436 10437
f 10437 10436 10438
f 10439 10440 10441
f 10442 10443 10444
f 10445 10446 10447
f 10448 10449 10450
f 10451 10452 10453
f 10454 10455 10456
f 10457 10458 10459
f 10460 10461 10462
f 10463 10464 10465
f 10466 10467 10468
f 10469 10470 10471
f 10472 10473 10474
f 10475 10476 10477
f 10477 10476 10478
f 10479 10480 10481
f 10482 10483 10484
f 10485 10486 10487
f 10488 10489 10490
f 10491 10492 10493
f 10494 10495 10496
f 10497 10498 10499
f 10500 10501 10502
f 10503 10504 10505
f 10506 10507 10508
f 10508 10507 10509
f 10510 10511 10512
f 10513 10514 10515
f 10515 10514 10516
f 10517 10518 10519
f 10520 10521 10522
f 10522 10521 10523
f 10524 10525 10526
f 10527 10528 10529
f 10530 10531 10532
f 10533 10534 10535
f 10536 10537 10538
f 10539 10540 10541
f 10539 10541 10542
f 10543 10544 10545
f 10546 10547 10548
f 10549 10550 10551
f 10552 10553 10554
f 10555 10556 10557
f 10558 10559 10560
f 10560 10559 10561
f 10560 10561 10562
f 10562 10561 10563
f 10562 10563 10564
f 10564 10563 10565
f 10564 10565 10566
f 10566 10565 10567
f 10567 10565 10568
f 10567 10568 10569
f 10568 10570 10569
f 10569 10570 10571
f 10569 10571 10557
f 10557 10571 10572
f 10557 10572 10555
f 10573 10574 10575
f 10576 10577 10578
f 10579 10580 10581
f 10582 10583 10584
f 10585 10586 10587
f 10588 10589 10590
f 10591 10592 10593
f 10594 10595 10596
f 10597 10598 10599
f 10600 10601 10602
f 10603 10604 10605
f 10606 10607 10608
f 10609 10610 10611
f 10612 10613 10614
f 10615 10616 10617
f 10618 10619 10620
f 10621 10622 10623
f 10624 10625 10626
f 10627 10628 10629
f 10630 10631 10632
f 10630 10632 10633
f 10634 10635 10636
f 10637 10638 10639
f 10640 10641 10642
f 10643 10644 10645
f 10646 10647 10648
f 10649 10650 10651
f 10652 10653 10654
f 10655 10656 10657
f 10658 10651 10650
f 10659 10660 10661
f 10661 10660 10662
f 10663 10664 10665
f 10665 10664 10666
f 10667 10668 10669
f 10670 10671 10672
f 10673 10674 10675
f 10676 10677 10678
f 10679 10680 10681
f 10681 10680 10682
f 10683 10684 10685
f 10685 10684 10686
f 10687 10688 10689
f 10690 10691 10692
f 10693 10694 10695
f 10696 10697 10698
f 10699 10700 10701
f 10702 10703 10704
f 10705 10706 10707
f 10708 10709 10710
f 10711 10712 10713
f 10714 10715 10716
f 10717 10718 10719
f 10720 10721 10722
f 10723 10724 10725
f 10726 10727 10728
f 10729 10730 10731
f 10732 10733 10734
f 10735 10736 10737
f 10738 10739 10740
f 10741 10742 10743
f 10744 10745 10746
f 10747 10748 10749
f 10750 10751 10752
f 10753 10754 10755
f 10756 10757 10758
f 10759 10760 10761
f 10762 10763 10764
f 10765 10766 10767
f 10768 10769 10770
f 10771 10772 10773
f 10774 10775 10776
f 10777 10778 10779
f 10780 10781 10782
f 10783 10784 10785
f 10786 10787 10788
f 10789 10790 10791
f 10791 10790 10792
f 10793 10794 10795
f 10796 10797 10798
f 10799 10800 10801
f 10802 10803 10804
f 10805 10806 10807
f 10808 10809 10810
f 10811 10812 10813
f 10814 10815 10816
f 10817 10818 10819
f 10820 10821 10822
f 10823 10824 10825
f 10826 10827 10828
f 10829 10830 10831
f 10832 10833 10834
f 10835 10836 10837
f 10838 10839 10840
f 10841 10842 10843
f 10844 10845 10846
f 10847 10848 10849
f 10850 10851 10852
f 10853 10854 10855
f 10856 10857 10858
f 10859 10860 10861
f 10859 10861 10862
f 10863 10864 10865
f 10863 10865 10866
f 10867 10868 10869
f 10867 10869 10870
f 10871 10720 10722
f 10872 10873 10874
f 10789 10875 10790
f 10804 10876 10877
f 10804 10877 10802
f 10878 10762 10764
f 10878 10764 10879
f 10880 10881 10882
f 10880 10882 10883
f 10884 10885 10886
f 10884 10886 10887
f 10888 10889 10890
f 10888 10890 10891
f 10892 10872 10874
f 10893 10894 10895
f 10896 10897 10898
f 10898 10897 10899
f 10898 10899 10900
f 10900 10899 10901
f 10900 10901 10902
f 10902 10901 10903
f 10902 10903 10904
f 10904 10903 10905
f 10906 10907 10908
f 10908 10907 10909
f 10908 10909 10910
f 10910 10909 10911
f 10910 10911 10905
f 10905 10911 10912
f 10905 10912 10904
f 10913 10914 10915
f 10915 10914 10916
f 10915 10916 10917
f 10918 10919 10920
f 10920 10919 10915
f 10920 10915 10921
f 10921 10915 10917
f 10921 10917 10922
f 10923 10924 10925
f 10926 10927 10928
f 10929 10930 10931
f 10932 10933 10934
f 10935 10936 10937
f 10938 10939 10940
f 10941 10942 10943
f 10944 10945 10946
f 10947 10948 10949
f 10950 10951 10952
f 10953 10954 10955
f 10956 10957 10958
f 10959 10960 10961
f 10962 10963 10964
f 10964 10963 10965
f 10961 10966 10959
f 10967 10968 10969
f 10970 10971 10972
f 10973 10974 10975
f 10976 10977 10978
f 10979 10980 10981
f 10982 10983 10984
f 10985 10986 10987
f 10988 10989 10990
f 10991 10992 10993
f 10994 10995 10996
f 10997 10998 10999
f 11000 11001 11002
f 11003 11004 11005
f 11006 11007 11008
f 11008 11007 11009
f 11009 11010 11011
f 11009 11011 11008
f 11008 11011 11012
f 11008 11012 11013
f 11014 11015 11016
f 11017 11018 11019
f 11019 11018 11020
f 11019 11020 11013
f 11013 11020 11021
f 11013 11021 11008
f 11011 11022 11012
f 11012 11022 11014
f 11012 11014 11023
f 11023 11014 11016
f 11024 11025 11026
f 11026 11025 11027
f 11028 11029 11030
f 11031 11032 11033
f 11031 11033 11034
f 11035 11036 11037
f 11038 11039 11040
f 11041 11042 11043
f 11044 11045 11046
f 11044 11046 11047
f 11048 11049 11050
f 11051 11052 11053
f 11054 11055 11056
f 11057 11058 11059
f 11060 11061 11062
f 11063 11064 11065
f 11066 11067 11068
f 11069 11070 11071
f 11072 11073 11074
f 11075 11076 11077
f 11078 11079 11080
f 11081 11082 11083
f 11084 11085 11086
f 11087 11088 11089
f 11090 11091 11092
f 11093 11094 11095
f 11096 11097 11098
f 11099 11100 11101
f 11102 11103 11104
f 11104 11103 11105
f 11106 11107 11108
f 11109 11110 11111
f 11112 11113 11114
f 11115 11116 11117
f 11118 11119 11120
f 11121 11122 11123
f 11124 11125 11126
f 11127 11128 11129
f 11130 11131 11132
f 11133 11127 11129
f 11134 11135 11136
f 11136 11135 11137
f 11138 11139 11140
f 11140 11139 11141
f 11142 11143 11144
f 11145 11146 11147
f 11148 11149 11150
f 11151 11152 11153
f 11154 11155 11156
f 11156 11155 11157
f 11158 11159 11160
f 11160 11159 11161
f 11086 11162 11084
f 11163 11164 11165
f 11166 11167 11168
f 11169 11170 11171
f 11172 11173 11174
f 11175 11176 11177
f 11178 11179 11180
f 11181 11182 11183
f 11184 11185 11186
f 11187 11188 11189
f 11190 11191 11192
f 11192 11191 11193
f 11194 11195 11196
f 11197 11193 11198
f 11199 11200 11201
f 11191 11202 11203
f 11204 11205 11206
f 11207 11208 11209
f 11210 11211 11212
f 11213 11214 11215
f 11216 11217 11218
f 11219 11220 11221
f 11222 11223 11224
f 11225 11226 11227
f 11228 11229 11230
f 11231 11232 11233
f 11234 11235 11236
f 11237 11238 11239
f 11240 11241 11242
f 11243 11244 11245
f 11246 11247 11248
f 11236 11249 11234
f 11250 11251 11252
f 11253 11254 11255
f 11256 11257 11258
f 11259 11260 11261
f 11262 11263 11264
f 11264 11263 11265
f 11266 11267 11268
f 11269 11270 11271
f 11272 11273 11274
f 11275 11276 11277
f 11278 11279 11280
f 11281 11282 11283
f 11284 11285 11286
f 11287 11288 11289
f 11290 11291 11292
f 11293 11294 11295
f 11296 11297 11298
f 11299 11300 11301
f 11302 11303 11304
f 11305 11306 11307
f 11308 11309 11310
f 11311 11312 11313
f 11314 11315 11316
f 11317 11318 11319
f 11320 11321 11322
f 11323 11324 11325
f 11326 11327 11328
f 11329 11330 11331
f 11332 11333 11334
f 11335 11336 11337
f 11338 11339 11340
f 11341 11342 11343
f 11344 11345 11346
f 11347 11348 11349
f 11350 11351 11352
f 11353 11354 11355
f 11356 11357 11358
f 11359 11360 11361
f 11362 11363 11364
f 11365 11366 11367
f 11368 11369 11370
f 11371 11372 11373
f 11374 11375 11376
f 11377 11378 11379
f 11380 11381 11382
f 11383 11384 11385
f 11386 11387 11388
f 11389 11390 11391
f 11392 11393 11394
f 11395 11396 11397
f 11398 11399 11400
f 11401 11402 11403
f 11404 11405 11406
f 11407 11408 11409
f 11410 11411 11412
f 11413 11414 11415
f 11413 11415 11416
f 11417 11418 11419
f 11420 11421 11422
f 11423 11424 11425
f 11426 11427 11428
f 11429 11430 11431
f 11432 11433 11434
f 11432 11434 11435
f 11436 11437 11438
f 11439 11440 11441
f 11442 11443 11444
f 11445 11446 11447
f 11448 11449 11450
f 11451 11452 11453
f 11454 11455 11456
f 11457 11458 11459
f 11460 11461 11462
f 11460 11462 11463
f 11464 11465 11466
f 11464 11466 11467
f 11468 11469 11470
f 11468 11470 11471
f 11472 11473 11474
f 11475 11476 11477
f 11478 11479 11480
f 11478 11480 11481
f 11482 11483 11484
f 11482 11484 11485
f 11486 11487 11488
f 11489 11490 11491
f 11492 11493 11494
f 11495 11496 11497
f 11498 11499 11500
f 11501 11502 11503
f 11501 11503 11504
f 11505 11506 11507
f 11508 11509 11510
f 11511 11512 11513
f 11514 11515 11516
f 11517 11518 11519
f 11517 11519 11520
f 11521 11522 11523
f 11524 11525 11526
f 11527 11528 11529
f 11530 11531 11532
f 11533 11534 11535
f 11533 11535 11536
f 11537 11538 11539
f 11540 11541 11542
f 11543 11544 11545
f 11546 11547 11548
f 11549 11550 11551
f 11552 11553 11554
f 11555 11556 11557
f 11557 11556 11558
f 11559 11560 11561
f 11562 11563 11564
f 11565 11566 11567
f 11568 11569 11570
f 11571 11572 11573
f 11574 11570 11575
f 11576 11577 11578
f 11579 11580 11581
f 11582 11583 11584
f 11585 11586 11587
f 11588 11589 11590
f 11591 11592 11593
f 11594 11595 11596
f 11597 11598 11599
f 11600 11601 11602
f 11603 11604 11605
f 11606 11607 11608
f 11609 11610 11611
f 11612 11613 11614
f 11615 11616 11617
f 11618 11619 11620
f 11621 11622 11623
f 11624 11625 11626
f 11627 11628 11629
f 11630 11631 11632
f 11630 11632 11633
f 11605 11634 11603
f 11635 11636 11637
f 11638 11639 11640
f 11641 11642 11643
f 11644 11645 11646
f 11647 11648 11649
f 11650 11651 11652
f 11653 11654 11655
f 11655 11654 11656
f 11655 11656 11657
f 11658 11659 11660
f 11661 11662 11663
f 11664 11665 11666
f 10460 10462 11667
f 11668 11669 11670
f 11671 11672 11673
f 11674 11675 11676
f 11677 11678 11679
f 11680 11681 11682
f 11683 11684 11685
f 11686 11687 11688
f 11689 11690 11691
f 11692 11693 11694
f 11695 11696 11697
f 11695 11697 11698
f 11699 11700 11701
f 11702 11703 11704
f 11705 11706 11707
f 11708 11709 11710
f 11711 11712 11713
f 11714 11715 11716
f 11717 11718 11719
f 11719 11718 11720
f 11721 11722 11723
f 11724 11725 11726
f 11727 11728 11729
f 11730 11731 11732
f 11733 11734 11735
f 11735 11734 11736
f 11737 11738 11739
f 11740 11741 11742
f 11743 11744 11745
f 11746 11747 11748
f 11749 11750 11751
f 11752 11753 11754
f 11755 11756 11757
f 11758 11759 11760
f 11761 11762 11763
f 11761 11763 11764
f 11765 11766 11767
f 11768 11769 11770
f 11771 11772 11773
f 11774 11775 11776
f 11777 11778 11779
f 11777 11779 11780
f 11781 11782 11783
f 11784 11785 11786
f 11787 11788 11789
f 11790 11791 11792
f 11793 11794 11795
f 11796 11797 11798
f 11799 11800 11801
f 11802 11803 11804
f 11805 11806 11807
f 11808 11809 11810
f 11808 11810 11811
f 11812 11813 11814
f 11812 11814 11815
f 11816 11817 11818
f 11816 11818 11819
f 11820 11821 11822
f 11820 11822 11823
f 11824 11825 11826
f 11827 11828 11829
f 11830 11831 11832
f 11830 11832 11833
f 11834 11835 11836
f 11834 11836 11837
f 11838 11839 11840
f 11841 11842 11843
f 11844 11845 11846
f 11847 11848 11849
f 11850 11851 11852
f 11853 11854 11855
f 11853 11855 11856
f 11857 11858 11859
f 11860 11861 11862
f 11863 11864 11865
f 11866 11867 11868
f 11869 11870 11871
f 11872 11873 11874
f 11875 11876 11877
f 11878 11879 11880
f 11881 11882 11883
f 11884 11885 11886
f 11887 11888 11889
f 11890 11891 11892
f 11893 11894 11895
f 11896 11897 11898
f 11899 11900 11901
f 11902 11903 11904
f 11905 11906 11907
f 11908 11909 11910
f 11911 11912 11913
f 11914 11915 11916
f 11917 11918 11919
f 11920 11921 11922
f 11923 11924 11925
f 11926 11927 11928
f 11929 11930 11931
f 11932 11933 11934
f 11935 11936 11937
f 11938 11939 11940
f 11941 11942 11943
f 11944 11945 11946
f 11947 11948 11949
f 11950 11951 11952
f 11953 11954 11955
f 11956 11957 11958
f 11959 11960 11961
f 11962 11963 11964
f 11965 11966 11967
f 11968 11969 11970
f 11971 11972 11973
f 11974 11975 11976
f 11977 11978 11979
f 11979 11978 11980
f 11981 11982 11983
f 11984 11985 11986
f 11987 11988 11989
f 11987 11989 11990
f 11991 11983 11982
f 11992 11993 11994
f 11994 11993 11995
f 11996 11997 11998
f 11998 11997 11999
f 11984 12000 11985
f 12001 12002 12003
f 12004 12005 12006
f 12007 12008 12009
f 12010 12011 12012
f 12013 12014 12015
f 12016 12017 12018
f 12019 12020 12021
f 12022 12023 12024
f 12025 12026 12027
f 12028 12029 12030
f 12028 12030 12031
f 12003 12032 12001
f 12033 12034 12035
f 12036 12037 12038
f 12039 12040 12041
f 12042 12043 12044
f 12045 12046 12047
f 12048 12049 12050
f 12051 12052 12053
f 12054 12055 12056
f 12057 12058 12059
f 12060 12061 12062
f 12063 12064 12065
f 12066 12067 12068
f 12069 12070 12071
f 12072 12073 12074
f 12075 12076 12077
f 12077 12076 12078
f 11388 12079 11386
f 12080 12081 12082
f 12083 12084 12085
f 12086 12087 12088
f 12089 12090 12091
f 12092 12093 12094
f 12095 12096 12097
f 12098 12099 12100
f 12101 12102 12103
f 12104 12105 12106
f 12107 12108 12109
f 6415 6414 12110
f 12111 12112 12113
f 12114 12115 12116
f 12117 12118 12119
f 12120 12121 12122
f 12123 12124 12125
f 12126 12127 12128
f 12129 12130 12131
f 12132 12133 12134
f 12135 12136 12137
f 12138 12139 12140
f 12141 12142 12143
f 12144 12145 12146
f 12061 12147 12062
f 12148 12149 12150
f 12151 12152 12153
f 12154 12155 12156
f 12157 12158 12159
f 12160 12161 12162
f 12163 12164 12165
f 12166 12167 12168
f 12169 12170 12171
f 12172 12173 12174
f 12175 12176 12177
f 12178 12179 12180
f 12181 12182 12183
f 12184 12185 12186
f 12187 12188 12189
f 12190 12191 12192
f 12193 12194 12195
f 12196 12197 12198
f 12199 12200 12201
f 12202 6619 6618
f 6652 12203 6650
f 12204 12205 12206
f 12207 12208 12209
f 12210 12211 12212
f 12213 12214 12215
f 12216 12217 12218
f 12219 12220 12221
f 12222 12223 12224
f 12225 12226 12227
f 12228 12229 12230
f 12231 12232 12233
f 12234 12235 12236
f 12237 12238 12239
f 12240 12241 12242
f 12240 12242 12243
f 12243 12242 12244
f 12243 12244 12245
f 12245 12244 12246
f 12245 12246 12247
f 12248 12249 12250
f 12250 12249 12251
f 12250 12251 12252
f 12250 12253 12248
f 12248 12253 12254
f 12248 12254 12255
f 12256 12257 12258
f 12258 12257 12259
f 12247 12246 12260
f 12260 12246 12261
f 12260 12261 12262
f 12262 12261 12263
f 12262 12263 12264
f 12264 12263 12265
f 12264 12265 12266
f 12267 12268 12269
f 12255 12270 12248
f 12248 12270 12271
f 12248 12271 12272
f 12273 12274 12265
f 12265 12274 12275
f 12265 12275 12266
f 12251 12276 12252
f 12252 12276 12277
f 12252 12277 12278
f 12278 12277 12279
f 12278 12279 12280
f 12280 12279 12281
f 12280 12281 12256
f 12256 12281 12282
f 12256 12282 12257
f 12259 12283 12258
f 12258 12283 12284
f 12258 12284 12285
f 12285 12284 12286
f 12285 12286 12287
f 12265 12288 12273
f 12273 12288 12289
f 12273 12289 12290
f 12290 12289 12291
f 12290 12291 12292
f 12292 12291 12293
f 12292 12293 12294
f 12294 12293 12295
f 12294 12295 12296
f 12296 12295 12297
f 12296 12297 12298
f 12298 12297 12299
f 12298 12299 12300
f 12269 12268 12301
f 12301 12268 12302
f 12301 12302 12303
f 12303 12302 12304
f 12303 12304 12305
f 12269 12306 12267
f 12267 12306 12307
f 12267 12307 12308
f 12308 12307 12309
f 12308 12309 12310
f 12310 12309 12311
f 12310 12311 12312
f 12313 12314 12315
f 12315 12314 12316
f 12315 12316 12317
f 12317 12316 12318
f 12317 12318 12319
f 12319 12318 12287
f 12319 12287 12320
f 12320 12287 12286
f 12305 12304 12321
f 12321 12304 12322
f 12321 12322 12323
f 12312 12311 12324
f 12324 12311 12325
f 12324 12325 12271
f 12271 12325 12326
f 12271 12326 12327
f 12328 12329 12241
f 12241 12329 12330
f 12241 12330 12322
f 12322 12330 12331
f 12322 12331 12323
f 12327 12332 12271
f 12271 12332 12333
f 12271 12333 12334
f 12334 12335 12271
f 12271 12335 12336
f 12271 12336 12337
f 12240 12338 12241
f 12241 12338 12339
f 12241 12339 12340
f 12340 12341 12241
f 12241 12341 12342
f 12241 12342 12328
f 12337 12343 12271
f 12271 12343 12344
f 12271 12344 12345
f 12345 12346 12271
f 12271 12346 12347
f 12271 12347 12272
f 12348 12349 12350
f 12351 12352 12353
f 12354 12355 12356
f 12357 12358 12359
f 12360 12361 12362
f 12363 12364 12365
f 12366 12367 12368
f 12369 12370 12371
f 12372 12373 12374
f 12375 12376 12377
f 12378 12379 12380
f 12381 12382 12383
f 12384 12385 12386
f 12387 12388 12389
f 12390 12391 12392
f 12393 12394 12395
f 12396 12397 12398
f 12399 12400 12401
f 12402 12403 12404
f 12405 12406 12407
f 12408 12409 12410
f 12411 12412 12413
f 12414 12415 12416
f 12417 12418 12419
f 12420 12421 12422
f 12423 12424 12425
f 12426 12427 12428
f 12429 12430 12431
f 12432 12433 12434
f 12435 12436 12437
f 12438 12439 12440
f 12441 12442 12443
f 12444 12445 12446
f 12447 12448 12449
f 12450 12451 12452
f 12453 12454 12455
f 12456 12457 12458
f 12459 12460 12461
f 12461 12460 12462
f 12463 12464 12465
f 12466 12467 12468
f 12469 12470 12471
f 12472 12473 12474
f 12475 12476 12477
f 12478 12479 12480
f 12481 12482 12483
f 12484 12485 12486
f 12487 12488 12489
f 12490 12491 12492
f 12493 12494 12495
f 12496 12497 12498
f 12499 12500 12501
f 12502 12503 12504
f 12505 12506 12507
f 12508 12509 12510
f 12511 12512 12513
f 12514 12515 12516
f 12517 12518 12519
f 12520 12521 12522
f 12523 12524 12525
f 12526 12527 12528
f 12529 12530 12531
f 12532 12533 12534
f 12535 12536 12537
f 12538 12539 12540
f 12541 12542 12543
f 12541 12543 12544
f 12545 12546 12547
f 12545 12547 12548
f 12549 12550 12551
f 12549 12551 12552
f 12553 12386 12385
f 12554 12555 12556
f 12557 12558 12559
f 12459 12560 12561
f 12459 12561 12460
f 12562 12450 12452
f 12562 12452 12563
f 12485 12564 12565
f 12485 12565 12486
f 12566 12567 12568
f 12566 12568 12569
f 12570 12571 12572
f 12570 12572 12573
f 12574 12575 12576
f 12574 12576 12577
f 12578 12529 12531
f 12540 12579 12538
f 12580 12581 12582
f 12582 12581 12583
f 12584 12585 12586
f 12586 12585 12587
f 12586 12587 12588
f 12589 12590 12591
f 12591 12590 12592
f 12591 12592 12593
f 12593 12592 12594
f 12595 12596 12597
f 12595 12597 12598
f 12598 12597 12599
f 12598 12599 12600
f 12601 12602 12603
f 12604 12605 12603
f 12604 12603 12606
f 12607 12601 12608
f 12608 12601 12603
f 12608 12603 12609
f 12602 12610 12603
f 12603 12610 12611
f 12603 12611 12606
f 12612 12613 12614
f 12614 12615 12612
f 12612 12615 12616
f 12612 12616 12617
f 12617 12618 12612
f 12612 12618 12619
f 12612 12619 12620
f 12621 12622 12623
f 12624 12625 12621
f 12621 12625 12626
f 12621 12626 12622
f 12613 12612 12627
f 12627 12612 12621
f 12627 12621 12628
f 12628 12621 12623
f 12628 12623 12629
f 12630 12631 12632
f 12633 12634 12635
f 12636 12637 12638
f 12639 12640 12641
f 12642 12643 12644
f 12645 12646 12647
f 12648 12649 12650
f 12651 12652 12653
f 12654 12655 12656
f 12657 12658 12659
f 12660 12661 12662
f 12663 12664 12665
f 12666 12667 12668
f 12669 12670 12671
f 12672 12673 12674
f 12675 12676 12677
f 12678 12679 12680
f 12681 12682 12683
f 12684 12685 12686
f 12687 12688 12689
f 12690 12691 12692
f 12693 12694 12695
f 12695 12694 12696
f 12697 12698 12699
f 12700 12701 12702
f 12703 12704 12705
f 12706 12707 12708
f 12709 12710 12711
f 12712 12713 12714
f 12715 12716 12717
f 12718 12719 12720
f 12721 12722 12723
f 12724 12725 12726
f 12727 12728 12729
f 12730 12731 12732
f 12733 12734 12735
f 12736 12737 12738
f 12739 12740 12741
f 12742 12743 12744
f 12745 12746 12747
f 12748 12749 12750
f 12751 12752 12753
f 12754 12755 12756
f 12757 12758 12759
f 12760 12761 12762
f 12763 12764 12765
f 12766 12767 12768
f 12769 12770 12771
f 12772 12773 12774
f 12775 12776 12777
f 12778 12779 12780
f 12781 12782 12783
f 12784 12785 12786
f 12787 12788 12789
f 12790 12791 12792
f 12793 12794 12795
f 12796 12797 12798
f 12799 12800 12801
f 12802 12803 12804
f 12805 12806 12807
f 12807 12806 12808
f 12807 12808 12809
f 12804 12810 12802
f 12802 12810 12807
f 12802 12807 12811
f 12811 12807 12809
f 12811 12809 12812
f 12813 12814 12815
f 12816 12817 12818
f 12819 12820 12821
f 12822 12823 12824
f 12825 12826 12827
f 12828 12829 12830
f 12831 12832 12833
f 12834 12835 12836
f 12837 12838 12839
f 12840 12841 12842
f 12843 12844 12845
f 12846 12847 12848
f 12849 12850 12851
f 12852 12853 12854
f 12855 12856 12857
f 12858 12859 12860
f 12861 12862 12863
f 12864 12865 12866
f 12867 12868 12869
f 12870 12871 12872
f 12873 12874 12875
f 12876 12877 12878
f 12878 12877 12879
f 12880 12881 12882
f 12882 12881 12883
f 12884 12885 12886
f 12887 12888 12889
f 12889 12888 12890
f 12891 12892 12893
f 12893 12892 12894
f 12895 12896 12897
f 12897 12896 12898
f 12899 12900 12901
f 12902 12903 12904
f 12905 12906 12907
f 12908 12909 12910
f 12911 12912 12913
f 12914 12915 12916
f 12917 12918 12919
f 12920 12921 12922
f 12923 12924 12925
f 12926 12927 12928
f 12929 12930 12931
f 12932 12933 12934
f 12935 12936 12937
f 12938 12816 12818
f 12939 12940 12941
f 12942 12943 12944
f 12945 12946 12947
f 12948 12949 12950
f 12951 12952 12953
f 12954 12955 12956
f 12957 12958 12959
f 12960 12948 12950
f 12961 12962 12963
f 12964 12901 12900
f 12965 12966 12967
f 12968 12886 12885
f 12969 12970 12971
f 12815 12972 12813
f 12973 12957 12959
f 12941 12974 12939
f 12975 12961 12963
f 12937 12976 12935
f 12977 12965 12967
f 12978 12979 12980
f 12981 12982 12983
f 12983 12982 12984
f 12983 12984 12985
f 12985 12984 12986
f 12985 12986 12987
f 12986 12988 12987
f 12987 12988 12989
f 12987 12989 12990
f 12990 12989 12991
f 12992 12993 12994
f 12995 12996 12997
f 12998 12999 13000
f 13001 13002 13003
f 13004 13005 13006
f 13007 13008 13009
f 13010 13011 13012
f 13013 13014 13015
f 13016 13017 13018
f 13019 13020 13021
f 13022 13023 13024
f 13025 13026 13027
f 13028 13029 13030
f 13031 13032 13033
f 13034 13035 13036
f 13037 13038 13039
f 13039 13038 13040
f 13041 13042 13043
f 13043 13042 13044
f 13045 13046 13047
f 13048 13049 13050
f 13051 13052 13053
f 13051 13053 13054
f 13055 13056 13057
f 13058 13059 13060
f 13061 13062 13063
f 13064 13065 13066
f 13066 13065 13067
f 13068 13069 13070
f 13070 13069 13071
f 13072 13073 13074
f 13074 13073 13075
f 13076 13077 13078
f 13079 13080 13081
f 13082 13083 13084
f 13085 13086 13087
f 13088 13089 13090
f 13091 13092 13093
f 13094 13078 13077
f 13095 13096 13097
f 13098 13047 13046
f 13099 13100 13101
f 13102 13103 13104
f 13105 13106 13107
f 13108 13109 13110
f 13111 13112 13113
f 13114 13115 13116
f 13117 13118 13119
f 13120 13121 13122
f 13123 13124 13125
f 13126 13127 13128
f 13129 13130 13131
f 13131 13130 13132
f 13133 13134 13135
f 13135 13134 13136
f 13137 13138 13139
f 13139 13138 13140
f 13141 13142 13143
f 13144 13145 13146
f 13048 13147 13049
f 13148 13091 13093
f 12997 13149 12995
f 13150 13095 13097
f 13151 13152 13153
f 13154 13155 13156
f 13157 13158 13159
f 13160 13161 13162
f 13163 13164 13165
f 13166 13167 13168
f 13169 13170 13171
f 13172 13173 13174
f 13175 13176 13177
f 13178 13179 13180
f 13181 13182 13183
f 13184 13185 13186
f 13187 13188 13189
f 13190 13191 13192
f 13193 13194 13195
f 13196 13197 13198
f 13199 13200 13201
f 13199 13201 13198
f 13198 13201 13202
f 13198 13202 13203
f 13203 13204 13198
f 13198 13204 13205
f 13198 13205 13196
f 13206 13207 13208
f 13209 13210 13211
f 13210 13212 13211
f 13213 13214 13215
f 13213 13215 13216
f 13217 13218 13219
f 13220 13221 13222
f 13223 13224 13225
f 13226 13227 13228
f 13211 13229 13209
f 13230 13231 13232
f 13233 13234 13235
f 13236 13237 13238
f 13239 13240 13241
f 13242 13243 13244
f 13245 13246 13247
f 13248 13249 13250
f 13251 13252 13253
f 13241 13254 13239
f 13255 13256 13257
f 13258 13259 13260
f 13261 13262 13245
f 13250 13263 13264
f 13265 13266 13267
f 13268 13269 13270
f 13271 13272 13273
f 13274 13275 13276
f 13277 13278 13279
f 13280 13281 13282
f 13283 13284 13285
f 13286 13287 13288
f 13289 13290 13291
f 13287 13292 13293
f 13294 13295 13296
f 13297 13298 13299
f 13300 13301 13302
f 13303 13304 13305
f 13306 13307 13308
f 13309 13310 13311
f 13309 13311 13312
f 13313 13314 13315
f 13316 13300 13317
f 13318 13319 13320
f 13321 13322 13323
f 13324 13325 13326
f 13327 13328 13329
f 13330 13331 13332
f 13333 13334 13335
f 13336 13337 13338
f 13329 13339 13340
f 13329 13340 13327
f 13341 13342 13343
f 13344 13345 13346
f 13347 13348 13349
f 13350 13351 13352
f 13353 13354 13355
f 13356 13357 13338
f 13358 13359 13360
f 13361 13362 13363

