# https://github.com/mikedh/trimesh
mtllib material.mtl

o proximal_001
usemtl material_0
v -6.19669008 -7.61001015 14.00067997
v -5.99998999 -7.69759989 7.99969006
v -5.93078995 -7.72543001 8.52068996
v -7.45359993 6.66578007 -0.00031000
v -7.17350006 6.94911003 4.21837997
v -6.53730011 7.42475986 2.97619009
v -3.56698990 -8.61559963 18.55867958
v 0.00406000 -9.69027996 22.44568062
v -1.76899004 -9.59039974 22.63068008
v -3.55468988 -9.23031044 23.11968994
v -3.56698990 -8.61559963 18.55867958
v -1.76899004 -9.59039974 22.63068008
v 0.00406000 -8.84558964 18.22267914
v -3.55468988 -9.23031044 23.11968994
v -4.59091997 -8.80455971 23.59967995
v -3.56698990 -8.61559963 18.55867958
v 3.55836010 -9.23031044 23.11968994
v 3.57066011 -8.61559963 18.55867958
v 4.59459019 -8.80455971 23.59967995
v 0.00406000 -8.84558964 18.22267914
v 3.57066011 -8.61559963 18.55867958
v 0.00406000 -9.69027996 22.44568062
v 3.55836010 -9.23031044 23.11968994
v 1.77266002 -9.59039974 22.63068008
v 3.57066011 -8.61559963 18.55867958
v 1.77266002 -9.59039974 22.63068008
v -4.47208977 7.99911022 23.99967957
v -0.92009997 7.99911022 10.96068001
v -2.73449993 7.99911022 10.65468025
v -5.10259008 7.94911003 9.74468994
v -4.47208977 7.99911022 23.99967957
v -2.73449993 7.99911022 10.65468025
v -9.91718960 -1.28497005 23.99967957
v -9.99999046 -0.02064000 23.99967957
v -9.93270016 -1.15878999 -0.00031000
v -9.92969036 1.15514004 -0.00031000
v -9.93270016 -1.15878999 -0.00031000
v -9.99999046 -0.02064000 23.99967957
v -9.99999046 -0.02064000 23.99967957
v -9.92208958 1.24482000 23.99967957
v -9.92969036 1.15514004 -0.00031000
v -9.92969036 1.15514004 -0.00031000
v -9.92208958 1.24482000 23.99967957
v -9.68389034 2.49335003 23.99967957
v -9.63908958 2.66125011 -0.00031000
v -9.68389034 2.49335003 23.99967957
v -8.93994045 4.00024986 23.99967957
v -9.63908958 2.66125011 -0.00031000
v -9.11909008 4.10304022 -0.00031000
v -9.63908958 2.66125011 -0.00031000
v -8.93994045 4.00024986 23.99967957
v -9.11909008 4.10304022 -0.00031000
v -8.93994045 4.00024986 23.99967957
v -8.39958954 5.42557001 23.99967957
v -8.38479042 5.44841003 -0.00031000
v -9.11909008 4.10304022 -0.00031000
v -8.39958954 5.42557001 23.99967957
v -8.38479042 5.44841003 -0.00031000
v -8.39958954 5.42557001 23.99967957
v -7.47299004 6.64398003 23.99967957
v -7.45359993 6.66578007 -0.00031000
v -8.38479042 5.44841003 -0.00031000
v -7.47299004 6.64398003 23.99967957
v -8.06000042 -1.20360994 -5.79601002
v -8.06000042 1.20183003 -5.79601002
v -6.00000000 -0.00089000 -8.00030994
v -9.41219997 1.47352004 -3.03941011
v -8.06000042 1.20183003 -5.79601002
v -8.06000042 -1.20360994 -5.79601002
v -9.41219997 -1.47531998 -3.03941011
v -6.00000000 1.13089001 -7.91980982
v -6.00000000 -0.00089000 -8.00030994
v -8.06000042 1.20183003 -5.79601002
v -7.35780001 3.50247002 -5.79601002
v -6.00000000 2.24673009 -7.67811012
v -6.00000000 1.13089001 -7.91980982
v -8.06000042 1.20183003 -5.79601002
v -7.35780001 3.50247002 -5.79601002
v -6.00000000 1.13089001 -7.91980982
v -7.35780001 3.50247002 -5.79601002
v -8.06000042 1.20183003 -5.79601002
v -9.41219997 1.47352004 -3.03941011
v -9.41219997 1.47352004 -3.03941011
v -9.63908958 2.66125011 -0.00031000
v -9.11909008 4.10304022 -0.00031000
v -8.51049995 4.28109980 -3.03941011
v -9.41219997 1.47352004 -3.03941011
v -9.11909008 4.10304022 -0.00031000
v -9.41219997 1.47352004 -3.03941011
v -8.51049995 4.28109980 -3.03941011
v -7.35780001 3.50247002 -5.79601002
v -6.00000000 3.35892010 -7.26061010
v -6.00000000 2.24673009 -7.67811012
v -7.35780001 3.50247002 -5.79601002
v -9.11909008 4.10304022 -0.00031000
v -8.38479042 5.44841003 -0.00031000
v -8.51049995 4.28109980 -3.03941011
v -6.00000000 5.49692011 -5.79130983
v -7.35780001 3.50247002 -5.79601002
v -8.51049995 4.28109980 -3.03941011
v -8.51049995 4.28109980 -3.03941011
v -8.38479042 5.44841003 -0.00031000
v -7.45359993 6.66578007 -0.00031000
v -8.51049995 4.28109980 -3.03941011
v -7.45359993 6.66578007 -0.00031000
v -6.62189007 6.66578007 -3.42180991
v -8.51049995 4.28109980 -3.03941011
v -6.62189007 6.66578007 -3.42180991
v -6.00000000 5.49692011 -5.79130983
v -6.00000000 6.66577005 -4.42251015
v -6.00000000 5.49692011 -5.79130983
v -6.62189007 6.66578007 -3.42180991
v -6.78489017 -7.26453018 -0.00031000
v -6.83189011 -7.23064995 13.99969006
v -7.46809006 -6.65130997 13.99969006
v -7.45359993 -6.66756010 -0.00031000
v -6.78489017 -7.26453018 -0.00031000
v -7.46809006 -6.65130997 13.99969006
v -6.19669008 -7.61001015 14.00067997
v -6.83189011 -7.23064995 13.99969006
v -6.78489017 -7.26453018 -0.00031000
v -6.78489017 -7.26453018 -0.00031000
v -5.99998999 -7.69759989 -0.00031000
v -6.19669008 -7.61001015 14.00067997
v -6.19669008 -7.61001015 14.00067997
v -5.93078995 -7.72543001 8.52068996
v -5.71838999 -7.80179977 9.02268982
v -5.71838999 -7.80179977 9.02268982
v -5.38549995 -7.89521980 9.44169044
v -5.00999022 -7.96456003 14.00168037
v -5.38549995 -7.89521980 9.44169044
v -4.95869017 -7.97118998 9.75467968
v -5.00999022 -7.96456003 14.00168037
v -5.57888985 7.84293985 23.99967957
v -4.47208977 7.99911022 23.99967957
v -5.10259008 7.94911003 9.74468994
v -5.10259008 7.94911003 9.74468994
v -6.02018976 7.68740988 9.16469002
v -5.57888985 7.84293985 23.99967957
v -6.59928989 7.38662004 23.99967957
v -5.57888985 7.84293985 23.99967957
v -6.02018976 7.68740988 9.16469002
v -6.02018976 7.68740988 9.16469002
v -6.70468998 7.31809998 8.43568039
v -6.59928989 7.38662004 23.99967957
v -6.00000000 7.69580984 -0.00031000
v -6.53730011 7.42475986 2.97619009
v -6.00000000 7.69580984 2.18159008
v -7.17349005 6.94911003 6.96669006
v -7.17350006 6.94911003 4.21837997
v -7.45359993 6.66578007 -0.00031000
v -6.00000000 7.69580984 -0.00031000
v -7.45359993 6.66578007 -0.00031000
v -6.53730011 7.42475986 2.97619009
v -6.59928989 7.38662004 23.99967957
v -6.70468998 7.31809998 8.43568039
v -7.06459999 7.04524994 7.66968012
v -6.59928989 7.38662004 23.99967957
v -7.06459999 7.04524994 7.66968012
v -7.17349005 6.94911003 6.96669006
v -6.00000000 7.62006998 -1.44611001
v -7.45359993 6.66578007 -0.00031000
v -6.00000000 7.69580984 -0.00031000
v -6.62189007 6.66578007 -3.42180991
v -7.45359993 6.66578007 -0.00031000
v -6.00000000 7.62006998 -1.44611001
v -6.00000000 7.62006998 -1.44611001
v -6.00000000 7.34767008 -2.89110994
v -6.62189007 6.66578007 -3.42180991
v -6.00000000 7.34767008 -2.89110994
v -6.00000000 7.07516003 -3.64421010
v -6.62189007 6.66578007 -3.42180991
v -6.00000000 6.66577005 -4.42251015
v -6.62189007 6.66578007 -3.42180991
v -6.00000000 7.07516003 -3.64421010
v -6.00000000 -1.13267004 -7.91980982
v -6.00000000 -0.00089000 -8.00030994
v -6.00000000 1.13089001 -7.91980982
v -6.00000000 2.24673009 -7.67811012
v -6.00000000 3.35892010 -7.26061010
v -6.00000000 -2.24850988 -7.67811012
v -6.00000000 -3.36070991 -7.26061010
v -6.00000000 4.49860001 -6.61500978
v -6.00000000 -4.50038004 -6.61500978
v -6.00000000 5.49692011 -5.79130983
v -6.00000000 -5.49870014 -5.79130983
v -6.00000000 6.66577005 -4.42251015
v -5.99998999 -6.96596003 -3.90192008
v -6.00000000 7.07516003 -3.64421010
v -5.99998999 -7.34730005 -2.89871001
v -6.00000000 7.34767008 -2.89110994
v -6.00000000 7.62006998 -1.44611001
v -5.99998999 -0.00089000 -0.00031000
v -6.00000000 7.69580984 -0.00031000
v -6.00000000 7.69580984 2.18159008
v -6.00000000 7.31252003 3.24218988
v -6.00000000 7.69580984 2.18159008
v -6.53730011 7.42475986 2.97619009
v -6.53730011 7.42475986 2.97619009
v -7.17350006 6.94911003 4.21837997
v -6.00000000 7.31252003 3.24218988
v -5.64639997 6.94911003 8.25267982
v -7.17349005 6.94911003 6.96669006
v -7.06459999 7.04524994 7.66968012
v -6.59928989 7.38662004 23.99967957
v -7.17349005 6.94911003 6.96669006
v -7.47299004 6.64398003 23.99967957
v -7.47299004 6.64398003 23.99967957
v -9.41219997 -1.47531998 -3.03941011
v -9.92969036 1.15514004 -0.00031000
v -9.41219997 1.47352004 -3.03941011
v -9.63908958 2.66125011 -0.00031000
v -9.41219997 1.47352004 -3.03941011
v -9.92969036 1.15514004 -0.00031000
v 9.64276028 2.66125011 -0.00031000
v 9.93336010 1.15514004 -0.00031000
v 9.41586018 1.47352004 -3.03941011
v 9.41586018 -1.47531998 -3.03941011
v 9.41586018 1.47352004 -3.03941011
v 9.93636036 -1.15878999 -0.00031000
v 7.17715979 6.94911003 6.96669006
v 7.47665977 6.64398003 23.99967957
v 7.45726013 6.66578007 -0.00031000
v 6.60296011 7.38662004 23.99967957
v 7.47665977 6.64398003 23.99967957
v 7.17715979 6.94911003 6.96669006
v 6.66885996 7.34082985 3.17053008
v 6.00366020 7.31252003 3.24218988
v 7.14516020 6.97813988 3.97919011
v 6.00366020 7.69580984 -0.00031000
v 6.00366020 -0.00089000 -0.00031000
v 6.00366020 7.69580984 2.18159008
v 6.00366020 7.62006998 -1.44611001
v 6.00366020 7.34767008 -2.89110994
v 6.00366020 -7.62085009 -1.45521998
v 6.00366020 6.66577005 -4.42252016
v 6.00366020 -7.18556023 -3.39230990
v 6.00366020 -6.66755009 -4.42252016
v 6.00366020 -5.49870014 -5.79130983
v 6.00366020 5.49692011 -5.79130983
v 6.00366020 -4.50038004 -6.61500978
v 6.00366020 4.49860001 -6.61500978
v 6.00366020 -3.36070991 -7.26061010
v 6.00366020 3.35892010 -7.26061010
v 6.00366020 -2.24850988 -7.67812014
v 6.00366020 2.24673009 -7.67812014
v 6.00366020 1.13089001 -7.91980982
v 6.00366020 -1.13267004 -7.91980982
v 6.00366020 -0.00089000 -8.00030994
v 6.00366020 7.34767008 -2.89110994
v 6.62555981 6.66578007 -3.42180991
v 6.00366020 6.66577005 -4.42252016
v 6.62555981 6.66578007 -3.42180991
v 6.00366020 7.34767008 -2.89110994
v 6.00366020 7.62006998 -1.44611001
v 6.62555981 6.66578007 -3.42180991
v 6.00366020 7.62006998 -1.44611001
v 7.45726013 6.66578007 -0.00031000
v 6.00366020 7.62006998 -1.44611001
v 6.00366020 7.69580984 -0.00031000
v 7.45726013 6.66578007 -0.00031000
v 6.60296011 7.38662004 23.99967957
v 7.17715979 6.94911003 6.96669006
v 7.06826019 7.04524994 7.66968012
v 6.00366020 7.69580984 -0.00031000
v 6.66885996 7.34082985 3.17053008
v 7.45726013 6.66578007 -0.00031000
v 7.45726013 6.66578007 -0.00031000
v 6.66885996 7.34082985 3.17053008
v 7.14516020 6.97813988 3.97919011
v 7.45726013 6.66578007 -0.00031000
v 7.14516020 6.97813988 3.97919011
v 7.17715979 6.94911003 6.96669006
v 6.00366020 7.69580984 -0.00031000
v 6.00366020 7.69580984 2.18159008
v 6.66885996 7.34082985 3.17053008
v 6.60296011 7.38662004 23.99967957
v 6.02385998 7.68740988 9.16469002
v 5.58256006 7.84293985 23.99967957
v 5.10625982 7.94911003 9.74468994
v 5.58256006 7.84293985 23.99967957
v 6.02385998 7.68740988 9.16469002
v 5.10625982 7.94911003 9.74468994
v 4.47575998 7.99911022 23.99967957
v 5.58256006 7.84293985 23.99967957
v 5.38916016 -7.89521980 9.44169044
v 5.01365995 -7.96456003 14.00168037
v 4.96235991 -7.97118998 9.75467968
v 5.72206020 -7.80179977 9.02268982
v 5.01365995 -7.96456003 14.00168037
v 5.38916016 -7.89521980 9.44169044
v 6.20035982 -7.61001015 14.00067997
v 5.72206020 -7.80179977 9.02268982
v 5.93446016 -7.72543001 8.52068996
v 6.20035982 -7.61001015 14.00067997
v 5.93446016 -7.72543001 8.52068996
v 6.00366020 -7.69759989 7.99968004
v 6.78855991 -7.26453018 -0.00031000
v 6.20035982 -7.61001015 14.00067997
v 6.00366020 -7.69759989 -0.00031000
v 6.20035982 -7.61001015 14.00067997
v 6.78855991 -7.26453018 -0.00031000
v 6.83555984 -7.23064995 13.99967957
v 7.45726013 -6.66756010 -0.00031000
v 7.47175980 -6.65130997 13.99967957
v 6.78855991 -7.26453018 -0.00031000
v 6.78855991 -7.26453018 -0.00031000
v 7.47175980 -6.65130997 13.99967957
v 6.83555984 -7.23064995 13.99967957
v 6.00366020 6.66577005 -4.42252016
v 6.62555981 6.66578007 -3.42180991
v 6.00366020 5.49692011 -5.79130983
v 8.51416016 4.28109980 -3.03941011
v 6.00366020 5.49692011 -5.79130983
v 6.62555981 6.66578007 -3.42180991
v 8.51416016 4.28109980 -3.03941011
v 6.62555981 6.66578007 -3.42180991
v 7.45726013 6.66578007 -0.00031000
v 8.51416016 4.28109980 -3.03941011
v 7.45726013 6.66578007 -0.00031000
v 8.38846016 5.44841003 -0.00031000
v 6.00366020 5.49692011 -5.79130983
v 8.51416016 4.28109980 -3.03941011
v 7.36146021 3.50247002 -5.79601002
v 9.12275982 4.10304022 -0.00031000
v 8.51416016 4.28109980 -3.03941011
v 8.38846016 5.44841003 -0.00031000
v 6.00366020 3.35892010 -7.26061010
v 7.36146021 3.50247002 -5.79601002
v 6.00366020 2.24673009 -7.67812014
v 9.41586018 1.47352004 -3.03941011
v 7.36146021 3.50247002 -5.79601002
v 8.51416016 4.28109980 -3.03941011
v 8.51416016 4.28109980 -3.03941011
v 9.12275982 4.10304022 -0.00031000
v 9.41586018 1.47352004 -3.03941011
v 9.41586018 1.47352004 -3.03941011
v 9.12275982 4.10304022 -0.00031000
v 9.64276028 2.66125011 -0.00031000
v 7.36146021 3.50247002 -5.79601002
v 9.41586018 1.47352004 -3.03941011
v 8.06365967 1.20183003 -5.79601002
v 8.06365967 1.20183003 -5.79601002
v 6.00366020 1.13089001 -7.91980982
v 7.36146021 3.50247002 -5.79601002
v 7.36146021 3.50247002 -5.79601002
v 6.00366020 1.13089001 -7.91980982
v 6.00366020 2.24673009 -7.67812014
v 6.00366020 1.13089001 -7.91980982
v 8.06365967 1.20183003 -5.79601002
v 6.00366020 -0.00089000 -8.00030994
v 9.41586018 -1.47531998 -3.03941011
v 8.06365967 -1.20360994 -5.79601002
v 9.41586018 1.47352004 -3.03941011
v 8.06365967 1.20183003 -5.79601002
v 8.06365967 -1.20360994 -5.79601002
v 6.00366020 -0.00089000 -8.00030994
v 8.06365967 1.20183003 -5.79601002
v 7.45726013 6.66578007 -0.00031000
v 7.47665977 6.64398003 23.99967957
v 8.38846016 5.44841003 -0.00031000
v 8.38846016 5.44841003 -0.00031000
v 7.47665977 6.64398003 23.99967957
v 8.40326023 5.42557001 23.99967957
v 8.38846016 5.44841003 -0.00031000
v 8.40326023 5.42557001 23.99967957
v 9.12275982 4.10304022 -0.00031000
v 9.12275982 4.10304022 -0.00031000
v 8.40326023 5.42557001 23.99967957
v 8.94361019 4.00024986 23.99967957
v 9.12275982 4.10304022 -0.00031000
v 8.94361019 4.00024986 23.99967957
v 9.64276028 2.66125011 -0.00031000
v 9.68756008 2.49335003 23.99967957
v 9.64276028 2.66125011 -0.00031000
v 8.94361019 4.00024986 23.99967957
v 9.64276028 2.66125011 -0.00031000
v 9.68756008 2.49335003 23.99967957
v 9.93336010 1.15514004 -0.00031000
v 9.92576027 1.24482000 23.99967957
v 10.00366020 -0.02064000 23.99967957
v 9.93636036 -1.15878999 -0.00031000
v 9.92576027 1.24482000 23.99967957
v 9.92576027 1.24482000 23.99967957
v 9.93636036 -1.15878999 -0.00031000
v 9.93336010 1.15514004 -0.00031000
v 9.92086029 -1.28497005 23.99967957
v 9.93636036 -1.15878999 -0.00031000
v 10.00366020 -0.02064000 23.99967957
v 2.73815989 7.99911022 10.65468025
v 4.47575998 7.99911022 23.99967957
v 5.10625982 7.94911003 9.74468994
v 4.47575998 7.99911022 23.99967957
v 2.73815989 7.99911022 10.65468025
v 0.92376000 7.99911022 10.96068001
v 0.00406000 -8.00088978 13.99868011
v 4.00366020 -8.00088978 9.99969006
v 3.58285999 -8.00088978 13.99868011
v 0.00366000 7.99911022 23.99967957
v -3.99998999 -5.02734995 37.82067871
v 4.00366020 -5.02734995 37.82067871
v -3.99998999 -5.00088978 39.42267990
v -4.48079014 7.99911022 34.49768066
v 0.00366000 7.99911022 44.99967957
v 4.48445988 7.99911022 34.49768066
v 4.00366020 6.94911003 44.99967957
v 4.46387005 7.99911022 44.99967957
v 0.00366000 7.99911022 44.99967957
v 5.50366020 5.81688976 48.00468063
v 6.60256004 4.84006977 47.50069046
v 5.76705980 6.37616014 44.99969101
v 4.00366020 5.94275999 48.60168076
v 5.50366020 5.81688976 48.00468063
v 4.00366020 6.69273996 46.86967087
v 6.60256004 4.84006977 47.50069046
v 7.00366020 2.70194006 47.87968063
v 7.00366020 3.37760997 47.04568100
v 6.60256004 3.15259004 49.44266891
v 7.00366020 2.70194006 47.87968063
v 6.60256004 4.84006977 47.50069046
v 6.60256004 4.84006977 47.50069046
v 5.50366020 5.81688976 48.00468063
v 6.60256004 3.15259004 49.44266891
v 5.50366020 3.78891993 50.33967972
v 4.00366020 5.94275999 48.60168076
v 4.00366020 4.75369978 50.06867981
v 5.50366020 5.81688976 48.00468063
v 4.00366020 5.94275999 48.60168076
v 5.50366020 3.78891993 50.33967972
v 5.50366020 3.78891993 50.33967972
v 7.00366020 2.70194006 47.87968063
v 6.60256004 3.15259004 49.44266891
v 7.00366020 1.82714999 48.50167847
v 4.00366020 3.21448994 51.16067886
v 5.50366020 3.78891993 50.33967972
v 4.00366020 4.75369978 50.06867981
v 6.60256004 3.15259004 49.44266891
v 7.00366020 0.81734002 48.86368179
v 7.00366020 1.82714999 48.50167847
v 6.60256004 0.76172000 50.39468002
v 7.00366020 0.81734002 48.86368179
v 6.60256004 3.15259004 49.44266891
v 6.60256004 3.15259004 49.44266891
v 5.50366020 3.78891993 50.33967972
v 6.60256004 0.76172000 50.39468002
v 5.50366020 0.91560000 51.48366928
v 5.50366020 0.91560000 51.48366928
v 4.00366020 3.21448994 51.16067886
v 4.00366020 1.43786001 51.79867172
v 5.50366020 3.78891993 50.33967972
v 4.00366020 3.21448994 51.16067886
v 5.50366020 0.91560000 51.48366928
v 7.00366020 0.81734002 48.86368179
v 6.60256004 0.76172000 50.39468002
v 7.00366020 -0.25281999 48.94168091
v 4.00366020 -0.44483000 51.93568039
v 5.50366020 0.91560000 51.48366928
v 4.00366020 1.43786001 51.79867172
v 6.60256004 0.76172000 50.39468002
v 5.50366020 0.91560000 51.48366928
v 6.60256004 -1.79926002 50.14268112
v 6.60256004 0.76172000 50.39468002
v 7.00366020 -1.30440998 48.72867966
v 7.00366020 -0.25281999 48.94168091
v 6.60256004 -1.79926002 50.14268112
v 7.00366020 -1.30440998 48.72867966
v 6.60256004 0.76172000 50.39468002
v 5.50366020 0.91560000 51.48366928
v 4.00366020 -0.44483000 51.93568039
v 5.50366020 -2.16213989 51.18067932
v 5.50366020 -2.16213989 51.18067932
v 4.00366020 -2.29479003 51.56068039
v 5.50366020 -2.16213989 51.18067932
v 4.00366020 -0.44483000 51.93568039
v 7.00366020 -1.30440998 48.72867966
v 6.60256004 -1.79926002 50.14268112
v 7.00366020 -2.25983000 48.23968887
v 6.60256004 -1.79926002 50.14268112
v 5.50366020 -2.16213989 51.18067932
v 6.60256004 -3.95910001 48.74367905
v 6.60256004 -3.95910001 48.74367905
v 7.00366020 -2.25983000 48.23968887
v 6.60256004 -1.79926002 50.14268112
v 5.50366020 -4.75780010 49.49967957
v 5.50366020 -4.75780010 49.49967957
v 4.00366020 -2.29479003 51.56068039
v 4.00366020 -3.97552991 50.70067978
v 5.50366020 -2.16213989 51.18067932
v 4.00366020 -2.29479003 51.56068039
v 5.50366020 -4.75780010 49.49967957
v 4.00366020 -5.36307001 49.42068100
v 5.50366020 -4.75780010 49.49967957
v 4.00366020 -3.97552991 50.70067978
v 7.00366020 -2.25983000 48.23968887
v 6.60256004 -3.95910001 48.74367905
v 7.00366020 -3.04854989 47.51268005
v 6.60256004 -3.95910001 48.74367905
v 5.50366020 -4.75780010 49.49967957
v 6.60256004 -5.23604012 46.50967026
v 6.60256004 -3.95910001 48.74367905
v 7.00366020 -3.61239004 46.59968948
v 7.00366020 -3.04854989 47.51268005
v 6.60256004 -5.23604012 46.50967026
v 7.00366020 -3.61239004 46.59968948
v 6.60256004 -3.95910001 48.74367905
v 5.50366020 -6.29240990 46.81467819
v 5.50366020 -6.29240990 46.81467819
v 4.00366020 -5.36307001 49.42068100
v 4.00366020 -6.35507011 47.81467819
v 5.50366020 -4.75780010 49.49967957
v 4.00366020 -5.36307001 49.42068100
v 5.50366020 -6.29240990 46.81467819
v 4.00366020 -6.87828016 46.00167847
v 5.50366020 -6.29240990 46.81467819
v 4.00366020 -6.35507011 47.81467819
v -6.59888983 -5.23604012 46.50967026
v -6.99998999 -3.90968990 45.56867981
v -6.99998999 -3.91855001 44.49568176
v -6.59888983 -5.23604012 46.50967026
v -6.59888983 -5.34526014 43.93867111
v -5.49998999 -6.29240990 46.81467819
v -6.99998999 -3.61239004 46.59968948
v -6.99998999 -3.90968990 45.56867981
v -6.59888983 -5.23604012 46.50967026
v -3.99998999 -6.87828016 46.00167847
v -3.99998999 -6.35507011 47.81467819
v -5.49998999 -6.29240990 46.81467819
v -5.49998999 -4.75780010 49.49967957
v -5.49998999 -6.29240990 46.81467819
v -3.99998999 -5.36307001 49.42068100
v -5.49998999 -6.29240990 46.81467819
v -3.99998999 -6.35507011 47.81467819
v -3.99998999 -5.36307001 49.42068100
v -5.49998999 -6.29240990 46.81467819
v -5.49998999 -4.75780010 49.49967957
v -6.59888983 -5.23604012 46.50967026
v -6.59888983 -5.23604012 46.50967026
v -6.59888983 -3.95910001 48.74367905
v -6.99998999 -3.61239004 46.59968948
v -6.59888983 -3.95910001 48.74367905
v -6.99998999 -3.04854989 47.51268005
v -6.99998999 -3.61239004 46.59968948
v -6.59888983 -3.95910001 48.74367905
v -6.99998999 -2.25983000 48.23968887
v -6.99998999 -3.04854989 47.51268005
v -6.59888983 -3.95910001 48.74367905
v -3.99998999 -5.36307001 49.42068100
v -3.99998999 -3.97552991 50.70067978
v -5.49998999 -4.75780010 49.49967957
v -5.49998999 -2.16213989 51.18067932
v -5.49998999 -4.75780010 49.49967957
v -3.99998999 -2.29479003 51.56068039
v -5.49998999 -4.75780010 49.49967957
v -3.99998999 -3.97552991 50.70067978
v -3.99998999 -2.29479003 51.56068039
v -5.49998999 -4.75780010 49.49967957
v -5.49998999 -2.16213989 51.18067932
v -6.59888983 -3.95910001 48.74367905
v -6.59888983 -3.95910001 48.74367905
v -6.59888983 -1.79926002 50.14268112
v -6.99998999 -2.25983000 48.23968887
v -6.59888983 -1.79926002 50.14268112
v -6.99998999 -1.30440998 48.72867966
v -6.99998999 -2.25983000 48.23968887
v -6.59888983 -1.79926002 50.14268112
v -3.99998999 -2.29479003 51.56068039
v -3.99998999 -0.44483000 51.93568039
v -5.49998999 -2.16213989 51.18067932
v -5.49998999 -2.16213989 51.18067932
v -5.49998999 0.91560000 51.48366928
v -6.59888983 -1.79926002 50.14268112
v -5.49998999 0.91560000 51.48366928
v -5.49998999 -2.16213989 51.18067932
v -3.99998999 -0.44483000 51.93568039
v -6.59888983 -1.79926002 50.14268112
v -6.59888983 0.76172000 50.39468002
v -6.99998999 -1.30440998 48.72867966
v -6.59888983 0.76172000 50.39468002
v -6.99998999 -0.25281999 48.94168091
v -6.99998999 -1.30440998 48.72867966
v -6.59888983 0.76172000 50.39468002
v -3.99998999 -0.44483000 51.93568039
v -3.99998999 1.43786001 51.79867172
v -5.49998999 0.91560000 51.48366928
v -6.99998999 0.81734002 48.86368179
v -6.99998999 -0.25281999 48.94168091
v -6.59888983 0.76172000 50.39468002
v -5.49998999 3.78891993 50.33967972
v -5.49998999 0.91560000 51.48366928
v -3.99998999 3.21448994 51.16067886
v -5.49998999 0.91560000 51.48366928
v -3.99998999 1.43786001 51.79867172
v -3.99998999 3.21448994 51.16067886
v -5.49998999 0.91560000 51.48366928
v -5.49998999 3.78891993 50.33967972
v -6.59888983 0.76172000 50.39468002
v -6.59888983 3.15259004 49.44266891
v -6.59888983 0.76172000 50.39468002
v -6.59888983 3.15259004 49.44266891
v -6.99998999 0.81734002 48.86368179
v -6.59888983 3.15259004 49.44266891
v -6.99998999 1.82714999 48.50167847
v -6.99998999 0.81734002 48.86368179
v -3.99998999 3.21448994 51.16067886
v -3.99998999 4.75369978 50.06867981
v -5.49998999 3.78891993 50.33967972
v -6.99998999 2.70194006 47.87968063
v -6.99998999 1.82714999 48.50167847
v -6.59888983 3.15259004 49.44266891
v -5.49998999 3.78891993 50.33967972
v -5.49998999 5.81688976 48.00468063
v -6.59888983 3.15259004 49.44266891
v -5.49998999 5.81688976 48.00468063
v -5.49998999 3.78891993 50.33967972
v -3.99998999 5.94275999 48.60168076
v -5.49998999 3.78891993 50.33967972
v -3.99998999 4.75369978 50.06867981
v -3.99998999 5.94275999 48.60168076
v -6.59888983 4.84006977 47.50069046
v -6.59888983 3.15259004 49.44266891
v -6.59888983 4.84006977 47.50069046
v -6.99998999 2.70194006 47.87968063
v -6.59888983 4.84006977 47.50069046
v -6.99998999 3.37760997 47.04568100
v -6.99998999 2.70194006 47.87968063
v -3.99998999 5.94275999 48.60168076
v -3.99998999 6.69273996 46.86967087
v -5.49998999 5.81688976 48.00468063
v -6.99998999 3.80367994 46.06167984
v -6.99998999 3.37760997 47.04568100
v -6.59888983 4.84006977 47.50069046
v -5.49998999 5.81688976 48.00468063
v -5.76339006 6.37616014 44.99967957
v -6.59888983 4.84006977 47.50069046
v -5.76339006 6.37616014 44.99967957
v -5.49998999 5.81688976 48.00468063
v -4.92709017 6.80227995 44.99967957
v -5.49998999 5.81688976 48.00468063
v -3.99998999 6.94911003 44.99967957
v -4.92709017 6.80227995 44.99967957
v -5.49998999 5.81688976 48.00468063
v -3.99998999 6.69273996 46.86967087
v -3.99998999 6.94911003 44.99967957
v -6.59888983 4.84006977 47.50069046
v -6.42709017 5.71247005 44.99967957
v -6.99998999 3.80367994 46.06167984
v -6.59888983 4.84006977 47.50069046
v -5.76339006 6.37616014 44.99967957
v -6.42709017 5.71247005 44.99967957
v -6.99998999 3.94911003 44.99967957
v -6.99998999 3.80367994 46.06167984
v -6.85318995 4.87616014 44.99967957
v -6.99998999 3.80367994 46.06167984
v -6.42709017 5.71247005 44.99967957
v -6.85318995 4.87616014 44.99967957
v 4.00366020 -6.40152979 42.29169083
v 4.00366020 -6.89414978 44.11368179
v -3.99998999 -6.40152979 42.29169083
v -3.99998999 -6.89414978 44.11368179
v 4.00366020 -6.89414978 44.11368179
v 4.00366020 -6.87828016 46.00167847
v -3.99998999 -6.89414978 44.11368179
v -3.99998999 -6.87828016 46.00167847
v 4.00366020 -6.87828016 46.00167847
v 4.00366020 -6.35507011 47.81467819
v -3.99998999 -6.87828016 46.00167847
v -3.99998999 -6.35507011 47.81467819
v 4.00366020 -6.35507011 47.81467819
v 4.00366020 -5.36307001 49.42068100
v -3.99998999 -6.35507011 47.81467819
v -3.99998999 -5.36307001 49.42068100
v 4.00366020 -5.36307001 49.42068100
v 4.00366020 -3.97552991 50.70067978
v -3.99998999 -5.36307001 49.42068100
v -3.99998999 -3.97552991 50.70067978
v 4.00366020 -3.97552991 50.70067978
v 4.00366020 -2.29479003 51.56068039
v -3.99998999 -3.97552991 50.70067978
v -3.99998999 -2.29479003 51.56068039
v 4.00366020 -2.29479003 51.56068039
v 4.00366020 -0.44483000 51.93568039
v -3.99998999 -2.29479003 51.56068039
v -3.99998999 -0.44483000 51.93568039
v 4.00366020 -0.44483000 51.93568039
v 4.00366020 1.43786001 51.79867172
v -3.99998999 -0.44483000 51.93568039
v -3.99998999 1.43786001 51.79867172
v 4.00366020 1.43786001 51.79867172
v 4.00366020 3.21448994 51.16067886
v -3.99998999 1.43786001 51.79867172
v -3.99998999 3.21448994 51.16067886
v 4.00366020 3.21448994 51.16067886
v 4.00366020 4.75369978 50.06867981
v -3.99998999 3.21448994 51.16067886
v -3.99998999 4.75369978 50.06867981
v 4.00366020 4.75369978 50.06867981
v 4.00366020 5.94275999 48.60168076
v -3.99998999 4.75369978 50.06867981
v -3.99998999 5.94275999 48.60168076
v 4.00366020 5.94275999 48.60168076
v 4.00366020 6.69273996 46.86967087
v -3.99998999 5.94275999 48.60168076
v -3.99998999 6.69273996 46.86967087
v 4.00366020 6.69273996 46.86967087
v 4.00366020 6.94911003 44.99967957
v -3.99998999 6.69273996 46.86967087
v -3.99998999 6.94911003 44.99967957
v -6.99998999 -3.61239004 46.59968948
v -6.99998999 -3.04854989 47.51268005
v -6.99998999 -0.00090000 44.99967957
v -6.99998999 -3.90968990 45.56867981
v -6.99998999 3.80367994 46.06167984
v -6.99998999 3.94911003 44.99967957
v -6.99998999 -3.91855001 44.49568176
v -3.99998999 6.94911003 44.99967957
v -4.46018982 7.99911022 44.99967957
v -1.17679000 -9.86343002 30.69067955
v 0.00336000 -10.00088978 30.08768082
v 1.18045998 -9.86343002 30.69067955
v -1.17679000 -9.86343002 30.69067955
v 1.18045998 -9.86343002 30.69067955
v 0.00346000 -9.63918972 31.23468018
v 9.28135967 -3.73246002 23.99967957
v 8.89385986 -4.46978998 29.51968002
v 8.73536015 -4.87502003 23.99967957
v 8.89385986 -4.46978998 29.51968002
v 9.26076031 -2.79232001 29.51968002
v 8.76546001 -4.19563007 35.80266953
v 8.89385986 -4.46978998 29.51968002
v 9.28135967 -3.73246002 23.99967957
v 9.26076031 -2.79232001 29.51968002
v 9.67875957 -2.52909994 23.99967957
v 9.26076031 -2.79232001 29.51968002
v 9.28135967 -3.73246002 23.99967957
v 8.76546001 -4.19563007 35.80266953
v 9.26076031 -2.79232001 29.51968002
v 8.91905975 -2.27438998 35.04568100
v 9.45096016 -1.09815001 29.51968002
v 9.67875957 -2.52909994 23.99967957
v 9.92086029 -1.28497005 23.99967957
v 9.26076031 -2.79232001 29.51968002
v 9.67875957 -2.52909994 23.99967957
v 9.45096016 -1.09815001 29.51968002
v 8.91905975 -2.27438998 35.04568100
v 8.91905975 -2.27438998 35.04568100
v 9.45096016 -1.09815001 29.51968002
v 8.96675968 -0.33818001 35.04568100
v 10.00366020 -0.02064000 23.99967957
v 9.45096016 -1.09815001 29.51968002
v 9.92086029 -1.28497005 23.99967957
v 9.47665977 0.60680997 29.51968002
v 9.45096016 -1.09815001 29.51968002
v 10.00366020 -0.02064000 23.99967957
v 9.47665977 0.60680997 29.51968002
v 9.92576027 1.24482000 23.99967957
v 9.47665977 0.60680997 29.51968002
v 10.00366020 -0.02064000 23.99967957
v 8.96675968 -0.33818001 35.04568100
v 9.47665977 0.60680997 29.51968002
v 8.94575977 1.60178006 35.04568100
v 9.33576012 2.31798005 29.51968002
v 8.94575977 1.60178006 35.04568100
v 9.47665977 0.60680997 29.51968002
v 9.47665977 0.60680997 29.51968002
v 9.92576027 1.24482000 23.99967957
v 9.33576012 2.31798005 29.51968002
v 9.68756008 2.49335003 23.99967957
v 9.33576012 2.31798005 29.51968002
v 9.92576027 1.24482000 23.99967957
v 8.94575977 1.60178006 35.04568100
v 9.33576012 2.31798005 29.51968002
v 8.83895969 3.55496001 35.04568100
v 9.33576012 2.31798005 29.51968002
v 8.30708027 5.67738008 34.68957138
v 8.83895969 3.55496001 35.04568100
v 8.98616028 4.04325008 29.51968002
v 8.30708027 5.67738008 34.68957138
v 9.33576012 2.31798005 29.51968002
v 8.98616028 4.04325008 29.51968002
v 9.68756008 2.49335003 23.99967957
v 8.94361019 4.00024986 23.99967957
v 9.68756008 2.49335003 23.99967957
v 0.00336000 -10.00088978 30.08768082
v 0.00416000 -10.00088978 29.52367973
v 2.93366003 -9.56529045 30.58667946
v 3.43473005 -9.48161983 29.13079071
v 1.45316005 -9.89544010 25.99967957
v 3.49076009 -9.37343979 25.99967957
v 3.43473005 -9.48161983 29.13079071
v 0.00184000 -10.00018978 25.99968910
v 1.45316005 -9.89544010 25.99967957
v 0.00184000 -10.00018978 25.99968910
v 3.43473005 -9.48161983 29.13079071
v 3.43473005 -9.48161983 29.13079071
v 2.93366003 -9.56529045 30.58667946
v 0.00416000 -10.00088978 29.52367973
v 4.39458990 -9.10315037 25.99967957
v 3.43473005 -9.48161983 29.13079071
v 3.49076009 -9.37343979 25.99967957
v 2.93366003 -9.56529045 30.58667946
v 3.43473005 -9.48161983 29.13079071
v 4.41875982 -8.98167992 31.25367928
v 6.33565998 -7.76061010 29.52367973
v 4.39458990 -9.10315037 25.99967957
v 5.37425995 -8.43667030 25.99967957
v 3.43473005 -9.48161983 29.13079071
v 4.39458990 -9.10315037 25.99967957
v 6.33565998 -7.76061010 29.52367973
v 3.43473005 -9.48161983 29.13079071
v 5.84346008 -8.13533974 32.22367859
v 4.41875982 -8.98167992 31.25367928
v 6.33565998 -7.76061010 29.52367973
v 5.84346008 -8.13533974 32.22367859
v 3.43473005 -9.48161983 29.13079071
v 7.02016020 -7.12658024 25.99967957
v 6.33565998 -7.76061010 29.52367973
v 5.37425995 -8.43667030 25.99967957
v 5.84346008 -8.13533974 32.22367859
v 6.33565998 -7.76061010 29.52367973
v 7.14446020 -7.03138018 33.48968887
v 6.33565998 -7.76061010 29.52367973
v 8.27175999 -5.67265987 35.04867935
v 7.14446020 -7.03138018 33.48968887
v 6.33565998 -7.76061010 29.52367973
v 8.54566002 -5.26190996 29.52367973
v 8.27175999 -5.67265987 35.04867935
v 6.33565998 -7.76061010 29.52367973
v 7.02016020 -7.12658024 25.99967957
v 8.54566002 -5.26190996 29.52367973
v 8.89385986 -4.46978998 29.51968002
v 8.27175999 -5.67265987 35.04867935
v 8.54566002 -5.26190996 29.52367973
v 6.91395998 -7.18596983 33.86967087
v 5.84346008 -8.13533974 32.22367859
v 7.14446020 -7.03138018 33.48968887
v 5.65496016 -8.25205994 32.34667969
v 5.84346008 -8.13533974 32.22367859
v 6.91395998 -7.18596983 33.86967087
v 3.54345989 -8.82176971 32.40167999
v 5.01416016 -8.44357967 32.71868134
v 4.68486023 -8.14346981 33.37068176
v 5.84346008 -8.13533974 32.22367859
v 5.65496016 -8.25205994 32.34667969
v 4.41875982 -8.98167992 31.25367928
v 5.65496016 -8.25205994 32.34667969
v 5.01416016 -8.44357967 32.71868134
v 4.41875982 -8.98167992 31.25367928
v 3.31335998 -9.32458973 31.45968056
v 4.41875982 -8.98167992 31.25367928
v 5.01416016 -8.44357967 32.71868134
v 5.01416016 -8.44357967 32.71868134
v 3.54345989 -8.82176971 32.40167999
v 3.31335998 -9.32458973 31.45968056
v 2.35276008 -9.28969955 31.73368073
v 3.31335998 -9.32458973 31.45968056
v 3.54345989 -8.82176971 32.40167999
v 4.41875982 -8.98167992 31.25367928
v 3.31335998 -9.32458973 31.45968056
v 2.93366003 -9.56529045 30.58667946
v 1.18045998 -9.86343002 30.69067955
v 2.35276008 -9.28969955 31.73368073
v 1.16595995 -9.55490017 31.35467911
v 3.31335998 -9.32458973 31.45968056
v 2.35276008 -9.28969955 31.73368073
v 1.18045998 -9.86343002 30.69067955
v 1.18045998 -9.86343002 30.69067955
v 2.93366003 -9.56529045 30.58667946
v 3.31335998 -9.32458973 31.45968056
v 0.00346000 -9.63918972 31.23468018
v 1.18045998 -9.86343002 30.69067955
v 1.16595995 -9.55490017 31.35467911
v 2.93366003 -9.56529045 30.58667946
v 1.18045998 -9.86343002 30.69067955
v 0.00336000 -10.00088978 30.08768082
v 1.45316005 -9.89544010 25.99967957
v 0.00406000 -9.69027996 22.44568062
v 1.77266002 -9.59039974 22.63068008
v 0.00184000 -10.00018978 25.99968910
v 0.00406000 -9.69027996 22.44568062
v 1.45316005 -9.89544010 25.99967957
v 3.49076009 -9.37343979 25.99967957
v 1.77266002 -9.59039974 22.63068008
v 3.55836010 -9.23031044 23.11968994
v 3.49076009 -9.37343979 25.99967957
v 1.45316005 -9.89544010 25.99967957
v 1.77266002 -9.59039974 22.63068008
v 7.02016020 -7.12658024 25.99967957
v 5.71986008 -8.20648956 23.99967957
v 6.46615982 -7.63258982 23.99967957
v 5.37425995 -8.43667030 25.99967957
v 5.71986008 -8.20648956 23.99967957
v 7.02016020 -7.12658024 25.99967957
v 7.16185999 -6.98424006 23.99967957
v 7.02016020 -7.12658024 25.99967957
v 6.46615982 -7.63258982 23.99967957
v 5.37425995 -8.43667030 25.99967957
v 4.59459019 -8.80455971 23.59967995
v 5.71986008 -8.20648956 23.99967957
v 4.39458990 -9.10315037 25.99967957
v 4.59459019 -8.80455971 23.59967995
v 5.37425995 -8.43667030 25.99967957
v 4.39458990 -9.10315037 25.99967957
v 3.55836010 -9.23031044 23.11968994
v 4.59459019 -8.80455971 23.59967995
v 3.49076009 -9.37343979 25.99967957
v 3.55836010 -9.23031044 23.11968994
v 4.39458990 -9.10315037 25.99967957
v 8.40326023 5.42557001 23.99967957
v 7.47665977 6.64398003 23.99967957
v 8.31437016 5.81849003 29.52985001
v 8.94361019 4.00024986 23.99967957
v 8.40326023 5.42557001 23.99967957
v 8.31437016 5.81849003 29.52985001
v 8.98616028 4.04325008 29.51968002
v 8.31437016 5.81849003 29.52985001
v 8.30708027 5.67738008 34.68957138
v 8.98616028 4.04325008 29.51968002
v 7.43665981 6.69810009 34.49367905
v 8.30708027 5.67738008 34.68957138
v 8.31437016 5.81849003 29.52985001
v 8.35525990 -5.50088978 23.99967957
v 7.02016020 -7.12658024 25.99967957
v 7.16185999 -6.98424006 23.99967957
v 8.35525990 -5.50088978 23.99967957
v 8.54566002 -5.26190996 29.52367973
v 7.02016020 -7.12658024 25.99967957
v 8.35525990 -5.50088978 23.99967957
v 8.73536015 -4.87502003 23.99967957
v 8.54566002 -5.26190996 29.52367973
v 8.73536015 -4.87502003 23.99967957
v 8.89385986 -4.46978998 29.51968002
v 8.54566002 -5.26190996 29.52367973
v 4.47575998 7.99911022 23.99967957
v 4.48445988 7.99911022 34.49768066
v 5.30645990 7.91390991 34.49866867
v 5.30645990 7.91390991 34.49866867
v 5.58256006 7.84293985 23.99967957
v 5.30645990 7.91390991 34.49866867
v 6.09575987 7.66057014 34.49866867
v 6.09575987 7.66057014 34.49866867
v 6.60296011 7.38662004 23.99967957
v 6.09575987 7.66057014 34.49866867
v 6.81585979 7.24996996 34.49967957
v 6.81585979 7.24996996 34.49967957
v 7.47665977 6.64398003 23.99967957
v 6.81585979 7.24996996 34.49967957
v 7.43665981 6.69810009 34.49367905
v 7.47665977 6.64398003 23.99967957
v 7.43665981 6.69810009 34.49367905
v 8.31437016 5.81849003 29.52985001
v -7.47299004 6.64398003 23.99967957
v -8.31070042 5.81849003 29.52985001
v -7.43299007 6.69810009 34.49367905
v -7.47299004 6.64398003 23.99967957
v -7.43299007 6.69810009 34.49367905
v -6.81219006 7.24996996 34.49967957
v -6.81219006 7.24996996 34.49967957
v -6.59928989 7.38662004 23.99967957
v -6.81219006 7.24996996 34.49967957
v -6.09209013 7.66057014 34.49866867
v -6.09209013 7.66057014 34.49866867
v -5.57888985 7.84293985 23.99967957
v -6.09209013 7.66057014 34.49866867
v -5.30279016 7.91390991 34.49866867
v -5.30279016 7.91390991 34.49866867
v -4.47208977 7.99911022 23.99967957
v -5.30279016 7.91390991 34.49866867
v -4.48079014 7.99911022 34.49768066
v -8.73169041 -4.87502003 23.99967957
v -8.54199028 -5.26190996 29.52367973
v -8.89019012 -4.46978998 29.51968002
v -8.35159016 -5.50088978 23.99967957
v -8.54199028 -5.26190996 29.52367973
v -8.73169041 -4.87502003 23.99967957
v -8.35159016 -5.50088978 23.99967957
v -7.01648998 -7.12658024 25.99967957
v -8.54199028 -5.26190996 29.52367973
v -8.35159016 -5.50088978 23.99967957
v -7.15818977 -6.98424006 23.99967957
v -7.01648998 -7.12658024 25.99967957
v -7.43299007 6.69810009 34.49367905
v -8.31070042 5.81849003 29.52985001
v -8.30340958 5.67738008 34.68957138
v -8.31070042 5.81849003 29.52985001
v -8.98248959 4.04325008 29.51968002
v -8.30340958 5.67738008 34.68957138
v -8.93994045 4.00024986 23.99967957
v -8.98248959 4.04325008 29.51968002
v -8.31070042 5.81849003 29.52985001
v -8.39958954 5.42557001 23.99967957
v -8.39958954 5.42557001 23.99967957
v -8.31070042 5.81849003 29.52985001
v -7.47299004 6.64398003 23.99967957
v -3.48709011 -9.37343025 25.99967957
v -4.39092016 -9.10315037 25.99967957
v -3.55468988 -9.23031044 23.11968994
v -4.39092016 -9.10315037 25.99967957
v -4.59091997 -8.80455971 23.59967995
v -3.55468988 -9.23031044 23.11968994
v -4.39092016 -9.10315037 25.99967957
v -5.37059021 -8.43667030 25.99967957
v -4.59091997 -8.80455971 23.59967995
v -5.37059021 -8.43667030 25.99967957
v -5.71618986 -8.20648956 23.99967957
v -4.59091997 -8.80455971 23.59967995
v -7.15818977 -6.98424006 23.99967957
v -6.46249008 -7.63258982 23.99967957
v -7.01648998 -7.12658024 25.99967957
v -5.37059021 -8.43667030 25.99967957
v -7.01648998 -7.12658024 25.99967957
v -5.71618986 -8.20648956 23.99967957
v -7.01648998 -7.12658024 25.99967957
v -6.46249008 -7.63258982 23.99967957
v -5.71618986 -8.20648956 23.99967957
v -3.48709011 -9.37343025 25.99967957
v -1.76899004 -9.59039974 22.63068008
v -1.44948995 -9.89544010 25.99967957
v -3.48709011 -9.37343025 25.99967957
v -3.55468988 -9.23031044 23.11968994
v -1.76899004 -9.59039974 22.63068008
v 0.00184000 -10.00018978 25.99968910
v -1.44948995 -9.89544010 25.99967957
v 0.00406000 -9.69027996 22.44568062
v -1.44948995 -9.89544010 25.99967957
v -1.76899004 -9.59039974 22.63068008
v 0.00406000 -9.69027996 22.44568062
v -2.92999005 -9.56529045 30.58667946
v 0.00336000 -10.00088978 30.08768082
v -1.17679000 -9.86343002 30.69067955
v 0.00346000 -9.63918972 31.23468018
v -1.16228998 -9.55490017 31.35467911
v -1.17679000 -9.86343002 30.69067955
v -1.17679000 -9.86343002 30.69067955
v -3.30969000 -9.32458973 31.45968056
v -2.92999005 -9.56529045 30.58667946
v -3.30969000 -9.32458973 31.45968056
v -1.17679000 -9.86343002 30.69067955
v -2.34909010 -9.28969955 31.73368073
v -1.17679000 -9.86343002 30.69067955
v -1.16228998 -9.55490017 31.35467911
v -2.34909010 -9.28969955 31.73368073
v -4.41509008 -8.98167992 31.25367928
v -2.92999005 -9.56529045 30.58667946
v -3.30969000 -9.32458973 31.45968056
v -2.34909010 -9.28969955 31.73368073
v -3.53978992 -8.82176971 32.40167999
v -3.30969000 -9.32458973 31.45968056
v -5.01048994 -8.44357967 32.71868134
v -3.30969000 -9.32458973 31.45968056
v -3.53978992 -8.82176971 32.40167999
v -3.30969000 -9.32458973 31.45968056
v -5.01048994 -8.44357967 32.71868134
v -4.41509008 -8.98167992 31.25367928
v -5.65128994 -8.25205994 32.34667969
v -4.41509008 -8.98167992 31.25367928
v -5.01048994 -8.44357967 32.71868134
v -5.83978987 -8.13533974 32.22367859
v -4.41509008 -8.98167992 31.25367928
v -5.65128994 -8.25205994 32.34667969
v -3.53978992 -8.82176971 32.40167999
v -4.68119001 -8.14346981 33.37068176
v -5.01048994 -8.44357967 32.71868134
v -6.31068993 -7.37931013 34.23868179
v -5.01048994 -8.44357967 32.71868134
v -4.68119001 -8.14346981 33.37068176
v -5.01048994 -8.44357967 32.71868134
v -6.31068993 -7.37931013 34.23868179
v -5.65128994 -8.25205994 32.34667969
v -5.65128994 -8.25205994 32.34667969
v -6.91028976 -7.18596983 33.86967087
v -5.83978987 -8.13533974 32.22367859
v -6.91028976 -7.18596983 33.86967087
v -7.14078999 -7.03138018 33.48968887
v -5.83978987 -8.13533974 32.22367859
v -6.91028976 -7.18596983 33.86967087
v -5.65128994 -8.25205994 32.34667969
v -6.31068993 -7.37931013 34.23868179
v -4.68119001 -8.14346981 33.37068176
v -5.72309017 -7.25891018 34.63367844
v -6.31068993 -7.37931013 34.23868179
v -8.26809025 -5.67265987 35.04867935
v -7.14078999 -7.03138018 33.48968887
v -7.85418987 -6.04027987 35.50568008
v -7.14078999 -7.03138018 33.48968887
v -6.91028976 -7.18596983 33.86967087
v -7.85418987 -6.04027987 35.50568008
v -8.76179028 -4.19563007 35.80266953
v -8.89019012 -4.46978998 29.51968002
v -8.26809025 -5.67265987 35.04867935
v -8.89019012 -4.46978998 29.51968002
v -8.54199028 -5.26190996 29.52367973
v -8.26809025 -5.67265987 35.04867935
v -6.33198977 -7.76061010 29.52367973
v -8.54199028 -5.26190996 29.52367973
v -7.01648998 -7.12658024 25.99967957
v -8.54199028 -5.26190996 29.52367973
v -6.33198977 -7.76061010 29.52367973
v -8.26809025 -5.67265987 35.04867935
v -6.33198977 -7.76061010 29.52367973
v -7.14078999 -7.03138018 33.48968887
v -8.26809025 -5.67265987 35.04867935
v -5.83978987 -8.13533974 32.22367859
v -7.14078999 -7.03138018 33.48968887
v -6.33198977 -7.76061010 29.52367973
v -7.01648998 -7.12658024 25.99967957
v -5.37059021 -8.43667030 25.99967957
v -6.33198977 -7.76061010 29.52367973
v -6.33198977 -7.76061010 29.52367973
v -3.43106008 -9.48161983 29.13079071
v -5.83978987 -8.13533974 32.22367859
v -3.43106008 -9.48161983 29.13079071
v -4.41509008 -8.98167992 31.25367928
v -5.83978987 -8.13533974 32.22367859
v -3.43106008 -9.48161983 29.13079071
v -6.33198977 -7.76061010 29.52367973
v -4.39092016 -9.10315037 25.99967957
v -6.33198977 -7.76061010 29.52367973
v -5.37059021 -8.43667030 25.99967957
v -4.39092016 -9.10315037 25.99967957
v -2.92999005 -9.56529045 30.58667946
v -4.41509008 -8.98167992 31.25367928
v -3.43106008 -9.48161983 29.13079071
v -4.39092016 -9.10315037 25.99967957
v -3.48709011 -9.37343025 25.99967957
v -3.43106008 -9.48161983 29.13079071
v -3.43106008 -9.48161983 29.13079071
v 0.00416000 -10.00088978 29.52367973
v -2.92999005 -9.56529045 30.58667946
v 0.00416000 -10.00088978 29.52367973
v -3.43106008 -9.48161983 29.13079071
v 0.00184000 -10.00018978 25.99968910
v -3.43106008 -9.48161983 29.13079071
v -1.44948995 -9.89544010 25.99967957
v 0.00184000 -10.00018978 25.99968910
v -3.43106008 -9.48161983 29.13079071
v -3.48709011 -9.37343025 25.99967957
v -1.44948995 -9.89544010 25.99967957
v 0.00336000 -10.00088978 30.08768082
v -2.92999005 -9.56529045 30.58667946
v -9.33209038 2.31798005 29.51968002
v -8.98248959 4.04325008 29.51968002
v -9.68389034 2.49335003 23.99967957
v -8.98248959 4.04325008 29.51968002
v -8.93994045 4.00024986 23.99967957
v -9.68389034 2.49335003 23.99967957
v -8.30340958 5.67738008 34.68957138
v -9.33209038 2.31798005 29.51968002
v -8.83528996 3.55496001 35.04568100
v -8.30340958 5.67738008 34.68957138
v -8.94209003 1.60178006 35.04568100
v -8.83528996 3.55496001 35.04568100
v -9.33209038 2.31798005 29.51968002
v -9.68389034 2.49335003 23.99967957
v -9.92208958 1.24482000 23.99967957
v -9.33209038 2.31798005 29.51968002
v -9.47299004 0.60680997 29.51968002
v -9.33209038 2.31798005 29.51968002
v -9.92208958 1.24482000 23.99967957
v -9.33209038 2.31798005 29.51968002
v -9.47299004 0.60680997 29.51968002
v -8.94209003 1.60178006 35.04568100
v -8.96308994 -0.33818001 35.04568100
v -8.94209003 1.60178006 35.04568100
v -9.47299004 0.60680997 29.51968002
v -9.92208958 1.24482000 23.99967957
v -9.99999046 -0.02064000 23.99967957
v -9.47299004 0.60680997 29.51968002
v -9.44729042 -1.09815001 29.51968002
v -9.47299004 0.60680997 29.51968002
v -9.99999046 -0.02064000 23.99967957
v -9.47299004 0.60680997 29.51968002
v -9.44729042 -1.09815001 29.51968002
v -8.96308994 -0.33818001 35.04568100
v -9.99999046 -0.02064000 23.99967957
v -9.91718960 -1.28497005 23.99967957
v -9.44729042 -1.09815001 29.51968002
v -8.91539001 -2.27438998 35.04568100
v -9.44729042 -1.09815001 29.51968002
v -9.25708961 -2.79232001 29.51968002
v -8.91539001 -2.27438998 35.04568100
v -9.67508984 -2.52909994 23.99967957
v -9.44729042 -1.09815001 29.51968002
v -9.91718960 -1.28497005 23.99967957
v -9.67508984 -2.52909994 23.99967957
v -8.76179028 -4.19563007 35.80266953
v -8.91539001 -2.27438998 35.04568100
v -9.25708961 -2.79232001 29.51968002
v -9.67508984 -2.52909994 23.99967957
v -9.27768993 -3.73246002 23.99967957
v -9.25708961 -2.79232001 29.51968002
v -8.89019012 -4.46978998 29.51968002
v -9.25708961 -2.79232001 29.51968002
v -9.27768993 -3.73246002 23.99967957
v -9.25708961 -2.79232001 29.51968002
v -8.89019012 -4.46978998 29.51968002
v -8.76179028 -4.19563007 35.80266953
v -9.27768993 -3.73246002 23.99967957
v -8.73169041 -4.87502003 23.99967957
v -8.89019012 -4.46978998 29.51968002
v 1.47495997 7.24200010 10.60569000
v 0.00183000 7.24200010 10.60569000
v 0.92376000 7.99911022 10.96068001
v -0.92009997 7.99911022 10.96068001
v -1.47128999 7.24200010 10.60569000
v 0.00183000 7.24200010 10.60569000
v 1.47495997 7.24200010 10.60569000
v 0.00366000 6.94911003 9.99969006
v -1.47128999 7.24200010 10.60569000
v -3.99998999 4.25197983 9.99969006
v 4.00366020 4.25152016 9.99969006
v 4.00366020 -8.00088978 9.99969006
v 5.65006018 6.94911003 8.25267982
v 6.00366020 6.94911003 4.50618982
v 5.55005980 6.94911003 5.59468985
v 3.89725995 6.94911003 9.21068001
v 4.49075985 6.91366005 6.33068991
v 3.63685989 6.94092989 6.60969019
v 3.89725995 6.94911003 9.21068001
v 5.55005980 6.94911003 5.59468985
v 4.49075985 6.91366005 6.33068991
v 3.89725995 6.94911003 9.21068001
v 3.63685989 6.94092989 6.60969019
v 1.98966002 6.94911003 9.80068970
v 0.00366000 6.94911003 7.84768009
v 0.00366000 6.94911003 9.99969006
v 3.89725995 6.94911003 9.21068001
v 4.30635977 7.24200010 9.80469036
v 5.65006018 6.94911003 8.25267982
v 5.10625982 7.94911003 9.74468994
v 4.30635977 7.24200010 9.80469036
v 2.73815989 7.99911022 10.65468025
v 1.47495997 7.24200010 10.60569000
v 2.73815989 7.99911022 10.65468025
v 4.30635977 7.24200010 9.80469036
v 1.47495997 7.24200010 10.60569000
v 3.89725995 6.94911003 9.21068001
v 1.98966002 6.94911003 9.80068970
v 4.30635977 7.24200010 9.80469036
v 3.89725995 6.94911003 9.21068001
v 1.47495997 7.24200010 10.60569000
v 2.73815989 7.99911022 10.65468025
v 1.47495997 7.24200010 10.60569000
v 0.92376000 7.99911022 10.96068001
v 0.00366000 6.94911003 9.99969006
v 1.47495997 7.24200010 10.60569000
v 1.98966002 6.94911003 9.80068970
v 6.00400019 4.02117014 8.04467964
v 6.00366020 -7.69759989 7.99968004
v 5.94345999 3.82192993 8.45468998
v 4.34935999 4.09318018 9.96969032
v 4.00366020 -8.00088978 9.99969006
v 4.00366020 4.25152016 9.99969006
v 3.63685989 6.82537985 6.40069008
v 4.43506002 6.73263979 6.19568014
v 3.63370991 6.43688011 6.43168020
v 4.49075985 6.91366005 6.33068991
v 5.55005980 6.94911003 5.59468985
v 4.43506002 6.73263979 6.19568014
v 4.43506002 6.73263979 6.19568014
v 3.63685989 6.82537985 6.40069008
v 4.49075985 6.91366005 6.33068991
v 3.63685989 6.94092989 6.60969019
v 4.49075985 6.91366005 6.33068991
v 3.63685989 6.82537985 6.40069008
v -5.54639006 6.94911003 5.59468985
v -4.54040003 6.94911003 6.46068001
v -4.45074987 6.64691019 6.24218988
v -3.63319993 6.94092989 6.60969019
v -3.63319993 6.82537985 6.40069008
v -4.54040003 6.94911003 6.46068001
v -4.45074987 6.64691019 6.24218988
v -4.54040003 6.94911003 6.46068001
v -3.63319993 6.82537985 6.40069008
v -4.34568977 4.09221983 9.96969032
v -3.99998999 4.25197983 9.99969006
v -3.99998999 -8.00088978 9.99969006
v -5.99998999 -7.69759989 7.99969006
v -6.00000000 4.02117014 8.04467964
v -5.93978977 3.82192993 8.45468998
v 3.63685989 6.82537985 6.40069008
v 3.63370991 6.43688011 6.43168020
v -3.63319993 6.82537985 6.40069008
v -3.63319993 6.82537985 6.40069008
v -3.63319993 6.94092989 6.60969019
v 3.63685989 6.82537985 6.40069008
v 3.63685989 6.94092989 6.60969019
v 0.00366000 6.94911003 9.99969006
v -1.98599005 6.94911003 9.80068970
v -1.47128999 7.24200010 10.60569000
v -2.73449993 7.99911022 10.65468025
v -0.92009997 7.99911022 10.96068001
v -1.47128999 7.24200010 10.60569000
v -4.30269003 7.24200010 9.80469036
v -1.47128999 7.24200010 10.60569000
v -3.89358997 6.94911003 9.21068001
v -1.47128999 7.24200010 10.60569000
v -1.98599005 6.94911003 9.80068970
v -3.89358997 6.94911003 9.21068001
v -1.47128999 7.24200010 10.60569000
v -4.30269003 7.24200010 9.80469036
v -2.73449993 7.99911022 10.65468025
v -5.10259008 7.94911003 9.74468994
v -2.73449993 7.99911022 10.65468025
v -4.30269003 7.24200010 9.80469036
v -3.89358997 6.94911003 9.21068001
v -5.64639997 6.94911003 8.25267982
v -4.30269003 7.24200010 9.80469036
v 3.63685989 6.94092989 6.60969019
v -3.63319993 6.94092989 6.60969019
v 0.00366000 6.94911003 7.84768009
v -3.63319993 6.94092989 6.60969019
v -1.98599005 6.94911003 9.80068970
v -3.89358997 6.94911003 9.21068001
v -5.64639997 6.94911003 8.25267982
v -5.54639006 6.94911003 5.59468985
v -4.54040003 6.94911003 6.46068001
v -3.89358997 6.94911003 9.21068001
v -3.63319993 6.94092989 6.60969019
v -4.54040003 6.94911003 6.46068001
v -6.00000000 6.94911003 4.50618982
v 3.63370991 6.43688011 6.43168020
v 4.43506002 6.73263979 6.19568014
v 4.38886023 6.06216002 6.65668011
v 3.63320994 5.95390987 6.88068008
v 4.38886023 6.06216002 6.65668011
v 4.32487011 5.06447983 8.40697002
v -3.99998999 -8.00088978 9.99969006
v 5.65006018 6.94911003 8.25267982
v 7.14516020 6.97813988 3.97919011
v 6.00366020 6.94911003 4.50618982
v 7.17715979 6.94911003 6.96669006
v 7.14516020 6.97813988 3.97919011
v 5.65006018 6.94911003 8.25267982
v 6.20035982 -7.61001015 14.00067997
v 6.00366020 -7.69759989 7.99968004
v 6.00366020 -7.69759989 -0.00031000
v 5.93446016 -7.72543001 8.52068996
v 5.94345999 3.82192993 8.45468998
v 6.00366020 -7.69759989 7.99968004
v 5.94345999 3.82192993 8.45468998
v 5.93446016 -7.72543001 8.52068996
v 5.73195982 3.74310994 9.00368023
v 5.72206020 -7.80179977 9.02268982
v 5.73195982 3.74310994 9.00368023
v 5.93446016 -7.72543001 8.52068996
v 5.73195982 3.74310994 9.00368023
v 5.72206020 -7.80179977 9.02268982
v 5.41735983 3.62295008 9.41469002
v 5.38916016 -7.89521980 9.44169044
v 5.41735983 3.62295008 9.41469002
v 5.72206020 -7.80179977 9.02268982
v 5.41735983 3.62295008 9.41469002
v 5.38916016 -7.89521980 9.44169044
v 5.00366020 3.81254005 9.73169041
v 4.96235991 -7.97118998 9.75467968
v 5.00366020 3.81254005 9.73169041
v 5.38916016 -7.89521980 9.44169044
v 5.00366020 3.81254005 9.73169041
v 4.96235991 -7.97118998 9.75467968
v 4.68665981 3.94589996 9.87969017
v 4.47575998 -8.00088978 9.94268990
v 4.68665981 3.94589996 9.87969017
v 4.96235991 -7.97118998 9.75467968
v 4.68665981 3.94589996 9.87969017
v 4.47575998 -8.00088978 9.94268990
v 4.34935999 4.09318018 9.96969032
v 4.34935999 4.09318018 9.96969032
v 4.47575998 -8.00088978 9.94268990
v 4.00366020 -8.00088978 9.99969006
v 6.00366020 7.69580984 2.18159008
v 6.00366020 7.31252003 3.24218988
v 6.66885996 7.34082985 3.17053008
v 6.00366020 6.94911003 4.50618982
v 7.14516020 6.97813988 3.97919011
v 6.00366020 7.31252003 3.24218988
v 4.32487011 5.06447983 8.40697002
v 6.00366020 4.86318016 6.60167980
v 6.00366020 4.40364981 7.39368010
v 4.32487011 5.06447983 8.40697002
v 6.00366020 4.40364981 7.39368010
v 6.00400019 4.02117014 8.04467964
v 5.94345999 3.82192993 8.45468998
v 5.73195982 3.74310994 9.00368023
v 4.32487011 5.06447983 8.40697002
v 5.94345999 3.82192993 8.45468998
v 6.00366020 5.96671009 5.62369013
v 6.00366020 4.86318016 6.60167980
v 4.32487011 5.06447983 8.40697002
v 6.00366020 5.96671009 5.62369013
v 4.32487011 5.06447983 8.40697002
v 4.38886023 6.06216002 6.65668011
v 6.00366020 6.94911003 4.50618982
v 6.00366020 5.96671009 5.62369013
v 5.55005980 6.94911003 5.59468985
v 5.65006018 6.94911003 8.25267982
v 4.30635977 7.24200010 9.80469036
v 6.02385998 7.68740988 9.16469002
v 4.30635977 7.24200010 9.80469036
v 5.10625982 7.94911003 9.74468994
v 6.02385998 7.68740988 9.16469002
v 5.65006018 6.94911003 8.25267982
v 7.06826019 7.04524994 7.66968012
v 7.17715979 6.94911003 6.96669006
v 6.00366020 5.96671009 5.62369013
v 4.38886023 6.06216002 6.65668011
v 4.43506002 6.73263979 6.19568014
v 4.43506002 6.73263979 6.19568014
v 5.55005980 6.94911003 5.59468985
v 6.00366020 5.96671009 5.62369013
v -4.45074987 6.64691019 6.24218988
v -6.00000000 5.96671009 5.62369013
v -5.54639006 6.94911003 5.59468985
v -6.00000000 5.96671009 5.62369013
v -4.45074987 6.64691019 6.24218988
v -4.38520002 6.06216002 6.65668011
v -5.64639997 6.94911003 8.25267982
v -7.06459999 7.04524994 7.66968012
v -6.70468998 7.31809998 8.43568039
v -5.64639997 6.94911003 8.25267982
v -6.70468998 7.31809998 8.43568039
v -6.02018976 7.68740988 9.16469002
v -4.30269003 7.24200010 9.80469036
v -6.02018976 7.68740988 9.16469002
v -5.10259008 7.94911003 9.74468994
v -5.64639997 6.94911003 8.25267982
v -6.02018976 7.68740988 9.16469002
v -4.30269003 7.24200010 9.80469036
v -6.00000000 6.94911003 4.50618982
v -5.54639006 6.94911003 5.59468985
v -6.00000000 5.96671009 5.62369013
v -6.00000000 5.96671009 5.62369013
v -4.38520002 6.06216002 6.65668011
v -4.32394981 5.11941004 8.41996956
v -4.32394981 5.11941004 8.41996956
v -4.38520002 6.06216002 6.65668011
v -3.63319993 5.95390987 6.88068008
v -6.00000000 5.96671009 5.62369013
v -4.32394981 5.11941004 8.41996956
v -5.99998999 4.86318016 6.60167980
v -5.72829008 3.74310994 9.00368023
v -5.93978977 3.82192993 8.45468998
v -4.32394981 5.11941004 8.41996956
v -5.93978977 3.82192993 8.45468998
v -6.00000000 4.02117014 8.04467964
v -4.32394981 5.11941004 8.41996956
v -4.32394981 5.11941004 8.41996956
v -6.00000000 4.02117014 8.04467964
v -5.99998999 4.40364981 7.39368010
v -4.32394981 5.11941004 8.41996956
v -5.99998999 4.40364981 7.39368010
v -5.99998999 4.86318016 6.60167980
v -6.00000000 7.31252003 3.24218988
v -7.17350006 6.94911003 4.21837997
v -6.00000000 6.94911003 4.50618982
v -3.99998999 -8.00088978 9.99969006
v -4.47208977 -8.00088978 9.94268990
v -4.34568977 4.09221983 9.96969032
v -4.68299007 3.85204005 9.87969017
v -4.34568977 4.09221983 9.96969032
v -4.47208977 -8.00088978 9.94268990
v -4.47208977 -8.00088978 9.94268990
v -4.95869017 -7.97118998 9.75467968
v -4.68299007 3.85204005 9.87969017
v -4.99998999 3.65197992 9.71969032
v -4.68299007 3.85204005 9.87969017
v -4.95869017 -7.97118998 9.75467968
v -4.95869017 -7.97118998 9.75467968
v -5.38549995 -7.89521980 9.44169044
v -4.99998999 3.65197992 9.71969032
v -5.41369009 3.62295008 9.41469002
v -4.99998999 3.65197992 9.71969032
v -5.38549995 -7.89521980 9.44169044
v -5.38549995 -7.89521980 9.44169044
v -5.71838999 -7.80179977 9.02268982
v -5.41369009 3.62295008 9.41469002
v -5.72829008 3.74310994 9.00368023
v -5.41369009 3.62295008 9.41469002
v -5.71838999 -7.80179977 9.02268982
v -5.71838999 -7.80179977 9.02268982
v -5.93078995 -7.72543001 8.52068996
v -5.72829008 3.74310994 9.00368023
v -5.93978977 3.82192993 8.45468998
v -5.72829008 3.74310994 9.00368023
v -5.93078995 -7.72543001 8.52068996
v -5.93078995 -7.72543001 8.52068996
v -5.99998999 -7.69759989 7.99969006
v -5.93978977 3.82192993 8.45468998
v -6.19669008 -7.61001015 14.00067997
v -5.99998999 -7.69759989 -0.00031000
v -5.99998999 -7.69759989 7.99969006
v 3.63320994 5.95390987 6.88068008
v 4.32487011 5.06447983 8.40697002
v -4.32394981 5.11941004 8.41996956
v -4.32394981 5.11941004 8.41996956
v -3.63319993 5.95390987 6.88068008
v 3.63320994 5.95390987 6.88068008
v -7.17350006 6.94911003 4.21837997
v -7.17349005 6.94911003 6.96669006
v -3.99998999 -8.00088978 9.99969006
v 4.38886023 6.06216002 6.65668011
v 3.63320994 5.95390987 6.88068008
v 3.63370991 6.43688011 6.43168020
v -6.00000000 -5.49870014 -5.79130983
v -5.99998999 -6.96596003 -3.90192008
v -6.78409004 -6.66756010 -3.03501010
v -6.78409004 -6.66756010 -3.03501010
v -8.51049995 -4.28289986 -3.03941011
v -6.00000000 -5.49870014 -5.79130983
v -6.78409004 -6.66756010 -3.03501010
v -8.38479042 -5.45020008 -0.00031000
v -8.51049995 -4.28289986 -3.03941011
v -7.35780001 -3.50425005 -5.79601002
v -6.00000000 -5.49870014 -5.79130983
v -8.51049995 -4.28289986 -3.03941011
v -7.35780001 -3.50425005 -5.79601002
v -6.00000000 -3.36070991 -7.26061010
v -6.00000000 -4.50038004 -6.61500978
v -6.00000000 -5.49870014 -5.79130983
v -7.35780001 -3.50425005 -5.79601002
v -6.00000000 -4.50038004 -6.61500978
v -6.00000000 -2.24850988 -7.67811012
v -6.00000000 -3.36070991 -7.26061010
v -7.35780001 -3.50425005 -5.79601002
v -9.41219997 -1.47531998 -3.03941011
v -8.51049995 -4.28289986 -3.03941011
v -9.63908958 -2.66303992 -0.00031000
v -8.51049995 -4.28289986 -3.03941011
v -9.41219997 -1.47531998 -3.03941011
v -7.35780001 -3.50425005 -5.79601002
v -8.06000042 -1.20360994 -5.79601002
v -6.00000000 -1.13267004 -7.91980982
v -6.00000000 -2.24850988 -7.67811012
v -7.35780001 -3.50425005 -5.79601002
v -8.06000042 -1.20360994 -5.79601002
v -6.00000000 -2.24850988 -7.67811012
v -8.06000042 -1.20360994 -5.79601002
v -7.35780001 -3.50425005 -5.79601002
v -9.41219997 -1.47531998 -3.03941011
v -6.00000000 -0.00089000 -8.00030994
v -6.00000000 -1.13267004 -7.91980982
v -8.06000042 -1.20360994 -5.79601002
v -5.99998999 -6.96596003 -3.90192008
v -5.99998999 -7.34730005 -2.89871001
v -6.78409004 -6.66756010 -3.03501010
v -5.99998999 -7.62085009 -1.45520997
v -6.78409004 -6.66756010 -3.03501010
v -5.99998999 -7.34730005 -2.89871001
v -5.99998999 -7.62085009 -1.45520997
v -6.78409004 -6.66756010 -3.03501010
v -6.78489017 -7.26453018 -0.00031000
v -7.45359993 -6.66756010 -0.00031000
v -6.78489017 -7.26453018 -0.00031000
v -6.78409004 -6.66756010 -3.03501010
v -5.99998999 -7.62085009 -1.45520997
v 6.78855991 -7.26453018 -0.00031000
v 6.00366020 -7.62085009 -1.45521998
v 6.78775978 -6.66756010 -3.03501010
v 6.78775978 -6.66756010 -3.03501010
v 7.45726013 -6.66756010 -0.00031000
v 6.78855991 -7.26453018 -0.00031000
v 6.00366020 -7.18556023 -3.39230990
v 6.78775978 -6.66756010 -3.03501010
v 6.00366020 -7.62085009 -1.45521998
v 6.78775978 -6.66756010 -3.03501010
v 6.00366020 -7.18556023 -3.39230990
v 6.00366020 -6.66755009 -4.42252016
v 6.00366020 -0.00089000 -8.00030994
v 8.06365967 -1.20360994 -5.79601002
v 6.00366020 -1.13267004 -7.91980982
v 8.06365967 -1.20360994 -5.79601002
v 9.41586018 -1.47531998 -3.03941011
v 7.36146021 -3.50425005 -5.79601002
v 7.36146021 -3.50425005 -5.79601002
v 6.00366020 -2.24850988 -7.67812014
v 8.06365967 -1.20360994 -5.79601002
v 8.06365967 -1.20360994 -5.79601002
v 6.00366020 -2.24850988 -7.67812014
v 6.00366020 -1.13267004 -7.91980982
v 8.51416016 -4.28289986 -3.03941011
v 7.36146021 -3.50425005 -5.79601002
v 9.41586018 -1.47531998 -3.03941011
v 9.41586018 -1.47531998 -3.03941011
v 9.64276028 -2.66303992 -0.00031000
v 8.51416016 -4.28289986 -3.03941011
v 6.00366020 -2.24850988 -7.67812014
v 7.36146021 -3.50425005 -5.79601002
v 6.00366020 -3.36070991 -7.26061010
v 6.00366020 -5.49870014 -5.79130983
v 6.00366020 -4.50038004 -6.61500978
v 7.36146021 -3.50425005 -5.79601002
v 7.36146021 -3.50425005 -5.79601002
v 6.00366020 -4.50038004 -6.61500978
v 6.00366020 -3.36070991 -7.26061010
v 7.36146021 -3.50425005 -5.79601002
v 8.51416016 -4.28289986 -3.03941011
v 6.00366020 -5.49870014 -5.79130983
v 8.51416016 -4.28289986 -3.03941011
v 8.38846016 -5.45020008 -0.00031000
v 6.78775978 -6.66756010 -3.03501010
v 6.78775978 -6.66756010 -3.03501010
v 6.00366020 -5.49870014 -5.79130983
v 8.51416016 -4.28289986 -3.03941011
v 6.00366020 -5.49870014 -5.79130983
v 6.78775978 -6.66756010 -3.03501010
v 6.00366020 -6.66755009 -4.42252016
v -3.57919002 -8.00088978 13.99868011
v 4.47575998 -8.00088978 9.94268990
v 5.01365995 -7.96456003 14.00168037
v 4.00366020 -8.00088978 9.99969006
v 3.58285999 -8.00088978 13.99868011
v 4.00366020 -8.00088978 9.99969006
v 5.01365995 -7.96456003 14.00168037
v 7.45726013 -6.66756010 -0.00031000
v 8.35525990 -5.50088978 23.99967957
v 7.47175980 -6.65130997 13.99967957
v 8.38846016 -5.45020008 -0.00031000
v 8.38846016 -5.45020008 -0.00031000
v 8.73536015 -4.87502003 23.99967957
v 8.35525990 -5.50088978 23.99967957
v 9.12275982 -4.10481977 -0.00031000
v 8.73536015 -4.87502003 23.99967957
v 8.38846016 -5.45020008 -0.00031000
v 8.73536015 -4.87502003 23.99967957
v 9.12275982 -4.10481977 -0.00031000
v 9.28135967 -3.73246002 23.99967957
v 9.64276028 -2.66303992 -0.00031000
v 9.28135967 -3.73246002 23.99967957
v 9.12275982 -4.10481977 -0.00031000
v 9.28135967 -3.73246002 23.99967957
v 9.64276028 -2.66303992 -0.00031000
v 9.67875957 -2.52909994 23.99967957
v 9.64276028 -2.66303992 -0.00031000
v 9.92086029 -1.28497005 23.99967957
v 9.67875957 -2.52909994 23.99967957
v 9.93636036 -1.15878999 -0.00031000
v 8.38846016 -5.45020008 -0.00031000
v 8.51416016 -4.28289986 -3.03941011
v 9.12275982 -4.10481977 -0.00031000
v 8.51416016 -4.28289986 -3.03941011
v 9.64276028 -2.66303992 -0.00031000
v 9.12275982 -4.10481977 -0.00031000
v 5.01365995 -7.96456003 14.00168037
v 5.72206020 -7.80179977 9.02268982
v 6.20035982 -7.61001015 14.00067997
v 5.01365995 -7.96456003 14.00168037
v 4.47575998 -8.00088978 9.94268990
v 4.96235991 -7.97118998 9.75467968
v 6.00366020 -7.69759989 -0.00031000
v 8.35525990 -5.50088978 23.99967957
v 7.16185999 -6.98424006 23.99967957
v 7.47175980 -6.65130997 13.99967957
v 3.58285999 -8.00088978 13.99868011
v 0.00406000 -8.84558964 18.22267914
v 0.00406000 -8.00088978 13.99868011
v 3.57066011 -8.61559963 18.55867958
v 0.00406000 -8.84558964 18.22267914
v 3.58285999 -8.00088978 13.99868011
v 7.16185999 -6.98424006 23.99967957
v 6.83555984 -7.23064995 13.99967957
v 6.83555984 -7.23064995 13.99967957
v 6.46615982 -7.63258982 23.99967957
v 6.20035982 -7.61001015 14.00067997
v 6.20035982 -7.61001015 14.00067997
v 6.46615982 -7.63258982 23.99967957
v 5.71986008 -8.20648956 23.99967957
v 5.01365995 -7.96456003 14.00168037
v 6.20035982 -7.61001015 14.00067997
v 5.71986008 -8.20648956 23.99967957
v 5.01365995 -7.96456003 14.00168037
v 5.71986008 -8.20648956 23.99967957
v 4.59459019 -8.80455971 23.59967995
v 5.01365995 -7.96456003 14.00168037
v 3.57066011 -8.61559963 18.55867958
v 3.58285999 -8.00088978 13.99868011
v 5.01365995 -7.96456003 14.00168037
v 4.59459019 -8.80455971 23.59967995
v 3.57066011 -8.61559963 18.55867958
v 9.64276028 -2.66303992 -0.00031000
v 9.41586018 -1.47531998 -3.03941011
v 9.93636036 -1.15878999 -0.00031000
v 8.38846016 -5.45020008 -0.00031000
v 7.45726013 -6.66756010 -0.00031000
v 6.78775978 -6.66756010 -3.03501010
v 6.78855991 -7.26453018 -0.00031000
v 6.00366020 -7.69759989 -0.00031000
v 6.00366020 -7.62085009 -1.45521998
v -6.78489017 -7.26453018 -0.00031000
v -5.99998999 -7.62085009 -1.45520997
v -5.99998999 -7.69759989 -0.00031000
v -8.38479042 -5.45020008 -0.00031000
v -6.78409004 -6.66756010 -3.03501010
v -7.45359993 -6.66756010 -0.00031000
v -9.63908958 -2.66303992 -0.00031000
v -9.93270016 -1.15878999 -0.00031000
v -9.41219997 -1.47531998 -3.03941011
v -5.00999022 -7.96456003 14.00168037
v -3.56698990 -8.61559963 18.55867958
v -4.59091997 -8.80455971 23.59967995
v -5.00999022 -7.96456003 14.00168037
v -3.57919002 -8.00088978 13.99868011
v -3.56698990 -8.61559963 18.55867958
v -5.00999022 -7.96456003 14.00168037
v -4.59091997 -8.80455971 23.59967995
v -5.71618986 -8.20648956 23.99967957
v -5.00999022 -7.96456003 14.00168037
v -5.71618986 -8.20648956 23.99967957
v -6.19669008 -7.61001015 14.00067997
v -6.19669008 -7.61001015 14.00067997
v -5.71618986 -8.20648956 23.99967957
v -6.46249008 -7.63258982 23.99967957
v -6.83189011 -7.23064995 13.99969006
v -6.19669008 -7.61001015 14.00067997
v -6.46249008 -7.63258982 23.99967957
v -6.83189011 -7.23064995 13.99969006
v -7.15818977 -6.98424006 23.99967957
v -3.56698990 -8.61559963 18.55867958
v -3.57919002 -8.00088978 13.99868011
v 0.00406000 -8.84558964 18.22267914
v -3.57919002 -8.00088978 13.99868011
v -8.35159016 -5.50088978 23.99967957
v -7.46809006 -6.65130997 13.99969006
v -7.15818977 -6.98424006 23.99967957
v -3.63319993 6.82537985 6.40069008
v -3.63358998 6.44434977 6.42669010
v -4.45074987 6.64691019 6.24218988
v -5.99998999 -7.69759989 -0.00031000
v -4.95869017 -7.97118998 9.75467968
v -4.47208977 -8.00088978 9.94268990
v -5.00999022 -7.96456003 14.00168037
v -5.00999022 -7.96456003 14.00168037
v -6.19669008 -7.61001015 14.00067997
v -5.71838999 -7.80179977 9.02268982
v -8.51049995 -4.28289986 -3.03941011
v -9.11909008 -4.10481977 -0.00031000
v -9.63908958 -2.66303992 -0.00031000
v -8.38479042 -5.45020008 -0.00031000
v -9.11909008 -4.10481977 -0.00031000
v -8.51049995 -4.28289986 -3.03941011
v -9.93270016 -1.15878999 -0.00031000
v -9.63908958 -2.66303992 -0.00031000
v -9.91718960 -1.28497005 23.99967957
v -9.67508984 -2.52909994 23.99967957
v -9.27768993 -3.73246002 23.99967957
v -9.67508984 -2.52909994 23.99967957
v -9.63908958 -2.66303992 -0.00031000
v -9.63908958 -2.66303992 -0.00031000
v -9.11909008 -4.10481977 -0.00031000
v -9.27768993 -3.73246002 23.99967957
v -8.73169041 -4.87502003 23.99967957
v -9.27768993 -3.73246002 23.99967957
v -9.11909008 -4.10481977 -0.00031000
v -9.11909008 -4.10481977 -0.00031000
v -8.38479042 -5.45020008 -0.00031000
v -8.73169041 -4.87502003 23.99967957
v -8.38479042 -5.45020008 -0.00031000
v -8.35159016 -5.50088978 23.99967957
v -8.73169041 -4.87502003 23.99967957
v -8.38479042 -5.45020008 -0.00031000
v -7.45359993 -6.66756010 -0.00031000
v -8.35159016 -5.50088978 23.99967957
v -7.46809006 -6.65130997 13.99969006
v -3.63358998 6.44434977 6.42669010
v -3.63319993 6.82537985 6.40069008
v 3.63370991 6.43688011 6.43168020
v 3.63370991 6.43688011 6.43168020
v 3.63320994 5.95390987 6.88068008
v -3.63358998 6.44434977 6.42669010
v -3.63319993 5.95390987 6.88068008
v -3.57919002 -8.00088978 13.99868011
v -5.00999022 -7.96456003 14.00168037
v -3.99998999 -8.00088978 9.99969006
v -4.47208977 -8.00088978 9.94268990
v -3.99998999 -8.00088978 9.99969006
v -5.00999022 -7.96456003 14.00168037
v 4.00366020 -5.00088978 39.42269135
v 4.00366020 -5.00088978 39.42269135
v 4.00366020 -5.43663979 40.66868973
v -3.99998999 -5.00088978 39.42267990
v -3.99998999 -5.43663979 40.66868973
v -3.99998999 -5.43663979 40.66868973
v -5.48459005 -5.09961987 40.93769073
v -3.99998999 -5.00088978 39.42267990
v -5.49998999 -4.73356009 40.21569061
v -5.76328993 -4.42796993 39.42269135
v -3.99998999 -5.00088978 39.42267990
v -5.49998999 -4.73356009 40.21569061
v -3.99998999 -5.00088978 39.42267990
v -5.48459005 -5.09961987 40.93769073
v -5.49998999 -4.73356009 40.21569061
v -5.48459005 -5.09961987 40.93769073
v -6.42709017 -4.46942997 41.43968964
v -6.59809017 -3.69701004 40.57769012
v -5.49998999 -4.73356009 40.21569061
v -6.42709017 -4.46942997 41.43968964
v -6.59809017 -3.69701004 40.57769012
v -6.42699003 -3.76429009 39.42269135
v -5.76328993 -4.42796993 39.42269135
v -5.49998999 -4.73356009 40.21569061
v -6.59809017 -3.69701004 40.57769012
v -5.76328993 -4.42796993 39.42269135
v -6.85318995 -2.92797995 39.42269135
v -6.42699003 -3.76429009 39.42269135
v -6.59809017 -3.69701004 40.57769012
v -6.42709017 -4.46942997 41.43968964
v -6.68310022 -3.81534004 41.96068954
v -6.59809017 -3.69701004 40.57769012
v -6.59809017 -3.69701004 40.57769012
v -6.68310022 -3.81534004 41.96068954
v -6.99998999 -3.09028006 42.53868866
v -6.59809017 -3.69701004 40.57769012
v -6.99998999 -3.09028006 42.53868866
v -6.99998999 -2.49593997 41.59167862
v -6.99998999 -2.12557006 40.53268814
v -6.59809017 -3.69701004 40.57769012
v -6.99998999 -2.49593997 41.59167862
v -6.99998999 -2.12557006 40.53268814
v -6.99998999 -2.00089002 39.42269135
v -6.85318995 -2.92797995 39.42269135
v -6.59809017 -3.69701004 40.57769012
v -6.99998999 -2.12557006 40.53268814
v -6.85318995 -2.92797995 39.42269135
v -5.76328993 -4.42796993 39.42269135
v -3.99998999 -5.02734995 37.82067871
v -3.99998999 -5.00088978 39.42267990
v -5.36349010 -4.67315006 38.32667923
v -3.99998999 -5.02734995 37.82067871
v -5.76328993 -4.42796993 39.42269135
v -6.19618988 -4.04460001 39.22468948
v -5.36349010 -4.67315006 38.32667923
v -5.76328993 -4.42796993 39.42269135
v -6.42699003 -3.76429009 39.42269135
v -6.72699022 -3.25132990 38.74369049
v -6.19618988 -4.04460001 39.22468948
v -5.76328993 -4.42796993 39.42269135
v -6.42699003 -3.76429009 39.42269135
v -6.19618988 -4.04460001 39.22468948
v -6.42699003 -3.76429009 39.42269135
v -6.85318995 -2.92797995 39.42269135
v -6.72699022 -3.25132990 38.74369049
v -6.99998999 -2.00089002 39.42269135
v -6.99998999 -2.00089002 38.27869034
v -6.96548986 -2.45479989 38.42168045
v -6.99998999 -2.00089002 39.42269135
v -6.96548986 -2.45479989 38.42168045
v -6.72699022 -3.25132990 38.74369049
v -6.85318995 -2.92797995 39.42269135
v -6.99998999 -2.00089002 39.42269135
v -6.72699022 -3.25132990 38.74369049
v -8.76179028 -4.19563007 35.80266953
v -8.53598976 -1.46623003 39.60467911
v -8.91539001 -2.27438998 35.04568100
v -8.53598976 -1.46623003 39.60467911
v -8.53598976 -1.46623003 39.60467911
v -8.55288982 -0.11087000 39.43468094
v -8.96308994 -0.33818001 35.04568100
v -8.54059029 1.25594997 39.55968094
v -8.54059029 1.25594997 39.55968094
v -8.50409031 2.50568008 39.95367813
v -8.94209003 1.60178006 35.04568100
v -8.45398998 3.57720995 40.56069183
v -6.19618988 -4.04460001 39.22468948
v -6.86008978 -4.03109980 39.22568893
v -6.76829004 -5.70593977 36.85168839
v -6.76829004 -5.70593977 36.85168839
v -5.72309017 -7.25891018 34.63367844
v -6.19618988 -4.04460001 39.22468948
v -5.36349010 -4.67315006 38.32667923
v -4.68119001 -8.14346981 33.37068176
v -3.99998999 -5.02734995 37.82067871
v -3.53978992 -8.82176971 32.40167999
v -6.92968988 7.10943985 44.99969101
v -5.93589020 7.04910994 44.99969101
v -6.11599016 7.64028978 44.99969101
v -5.49998999 6.94911003 44.99969101
v -5.31028986 7.90772009 44.99969101
v -4.88529015 7.95342016 44.99969101
v -4.46018982 7.99911022 44.99967957
v -4.48079014 7.99911022 34.49768066
v -5.30279016 7.91390991 34.49866867
v -5.31028986 7.90772009 44.99969101
v -4.88529015 7.95342016 44.99969101
v -6.11599016 7.64028978 44.99969101
v -5.31028986 7.90772009 44.99969101
v -5.30279016 7.91390991 34.49866867
v -6.11599016 7.64028978 44.99969101
v -6.92968988 7.10943985 44.99969101
v -6.11599016 7.64028978 44.99969101
v -6.09209013 7.66057014 34.49866867
v -6.09209013 7.66057014 34.49866867
v -6.81219006 7.24996996 34.49967957
v -6.92968988 7.10943985 44.99969101
v -7.19168997 6.82799006 43.78868866
v -6.92968988 7.10943985 44.99969101
v -6.81219006 7.24996996 34.49967957
v -6.81219006 7.24996996 34.49967957
v -7.43299007 6.69810009 34.49367905
v -7.19168997 6.82799006 43.78868866
v -7.49638987 -5.59216976 36.77568817
v -6.86008978 -4.03109980 39.22568893
v -7.60348988 -3.56947994 39.46268082
v -7.60348988 -3.56947994 39.46268082
v -8.06229019 -2.97472000 39.64068985
v -8.12469006 -5.26917982 36.55168915
v -8.06229019 -2.97472000 39.64068985
v -8.39929008 -2.25590992 39.68867874
v -8.56688976 -4.78127003 36.21168900
v -8.39929008 -2.25590992 39.68867874
v -8.53598976 -1.46623003 39.60467911
v -8.76179028 -4.19563007 35.80266953
v -7.28129005 -6.21365976 35.90269089
v -6.76829004 -5.70593977 36.85168839
v -7.49638987 -5.59216976 36.77568817
v -7.49638987 -5.59216976 36.77568817
v -8.12469006 -5.26917982 36.55168915
v -7.28129005 -6.21365976 35.90269089
v -7.85418987 -6.04027987 35.50568008
v -7.28129005 -6.21365976 35.90269089
v -8.12469006 -5.26917982 36.55168915
v -8.12469006 -5.26917982 36.55168915
v -8.56688976 -4.78127003 36.21168900
v -7.85418987 -6.04027987 35.50568008
v -8.26809025 -5.67265987 35.04867935
v -7.85418987 -6.04027987 35.50568008
v -8.56688976 -4.78127003 36.21168900
v -8.56688976 -4.78127003 36.21168900
v -8.76179028 -4.19563007 35.80266953
v -8.26809025 -5.67265987 35.04867935
v -5.72309017 -7.25891018 34.63367844
v -6.76829004 -5.70593977 36.85168839
v -7.28129005 -6.21365976 35.90269089
v -7.28129005 -6.21365976 35.90269089
v -6.31068993 -7.37931013 34.23868179
v -5.72309017 -7.25891018 34.63367844
v -7.28129005 -6.21365976 35.90269089
v -7.85418987 -6.04027987 35.50568008
v -6.91028976 -7.18596983 33.86967087
v -6.31068993 -7.37931013 34.23868179
v -7.28129005 -6.21365976 35.90269089
v -6.91028976 -7.18596983 33.86967087
v -6.99998999 1.68717003 38.19369125
v -6.99998999 0.45890999 38.00268936
v -6.99998999 -0.78334999 38.03168106
v -6.99998999 -2.00089002 38.27869034
v -6.99998999 2.86303997 38.59968948
v -6.99998999 -2.00089002 39.42269135
v -6.99998999 3.94911003 39.20568085
v -6.99998999 -3.09028006 42.53868866
v -6.99998999 -3.63839006 43.45969009
v -6.99998999 -2.12557006 40.53268814
v -6.99998999 -2.49593997 41.59167862
v -4.92709017 6.80227995 44.99967957
v -3.99998999 6.94911003 44.99967957
v -5.03398991 6.76527023 43.41168976
v -4.92709017 6.80227995 44.99967957
v -5.03398991 6.76527023 43.41168976
v -5.49998999 6.54719019 42.67068863
v -5.76339006 6.37616014 44.99967957
v -4.92709017 6.80227995 44.99967957
v -5.49998999 6.54719019 42.67068863
v -5.76339006 6.37616014 44.99967957
v -5.49998999 6.54719019 42.67068863
v -5.93590021 6.24091005 41.72169113
v -5.76339006 6.37616014 44.99967957
v -5.93590021 6.24091005 41.72169113
v -6.39679003 5.75340986 40.92668915
v -6.42709017 5.71247005 44.99967957
v -5.76339006 6.37616014 44.99967957
v -6.39679003 5.75340986 40.92668915
v -6.39679003 5.75340986 40.92668915
v -6.83868980 4.91953993 39.95969009
v -6.42709017 5.71247005 44.99967957
v -6.85318995 4.87616014 44.99967957
v -6.42709017 5.71247005 44.99967957
v -6.83868980 4.91953993 39.95969009
v -6.83868980 4.91953993 39.95969009
v -6.99998999 3.94911003 39.20568085
v -6.85318995 4.87616014 44.99967957
v -6.99998999 3.94911003 44.99967957
v -6.85318995 4.87616014 44.99967957
v -6.99998999 3.94911003 39.20568085
v -7.71279001 6.06130981 42.71467972
v -8.19198990 4.97672987 41.65068817
v -7.08054018 5.94669008 41.49869156
v -7.43409014 4.97596979 40.42869186
v -8.19198990 4.97672987 41.65068817
v -8.19198990 4.02715015 40.55369186
v -7.43409014 4.97596979 40.42869186
v -7.43409014 3.77077007 39.39268875
v -7.43409014 4.97596979 40.42869186
v -8.19198990 4.02715015 40.55369186
v -8.19198990 4.02715015 40.55369186
v -8.19198990 2.84198999 39.71667862
v -7.43409014 3.77077007 39.39268875
v -7.43409014 2.35678005 38.66769028
v -7.43409014 3.77077007 39.39268875
v -8.19198990 2.84198999 39.71667862
v -8.19198990 2.84198999 39.71667862
v -8.19198990 1.49065006 39.18867874
v -7.43409014 2.35678005 38.66769028
v -7.43409014 0.81252998 38.29169083
v -7.43409014 2.35678005 38.66769028
v -8.19198990 1.49065006 39.18867874
v -8.19198990 1.49065006 39.18867874
v -8.19198990 0.05167000 39.00069046
v -7.43409014 0.81252998 38.29169083
v -7.43409014 -0.77679998 38.28768158
v -7.43409014 0.81252998 38.29169083
v -8.19198990 0.05167000 39.00069046
v -8.19198990 0.05167000 39.00069046
v -8.19198990 -1.39001000 39.16368866
v -7.43409014 -0.77679998 38.28768158
v -7.43409014 -2.32319999 38.65369034
v -7.43409014 -0.77679998 38.28768158
v -8.19198990 -1.39001000 39.16368866
v -8.19198990 -1.39001000 39.16368866
v -8.06229019 -2.97472000 39.64068985
v -7.43409014 -2.32319999 38.65369034
v -7.43409014 -2.32319999 38.65369034
v -8.06229019 -2.97472000 39.64068985
v -7.60348988 -3.56947994 39.46268082
v -6.86008978 -4.03109980 39.22568893
v -7.43409014 -2.32319999 38.65369034
v -7.60348988 -3.56947994 39.46268082
v -8.19198990 4.97672987 41.65068817
v -8.45398998 3.57720995 40.56069183
v -8.19198990 4.02715015 40.55369186
v -8.19198990 2.84198999 39.71667862
v -8.19198990 4.02715015 40.55369186
v -8.45398998 3.57720995 40.56069183
v -8.45398998 3.57720995 40.56069183
v -8.50409031 2.50568008 39.95367813
v -8.19198990 2.84198999 39.71667862
v -8.19198990 1.49065006 39.18867874
v -8.19198990 2.84198999 39.71667862
v -8.50409031 2.50568008 39.95367813
v -8.50409031 2.50568008 39.95367813
v -8.54059029 1.25594997 39.55968094
v -8.19198990 1.49065006 39.18867874
v -8.19198990 0.05167000 39.00069046
v -8.19198990 1.49065006 39.18867874
v -8.54059029 1.25594997 39.55968094
v -8.54059029 1.25594997 39.55968094
v -8.55288982 -0.11087000 39.43468094
v -8.19198990 0.05167000 39.00069046
v -8.19198990 -1.39001000 39.16368866
v -8.19198990 0.05167000 39.00069046
v -8.55288982 -0.11087000 39.43468094
v -8.55288982 -0.11087000 39.43468094
v -8.53598976 -1.46623003 39.60467911
v -8.19198990 -1.39001000 39.16368866
v -8.19198990 -1.39001000 39.16368866
v -8.53598976 -1.46623003 39.60467911
v -8.39929008 -2.25590992 39.68867874
v -8.19198990 -1.39001000 39.16368866
v -8.39929008 -2.25590992 39.68867874
v -8.06229019 -2.97472000 39.64068985
v -7.08054018 5.94669008 41.49869156
v -6.83868980 4.91953993 39.95969009
v -6.39679003 5.75340986 40.92668915
v -6.39679003 5.75340986 40.92668915
v -5.93590021 6.24091005 41.72169113
v -7.08054018 5.94669008 41.49869156
v -6.72699022 6.57047987 42.44668961
v -7.08054018 5.94669008 41.49869156
v -5.93590021 6.24091005 41.72169113
v -6.92968988 7.10943985 44.99969101
v -6.72699022 6.92842007 43.70069122
v -5.93589020 7.04910994 44.99969101
v -6.72699022 6.92842007 43.70069122
v -6.92968988 7.10943985 44.99969101
v -7.19168997 6.82799006 43.78868866
v -6.72699022 6.92842007 43.70069122
v -7.19168997 6.82799006 43.78868866
v -7.71279001 6.06130981 42.71467972
v -6.72699022 6.57047987 42.44668961
v -6.72699022 6.92842007 43.70069122
v -7.71279001 6.06130981 42.71467972
v -7.71279001 6.06130981 42.71467972
v -7.08054018 5.94669008 41.49869156
v -6.72699022 6.57047987 42.44668961
v -7.43409014 4.97596979 40.42869186
v -6.83868980 4.91953993 39.95969009
v -7.08054018 5.94669008 41.49869156
v -7.43409014 3.77077007 39.39268875
v -6.99998999 3.94911003 39.20568085
v -6.83868980 4.91953993 39.95969009
v -7.43409014 4.97596979 40.42869186
v -7.43409014 3.77077007 39.39268875
v -6.83868980 4.91953993 39.95969009
v -6.99998999 2.86303997 38.59968948
v -6.99998999 3.94911003 39.20568085
v -7.43409014 3.77077007 39.39268875
v -7.43409014 3.77077007 39.39268875
v -7.43409014 2.35678005 38.66769028
v -6.99998999 2.86303997 38.59968948
v -6.99998999 1.68717003 38.19369125
v -6.99998999 2.86303997 38.59968948
v -7.43409014 2.35678005 38.66769028
v -7.43409014 2.35678005 38.66769028
v -7.43409014 0.81252998 38.29169083
v -6.99998999 1.68717003 38.19369125
v -6.99998999 0.45890999 38.00268936
v -6.99998999 1.68717003 38.19369125
v -7.43409014 0.81252998 38.29169083
v -7.43409014 -0.77679998 38.28768158
v -6.99998999 -0.78334999 38.03168106
v -6.99998999 0.45890999 38.00268936
v -7.43409014 0.81252998 38.29169083
v -7.43409014 -0.77679998 38.28768158
v -6.99998999 0.45890999 38.00268936
v -6.99998999 -2.00089002 38.27869034
v -6.99998999 -0.78334999 38.03168106
v -7.43409014 -0.77679998 38.28768158
v -7.43409014 -0.77679998 38.28768158
v -7.43409014 -2.32319999 38.65369034
v -6.99998999 -2.00089002 38.27869034
v -6.96548986 -2.45479989 38.42168045
v -6.99998999 -2.00089002 38.27869034
v -7.43409014 -2.32319999 38.65369034
v -6.86008978 -4.03109980 39.22568893
v -6.72699022 -3.25132990 38.74369049
v -6.96548986 -2.45479989 38.42168045
v -7.43409014 -2.32319999 38.65369034
v -6.86008978 -4.03109980 39.22568893
v -6.96548986 -2.45479989 38.42168045
v -6.72699022 6.57047987 42.44668961
v -5.93590021 6.24091005 41.72169113
v -5.49998999 6.54719019 42.67068863
v -5.49998999 6.54719019 42.67068863
v -6.72699022 6.92842007 43.70069122
v -6.72699022 6.57047987 42.44668961
v -5.93589020 7.04910994 44.99969101
v -6.72699022 6.92842007 43.70069122
v -5.49998999 6.94911003 44.99969101
v -6.72699022 6.92842007 43.70069122
v -5.03398991 6.76527023 43.41168976
v -3.99998999 6.94911003 44.99967957
v -5.49998999 6.94911003 44.99969101
v -6.72699022 6.92842007 43.70069122
v -3.99998999 6.94911003 44.99967957
v -6.72699022 6.92842007 43.70069122
v -5.49998999 6.54719019 42.67068863
v -5.03398991 6.76527023 43.41168976
v -6.19618988 -4.04460001 39.22468948
v -6.72699022 -3.25132990 38.74369049
v -6.86008978 -4.03109980 39.22568893
v -3.99998999 -6.40152979 42.29169083
v -3.99998999 -5.43663979 40.66868973
v 4.00366020 -6.40152979 42.29169083
v 4.00366020 -5.43663979 40.66868973
v -6.59888983 -5.34526014 43.93867111
v -6.59888983 -5.23604012 46.50967026
v -6.99998999 -3.91855001 44.49568176
v -5.49998999 -6.42366982 43.72468948
v -3.99998999 -6.89414978 44.11368179
v -3.99998999 -6.87828016 46.00167847
v -5.49998999 -6.29240990 46.81467819
v -5.49998999 -6.42366982 43.72468948
v -3.99998999 -6.87828016 46.00167847
v -5.49998999 -6.42366982 43.72468948
v -3.99998999 -6.40152979 42.29169083
v -3.99998999 -6.89414978 44.11368179
v -5.49998999 -6.42366982 43.72468948
v -6.99998999 -3.91855001 44.49568176
v -6.99998999 -3.63839006 43.45969009
v -6.59888983 -5.34526014 43.93867111
v -6.59888983 -5.34526014 43.93867111
v -6.99998999 -3.63839006 43.45969009
v -6.99998999 -3.09028006 42.53868866
v -6.59888983 -5.34526014 43.93867111
v -6.99998999 -3.09028006 42.53868866
v -6.68310022 -3.81534004 41.96068954
v -6.42709017 -4.46942997 41.43968964
v -6.59888983 -5.34526014 43.93867111
v -6.68310022 -3.81534004 41.96068954
v -6.59888983 -5.34526014 43.93867111
v -6.42709017 -4.46942997 41.43968964
v -5.49998999 -6.42366982 43.72468948
v -5.49998999 -6.42366982 43.72468948
v -5.48459005 -5.09961987 40.93769073
v -3.99998999 -6.40152979 42.29169083
v -5.49998999 -6.42366982 43.72468948
v -6.42709017 -4.46942997 41.43968964
v -5.48459005 -5.09961987 40.93769073
v -3.99998999 -5.43663979 40.66868973
v -3.99998999 -6.40152979 42.29169083
v -5.48459005 -5.09961987 40.93769073
v -8.94209003 1.60178006 35.04568100
v -8.45398998 3.57720995 40.56069183
v -8.83528996 3.55496001 35.04568100
v -8.45398998 3.57720995 40.56069183
v -8.19198990 4.97672987 41.65068817
v -8.83528996 3.55496001 35.04568100
v -8.83528996 3.55496001 35.04568100
v -8.19198990 4.97672987 41.65068817
v -8.30340958 5.67738008 34.68957138
v -8.30340958 5.67738008 34.68957138
v -8.19198990 4.97672987 41.65068817
v -7.71279001 6.06130981 42.71467972
v -7.71279001 6.06130981 42.71467972
v -7.43299007 6.69810009 34.49367905
v -7.71279001 6.06130981 42.71467972
v -7.19168997 6.82799006 43.78868866
v -4.46018982 7.99911022 44.99967957
v -6.76829004 -5.70593977 36.85168839
v -6.86008978 -4.03109980 39.22568893
v -7.49638987 -5.59216976 36.77568817
v -7.49638987 -5.59216976 36.77568817
v -7.60348988 -3.56947994 39.46268082
v -8.12469006 -5.26917982 36.55168915
v -8.12469006 -5.26917982 36.55168915
v -8.06229019 -2.97472000 39.64068985
v -8.56688976 -4.78127003 36.21168900
v -8.76179028 -4.19563007 35.80266953
v -8.56688976 -4.78127003 36.21168900
v -8.39929008 -2.25590992 39.68867874
v 8.76546001 -4.19563007 35.80266953
v 8.40295982 -2.25590992 39.68867874
v 8.57056046 -4.78127003 36.21168900
v 8.12835979 -5.26917982 36.55168915
v 8.57056046 -4.78127003 36.21168900
v 8.06595993 -2.97472000 39.64068985
v 7.50006008 -5.59216976 36.77568817
v 8.12835979 -5.26917982 36.55168915
v 7.60716009 -3.56947994 39.46268082
v 6.77195978 -5.70593977 36.85168839
v 7.50006008 -5.59216976 36.77568817
v 6.99346018 -4.00149012 39.23768997
v 4.46387005 7.99911022 44.99967957
v 7.43665981 6.69810009 34.49367905
v 7.19536018 6.82799006 43.78868866
v 7.71646023 6.06130981 42.71467972
v 7.71646023 6.06130981 42.71467972
v 8.30708027 5.67738008 34.68957138
v 7.71646023 6.06130981 42.71467972
v 8.19565964 4.97672987 41.65068817
v 8.83895969 3.55496001 35.04568100
v 8.30708027 5.67738008 34.68957138
v 8.19565964 4.97672987 41.65068817
v 8.45765972 3.57720995 40.56069183
v 8.83895969 3.55496001 35.04568100
v 8.19565964 4.97672987 41.65068817
v 8.94575977 1.60178006 35.04568100
v 8.83895969 3.55496001 35.04568100
v 8.45765972 3.57720995 40.56069183
v 4.00366020 -5.43663979 40.66868973
v 5.48825979 -5.09961987 40.93769073
v 4.00366020 -6.40152979 42.29169083
v 5.50366020 -6.42366982 43.72468948
v 5.48825979 -5.09961987 40.93769073
v 6.43075991 -4.46942997 41.43968964
v 5.50366020 -6.42366982 43.72468948
v 4.00366020 -6.40152979 42.29169083
v 5.48825979 -5.09961987 40.93769073
v 6.60256004 -5.34526014 43.93867874
v 5.50366020 -6.42366982 43.72468948
v 6.43075991 -4.46942997 41.43968964
v 6.43075991 -4.46942997 41.43968964
v 6.75609016 -3.81534004 41.96068954
v 6.60256004 -5.34526014 43.93867874
v 6.60256004 -5.34526014 43.93867874
v 6.75609016 -3.81534004 41.96068954
v 7.00366020 -3.09028006 42.53868866
v 6.60256004 -5.34526014 43.93867874
v 7.00366020 -3.09028006 42.53868866
v 7.00366020 -3.63839006 43.45969009
v 7.00366020 -3.91855001 44.49568939
v 6.60256004 -5.34526014 43.93867874
v 7.00366020 -3.63839006 43.45969009
v 4.00366020 -6.40152979 42.29169083
v 5.50366020 -6.42366982 43.72468948
v 4.00366020 -6.89414978 44.11368179
v 5.50366020 -6.42366982 43.72468948
v 6.60256004 -5.34526014 43.93867874
v 5.50366020 -6.29240990 46.81467819
v 5.50366020 -6.29240990 46.81467819
v 4.00366020 -6.87828016 46.00167847
v 5.50366020 -6.42366982 43.72468948
v 5.50366020 -6.42366982 43.72468948
v 4.00366020 -6.87828016 46.00167847
v 4.00366020 -6.89414978 44.11368179
v 6.60256004 -5.34526014 43.93867874
v 7.00366020 -3.91855001 44.49568939
v 6.60256004 -5.23604012 46.50967026
v 6.60256004 -5.23604012 46.50967026
v 7.00366020 -3.91855001 44.49568939
v 7.00366020 -3.90968990 45.56869125
v 6.60256004 -5.23604012 46.50967026
v 7.00366020 -3.61239004 46.59968948
v 6.60256004 -5.23604012 46.50967026
v 7.00366020 -3.90968990 45.56869125
v 7.00366020 3.80367994 46.06167984
v 6.60256004 4.84006977 47.50069046
v 7.00366020 3.37760997 47.04568100
v 5.76705980 6.37616014 44.99969101
v 4.93075991 6.80227995 44.99969101
v 5.50366020 5.81688976 48.00468063
v 5.50366020 5.81688976 48.00468063
v 4.93075991 6.80227995 44.99969101
v 4.00366020 6.94911003 44.99967957
v 5.50366020 5.81688976 48.00468063
v 4.00366020 6.94911003 44.99967957
v 4.00366020 6.69273996 46.86967087
v 6.85686016 4.87616014 44.99969101
v 6.85686016 4.87616014 44.99969101
v 6.43075991 5.71247005 44.99969101
v 6.60256004 4.84006977 47.50069046
v 6.60256004 4.84006977 47.50069046
v 6.43075991 5.71247005 44.99969101
v 5.76705980 6.37616014 44.99969101
v 7.00366020 3.94911003 44.99969101
v 6.85686016 4.87616014 44.99969101
v 7.00366020 3.80367994 46.06167984
v 6.19986010 -4.04460001 39.22468948
v 6.99346018 -4.00149012 39.23768997
v 6.73065996 -3.25132990 38.74369049
v 6.73065996 6.92842007 43.70069122
v 5.03766012 6.76527023 43.41168976
v 5.50366020 6.54719019 42.67068863
v 5.93955994 7.04910994 44.99969101
v 4.00366020 6.94911003 44.99967957
v 6.73065996 6.92842007 43.70069122
v 6.73065996 6.92842007 43.70069122
v 4.00366020 6.94911003 44.99967957
v 5.03766012 6.76527023 43.41168976
v 5.50366020 6.54719019 42.67068863
v 6.73065996 6.57047987 42.44668961
v 6.73065996 6.92842007 43.70069122
v 6.73065996 6.57047987 42.44668961
v 5.50366020 6.54719019 42.67068863
v 5.93955994 6.24091005 41.72169113
v 7.43775988 -2.32319999 38.65369034
v 6.96916008 -2.45479989 38.42168045
v 6.99346018 -4.00149012 39.23768997
v 6.99346018 -4.00149012 39.23768997
v 6.96916008 -2.45479989 38.42168045
v 6.73065996 -3.25132990 38.74369049
v 7.43775988 -0.77679998 38.28768158
v 7.00366020 -2.00089002 38.27869034
v 7.43775988 -2.32319999 38.65369034
v 7.43775988 -2.32319999 38.65369034
v 7.00366020 -2.00089002 38.27869034
v 6.96916008 -2.45479989 38.42168045
v 7.00366020 -2.00089002 38.27869034
v 7.43775988 -0.77679998 38.28768158
v 7.00366020 -0.78334999 38.03168106
v 7.43775988 0.81252998 38.29169083
v 7.00366020 0.45890999 38.00268936
v 7.43775988 -0.77679998 38.28768158
v 7.43775988 -0.77679998 38.28768158
v 7.00366020 0.45890999 38.00268936
v 7.00366020 -0.78334999 38.03168106
v 7.00366020 0.45890999 38.00268936
v 7.43775988 0.81252998 38.29169083
v 7.00366020 1.68717003 38.19369125
v 7.43775988 2.35678005 38.66769028
v 7.00366020 1.68717003 38.19369125
v 7.43775988 0.81252998 38.29169083
v 7.00366020 1.68717003 38.19369125
v 7.43775988 2.35678005 38.66769028
v 7.00366020 2.86303997 38.59968948
v 7.43775988 3.77077007 39.39268875
v 7.00366020 2.86303997 38.59968948
v 7.43775988 2.35678005 38.66769028
v 7.00366020 2.86303997 38.59968948
v 7.43775988 3.77077007 39.39268875
v 7.00366020 3.94911003 39.20568085
v 7.43775988 4.97596979 40.42869186
v 6.84236002 4.91953993 39.95969009
v 7.43775988 3.77077007 39.39268875
v 7.43775988 3.77077007 39.39268875
v 6.84236002 4.91953993 39.95969009
v 7.00366020 3.94911003 39.20568085
v 6.84236002 4.91953993 39.95969009
v 7.43775988 4.97596979 40.42869186
v 6.40045977 5.75340986 40.92668915
v 7.43775988 4.97596979 40.42869186
v 7.08420992 5.94669008 41.49869156
v 6.40045977 5.75340986 40.92668915
v 7.71646023 6.06130981 42.71467972
v 6.73065996 6.57047987 42.44668961
v 7.08420992 5.94669008 41.49869156
v 6.73065996 6.57047987 42.44668961
v 7.71646023 6.06130981 42.71467972
v 6.73065996 6.92842007 43.70069122
v 6.73065996 6.92842007 43.70069122
v 7.71646023 6.06130981 42.71467972
v 7.19536018 6.82799006 43.78868866
v 6.73065996 6.92842007 43.70069122
v 7.19536018 6.82799006 43.78868866
v 6.93336010 7.10943985 44.99969101
v 6.93336010 7.10943985 44.99969101
v 5.93955994 7.04910994 44.99969101
v 6.73065996 6.92842007 43.70069122
v 6.73065996 6.57047987 42.44668961
v 5.93955994 6.24091005 41.72169113
v 7.08420992 5.94669008 41.49869156
v 6.40045977 5.75340986 40.92668915
v 7.08420992 5.94669008 41.49869156
v 5.93955994 6.24091005 41.72169113
v 8.19565964 -1.39001000 39.16368866
v 8.06595993 -2.97472000 39.64068985
v 8.40295982 -2.25590992 39.68867874
v 8.19565964 -1.39001000 39.16368866
v 8.40295982 -2.25590992 39.68867874
v 8.53966045 -1.46623003 39.60467911
v 8.55655956 -0.11086000 39.43468094
v 8.19565964 -1.39001000 39.16368866
v 8.53966045 -1.46623003 39.60467911
v 8.19565964 -1.39001000 39.16368866
v 8.55655956 -0.11086000 39.43468094
v 8.19565964 0.05167000 39.00069046
v 8.54426003 1.25594997 39.55968094
v 8.19565964 0.05167000 39.00069046
v 8.55655956 -0.11086000 39.43468094
v 8.19565964 0.05167000 39.00069046
v 8.54426003 1.25594997 39.55968094
v 8.19565964 1.49065006 39.18867874
v 8.50776005 2.50568008 39.95367813
v 8.19565964 1.49065006 39.18867874
v 8.54426003 1.25594997 39.55968094
v 8.19565964 1.49065006 39.18867874
v 8.50776005 2.50568008 39.95367813
v 8.19565964 2.84198999 39.71667862
v 8.45765972 3.57720995 40.56069183
v 8.19565964 2.84198999 39.71667862
v 8.50776005 2.50568008 39.95367813
v 8.19565964 2.84198999 39.71667862
v 8.45765972 3.57720995 40.56069183
v 8.19565964 4.02715015 40.55369186
v 8.19565964 4.97672987 41.65068817
v 8.19565964 4.02715015 40.55369186
v 8.45765972 3.57720995 40.56069183
v 6.99346018 -4.00149012 39.23768997
v 7.60716009 -3.56947994 39.46268082
v 7.43775988 -2.32319999 38.65369034
v 7.43775988 -2.32319999 38.65369034
v 7.60716009 -3.56947994 39.46268082
v 8.06595993 -2.97472000 39.64068985
v 8.19565964 -1.39001000 39.16368866
v 7.43775988 -2.32319999 38.65369034
v 8.06595993 -2.97472000 39.64068985
v 7.43775988 -2.32319999 38.65369034
v 8.19565964 -1.39001000 39.16368866
v 7.43775988 -0.77679998 38.28768158
v 8.19565964 0.05167000 39.00069046
v 7.43775988 -0.77679998 38.28768158
v 8.19565964 -1.39001000 39.16368866
v 7.43775988 -0.77679998 38.28768158
v 8.19565964 0.05167000 39.00069046
v 7.43775988 0.81252998 38.29169083
v 8.19565964 1.49065006 39.18867874
v 7.43775988 0.81252998 38.29169083
v 8.19565964 0.05167000 39.00069046
v 7.43775988 0.81252998 38.29169083
v 8.19565964 1.49065006 39.18867874
v 7.43775988 2.35678005 38.66769028
v 8.19565964 2.84198999 39.71667862
v 7.43775988 2.35678005 38.66769028
v 8.19565964 1.49065006 39.18867874
v 7.43775988 2.35678005 38.66769028
v 8.19565964 2.84198999 39.71667862
v 7.43775988 3.77077007 39.39268875
v 8.19565964 4.02715015 40.55369186
v 7.43775988 3.77077007 39.39268875
v 8.19565964 2.84198999 39.71667862
v 7.43775988 3.77077007 39.39268875
v 8.19565964 4.02715015 40.55369186
v 7.43775988 4.97596979 40.42869186
v 8.19565964 4.97672987 41.65068817
v 7.43775988 4.97596979 40.42869186
v 8.19565964 4.02715015 40.55369186
v 7.43775988 4.97596979 40.42869186
v 8.19565964 4.97672987 41.65068817
v 7.08420992 5.94669008 41.49869156
v 7.71646023 6.06130981 42.71467972
v 7.00366020 3.94911003 44.99969101
v 7.00366020 3.94911003 39.20568085
v 6.85686016 4.87616014 44.99969101
v 6.85686016 4.87616014 44.99969101
v 7.00366020 3.94911003 39.20568085
v 6.84236002 4.91953993 39.95969009
v 6.85686016 4.87616014 44.99969101
v 6.84236002 4.91953993 39.95969009
v 6.43075991 5.71247005 44.99969101
v 6.43075991 5.71247005 44.99969101
v 6.84236002 4.91953993 39.95969009
v 6.40045977 5.75340986 40.92668915
v 6.43075991 5.71247005 44.99969101
v 6.40045977 5.75340986 40.92668915
v 5.76705980 6.37616014 44.99969101
v 5.76705980 6.37616014 44.99969101
v 6.40045977 5.75340986 40.92668915
v 5.93955994 6.24091005 41.72169113
v 5.76705980 6.37616014 44.99969101
v 5.93955994 6.24091005 41.72169113
v 5.50366020 6.54719019 42.67068863
v 5.76705980 6.37616014 44.99969101
v 5.50366020 6.54719019 42.67068863
v 4.93075991 6.80227995 44.99969101
v 4.93075991 6.80227995 44.99969101
v 5.50366020 6.54719019 42.67068863
v 5.03766012 6.76527023 43.41168976
v 4.93075991 6.80227995 44.99969101
v 5.03766012 6.76527023 43.41168976
v 4.00366020 6.94911003 44.99967957
v 7.00366020 -3.90968990 45.56869125
v 7.00366020 -0.00089000 44.99967957
v 7.00366020 -3.61239004 46.59968948
v 7.00366020 3.80367994 46.06167984
v 7.00366020 3.94911003 44.99969101
v 7.00366020 -3.91855001 44.49568939
v 7.00366020 3.94911003 39.20568085
v 7.00366020 -2.00089002 38.27869034
v 7.00366020 2.86303997 38.59968948
v 7.00366020 -2.00089002 39.42269135
v 7.00366020 1.68717003 38.19369125
v 7.00366020 -0.78334999 38.03168106
v 7.00366020 0.45890999 38.00268936
v 6.31436014 -7.37931013 34.23868942
v 4.68486023 -8.14346981 33.37068176
v 5.01416016 -8.44357967 32.71868134
v 5.01416016 -8.44357967 32.71868134
v 5.65496016 -8.25205994 32.34667969
v 6.31436014 -7.37931013 34.23868942
v 6.91395998 -7.18596983 33.86967087
v 6.31436014 -7.37931013 34.23868942
v 5.65496016 -8.25205994 32.34667969
v 4.68486023 -8.14346981 33.37068176
v 6.31436014 -7.37931013 34.23868942
v 5.72675991 -7.25891018 34.63368988
v 6.31436014 -7.37931013 34.23868942
v 6.91395998 -7.18596983 33.86967087
v 7.28495979 -6.21365976 35.90269089
v 7.28495979 -6.21365976 35.90269089
v 6.91395998 -7.18596983 33.86967087
v 7.85786009 -6.04027987 35.50568008
v 7.28495979 -6.21365976 35.90269089
v 5.72675991 -7.25891018 34.63368988
v 6.31436014 -7.37931013 34.23868942
v 8.27175999 -5.67265987 35.04867935
v 7.85786009 -6.04027987 35.50568008
v 7.14446020 -7.03138018 33.48968887
v 7.14446020 -7.03138018 33.48968887
v 7.85786009 -6.04027987 35.50568008
v 6.91395998 -7.18596983 33.86967087
v 5.72675991 -7.25891018 34.63368988
v 7.28495979 -6.21365976 35.90269089
v 6.77195978 -5.70593977 36.85168839
v 8.57056046 -4.78127003 36.21168900
v 8.27175999 -5.67265987 35.04867935
v 8.76546001 -4.19563007 35.80266953
v 8.27175999 -5.67265987 35.04867935
v 8.57056046 -4.78127003 36.21168900
v 8.12835979 -5.26917982 36.55168915
v 8.27175999 -5.67265987 35.04867935
v 8.12835979 -5.26917982 36.55168915
v 7.85786009 -6.04027987 35.50568008
v 7.28495979 -6.21365976 35.90269089
v 7.85786009 -6.04027987 35.50568008
v 8.12835979 -5.26917982 36.55168915
v 7.50006008 -5.59216976 36.77568817
v 7.28495979 -6.21365976 35.90269089
v 8.12835979 -5.26917982 36.55168915
v 7.28495979 -6.21365976 35.90269089
v 7.50006008 -5.59216976 36.77568817
v 6.77195978 -5.70593977 36.85168839
v 8.40295982 -2.25590992 39.68867874
v 8.76546001 -4.19563007 35.80266953
v 8.53966045 -1.46623003 39.60467911
v 8.06595993 -2.97472000 39.64068985
v 8.57056046 -4.78127003 36.21168900
v 8.40295982 -2.25590992 39.68867874
v 7.60716009 -3.56947994 39.46268082
v 8.12835979 -5.26917982 36.55168915
v 8.06595993 -2.97472000 39.64068985
v 7.50006008 -5.59216976 36.77568817
v 7.60716009 -3.56947994 39.46268082
v 6.99346018 -4.00149012 39.23768997
v 6.81585979 7.24996996 34.49967957
v 7.19536018 6.82799006 43.78868866
v 7.43665981 6.69810009 34.49367905
v 7.19536018 6.82799006 43.78868866
v 6.81585979 7.24996996 34.49967957
v 6.93336010 7.10943985 44.99969101
v 6.09575987 7.66057014 34.49866867
v 6.93336010 7.10943985 44.99969101
v 6.81585979 7.24996996 34.49967957
v 6.93336010 7.10943985 44.99969101
v 6.09575987 7.66057014 34.49866867
v 6.11965990 7.64028978 44.99969101
v 6.11965990 7.64028978 44.99969101
v 6.11965990 7.64028978 44.99969101
v 5.30645990 7.91390991 34.49866867
v 5.31396008 7.90772009 44.99969101
v 4.88895988 7.95342016 44.99969101
v 5.30645990 7.91390991 34.49866867
v 4.88895988 7.95342016 44.99969101
v 5.31396008 7.90772009 44.99969101
v 4.48445988 7.99911022 34.49768066
v 4.46387005 7.99911022 44.99967957
v 8.27175999 -5.67265987 35.04867935
v 8.89385986 -4.46978998 29.51968002
v 8.76546001 -4.19563007 35.80266953
v 5.93955994 7.04910994 44.99969101
v 5.31396008 7.90772009 44.99969101
v 6.11965990 7.64028978 44.99969101
v 6.93336010 7.10943985 44.99969101
v 4.68486023 -8.14346981 33.37068176
v 4.00366020 -5.02734995 37.82067871
v 3.54345989 -8.82176971 32.40167999
v 5.72675991 -7.25891018 34.63368988
v 5.36715984 -4.67315006 38.32667923
v 6.19986010 -4.04460001 39.22468948
v 6.77195978 -5.70593977 36.85168839
v 6.19986010 -4.04460001 39.22468948
v 6.77195978 -5.70593977 36.85168839
v 6.99346018 -4.00149012 39.23768997
v 8.94575977 1.60178006 35.04568100
v 8.45765972 3.57720995 40.56069183
v 8.50776005 2.50568008 39.95367813
v 8.54426003 1.25594997 39.55968094
v 8.54426003 1.25594997 39.55968094
v 8.96675968 -0.33818001 35.04568100
v 8.55655956 -0.11086000 39.43468094
v 8.53966045 -1.46623003 39.60467911
v 8.53966045 -1.46623003 39.60467911
v 8.76546001 -4.19563007 35.80266953
v 8.91905975 -2.27438998 35.04568100
v 8.53966045 -1.46623003 39.60467911
v 7.00366020 -2.00089002 38.27869034
v 7.00366020 -2.00089002 39.42269135
v 6.96916008 -2.45479989 38.42168045
v 6.85686016 -2.92797995 39.42269135
v 6.73065996 -3.25132990 38.74369049
v 7.00366020 -2.00089002 39.42269135
v 7.00366020 -2.00089002 39.42269135
v 6.73065996 -3.25132990 38.74369049
v 6.96916008 -2.45479989 38.42168045
v 6.43065977 -3.76429009 39.42269135
v 6.73065996 -3.25132990 38.74369049
v 6.85686016 -2.92797995 39.42269135
v 5.76696014 -4.42796993 39.42269135
v 6.19986010 -4.04460001 39.22468948
v 6.43065977 -3.76429009 39.42269135
v 6.43065977 -3.76429009 39.42269135
v 6.19986010 -4.04460001 39.22468948
v 6.73065996 -3.25132990 38.74369049
v 6.19986010 -4.04460001 39.22468948
v 5.76696014 -4.42796993 39.42269135
v 5.36715984 -4.67315006 38.32667923
v 5.36715984 -4.67315006 38.32667923
v 5.76696014 -4.42796993 39.42269135
v 4.00366020 -5.02734995 37.82067871
v 4.00366020 -5.00088978 39.42269135
v 4.00366020 -5.02734995 37.82067871
v 5.76696014 -4.42796993 39.42269135
v 6.60175991 -3.69701004 40.57769012
v 6.85686016 -2.92797995 39.42269135
v 7.00366020 -2.31087995 41.06269073
v 7.00366020 -2.31087995 41.06269073
v 6.85686016 -2.92797995 39.42269135
v 7.00366020 -2.00089002 39.42269135
v 7.00366020 -2.31087995 41.06269073
v 7.00366020 -2.49593997 41.59167862
v 6.60175991 -3.69701004 40.57769012
v 6.60175991 -3.69701004 40.57769012
v 7.00366020 -2.49593997 41.59167862
v 7.00366020 -3.09028006 42.53868866
v 6.60175991 -3.69701004 40.57769012
v 7.00366020 -3.09028006 42.53868866
v 6.75609016 -3.81534004 41.96068954
v 6.43075991 -4.46942997 41.43968964
v 6.60175991 -3.69701004 40.57769012
v 6.75609016 -3.81534004 41.96068954
v 6.85686016 -2.92797995 39.42269135
v 6.60175991 -3.69701004 40.57769012
v 6.43065977 -3.76429009 39.42269135
v 5.50366020 -4.73356009 40.21569061
v 5.76696014 -4.42796993 39.42269135
v 6.60175991 -3.69701004 40.57769012
v 6.60175991 -3.69701004 40.57769012
v 5.76696014 -4.42796993 39.42269135
v 6.43065977 -3.76429009 39.42269135
v 6.60175991 -3.69701004 40.57769012
v 6.43075991 -4.46942997 41.43968964
v 5.50366020 -4.73356009 40.21569061
v 5.50366020 -4.73356009 40.21569061
v 6.43075991 -4.46942997 41.43968964
v 5.48825979 -5.09961987 40.93769073
v 5.50366020 -4.73356009 40.21569061
v 5.48825979 -5.09961987 40.93769073
v 4.00366020 -5.00088978 39.42269135
v 5.50366020 -4.73356009 40.21569061
v 4.00366020 -5.00088978 39.42269135
v 5.76696014 -4.42796993 39.42269135
v 4.00366020 -5.43663979 40.66868973
v 4.00366020 -5.00088978 39.42269135
v 5.48825979 -5.09961987 40.93769073
v 6.00366020 -7.69759989 7.99968004
v 6.00400019 4.02117014 8.04467964
v 6.00366020 4.40364981 7.39368010
v 6.00366020 4.86318016 6.60167980
v 6.00366020 5.96671009 5.62369013
v 6.00366020 6.94911003 4.50618982
v 6.00366020 7.31252003 3.24218988
v -5.99998999 -7.69759989 7.99969006
v -6.00000000 4.02117014 8.04467964
v -5.99998999 4.40364981 7.39368010
v -5.99998999 4.86318016 6.60167980
v -6.00000000 5.96671009 5.62369013
v -6.00000000 6.94911003 4.50618982
v -6.00000000 7.31252003 3.24218988
v -6.99998999 3.37760997 47.04568100
v -6.99998999 2.70194006 47.87968063
v -6.99998999 1.82714999 48.50167847
v -6.99998999 0.81734002 48.86368179
v -6.99998999 -0.25281999 48.94168091
v -6.99998999 -1.30440998 48.72867966
v -6.99998999 -2.25983000 48.23968887
v 7.00366020 -3.04854989 47.51268005
v 7.00366020 -2.25983000 48.23968887
v 7.00366020 -1.30440998 48.72867966
v 7.00366020 -0.25281999 48.94168091
v 7.00366020 0.81734002 48.86368179
v 7.00366020 1.82714999 48.50167847
v 7.00366020 2.70194006 47.87968063
v 7.00366020 3.37760997 47.04568100
v 7.00366020 -3.63839006 43.45969009
v 7.00366020 -3.09028006 42.53868866
v 7.00366020 -2.49593997 41.59167862
v 7.00366020 -2.31087995 41.06269073
v -5.72829008 3.74310994 9.00368023
v -4.32394981 5.11941004 8.41996956
v -5.41369009 3.62295008 9.41469002
v -4.99998999 3.65197992 9.71969032
v -5.41369009 3.62295008 9.41469002
v -4.32394981 5.11941004 8.41996956
v -4.99998999 3.65197992 9.71969032
v -4.32394981 5.11941004 8.41996956
v -4.68299007 3.85204005 9.87969017
v -4.34568977 4.09221983 9.96969032
v -4.68299007 3.85204005 9.87969017
v -4.32394981 5.11941004 8.41996956
v -4.34568977 4.09221983 9.96969032
v -4.32394981 5.11941004 8.41996956
v -3.99998999 4.25197983 9.99969006
v 5.41735983 3.62295008 9.41469002
v 4.32487011 5.06447983 8.40697002
v 5.73195982 3.74310994 9.00368023
v 5.00366020 3.81254005 9.73169041
v 4.32487011 5.06447983 8.40697002
v 5.41735983 3.62295008 9.41469002
v 5.00366020 3.81254005 9.73169041
v 4.68665981 3.94589996 9.87969017
v 4.32487011 5.06447983 8.40697002
v 4.68665981 3.94589996 9.87969017
v 4.34935999 4.09318018 9.96969032
v 4.32487011 5.06447983 8.40697002
v 4.00366020 4.25152016 9.99969006
v 4.32487011 5.06447983 8.40697002
v 4.34935999 4.09318018 9.96969032
v 4.00366020 4.25152016 9.99969006
v -4.32394981 5.11941004 8.41996956
v 4.32487011 5.06447983 8.40697002
v 4.00366020 4.25152016 9.99969006
v -3.99998999 4.25197983 9.99969006
v 0.00346000 -9.63918972 31.23468018
v -1.16228998 -9.55490017 31.35467911
v -2.34909010 -9.28969955 31.73368073
v 1.16595995 -9.55490017 31.35467911
v 2.35276008 -9.28969955 31.73368073
v -7.35780001 3.50247002 -5.79601002
v -6.00000000 5.49692011 -5.79130983
v -6.00000000 4.49860001 -6.61500978
v -7.35780001 3.50247002 -5.79601002
v -6.00000000 4.49860001 -6.61500978
v -6.00000000 3.35892010 -7.26061010
v 6.00366020 4.49860001 -6.61500978
v 7.36146021 3.50247002 -5.79601002
v 6.00366020 3.35892010 -7.26061010
v 6.00366020 4.49860001 -6.61500978
v 6.00366020 5.49692011 -5.79130983
v 7.36146021 3.50247002 -5.79601002
v -9.93270016 -1.15878999 -0.00031000
v 9.93336010 1.15514004 -0.00031000
v 6.02385998 7.68740988 9.16469002
v 7.06826019 7.04524994 7.66968012
v 5.65006018 6.94911003 8.25267982
v 6.60296011 7.38662004 23.99967957
v 7.06826019 7.04524994 7.66968012
v 6.02385998 7.68740988 9.16469002
v -4.45074987 6.64691019 6.24218988
v -3.63358998 6.44434977 6.42669010
v -4.38520002 6.06216002 6.65668011
v -3.63358998 6.44434977 6.42669010
v -3.63319993 5.95390987 6.88068008
v -4.38520002 6.06216002 6.65668011
f 1 2 3
f 4 5 6
f 7 8 9
f 10 11 12
f 13 8 7
f 14 15 16
f 17 18 19
f 20 21 22
f 23 24 25
f 21 26 22
f 27 28 29
f 30 31 32
f 33 34 35
f 36 37 38
f 39 40 41
f 42 43 44
f 45 42 44
f 46 47 48
f 49 50 51
f 52 53 54
f 55 56 57
f 58 59 60
f 61 62 63
f 64 65 66
f 67 68 69
f 70 67 69
f 71 72 73
f 74 75 76
f 77 78 79
f 80 81 82
f 83 84 85
f 86 87 88
f 89 90 91
f 92 93 94
f 95 96 97
f 98 99 100
f 101 102 103
f 104 105 106
f 107 108 109
f 110 111 112
f 113 114 115
f 116 117 118
f 119 120 121
f 122 123 124
f 125 126 127
f 128 129 130
f 131 132 133
f 134 135 136
f 137 138 139
f 140 141 142
f 143 144 145
f 146 147 148
f 149 150 151
f 152 153 154
f 155 156 157
f 158 159 160
f 161 162 163
f 164 165 166
f 167 168 169
f 170 171 172
f 173 174 175
f 176 177 178
f 178 179 176
f 179 180 181
f 182 181 180
f 180 183 182
f 184 182 183
f 183 185 184
f 186 184 185
f 185 187 186
f 188 186 187
f 187 189 188
f 190 188 189
f 189 191 190
f 191 192 190
f 190 192 193
f 192 194 193
f 194 195 193
f 196 197 198
f 199 200 201
f 202 203 204
f 205 206 207
f 149 151 208
f 209 210 211
f 212 213 214
f 215 216 217
f 218 219 220
f 221 222 223
f 224 225 226
f 227 228 229
f 230 231 232
f 233 231 230
f 234 231 233
f 235 231 234
f 236 235 234
f 235 236 237
f 236 238 237
f 238 236 239
f 240 239 236
f 239 240 241
f 242 241 240
f 241 242 243
f 244 243 242
f 243 244 245
f 246 245 244
f 247 248 246
f 248 247 249
f 250 251 252
f 253 254 255
f 256 257 258
f 259 260 261
f 262 263 264
f 265 266 267
f 268 269 270
f 271 272 273
f 274 275 276
f 277 278 279
f 280 281 282
f 283 284 285
f 286 287 288
f 289 290 291
f 292 293 294
f 295 296 297
f 298 299 300
f 301 302 303
f 304 305 306
f 307 308 309
f 310 311 312
f 313 314 315
f 316 317 318
f 319 320 321
f 322 323 324
f 325 326 327
f 328 329 330
f 331 332 333
f 334 335 336
f 337 338 339
f 340 341 342
f 343 344 345
f 346 347 348
f 349 350 351
f 352 353 354
f 354 353 355
f 356 357 358
f 359 360 361
f 362 363 364
f 365 366 367
f 368 369 370
f 371 372 373
f 374 375 376
f 377 378 379
f 379 378 380
f 381 382 383
f 384 385 386
f 387 388 389
f 390 391 392
f 393 394 395
f 396 397 398
f 28 399 395
f 27 399 28
f 399 393 395
f 400 401 402
f 399 403 404
f 399 404 405
f 406 407 408
f 409 410 411
f 412 413 414
f 415 416 417
f 418 419 420
f 421 422 423
f 424 425 426
f 427 428 429
f 430 423 422
f 431 432 433
f 434 435 436
f 437 438 439
f 440 441 442
f 443 444 445
f 446 445 444
f 447 448 449
f 450 451 452
f 453 454 455
f 456 457 458
f 459 460 461
f 462 463 464
f 465 466 467
f 468 469 470
f 471 461 460
f 472 473 474
f 475 476 477
f 478 479 480
f 481 482 483
f 484 480 479
f 485 486 487
f 488 489 490
f 491 492 493
f 494 495 496
f 497 498 499
f 500 501 502
f 503 504 505
f 506 499 498
f 507 508 509
f 510 511 512
f 513 514 515
f 516 517 518
f 519 520 521
f 522 523 524
f 525 526 527
f 528 529 530
f 531 532 533
f 534 535 536
f 537 538 539
f 540 541 542
f 543 536 535
f 544 545 546
f 547 548 549
f 550 551 552
f 553 554 555
f 556 557 558
f 559 560 561
f 562 558 557
f 563 564 565
f 566 567 568
f 569 570 571
f 572 573 574
f 575 576 577
f 578 579 580
f 581 571 570
f 582 583 584
f 585 586 587
f 588 589 590
f 591 592 593
f 594 595 596
f 597 596 595
f 598 599 600
f 601 602 603
f 604 605 606
f 607 608 609
f 610 611 612
f 613 614 615
f 616 617 618
f 619 612 611
f 620 621 622
f 623 624 625
f 626 627 628
f 629 630 631
f 632 633 634
f 635 636 637
f 638 639 640
f 641 642 643
f 644 645 646
f 647 648 649
f 650 651 652
f 653 654 655
f 656 657 658
f 659 658 657
f 660 661 662
f 663 662 661
f 664 665 666
f 667 666 665
f 668 669 670
f 671 670 669
f 672 673 674
f 675 674 673
f 676 677 678
f 679 678 677
f 680 681 682
f 683 682 681
f 684 685 686
f 687 686 685
f 688 689 690
f 691 690 689
f 692 693 694
f 695 694 693
f 696 697 698
f 699 698 697
f 700 701 702
f 703 702 701
f 704 705 706
f 707 706 705
f 708 709 710
f 711 708 710
f 712 713 710
f 714 711 710
f 715 406 408
f 408 716 715
f 717 718 719
f 720 721 722
f 723 724 725
f 726 727 728
f 729 730 731
f 732 733 734
f 735 736 737
f 738 739 740
f 741 742 743
f 743 744 741
f 745 746 747
f 748 749 750
f 751 747 746
f 752 753 754
f 755 756 757
f 758 759 760
f 761 762 763
f 764 765 766
f 767 768 769
f 770 771 772
f 773 774 775
f 776 777 778
f 779 780 781
f 778 782 776
f 783 784 785
f 786 787 788
f 789 790 791
f 784 792 793
f 794 795 796
f 797 798 799
f 800 801 802
f 803 804 805
f 806 807 808
f 809 810 811
f 812 813 814
f 815 816 817
f 818 819 820
f 821 822 823
f 824 825 826
f 827 828 829
f 830 831 832
f 833 834 835
f 836 837 838
f 839 840 841
f 842 843 844
f 845 846 847
f 848 849 850
f 851 852 853
f 854 855 856
f 857 858 859
f 860 861 862
f 863 864 865
f 866 867 868
f 869 870 871
f 872 873 874
f 875 876 877
f 878 879 880
f 881 882 883
f 884 885 886
f 887 888 889
f 890 891 892
f 893 894 895
f 896 897 898
f 899 900 901
f 902 903 904
f 905 906 907
f 908 909 910
f 911 912 913
f 911 913 914
f 915 916 917
f 918 919 920
f 921 922 923
f 924 925 926
f 927 928 929
f 930 931 932
f 393 399 405
f 933 934 935
f 284 936 285
f 937 938 939
f 279 940 277
f 941 942 943
f 225 224 944
f 945 946 947
f 948 949 950
f 951 952 953
f 954 955 956
f 207 957 205
f 958 959 960
f 141 140 961
f 962 963 964
f 135 134 965
f 966 967 968
f 27 403 399
f 969 970 971
f 972 973 974
f 975 976 977
f 978 979 980
f 981 982 983
f 984 985 986
f 987 988 989
f 987 989 990
f 991 992 993
f 994 995 996
f 997 998 999
f 1000 1001 1002
f 1003 1004 1005
f 1006 1007 1008
f 1009 1010 1011
f 1012 1013 1014
f 1015 1016 1017
f 1018 1019 1020
f 1021 1022 1023
f 1024 1025 1026
f 1027 1028 1029
f 1030 1031 1032
f 1033 1034 1035
f 1036 1037 1038
f 1039 1040 1041
f 1042 1043 1044
f 1045 1046 1047
f 1048 1049 1050
f 1051 1052 1053
f 1054 1055 1056
f 1057 1058 1059
f 1060 1061 1062
f 1063 1064 1065
f 1066 1067 1068
f 1069 1070 1071
f 1072 1073 1074
f 1075 1076 1077
f 1078 1079 1080
f 1081 1082 1083
f 1084 1085 1086
f 1087 1088 1089
f 1090 1091 1092
f 1093 1094 1095
f 1096 1097 1098
f 1099 1100 1101
f 1102 1103 1104
f 1105 1106 1107
f 1108 1109 1110
f 1111 1112 1113
f 1114 1115 1116
f 1117 1118 1119
f 1120 1121 1122
f 1123 1124 1125
f 1126 1127 1128
f 1129 1130 1131
f 1132 1133 1134
f 1135 1136 1137
f 1138 1139 1129
f 1140 1141 1142
f 1143 1144 1145
f 1141 1140 1146
f 1147 1148 1149
f 1150 1151 1152
f 1153 1154 1155
f 1156 1157 1158
f 1159 1160 1161
f 1162 1163 1164
f 1165 1166 1167
f 1168 1169 1170
f 1171 1172 1173
f 1174 1175 1176
f 1177 1173 1172
f 1178 1179 1180
f 1179 1178 1181
f 1182 1183 1184
f 1185 1186 1187
f 1188 1189 1190
f 1191 1192 1193
f 1194 1195 1196
f 1197 1198 1199
f 1200 1201 1202
f 1202 1201 1203
f 1203 1201 1204
f 1205 1206 1207
f 1208 1205 1207
f 1209 1210 1211
f 1212 1213 1214
f 1215 1216 1217
f 1218 1219 1220
f 1212 1214 1221
f 1221 1222 1223
f 1223 1224 1225
f 1222 1224 1223
f 1226 1227 1228
f 1229 1230 1231
f 1232 1233 1234
f 1235 1236 1237
f 1238 1239 1240
f 1241 1242 1243
f 1244 1245 1246
f 1247 1248 1249
f 1250 1251 1252
f 1253 1254 1255
f 1256 1257 1258
f 1259 1260 1261
f 1262 1263 1264
f 1265 1266 1267
f 1268 1269 1270
f 1271 1272 1273
f 1274 1275 1276
f 1277 1278 1279
f 1280 1281 1282
f 1283 1284 1285
f 1286 1285 1284
f 1287 1288 1289
f 1290 1291 1292
f 1293 1294 1295
f 1296 1297 1298
f 1299 1300 1301
f 1302 1303 1304
f 1305 1306 1307
f 1308 1309 1310
f 1311 1312 1224
f 1312 1225 1224
f 1313 1312 1311
f 1314 1313 1315
f 1313 1316 1315
f 1317 1318 1319
f 1314 1315 1320
f 1321 1322 1323
f 1324 1325 1326
f 1327 397 396
f 1328 1329 1330
f 1331 1332 1333
f 1334 1335 1336
f 1337 1338 1339
f 1340 1341 1342
f 1343 1344 1345
f 1346 1347 1348
f 1349 1350 1351
f 1352 1353 1354
f 1355 1356 1357
f 1358 1359 1360
f 1361 1362 1363
f 1364 1365 1366
f 1367 1368 1369
f 1370 1371 1372
f 1373 1374 1375
f 1376 1377 1378
f 1379 1380 1381
f 1382 1379 1381
f 1383 1384 1385
f 1386 1387 1388
f 1389 1390 1391
f 1392 1393 1394
f 1395 1396 1397
f 1398 1399 1400
f 1401 1402 1403
f 1404 1405 1406
f 1407 1408 1409
f 1410 1411 1412
f 1413 1414 1415
f 1416 1417 1418
f 1419 1420 1421
f 1422 1423 1424
f 1425 1426 1427
f 1428 1429 1430
f 1431 1432 1433
f 1434 1435 1436
f 1437 1438 1439
f 1440 1441 1442
f 1443 1444 1445
f 1446 1447 1448
f 1449 1450 1451
f 1452 1453 1454
f 1455 1456 1457
f 1458 1459 1460
f 1461 1462 1463
f 1464 1465 1466
f 1467 1468 1469
f 1470 1471 1472
f 1473 1474 1475
f 1476 1477 1478
f 1479 1480 1481
f 1482 1483 1484
f 1485 1486 1487
f 1488 1489 1490
f 1491 1492 1493
f 1494 1495 1496
f 1314 1497 1498
f 1320 1497 1314
f 1499 1209 1211
f 1500 1501 1502
f 1503 1504 1505
f 1506 1507 1508
f 1509 1510 1511
f 1512 1513 1514
f 1515 1516 1517
f 1518 1519 1520
f 1521 1522 1523
f 1524 1525 1526
f 1527 1528 1529
f 1530 1531 1532
f 1533 1534 1535
f 1536 1537 1538
f 1539 1540 1541
f 1542 1543 1544
f 181 176 179
f 1545 190 193
f 1546 1547 1548
f 1549 1550 1551
f 1552 1553 1554
f 1555 1556 1557
f 1558 1559 1560
f 245 246 248
f 1561 1562 1563
f 1564 1565 1566
f 1567 1568 1569
f 1570 1571 1572
f 1573 1574 1575
f 1576 1577 1578
f 1579 1580 1581
f 1582 1583 1584
f 1585 1586 1587
f 1588 1589 1590
f 1591 1592 1593
f 1594 1595 1596
f 1597 1598 1599
f 1600 1601 1602
f 1603 1604 1605
f 1327 396 1606
f 1607 1608 1609
f 1610 1611 1612
f 1613 1614 1615
f 1616 1614 1613
f 1617 1618 1619
f 1620 1621 1622
f 1623 1624 1625
f 1626 1627 1628
f 1629 1630 1631
f 1632 1633 1634
f 1635 1633 1632
f 1636 1637 1638
f 1639 1640 1641
f 1642 1643 1644
f 1645 1646 1647
f 1648 231 235
f 1649 1650 1651
f 1652 1653 1654
f 1655 1656 1657
f 308 1658 309
f 1659 893 895
f 1660 1661 1662
f 1663 1664 1665
f 1666 1667 1668
f 1669 1670 1671
f 1672 1673 1674
f 1675 1676 1677
f 1678 1679 1680
f 1681 1682 1683
f 1684 1685 1686
f 1687 1688 1689
f 1690 1691 1692
f 1693 1694 1695
f 1696 1697 1698
f 1699 1700 1701
f 1702 1703 1704
f 1705 1706 1707
f 1708 1709 1710
f 1711 1712 1713
f 1714 1007 1006
f 115 114 1715
f 1716 1717 1718
f 1719 1654 1653
f 1720 1721 1722
f 1723 1724 1725
f 1726 1545 193
f 1727 1728 1729
f 1730 1731 1732
f 1733 1734 1735
f 1736 1737 1738
f 1739 1740 1741
f 1740 1742 1741
f 1743 1744 1745
f 1746 1747 1748
f 1749 1750 1751
f 1752 1753 1754
f 1755 1756 1757
f 1758 1759 1760
f 1759 1761 1760
f 1762 1763 1764
f 1765 1766 1767
f 1768 1767 1766
f 1769 1770 1771
f 1772 1773 1774
f 402 401 1775
f 1776 1777 1778
f 1779 1778 1777
f 1780 1781 1782
f 1783 1784 1785
f 1786 1787 1788
f 1789 1790 1791
f 1792 1793 1794
f 1795 1796 1797
f 1798 1799 1800
f 1801 1802 1803
f 1804 1805 1806
f 1807 1808 1809
f 1810 1811 1812
f 1813 1814 1815
f 1816 1817 1818
f 1819 1820 1821
f 1822 1823 1824
f 1825 1826 1827
f 1828 1829 1830
f 1831 1832 1833
f 1834 1835 1836
f 1837 1838 1839
f 1840 1841 1842
f 1843 1844 1845
f 1846 1847 1848
f 1849 1850 1851
f 1173 1177 1852
f 1853 1854 1855
f 1855 1854 1856
f 1163 1162 1857
f 1856 1858 1859
f 1859 1858 1860
f 1861 1862 1863
f 1864 1865 1866
f 1867 1866 1865
f 1868 1869 1867
f 1865 1868 1867
f 1868 1870 1869
f 1871 1872 1873
f 1873 1872 1874
f 1875 1873 1874
f 715 716 1875
f 1874 715 1875
f 1876 1877 1878
f 1879 1880 1876
f 968 967 1881
f 1882 1883 1884
f 964 963 1885
f 1886 1887 1888
f 1889 1890 1891
f 1892 1893 1894
f 1895 1896 1897
f 1898 1899 1900
f 1901 1902 1903
f 1904 1905 1906
f 1907 1908 1909
f 1910 1911 1912
f 1913 1914 1915
f 1916 1917 1918
f 1919 1920 1921
f 1922 1923 1924
f 1925 1926 1927
f 1928 1929 1930
f 1931 1932 1933
f 1934 1935 1936
f 1937 1938 1939
f 1940 1941 1942
f 1942 1943 1940
f 1944 1940 1943
f 1945 1946 1944
f 1943 1945 1944
f 1947 1948 710
f 1948 714 710
f 1946 1945 1949
f 1946 1949 1950
f 1946 1950 1947
f 1946 1947 710
f 713 1946 710
f 1951 1952 1953
f 1954 1955 1956
f 1957 1958 1959
f 1960 1961 1962
f 1963 1964 1965
f 1966 1967 1968
f 1969 1970 1971
f 1972 1973 1974
f 1975 1976 1977
f 1978 1979 1980
f 1981 1982 1983
f 1984 1983 1982
f 1985 1986 1987
f 1988 1989 1990
f 1991 1992 1993
f 1994 1995 1996
f 1997 1998 1999
f 2000 2001 2002
f 2003 2004 2005
f 2006 2007 2008
f 2009 2010 2011
f 2012 2013 2014
f 2015 2016 2017
f 2018 2019 2020
f 2021 2022 2023
f 2024 2025 2026
f 2027 2028 2029
f 2030 2031 2032
f 2033 2034 2035
f 2036 2037 2038
f 2039 2040 2041
f 2042 2043 2044
f 2045 2046 2047
f 2048 2049 2050
f 2051 2052 2053
f 2054 2055 2056
f 2057 2058 2059
f 2060 2061 2062
f 2063 2064 2065
f 2066 2067 2068
f 2069 2070 2071
f 2072 2073 2074
f 2075 2076 2077
f 2078 2079 2080
f 2081 2082 2083
f 2084 2085 2086
f 2087 2088 2089
f 2090 2091 2092
f 2093 2094 2095
f 2096 2097 2098
f 2099 2100 2101
f 2102 2103 2104
f 2105 2106 2107
f 2108 2109 2110
f 2111 2112 2113
f 2114 2115 2116
f 2117 2118 2119
f 2120 2121 2122
f 2123 2124 2125
f 2126 2127 2128
f 2129 2130 2131
f 2132 2133 2134
f 2135 2136 2137
f 2138 2139 2140
f 2141 2142 2143
f 2144 2145 2146
f 2147 2148 2149
f 2150 2149 2148
f 2151 2152 2153
f 2154 2155 2156
f 2157 2158 2159
f 2160 521 520
f 2161 2162 2163
f 2164 2165 2166
f 2167 2168 2169
f 2170 2171 2172
f 2173 2174 2175
f 2176 2177 2178
f 2179 2180 2181
f 2182 2183 2184
f 2185 2186 2187
f 2188 2189 2190
f 2191 2192 2193
f 2194 2195 2196
f 2197 2198 2199
f 981 983 2200
f 2201 2202 2203
f 2204 404 403
f 2205 2206 2207
f 2208 2209 2210
f 2211 2212 2213
f 2214 2215 2216
f 2217 2218 2219
f 2220 2221 2222
f 2223 2224 2225
f 2226 2227 2228
f 2229 405 404
f 2230 2231 2232
f 918 2233 919
f 2234 2235 2236
f 2237 2238 2239
f 2240 2241 2242
f 2243 2244 2245
f 2246 2247 2248
f 2249 2250 2251
f 2252 2253 2254
f 2255 2256 2257
f 2258 2259 2260
f 2261 2262 2263
f 2264 2265 2266
f 2267 2268 2269
f 2270 2271 2272
f 2273 2274 2275
f 2276 2277 2278
f 2279 2280 2281
f 2282 2283 2284
f 2285 2286 2287
f 2288 2275 2274
f 2289 2290 2291
f 2292 2293 2294
f 2295 2296 2297
f 2298 2299 2300
f 2301 2302 2303
f 2293 2292 2304
f 2305 2306 2307
f 2308 2309 2310
f 2311 2312 2313
f 2314 2315 2316
f 2317 2318 2319
f 2320 2321 2322
f 2323 2324 2325
f 2326 2327 2328
f 2329 2330 2331
f 2332 2333 2334
f 2335 2336 2337
f 2338 2339 2340
f 2341 2342 2343
f 2344 2345 2346
f 2347 2348 2349
f 2350 2351 2352
f 2353 2354 2355
f 2356 2357 2358
f 2359 2360 2361
f 2362 2363 2364
f 2365 2366 2367
f 2368 2369 2370
f 2371 2372 2373
f 2374 2375 2376
f 2377 2378 2379
f 2380 2381 2382
f 2383 2384 2385
f 2386 2387 2388
f 2389 2390 2391
f 2392 2393 2394
f 2395 2396 2397
f 2398 2399 2400
f 2401 2402 2403
f 2404 2405 2406
f 2407 2408 2409
f 2410 2411 2412
f 2413 2414 2415
f 2416 2417 2418
f 2419 2420 2421
f 2422 2423 2424
f 2425 2426 2427
f 2428 2429 2430
f 2431 2432 2433
f 2434 2435 2436
f 2437 2438 2439
f 2440 2441 2442
f 2443 2444 2445
f 2446 2447 2448
f 2449 2450 2451
f 2452 2453 2454
f 2455 2456 2457
f 2458 2459 2460
f 2461 2462 2463
f 2464 2465 2466
f 2467 2468 2469
f 2470 2471 2472
f 2473 2474 2475
f 2476 2475 2474
f 2477 2478 2479
f 2480 2481 2482
f 2483 2484 2485
f 2486 2487 2488
f 2489 2490 2491
f 2492 2493 2494
f 2495 2496 2497
f 2498 2499 2500
f 2501 2502 2503
f 2504 2505 2506
f 2507 2508 2509
f 2510 2508 2511
f 2512 2508 2507
f 2511 2508 2513
f 2514 2515 2516
f 2516 2515 2513
f 2515 2514 2517
f 2518 2517 2514
f 2517 2518 2519
f 2520 2521 2522
f 2523 2524 2525
f 2526 2527 2528
f 2529 2530 2531
f 2532 2533 2534
f 2535 2536 2537
f 2538 2539 2540
f 2541 2542 2543
f 2544 2545 2546
f 2547 2548 2549
f 2550 2551 2552
f 2553 2554 2555
f 2556 2557 2558
f 2559 2560 2561
f 2562 2563 2564
f 2565 2566 2567
f 2568 2569 2570
f 2571 2572 2573
f 2574 2575 2576
f 2577 2578 2579
f 2580 2581 2582
f 2583 2584 2585
f 2586 2587 2588
f 2589 2590 2591
f 938 2592 939
f 2593 2594 2595
f 934 2596 935
f 2597 2598 2599
f 2600 2601 2598
f 2602 2603 2604
f 2605 2606 406
f 2606 407 406
f 2606 2605 2607
f 2608 2607 2605
f 2609 2610 2611
f 2612 2613 2609
f 2609 2613 2610
f 2613 2612 2614
f 2615 2614 2612
f 2616 2617 2618
f 2619 2620 2621
f 2622 2619 2621
f 760 2623 758
f 2624 2622 2625
f 2626 2624 2625
f 747 2627 745
f 2628 2629 2630
f 2631 2632 2633
f 2634 2635 2636
f 2637 2638 2639
f 2640 2641 2642
f 2643 2644 2645
f 2646 2647 2648
f 2649 2650 2651
f 2652 2653 2654
f 2655 2656 2657
f 2658 2659 2660
f 2661 2662 2663
f 2664 2665 2666
f 2667 2668 2669
f 2670 2671 2672
f 2673 2674 2675
f 2676 2677 2678
f 2679 2680 2681
f 2682 2683 2684
f 2685 2686 2687
f 2688 2689 2690
f 2691 2692 2693
f 2694 2695 2696
f 2697 2698 2699
f 231 1648 2700
f 231 2700 2701
f 231 2701 2702
f 231 2702 2703
f 231 2703 2704
f 231 2704 2705
f 2705 2706 231
f 2707 1726 193
f 2707 193 2708
f 193 2709 2708
f 193 2710 2709
f 193 2711 2710
f 193 2712 2711
f 2712 193 2713
f 195 2713 193
f 2706 232 231
f 2714 712 710
f 2715 2714 710
f 2716 2715 710
f 2717 2716 710
f 2718 2717 710
f 2718 710 2719
f 2719 710 2720
f 2720 710 709
f 2508 2721 2509
f 2508 2722 2721
f 2508 2723 2722
f 2508 2724 2723
f 2508 2725 2724
f 2508 2726 2725
f 2508 2727 2726
f 2508 2728 2727
f 2508 2510 2728
f 2508 2512 2729
f 2508 2729 2730
f 2508 2730 2731
f 2508 2731 2732
f 2508 2732 2516
f 2508 2516 2513
f 2733 2734 2735
f 2736 2737 2738
f 2739 2740 2741
f 2742 2743 2744
f 2745 2746 2747
f 2748 2749 2750
f 2751 2752 2753
f 2754 2755 2756
f 2757 2758 2759
f 2760 2761 2762
f 2763 2764 2765
f 2766 2767 1494
f 1869 2768 2610
f 1869 2769 2768
f 1869 2770 2769
f 1869 1870 2770
f 2610 2768 2771
f 2610 2771 2772
f 2610 2772 2611
f 2773 2774 2775
f 2776 2777 2778
f 2779 2780 2781
f 2782 2783 2784
f 2785 210 209
f 220 219 2786
f 2787 2788 2789
f 2790 2791 2792
f 2793 2794 2795
f 2796 2797 2798

