# https://github.com/mikedh/trimesh
v 21.39876916 -14.07536983 193.46409607
v 26.57818010 -14.08800030 203.14840698
v 26.09095933 -14.14846039 193.49139404
v 28.38635995 -14.16117001 201.17919922
v 29.23326089 -14.16401005 196.74180603
v 27.46582010 -14.16783047 194.22709656
v 27.46582010 -14.16783047 194.22709656
v 27.46582010 -14.16783047 194.22709656
v 29.23326089 -14.16401005 196.74180603
v 28.55604913 -14.16392994 195.33970642
v 29.69033029 -29.98163986 197.55650330
v 29.12687089 -29.98900986 195.95770264
v 29.23326089 -14.16401005 196.74180603
v 29.12687089 -29.98900986 195.95770264
v 28.55604913 -14.16392994 195.33970642
v 29.23326089 -14.16401005 196.74180603
v 29.12687089 -29.98900986 195.95770264
v 28.15232064 -30.70989990 194.19760132
v 28.55604913 -14.16392994 195.33970642
v 21.49189927 -35.58554840 193.14100647
v 21.39876916 -14.07536983 193.46409607
v 25.48686959 -30.31977081 193.18290710
v 25.48686959 -30.31977081 193.18290710
v 26.09095933 -14.14846039 193.49139404
v 27.46582010 -14.16783047 194.22709656
v 25.48686959 -30.31977081 193.18290710
v 27.46582010 -14.16783047 194.22709656
v 27.11713960 -30.73168945 193.51229858
v 27.46582010 -14.16783047 194.22709656
v 28.15232064 -30.70989990 194.19760132
v 27.11713960 -30.73168945 193.51229858
v 28.15232064 -30.70989990 194.19760132
v 27.46582010 -14.16783047 194.22709656
v 28.55604913 -14.16392994 195.33970642
v 21.49189927 -35.58554840 193.14100647
v 21.12270906 -28.88792992 193.14219666
v 21.39876916 -14.07536983 193.46409607
v 21.39876916 -14.07536983 193.46409607
v 26.09095933 -14.14846039 193.49139404
v 25.48686959 -30.31977081 193.18290710
v 10.70530965 -20.04277992 200.90139771
v 15.37032964 -19.99501991 188.33479309
v -15.38684008 -19.99488068 188.33470154
v -21.49515937 -28.98937035 193.14100647
v -26.23435042 -14.14846992 193.49139404
v -21.49510978 -19.99485016 193.14100647
v -28.13088057 -30.71404076 194.17500305
v -27.60922072 -14.16784000 194.22709656
v -27.01769088 -30.10811043 193.73959351
v -27.60922072 -14.16784000 194.22709656
v -26.23435042 -14.14846992 193.49139404
v -27.01769088 -30.10811043 193.73959351
v -26.23435042 -14.14846992 193.49139404
v -25.83313010 -30.16363907 193.28689575
v -27.01769088 -30.10811043 193.73959351
v -26.23435042 -14.14846992 193.49139404
v -21.50851081 -35.58535004 193.14100647
v -25.83313010 -30.16363907 193.28689575
v -21.50851081 -35.58535004 193.14100647
v -28.13088057 -30.71404076 194.17500305
v -28.69944976 -14.16394043 195.33970642
v -27.60922072 -14.16784000 194.22709656
v -28.13088057 -30.71404076 194.17500305
v -29.20772956 -30.24131012 196.06599426
v -28.69944976 -14.16394043 195.33970642
v -29.20772956 -30.24131012 196.06599426
v -29.57058928 -14.16784000 198.28779602
v -28.69944976 -14.16394043 195.33970642
v 10.70530965 -20.04277992 200.90139771
v 10.82779004 -0.05495995 198.86230469
v 15.37032964 -19.99501991 188.33479309
v 0.30542999 -20.00591087 213.14840698
v 11.08808019 -20.04277992 202.32539368
v 11.73836019 -19.99501038 222.46020508
v 27.08090951 -19.99508095 203.18609619
v 11.73836019 -19.99501038 222.46020508
v 11.60951020 -27.98278046 222.63720703
v 27.08090951 -19.99508095 203.18609619
v 10.06336000 -19.99500084 224.25129700
v 5.95735004 -19.99497986 226.90209961
v 1.21746995 -19.99496078 228.09080505
v -1.23405001 -19.99493980 228.09080505
v -5.97392009 -19.99492073 226.90209961
v -8.13560221 -19.99490929 225.74519348
v -10.07994960 -19.99494934 224.25129700
v -11.75492022 -19.99489021 222.46020508
v -19.56056998 -29.16169930 212.21549988
v -11.76620982 -27.98262024 222.47230530
v -11.75492022 -19.99489021 222.46020508
v -28.61985038 -31.02658081 201.17630005
v -19.56056998 -29.16169930 212.21549988
v -11.75492022 -19.99489021 222.46020508
v 28.61214997 -30.50733948 201.16969299
v 29.69033029 -29.98163986 197.55650330
v 29.23326089 -14.16401005 196.74180603
v 28.38635995 -14.16117001 201.17919922
v 28.61214997 -30.50733948 201.16969299
v 29.23326089 -14.16401005 196.74180603
v -28.52974913 -14.16117954 201.17919922
v -29.58532927 -31.27478981 199.48629761
v -28.61985038 -31.02658081 201.17630005
v -29.20772956 -30.24131012 196.06599426
v -29.68496917 -29.98092079 198.69279480
v -29.57058928 -14.16784000 198.28779602
v -29.68496917 -29.98092079 198.69279480
v -28.52974913 -14.16117954 201.17919922
v -29.57058928 -14.16784000 198.28779602
v -29.68496917 -29.98092079 198.69279480
v -29.58532927 -31.27478981 199.48629761
v -28.52974913 -14.16117954 201.17919922
v 27.46582010 -14.16783047 194.22709656
v 26.57818010 -14.08800030 203.14840698
v 28.38635995 -14.16117001 201.17919922
v 10.76732042 -13.86542034 201.64289856
v 12.11929967 -14.04642010 203.06089783
v 21.39876916 -14.07536983 193.46409607
v 21.39876916 -14.07536983 193.46409607
v 12.11929967 -14.04642010 203.06089783
v 26.57818010 -14.08800030 203.14840698
v 12.11929967 -14.04642010 203.06089783
v 27.08090951 -19.99508095 203.18609619
v 26.57818010 -14.08800030 203.14840698
v 12.11929967 -14.04642010 203.06089783
v 11.08808019 -20.04277992 202.32539368
v 27.08090951 -19.99508095 203.18609619
v 10.76732042 -13.86542034 201.64289856
v 21.39876916 -14.07536983 193.46409607
v 10.88078954 -6.11724997 201.96809387
v 27.08090951 -19.99508095 203.18609619
v 28.38635995 -14.16117001 201.17919922
v 26.57818010 -14.08800030 203.14840698
v 11.08808019 -20.04277992 202.32539368
v 10.76732042 -13.86542034 201.64289856
v 10.70530965 -20.04277992 200.90139771
v 10.76732042 -13.86542034 201.64289856
v 11.08808019 -20.04277992 202.32539368
v 12.11929967 -14.04642010 203.06089783
v 10.82779004 -0.05495995 198.86230469
v 10.70530965 -20.04277992 200.90139771
v 10.76732042 -13.86542034 201.64289856
v 27.56361940 -30.98838997 192.29089355
v 27.47499063 -30.98838043 185.86230469
v 26.96849992 -31.01416969 183.14100647
v 29.74409082 -30.96025085 198.37590027
v 29.12687089 -29.98900986 195.95770264
v 29.69033029 -29.98163986 197.55650330
v 29.74409082 -30.96025085 198.37590027
v 29.69033029 -29.98163986 197.55650330
v 28.61214997 -30.50733948 201.16969299
v 11.73836019 -0.00498992 222.46020508
v 26.86416032 -0.00490999 203.22079468
v 11.60949971 7.98278999 222.63720703
v 26.86416032 -0.00490999 203.22079468
v 11.73836019 -0.00498992 222.46020508
v 11.52675035 -0.05495995 202.76469421
v 0.30542000 0.00589991 213.14840698
v 10.82779004 -0.05495995 198.86230469
v 10.82779004 -0.05495995 198.86230469
v 0.30542000 0.00589991 213.14840698
v 15.37032010 -0.00496995 188.33479309
v -30.50322936 12.80340958 197.74429321
v -29.67948935 13.00988960 199.79890442
v -32.14244864 14.30173016 196.42640686
v -15.38684962 -0.00512993 188.33470154
v 21.47862985 8.98956203 185.94099426
v 15.37032010 -0.00496995 188.33479309
v -21.49515937 8.98935986 185.94099426
v 21.12269952 8.88794994 193.14230347
v 21.39870050 -6.05413008 193.66160583
v 21.47862985 8.98956203 185.94099426
v -21.49515937 8.98935986 185.94099426
v 21.12269952 8.88794994 193.14230347
v 21.47862985 8.98956203 185.94099426
v -21.49515937 8.98935223 193.14100647
v -21.49511931 -0.00515997 193.14100647
v -26.23440955 -5.95030022 193.49119568
v 21.39870050 -6.05413008 193.66160583
v 25.48686006 10.31978035 193.18290710
v 26.09101083 -5.95029020 193.49119568
v 21.49189927 15.58557034 193.14100647
v 21.39870050 -6.05413008 193.66160583
v 21.12269952 8.88794994 193.14230347
v -28.13089011 10.71403027 194.17500305
v -27.01770041 10.10809994 193.73959351
v -27.60911010 -5.92986012 194.22729492
v -27.60911010 -5.92986012 194.22729492
v -27.01770041 10.10809994 193.73959351
v -26.23440955 -5.95030022 193.49119568
v -26.23440955 -5.95030022 193.49119568
v -27.01770041 10.10809994 193.73959351
v -25.83313964 10.16362000 193.28689575
v -21.49511931 -0.00515997 193.14100647
v -21.49515937 8.98935223 193.14100647
v -21.49515937 8.98935986 185.94099426
v 28.15230920 10.70991039 194.19760132
v 28.55591943 -5.93366003 195.33979797
v 27.46570947 -5.92985010 194.22729492
v 27.46570947 -5.92985010 194.22729492
v 27.11713960 10.73169994 193.51229858
v 28.15230920 10.70991039 194.19760132
v 25.48686006 10.31978035 193.18290710
v 27.11713960 10.73169994 193.51229858
v 27.46570947 -5.92985010 194.22729492
v 25.48686006 10.31978035 193.18290710
v 27.46570947 -5.92985010 194.22729492
v 26.09101083 -5.95029020 193.49119568
v 10.59461953 14.28629971 212.63659668
v 13.68521955 14.29911041 211.31390381
v 14.48286035 14.55405998 193.14100647
v -14.86117957 13.86501980 212.05780029
v -14.33873008 13.31698036 213.88980103
v -13.91885970 14.26721001 211.63299561
v 10.06335046 -0.00500000 224.25129700
v 5.95734002 -0.00501990 226.90209961
v 1.21746006 -0.00503993 228.09080505
v -1.23405001 -0.00505996 228.09080505
v -5.97393010 -0.00507993 226.90209961
v -8.13560984 -0.00509000 225.74519348
v -10.07994960 -0.00505996 224.25129700
v -11.75492976 -0.00510991 222.46020508
v -11.76620982 7.98261976 222.47230530
v -17.75979064 10.64507008 213.63459778
v -19.56057952 9.16168976 212.21549988
v -9.71045993 11.30990028 222.84899902
v -17.75979064 10.64507008 213.63459778
v -11.76620982 7.98261976 222.47230530
v -9.71045993 11.30990028 222.84899902
v -16.29351065 12.62306976 212.91110229
v -17.75979064 10.64507008 213.63459778
v -14.33873008 13.31698036 213.88980103
v -16.29351065 12.62306976 212.91110229
v -9.71045993 11.30990028 222.84899902
v -8.34781955 13.16497993 221.48550415
v -14.33873008 13.31698036 213.88980103
v -9.71045993 11.30990028 222.84899902
v -14.33873008 13.31698036 213.88980103
v -5.66178010 14.28621006 218.79780579
v -13.91885970 14.26721001 211.63299561
v -14.33873008 13.31698036 213.88980103
v -8.34781955 13.16497993 221.48550415
v -5.66178010 14.28621006 218.79780579
v 10.59461953 14.28629971 212.63659668
v 0.00481989 14.05591011 212.80209351
v 5.64505985 14.28627014 218.79780579
v -5.66178010 14.28621006 218.79780579
v 0.00481989 14.05591011 212.80209351
v -13.91885970 14.26721001 211.63299561
v 14.31346967 13.30280972 213.88540649
v 14.47000959 14.12300014 211.98049927
v 12.05930974 14.15369034 213.03100586
v 5.64505985 14.28627014 218.79780579
v 12.05930974 14.15369034 213.03100586
v 10.59461953 14.28629971 212.63659668
v 5.64505985 14.28627014 218.79780579
v 14.31346967 13.30280972 213.88540649
v 12.05930974 14.15369034 213.03100586
v 9.69377210 11.31000996 222.84899902
v 15.97028043 12.39993000 213.53570557
v 14.31346967 13.30280972 213.88540649
v 9.69377210 11.31000996 222.84899902
v 17.88512017 10.46420002 213.56059265
v 15.97028043 12.39993000 213.53570557
v 9.69377210 11.31000996 222.84899902
v 14.31346967 13.30280972 213.88540649
v 5.64505985 14.28627014 218.79780579
v 9.69377210 11.31000996 222.84899902
v 19.13907983 8.90956974 212.83580017
v 17.88512017 10.46420002 213.56059265
v 11.60949971 7.98278999 222.63720703
v 19.13907983 8.90956974 212.83580017
v 9.69377210 11.31000996 222.84899902
v 17.88512017 10.46420002 213.56059265
v 19.13907983 8.90956974 212.83580017
v 19.45202043 12.02960968 211.11259460
v 18.30974939 13.68389988 210.69590759
v 17.88512017 10.46420002 213.56059265
v 19.45202043 12.02960968 211.11259460
v 15.97028043 12.39993000 213.53570557
v 15.97028043 12.39993000 213.53570557
v 14.47000959 14.12300014 211.98049927
v 14.31346967 13.30280972 213.88540649
v 15.97028043 12.39993000 213.53570557
v 15.56904008 14.94497967 209.91619873
v 14.47000959 14.12300014 211.98049927
v 15.97028043 12.39993000 213.53570557
v 17.12171914 15.64486027 209.27340698
v 15.56904008 14.94497967 209.91619873
v 18.30974939 13.68389988 210.69590759
v 17.12171914 15.64486027 209.27340698
v 15.97028043 12.39993000 213.53570557
v -10.07994960 -0.00505996 224.25129700
v -10.60647033 7.42226982 223.74780273
v -11.76620982 7.98261976 222.47230530
v -10.07994960 -0.00505996 224.25129700
v -11.76620982 7.98261976 222.47230530
v -11.75492976 -0.00510991 222.46020508
v -5.97393010 -0.00507993 226.90209961
v -6.75969003 5.95628023 226.09620667
v -8.13560984 -0.00509000 225.74519348
v -5.97393010 -0.00507993 226.90209961
v -3.48390005 5.95629978 227.33189392
v -6.75969003 5.95628023 226.09620667
v -1.23405001 -0.00505996 228.09080505
v -3.48390005 5.95629978 227.33189392
v -5.97393010 -0.00507993 226.90209961
v -1.23405001 -0.00505996 228.09080505
v -0.00832997 5.95631981 227.75180054
v -3.48390005 5.95629978 227.33189392
v 1.21746006 -0.00503993 228.09080505
v -0.00832997 5.95631981 227.75180054
v -1.23405001 -0.00505996 228.09080505
v 11.73836019 -0.00498992 222.46020508
v 10.52494981 8.08446980 223.68530273
v 10.06335046 -0.00500000 224.25129700
v 11.60949971 7.98278999 222.63720703
v 10.52494981 8.08446980 223.68530273
v 11.73836019 -0.00498992 222.46020508
v -19.33534072 12.47243977 210.99200439
v -19.56057952 9.16168976 212.21549988
v -17.75979064 10.64507008 213.63459778
v -18.46945021 13.78697968 210.56069946
v -17.75979064 10.64507008 213.63459778
v -16.29351065 12.62306976 212.91110229
v -18.46945021 13.78697968 210.56069946
v -19.33534072 12.47243977 210.99200439
v -17.75979064 10.64507008 213.63459778
v -14.86117957 13.86501980 212.05780029
v -16.29351065 12.62306976 212.91110229
v -14.33873008 13.31698036 213.88980103
v -16.56405089 15.84821033 208.96659851
v -16.29351065 12.62306976 212.91110229
v -14.86117957 13.86501980 212.05780029
v -16.56405089 15.84821033 208.96659851
v -18.46945021 13.78697968 210.56069946
v -16.29351065 12.62306976 212.91110229
v -19.56057952 9.16168976 212.21549988
v -11.75492976 -0.00510991 222.46020508
v -11.76620982 7.98261976 222.47230530
v -28.61985991 11.02657032 201.17630005
v -11.75492976 -0.00510991 222.46020508
v -19.56057952 9.16168976 212.21549988
v -11.76620982 7.98261976 222.47230530
v -10.60647033 7.42226982 223.74780273
v -9.71045993 11.30990028 222.84899902
v 26.59202935 23.15303040 201.38879395
v 19.45202043 12.02960968 211.11259460
v 19.13907983 8.90956974 212.83580017
v 26.59202935 23.15303040 201.38879395
v 18.30974939 13.68389988 210.69590759
v 19.45202043 12.02960968 211.11259460
v 9.69377210 11.31000996 222.84899902
v 10.52494981 8.08446980 223.68530273
v 11.60949971 7.98278999 222.63720703
v -10.60647033 7.42226982 223.74780273
v -8.13560984 -0.00509000 225.74519348
v -6.75969003 5.95628023 226.09620667
v -6.75969003 5.95628023 226.09620667
v -6.18829987 8.18811989 225.11340332
v -10.60647033 7.42226982 223.74780273
v -3.48390005 5.95629978 227.33189392
v -6.18829987 8.18811989 225.11340332
v -6.75969003 5.95628023 226.09620667
v -3.48390005 5.95629978 227.33189392
v -0.00836996 8.18815994 226.61610413
v -6.18829987 8.18811989 225.11340332
v -0.00832997 5.95631981 227.75180054
v -0.00836996 8.18815994 226.61610413
v -3.48390005 5.95629978 227.33189392
v 3.46724989 5.95632982 227.33189392
v -0.00836996 8.18815994 226.61610413
v -0.00832997 5.95631981 227.75180054
v 3.46724989 5.95632982 227.33189392
v 6.17158010 8.18819237 225.11349487
v -0.00836996 8.18815994 226.61610413
v 6.74302985 5.95634985 226.09620667
v 6.17158010 8.18819237 225.11349487
v 3.46724989 5.95632982 227.33189392
v 6.74302985 5.95634985 226.09620667
v 10.52494981 8.08446980 223.68530273
v 6.17158010 8.18819237 225.11349487
v 3.46724989 5.95632982 227.33189392
v 1.21746006 -0.00503993 228.09080505
v 5.95734002 -0.00501990 226.90209961
v -0.00832997 5.95631981 227.75180054
v 1.21746006 -0.00503993 228.09080505
v 3.46724989 5.95632982 227.33189392
v 10.52494981 8.08446980 223.68530273
v 5.95734002 -0.00501990 226.90209961
v 10.06335046 -0.00500000 224.25129700
v 6.74302985 5.95634985 226.09620667
v 5.95734002 -0.00501990 226.90209961
v 10.52494981 8.08446980 223.68530273
v 3.46724989 5.95632982 227.33189392
v 5.95734002 -0.00501990 226.90209961
v 6.74302985 5.95634985 226.09620667
v -19.33534072 12.47243977 210.99200439
v -28.60543082 23.35913086 199.77369690
v -19.56057952 9.16168976 212.21549988
v -18.46945021 13.78697968 210.56069946
v -28.60543082 23.35913086 199.77369690
v -19.33534072 12.47243977 210.99200439
v 16.32771089 15.88887978 208.88429260
v 15.54028012 22.73134995 199.99940491
v 15.13318994 15.10266972 208.11309814
v 13.68521955 14.29911041 211.31390381
v 15.56904008 14.94497967 209.91619873
v 15.13318994 15.10266972 208.11309814
v 15.56904008 14.94497967 209.91619873
v 16.32771089 15.88887978 208.88429260
v 15.13318994 15.10266972 208.11309814
v 16.32771089 15.88887978 208.88429260
v 15.56904008 14.94497967 209.91619873
v 17.12171914 15.64486027 209.27340698
v 12.05930974 14.15369034 213.03100586
v 13.68521955 14.29911041 211.31390381
v 10.59461953 14.28629971 212.63659668
v 12.05930974 14.15369034 213.03100586
v 14.47000959 14.12300014 211.98049927
v 13.68521955 14.29911041 211.31390381
v -16.56405089 15.84821033 208.96659851
v -13.91885970 14.26721001 211.63299561
v -15.50284980 16.01193047 207.20979309
v -16.56405089 15.84821033 208.96659851
v -14.86117957 13.86501980 212.05780029
v -13.91885970 14.26721001 211.63299561
v -16.56405089 15.84821033 208.96659851
v -15.57314990 23.22389030 199.17759705
v -16.12684081 24.11815071 199.45530701
v -15.50284980 16.01193047 207.20979309
v -15.57314990 23.22389030 199.17759705
v -16.56405089 15.84821033 208.96659851
v 15.56904008 14.94497967 209.91619873
v 13.68521955 14.29911041 211.31390381
v 14.47000959 14.12300014 211.98049927
v -10.07994960 -0.00505996 224.25129700
v -8.13560984 -0.00509000 225.74519348
v -10.60647033 7.42226982 223.74780273
v -28.03118918 10.98810005 186.06260681
v -30.99608062 11.09043026 186.14089966
v -32.84587119 11.88463974 186.14089966
v -28.03118918 10.98810005 186.06260681
v -32.84587119 11.88463974 186.14089966
v -34.67765830 14.25417042 186.14089966
v -34.67765830 14.25417042 186.14089966
v -34.98698066 15.98501968 185.94970703
v -28.03118918 10.98810005 186.06260681
v 15.54028012 22.73134995 199.99940491
v 15.79894998 23.79947090 193.05169678
v 15.13318994 15.10266972 208.11309814
v 15.79894998 23.79947090 193.05169678
v 14.48286035 14.55405998 193.14100647
v 15.13318994 15.10266972 208.11309814
v -13.91885970 14.26721001 211.63299561
v 0.00481989 14.05591011 212.80209351
v -15.23112986 15.28555012 193.14100647
v 14.48286035 14.55405998 193.14100647
v 0.00481989 14.05591011 212.80209351
v 10.59461953 14.28629971 212.63659668
v -15.23112986 15.28555012 193.14100647
v 0.00481989 14.05591011 212.80209351
v 14.48286035 14.55405998 193.14100647
v -27.23449919 14.78579044 191.37500000
v -26.13438056 15.58530998 193.08070374
v -27.23451064 14.78579044 192.90699768
v 34.27392175 13.32266998 192.13810730
v 34.91373040 15.23474026 186.14100647
v 34.96213128 15.42035961 191.40379333
v 34.27392175 13.32266998 192.13810730
v 32.83082177 11.88597965 186.14100647
v 34.91373040 15.23474026 186.14100647
v 33.26441171 12.18997955 191.99510193
v 32.83082177 11.88597965 186.14100647
v 34.27392175 13.32266998 192.13810730
v 31.64726999 11.23418999 192.17300415
v 32.83082177 11.88597965 186.14100647
v 33.26441171 12.18997955 191.99510193
v 31.64726999 11.23418999 192.17300415
v 30.98043992 11.09095001 186.14100647
v 32.83082177 11.88597965 186.14100647
v -27.23449919 14.78579044 191.37500000
v -25.79257033 15.58530045 183.14100647
v -25.79258940 15.58530998 191.14100647
v 25.48686006 10.31978035 193.18290710
v 25.77598932 15.58557987 193.14100647
v 27.21789911 14.78604031 192.90699768
v 21.49189927 15.58557034 193.14100647
v 21.12269952 8.88794994 193.14230347
v 14.48286035 14.55405998 193.14100647
v 21.49189927 15.58557034 193.14100647
v 25.48686006 10.31978035 193.18290710
v 21.39870050 -6.05413008 193.66160583
v 25.77598932 15.58557987 193.14100647
v 25.48686006 10.31978035 193.18290710
v 21.49189927 15.58557034 193.14100647
v 21.85623910 22.07732010 193.14100647
v 21.50785997 20.57481956 193.14100647
v 17.70384958 24.81410980 193.14100647
v 17.70384958 24.81410980 193.14100647
v 23.87268998 24.13467026 193.00700378
v 21.85623910 22.07732010 193.14100647
v 23.87268998 24.13467026 193.00700378
v 17.70384958 24.81410980 193.14100647
v 25.18588044 24.97985077 193.00480652
v 14.48286035 14.55405998 193.14100647
v 15.79894998 23.79947090 193.05169678
v 17.70384958 24.81410980 193.14100647
v -15.98145983 23.93965912 193.10029602
v -21.49515937 8.98935223 193.14100647
v -18.36626075 24.93964958 193.14100647
v -21.49515937 8.98935223 193.14100647
v -15.98145983 23.93965912 193.10029602
v -15.23112986 15.28555012 193.14100647
v -18.36626075 24.93964958 193.14100647
v -21.50851081 15.58533955 193.14100647
v -22.25951979 19.97178078 192.98599243
v -21.50851081 15.58533955 193.14100647
v -18.36626075 24.93964958 193.14100647
v -18.36626075 24.93964958 193.14100647
v -21.95717070 21.40113068 193.15570068
v -22.86751006 22.95523071 193.00720215
v -22.25951979 19.97178078 192.98599243
v -21.95717070 21.40113068 193.15570068
v -18.36626075 24.93964958 193.14100647
v -18.36626075 24.93964958 193.14100647
v -23.89258979 24.13780975 193.00720215
v -25.20449088 24.97958946 192.99809265
v -22.86751006 22.95523071 193.00720215
v -26.23440955 -5.95030022 193.49119568
v -25.83313964 10.16362000 193.28689575
v -21.50851081 15.58533955 193.14100647
v -21.50851081 15.58533955 193.14100647
v -21.50851081 15.58533955 193.14100647
v -25.83313964 10.16362000 193.28689575
v -26.13438056 15.58530998 193.08070374
v -25.83313964 10.16362000 193.28689575
v -27.23451064 14.78579044 192.90699768
v -26.13438056 15.58530998 193.08070374
v 14.48286035 14.55405998 193.14100647
v 13.68521955 14.29911041 211.31390381
v 15.13318994 15.10266972 208.11309814
v 32.83082177 11.88597965 186.14100647
v 30.98043992 11.09095001 186.14100647
v 34.91373040 15.23474026 186.14100647
v 30.98043992 11.09095001 186.14100647
v 27.47497918 10.98840046 185.86230469
v 34.91373040 15.23474026 186.14100647
v -25.79258940 15.58530998 191.14100647
v -26.13438056 15.58530998 193.08070374
v -27.23449919 14.78579044 191.37500000
v -27.23449919 14.78579044 191.37500000
v -26.98501990 11.01389027 183.14100647
v -25.79257033 15.58530045 183.14100647
v -27.20830939 10.97332001 192.92820740
v -26.98501990 11.01389027 183.14100647
v -27.23449919 14.78579044 191.37500000
v -21.49515937 8.98935986 185.94099426
v -21.49515937 8.98935223 193.14100647
v 21.12269952 8.88794994 193.14230347
v -34.98698066 16.48372078 183.14089966
v -23.34120963 22.76534081 183.14100647
v -22.51057074 15.58533001 183.14100647
v -25.79257033 15.58530045 183.14100647
v -26.98501990 11.01389027 183.14100647
v -25.58365081 24.60102081 183.14100647
v -34.11043952 23.48006058 183.14089966
v -32.72449134 24.58338928 183.14089966
v -34.88906119 21.86153030 183.14089966
v -18.36626075 24.93964958 193.14100647
v -17.63451026 24.72850037 199.51710510
v -16.12684081 24.11815071 199.45530701
v -18.36626075 24.93964958 193.14100647
v -18.99667952 24.95137978 199.29609680
v -17.63451026 24.72850037 199.51710510
v -16.12684081 24.11815071 199.45530701
v -15.98145983 23.93965912 193.10029602
v -18.36626075 24.93964958 193.14100647
v 34.96213128 15.42035961 191.40379333
v 34.91373040 15.23474026 186.14100647
v 34.98316171 20.98681068 191.82209778
v 34.98316171 20.98681068 191.82209778
v 34.91373040 15.23474026 186.14100647
v 34.97037866 16.48409081 183.14100647
v 34.97037866 16.48409081 183.14100647
v 34.57389810 22.71797943 183.14100647
v 34.98316171 20.98681068 191.82209778
v 27.21789911 14.78604031 192.90699768
v 27.56360986 10.98840046 192.29089355
v 27.11713960 10.73169994 193.51229858
v 27.44096925 14.78608036 191.64100647
v 27.56360986 10.98840046 192.29089355
v 27.21789911 14.78604031 192.90699768
v -21.50851081 15.58533955 193.14100647
v -25.79258940 15.58530998 191.14100647
v -25.79257033 15.58530045 183.14100647
v -26.13438056 15.58530998 193.08070374
v -22.51057074 15.58533001 183.14100647
v -25.83313964 10.16362000 193.28689575
v -27.12843917 10.69655991 193.52999878
v -27.20830939 10.97332001 192.92820740
v -25.83313964 10.16362000 193.28689575
v -27.01770041 10.10809994 193.73959351
v -27.12843917 10.69655991 193.52999878
v 25.77598932 15.58557987 193.14100647
v 21.49189927 15.58557034 193.14100647
v 25.77598932 15.58557987 191.14100647
v 25.77598932 15.58557987 191.14100647
v 22.49399926 15.58557034 183.14100647
v 26.57550981 14.78608036 183.14100647
v 22.49399926 15.58557034 183.14100647
v -16.12684081 24.11815071 199.45530701
v -17.63451026 24.72850037 199.51710510
v -17.29783080 23.95095062 200.95520020
v -17.63451026 24.72850037 199.51710510
v -18.99667952 24.95137978 199.29609680
v -17.29783080 23.95095062 200.95520020
v -32.04127143 11.52369022 192.49420166
v -30.99608062 11.09043026 186.14089966
v -30.61900924 10.96506977 191.61709595
v -32.04127143 11.52369022 192.49420166
v -32.84587119 11.88463974 186.14089966
v -30.99608062 11.09043026 186.14089966
v -33.10561011 12.07831001 191.39920044
v -32.84587119 11.88463974 186.14089966
v -32.04127143 11.52369022 192.49420166
v -34.27774070 13.29146957 191.40559387
v -32.84587119 11.88463974 186.14089966
v -33.10561011 12.07831001 191.39920044
v -34.27774070 13.29146957 191.40559387
v -34.67765830 14.25417042 186.14089966
v -32.84587119 11.88463974 186.14089966
v -34.99179099 15.41790962 191.61720276
v -34.67765830 14.25417042 186.14089966
v -34.27774070 13.29146957 191.40559387
v -34.99179099 15.41790962 191.61720276
v -34.98698066 15.98501968 185.94970703
v -34.67765830 14.25417042 186.14089966
v 27.56360986 10.98840046 192.29089355
v 26.96849038 11.01418018 183.14100647
v 27.47497918 10.98840046 185.86230469
v -26.98501990 11.01389027 183.14100647
v -27.20830939 10.97332001 192.92820740
v -28.03118918 10.98810005 186.06260681
v 16.12535073 24.09111023 199.50140381
v 17.70384958 24.81410980 193.14100647
v 15.79894998 23.79947090 193.05169678
v 18.98076036 24.83241081 199.82800293
v 17.70384958 24.81410980 193.14100647
v 16.12535073 24.09111023 199.50140381
v -27.23451064 14.78579044 192.90699768
v -27.20830939 10.97332001 192.92820740
v -27.23449919 14.78579044 191.37500000
v -27.23451064 14.78579044 192.90699768
v -25.83313964 10.16362000 193.28689575
v -27.20830939 10.97332001 192.92820740
v -15.23112986 15.28555012 193.14100647
v -15.50284980 16.01193047 207.20979309
v -13.91885970 14.26721001 211.63299561
v 18.98076036 24.83241081 199.82800293
v 16.12535073 24.09111023 199.50140381
v 16.44972017 23.47283936 200.97320557
v 27.56360986 10.98840046 192.29089355
v 28.41718080 10.99705029 193.69540405
v 27.11713960 10.73169994 193.51229858
v 27.56360986 10.98840046 192.29089355
v 31.64726999 11.23418999 192.17300415
v 28.41718080 10.99705029 193.69540405
v 27.47497918 10.98840046 185.86230469
v 31.64726999 11.23418999 192.17300415
v 27.56360986 10.98840046 192.29089355
v 31.64726999 11.23418999 192.17300415
v 27.47497918 10.98840046 185.86230469
v 30.98043992 11.09095001 186.14100647
v -27.20830939 10.97332001 192.92820740
v -30.99608062 11.09043026 186.14089966
v -28.03118918 10.98810005 186.06260681
v -27.20830939 10.97332001 192.92820740
v -30.61900924 10.96506977 191.61709595
v -30.99608062 11.09043026 186.14089966
v -27.20830939 10.97332001 192.92820740
v -28.63479064 10.96214008 193.90010071
v -30.61900924 10.96506977 191.61709595
v -15.23112986 15.28555012 193.14100647
v -15.57314990 23.22389030 199.17759705
v -15.50284980 16.01193047 207.20979309
v -15.23112986 15.28555012 193.14100647
v -15.98145983 23.93965912 193.10029602
v -15.57314990 23.22389030 199.17759705
v -34.98698066 15.98501968 185.94970703
v -26.98501990 11.01389027 183.14100647
v -28.03118918 10.98810005 186.06260681
v -34.98698066 16.48372078 183.14089966
v -26.98501990 11.01389027 183.14100647
v -34.98698066 15.98501968 185.94970703
v -34.98698066 16.48372078 183.14089966
v -34.98698066 15.98501968 185.94970703
v -34.88906119 21.86153030 183.14089966
v -34.99179099 15.41790962 191.61720276
v -34.99179099 15.41790962 191.61720276
v -34.98701117 20.98196983 191.39920044
v -34.88906119 21.86153030 183.14089966
v 27.47497918 10.98840046 185.86230469
v 34.97037866 16.48409081 183.14100647
v 34.91373040 15.23474026 186.14100647
v 26.96849038 11.01418018 183.14100647
v 34.97037866 16.48409081 183.14100647
v 27.47497918 10.98840046 185.86230469
v -32.72449134 24.58338928 183.14089966
v -32.11706946 24.78396988 192.54570007
v -25.58365081 24.60102081 183.14100647
v -26.32861922 24.97957993 192.63540649
v -32.11706946 24.78396988 192.54570007
v -27.91811965 24.87932968 197.05639648
v -25.58365081 24.60102081 183.14100647
v -32.11706946 24.78396988 192.54570007
v -26.32861922 24.97957993 192.63540649
v -25.20449088 24.97958946 192.99809265
v -27.91811965 24.87932968 197.05639648
v -18.36626075 24.93964958 193.14100647
v -27.91811965 24.87932968 197.05639648
v -25.20449088 24.97958946 192.99809265
v -26.32861922 24.97957993 192.63540649
v -18.36626075 24.93964958 193.14100647
v -27.91811965 24.87932968 197.05639648
v -18.99667952 24.95137978 199.29609680
v 26.31559922 24.97986031 192.63900757
v 30.97274949 24.97987938 191.39930725
v 32.70780923 24.58374023 183.14100647
v 32.70780923 24.58374023 183.14100647
v 25.56698014 24.60128975 183.14100647
v 26.31559922 24.97986031 192.63900757
v 30.97274949 24.97987938 191.39930725
v 26.31559922 24.97986031 192.63900757
v 25.18588044 24.97985077 193.00480652
v 18.98076036 24.83241081 199.82800293
v 25.18588044 24.97985077 193.00480652
v 17.70384958 24.81410980 193.14100647
v 23.94515969 24.97985077 198.68960571
v 25.18588044 24.97985077 193.00480652
v 18.98076036 24.83241081 199.82800293
v 23.94515969 24.97985077 198.68960571
v 26.96849038 11.01418018 183.14100647
v 26.57550981 14.78608036 183.14100647
v 34.97037866 16.48409081 183.14100647
v 22.85803964 21.89442062 183.14100647
v 34.57389810 22.71797943 183.14100647
v 22.49399926 15.58557034 183.14100647
v 25.56698014 24.60128975 183.14100647
v 32.70780923 24.58374023 183.14100647
v 25.77598932 15.58557987 191.14100647
v 27.21789911 14.78604031 192.90699768
v 25.77598932 15.58557987 193.14100647
v 25.77598932 15.58557987 191.14100647
v 27.44096925 14.78608036 191.64100647
v 27.21789911 14.78604031 192.90699768
v 27.44096925 14.78608036 191.64100647
v 25.77598932 15.58557987 191.14100647
v 26.57550981 14.78608036 183.14100647
v 27.56360986 10.98840046 192.29089355
v 26.57550981 14.78608036 183.14100647
v 26.96849038 11.01418018 183.14100647
v 27.44096925 14.78608036 191.64100647
v 26.57550981 14.78608036 183.14100647
v 27.56360986 10.98840046 192.29089355
v 23.94515969 24.97985077 198.68960571
v 25.57122972 24.78536987 199.41850281
v 28.25463083 24.81620979 197.33970642
v 23.94515969 24.97985077 198.68960571
v 23.33081033 24.83233070 199.82859802
v 25.57122972 24.78536987 199.41850281
v 24.55476930 23.43408966 201.78939819
v 23.33081033 24.83233070 199.82859802
v 23.13392999 23.71640968 201.66999817
v 24.55476930 23.43408966 201.78939819
v 25.57122972 24.78536987 199.41850281
v 23.33081033 24.83233070 199.82859802
v 26.59202935 23.15303040 201.38879395
v 25.57122972 24.78536987 199.41850281
v 24.55476930 23.43408966 201.78939819
v 26.59202935 23.15303040 201.38879395
v 28.25463083 24.81620979 197.33970642
v 25.57122972 24.78536987 199.41850281
v 30.25830056 21.87187004 198.92640686
v 28.25463083 24.81620979 197.33970642
v 26.59202935 23.15303040 201.38879395
v -33.37408088 23.89328957 193.25729370
v -33.85981009 23.85172081 191.40550232
v -34.82411979 22.32403946 191.40809631
v -32.11706946 24.78396988 192.54570007
v -33.85981009 23.85172081 191.40550232
v -33.37408088 23.89328957 193.25729370
v -34.42157004 22.51173973 192.94380188
v -33.77167914 22.32010078 194.39070129
v -33.37408088 23.89328957 193.25729370
v -34.87440131 20.98974037 192.65539551
v -33.77167914 22.32010078 194.39070129
v -34.42157004 22.51173973 192.94380188
v -34.87440131 20.98974037 192.65539551
v -34.17876075 20.98644066 194.18280029
v -33.77167914 22.32010078 194.39070129
v -34.42157004 22.51173973 192.94380188
v -33.37408088 23.89328957 193.25729370
v -34.82411979 22.32403946 191.40809631
v -34.42157004 22.51173973 192.94380188
v -34.98701117 20.98196983 191.39920044
v -34.87440131 20.98974037 192.65539551
v -34.82411979 22.32403946 191.40809631
v -34.98701117 20.98196983 191.39920044
v -34.42157004 22.51173973 192.94380188
v -28.61985991 11.02657032 201.17630005
v -29.67948935 13.00988960 199.79890442
v -29.58534072 11.27478027 199.48629761
v -29.20773909 10.24129009 196.06599426
v -29.81076072 11.35785961 198.02909851
v -29.93568061 11.48744965 195.30079651
v -29.58534072 11.27478027 199.48629761
v -30.50322936 12.80340958 197.74429321
v -29.81076072 11.35785961 198.02909851
v -29.58534072 11.27478027 199.48629761
v -29.67948935 13.00988960 199.79890442
v -30.50322936 12.80340958 197.74429321
v -29.20773909 10.24129009 196.06599426
v -28.63479064 10.96214008 193.90010071
v -28.13089011 10.71403027 194.17500305
v -29.20773909 10.24129009 196.06599426
v -29.93568061 11.48744965 195.30079651
v -28.63479064 10.96214008 193.90010071
v -29.81076072 11.35785961 198.02909851
v -31.17922995 12.40927029 195.65510559
v -29.93568061 11.48744965 195.30079651
v -29.81076072 11.35785961 198.02909851
v -29.68498061 9.98091221 198.69279480
v -29.58534072 11.27478027 199.48629761
v -29.20773909 10.24129009 196.06599426
v -29.68498061 9.98091221 198.69279480
v -29.81076072 11.35785961 198.02909851
v -30.50322936 12.80340958 197.74429321
v -31.17922995 12.40927029 195.65510559
v -29.81076072 11.35785961 198.02909851
v -30.50322936 12.80340958 197.74429321
v -32.14244864 14.30173016 196.42640686
v -31.17922995 12.40927029 195.65510559
v -31.22900985 15.24396992 197.88650513
v -32.14244864 14.30173016 196.42640686
v -29.67948935 13.00988960 199.79890442
v -34.43127845 14.03746986 192.95060730
v -33.74781058 14.31050014 194.36799622
v -34.60358832 15.97807980 193.45419312
v -34.43127845 14.03746986 192.95060730
v -33.12210105 12.36458015 193.11900330
v -33.74781058 14.31050014 194.36799622
v -33.12210105 12.36458015 193.11900330
v -33.10561011 12.07831001 191.39920044
v -32.04127143 11.52369022 192.49420166
v -33.12210105 12.36458015 193.11900330
v -34.27774070 13.29146957 191.40559387
v -33.10561011 12.07831001 191.39920044
v -34.43127845 14.03746986 192.95060730
v -34.27774070 13.29146957 191.40559387
v -33.12210105 12.36458015 193.11900330
v -34.43127845 14.03746986 192.95060730
v -34.99179099 15.41790962 191.61720276
v -34.27774070 13.29146957 191.40559387
v -34.60358832 15.97807980 193.45419312
v -34.99179099 15.41790962 191.61720276
v -34.43127845 14.03746986 192.95060730
v 33.88890817 15.98538017 194.50579834
v 34.58066156 20.99011040 193.45150757
v 33.88890054 20.98233986 194.50570679
v 34.86442926 15.97844982 192.65719604
v 34.58066156 20.99011040 193.45150757
v 33.88890817 15.98538017 194.50579834
v 34.86442926 15.97844982 192.65719604
v 34.98316171 20.98681068 191.82209778
v 34.58066156 20.99011040 193.45150757
v 34.96213128 15.42035961 191.40379333
v 34.98316171 20.98681068 191.82209778
v 34.86442926 15.97844982 192.65719604
v -34.11043952 23.48006058 183.14089966
v -33.85981009 23.85172081 191.40550232
v -32.72449134 24.58338928 183.14089966
v -34.88906119 21.86153030 183.14089966
v -33.85981009 23.85172081 191.40550232
v -34.11043952 23.48006058 183.14089966
v -34.88906119 21.86153030 183.14089966
v -34.82411979 22.32403946 191.40809631
v -33.85981009 23.85172081 191.40550232
v -34.88906119 21.86153030 183.14089966
v -34.98701117 20.98196983 191.39920044
v -34.82411979 22.32403946 191.40809631
v -33.85981009 23.85172081 191.40550232
v -32.11706946 24.78396988 192.54570007
v -32.72449134 24.58338928 183.14089966
v 34.53155114 14.69207001 192.98809814
v 34.27392175 13.32266998 192.13810730
v 34.96213128 15.42035961 191.40379333
v 33.26441171 12.18997955 191.99510193
v 32.41484811 12.07866001 193.33630371
v 31.64726999 11.23418999 192.17300415
v 33.26441171 12.18997955 191.99510193
v 33.33884027 13.29117012 194.06019592
v 32.41484811 12.07866001 193.33630371
v 34.27392175 13.32266998 192.13810730
v 33.33884027 13.29117012 194.06019592
v 33.26441171 12.18997955 191.99510193
v 34.53155114 14.69207001 192.98809814
v 33.33884027 13.29117012 194.06019592
v 34.27392175 13.32266998 192.13810730
v 34.53155114 14.69207001 192.98809814
v 33.79088952 14.87376022 194.42799377
v 33.33884027 13.29117012 194.06019592
v 34.86442926 15.97844982 192.65719604
v 33.79088952 14.87376022 194.42799377
v 34.53155114 14.69207001 192.98809814
v 34.86442926 15.97844982 192.65719604
v 33.88890817 15.98538017 194.50579834
v 33.79088952 14.87376022 194.42799377
v 34.96213128 15.42035961 191.40379333
v 34.86442926 15.97844982 192.65719604
v 34.53155114 14.69207001 192.98809814
v 33.76684930 22.32434082 194.39750671
v 30.25830056 21.87187004 198.92640686
v 33.88890054 20.98233986 194.50570679
v 33.34786966 23.88521957 193.25360107
v 30.25830056 21.87187004 198.92640686
v 33.76684930 22.32434082 194.39750671
v 32.35298135 24.78690910 191.82369995
v 30.25830056 21.87187004 198.92640686
v 33.34786966 23.88521957 193.25360107
v 32.35298135 24.78690910 191.82369995
v 28.25463083 24.81620979 197.33970642
v 30.25830056 21.87187004 198.92640686
v 30.97274949 24.97987938 191.39930725
v 28.25463083 24.81620979 197.33970642
v 32.35298135 24.78690910 191.82369995
v 30.97274949 24.97987938 191.39930725
v 23.94515969 24.97985077 198.68960571
v 28.25463083 24.81620979 197.33970642
v 18.98076036 24.83241081 199.82800293
v 23.33081033 24.83233070 199.82859802
v 23.94515969 24.97985077 198.68960571
v 23.13392999 23.71640968 201.66999817
v 23.33081033 24.83233070 199.82859802
v 18.98076036 24.83241081 199.82800293
v 28.15230920 10.70991039 194.19760132
v 29.19454934 10.89103031 195.25939941
v 29.12685945 9.98902225 195.95770264
v 28.41718080 10.99705029 193.69540405
v 29.19454934 10.89103031 195.25939941
v 28.15230920 10.70991039 194.19760132
v 29.83060052 11.42817020 194.89199829
v 29.19454934 10.89103031 195.25939941
v 28.41718080 10.99705029 193.69540405
v 30.84877946 12.28299999 195.85400391
v 29.19454934 10.89103031 195.25939941
v 29.83060052 11.42817020 194.89199829
v 30.84877946 12.28299999 195.85400391
v 30.00443055 11.64074039 196.84280396
v 29.19454934 10.89103031 195.25939941
v 32.11730935 14.30389977 196.41859436
v 30.00443055 11.64074039 196.84280396
v 30.84877946 12.28299999 195.85400391
v 32.11730935 14.30389977 196.41859436
v 31.26448037 14.32287979 197.54029846
v 30.00443055 11.64074039 196.84280396
v 31.19198968 15.35321045 197.90840149
v 30.32497003 14.30799961 199.00559998
v 31.26448037 14.32287979 197.54029846
v 31.26448037 14.32287979 197.54029846
v 29.74409082 10.96026039 198.37600708
v 30.00443055 11.64074039 196.84280396
v 31.26448037 14.32287979 197.54029846
v 30.32497003 14.30799961 199.00559998
v 29.74409082 10.96026039 198.37600708
v 30.00443055 11.64074039 196.84280396
v 29.12685945 9.98902225 195.95770264
v 29.19454934 10.89103031 195.25939941
v 30.00443055 11.64074039 196.84280396
v 29.74409082 10.96026039 198.37600708
v 29.12685945 9.98902225 195.95770264
v 29.74409082 10.96026039 198.37600708
v 29.69032075 9.98165226 197.55650330
v 29.12685945 9.98902225 195.95770264
v 29.74409082 10.96026039 198.37600708
v 28.61214044 10.50734997 201.16969299
v 29.69032075 9.98165226 197.55650330
v 31.26448037 14.32287979 197.54029846
v 32.11730935 14.30389977 196.41859436
v 31.19198968 15.35321045 197.90840149
v 28.41718080 10.99705029 193.69540405
v 28.15230920 10.70991039 194.19760132
v 27.11713960 10.73169994 193.51229858
v -34.60358832 15.97807980 193.45419312
v -31.22900985 15.24396992 197.88650513
v -34.17876075 20.98644066 194.18280029
v -31.22900985 15.24396992 197.88650513
v -30.21916983 22.32220078 198.88589478
v -34.17876075 20.98644066 194.18280029
v -29.67948935 13.00988960 199.79890442
v -19.56057952 9.16168976 212.21549988
v -29.67948935 13.00988960 199.79890442
v -28.61985991 11.02657032 201.17630005
v -30.21916983 22.32220078 198.88589478
v -29.67948935 13.00988960 199.79890442
v -19.56057952 9.16168976 212.21549988
v -18.99667952 24.95137978 199.29609680
v -23.93211959 24.83510017 199.83560181
v -22.88443015 24.13721085 201.20799255
v -18.99667952 24.95137978 199.29609680
v -27.91811965 24.87932968 197.05639648
v -23.93211959 24.83510017 199.83560181
v 22.45825937 21.41522026 192.90220642
v 21.50785997 20.57481956 193.14100647
v 21.85623910 22.07732010 193.14100647
v 22.47733094 19.97113037 192.66760254
v 21.50785997 20.57481956 193.14100647
v 22.45825937 21.41522026 192.90220642
v 23.87268998 24.13467026 193.00700378
v 23.91976907 23.68203926 192.64050293
v 23.03812005 22.73579025 192.90020752
v 23.87268998 24.13467026 193.00700378
v 25.02808931 24.49245071 192.64050293
v 23.91976907 23.68203926 192.64050293
v 25.18588044 24.97985077 193.00480652
v 25.02808931 24.49245071 192.64050293
v 23.87268998 24.13467026 193.00700378
v 23.03812005 22.73579025 192.90020752
v 21.85623910 22.07732010 193.14100647
v 23.87268998 24.13467026 193.00700378
v 22.45825937 21.41522026 192.90220642
v 21.85623910 22.07732010 193.14100647
v 23.03812005 22.73579025 192.90020752
v 25.18588044 24.97985077 193.00480652
v 26.31559922 24.97986031 192.63900757
v 25.02808931 24.49245071 192.64050293
v -22.25951979 19.97178078 192.98599243
v -22.51057074 15.58533001 183.14100647
v -23.34120963 22.76534081 183.14100647
v -21.50851081 15.58533955 193.14100647
v -22.51057074 15.58533001 183.14100647
v -22.25951979 19.97178078 192.98599243
v 33.34786966 23.88521957 193.25360107
v 33.84255960 23.85223007 191.40539551
v 32.35298135 24.78690910 191.82369995
v 34.40488031 22.51210976 192.94400024
v 34.79639032 22.32103920 191.40609741
v 33.84255960 23.85223007 191.40539551
v 34.58066156 20.99011040 193.45150757
v 34.79639032 22.32103920 191.40609741
v 34.40488031 22.51210976 192.94400024
v 34.58066156 20.99011040 193.45150757
v 34.98316171 20.98681068 191.82209778
v 34.79639032 22.32103920 191.40609741
v 34.40488031 22.51210976 192.94400024
v 33.34786966 23.88521957 193.25360107
v 33.76684930 22.32434082 194.39750671
v 33.84255960 23.85223007 191.40539551
v 33.34786966 23.88521957 193.25360107
v 34.40488031 22.51210976 192.94400024
v 34.40488031 22.51210976 192.94400024
v 33.88890054 20.98233986 194.50570679
v 34.58066156 20.99011040 193.45150757
v 33.76684930 22.32434082 194.39750671
v 33.88890054 20.98233986 194.50570679
v 34.40488031 22.51210976 192.94400024
v 32.11730935 14.30389977 196.41859436
v 33.79088952 14.87376022 194.42799377
v 33.88890817 15.98538017 194.50579834
v 32.11730935 14.30389977 196.41859436
v 33.33884027 13.29117012 194.06019592
v 33.79088952 14.87376022 194.42799377
v 30.84877946 12.28299999 195.85400391
v 33.33884027 13.29117012 194.06019592
v 32.11730935 14.30389977 196.41859436
v 30.84877946 12.28299999 195.85400391
v 32.41484811 12.07866001 193.33630371
v 33.33884027 13.29117012 194.06019592
v 30.84877946 12.28299999 195.85400391
v 31.64726999 11.23418999 192.17300415
v 32.41484811 12.07866001 193.33630371
v 29.83060052 11.42817020 194.89199829
v 31.64726999 11.23418999 192.17300415
v 30.84877946 12.28299999 195.85400391
v 28.41718080 10.99705029 193.69540405
v 31.64726999 11.23418999 192.17300415
v 29.83060052 11.42817020 194.89199829
v -23.34120963 22.76534081 183.14100647
v -22.54471038 21.34432030 192.64100647
v -22.25951979 19.97178078 192.98599243
v -23.08347914 22.60833931 192.64089966
v -22.54471038 21.34432030 192.64100647
v -23.34120963 22.76534081 183.14100647
v -23.34120963 22.76534081 183.14100647
v -23.93836997 23.68398094 192.64089966
v -23.08347914 22.60833931 192.64089966
v -25.58365081 24.60102081 183.14100647
v -23.93836997 23.68398094 192.64089966
v -23.34120963 22.76534081 183.14100647
v -25.58365081 24.60102081 183.14100647
v -25.04809020 24.49427986 192.64089966
v -23.93836997 23.68398094 192.64089966
v -25.58365081 24.60102081 183.14100647
v -26.32861922 24.97957993 192.63540649
v -25.04809020 24.49427986 192.64089966
v -27.01770041 10.10809994 193.73959351
v -28.13089011 10.71403027 194.17500305
v -27.12843917 10.69655991 193.52999878
v -27.12843917 10.69655991 193.52999878
v -28.13089011 10.71403027 194.17500305
v -28.63479064 10.96214008 193.90010071
v -27.12843917 10.69655991 193.52999878
v -28.63479064 10.96214008 193.90010071
v -27.20830939 10.97332001 192.92820740
v 19.13907983 8.90956974 212.83580017
v 28.61214044 10.50734997 201.16969299
v 30.32497003 14.30799961 199.00559998
v 30.32497003 14.30799961 199.00559998
v 30.25830056 21.87187004 198.92640686
v 19.13907983 8.90956974 212.83580017
v 31.19198968 15.35321045 197.90840149
v 30.25830056 21.87187004 198.92640686
v 31.19198968 15.35321045 197.90840149
v 33.88890817 15.98538017 194.50579834
v 30.25830056 21.87187004 198.92640686
v 33.88890817 15.98538017 194.50579834
v 33.88890054 20.98233986 194.50570679
v 30.25830056 21.87187004 198.92640686
v -34.99179099 15.41790962 191.61720276
v -34.87440131 20.98974037 192.65539551
v -34.98701117 20.98196983 191.39920044
v -34.60358832 15.97807980 193.45419312
v -34.87440131 20.98974037 192.65539551
v -34.99179099 15.41790962 191.61720276
v -34.60358832 15.97807980 193.45419312
v -34.17876075 20.98644066 194.18280029
v -34.87440131 20.98974037 192.65539551
v 26.59202935 23.15303040 201.38879395
v 19.13907983 8.90956974 212.83580017
v 30.25830056 21.87187004 198.92640686
v 23.13392999 23.71640968 201.66999817
v 18.30974939 13.68389988 210.69590759
v 24.55476930 23.43408966 201.78939819
v 24.55476930 23.43408966 201.78939819
v 18.30974939 13.68389988 210.69590759
v 26.59202935 23.15303040 201.38879395
v 34.57389810 22.71797943 183.14100647
v 34.79639032 22.32103920 191.40609741
v 34.98316171 20.98681068 191.82209778
v 33.84255960 23.85223007 191.40539551
v 34.79639032 22.32103920 191.40609741
v 34.57389810 22.71797943 183.14100647
v 32.35298135 24.78690910 191.82369995
v 32.70780923 24.58374023 183.14100647
v 30.97274949 24.97987938 191.39930725
v 33.84255960 23.85223007 191.40539551
v 32.70780923 24.58374023 183.14100647
v 32.35298135 24.78690910 191.82369995
v 33.84255960 23.85223007 191.40539551
v 34.57389810 22.71797943 183.14100647
v 32.70780923 24.58374023 183.14100647
v 22.45825937 21.41522026 192.90220642
v 22.85803964 21.89442062 183.14100647
v 22.47733094 19.97113037 192.66760254
v 25.56698014 24.60128975 183.14100647
v 25.02808931 24.49245071 192.64050293
v 26.31559922 24.97986031 192.63900757
v 25.56698014 24.60128975 183.14100647
v 23.91976907 23.68203926 192.64050293
v 25.02808931 24.49245071 192.64050293
v 22.85803964 21.89442062 183.14100647
v 23.91976907 23.68203926 192.64050293
v 25.56698014 24.60128975 183.14100647
v 22.85803964 21.89442062 183.14100647
v 23.03812005 22.73579025 192.90020752
v 23.91976907 23.68203926 192.64050293
v 22.85803964 21.89442062 183.14100647
v 22.45825937 21.41522026 192.90220642
v 23.03812005 22.73579025 192.90020752
v 22.47733094 19.97113037 192.66760254
v 21.49189927 15.58557034 193.14100647
v 21.50785997 20.57481956 193.14100647
v -19.56057952 9.16168976 212.21549988
v -28.60543082 23.35913086 199.77369690
v -30.21916983 22.32220078 198.88589478
v -28.60543082 23.35913086 199.77369690
v -18.46945021 13.78697968 210.56069946
v -25.76243041 24.35804939 200.58349609
v -18.46945021 13.78697968 210.56069946
v -22.88443015 24.13721085 201.20799255
v -25.76243041 24.35804939 200.58349609
v -33.74781058 14.31050014 194.36799622
v -31.22900985 15.24396992 197.88650513
v -34.60358832 15.97807980 193.45419312
v -33.74781058 14.31050014 194.36799622
v -32.14244864 14.30173016 196.42640686
v -31.22900985 15.24396992 197.88650513
v -33.12210105 12.36458015 193.11900330
v -32.14244864 14.30173016 196.42640686
v -33.74781058 14.31050014 194.36799622
v -33.12210105 12.36458015 193.11900330
v -31.17922995 12.40927029 195.65510559
v -32.14244864 14.30173016 196.42640686
v -32.04127143 11.52369022 192.49420166
v -31.17922995 12.40927029 195.65510559
v -33.12210105 12.36458015 193.11900330
v -32.04127143 11.52369022 192.49420166
v -29.93568061 11.48744965 195.30079651
v -31.17922995 12.40927029 195.65510559
v -30.61900924 10.96506977 191.61709595
v -29.93568061 11.48744965 195.30079651
v -32.04127143 11.52369022 192.49420166
v -30.61900924 10.96506977 191.61709595
v -28.63479064 10.96214008 193.90010071
v -29.93568061 11.48744965 195.30079651
v -25.76243041 24.35804939 200.58349609
v -27.91811965 24.87932968 197.05639648
v -28.60543082 23.35913086 199.77369690
v -25.76243041 24.35804939 200.58349609
v -23.93211959 24.83510017 199.83560181
v -27.91811965 24.87932968 197.05639648
v -22.88443015 24.13721085 201.20799255
v -23.93211959 24.83510017 199.83560181
v -25.76243041 24.35804939 200.58349609
v 16.12535073 24.09111023 199.50140381
v 15.79894998 23.79947090 193.05169678
v 15.59813001 23.35947037 198.69599915
v 15.59813001 23.35947037 198.69599915
v 15.54028012 22.73134995 199.99940491
v 16.44972017 23.47283936 200.97320557
v 16.12535073 24.09111023 199.50140381
v 16.12535073 24.09111023 199.50140381
v 15.59813001 23.35947037 198.69599915
v 15.54028012 22.73134995 199.99940491
v -15.98145983 23.93965912 193.10029602
v -16.12684081 24.11815071 199.45530701
v -15.57314990 23.22389030 199.17759705
v -16.56405089 15.84821033 208.96659851
v -16.12684081 24.11815071 199.45530701
v -17.29783080 23.95095062 200.95520020
v -22.54471038 21.34432030 192.64100647
v -21.95717070 21.40113068 193.15570068
v -22.25951979 19.97178078 192.98599243
v -23.08347914 22.60833931 192.64089966
v -21.95717070 21.40113068 193.15570068
v -22.54471038 21.34432030 192.64100647
v -23.08347914 22.60833931 192.64089966
v -22.86751006 22.95523071 193.00720215
v -21.95717070 21.40113068 193.15570068
v -23.93836997 23.68398094 192.64089966
v -22.86751006 22.95523071 193.00720215
v -23.08347914 22.60833931 192.64089966
v -23.93836997 23.68398094 192.64089966
v -23.89258979 24.13780975 193.00720215
v -22.86751006 22.95523071 193.00720215
v -25.04809020 24.49427986 192.64089966
v -23.89258979 24.13780975 193.00720215
v -23.93836997 23.68398094 192.64089966
v -25.04809020 24.49427986 192.64089966
v -25.20449088 24.97958946 192.99809265
v -23.89258979 24.13780975 193.00720215
v -25.20449088 24.97958946 192.99809265
v -25.04809020 24.49427986 192.64089966
v -26.32861922 24.97957993 192.63540649
v 22.85803964 21.89442062 183.14100647
v 21.49189927 15.58557034 193.14100647
v 22.47733094 19.97113037 192.66760254
v 22.49399926 15.58557034 183.14100647
v 21.49189927 15.58557034 193.14100647
v 22.85803964 21.89442062 183.14100647
v -30.21916983 22.32220078 198.88589478
v -33.77167914 22.32010078 194.39070129
v -34.17876075 20.98644066 194.18280029
v -28.60543082 23.35913086 199.77369690
v -33.77167914 22.32010078 194.39070129
v -30.21916983 22.32220078 198.88589478
v -28.60543082 23.35913086 199.77369690
v -33.37408088 23.89328957 193.25729370
v -33.77167914 22.32010078 194.39070129
v -28.60543082 23.35913086 199.77369690
v -32.11706946 24.78396988 192.54570007
v -33.37408088 23.89328957 193.25729370
v -27.91811965 24.87932968 197.05639648
v -32.11706946 24.78396988 192.54570007
v -28.60543082 23.35913086 199.77369690
v 30.32497003 14.30799961 199.00559998
v 28.61214044 10.50734997 201.16969299
v 29.74409082 10.96026039 198.37600708
v 33.88890817 15.98538017 194.50579834
v 31.19198968 15.35321045 197.90840149
v 32.11730935 14.30389977 196.41859436
v 27.21789911 14.78604031 192.90699768
v 27.11713960 10.73169994 193.51229858
v 25.48686006 10.31978035 193.18290710
v 29.12685945 9.98902225 195.95770264
v 28.55591943 -5.93366003 195.33979797
v 28.15230920 10.70991039 194.19760132
v 29.12685945 9.98902225 195.95770264
v 29.23298051 -5.93372011 196.74180603
v 28.55591943 -5.93366003 195.33979797
v 29.69032075 9.98165226 197.55650330
v 29.23298051 -5.93372011 196.74180603
v 29.12685945 9.98902225 195.95770264
v 28.61214044 10.50734997 201.16969299
v 29.23298051 -5.93372011 196.74180603
v 29.69032075 9.98165226 197.55650330
v 28.61214044 10.50734997 201.16969299
v 29.13360955 -5.93043995 201.40829468
v 29.23298051 -5.93372011 196.74180603
v -29.27701018 -5.93044996 201.23510742
v -28.61985991 11.02657032 201.17630005
v -29.58534072 11.27478027 199.48629761
v -28.13089011 10.71403027 194.17500305
v -27.60911010 -5.92986012 194.22729492
v -28.69932006 -5.93367004 195.33979797
v -28.13089011 10.71403027 194.17500305
v -28.69932006 -5.93367004 195.33979797
v -29.20773909 10.24129009 196.06599426
v -29.20773909 10.24129009 196.06599426
v -28.69932006 -5.93367004 195.33979797
v -29.57037947 -5.92983007 198.28779602
v -29.20773909 10.24129009 196.06599426
v -29.57037947 -5.92983007 198.28779602
v -29.68498061 9.98091221 198.69279480
v -29.68498061 9.98091221 198.69279480
v -29.57037947 -5.92983007 198.28779602
v -29.27701018 -5.93044996 201.23510742
v -29.68498061 9.98091221 198.69279480
v -29.27701018 -5.93044996 201.23510742
v -29.58534072 11.27478027 199.48629761
v 28.55591943 -5.93366003 195.33979797
v 29.23298051 -5.93372011 196.74180603
v 27.46570947 -5.92985010 194.22729492
v 26.09101083 -5.95029020 193.49119568
v 26.69506051 -5.97774982 203.18220520
v 10.88078954 -6.11724997 201.96809387
v 26.09101083 -5.95029020 193.49119568
v 10.88078954 -6.11724997 201.96809387
v 21.39870050 -6.05413008 193.66160583
v 29.23298051 -5.93372011 196.74180603
v 29.13360955 -5.93043995 201.40829468
v 27.46570947 -5.92985010 194.22729492
v 27.46570947 -5.92985010 194.22729492
v 29.13360955 -5.93043995 201.40829468
v 26.69506051 -5.97774982 203.18220520
v 26.09101083 -5.95029020 193.49119568
v 15.37032964 -19.99501991 188.33479309
v 15.37032010 -0.00496995 188.33479309
v 21.47862985 8.98956203 185.94099426
v 26.86416032 -0.00490999 203.22079468
v 11.52675035 -0.05495995 202.76469421
v 26.69506051 -5.97774982 203.18220520
v 11.52675035 -0.05495995 202.76469421
v 10.88078954 -6.11724997 201.96809387
v 26.69506051 -5.97774982 203.18220520
v 10.88078954 -6.11724997 201.96809387
v 21.39876916 -14.07536983 193.46409607
v 21.39870050 -6.05413008 193.66160583
v 26.69506051 -5.97774982 203.18220520
v 29.13360955 -5.93043995 201.40829468
v 26.86416032 -0.00490999 203.22079468
v 21.47862985 8.98956203 185.94099426
v 21.39870050 -6.05413008 193.66160583
v 21.39876916 -14.07536983 193.46409607
v 15.37032964 -19.99501991 188.33479309
v 10.82779004 -0.05495995 198.86230469
v 15.37032010 -0.00496995 188.33479309
v 10.88078954 -6.11724997 201.96809387
v 11.52675035 -0.05495995 202.76469421
v 10.82779004 -0.05495995 198.86230469
v 10.82779004 -0.05495995 198.86230469
v 10.76732042 -13.86542034 201.64289856
v 10.88078954 -6.11724997 201.96809387
v 21.47863939 -28.98955917 185.94099426
v 21.47863939 -28.98955917 185.94099426
v -21.49515937 -28.98937035 185.94099426
v 21.12270906 -28.88792992 193.14219666
v -21.49515937 -28.98937035 193.14100647
v -21.49510978 -19.99485016 193.14100647
v -21.49515937 -28.98937035 185.94099426
v -21.49515937 -28.98937035 193.14100647
v -21.49515937 -28.98937035 185.94099426
v 21.47863939 -28.98955917 185.94099426
v 21.12270906 -28.88792992 193.14219666
v 21.12270906 -28.88792992 193.14219666
v 21.47863939 -28.98955917 185.94099426
v 21.39876916 -14.07536983 193.46409607
v -15.38684008 -19.99488068 188.33470154
v 21.47863939 -28.98955917 185.94099426
v -21.49515937 -28.98937035 185.94099426
v 15.37032964 -19.99501991 188.33479309
v -15.38684008 -19.99488068 188.33470154
v -21.49515937 -28.98937035 185.94099426
v -21.49515937 8.98935986 185.94099426
v -21.54216025 -14.07538033 193.46409607
v -21.49515937 8.98935986 185.94099426
v -21.49510978 -19.99485016 193.14100647
v -10.97118972 -0.05496990 198.86230469
v -11.02419017 -6.11724997 201.96809387
v -10.91072009 -13.86542988 201.64289856
v -11.02419017 -6.11724997 201.96809387
v -10.97118972 -0.05496990 198.86230469
v -11.67015002 -0.05495995 202.76469421
v -15.38684008 -19.99488068 188.33470154
v -15.38684962 -0.00512993 188.33470154
v -10.97118972 -0.05496990 198.86230469
v -21.49515937 8.98935986 185.94099426
v -21.54216025 -14.07538033 193.46409607
v -21.54209922 -6.05414009 193.66160583
v -21.49515937 8.98935986 185.94099426
v -21.54209922 -6.05414009 193.66160583
v -21.49511931 -0.00515997 193.14100647
v -26.83845923 -5.97776985 203.18220520
v -26.95328925 -0.00518995 203.19009399
v -29.27701018 -5.93044996 201.23510742
v -26.23440955 -5.95030022 193.49119568
v -21.49511931 -0.00515997 193.14100647
v -21.54209922 -6.05414009 193.66160583
v -11.02419017 -6.11724997 201.96809387
v -21.54209922 -6.05414009 193.66160583
v -21.54216025 -14.07538033 193.46409607
v -11.67015002 -0.05495995 202.76469421
v -26.83845923 -5.97776985 203.18220520
v -11.02419017 -6.11724997 201.96809387
v -26.95328925 -0.00518995 203.19009399
v -26.83845923 -5.97776985 203.18220520
v -11.67015002 -0.05495995 202.76469421
v -15.38684962 -0.00512993 188.33470154
v -27.60911010 -5.92986012 194.22729492
v -26.23440955 -5.95030022 193.49119568
v -26.83845923 -5.97776985 203.18220520
v -29.27701018 -5.93044996 201.23510742
v -29.57037947 -5.92983007 198.28779602
v -27.60911010 -5.92986012 194.22729492
v -29.27701018 -5.93044996 201.23510742
v -26.23440955 -5.95030022 193.49119568
v -21.54209922 -6.05414009 193.66160583
v -11.02419017 -6.11724997 201.96809387
v -26.23440955 -5.95030022 193.49119568
v -11.02419017 -6.11724997 201.96809387
v -26.83845923 -5.97776985 203.18220520
v -28.69932006 -5.93367004 195.33979797
v -27.60911010 -5.92986012 194.22729492
v -29.57037947 -5.92983007 198.28779602
v -10.97118972 -0.05496990 198.86230469
v -10.91072009 -13.86542988 201.64289856
v -10.84871028 -20.04278946 200.90139771
v -10.91072009 -13.86542988 201.64289856
v -12.26268981 -14.04642963 203.06089783
v -11.23147033 -20.04277992 202.32539368
v -11.23147033 -20.04277992 202.32539368
v -10.84871028 -20.04278946 200.90139771
v -10.91072009 -13.86542988 201.64289856
v -27.05053923 -19.99481964 203.06680298
v -26.72158072 -14.08800983 203.14840698
v -28.52974913 -14.16117954 201.17919922
v -10.91072009 -13.86542988 201.64289856
v -11.02419017 -6.11724997 201.96809387
v -21.54216025 -14.07538033 193.46409607
v -12.26268981 -14.04642963 203.06089783
v -27.05053923 -19.99481964 203.06680298
v -11.23147033 -20.04277992 202.32539368
v -12.26268981 -14.04642963 203.06089783
v -26.72158072 -14.08800983 203.14840698
v -27.05053923 -19.99481964 203.06680298
v -21.54216025 -14.07538033 193.46409607
v -26.72158072 -14.08800983 203.14840698
v -12.26268981 -14.04642963 203.06089783
v -10.91072009 -13.86542988 201.64289856
v -21.54216025 -14.07538033 193.46409607
v -12.26268981 -14.04642963 203.06089783
v -27.60922072 -14.16784000 194.22709656
v -28.52974913 -14.16117954 201.17919922
v -26.72158072 -14.08800983 203.14840698
v -29.57058928 -14.16784000 198.28779602
v -28.52974913 -14.16117954 201.17919922
v -28.69944976 -14.16394043 195.33970642
v -10.84871028 -20.04278946 200.90139771
v -15.38684008 -19.99488068 188.33470154
v -10.97118972 -0.05496990 198.86230469
v -26.23435042 -14.14846992 193.49139404
v -27.60922072 -14.16784000 194.22709656
v -26.72158072 -14.08800983 203.14840698
v -27.60922072 -14.16784000 194.22709656
v -28.69944976 -14.16394043 195.33970642
v -28.52974913 -14.16117954 201.17919922
v -21.54216025 -14.07538033 193.46409607
v -21.49510978 -19.99485016 193.14100647
v -26.23435042 -14.14846992 193.49139404
v -21.54216025 -14.07538033 193.46409607
v -28.52974913 -14.16117954 201.17919922
v -28.61985038 -31.02658081 201.17630005
v -27.05053923 -19.99481964 203.06680298
v -27.05053923 -19.99481964 203.06680298
v -28.61985038 -31.02658081 201.17630005
v -11.75492022 -19.99489021 222.46020508
v -29.27701018 -5.93044996 201.23510742
v -26.95328925 -0.00518995 203.19009399
v -28.61985991 11.02657032 201.17630005
v -26.95328925 -0.00518995 203.19009399
v -11.75492976 -0.00510991 222.46020508
v -28.61985991 11.02657032 201.17630005
v -26.95328925 -0.00518995 203.19009399
v -11.67015002 -0.05495995 202.76469421
v -10.97118972 -0.05496990 198.86230469
v 15.37032010 -0.00496995 188.33479309
v -15.38684962 -0.00512993 188.33470154
v -11.23147033 -20.04277992 202.32539368
v -27.05053923 -19.99481964 203.06680298
v -10.84871028 -20.04278946 200.90139771
v -15.38684008 -19.99488068 188.33470154
v -10.84871028 -20.04278946 200.90139771
v 0.30542999 -20.00591087 213.14840698
v 23.13392999 23.71640968 201.66999817
v 18.98076036 24.83241081 199.82800293
v 16.44972017 23.47283936 200.97320557
v 17.12171914 15.64486027 209.27340698
v 23.13392999 23.71640968 201.66999817
v 16.44972017 23.47283936 200.97320557
v 17.12171914 15.64486027 209.27340698
v 18.30974939 13.68389988 210.69590759
v 23.13392999 23.71640968 201.66999817
v -18.99667952 24.95137978 199.29609680
v -22.88443015 24.13721085 201.20799255
v -17.29783080 23.95095062 200.95520020
v -16.56405089 15.84821033 208.96659851
v -17.29783080 23.95095062 200.95520020
v -22.88443015 24.13721085 201.20799255
v -18.46945021 13.78697968 210.56069946
v -16.56405089 15.84821033 208.96659851
v -22.88443015 24.13721085 201.20799255
v 0.49022999 13.58403015 220.12319946
v 0.00481989 14.05591011 212.80209351
v -5.66178010 14.28621006 218.79780579
v 0.49022999 13.58403015 220.12319946
v 5.64505985 14.28627014 218.79780579
v 0.00481989 14.05591011 212.80209351
v 0.49022999 13.58403015 220.12319946
v -5.66178010 14.28621006 218.79780579
v -8.34781955 13.16497993 221.48550415
v -0.00814996 9.95958233 224.84530640
v 0.49022999 13.58403015 220.12319946
v -8.34781955 13.16497993 221.48550415
v -0.00814996 9.95958233 224.84530640
v 9.69377210 11.31000996 222.84899902
v 0.49022999 13.58403015 220.12319946
v 0.49022999 13.58403015 220.12319946
v 9.69377210 11.31000996 222.84899902
v 5.64505985 14.28627014 218.79780579
v -0.00814996 9.95958233 224.84530640
v -8.34781955 13.16497993 221.48550415
v -6.18829987 8.18811989 225.11340332
v -0.00814996 9.95958233 224.84530640
v 6.17158010 8.18819237 225.11349487
v 9.69377210 11.31000996 222.84899902
v -6.18829987 8.18811989 225.11340332
v -8.34781955 13.16497993 221.48550415
v -9.71045993 11.30990028 222.84899902
v -10.60647033 7.42226982 223.74780273
v -6.18829987 8.18811989 225.11340332
v -9.71045993 11.30990028 222.84899902
v 10.52494981 8.08446980 223.68530273
v 9.69377210 11.31000996 222.84899902
v 6.17158010 8.18819237 225.11349487
v -0.00814996 9.95958233 224.84530640
v -0.00836996 8.18815994 226.61610413
v 6.17158010 8.18819237 225.11349487
v -0.00814996 9.95958233 224.84530640
v -6.18829987 8.18811989 225.11340332
v -0.00836996 8.18815994 226.61610413
v 17.12171914 15.64486027 209.27340698
v 16.44972017 23.47283936 200.97320557
v 16.32771089 15.88887978 208.88429260
v 16.32771089 15.88887978 208.88429260
v 16.44972017 23.47283936 200.97320557
v 15.54028012 22.73134995 199.99940491
v 16.32772042 -35.91410828 208.88429260
v 15.54028966 -42.75656891 199.99940491
v 16.44972970 -43.49806976 200.97320557
v 17.12173059 -35.67008972 209.27340698
v 16.32772042 -35.91410828 208.88429260
v 16.44972970 -43.49806976 200.97320557
v -0.00813995 -29.98480988 224.84530640
v -0.00835995 -28.21339035 226.61610413
v -6.18828986 -28.21335983 225.11340332
v -0.00813995 -29.98480988 224.84530640
v 6.17158010 -28.21342087 225.11349487
v -0.00835995 -28.21339035 226.61610413
v 10.52496030 -28.10969925 223.68530273
v 6.17158010 -28.21342087 225.11349487
v 9.69377973 -31.33523941 222.84899902
v -10.60645983 -27.44750023 223.74780273
v -9.71045993 -31.33514023 222.84899902
v -6.18828986 -28.21335983 225.11340332
v -6.18828986 -28.21335983 225.11340332
v -9.71045993 -31.33514023 222.84899902
v -8.34781001 -33.19021988 221.48550415
v -0.00813995 -29.98480988 224.84530640
v 9.69377973 -31.33523941 222.84899902
v 6.17158010 -28.21342087 225.11349487
v -0.00813995 -29.98480988 224.84530640
v -6.18828986 -28.21335983 225.11340332
v -8.34781001 -33.19021988 221.48550415
v 0.49024000 -33.60926056 220.12319946
v 5.64506986 -34.31150055 218.79780579
v 9.69377973 -31.33523941 222.84899902
v -0.00813995 -29.98480988 224.84530640
v 0.49024000 -33.60926056 220.12319946
v 9.69377973 -31.33523941 222.84899902
v -0.00813995 -29.98480988 224.84530640
v -8.34781001 -33.19021988 221.48550415
v 0.49024000 -33.60926056 220.12319946
v 0.49024000 -33.60926056 220.12319946
v -8.34781001 -33.19021988 221.48550415
v -5.66177008 -34.31143951 218.79780579
v 0.49024000 -33.60926056 220.12319946
v 0.00482996 -34.08113861 212.80209351
v 5.64506986 -34.31150055 218.79780579
v 0.49024000 -33.60926056 220.12319946
v -5.66177008 -34.31143951 218.79780579
v 0.00482996 -34.08113861 212.80209351
v -18.46944068 -33.81222153 210.56069946
v -22.88442061 -44.16244888 201.20799255
v -16.56403945 -35.87345123 208.96659851
v -16.56403945 -35.87345123 208.96659851
v -22.88442061 -44.16244888 201.20799255
v -17.29780982 -43.97618103 200.95520020
v -18.99666999 -44.97660828 199.29609680
v -17.29780982 -43.97618103 200.95520020
v -22.88442061 -44.16244888 201.20799255
v 17.12173059 -35.67008972 209.27340698
v 23.13393953 -43.74163818 201.66999817
v 18.30976083 -33.70912170 210.69590759
v 17.12173059 -35.67008972 209.27340698
v 16.44972970 -43.49806976 200.97320557
v 23.13393953 -43.74163818 201.66999817
v 23.13393953 -43.74163818 201.66999817
v 16.44972970 -43.49806976 200.97320557
v 18.98076989 -44.85763931 199.82800293
v 27.21791055 -34.81126022 192.90699768
v 25.48686959 -30.31977081 193.18290710
v 27.11713960 -30.73168945 193.51229858
v 33.88890817 -36.01060104 194.50579834
v 32.11730935 -34.32912064 196.41859436
v 31.19199922 -35.37842941 197.90840149
v -27.91811011 -44.90457916 197.05639648
v -28.20167945 -44.24277878 198.90980530
v -32.11706183 -44.80920029 192.54570007
v -28.20167945 -44.24277878 198.90980530
v -33.37406180 -43.91854095 193.25729370
v -32.11706183 -44.80920029 192.54570007
v -28.20167945 -44.24277878 198.90980530
v -28.60541938 -43.38436890 199.77369690
v -33.37406180 -43.91854095 193.25729370
v -28.60541938 -43.38436890 199.77369690
v -33.77166007 -42.34534073 194.39070129
v -33.37406180 -43.91854095 193.25729370
v -28.60541938 -43.38436890 199.77369690
v -30.21916030 -42.34743118 198.88589478
v -33.77166007 -42.34534073 194.39070129
v -30.21916030 -42.34743118 198.88589478
v -34.17874167 -41.01166916 194.18280029
v -33.77166007 -42.34534073 194.39070129
v 22.49399926 -35.61079025 183.14100647
v 22.85804918 -41.91965103 183.14100647
v 21.49189927 -35.58554840 193.14100647
v 22.85804918 -41.91965103 183.14100647
v 22.47733094 -39.99634933 192.66760254
v 21.49189927 -35.58554840 193.14100647
v -25.20447943 -45.00482178 192.99809265
v -26.32860968 -45.00481033 192.63540649
v -25.04808066 -44.51951981 192.64089966
v -25.04808066 -44.51951981 192.64089966
v -23.89258025 -44.16305161 193.00720215
v -25.20447943 -45.00482178 192.99809265
v -25.04808066 -44.51951981 192.64089966
v -23.93835089 -43.70922089 192.64089966
v -23.89258025 -44.16305161 193.00720215
v -23.93835089 -43.70922089 192.64089966
v -22.86750052 -42.98046875 193.00720215
v -23.89258025 -44.16305161 193.00720215
v -23.93835089 -43.70922089 192.64089966
v -23.08346961 -42.63357925 192.64089966
v -22.86750052 -42.98046875 193.00720215
v -23.08346961 -42.63357925 192.64089966
v -21.95715926 -41.42636871 193.15570068
v -22.86750052 -42.98046875 193.00720215
v -23.08346961 -42.63357925 192.64089966
v -22.54470084 -41.36954880 192.64100647
v -21.95715926 -41.42636871 193.15570068
v -22.54470084 -41.36954880 192.64100647
v -22.25951026 -39.99702072 192.98599243
v -21.95715926 -41.42636871 193.15570068
v -16.56403945 -35.87345123 208.96659851
v -17.29780982 -43.97618103 200.95520020
v -16.12681983 -44.14339066 199.45530701
v -15.98145030 -43.96490097 193.10029602
v -15.57314036 -43.24913025 199.17759705
v -16.12681983 -44.14339066 199.45530701
v 16.12536981 -44.11632919 199.50140381
v 15.54028966 -42.75656891 199.99940491
v 15.59813955 -43.38470078 198.69599915
v 15.54028966 -42.75656891 199.99940491
v 16.12536981 -44.11632919 199.50140381
v 16.44972970 -43.49806976 200.97320557
v 15.79896047 -43.82469177 193.05169678
v 15.59813955 -43.38470078 198.69599915
v 15.54028966 -42.75656891 199.99940491
v 16.12536981 -44.11632919 199.50140381
v 15.59813955 -43.38470078 198.69599915
v 15.79896047 -43.82469177 193.05169678
v -22.88442061 -44.16244888 201.20799255
v -25.76242087 -44.38328934 200.58349609
v -23.93211005 -44.86032867 199.83560181
v -25.76242087 -44.38328934 200.58349609
v -27.91811011 -44.90457916 197.05639648
v -23.93211005 -44.86032867 199.83560181
v -25.76242087 -44.38328934 200.58349609
v -28.20167945 -44.24277878 198.90980530
v -27.91811011 -44.90457916 197.05639648
v -28.60541938 -43.38436890 199.77369690
v -28.20167945 -44.24277878 198.90980530
v -25.76242087 -44.38328934 200.58349609
v -30.61899970 -30.99029922 191.61709595
v -29.93568061 -31.51268005 195.30079651
v -28.63477919 -30.98737907 193.90010071
v -30.61899970 -30.99029922 191.61709595
v -32.04127143 -31.54894066 192.49420166
v -29.93568061 -31.51268005 195.30079651
v -32.04127143 -31.54894066 192.49420166
v -31.17922042 -32.43450165 195.65510559
v -29.93568061 -31.51268005 195.30079651
v -32.04127143 -31.54894066 192.49420166
v -33.12210105 -32.38982010 193.11900330
v -31.17922042 -32.43450165 195.65510559
v -33.12210105 -32.38982010 193.11900330
v -32.14244101 -34.32696915 196.42640686
v -31.17922042 -32.43450165 195.65510559
v -33.12210105 -32.38982010 193.11900330
v -33.74779914 -34.33573914 194.36799622
v -32.14244101 -34.32696915 196.42640686
v -33.74779914 -34.33573914 194.36799622
v -31.22900031 -35.26921082 197.88650513
v -32.14244101 -34.32696915 196.42640686
v -33.74779914 -34.33573914 194.36799622
v -34.60358832 -36.00331116 193.45419312
v -31.22900031 -35.26921082 197.88650513
v -18.46944068 -33.81222153 210.56069946
v -25.76242087 -44.38328934 200.58349609
v -22.88442061 -44.16244888 201.20799255
v -28.60541938 -43.38436890 199.77369690
v -25.76242087 -44.38328934 200.58349609
v -18.46944068 -33.81222153 210.56069946
v -19.56056998 -29.16169930 212.21549988
v -30.21916030 -42.34743118 198.88589478
v -28.60541938 -43.38436890 199.77369690
v 22.47733094 -39.99634933 192.66760254
v 21.50786950 -40.60004044 193.14100647
v 21.49189927 -35.58554840 193.14100647
v 22.85804918 -41.91965103 183.14100647
v 23.03812959 -42.76100922 192.90020752
v 22.45827081 -41.44044113 192.90220642
v 22.85804918 -41.91965103 183.14100647
v 23.91978051 -43.70727158 192.64050293
v 23.03812959 -42.76100922 192.90020752
v 22.85804918 -41.91965103 183.14100647
v 25.56698968 -44.62651825 183.14100647
v 23.91978051 -43.70727158 192.64050293
v 25.56698968 -44.62651825 183.14100647
v 25.02810075 -44.51768112 192.64050293
v 23.91978051 -43.70727158 192.64050293
v 25.56698968 -44.62651825 183.14100647
v 26.31561067 -45.00508881 192.63900757
v 25.02810075 -44.51768112 192.64050293
v 22.45827081 -41.44044113 192.90220642
v 22.47733094 -39.99634933 192.66760254
v 22.85804918 -41.91965103 183.14100647
v 33.84257867 -43.87744904 191.40539551
v 32.70782830 -44.60895920 183.14100647
v 34.57390954 -42.74319839 183.14100647
v 33.84257867 -43.87744904 191.40539551
v 32.35298898 -44.81212997 191.82369995
v 32.70782830 -44.60895920 183.14100647
v 32.35298898 -44.81212997 191.82369995
v 30.97276094 -45.00511169 191.39930725
v 32.70782830 -44.60895920 183.14100647
v 33.84257867 -43.87744904 191.40539551
v 34.57390954 -42.74319839 183.14100647
v 34.79640939 -42.34627151 191.40609741
v 34.57390954 -42.74319839 183.14100647
v 34.98318078 -41.01203918 191.82209778
v 34.79640939 -42.34627151 191.40609741
v 23.13393953 -43.74163818 201.66999817
v 26.59204080 -43.17824936 201.38879395
v 18.30976083 -33.70912170 210.69590759
v 26.59204080 -43.17824936 201.38879395
v 30.25831010 -41.89709091 198.92640686
v 19.45202996 -32.05484009 211.11259460
v -34.60358832 -36.00331116 193.45419312
v -34.87438987 -41.01498032 192.65539551
v -34.17874167 -41.01166916 194.18280029
v -34.60358832 -36.00331116 193.45419312
v -34.99179099 -35.44314957 191.61720276
v -34.87438987 -41.01498032 192.65539551
v -34.99179099 -35.44314957 191.61720276
v -34.98701117 -41.00720978 191.39920044
v -34.87438987 -41.01498032 192.65539551
v 33.88890817 -36.01060104 194.50579834
v 30.25831010 -41.89709091 198.92640686
v 33.88891961 -41.00756073 194.50570679
v 31.19199922 -35.37842941 197.90840149
v 30.25831010 -41.89709091 198.92640686
v 33.88890817 -36.01060104 194.50579834
v 31.19199922 -35.37842941 197.90840149
v 30.32497003 -34.33322144 199.00559998
v 30.25831010 -41.89709091 198.92640686
v 30.32497003 -34.33322144 199.00559998
v 19.13908937 -28.90955925 212.83580017
v 30.25831010 -41.89709091 198.92640686
v 19.13908937 -28.90955925 212.83580017
v 28.61214997 -30.50733948 201.16969299
v -27.12842963 -30.72179031 193.52999878
v -27.20830939 -30.99855042 192.92820740
v -28.63477919 -30.98737907 193.90010071
v -27.12842963 -30.72179031 193.52999878
v -28.63477919 -30.98737907 193.90010071
v -28.13088057 -30.71404076 194.17500305
v -27.01769088 -30.10811043 193.73959351
v -27.12842963 -30.72179031 193.52999878
v -28.13088057 -30.71404076 194.17500305
v -25.58363936 -44.62625122 183.14100647
v -25.04808066 -44.51951981 192.64089966
v -26.32860968 -45.00481033 192.63540649
v -25.58363936 -44.62625122 183.14100647
v -23.93835089 -43.70922089 192.64089966
v -25.04808066 -44.51951981 192.64089966
v -25.58363936 -44.62625122 183.14100647
v -23.34120009 -42.79058075 183.14100647
v -23.93835089 -43.70922089 192.64089966
v -23.34120009 -42.79058075 183.14100647
v -23.08346961 -42.63357925 192.64089966
v -23.93835089 -43.70922089 192.64089966
v -23.08346961 -42.63357925 192.64089966
v -23.34120009 -42.79058075 183.14100647
v -22.54470084 -41.36954880 192.64100647
v -23.34120009 -42.79058075 183.14100647
v -22.25951026 -39.99702072 192.98599243
v -22.54470084 -41.36954880 192.64100647
v 28.41719033 -31.02227020 193.69540405
v 29.83060052 -31.45339012 194.89199829
v 31.64727952 -31.25939941 192.17300415
v 29.83060052 -31.45339012 194.89199829
v 30.84879091 -32.30821991 195.85400391
v 31.64727952 -31.25939941 192.17300415
v 30.84879091 -32.30821991 195.85400391
v 32.41485955 -32.10388184 193.33630371
v 31.64727952 -31.25939941 192.17300415
v 30.84879091 -32.30821991 195.85400391
v 33.33884027 -33.31639862 194.06019592
v 32.41485955 -32.10388184 193.33630371
v 30.84879091 -32.30821991 195.85400391
v 32.11730935 -34.32912064 196.41859436
v 33.33884027 -33.31639862 194.06019592
v 32.11730935 -34.32912064 196.41859436
v 33.79090097 -34.89899063 194.42799377
v 33.33884027 -33.31639862 194.06019592
v 32.11730935 -34.32912064 196.41859436
v 33.88890817 -36.01060104 194.50579834
v 33.79090097 -34.89899063 194.42799377
v 33.76684930 -42.34955978 194.39750671
v 34.40489175 -42.53733063 192.94400024
v 33.88891961 -41.00756073 194.50570679
v 34.40489175 -42.53733063 192.94400024
v 34.58066919 -41.01533890 193.45150757
v 33.88891961 -41.00756073 194.50570679
v 33.84257867 -43.87744904 191.40539551
v 34.40489175 -42.53733063 192.94400024
v 33.34788873 -43.91043854 193.25360107
v 34.40489175 -42.53733063 192.94400024
v 33.76684930 -42.34955978 194.39750671
v 33.34788873 -43.91043854 193.25360107
v 34.58066919 -41.01533890 193.45150757
v 34.79640939 -42.34627151 191.40609741
v 34.98318078 -41.01203918 191.82209778
v 34.58066919 -41.01533890 193.45150757
v 34.40489175 -42.53733063 192.94400024
v 34.79640939 -42.34627151 191.40609741
v 34.40489175 -42.53733063 192.94400024
v 33.84257867 -43.87744904 191.40539551
v 34.79640939 -42.34627151 191.40609741
v 33.34788873 -43.91043854 193.25360107
v 32.35298898 -44.81212997 191.82369995
v 33.84257867 -43.87744904 191.40539551
v -21.50851081 -35.58535004 193.14100647
v -22.25951026 -39.99702072 192.98599243
v -22.51055930 -35.61056900 183.14100647
v -22.25951026 -39.99702072 192.98599243
v -23.34120009 -42.79058075 183.14100647
v -22.51055930 -35.61056900 183.14100647
v 25.18588998 -45.00508118 193.00480652
v 25.02810075 -44.51768112 192.64050293
v 26.31561067 -45.00508881 192.63900757
v 22.45827081 -41.44044113 192.90220642
v 23.03812959 -42.76100922 192.90020752
v 21.85625055 -42.10255051 193.14100647
v 23.03812959 -42.76100922 192.90020752
v 23.87269952 -44.15988922 193.00700378
v 21.85625055 -42.10255051 193.14100647
v 25.18588998 -45.00508118 193.00480652
v 23.87269952 -44.15988922 193.00700378
v 25.02810075 -44.51768112 192.64050293
v 23.87269952 -44.15988922 193.00700378
v 23.91978051 -43.70727158 192.64050293
v 25.02810075 -44.51768112 192.64050293
v 23.87269952 -44.15988922 193.00700378
v 23.03812959 -42.76100922 192.90020752
v 23.91978051 -43.70727158 192.64050293
v 22.47733094 -39.99634933 192.66760254
v 22.45827081 -41.44044113 192.90220642
v 21.50786950 -40.60004044 193.14100647
v 22.45827081 -41.44044113 192.90220642
v 21.85625055 -42.10255051 193.14100647
v 21.50786950 -40.60004044 193.14100647
v -18.99666999 -44.97660828 199.29609680
v -23.93211005 -44.86032867 199.83560181
v -27.91811011 -44.90457916 197.05639648
v -18.99666999 -44.97660828 199.29609680
v -22.88442061 -44.16244888 201.20799255
v -23.93211005 -44.86032867 199.83560181
v -30.21916030 -42.34743118 198.88589478
v -19.56056998 -29.16169930 212.21549988
v -29.67947982 -33.03514099 199.79890442
v -19.56056998 -29.16169930 212.21549988
v -28.61985038 -31.02658081 201.17630005
v -29.67947982 -33.03514099 199.79890442
v -29.67947982 -33.03514099 199.79890442
v -31.22900031 -35.26921082 197.88650513
v -30.21916030 -42.34743118 198.88589478
v -34.17874167 -41.01166916 194.18280029
v -34.60358832 -36.00331116 193.45419312
v -34.17874167 -41.01166916 194.18280029
v -31.22900031 -35.26921082 197.88650513
v 28.41719033 -31.02227020 193.69540405
v 27.11713960 -30.73168945 193.51229858
v 28.15232064 -30.70989990 194.19760132
v 31.26448991 -34.34811020 197.54029846
v 31.19199922 -35.37842941 197.90840149
v 32.11730935 -34.32912064 196.41859436
v 30.32497003 -34.33322144 199.00559998
v 29.74409082 -30.96025085 198.37590027
v 28.61214997 -30.50733948 201.16969299
v 30.00444009 -31.66596985 196.84280396
v 29.12687089 -29.98900986 195.95770264
v 29.74409082 -30.96025085 198.37590027
v 30.00444009 -31.66596985 196.84280396
v 29.19454934 -30.91625977 195.25939941
v 29.12687089 -29.98900986 195.95770264
v 30.32497003 -34.33322144 199.00559998
v 31.26448991 -34.34811020 197.54029846
v 29.74409082 -30.96025085 198.37590027
v 31.26448991 -34.34811020 197.54029846
v 30.00444009 -31.66596985 196.84280396
v 29.74409082 -30.96025085 198.37590027
v 31.19199922 -35.37842941 197.90840149
v 31.26448991 -34.34811020 197.54029846
v 30.32497003 -34.33322144 199.00559998
v 32.11730935 -34.32912064 196.41859436
v 30.00444009 -31.66596985 196.84280396
v 31.26448991 -34.34811020 197.54029846
v 32.11730935 -34.32912064 196.41859436
v 30.84879091 -32.30821991 195.85400391
v 30.00444009 -31.66596985 196.84280396
v 30.84879091 -32.30821991 195.85400391
v 29.19454934 -30.91625977 195.25939941
v 30.00444009 -31.66596985 196.84280396
v 30.84879091 -32.30821991 195.85400391
v 29.83060052 -31.45339012 194.89199829
v 29.19454934 -30.91625977 195.25939941
v 29.83060052 -31.45339012 194.89199829
v 28.41719033 -31.02227020 193.69540405
v 29.19454934 -30.91625977 195.25939941
v 28.41719033 -31.02227020 193.69540405
v 28.15232064 -30.70989990 194.19760132
v 29.19454934 -30.91625977 195.25939941
v 28.15232064 -30.70989990 194.19760132
v 29.12687089 -29.98900986 195.95770264
v 29.19454934 -30.91625977 195.25939941
v 23.13393953 -43.74163818 201.66999817
v 18.98076989 -44.85763931 199.82800293
v 23.33081987 -44.85755920 199.82859802
v 18.98076989 -44.85763931 199.82800293
v 23.94516923 -45.00506973 198.68960571
v 23.33081987 -44.85755920 199.82859802
v 30.97276094 -45.00511169 191.39930725
v 28.25464036 -44.84143829 197.33970642
v 23.94516923 -45.00506973 198.68960571
v 30.97276094 -45.00511169 191.39930725
v 32.35298898 -44.81212997 191.82369995
v 28.25464036 -44.84143829 197.33970642
v 32.35298898 -44.81212997 191.82369995
v 30.25831010 -41.89709091 198.92640686
v 28.25464036 -44.84143829 197.33970642
v 32.35298898 -44.81212997 191.82369995
v 33.34788873 -43.91043854 193.25360107
v 30.25831010 -41.89709091 198.92640686
v 33.34788873 -43.91043854 193.25360107
v 33.76684930 -42.34955978 194.39750671
v 30.25831010 -41.89709091 198.92640686
v 33.76684930 -42.34955978 194.39750671
v 33.88891961 -41.00756073 194.50570679
v 30.25831010 -41.89709091 198.92640686
v 34.96213891 -35.44559097 191.40379333
v 34.53155114 -34.71730042 192.98809814
v 34.86442926 -36.00366974 192.65719604
v 34.86442926 -36.00366974 192.65719604
v 33.79090097 -34.89899063 194.42799377
v 33.88890817 -36.01060104 194.50579834
v 34.86442926 -36.00366974 192.65719604
v 34.53155114 -34.71730042 192.98809814
v 33.79090097 -34.89899063 194.42799377
v 34.53155114 -34.71730042 192.98809814
v 33.33884027 -33.31639862 194.06019592
v 33.79090097 -34.89899063 194.42799377
v 34.53155114 -34.71730042 192.98809814
v 34.27392938 -33.34788895 192.13810730
v 33.33884027 -33.31639862 194.06019592
v 34.27392938 -33.34788895 192.13810730
v 33.26441171 -32.21519852 191.99510193
v 33.33884027 -33.31639862 194.06019592
v 33.26441171 -32.21519852 191.99510193
v 32.41485955 -32.10388184 193.33630371
v 33.33884027 -33.31639862 194.06019592
v 33.26441171 -32.21519852 191.99510193
v 31.64727952 -31.25939941 192.17300415
v 32.41485955 -32.10388184 193.33630371
v 34.53155114 -34.71730042 192.98809814
v 34.96213891 -35.44559097 191.40379333
v 34.27392938 -33.34788895 192.13810730
v -33.85979865 -43.87696075 191.40550232
v -32.72446845 -44.60863113 183.14089966
v -32.11706183 -44.80920029 192.54570007
v -34.88904975 -41.88676834 183.14089966
v -34.82410071 -42.34928894 191.40809631
v -34.98701117 -41.00720978 191.39920044
v -34.88904975 -41.88676834 183.14089966
v -33.85979865 -43.87696075 191.40550232
v -34.82410071 -42.34928894 191.40809631
v -34.88904975 -41.88676834 183.14089966
v -34.11043952 -43.50529099 183.14089966
v -33.85979865 -43.87696075 191.40550232
v -34.11043952 -43.50529099 183.14089966
v -32.72446845 -44.60863113 183.14089966
v -33.85979865 -43.87696075 191.40550232
v 34.96213891 -35.44559097 191.40379333
v 34.86442926 -36.00366974 192.65719604
v 34.98318078 -41.01203918 191.82209778
v 34.86442926 -36.00366974 192.65719604
v 34.58066919 -41.01533890 193.45150757
v 34.98318078 -41.01203918 191.82209778
v 34.86442926 -36.00366974 192.65719604
v 33.88890817 -36.01060104 194.50579834
v 34.58066919 -41.01533890 193.45150757
v 33.88890817 -36.01060104 194.50579834
v 33.88891961 -41.00756073 194.50570679
v 34.58066919 -41.01533890 193.45150757
v -34.60358832 -36.00331116 193.45419312
v -34.43127845 -34.06270981 192.95060730
v -34.99179099 -35.44314957 191.61720276
v -34.43127845 -34.06270981 192.95060730
v -34.27772925 -33.31671143 191.40559387
v -34.99179099 -35.44314957 191.61720276
v -34.43127845 -34.06270981 192.95060730
v -33.12210105 -32.38982010 193.11900330
v -34.27772925 -33.31671143 191.40559387
v -33.12210105 -32.38982010 193.11900330
v -33.10561011 -32.10356140 191.39920044
v -34.27772925 -33.31671143 191.40559387
v -33.12210105 -32.38982010 193.11900330
v -32.04127143 -31.54894066 192.49420166
v -33.10561011 -32.10356140 191.39920044
v -34.43127845 -34.06270981 192.95060730
v -33.74779914 -34.33573914 194.36799622
v -33.12210105 -32.38982010 193.11900330
v -34.43127845 -34.06270981 192.95060730
v -34.60358832 -36.00331116 193.45419312
v -33.74779914 -34.33573914 194.36799622
v -31.22900031 -35.26921082 197.88650513
v -29.67947982 -33.03514099 199.79890442
v -32.14244101 -34.32696915 196.42640686
v -30.50321982 -32.82863998 197.74429321
v -31.17922042 -32.43450165 195.65510559
v -32.14244101 -34.32696915 196.42640686
v -30.50321982 -32.82863998 197.74429321
v -29.81074927 -31.38310051 198.02909851
v -31.17922042 -32.43450165 195.65510559
v -29.20772956 -30.24131012 196.06599426
v -29.81074927 -31.38310051 198.02909851
v -29.68496917 -29.98092079 198.69279480
v -29.81074927 -31.38310051 198.02909851
v -29.58532927 -31.27478981 199.48629761
v -29.68496917 -29.98092079 198.69279480
v -29.81074927 -31.38310051 198.02909851
v -29.93568061 -31.51268005 195.30079651
v -31.17922042 -32.43450165 195.65510559
v -29.20772956 -30.24131012 196.06599426
v -28.63477919 -30.98737907 193.90010071
v -29.93568061 -31.51268005 195.30079651
v -29.20772956 -30.24131012 196.06599426
v -28.13088057 -30.71404076 194.17500305
v -28.63477919 -30.98737907 193.90010071
v -29.58532927 -31.27478981 199.48629761
v -30.50321982 -32.82863998 197.74429321
v -29.67947982 -33.03514099 199.79890442
v -29.58532927 -31.27478981 199.48629761
v -29.81074927 -31.38310051 198.02909851
v -30.50321982 -32.82863998 197.74429321
v -29.81074927 -31.38310051 198.02909851
v -29.20772956 -30.24131012 196.06599426
v -29.93568061 -31.51268005 195.30079651
v -28.61985038 -31.02658081 201.17630005
v -29.58532927 -31.27478981 199.48629761
v -29.67947982 -33.03514099 199.79890442
v -34.82410071 -42.34928894 191.40809631
v -34.42155860 -42.53697968 192.94380188
v -34.98701117 -41.00720978 191.39920044
v -34.42155860 -42.53697968 192.94380188
v -34.87438987 -41.01498032 192.65539551
v -34.98701117 -41.00720978 191.39920044
v -34.42155860 -42.53697968 192.94380188
v -34.82410071 -42.34928894 191.40809631
v -33.37406180 -43.91854095 193.25729370
v -34.87438987 -41.01498032 192.65539551
v -33.77166007 -42.34534073 194.39070129
v -34.17874167 -41.01166916 194.18280029
v -34.87438987 -41.01498032 192.65539551
v -34.42155860 -42.53697968 192.94380188
v -33.77166007 -42.34534073 194.39070129
v -34.42155860 -42.53697968 192.94380188
v -33.37406180 -43.91854095 193.25729370
v -33.77166007 -42.34534073 194.39070129
v -32.11706183 -44.80920029 192.54570007
v -33.37406180 -43.91854095 193.25729370
v -33.85979865 -43.87696075 191.40550232
v -33.37406180 -43.91854095 193.25729370
v -34.82410071 -42.34928894 191.40809631
v -33.85979865 -43.87696075 191.40550232
v 30.25831010 -41.89709091 198.92640686
v 26.64612939 -44.28524017 200.10479736
v 28.25464036 -44.84143829 197.33970642
v 26.59204080 -43.17824936 201.38879395
v 23.33081987 -44.85755920 199.82859802
v 26.64612939 -44.28524017 200.10479736
v 26.59204080 -43.17824936 201.38879395
v 23.13393953 -43.74163818 201.66999817
v 23.33081987 -44.85755920 199.82859802
v 26.64612939 -44.28524017 200.10479736
v 30.25831010 -41.89709091 198.92640686
v 26.59204080 -43.17824936 201.38879395
v 23.94516923 -45.00506973 198.68960571
v 26.64612939 -44.28524017 200.10479736
v 23.33081987 -44.85755920 199.82859802
v 23.94516923 -45.00506973 198.68960571
v 28.25464036 -44.84143829 197.33970642
v 26.64612939 -44.28524017 200.10479736
v 27.44098069 -34.81130981 191.64100647
v 27.56361940 -30.98838997 192.29089355
v 26.57550981 -34.81129837 183.14100647
v 27.56361940 -30.98838997 192.29089355
v 26.96849992 -31.01416969 183.14100647
v 26.57550981 -34.81129837 183.14100647
v 27.44098069 -34.81130981 191.64100647
v 26.57550981 -34.81129837 183.14100647
v 25.77600076 -35.61080933 191.14100647
v 25.77600076 -35.61080933 191.14100647
v 27.21791055 -34.81126022 192.90699768
v 27.44098069 -34.81130981 191.64100647
v 25.77600076 -35.61080933 191.14100647
v 25.77598932 -35.61080933 193.14100647
v 27.21791055 -34.81126022 192.90699768
v 25.56698968 -44.62651825 183.14100647
v 34.57390954 -42.74319839 183.14100647
v 32.70782830 -44.60895920 183.14100647
v 22.85804918 -41.91965103 183.14100647
v 26.57550981 -34.81129837 183.14100647
v 34.97039010 -36.50930023 183.14100647
v 22.49399926 -35.61079025 183.14100647
v 26.96849992 -31.01416969 183.14100647
v 30.97276094 -45.00511169 191.39930725
v 23.94516923 -45.00506973 198.68960571
v 25.18588998 -45.00508118 193.00480652
v 23.94516923 -45.00506973 198.68960571
v 18.98076989 -44.85763931 199.82800293
v 25.18588998 -45.00508118 193.00480652
v 18.98076989 -44.85763931 199.82800293
v 17.70385911 -44.83934021 193.14100647
v 25.18588998 -45.00508118 193.00480652
v 26.31561067 -45.00508881 192.63900757
v 32.70782830 -44.60895920 183.14100647
v 26.31561067 -45.00508881 192.63900757
v 25.56698968 -44.62651825 183.14100647
v 26.31561067 -45.00508881 192.63900757
v 32.70782830 -44.60895920 183.14100647
v 30.97276094 -45.00511169 191.39930725
v -18.36624930 -44.96488190 193.14100647
v -18.99666999 -44.97660828 199.29609680
v -27.91811011 -44.90457916 197.05639648
v -27.91811011 -44.90457916 197.05639648
v -26.32860968 -45.00481033 192.63540649
v -25.20447943 -45.00482178 192.99809265
v -25.20447943 -45.00482178 192.99809265
v -18.36624930 -44.96488190 193.14100647
v -27.91811011 -44.90457916 197.05639648
v -25.58363936 -44.62625122 183.14100647
v -26.32860968 -45.00481033 192.63540649
v -32.11706183 -44.80920029 192.54570007
v -26.32860968 -45.00481033 192.63540649
v -27.91811011 -44.90457916 197.05639648
v -32.11706183 -44.80920029 192.54570007
v -32.72446845 -44.60863113 183.14089966
v -25.58363936 -44.62625122 183.14100647
v -32.11706183 -44.80920029 192.54570007
v 26.96849992 -31.01416969 183.14100647
v 27.47499063 -30.98838043 185.86230469
v 34.97039010 -36.50930023 183.14100647
v 27.47499063 -30.98838043 185.86230469
v 34.91373040 -35.25996017 186.14100647
v 34.97039010 -36.50930023 183.14100647
v -34.99179099 -35.44314957 191.61720276
v -34.88904975 -41.88676834 183.14089966
v -34.98701117 -41.00720978 191.39920044
v -34.88904975 -41.88676834 183.14089966
v -34.99179099 -35.44314957 191.61720276
v -34.98696921 -36.01025009 185.94970703
v -34.98698066 -36.50894928 183.14089966
v -34.98698066 -36.50894928 183.14089966
v -34.98696921 -36.01025009 185.94970703
v -26.98501036 -31.03912926 183.14100647
v -34.98696921 -36.01025009 185.94970703
v -28.03118918 -31.01334000 186.06260681
v -26.98501036 -31.03912926 183.14100647
v -15.23112033 -35.31077957 193.14100647
v -15.57314036 -43.24913025 199.17759705
v -15.98145030 -43.96490097 193.10029602
v -15.23112033 -35.31077957 193.14100647
v -15.50284026 -36.03717041 207.20979309
v -15.57314036 -43.24913025 199.17759705
v -27.20830939 -30.99855042 192.92820740
v -30.61899970 -30.99029922 191.61709595
v -28.63477919 -30.98737907 193.90010071
v -27.20830939 -30.99855042 192.92820740
v -30.99606917 -31.11566925 186.14089966
v -30.61899970 -30.99029922 191.61709595
v -27.20830939 -30.99855042 192.92820740
v -28.03118918 -31.01334000 186.06260681
v -30.99606917 -31.11566925 186.14089966
v 31.64727952 -31.25939941 192.17300415
v 30.98044946 -31.11618042 186.14100647
v 27.47499063 -30.98838043 185.86230469
v 27.47499063 -30.98838043 185.86230469
v 27.56361940 -30.98838997 192.29089355
v 31.64727952 -31.25939941 192.17300415
v 27.56361940 -30.98838997 192.29089355
v 28.41719033 -31.02227020 193.69540405
v 31.64727952 -31.25939941 192.17300415
v 27.56361940 -30.98838997 192.29089355
v 27.11713960 -30.73168945 193.51229858
v 28.41719033 -31.02227020 193.69540405
v 18.98076989 -44.85763931 199.82800293
v 16.44972970 -43.49806976 200.97320557
v 16.12536981 -44.11632919 199.50140381
v -15.23112033 -35.31077957 193.14100647
v -13.91885970 -34.29243851 211.63299561
v -15.50284026 -36.03717041 207.20979309
v -27.23449919 -34.81103134 192.90699768
v -27.20830939 -30.99855042 192.92820740
v -25.83313010 -30.16363907 193.28689575
v -27.23449919 -34.81103134 192.90699768
v -27.23448966 -34.81103134 191.37500000
v -27.20830939 -30.99855042 192.92820740
v 18.98076989 -44.85763931 199.82800293
v 16.12536981 -44.11632919 199.50140381
v 17.70385911 -44.83934021 193.14100647
v 16.12536981 -44.11632919 199.50140381
v 15.79896047 -43.82469177 193.05169678
v 17.70385911 -44.83934021 193.14100647
v -26.98501036 -31.03912926 183.14100647
v -28.03118918 -31.01334000 186.06260681
v -27.20830939 -30.99855042 192.92820740
v -34.99179099 -35.44314957 191.61720276
v -34.67765067 -34.27939987 186.14089966
v -34.98696921 -36.01025009 185.94970703
v -34.99179099 -35.44314957 191.61720276
v -34.27772925 -33.31671143 191.40559387
v -34.67765067 -34.27939987 186.14089966
v -34.27772925 -33.31671143 191.40559387
v -32.84587119 -31.90987968 186.14089966
v -34.67765067 -34.27939987 186.14089966
v -34.27772925 -33.31671143 191.40559387
v -33.10561011 -32.10356140 191.39920044
v -32.84587119 -31.90987968 186.14089966
v -33.10561011 -32.10356140 191.39920044
v -32.04127143 -31.54894066 192.49420166
v -32.84587119 -31.90987968 186.14089966
v -32.04127143 -31.54894066 192.49420166
v -30.99606917 -31.11566925 186.14089966
v -32.84587119 -31.90987968 186.14089966
v -32.04127143 -31.54894066 192.49420166
v -30.61899970 -30.99029922 191.61709595
v -30.99606917 -31.11566925 186.14089966
v -17.63448928 -44.75373840 199.51710510
v -17.29780982 -43.97618103 200.95520020
v -18.99666999 -44.97660828 199.29609680
v -16.12681983 -44.14339066 199.45530701
v -17.29780982 -43.97618103 200.95520020
v -17.63448928 -44.75373840 199.51710510
v 21.49189927 -35.58554840 193.14100647
v 25.77600076 -35.61080933 191.14100647
v 22.49399926 -35.61079025 183.14100647
v 25.77600076 -35.61080933 191.14100647
v 26.57550981 -34.81129837 183.14100647
v 22.49399926 -35.61079025 183.14100647
v 25.77598932 -35.61080933 193.14100647
v 25.77600076 -35.61080933 191.14100647
v 21.49189927 -35.58554840 193.14100647
v -25.83313010 -30.16363907 193.28689575
v -27.12842963 -30.72179031 193.52999878
v -27.01769088 -30.10811043 193.73959351
v -25.83313010 -30.16363907 193.28689575
v -27.20830939 -30.99855042 192.92820740
v -27.12842963 -30.72179031 193.52999878
v -25.79257033 -35.61053085 183.14100647
v -21.50851081 -35.58535004 193.14100647
v -22.51055930 -35.61056900 183.14100647
v -26.13436911 -35.61053848 193.08070374
v -21.50851081 -35.58535004 193.14100647
v -25.79258940 -35.61053848 191.14100647
v -25.79257033 -35.61053085 183.14100647
v 27.44098069 -34.81130981 191.64100647
v 27.21791055 -34.81126022 192.90699768
v 27.56361940 -30.98838997 192.29089355
v 27.21791055 -34.81126022 192.90699768
v 27.11713960 -30.73168945 193.51229858
v 27.56361940 -30.98838997 192.29089355
v 34.97039010 -36.50930023 183.14100647
v 34.98318078 -41.01203918 191.82209778
v 34.57390954 -42.74319839 183.14100647
v 34.98318078 -41.01203918 191.82209778
v 34.97039010 -36.50930023 183.14100647
v 34.91373040 -35.25996017 186.14100647
v 34.96213891 -35.44559097 191.40379333
v 34.98318078 -41.01203918 191.82209778
v 34.91373040 -35.25996017 186.14100647
v -16.12681983 -44.14339066 199.45530701
v -18.36624930 -44.96488190 193.14100647
v -15.98145030 -43.96490097 193.10029602
v -18.36624930 -44.96488190 193.14100647
v -17.63448928 -44.75373840 199.51710510
v -18.99666999 -44.97660828 199.29609680
v -18.36624930 -44.96488190 193.14100647
v -16.12681983 -44.14339066 199.45530701
v -17.63448928 -44.75373840 199.51710510
v -23.34120009 -42.79058075 183.14100647
v -34.88904975 -41.88676834 183.14089966
v -34.98698066 -36.50894928 183.14089966
v -34.11043952 -43.50529099 183.14089966
v -25.58363936 -44.62625122 183.14100647
v -32.72446845 -44.60863113 183.14089966
v -26.98501036 -31.03912926 183.14100647
v -25.79257033 -35.61053085 183.14100647
v -22.51055930 -35.61056900 183.14100647
v -27.20830939 -30.99855042 192.92820740
v -27.23448966 -34.81103134 191.37500000
v -26.98501036 -31.03912926 183.14100647
v -27.23448966 -34.81103134 191.37500000
v -25.79257033 -35.61053085 183.14100647
v -26.98501036 -31.03912926 183.14100647
v -25.79258940 -35.61053848 191.14100647
v -27.23448966 -34.81103134 191.37500000
v -26.13436911 -35.61053848 193.08070374
v 30.98044946 -31.11618042 186.14100647
v 34.91373040 -35.25996017 186.14100647
v 27.47499063 -30.98838043 185.86230469
v 32.83082177 -31.91119957 186.14100647
v 34.91373040 -35.25996017 186.14100647
v 30.98044946 -31.11618042 186.14100647
v 14.48286988 -34.57928085 193.14100647
v 15.13320043 -35.12789917 208.11309814
v 13.68523004 -34.32434082 211.31390381
v -25.83313010 -30.16363907 193.28689575
v -26.13436911 -35.61053848 193.08070374
v -27.23449919 -34.81103134 192.90699768
v -21.50851081 -35.58535004 193.14100647
v -26.13436911 -35.61053848 193.08070374
v -25.83313010 -30.16363907 193.28689575
v -22.86750052 -42.98046875 193.00720215
v -18.36624930 -44.96488190 193.14100647
v -23.89258025 -44.16305161 193.00720215
v -25.20447943 -45.00482178 192.99809265
v -22.25951026 -39.99702072 192.98599243
v -18.36624930 -44.96488190 193.14100647
v -21.95715926 -41.42636871 193.15570068
v -18.36624930 -44.96488190 193.14100647
v -22.86750052 -42.98046875 193.00720215
v -21.95715926 -41.42636871 193.15570068
v -21.49515937 -28.98937035 193.14100647
v -18.36624930 -44.96488190 193.14100647
v -21.50851081 -35.58535004 193.14100647
v -18.36624930 -44.96488190 193.14100647
v -22.25951026 -39.99702072 192.98599243
v -21.50851081 -35.58535004 193.14100647
v 14.48286988 -34.57928085 193.14100647
v 21.49189927 -35.58554840 193.14100647
v 21.50786950 -40.60004044 193.14100647
v -15.23112033 -35.31077957 193.14100647
v 21.12270906 -28.88792992 193.14219666
v -15.98145030 -43.96490097 193.10029602
v -15.98145030 -43.96490097 193.10029602
v -18.36624930 -44.96488190 193.14100647
v -21.49515937 -28.98937035 193.14100647
v 14.48286988 -34.57928085 193.14100647
v 17.70385911 -44.83934021 193.14100647
v 15.79896047 -43.82469177 193.05169678
v 23.87269952 -44.15988922 193.00700378
v 25.18588998 -45.00508118 193.00480652
v 17.70385911 -44.83934021 193.14100647
v 17.70385911 -44.83934021 193.14100647
v 21.85625055 -42.10255051 193.14100647
v 23.87269952 -44.15988922 193.00700378
v 21.85625055 -42.10255051 193.14100647
v 17.70385911 -44.83934021 193.14100647
v 25.77598932 -35.61080933 193.14100647
v 21.49189927 -35.58554840 193.14100647
v 25.48686959 -30.31977081 193.18290710
v 25.48686959 -30.31977081 193.18290710
v 27.21791055 -34.81126022 192.90699768
v 25.77598932 -35.61080933 193.14100647
v -27.23448966 -34.81103134 191.37500000
v -25.79258940 -35.61053848 191.14100647
v -25.79257033 -35.61053085 183.14100647
v 31.64727952 -31.25939941 192.17300415
v 32.83082177 -31.91119957 186.14100647
v 30.98044946 -31.11618042 186.14100647
v 31.64727952 -31.25939941 192.17300415
v 33.26441171 -32.21519852 191.99510193
v 32.83082177 -31.91119957 186.14100647
v 33.26441171 -32.21519852 191.99510193
v 34.27392938 -33.34788895 192.13810730
v 32.83082177 -31.91119957 186.14100647
v 34.27392938 -33.34788895 192.13810730
v 34.91373040 -35.25996017 186.14100647
v 32.83082177 -31.91119957 186.14100647
v 34.27392938 -33.34788895 192.13810730
v 34.96213891 -35.44559097 191.40379333
v 34.91373040 -35.25996017 186.14100647
v -27.23448966 -34.81103134 191.37500000
v -27.23449919 -34.81103134 192.90699768
v -26.13436911 -35.61053848 193.08070374
v -15.23112033 -35.31077957 193.14100647
v 14.48286988 -34.57928085 193.14100647
v 0.00482996 -34.08113861 212.80209351
v 14.48286988 -34.57928085 193.14100647
v 10.59463002 -34.31153107 212.63659668
v 0.00482996 -34.08113861 212.80209351
v -13.91885970 -34.29243851 211.63299561
v -15.23112033 -35.31077957 193.14100647
v 0.00482996 -34.08113861 212.80209351
v 15.79896047 -43.82469177 193.05169678
v 15.13320043 -35.12789917 208.11309814
v 14.48286988 -34.57928085 193.14100647
v 15.13320043 -35.12789917 208.11309814
v -34.67765067 -34.27939987 186.14089966
v -28.03118918 -31.01334000 186.06260681
v -34.98696921 -36.01025009 185.94970703
v -28.03118918 -31.01334000 186.06260681
v -34.67765067 -34.27939987 186.14089966
v -32.84587119 -31.90987968 186.14089966
v -28.03118918 -31.01334000 186.06260681
v -32.84587119 -31.90987968 186.14089966
v -30.99606917 -31.11566925 186.14089966
v -10.07994960 -19.99494934 224.25129700
v -10.60645983 -27.44750023 223.74780273
v -8.13560221 -19.99490929 225.74519348
v 15.56904962 -34.97019958 209.91619873
v 14.47000959 -34.14823151 211.98049927
v 13.68523004 -34.32434082 211.31390381
v -15.50284026 -36.03717041 207.20979309
v -16.56403945 -35.87345123 208.96659851
v -15.57314036 -43.24913025 199.17759705
v -16.56403945 -35.87345123 208.96659851
v -16.12681983 -44.14339066 199.45530701
v -15.57314036 -43.24913025 199.17759705
v -16.56403945 -35.87345123 208.96659851
v -13.91885970 -34.29243851 211.63299561
v -14.86117957 -33.89025116 212.05780029
v -16.56403945 -35.87345123 208.96659851
v -15.50284026 -36.03717041 207.20979309
v -13.91885970 -34.29243851 211.63299561
v 12.05932023 -34.17892075 213.03100586
v 13.68523004 -34.32434082 211.31390381
v 14.47000959 -34.14823151 211.98049927
v 12.05932023 -34.17892075 213.03100586
v 10.59463002 -34.31153107 212.63659668
v 13.68523004 -34.32434082 211.31390381
v 16.32772042 -35.91410828 208.88429260
v 17.12173059 -35.67008972 209.27340698
v 15.56904962 -34.97019958 209.91619873
v 15.56904962 -34.97019958 209.91619873
v 15.13320043 -35.12789917 208.11309814
v 16.32772042 -35.91410828 208.88429260
v 13.68523004 -34.32434082 211.31390381
v 15.13320043 -35.12789917 208.11309814
v 15.56904962 -34.97019958 209.91619873
v 16.32772042 -35.91410828 208.88429260
v 15.13320043 -35.12789917 208.11309814
v 15.54028966 -42.75656891 199.99940491
v -18.46944068 -33.81222153 210.56069946
v -19.33532927 -32.49768066 210.99200439
v -28.60541938 -43.38436890 199.77369690
v -19.33532927 -32.49768066 210.99200439
v -19.56056998 -29.16169930 212.21549988
v -28.60541938 -43.38436890 199.77369690
v 3.46724989 -25.98155975 227.33189392
v 6.74303987 -25.98158073 226.09620667
v 5.95735004 -19.99497986 226.90209961
v 6.74303987 -25.98158073 226.09620667
v 10.52496030 -28.10969925 223.68530273
v 5.95735004 -19.99497986 226.90209961
v 10.52496030 -28.10969925 223.68530273
v 10.06336000 -19.99500084 224.25129700
v 5.95735004 -19.99497986 226.90209961
v -0.00832997 -25.98155022 227.75180054
v 3.46724989 -25.98155975 227.33189392
v 1.21746995 -19.99496078 228.09080505
v 3.46724989 -25.98155975 227.33189392
v 5.95735004 -19.99497986 226.90209961
v 1.21746995 -19.99496078 228.09080505
v 6.74303987 -25.98158073 226.09620667
v 6.17158010 -28.21342087 225.11349487
v 10.52496030 -28.10969925 223.68530273
v 6.74303987 -25.98158073 226.09620667
v 3.46724989 -25.98155975 227.33189392
v 6.17158010 -28.21342087 225.11349487
v 3.46724989 -25.98155975 227.33189392
v -0.00835995 -28.21339035 226.61610413
v 6.17158010 -28.21342087 225.11349487
v 3.46724989 -25.98155975 227.33189392
v -0.00832997 -25.98155022 227.75180054
v -0.00835995 -28.21339035 226.61610413
v -0.00832997 -25.98155022 227.75180054
v -3.48389004 -25.98152924 227.33189392
v -0.00835995 -28.21339035 226.61610413
v -3.48389004 -25.98152924 227.33189392
v -6.18828986 -28.21335983 225.11340332
v -0.00835995 -28.21339035 226.61610413
v -3.48389004 -25.98152924 227.33189392
v -6.75968001 -25.98151970 226.09620667
v -6.18828986 -28.21335983 225.11340332
v -6.75968001 -25.98151970 226.09620667
v -10.60645983 -27.44750023 223.74780273
v -6.18828986 -28.21335983 225.11340332
v -10.60645983 -27.44750023 223.74780273
v -6.75968001 -25.98151970 226.09620667
v -8.13560221 -19.99490929 225.74519348
v 9.69377973 -31.33523941 222.84899902
v 11.60951020 -27.98278046 222.63720703
v 10.52496030 -28.10969925 223.68530273
v 26.59204080 -43.17824936 201.38879395
v 19.45202996 -32.05484009 211.11259460
v 18.30976083 -33.70912170 210.69590759
v 30.25831010 -41.89709091 198.92640686
v 19.13908937 -28.90955925 212.83580017
v 19.45202996 -32.05484009 211.11259460
v -11.76620982 -27.98262024 222.47230530
v -9.71045993 -31.33514023 222.84899902
v -10.60645983 -27.44750023 223.74780273
v -16.56403945 -35.87345123 208.96659851
v -16.29349921 -32.64831161 212.91110229
v -18.46944068 -33.81222153 210.56069946
v -16.56403945 -35.87345123 208.96659851
v -14.86117957 -33.89025116 212.05780029
v -16.29349921 -32.64831161 212.91110229
v -14.86117957 -33.89025116 212.05780029
v -14.33871959 -33.34222031 213.88980103
v -16.29349921 -32.64831161 212.91110229
v -18.46944068 -33.81222153 210.56069946
v -17.75977919 -30.67029953 213.63459778
v -19.33532927 -32.49768066 210.99200439
v -18.46944068 -33.81222153 210.56069946
v -16.29349921 -32.64831161 212.91110229
v -17.75977919 -30.67029953 213.63459778
v -19.33532927 -32.49768066 210.99200439
v -17.75977919 -30.67029953 213.63459778
v -19.56056998 -29.16169930 212.21549988
v 11.60951020 -27.98278046 222.63720703
v 11.73836019 -19.99501038 222.46020508
v 10.52496030 -28.10969925 223.68530273
v 11.73836019 -19.99501038 222.46020508
v 10.06336000 -19.99500084 224.25129700
v 10.52496030 -28.10969925 223.68530273
v 1.21746995 -19.99496078 228.09080505
v -1.23405001 -19.99493980 228.09080505
v -0.00832997 -25.98155022 227.75180054
v -1.23405001 -19.99493980 228.09080505
v -3.48389004 -25.98152924 227.33189392
v -0.00832997 -25.98155022 227.75180054
v -1.23405001 -19.99493980 228.09080505
v -5.97392009 -19.99492073 226.90209961
v -3.48389004 -25.98152924 227.33189392
v -5.97392009 -19.99492073 226.90209961
v -6.75968001 -25.98151970 226.09620667
v -3.48389004 -25.98152924 227.33189392
v -5.97392009 -19.99492073 226.90209961
v -8.13560221 -19.99490929 225.74519348
v -6.75968001 -25.98151970 226.09620667
v -10.07994960 -19.99494934 224.25129700
v -11.75492022 -19.99489021 222.46020508
v -11.76620982 -27.98262024 222.47230530
v -10.07994960 -19.99494934 224.25129700
v -11.76620982 -27.98262024 222.47230530
v -10.60645983 -27.44750023 223.74780273
v 18.30976083 -33.70912170 210.69590759
v 15.97028043 -32.42515182 213.53570557
v 17.12173059 -35.67008972 209.27340698
v 15.97028043 -32.42515182 213.53570557
v 15.56904962 -34.97019958 209.91619873
v 17.12173059 -35.67008972 209.27340698
v 15.97028043 -32.42515182 213.53570557
v 14.47000959 -34.14823151 211.98049927
v 15.56904962 -34.97019958 209.91619873
v 15.97028043 -32.42515182 213.53570557
v 14.31348016 -33.32804108 213.88540649
v 14.47000959 -34.14823151 211.98049927
v 15.97028043 -32.42515182 213.53570557
v 18.30976083 -33.70912170 210.69590759
v 17.88512971 -30.48942947 213.56059265
v 19.45202996 -32.05484009 211.11259460
v 17.88512971 -30.48942947 213.56059265
v 19.45202996 -32.05484009 211.11259460
v 19.13908937 -28.90955925 212.83580017
v 11.60951020 -27.98278046 222.63720703
v 9.69377973 -31.33523941 222.84899902
v 19.13908937 -28.90955925 212.83580017
v 9.69377973 -31.33523941 222.84899902
v 17.88512971 -30.48942947 213.56059265
v 19.13908937 -28.90955925 212.83580017
v 9.69377973 -31.33523941 222.84899902
v 5.64506986 -34.31150055 218.79780579
v 14.31348016 -33.32804108 213.88540649
v 9.69377973 -31.33523941 222.84899902
v 15.97028043 -32.42515182 213.53570557
v 17.88512971 -30.48942947 213.56059265
v 9.69377973 -31.33523941 222.84899902
v 14.31348016 -33.32804108 213.88540649
v 15.97028043 -32.42515182 213.53570557
v 5.64506986 -34.31150055 218.79780579
v 12.05932023 -34.17892075 213.03100586
v 14.31348016 -33.32804108 213.88540649
v 5.64506986 -34.31150055 218.79780579
v 10.59463002 -34.31153107 212.63659668
v 12.05932023 -34.17892075 213.03100586
v 14.31348016 -33.32804108 213.88540649
v 12.05932023 -34.17892075 213.03100586
v 14.47000959 -34.14823151 211.98049927
v -5.66177008 -34.31143951 218.79780579
v -13.91885970 -34.29243851 211.63299561
v 0.00482996 -34.08113861 212.80209351
v 10.59463002 -34.31153107 212.63659668
v 5.64506986 -34.31150055 218.79780579
v 0.00482996 -34.08113861 212.80209351
v -14.33871959 -33.34222031 213.88980103
v -5.66177008 -34.31143951 218.79780579
v -8.34781001 -33.19021988 221.48550415
v -14.33871959 -33.34222031 213.88980103
v -13.91885970 -34.29243851 211.63299561
v -5.66177008 -34.31143951 218.79780579
v -8.34781001 -33.19021988 221.48550415
v -9.71045993 -31.33514023 222.84899902
v -14.33871959 -33.34222031 213.88980103
v -14.33871959 -33.34222031 213.88980103
v -9.71045993 -31.33514023 222.84899902
v -16.29349921 -32.64831161 212.91110229
v -9.71045993 -31.33514023 222.84899902
v -17.75977919 -30.67029953 213.63459778
v -16.29349921 -32.64831161 212.91110229
v -9.71045993 -31.33514023 222.84899902
v -11.76620982 -27.98262024 222.47230530
v -17.75977919 -30.67029953 213.63459778
v -11.76620982 -27.98262024 222.47230530
v -19.56056998 -29.16169930 212.21549988
v -17.75977919 -30.67029953 213.63459778
v -14.86117957 -33.89025116 212.05780029
v -13.91885970 -34.29243851 211.63299561
v -14.33871959 -33.34222031 213.88980103
v 10.59463002 -34.31153107 212.63659668
v 14.48286988 -34.57928085 193.14100647
v 13.68523004 -34.32434082 211.31390381
v -30.50321982 -32.82863998 197.74429321
v -32.14244101 -34.32696915 196.42640686
v -29.67947982 -33.03514099 199.79890442
v 28.38635995 -14.16117001 201.17919922
v 27.08090951 -19.99508095 203.18609619
v 28.61214997 -30.50733948 201.16969299
v 27.08090951 -19.99508095 203.18609619
v 11.60951020 -27.98278046 222.63720703
v 19.13908937 -28.90955925 212.83580017
v 27.08090951 -19.99508095 203.18609619
v 28.61214044 10.50734997 201.16969299
v 26.86416032 -0.00490999 203.22079468
v 29.13360955 -5.93043995 201.40829468
v 19.13907983 8.90956974 212.83580017
v 26.86416032 -0.00490999 203.22079468
v 28.61214044 10.50734997 201.16969299
v 11.60949971 7.98278999 222.63720703
v 26.86416032 -0.00490999 203.22079468
v 19.13907983 8.90956974 212.83580017
v -67.45349143 -0.94628000 0.14060000
v -67.27549002 5.05372000 0.14060000
v -29.54129050 5.05372000 0.14060000
v -29.94418929 1.05372000 0.14060000
v -66.19718955 -12.94627953 0.14060000
v -67.09700034 -6.94626999 0.14060000
v -14.08309958 27.71661949 0.14060000
v -17.09738944 37.57352066 0.14060000
v -13.98530028 29.80533981 0.14060000
v -9.36458991 -66.90606689 15.14060020
v -6.58956979 -67.11997223 0.14060000
v 0.03910990 -67.44628143 0.14060000
v -9.36458991 -66.90606689 15.14060020
v -13.15409014 -66.14437866 0.14060000
v -6.58956979 -67.11997223 0.14060000
v -15.49323962 -65.76045227 15.14060020
v -13.15409014 -66.14437866 0.14060000
v -9.36458991 -66.90606689 15.14060020
v -15.49323962 -65.76045227 15.14060020
v -19.59098075 -64.52887726 0.14060000
v -13.15409014 -66.14437866 0.14060000
v -21.48992942 -64.05413055 15.14060020
v -19.59098075 -64.52887726 0.14060000
v -15.49323962 -65.76045227 15.14060020
v -21.48992942 -64.05413055 15.14060020
v -25.83808921 -62.28908157 0.14060000
v -19.59098075 -64.52887726 0.14060000
v -27.30372069 -61.80189896 15.14060020
v -25.83808921 -62.28908157 0.14060000
v -21.48992942 -64.05413055 15.14060020
v -27.30372069 -61.80189896 15.14060020
v -31.83509085 -59.44657898 0.14060000
v -25.83808921 -62.28908157 0.14060000
v -32.88481162 -59.02278137 15.14060020
v -31.83509085 -59.44657898 0.14060000
v -27.30372069 -61.80189896 15.14060020
v -32.88481162 -59.02278137 15.14060020
v -37.52378867 -56.02907944 0.14060000
v -31.83509085 -59.44657898 0.14060000
v -38.18569968 -55.74055862 15.14060020
v -37.52378867 -56.02907944 0.14060000
v -32.88481162 -59.02278137 15.14060020
v -38.18569968 -55.74055862 15.14060020
v -42.84949134 -52.06938171 0.14060000
v -37.52378867 -56.02907944 0.14060000
v -47.76863120 -47.78297043 15.14060020
v -47.76058982 -47.60588074 0.14060000
v -42.84949134 -52.06938171 0.14060000
v -51.98341010 -43.08306122 15.14060020
v -47.76058982 -47.60588074 0.14060000
v -47.76863120 -47.78297043 15.14060020
v -52.20959113 -42.68178177 0.14060000
v -55.74068854 -38.10754013 15.14060020
v -52.20959113 -42.68178177 0.14060000
v -51.98341010 -43.08306122 15.14060020
v -55.74068854 -38.10754013 15.14060020
v -56.15359137 -37.34458160 0.14060000
v -52.20959113 -42.68178177 0.14060000
v -59.02286933 -32.80662918 15.14060020
v -56.15359137 -37.34458160 0.14060000
v -55.74068854 -38.10754013 15.14060020
v -59.02286933 -32.80662918 15.14060020
v -59.55439017 -31.64598083 0.14060000
v -56.15359137 -37.34458160 0.14060000
v -61.80194114 -27.22551918 15.14060020
v -59.55439017 -31.64598083 0.14060000
v -59.02286933 -32.80662918 15.14060020
v -61.80194114 -27.22551918 15.14060020
v -62.37908957 -25.64088058 0.14060000
v -59.55439017 -31.64598083 0.14060000
v -64.05413077 -21.41171074 15.14060020
v -62.37908957 -25.64088058 0.14060000
v -61.80194114 -27.22551918 15.14060020
v -64.05413077 -21.41171074 15.14060020
v -64.60060141 -19.38758087 0.14060000
v -62.37908957 -25.64088058 0.14060000
v -65.76040671 -15.41501045 15.14060020
v -64.60060141 -19.38758087 0.14060000
v -64.05413077 -21.41171074 15.14060020
v -65.76040671 -15.41501045 15.14060020
v -66.19718955 -12.94627953 0.14060000
v -64.60060141 -19.38758087 0.14060000
v -66.90599082 -9.28635216 15.14060020
v -66.19718955 -12.94627953 0.14060000
v -65.76040671 -15.41501045 15.14060020
v 0.03910990 -67.44628143 0.14060000
v -3.15642998 -67.48139191 15.14060020
v -9.36458991 -66.90606689 15.14060020
v -66.90599082 -9.28635216 15.14060020
v -67.09700034 -6.94626999 0.14060000
v -66.19718955 -12.94627953 0.14060000
v -67.45349143 -0.94628000 0.14060000
v -67.09700034 -6.94626999 0.14060000
v -67.48127005 -3.07818007 15.14060020
v -67.48127005 -3.07818007 15.14060020
v -67.09700034 -6.94626999 0.14060000
v -66.90599082 -9.28635216 15.14060020
v -67.48123191 3.15657997 15.14060020
v -67.27549002 5.05372000 0.14060000
v -67.45349143 -0.94628000 0.14060000
v -67.48123191 3.15657997 15.14060020
v -67.45349143 -0.94628000 0.14060000
v -67.48127005 -3.07818007 15.14060020
v -6.68477986 67.21804047 0.14060000
v 3.15673997 67.48139191 15.14060020
v 0.03909995 67.55372620 0.14060000
v -6.68477986 67.21804047 0.14060000
v -3.07802007 67.48143005 15.14060020
v 3.15673997 67.48139191 15.14060020
v -13.34169982 66.21412659 0.14060000
v -3.07802007 67.48143005 15.14060020
v -6.68477986 67.21804047 0.14060000
v -13.34169982 66.21412659 0.14060000
v -9.28619979 66.90615082 15.14060020
v -3.07802007 67.48143005 15.14060020
v -19.86560080 64.55223083 0.14060000
v -9.28619979 66.90615082 15.14060020
v -13.34169982 66.21412659 0.14060000
v -19.86560080 64.55223083 0.14060000
v -15.41485045 65.76056671 15.14060020
v -9.28619979 66.90615082 15.14060020
v -32.25629065 59.32641983 0.14060000
v -27.22535918 61.80210114 15.14060020
v -26.19140075 62.24861908 0.14060000
v -32.25629065 59.32641983 0.14060000
v -32.80648063 59.02302933 15.14060020
v -27.22535918 61.80210114 15.14060020
v -38.00000022 55.81462097 0.14060000
v -32.80648063 59.02302933 15.14060020
v -32.25629065 59.32641983 0.14060000
v -38.10739157 55.74084091 15.14060020
v -32.80648063 59.02302933 15.14060020
v -38.00000022 55.81462097 0.14060000
v -43.36520026 51.74811935 0.14060000
v -38.10739157 55.74084091 15.14060020
v -38.00000022 55.81462097 0.14060000
v -43.08290122 51.98355865 15.14060020
v -48.29869101 47.16751862 0.14060000
v -43.08290122 51.98355865 15.14060020
v -43.36520026 51.74811935 0.14060000
v -48.29869101 47.16751862 0.14060000
v -47.78281043 47.76877975 15.14060020
v -43.08290122 51.98355865 15.14060020
v -52.75130103 42.11822128 0.14060000
v -47.78281043 47.76877975 15.14060020
v -48.29869101 47.16751862 0.14060000
v -52.75130103 42.11822128 0.14060000
v -51.98308966 43.16133881 15.14060020
v -47.78281043 47.76877975 15.14060020
v -56.67889045 36.65042114 0.14060000
v -51.98308966 43.16133881 15.14060020
v -52.75130103 42.11822128 0.14060000
v -56.67889045 36.65042114 0.14060000
v -55.74041007 38.18585968 15.14060020
v -51.98308966 43.16133881 15.14060020
v -60.04219077 30.81871986 0.14060000
v -55.74041007 38.18585968 15.14060020
v -56.67889045 36.65042114 0.14060000
v -60.04219077 30.81871986 0.14060000
v -59.02262900 32.88497162 15.14060020
v -55.74041007 38.18585968 15.14060020
v -62.80789969 24.68091965 0.14060000
v -59.02262900 32.88497162 15.14060020
v -60.04219077 30.81871986 0.14060000
v -62.80789969 24.68091965 0.14060000
v -61.80173896 27.30388069 15.14060020
v -59.02262900 32.88497162 15.14060020
v -64.94848655 18.29821968 0.14060000
v -61.80173896 27.30388069 15.14060020
v -62.80789969 24.68091965 0.14060000
v -64.94848655 18.29821968 0.14060000
v -64.05397055 21.49008942 15.14060020
v -61.80173896 27.30388069 15.14060020
v -66.44258902 11.73412037 0.14060000
v -64.05397055 21.49008942 15.14060020
v -64.94848655 18.29821968 0.14060000
v -66.44258902 11.73412037 0.14060000
v -65.76029227 15.49339008 15.14060020
v -64.05397055 21.49008942 15.14060020
v -67.27549002 5.05372000 0.14060000
v -65.76029227 15.49339008 15.14060020
v -66.44258902 11.73412037 0.14060000
v 9.36490228 66.90606689 15.14060020
v 6.76297977 67.21804047 0.14060000
v 0.03909995 67.55372620 0.14060000
v 9.36490228 66.90606689 15.14060020
v 13.41989972 66.21412659 0.14060000
v 6.76297977 67.21804047 0.14060000
v 15.49355008 65.76045227 15.14060020
v 13.41989972 66.21412659 0.14060000
v 9.36490228 66.90606689 15.14060020
v 15.49355008 65.76045227 15.14060020
v 19.94379976 64.55223083 0.14060000
v 13.41989972 66.21412659 0.14060000
v 21.49023988 64.05413055 15.14060020
v 19.94379976 64.55223083 0.14060000
v 15.49355008 65.76045227 15.14060020
v 21.49023988 64.05413055 15.14060020
v 26.26959970 62.24863052 0.14060000
v 19.94379976 64.55223083 0.14060000
v 27.30402925 61.80191040 15.14060020
v 26.26959970 62.24863052 0.14060000
v 21.49023988 64.05413055 15.14060020
v 27.30402925 61.80191040 15.14060020
v 32.33449914 59.32643127 0.14060000
v 26.26959970 62.24863052 0.14060000
v 32.79700067 59.07212067 15.14060020
v 32.33449914 59.32643127 0.14060000
v 27.30402925 61.80191040 15.14060020
v 32.79700067 59.07212067 15.14060020
v 38.07820108 55.81462860 0.14060000
v 32.33449914 59.32643127 0.14060000
v 38.18600824 55.74057007 15.14060020
v 38.07820108 55.81462860 0.14060000
v 32.79700067 59.07212067 15.14060020
v 38.18600824 55.74057007 15.14060020
v 43.44340112 51.74813080 0.14060000
v 38.07820108 55.81462860 0.14060000
v 43.16149118 51.98324966 15.14060020
v 43.16149118 51.98324966 15.14060020
v 48.37689950 47.16753006 0.14060000
v 43.44340112 51.74813080 0.14060000
v 51.98371865 43.08306885 15.14060020
v 52.82950952 42.11822891 0.14060000
v 48.37689950 47.16753006 0.14060000
v 55.74100091 38.10755157 15.14060020
v 52.82950952 42.11822891 0.14060000
v 51.98371865 43.08306885 15.14060020
v 55.74100091 38.10755157 15.14060020
v 56.75709893 36.65042877 0.14060000
v 52.82950952 42.11822891 0.14060000
v 59.02318933 32.80664062 15.14060020
v 56.75709893 36.65042877 0.14060000
v 55.74100091 38.10755157 15.14060020
v 59.02318933 32.80664062 15.14060020
v 60.12041070 30.81872940 0.14060000
v 56.75709893 36.65042877 0.14060000
v 61.80226114 27.22553062 15.14060020
v 60.12041070 30.81872940 0.14060000
v 59.02318933 32.80664062 15.14060020
v 61.80226114 27.22553062 15.14060020
v 62.88610818 24.68092918 0.14060000
v 60.12041070 30.81872940 0.14060000
v 64.05445077 21.41172028 15.14060020
v 62.88610818 24.68092918 0.14060000
v 61.80226114 27.22553062 15.14060020
v 64.05445077 21.41172028 15.14060020
v 65.02671029 18.29822922 0.14060000
v 62.88610818 24.68092918 0.14060000
v 65.76072671 15.41501999 15.14060020
v 65.02671029 18.29822922 0.14060000
v 64.05445077 21.41172028 15.14060020
v 65.76072671 15.41501999 15.14060020
v 66.52082040 11.73412991 0.14060000
v 65.02671029 18.29822922 0.14060000
v 66.90631082 9.28635979 15.14060020
v 66.52082040 11.73412991 0.14060000
v 65.76072671 15.41501999 15.14060020
v 66.90631082 9.28635979 15.14060020
v 67.47239663 3.05372000 0.14060000
v 66.52082040 11.73412991 0.14060000
v 67.48159005 3.07819009 15.14060020
v 67.47239663 3.05372000 0.14060000
v 66.90631082 9.28635979 15.14060020
v 0.03909995 67.55372620 0.14060000
v 3.15673997 67.48139191 15.14060020
v 9.36490228 66.90606689 15.14060020
v 67.35372140 -4.94628000 0.14060000
v 67.48155191 -3.15656996 15.14060020
v 66.90622689 -9.36474228 15.14060020
v 67.47239663 3.05372000 0.14060000
v 67.48155191 -3.15656996 15.14060020
v 67.35372140 -4.94628000 0.14060000
v 67.48155191 -3.15656996 15.14060020
v 67.47239663 3.05372000 0.14060000
v 67.48159005 3.07819009 15.14060020
v 64.05429055 -21.49007988 15.14060020
v 64.67881753 -19.38756943 0.14060000
v 66.27542093 -12.94626999 0.14060000
v 61.80207040 -27.30386925 15.14060020
v 64.67881753 -19.38756943 0.14060000
v 64.05429055 -21.49007988 15.14060020
v 61.80207040 -27.30386925 15.14060020
v 62.45730951 -25.64086914 0.14060000
v 64.67881753 -19.38756943 0.14060000
v 59.02294900 -32.88496017 15.14060020
v 62.45730951 -25.64086914 0.14060000
v 61.80207040 -27.30386925 15.14060020
v 59.02294900 -32.88496017 15.14060020
v 59.63261010 -31.64596939 0.14060000
v 62.45730951 -25.64086914 0.14060000
v 55.74073007 -38.18584824 15.14060020
v 59.63261010 -31.64596939 0.14060000
v 59.02294900 -32.88496017 15.14060020
v 55.74073007 -38.18584824 15.14060020
v 56.23181894 -37.34457016 0.14060000
v 59.63261010 -31.64596939 0.14060000
v 51.98340966 -43.16133118 15.14060020
v 56.23181894 -37.34457016 0.14060000
v 55.74073007 -38.18584824 15.14060020
v 51.98340966 -43.16133118 15.14060020
v 52.28781106 -42.68177032 0.14060000
v 56.23181894 -37.34457016 0.14060000
v 47.69091012 -47.78311157 15.14060020
v 52.28781106 -42.68177032 0.14060000
v 51.98340966 -43.16133118 15.14060020
v 47.69091012 -47.78311157 15.14060020
v 47.83880975 -47.60586929 0.14060000
v 52.28781106 -42.68177032 0.14060000
v 43.08320977 -51.98357010 15.14060020
v 47.83880975 -47.60586929 0.14060000
v 47.69091012 -47.78311157 15.14060020
v 42.92771127 -52.06937027 0.14060000
v 38.10770013 -55.74084854 15.14060020
v 42.92771127 -52.06937027 0.14060000
v 43.08320977 -51.98357010 15.14060020
v 37.60200860 -56.02907181 0.14060000
v 32.80678918 -59.02302933 15.14060020
v 37.60200860 -56.02907181 0.14060000
v 38.10770013 -55.74084854 15.14060020
v 32.80678918 -59.02302933 15.14060020
v 31.91331079 -59.44657135 0.14060000
v 37.60200860 -56.02907181 0.14060000
v 27.22567918 -61.80210876 15.14060020
v 31.91331079 -59.44657135 0.14060000
v 32.80678918 -59.02302933 15.14060020
v 27.22567918 -61.80210876 15.14060020
v 25.91630914 -62.28907013 0.14060000
v 31.91331079 -59.44657135 0.14060000
v 15.41515996 -65.76056671 15.14060020
v 19.66921022 -64.52887726 0.14060000
v 25.91630914 -62.28907013 0.14060000
v 9.28651216 -66.90615082 15.14060020
v 19.66921022 -64.52887726 0.14060000
v 15.41515996 -65.76056671 15.14060020
v 9.28651216 -66.90615082 15.14060020
v 13.23231008 -66.14437866 0.14060000
v 19.66921022 -64.52887726 0.14060000
v 3.07833006 -67.48143005 15.14060020
v 13.23231008 -66.14437866 0.14060000
v 9.28651216 -66.90615082 15.14060020
v 3.07833006 -67.48143005 15.14060020
v 6.66779020 -67.11997223 0.14060000
v 13.23231008 -66.14437866 0.14060000
v -3.15642998 -67.48139191 15.14060020
v 6.66779020 -67.11997223 0.14060000
v 3.07833006 -67.48143005 15.14060020
v -3.15642998 -67.48139191 15.14060020
v 0.03910990 -67.44628143 0.14060000
v 6.66779020 -67.11997223 0.14060000
v -22.84548018 19.45203018 10.14060020
v -14.08309958 27.71661949 0.14060000
v -14.19569037 30.47311020 10.14060020
v -22.84548018 19.45203018 10.14060020
v -20.79056952 21.64364052 0.14060000
v -14.08309958 27.71661949 0.14060000
v -22.84548018 19.45203018 10.14060020
v -22.95771048 19.31889915 0.14060000
v -20.79056952 21.64364052 0.14060000
v -24.99769042 16.58122063 10.14060020
v -22.95771048 19.31889915 0.14060000
v -22.84548018 19.45203018 10.14060020
v -26.49579070 14.05002022 0.14060000
v -22.95771048 19.31889915 0.14060000
v -24.99769042 16.58122063 10.14060020
v -26.79219077 13.47311974 10.14060020
v -26.49579070 14.05002022 0.14060000
v -24.99769042 16.58122063 10.14060020
v -26.79219077 13.47311974 10.14060020
v -27.82739089 11.16481972 0.14060000
v -26.49579070 14.05002022 0.14060000
v -28.01419089 10.56122017 10.14060020
v -27.82739089 11.16481972 0.14060000
v -26.79219077 13.47311974 10.14060020
v -28.01419089 10.56122017 10.14060020
v -28.84638999 8.15478230 0.14060000
v -27.82739089 11.16481972 0.14060000
v -29.13188956 7.05731010 10.14060020
v -28.84638999 8.15478230 0.14060000
v -28.01419089 10.56122017 10.14060020
v -29.13188956 7.05731010 10.14060020
v -29.54129050 5.05372000 0.14060000
v -28.84638999 8.15478230 0.14060000
v -29.71868918 3.85806990 10.14060020
v -29.54129050 5.05372000 0.14060000
v -29.13188956 7.05731010 10.14060020
v -29.71868918 3.85806990 10.14060020
v -29.94418929 1.05372000 0.14060000
v -29.54129050 5.05372000 0.14060000
v -29.81048987 -2.94626999 0.14060000
v -29.95569060 0.61422002 10.14060020
v -29.84009002 -2.63611007 10.14060020
v -29.81048987 -2.94626999 0.14060000
v -29.94418929 1.05372000 0.14060000
v -29.95569060 0.61422002 10.14060020
v -29.95569060 0.61422002 10.14060020
v -29.94418929 1.05372000 0.14060000
v -29.71868918 3.85806990 10.14060020
v -29.37328933 -5.85473013 10.14060020
v -29.81048987 -2.94626999 0.14060000
v -29.84009002 -2.63611007 10.14060020
v -29.13279937 -6.94626999 0.14060000
v -29.81048987 -2.94626999 0.14060000
v -29.37328933 -5.85473013 10.14060020
v -28.56089042 -9.00384998 10.14060020
v -29.13279937 -6.94626999 0.14060000
v -29.37328933 -5.85473013 10.14060020
v -26.99789069 -12.94627953 0.14060000
v -29.13279937 -6.94626999 0.14060000
v -28.56089042 -9.00384998 10.14060020
v -25.94126914 -14.94690990 10.14060020
v -26.99789069 -12.94627953 0.14060000
v -27.41238997 -12.04648018 10.14060020
v -23.42520926 -18.63924980 0.14060000
v -26.99789069 -12.94627953 0.14060000
v -25.94126914 -14.94690990 10.14060020
v -26.99789069 -12.94627953 0.14060000
v -28.56089042 -9.00384998 10.14060020
v -27.41238997 -12.04648018 10.14060020
v -22.10416053 -20.18680000 10.14060020
v -23.42520926 -18.63924980 0.14060000
v -25.94126914 -14.94690990 10.14060020
v -22.10416053 -20.18680000 10.14060020
v -18.67461036 -23.39396095 0.14060000
v -23.42520926 -18.63924980 0.14060000
v -17.22916053 -24.47798920 10.14060020
v -18.67461036 -23.39396095 0.14060000
v -22.10416053 -20.18680000 10.14060020
v -17.22916053 -24.47798920 10.14060020
v -12.98458979 -26.97187996 0.14060000
v -18.67461036 -23.39396095 0.14060000
v -8.48096965 -28.71096992 10.14060020
v -12.98458979 -26.97187996 0.14060000
v -17.22916053 -24.47798920 10.14060020
v -8.48096965 -28.71096992 10.14060020
v -6.64052985 -29.19318008 0.14060000
v -12.98458979 -26.97187996 0.14060000
v -4.88585017 -29.49477005 10.14060020
v -6.64052985 -29.19318008 0.14060000
v -8.48096965 -28.71096992 10.14060020
v 3.40020992 -29.75737000 0.14060000
v 4.49254014 -29.52046967 10.25290966
v 7.99312999 -28.87257957 10.14060020
v 3.40020992 -29.75737000 0.14060000
v 1.83394005 -29.89258003 10.14060020
v 4.49254014 -29.52046967 10.25290966
v 0.03914996 -29.94627953 0.14060000
v 1.83394005 -29.89258003 10.14060020
v 3.40020992 -29.75737000 0.14060000
v 0.03914996 -29.94627953 0.14060000
v -1.75498996 -29.89258003 10.14060020
v 1.83394005 -29.89258003 10.14060020
v -3.32190011 -29.75737953 0.14060000
v -1.75498996 -29.89258003 10.14060020
v 0.03914996 -29.94627953 0.14060000
v -3.32190011 -29.75737953 0.14060000
v -4.88585017 -29.49477005 10.14060020
v -1.75498996 -29.89258003 10.14060020
v -6.64052985 -29.19318008 0.14060000
v -4.88585017 -29.49477005 10.14060020
v -3.32190011 -29.75737953 0.14060000
v 27.94971063 -10.94626045 0.14060000
v 26.53910997 -14.00866985 10.14060020
v 28.67309930 -8.89597988 10.14060020
v 25.44968965 -15.89309978 0.14060000
v 26.53910997 -14.00866985 10.14060020
v 27.94971063 -10.94626045 0.14060000
v 25.44968965 -15.89309978 0.14060000
v 24.72709062 -16.99040031 10.14060020
v 26.53910997 -14.00866985 10.14060020
v 21.26168039 -21.15010071 0.14060000
v 24.72709062 -16.99040031 10.14060020
v 25.44968965 -15.89309978 0.14060000
v 21.26168039 -21.15010071 0.14060000
v 20.13038041 -22.22500038 10.14060020
v 24.72709062 -16.99040031 10.14060020
v 16.00840928 -25.34276962 0.14060000
v 20.13038041 -22.22500038 10.14060020
v 21.26168039 -21.15010071 0.14060000
v 16.00840928 -25.34276962 0.14060000
v 14.45027997 -26.25819016 10.14060020
v 20.13038041 -22.22500038 10.14060020
v 9.95330217 -28.26075935 0.14060000
v 14.45027997 -26.25819016 10.14060020
v 16.00840928 -25.34276962 0.14060000
v 9.95330217 -28.26075935 0.14060000
v 7.99312999 -28.87257957 10.14060020
v 14.45027997 -26.25819016 10.14060020
v 3.40020992 -29.75737000 0.14060000
v 7.99312999 -28.87257957 10.14060020
v 9.95330217 -28.26075935 0.14060000
v 29.21100976 -6.94626999 0.14060000
v 28.67309930 -8.89597988 10.14060020
v 29.37701013 -6.21435022 10.14060020
v 29.21100976 -6.94626999 0.14060000
v 27.94971063 -10.94626045 0.14060000
v 28.67309930 -8.89597988 10.14060020
v 29.37701013 -6.21435022 10.14060020
v 29.88870980 -2.94625998 0.14060000
v 29.21100976 -6.94626999 0.14060000
v 29.88870980 3.05372000 0.14060000
v 30.02931001 -0.71469998 10.14060020
v 29.97220971 2.05655003 10.14060020
v 29.88870980 -2.94625998 0.14060000
v 30.02931001 -0.71469998 10.14060020
v 29.88870980 3.05372000 0.14060000
v 30.02931001 -0.71469998 10.14060020
v 29.88870980 -2.94625998 0.14060000
v 29.37701013 -6.21435022 10.14060020
v 29.09411027 7.52404022 10.14060020
v 28.92460992 8.15497208 0.14060000
v 29.88870980 3.05372000 0.14060000
v 28.09139993 10.56282997 10.14060020
v 28.92460992 8.15497208 0.14060000
v 29.09411027 7.52404022 10.14060020
v 29.88870980 3.05372000 0.14060000
v 29.97220971 2.05655003 10.14060020
v 29.09411027 7.52404022 10.14060020
v 14.43401983 27.07011032 0.14060000
v 21.34209039 21.17674065 10.14060020
v 14.16130998 27.71701050 10.14060020
v 23.03573014 19.31909943 0.14060000
v 21.34209039 21.17674065 10.14060020
v 14.43401983 27.07011032 0.14060000
v 23.03573014 19.31909943 0.14060000
v 23.16550996 19.09482956 10.14060020
v 21.34209039 21.17674065 10.14060020
v 23.03573014 19.31909943 0.14060000
v 25.07631089 16.58061981 10.14060020
v 23.16550996 19.09482956 10.14060020
v 26.57390954 14.05033016 0.14060000
v 25.07631089 16.58061981 10.14060020
v 23.03573014 19.31909943 0.14060000
v 26.57390954 14.05033016 0.14060000
v 26.87071016 13.47253036 10.14060020
v 25.07631089 16.58061981 10.14060020
v 27.90550973 11.16502953 0.14060000
v 26.87071016 13.47253036 10.14060020
v 26.57390954 14.05033016 0.14060000
v 27.90550973 11.16502953 0.14060000
v 28.09139993 10.56282997 10.14060020
v 26.87071016 13.47253036 10.14060020
v 28.92460992 8.15497208 0.14060000
v 28.09139993 10.56282997 10.14060020
v 27.90550973 11.16502953 0.14060000
v 67.35372140 -4.94628000 0.14060000
v 27.94971063 -10.94626045 0.14060000
v 67.47239663 3.05372000 0.14060000
v 66.27542093 -12.94626999 0.14060000
v 29.88870980 -2.94625998 0.14060000
v 29.88870980 3.05372000 0.14060000
v 29.21100976 -6.94626999 0.14060000
v -10.21719001 41.81261826 0.14060000
v -9.25968001 42.20281982 10.14000988
v -15.21439002 40.37392044 10.14000034
v -10.21719001 41.81261826 0.14060000
v -3.08255003 43.10330963 10.13998985
v -9.25968001 42.20281982 10.14000988
v -5.12646983 42.74232864 0.14060000
v -3.08255003 43.10330963 10.13998985
v -10.21719001 41.81261826 0.14060000
v 0.03910990 43.05371857 0.14060000
v -3.08255003 43.10330963 10.13998985
v -5.12646983 42.74232864 0.14060000
v 0.03910990 43.05371857 0.14060000
v 3.15993001 43.10340881 10.13998985
v -3.08255003 43.10330963 10.13998985
v 5.20468976 42.74232864 0.14060000
v 3.15993001 43.10340881 10.13998985
v 0.03910990 43.05371857 0.14060000
v 10.29540994 41.81261826 0.14060000
v 3.15993001 43.10340881 10.13998985
v 5.20468976 42.74232864 0.14060000
v 10.29540994 41.81261826 0.14060000
v 9.33707978 42.20302963 10.14000988
v 3.15993001 43.10340881 10.13998985
v 15.23770978 40.27812958 0.14060000
v 9.33707978 42.20302963 10.14000988
v 10.29540994 41.81261826 0.14060000
v 15.23770978 40.27812958 0.14060000
v 15.78859975 40.00233078 10.14021015
v 9.33707978 42.20302963 10.14000988
v -15.21439002 40.37392044 10.14000034
v -16.72579024 38.92102814 0.14060000
v -10.21719001 41.81261826 0.14060000
v -16.81798957 36.20391846 10.14291954
v -14.19569037 30.47311020 10.14060020
v -13.98530028 29.80533981 0.14060000
v -13.98530028 29.80533981 0.14060000
v -17.09738944 37.57352066 0.14060000
v -16.81798957 36.20391846 10.14291954
v -14.19569037 30.47311020 10.14060020
v -14.08309958 27.71661949 0.14060000
v -13.98530028 29.80533981 0.14060000
v -16.38039992 39.54288101 10.13362980
v -16.72579024 38.92102814 0.14060000
v -15.21439002 40.37392044 10.14000034
v -17.01288054 38.32173157 10.14054012
v -16.72579024 38.92102814 0.14060000
v -16.38039992 39.54288101 10.13362980
v -17.01288054 38.32173157 10.14054012
v -17.09738944 37.57352066 0.14060000
v -16.72579024 38.92102814 0.14060000
v -17.05109046 37.03052902 10.14291000
v -17.09738944 37.57352066 0.14060000
v -17.01288054 38.32173157 10.14054012
v -17.05109046 37.03052902 10.14291000
v -16.81798957 36.20391846 10.14291954
v -17.09738944 37.57352066 0.14060000
v 16.89619043 36.20391083 10.14000034
v 17.06941011 38.26919937 0.14060000
v 14.27391031 30.47311974 10.14060020
v 17.06941011 38.26919937 0.14060000
v 14.06321027 29.80373001 0.14060000
v 14.27391031 30.47311974 10.14060020
v 17.17640092 37.39722824 10.14021015
v 17.06941011 38.26919937 0.14060000
v 16.89619043 36.20391083 10.14000034
v 16.83708932 39.01018143 10.13957977
v 17.06941011 38.26919937 0.14060000
v 17.17640092 37.39722824 10.14021015
v 16.83708932 39.01018143 10.13957977
v 16.39410951 39.49301910 0.14060000
v 17.06941011 38.26919937 0.14060000
v 15.78859975 40.00233078 10.14021015
v 16.39410951 39.49301910 0.14060000
v 16.83708932 39.01018143 10.13957977
v 15.78859975 40.00233078 10.14021015
v 15.23770978 40.27812958 0.14060000
v 16.39410951 39.49301910 0.14060000
v 14.00580957 28.40122986 0.14060000
v 14.43401983 27.07011032 0.14060000
v 14.16130998 27.71701050 10.14060020
v 13.97251012 29.10572052 10.14060020
v 14.00580957 28.40122986 0.14060000
v 14.16130998 27.71701050 10.14060020
v 13.97251012 29.10572052 10.14060020
v 14.06321027 29.80373001 0.14060000
v 14.00580957 28.40122986 0.14060000
v 14.27391031 30.47311974 10.14060020
v 14.06321027 29.80373001 0.14060000
v 13.97251012 29.10572052 10.14060020
v -17.22916053 -24.47798920 10.14060020
v -4.88585017 -29.49477005 10.14060020
v -8.48096965 -28.71096992 10.14060020
v -22.10416053 -20.18680000 10.14060020
v -1.75498996 -29.89258003 10.14060020
v -25.94126914 -14.94690990 10.14060020
v 4.49254014 -29.52046967 10.25290966
v 1.83394005 -29.89258003 10.14060020
v 7.99312999 -28.87257957 10.14060020
v -29.84009002 -2.63611007 10.14060020
v -29.37328933 -5.85473013 10.14060020
v -0.30633000 5.53083992 10.54389954
v -1.75498996 -29.89258003 10.14060020
v -29.84009002 -2.63611007 10.14060020
v -0.30633000 5.53083992 10.54389954
v 1.83394005 -29.89258003 10.14060020
v -1.75498996 -29.89258003 10.14060020
v 7.99312999 -28.87257957 10.14060020
v -27.41238997 -12.04648018 10.14060020
v -28.56089042 -9.00384998 10.14060020
v 29.37701013 -6.21435022 10.14060020
v -0.30633000 5.53083992 10.54389954
v 30.02931001 -0.71469998 10.14060020
v 28.67309930 -8.89597988 10.14060020
v 26.53910997 -14.00866985 10.14060020
v -29.71868918 3.85806990 10.14060020
v -0.30633000 5.53083992 10.54389954
v -29.95569060 0.61422002 10.14060020
v -29.84009002 -2.63611007 10.14060020
v 29.97220971 2.05655003 10.14060020
v -29.13188956 7.05731010 10.14060020
v -28.01419089 10.56122017 10.14060020
v 29.09411027 7.52404022 10.14060020
v -28.01419089 10.56122017 10.14060020
v -26.79219077 13.47311974 10.14060020
v -0.30633000 5.53083992 10.54389954
v 28.09139993 10.56282997 10.14060020
v -24.99769042 16.58122063 10.14060020
v -0.30633000 5.53083992 10.54389954
v 25.07631089 16.58061981 10.14060020
v 26.87071016 13.47253036 10.14060020
v 28.09139993 10.56282997 10.14060020
v -22.84548018 19.45203018 10.14060020
v 21.34209039 21.17674065 10.14060020
v 23.16550996 19.09482956 10.14060020
v 0.03910990 25.24341965 10.14060020
v 21.34209039 21.17674065 10.14060020
v -0.30633000 5.53083992 10.54389954
v -22.84548018 19.45203018 10.14060020
v 0.03910990 25.24341965 10.14060020
v -0.30633000 5.53083992 10.54389954
v -14.19569037 30.47311020 10.14060020
v 0.03910990 25.24341965 10.14060020
v -22.84548018 19.45203018 10.14060020
v 14.16130998 27.71701050 10.14060020
v 21.34209039 21.17674065 10.14060020
v 13.97251012 29.10572052 10.14060020
v 14.27391031 30.47311974 10.14060020
v -64.60060141 -19.38758087 0.14060000
v -26.99789069 -12.94627953 0.14060000
v -23.42520926 -18.63924980 0.14060000
v -62.37908957 -25.64088058 0.14060000
v -59.55439017 -31.64598083 0.14060000
v -56.15359137 -37.34458160 0.14060000
v -18.67461036 -23.39396095 0.14060000
v -52.20959113 -42.68178177 0.14060000
v -47.76058982 -47.60588074 0.14060000
v -42.84949134 -52.06938171 0.14060000
v -12.98458979 -26.97187996 0.14060000
v -37.52378867 -56.02907944 0.14060000
v -31.83509085 -59.44657898 0.14060000
v -25.83808921 -62.28908157 0.14060000
v -6.64052985 -29.19318008 0.14060000
v -19.59098075 -64.52887726 0.14060000
v -13.15409014 -66.14437866 0.14060000
v -3.32190011 -29.75737953 0.14060000
v -6.58956979 -67.11997223 0.14060000
v 0.03914996 -29.94627953 0.14060000
v 0.03910990 -67.44628143 0.14060000
v 6.66779020 -67.11997223 0.14060000
v 3.40020992 -29.75737000 0.14060000
v 13.23231008 -66.14437866 0.14060000
v 9.95330217 -28.26075935 0.14060000
v 19.66921022 -64.52887726 0.14060000
v 25.91630914 -62.28907013 0.14060000
v 16.00840928 -25.34276962 0.14060000
v 31.91331079 -59.44657135 0.14060000
v 37.60200860 -56.02907181 0.14060000
v 42.92771127 -52.06937027 0.14060000
v 21.26168039 -21.15010071 0.14060000
v 47.83880975 -47.60586929 0.14060000
v 52.28781106 -42.68177032 0.14060000
v 56.23181894 -37.34457016 0.14060000
v 25.44968965 -15.89309978 0.14060000
v 59.63261010 -31.64596939 0.14060000
v 62.45730951 -25.64086914 0.14060000
v 64.67881753 -19.38756943 0.14060000
v 66.52082040 11.73412991 0.14060000
v 28.92460992 8.15497208 0.14060000
v 65.02671029 18.29822922 0.14060000
v 62.88610818 24.68092918 0.14060000
v 27.90550973 11.16502953 0.14060000
v 60.12041070 30.81872940 0.14060000
v 26.57390954 14.05033016 0.14060000
v 56.75709893 36.65042877 0.14060000
v 23.03573014 19.31909943 0.14060000
v 52.82950952 42.11822891 0.14060000
v 48.37689950 47.16753006 0.14060000
v 14.43401983 27.07011032 0.14060000
v 43.44340112 51.74813080 0.14060000
v 38.07820108 55.81462860 0.14060000
v 14.00580957 28.40122986 0.14060000
v 14.06321027 29.80373001 0.14060000
v 17.06941011 38.26919937 0.14060000
v 16.39410951 39.49301910 0.14060000
v 32.33449914 59.32643127 0.14060000
v 15.23770978 40.27812958 0.14060000
v 26.26959970 62.24863052 0.14060000
v 19.94379976 64.55223083 0.14060000
v 10.29540994 41.81261826 0.14060000
v 13.41989972 66.21412659 0.14060000
v 5.20468976 42.74232864 0.14060000
v 6.76297977 67.21804047 0.14060000
v 0.03910990 43.05371857 0.14060000
v 0.03909995 67.55372620 0.14060000
v -5.12646983 42.74232864 0.14060000
v -6.68477986 67.21804047 0.14060000
v -10.21719001 41.81261826 0.14060000
v -13.34169982 66.21412659 0.14060000
v -19.86560080 64.55223083 0.14060000
v -16.72579024 38.92102814 0.14060000
v -26.19140075 62.24861908 0.14060000
v -32.25629065 59.32641983 0.14060000
v -38.00000022 55.81462097 0.14060000
v -43.36520026 51.74811935 0.14060000
v -20.79056952 21.64364052 0.14060000
v -48.29869101 47.16751862 0.14060000
v -22.95771048 19.31889915 0.14060000
v -52.75130103 42.11822128 0.14060000
v -26.49579070 14.05002022 0.14060000
v -56.67889045 36.65042114 0.14060000
v -60.04219077 30.81871986 0.14060000
v -27.82739089 11.16481972 0.14060000
v -62.80789969 24.68091965 0.14060000
v -28.84638999 8.15478230 0.14060000
v -64.94848655 18.29821968 0.14060000
v -66.44258902 11.73412037 0.14060000
v 26.53910997 -14.00866985 10.14060020
v 24.72709062 -16.99040031 10.14060020
v -0.30633000 5.53083992 10.54389954
v 20.13038041 -22.22500038 10.14060020
v 14.45027997 -26.25819016 10.14060020
v 14.45027997 -26.25819016 10.14060020
v -16.81798957 36.20391846 10.14291954
v -17.05109046 37.03052902 10.14291000
v -17.01288054 38.32173157 10.14054012
v -16.38039992 39.54288101 10.13362980
v -15.21439002 40.37392044 10.14000034
v -9.25968001 42.20281982 10.14000988
v -3.08255003 43.10330963 10.13998985
v 3.15993001 43.10340881 10.13998985
v 9.33707978 42.20302963 10.14000988
v 15.78859975 40.00233078 10.14021015
v 16.83708932 39.01018143 10.13957977
v 17.17640092 37.39722824 10.14021015
v 16.89619043 36.20391083 10.14000034
v -29.81048987 -2.94626999 0.14060000
v -29.13279937 -6.94626999 0.14060000
v -67.48123191 3.15657997 15.14060020
v -66.90590689 9.36474991 15.14060020
v -67.27549002 5.05372000 0.14060000
v -66.90590689 9.36474991 15.14060020
v -65.76029227 15.49339008 15.14060020
v -67.27549002 5.05372000 0.14060000
v -43.16117881 -51.98323822 15.14060020
v -43.16117881 -51.98323822 15.14060020
v 15.41515996 -65.76056671 15.14060020
v 25.91630914 -62.28907013 0.14060000
v 21.41187074 -64.05429077 15.14060020
v 27.22567918 -61.80210876 15.14060020
v 21.41187074 -64.05429077 15.14060020
v 25.91630914 -62.28907013 0.14060000
v 64.05429055 -21.49007988 15.14060020
v 66.27542093 -12.94626999 0.14060000
v 65.76061227 -15.49339008 15.14060020
v 66.90622689 -9.36474228 15.14060020
v 65.76061227 -15.49339008 15.14060020
v 66.27542093 -12.94626999 0.14060000
v 66.90622689 -9.36474228 15.14060020
v 66.27542093 -12.94626999 0.14060000
v 67.35372140 -4.94628000 0.14060000
v 47.78326013 47.69076157 15.14060020
v 51.98371865 43.08306885 15.14060020
v 48.37689950 47.16753006 0.14060000
v 47.78326013 47.69076157 15.14060020
v -15.41485045 65.76056671 15.14060020
v -19.86560080 64.55223083 0.14060000
v -21.41155074 64.05429077 15.14060020
v -27.22535918 61.80210114 15.14060020
v -21.41155074 64.05429077 15.14060020
v -19.86560080 64.55223083 0.14060000
v -27.22535918 61.80210114 15.14060020
v -19.86560080 64.55223083 0.14060000
v -26.19140075 62.24861908 0.14060000
v -12.40308952 -66.35066986 15.24060631
v 0.00000000 0.00000763 15.14060783
v 0.00000000 -67.50000000 15.24060631
v 12.40308952 -66.35066986 15.24060631
v 12.40308952 -66.35066986 15.24060631
v 2.97982788 -67.43418121 112.93054771
v 0.00000000 -67.50000000 15.24060631
v 2.97982788 -67.43418121 112.93054771
v -0.00011444 -67.49414825 112.49912071
v 0.00000000 -67.50000000 15.24060631
v -0.00011444 -67.49414825 112.49912071
v -12.40308952 -66.35066986 15.24060631
v 0.00000000 -67.50000000 15.24060631
v -12.40308952 -66.35066986 15.24060631
v -0.00011444 -67.49414825 112.49912071
v -0.26444250 -67.49948120 112.46085167
v -3.11052704 -67.42829132 112.97302055
v -12.40308952 -66.35066986 15.24060631
v -0.26444250 -67.49948120 112.46085167
v -2.55754089 -67.36342621 114.33557701
v -3.11052704 -67.42829132 112.97302055
v -0.26444250 -67.49948120 112.46085167
v -0.21743010 -67.42195129 113.82340813
v -2.55754089 -67.36342621 114.33557701
v -0.26444250 -67.49948120 112.46085167
v -0.00011444 -67.49414825 112.49912071
v -0.21743010 -67.42195129 113.82340813
v -0.26444250 -67.49948120 112.46085167
v 2.45008111 -67.36827087 114.29311180
v 2.97982788 -67.43418121 112.93054771
v 2.45008111 -67.36827087 114.29311180
v -0.00011444 -67.49414825 112.49912071
v 12.40308952 -66.35066986 15.24060631
v 6.79761505 -67.15683746 114.92590141
v 2.97982788 -67.43418121 112.93054771
v 6.79761505 -67.15683746 114.92590141
v 2.45008111 -67.36827087 114.29311180
v 2.97982788 -67.43418121 112.93054771
v -5.96836090 -67.23561096 114.35918236
v -12.40308952 -66.35066986 15.24060631
v -3.11052704 -67.42829132 112.97302055
v -4.90731812 -67.20500183 115.72170067
v -5.96836090 -67.23561096 114.35918236
v -3.11052704 -67.42829132 112.97302055
v -2.55754089 -67.36342621 114.33557701
v -4.90731812 -67.20500183 115.72170067
v -3.11052704 -67.42829132 112.97302055
v 2.45008111 -67.36827087 114.29311180
v -2.55754089 -67.36342621 114.33557701
v -0.21743010 -67.42195129 113.82340813
v 5.58914900 -67.14025116 116.28850365
v 6.79761505 -67.15683746 114.92590141
v 5.58914900 -67.14025116 116.28850365
v 2.45008111 -67.36827087 114.29311180
v -4.90731812 -67.20500183 115.72170067
v -9.14013004 -66.87831116 116.92989922
v -12.40308952 -66.35066986 15.24060631
v -5.96836090 -67.23561096 114.35918236
v -7.51521683 -66.91120911 118.29240227
v -9.14013004 -66.87831116 116.92989922
v -5.96836090 -67.23561096 114.35918236
v -4.90731812 -67.20500183 115.72170067
v -7.51521683 -66.91120911 118.29240227
v -5.96836090 -67.23561096 114.35918236
v 9.05610657 -66.67855072 120.32829857
v -7.51521683 -66.91120911 118.29240227
v 12.40308952 -66.35066986 15.24060631
v 11.01418018 -66.59532166 118.96570396
v 6.79761505 -67.15683746 114.92590141
v 11.01418018 -66.59532166 118.96570396
v 5.58914900 -67.14025116 116.28850365
v 6.79761505 -67.15683746 114.92590141
v 11.01418018 -66.59532166 118.96570396
v 9.05610657 -66.67855072 120.32829857
v 5.58914900 -67.14025116 116.28850365
v 12.66901016 -65.95706177 126.64130211
v -10.47327042 -66.42523193 122.54469872
v -10.47327042 -66.42523193 122.54469872
v -12.40170002 -66.34246063 120.78500175
v -7.51521683 -66.91120911 118.29240227
v -12.40170002 -66.34246063 120.78500175
v -9.14013004 -66.87831116 116.92989922
v -7.51521683 -66.91120911 118.29240227
v -12.40170002 -66.34246063 120.78500175
v -12.40308952 -66.35066986 15.24060631
v -9.14013004 -66.87831116 116.92989922
v 11.01418018 -66.59532166 118.96570396
v 12.39690018 -66.31919098 120.95229912
v 9.05610657 -66.67855072 120.32829857
v 12.39690018 -66.31919098 120.95229912
v 12.66901016 -65.95706177 126.64130211
v 9.05610657 -66.67855072 120.32829857
v 12.40308952 -66.35066986 15.24060631
v 12.39690018 -66.31919098 120.95229912
v 11.01418018 -66.59532166 118.96570396
v -13.73270988 -65.69657135 128.92059898
v -13.73270988 -65.69657135 128.92059898
v -12.73775959 -66.28723907 121.18220329
v -10.47327042 -66.42523193 122.54469872
v -12.40170002 -66.34246063 120.78500175
v -24.38381004 -62.94187164 15.24060631
v -12.40170002 -66.34246063 120.78500175
v -24.38381004 -62.94187164 15.24060631
v -12.40308952 -66.35066986 15.24060631
v 24.38381958 -62.94187164 15.24060631
v 24.38381958 -62.94187164 15.24060631
v 15.40824986 -65.71784210 125.27869987
v 12.40308952 -66.35066986 15.24060631
v 15.40824986 -65.71784210 125.27869987
v -12.73775959 -66.28723907 121.18220329
v -24.38381004 -62.94187164 15.24060631
v -12.40170002 -66.34246063 120.78500175
v 15.40824986 -65.71784210 125.27869987
v 12.66901016 -65.95706177 126.64130211
v 12.39690018 -66.31919098 120.95229912
v -30.96359062 -66.27736664 154.57320213
v 30.90658951 -66.09642029 153.53699303
v 31.01489067 -66.29548645 155.13989830
v -31.01228905 -66.24581146 155.02770042
v -30.96359062 -66.27736664 154.57320213
v 31.01489067 -66.29548645 155.13989830
v -31.05477905 -66.21829224 155.42430687
v 31.04911995 -66.25000763 155.42349815
v -31.05477905 -66.21829224 155.42430687
v 31.01489067 -66.29548645 155.13989830
v 30.90658951 -66.09642029 153.53699303
v 32.94937897 -65.88990784 153.58409691
v 31.01489067 -66.29548645 155.13989830
v 32.94937897 -65.88990784 153.58409691
v 33.32701111 -65.98114014 155.62999535
v 31.01489067 -66.29548645 155.13989830
v 33.32701111 -65.98114014 155.62999535
v 31.04911995 -66.25000763 155.42349815
v 31.01489067 -66.29548645 155.13989830
v -16.70195007 -65.40103149 127.55799675
v -24.38381004 -62.94187164 15.24060631
v -12.73775959 -66.28723907 121.18220329
v -13.73270988 -65.69657135 128.92059898
v -16.70195007 -65.40103149 127.55799675
v -12.73775959 -66.28723907 121.18220329
v -30.90657997 -66.09642029 153.53699303
v 30.90658951 -66.09642029 153.53699303
v -30.96359062 -66.27736664 154.57320213
v -33.30289841 -65.80783081 153.60370445
v -30.90657997 -66.09642029 153.53699303
v -30.96359062 -66.27736664 154.57320213
v -31.01228905 -66.24581146 155.02770042
v -33.30289841 -65.80783081 153.60370445
v -30.96359062 -66.27736664 154.57320213
v 31.06601906 -66.22754669 155.56360435
v 31.06601906 -66.22754669 155.56360435
v -33.37004852 -65.99105835 155.04599571
v -33.30289841 -65.80783081 153.60370445
v -31.01228905 -66.24581146 155.02770042
v -31.05477905 -66.21829224 155.42430687
v -33.37004852 -65.99105835 155.04599571
v -31.01228905 -66.24581146 155.02770042
v -31.14796066 -66.15792084 156.29419518
v 31.06601906 -66.22754669 155.56360435
v 31.20829010 -66.03852081 156.74260521
v -31.14796066 -66.15792084 156.29419518
v 31.20829010 -66.03852081 156.74260521
v -31.14796066 -66.15792084 156.29419518
v 31.32135963 -65.69046021 157.54059410
v -31.17795944 -66.07563019 156.50909996
v -31.14796066 -66.15792084 156.29419518
v 31.31862068 -65.69889832 157.52130699
v 31.32135963 -65.69046021 157.54059410
v -31.14796066 -66.15792084 156.29419518
v 31.20829010 -66.03852081 156.74260521
v -33.39517975 -65.82170105 156.48799706
v -33.37004852 -65.99105835 155.04599571
v -31.14796066 -66.15792084 156.29419518
v -31.17795944 -66.07563019 156.50909996
v -33.39517975 -65.82170105 156.48799706
v -31.14796066 -66.15792084 156.29419518
v -19.62515068 -63.83676147 145.19380760
v 30.90658951 -66.09642029 153.53699303
v -30.90657997 -66.09642029 153.53699303
v -30.90428925 -66.02532959 153.27449608
v -22.25699043 -63.61035919 144.35790062
v -20.94101906 -63.78580856 145.00569725
v -33.30289841 -65.80783081 153.60370445
v -30.90428925 -66.02532959 153.27449608
v -30.90657997 -66.09642029 153.53699303
v 19.62515068 -63.83676147 145.19380760
v 21.08090019 -63.77378082 144.96120262
v 22.37375069 -63.58716965 144.27220726
v 30.90420914 -66.02265930 153.26459312
v 30.90420914 -66.02265930 153.26459312
v 32.94937897 -65.88990784 153.58409691
v 30.90658951 -66.09642029 153.53699303
v -31.32168007 -65.68132019 157.53859520
v -31.32168007 -65.68132019 157.53859520
v 33.32701111 -65.98114014 155.62999535
v 33.16725922 -65.46546173 157.65019798
v 31.20829010 -66.03852081 156.74260521
v 33.16725922 -65.46546173 157.65019798
v 31.31862068 -65.69889832 157.52130699
v 31.20829010 -66.03852081 156.74260521
v -30.90373993 -66.00827789 153.21150780
v -22.46363068 -63.56832123 144.20259666
v -33.30289841 -65.80783081 153.60370445
v -33.31010818 -65.77252197 153.46480370
v -30.90428925 -66.02532959 153.27449608
v -33.31010818 -65.77252197 153.46480370
v -33.31517029 -65.72640991 153.29970360
v -30.90373993 -66.00827789 153.21150780
v 30.90373993 -66.00827789 153.21150780
v 30.90373993 -66.00827789 153.21150780
v 33.31052017 -65.77243805 153.46489525
v 30.90420914 -66.02265930 153.26459312
v 33.31052017 -65.77243805 153.46489525
v 32.94937897 -65.88990784 153.58409691
v 30.90420914 -66.02265930 153.26459312
v -27.66501045 -61.57025146 136.82530022
v -24.37520981 -62.92065048 141.81130028
v -30.91588974 -62.28678131 139.47089958
v -23.57148933 -63.25056076 143.02940178
v -33.46522903 -61.96583176 139.54980278
v -30.91588974 -62.28678131 139.47089958
v -30.90373993 -66.00827789 153.21150780
v -33.46522903 -61.96583176 139.54980278
v 23.57150078 -63.25056076 143.02940178
v 24.38381958 -62.94187164 141.88960075
v 30.91588974 -62.28678131 139.47089958
v 30.91588974 -62.28678131 139.47089958
v 33.31518173 -65.72640991 153.29970360
v -33.30651093 -65.80741119 153.60379601
v -33.30289841 -65.80783081 153.60370445
v -33.37004852 -65.99105835 155.04599571
v -35.42964172 -65.08216095 155.85280418
v -35.45655823 -65.13343048 155.58530235
v -33.37004852 -65.99105835 155.04599571
v -33.39517975 -65.82170105 156.48799706
v -35.42964172 -65.08216095 155.85280418
v -33.37004852 -65.99105835 155.04599571
v -35.45655823 -65.13343048 155.58530235
v -34.40615082 -65.40133667 153.70470238
v -33.37004852 -65.99105835 155.04599571
v -34.40615082 -65.40133667 153.70470238
v -33.33021164 -65.80455017 153.60449791
v -33.37004852 -65.99105835 155.04599571
v -33.33021164 -65.80455017 153.60449791
v 34.41022110 -65.42572021 153.69940758
v 34.44237137 -65.61074066 155.63159752
v 33.32701111 -65.98114014 155.62999535
v 32.94937897 -65.88990784 153.58409691
v 33.29280853 -65.78077698 153.61119652
v 33.32701111 -65.98114014 155.62999535
v 33.30112076 -65.77813721 153.61180687
v 34.41022110 -65.42572021 153.69940758
v 34.44237137 -65.61074066 155.63159752
v 34.28799057 -65.11653137 157.63959312
v 33.32701111 -65.98114014 155.62999535
v 34.28799057 -65.11653137 157.63959312
v 33.16725922 -65.46546173 157.65019798
v 33.32701111 -65.98114014 155.62999535
v 16.31508064 -64.97017670 135.27650261
v 19.84266090 -64.51757812 133.91390038
v 16.31508064 -64.97017670 135.27650261
v 12.66901016 -65.95706177 126.64130211
v 15.40824986 -65.71784210 125.27869987
v 19.84266090 -64.51757812 133.91390038
v 12.66901016 -65.95706177 126.64130211
v 33.31052017 -65.77243805 153.46489525
v 33.29280853 -65.78077698 153.61119652
v 32.94937897 -65.88990784 153.58409691
v -35.37984848 -64.98731232 156.34790611
v -35.42964172 -65.08216095 155.85280418
v -33.39517975 -65.82170105 156.48799706
v -35.28958893 -64.81539154 157.24510765
v -33.40621185 -65.30774689 157.84200096
v -35.28958893 -64.81539154 157.24510765
v -33.39517975 -65.82170105 156.48799706
v -31.32168007 -65.68132019 157.53859520
v -33.40621185 -65.30774689 157.84200096
v -33.39517975 -65.82170105 156.48799706
v -33.30651093 -65.80741119 153.60379601
v -33.33021164 -65.80455017 153.60449791
v -34.40615082 -65.40133667 153.70470238
v -34.43663025 -65.44667053 153.61009789
v -33.33021164 -65.80455017 153.60449791
v -34.43663025 -65.44667053 153.61009789
v -33.31010818 -65.77252197 153.46480370
v -33.33021164 -65.80455017 153.60449791
v 33.30112076 -65.77813721 153.61180687
v 34.41022110 -65.42572021 153.69940758
v -33.31769180 -65.72547913 153.29999352
v -33.31769180 -65.72547913 153.29999352
v -33.31517029 -65.72640991 153.29970360
v -33.31010818 -65.77252197 153.46480370
v 34.43582916 -65.44818115 153.61490440
v 34.41022110 -65.42572021 153.69940758
v 33.31052017 -65.77243805 153.46489525
v 33.31518173 -65.72640991 153.29970360
v 33.31872940 -65.72509766 153.30010033
v 33.31052017 -65.77243805 153.46489525
v 34.42033005 -65.31977081 153.41530418
v 34.42033005 -65.31977081 153.41530418
v 34.43582916 -65.44818115 153.61490440
v 33.31052017 -65.77243805 153.46489525
v -33.46522903 -61.96583176 139.54980278
v 30.91588974 -62.28678131 139.47089958
v 33.46522903 -61.96583176 139.54980278
v 33.31518173 -65.72640991 153.29970360
v 33.46522903 -61.96583176 139.54980278
v -34.42004013 -65.31987000 153.41519737
v -34.43663025 -65.44667053 153.61009789
v -34.42004013 -65.31987000 153.41519737
v -33.31769180 -65.72547913 153.29999352
v 19.84266090 -64.51757812 133.91390038
v 31.32135963 -65.69046021 157.54059410
v -17.16832924 -64.70021057 137.63870049
v -17.16832924 -64.70021057 137.63870049
v -31.36590958 -65.55998230 157.85539818
v 31.37324905 -65.53073883 157.90680504
v -31.36590958 -65.55998230 157.85539818
v 31.37324905 -65.53073883 157.90680504
v -31.36590958 -65.55998230 157.85539818
v -33.40621185 -65.30774689 157.84200096
v -31.32168007 -65.68132019 157.53859520
v 34.41022110 -65.42572021 153.69940758
v 35.15781021 -65.28614807 155.62459373
v 34.44237137 -65.61074066 155.63159752
v 35.15781021 -65.28614807 155.62459373
v 35.00880814 -64.80580902 157.59760094
v 34.44237137 -65.61074066 155.63159752
v 34.28799057 -65.11653137 157.63959312
v 31.37324905 -65.53073883 157.90680504
v -31.37132072 -65.52558136 157.90079308
v -31.36590958 -65.55998230 157.85539818
v -31.37132072 -65.52558136 157.90079308
v -33.40621185 -65.30774689 157.84200096
v -31.36590958 -65.55998230 157.85539818
v 31.51432991 -64.61631012 159.10179710
v -31.37132072 -65.52558136 157.90079308
v 31.37324905 -65.53073883 157.90680504
v 33.16725922 -65.46546173 157.65019798
v 31.51432991 -64.61631012 159.10179710
v 31.37324905 -65.53073883 157.90680504
v 31.51432991 -64.61631012 159.10179710
v -31.51432037 -64.61631012 159.10179710
v -33.33919144 -64.45751190 158.98290062
v -33.40621185 -65.30774689 157.84200096
v -31.37132072 -65.52558136 157.90079308
v -31.51432037 -64.61631012 159.10179710
v -33.33919144 -64.45751190 158.98290062
v -31.37132072 -65.52558136 157.90079308
v 33.34202957 -64.47798157 159.00310326
v 32.90967941 -64.51071167 159.02640343
v 33.16725922 -65.46546173 157.65019798
v 31.51432991 -64.61631012 159.10179710
v 33.34714127 -64.47673035 159.00220299
v 33.34202957 -64.47798157 159.00310326
v 33.16725922 -65.46546173 157.65019798
v 34.28799057 -65.11653137 157.63959312
v 33.34714127 -64.47673035 159.00220299
v 33.16725922 -65.46546173 157.65019798
v 35.15950012 -65.15982819 153.73290062
v 35.00426102 -65.23696136 153.74629784
v 34.43582916 -65.44818115 153.61490440
v 35.00426102 -65.23696136 153.74629784
v 34.41669083 -65.42366028 153.69989586
v 34.43582916 -65.44818115 153.61490440
v 34.41022110 -65.42572021 153.69940758
v 34.42033005 -65.31977081 153.41530418
v 35.15636063 -65.04895020 153.49219322
v 34.43582916 -65.44818115 153.61490440
v 35.15636063 -65.04895020 153.49219322
v 35.15950012 -65.15982819 153.73290062
v 34.43582916 -65.44818115 153.61490440
v -35.14173889 -65.12567139 153.77330589
v -35.16043091 -65.15751648 153.72510338
v -34.43663025 -65.44667053 153.61009789
v -35.14173889 -65.12567139 153.77330589
v -35.16043091 -65.15751648 153.72510338
v -34.42004013 -65.31987000 153.41519737
v -34.43663025 -65.44667053 153.61009789
v 34.41669083 -65.42366028 153.69989586
v 35.15781021 -65.28614807 155.62459373
v 34.41022110 -65.42572021 153.69940758
v 35.00426102 -65.23696136 153.74629784
v -35.45655823 -65.13343048 155.58530235
v -35.14173889 -65.12567139 153.77330589
v -34.40615082 -65.40133667 153.70470238
v -20.88039970 -64.18923187 136.27619743
v -24.38381004 -62.94187164 15.24060631
v -16.70195007 -65.40103149 127.55799675
v -17.16832924 -64.70021057 137.63870049
v -20.88039970 -64.18923187 136.27619743
v -16.70195007 -65.40103149 127.55799675
v -35.15587997 -65.04911041 153.49219322
v -35.16043091 -65.15751648 153.72510338
v -35.15587997 -65.04911041 153.49219322
v -34.42004013 -65.31987000 153.41519737
v 35.15636063 -65.04895020 153.49219322
v -35.21611023 -64.24681091 158.28149986
v -35.26612854 -64.63381195 157.57610130
v -33.40621185 -65.30774689 157.84200096
v -35.28958893 -64.81539154 157.24510765
v -33.38167191 -64.45381165 158.98009300
v -35.21611023 -64.24681091 158.28149986
v -33.40621185 -65.30774689 157.84200096
v -33.33919144 -64.45751190 158.98290062
v -33.38167191 -64.45381165 158.98009300
v -33.40621185 -65.30774689 157.84200096
v 35.45701981 -65.13333893 155.58359337
v 35.45335007 -65.12583160 155.62050438
v 35.15781021 -65.28614807 155.62459373
v 35.15592957 -65.16429138 153.76419640
v 35.45701981 -65.13333893 155.58359337
v 35.15781021 -65.28614807 155.62459373
v 35.14199829 -65.17095184 153.76250267
v 35.15592957 -65.16429138 153.76419640
v 35.15781021 -65.28614807 155.62459373
v 35.00426102 -65.23696136 153.74629784
v 35.43030167 -65.07868958 155.85190392
v 35.43030167 -65.07868958 155.85190392
v 35.00880814 -64.80580902 157.59760094
v 35.15781021 -65.28614807 155.62459373
v 35.15950012 -65.15982819 153.73290062
v 35.14199829 -65.17095184 153.76250267
v 35.00426102 -65.23696136 153.74629784
v 35.15592957 -65.16429138 153.76419640
v 35.15950012 -65.15982819 153.73290062
v 35.57627869 -64.96183014 153.80960655
v 35.15592957 -65.16429138 153.76419640
v 35.57627869 -64.96183014 153.80960655
v 35.57614899 -64.96292114 153.81389427
v 35.15592957 -65.16429138 153.76419640
v 35.57614899 -64.96292114 153.81389427
v 35.45701981 -65.13333893 155.58359337
v 35.15636063 -65.04895020 153.49219322
v 35.57627869 -64.96183014 153.80960655
v 35.15950012 -65.15982819 153.73290062
v -35.57654953 -64.95928192 153.79979515
v -35.58428955 -64.89147949 153.53699303
v -35.16043091 -65.15751648 153.72510338
v -35.14173889 -65.12567139 153.77330589
v -35.57654953 -64.95928192 153.79979515
v -35.16043091 -65.15751648 153.72510338
v -35.58428955 -64.89147949 153.53699303
v -35.42964172 -65.08216095 155.85280418
v -40.13861084 -62.32341003 155.85919762
v -35.45655823 -65.13343048 155.58530235
v -40.07220078 -62.22029114 153.53699303
v -35.57614136 -64.96289062 153.81380272
v -35.45655823 -65.13343048 155.58530235
v -40.13861084 -62.32341003 155.85919762
v -35.57614136 -64.96289062 153.81380272
v 35.57614899 -64.96292114 153.81389427
v 40.06351089 -62.22587967 153.53699303
v 35.45701981 -65.13333893 155.58359337
v 40.12992096 -62.32901001 155.85919762
v 35.45335007 -65.12583160 155.62050438
v 35.45701981 -65.13333893 155.58359337
v 40.12992096 -62.32901001 155.85919762
v 35.43030167 -65.07868958 155.85190392
v -35.57614136 -64.96289062 153.81380272
v -35.57654953 -64.95928192 153.79979515
v -35.14173889 -65.12567139 153.77330589
v 34.05443954 -64.30229187 158.87729454
v 33.34714127 -64.47673035 159.00220299
v 34.28799057 -65.11653137 157.63959312
v 34.24300003 -64.25579071 158.84399986
v 35.00880814 -64.80580902 157.59760094
v 34.24300003 -64.25579071 158.84399986
v 34.28799057 -65.11653137 157.63959312
v -35.37984848 -64.98731232 156.34790611
v 35.27988815 -64.77111053 157.36220360
v 35.27988815 -64.77111053 157.36220360
v 35.00880814 -64.80580902 157.59760094
v 35.43030167 -65.07868958 155.85190392
v -35.58428955 -64.89147949 153.53699303
v -35.84609985 -61.02825165 139.79630089
v -35.15587997 -65.04911041 153.49219322
v -35.84609985 -61.02825165 139.79630089
v -33.46522903 -61.96583176 139.54980278
v -35.15587997 -65.04911041 153.49219322
v 35.84611130 -61.02825165 139.79630089
v 35.58428955 -64.89147949 153.53699303
v 35.15636063 -65.04895020 153.49219322
v 33.46522903 -61.96583176 139.54980278
v 35.84611130 -61.02825165 139.79630089
v 35.15636063 -65.04895020 153.49219322
v 35.58428955 -64.89147949 153.53699303
v 35.57627869 -64.96183014 153.80960655
v 35.15636063 -65.04895020 153.49219322
v -35.28958893 -64.81539154 157.24510765
v 19.62515068 -63.83676147 145.19380760
v 22.37375069 -63.58716965 144.27220726
v 19.62515068 -63.83676147 145.19380760
v 16.31508064 -64.97017670 135.27650261
v 23.57150078 -63.25056076 143.02940178
v 22.37375069 -63.58716965 144.27220726
v 16.31508064 -64.97017670 135.27650261
v 19.84266090 -64.51757812 133.91390038
v 23.57150078 -63.25056076 143.02940178
v 16.31508064 -64.97017670 135.27650261
v 35.57627869 -64.96183014 153.80960655
v 40.06351089 -62.22587967 153.53699303
v 35.57614899 -64.96292114 153.81389427
v -40.07220078 -62.22029114 153.53699303
v -35.57654953 -64.95928192 153.79979515
v -35.57614136 -64.96289062 153.81380272
v 35.58428955 -64.89147949 153.53699303
v -35.58428955 -64.89147949 153.53699303
v -40.07220078 -62.22029114 153.53699303
v -35.84609985 -61.02825165 139.79630089
v -35.58428955 -64.89147949 153.53699303
v 35.84611130 -61.02825165 139.79630089
v 40.06351089 -62.22587967 153.53699303
v 35.58428955 -64.89147949 153.53699303
v -35.26612854 -64.63381195 157.57610130
v -40.13861084 -62.32341003 155.85919762
v -35.28958893 -64.81539154 157.24510765
v 34.81005096 -64.11592865 158.74390221
v 34.24300003 -64.25579071 158.84399986
v 35.00880814 -64.80580902 157.59760094
v 35.26610184 -64.65663147 157.56320763
v 34.81005096 -64.11592865 158.74390221
v 35.00880814 -64.80580902 157.59760094
v 35.27988815 -64.77111053 157.36220360
v 35.26610184 -64.65663147 157.56320763
v 35.00880814 -64.80580902 157.59760094
v 40.12992096 -62.32901001 155.85919762
v 35.26610184 -64.65663147 157.56320763
v 35.27988815 -64.77111053 157.36220360
v -19.62515068 -63.83676147 145.19380760
v -19.62515068 -63.83676147 145.19380760
v -20.94101906 -63.78580856 145.00569725
v -17.16832924 -64.70021057 137.63870049
v -20.94101906 -63.78580856 145.00569725
v -22.25699043 -63.61035919 144.35790062
v -17.16832924 -64.70021057 137.63870049
v -22.25699043 -63.61035919 144.35790062
v -22.46363068 -63.56832123 144.20259666
v -17.16832924 -64.70021057 137.63870049
v -22.46363068 -63.56832123 144.20259666
v -20.88039970 -64.18923187 136.27619743
v -17.16832924 -64.70021057 137.63870049
v 35.21686172 -64.24755096 158.28139305
v 35.21686172 -64.24755096 158.28139305
v 34.81005096 -64.11592865 158.74390221
v 35.26610184 -64.65663147 157.56320763
v -35.21611023 -64.24681091 158.28149986
v -39.68975830 -61.62648010 158.30010033
v -35.26612854 -64.63381195 157.57610130
v -39.68975830 -61.62648010 158.30010033
v -40.13861084 -62.32341003 155.85919762
v -35.26612854 -64.63381195 157.57610130
v 31.51432991 -64.61631012 159.10179710
v -31.54043007 -64.10157013 159.61760521
v -31.51432037 -64.61631012 159.10179710
v -33.44107819 -63.95959091 159.44380760
v -33.33919144 -64.45751190 158.98290062
v -31.51432037 -64.61631012 159.10179710
v -31.54043007 -64.10157013 159.61760521
v -33.44107819 -63.95959091 159.44380760
v -31.51432037 -64.61631012 159.10179710
v 31.53583908 -64.19216156 159.52680016
v 33.39009094 -64.25205231 159.22060204
v 31.53583908 -64.19216156 159.52680016
v 31.51432991 -64.61631012 159.10179710
v 32.90967941 -64.51071167 159.02640343
v 33.39009094 -64.25205231 159.22060204
v 31.51432991 -64.61631012 159.10179710
v 24.38381958 -62.94187164 15.24060631
v 23.57150078 -63.25056076 143.02940178
v 19.84266090 -64.51757812 133.91390038
v 33.34202957 -64.47798157 159.00310326
v 33.34714127 -64.47673035 159.00220299
v 33.39009094 -64.25205231 159.22060204
v 33.34202957 -64.47798157 159.00310326
v 34.27832031 -64.18762970 158.98079491
v 33.39009094 -64.25205231 159.22060204
v 33.34714127 -64.47673035 159.00220299
v 34.05443954 -64.30229187 158.87729454
v 34.27832031 -64.18762970 158.98079491
v 33.34714127 -64.47673035 159.00220299
v -33.38167191 -64.45381165 158.98009300
v -33.44107819 -63.95959091 159.44380760
v -33.85765076 -63.92847061 159.40570641
v -33.38167191 -64.45381165 158.98009300
v -33.85765076 -63.92847061 159.40570641
v -33.63951874 -64.43138123 158.96329308
v -33.38167191 -64.45381165 158.98009300
v -33.63951874 -64.43138123 158.96329308
v -35.19025040 -64.04667664 158.64620018
v -33.38167191 -64.45381165 158.98009300
v -35.19025040 -64.04667664 158.64620018
v -35.21611023 -64.24681091 158.28149986
v -33.38167191 -64.45381165 158.98009300
v -33.85765076 -63.92847061 159.40570641
v -35.18992996 -64.03250122 158.66420555
v -33.63951874 -64.43138123 158.96329308
v -35.18992996 -64.03250122 158.66420555
v -35.19025040 -64.04667664 158.64620018
v -33.63951874 -64.43138123 158.96329308
v 34.24300003 -64.25579071 158.84399986
v 34.85728073 -64.10582733 158.78470421
v 34.27832031 -64.18762970 158.98079491
v 34.24300003 -64.25579071 158.84399986
v 34.81005096 -64.11592865 158.74390221
v 34.85728073 -64.10582733 158.78470421
v 34.24300003 -64.25579071 158.84399986
v 32.95159912 -64.04322052 159.53439903
v 31.53583908 -64.19216156 159.52680016
v 33.39009094 -64.25205231 159.22060204
v 33.42774963 -63.95714188 159.44269371
v 32.95159912 -64.04322052 159.53439903
v 33.39009094 -64.25205231 159.22060204
v 34.27832031 -64.18762970 158.98079491
v 39.68117142 -61.63201904 158.30010033
v 35.18973160 -64.02230072 158.67690086
v 35.21686172 -64.24755096 158.28139305
v 40.12992096 -62.32901001 155.85919762
v 39.68117142 -61.63201904 158.30010033
v 35.21686172 -64.24755096 158.28139305
v 35.18973160 -64.02230072 158.67690086
v 35.03522110 -64.06040192 158.70419884
v 34.84270096 -64.10787964 158.73819542
v -35.19025040 -64.04667664 158.64620018
v 31.54043007 -64.10157013 159.61760521
v -31.55337906 -62.43312836 161.28940392
v -31.54961014 -63.26744080 160.45340538
v 32.95159912 -64.04322052 159.53439903
v 31.54043007 -64.10157013 159.61760521
v 31.53583908 -64.19216156 159.52680016
v -24.37520981 -62.92065048 141.81130028
v -24.38381004 -62.94187164 15.24060631
v -20.88039970 -64.18923187 136.27619743
v -23.57148933 -63.25056076 143.02940178
v -24.37520981 -62.92065048 141.81130028
v -20.88039970 -64.18923187 136.27619743
v -22.46363068 -63.56832123 144.20259666
v -23.57148933 -63.25056076 143.02940178
v -20.88039970 -64.18923187 136.27619743
v 34.32561111 -63.79481125 159.26990318
v 33.42774963 -63.95714188 159.44269371
v 34.27832031 -64.18762970 158.98079491
v 34.85728073 -64.10582733 158.78470421
v 34.32561111 -63.79481125 159.26990318
v 34.27832031 -64.18762970 158.98079491
v 34.84270096 -64.10787964 158.73819542
v 35.03522110 -64.06040192 158.70419884
v 34.92541122 -63.68637085 159.15439415
v 34.32561111 -63.79481125 159.26990318
v 34.85728073 -64.10582733 158.78470421
v 35.03522110 -64.06040192 158.70419884
v 34.92541122 -63.68637085 159.15439415
v 34.85728073 -64.10582733 158.78470421
v -31.54961014 -63.26744080 160.45340538
v -33.44107819 -63.95959091 159.44380760
v -31.54043007 -64.10157013 159.61760521
v 31.54961967 -63.26744080 160.45340538
v 31.54961967 -63.26744080 160.45340538
v 35.18973160 -64.02230072 158.67690086
v 35.19849014 -63.63700104 159.10179710
v 35.03522110 -64.06040192 158.70419884
v 35.19849014 -63.63700104 159.10179710
v 34.92541122 -63.68637085 159.15439415
v 35.03522110 -64.06040192 158.70419884
v -35.18992996 -64.03250122 158.66420555
v -39.68975830 -61.62648010 158.30010033
v -35.19025040 -64.04667664 158.64620018
v 33.42774963 -63.95714188 159.44269371
v 35.24987030 -62.77935028 159.93770409
v 32.95159912 -64.04322052 159.53439903
v 35.24987030 -62.77935028 159.93770409
v 31.54961967 -63.26744080 160.45340538
v 32.95159912 -64.04322052 159.53439903
v -35.19849014 -63.63700104 159.10179710
v -39.37643814 -61.13998032 159.10179710
v -35.18992996 -64.03250122 158.66420555
v -39.37643814 -61.13998032 159.10179710
v -39.68975830 -61.62648010 158.30010033
v -35.18992996 -64.03250122 158.66420555
v -33.85765076 -63.92847061 159.40570641
v -35.19849014 -63.63700104 159.10179710
v -35.18992996 -64.03250122 158.66420555
v 39.36790848 -61.14548111 159.10179710
v 35.19849014 -63.63700104 159.10179710
v 35.18973160 -64.02230072 158.67690086
v 39.68117142 -61.63201904 158.30010033
v 39.36790848 -61.14548111 159.10179710
v 35.18973160 -64.02230072 158.67690086
v -35.24987030 -62.77935028 159.93770409
v -33.85765076 -63.92847061 159.40570641
v -33.44107819 -63.95959091 159.44380760
v -31.54961014 -63.26744080 160.45340538
v -35.24987030 -62.77935028 159.93770409
v -33.44107819 -63.95959091 159.44380760
v 34.32561111 -63.79481125 159.26990318
v -35.24987030 -62.77935028 159.93770409
v -35.19849014 -63.63700104 159.10179710
v -33.85765076 -63.92847061 159.40570641
v 34.92541122 -63.68637085 159.15439415
v 35.19849014 -63.63700104 159.10179710
v -35.24987030 -62.77935028 159.93770409
v -39.37643814 -61.13998032 159.10179710
v -35.19849014 -63.63700104 159.10179710
v 39.36790848 -61.14548111 159.10179710
v 35.24987030 -62.77935028 159.93770409
v 35.19849014 -63.63700104 159.10179710
v -31.55337906 -62.43312836 161.28940392
v -35.24987030 -62.77935028 159.93770409
v -31.54961014 -63.26744080 160.45340538
v 31.55337906 -62.43312836 161.28940392
v 35.24987030 -62.77935028 159.93770409
v 33.45972061 -62.30450821 161.15869713
v 31.54961967 -63.26744080 160.45340538
v 33.45972061 -62.30450821 161.15869713
v 31.55337906 -62.43312836 161.28940392
v 31.54961967 -63.26744080 160.45340538
v 24.38381958 -62.94187164 15.24060631
v 24.38381958 -62.94187164 141.88960075
v 23.57150078 -63.25056076 143.02940178
v -35.53416061 -57.38964844 15.24060631
v -27.66501045 -61.57025146 136.82530022
v -30.86940002 -60.02772903 131.12990379
v -24.38381004 -62.94187164 15.24060631
v -30.86940002 -60.02772903 131.12990379
v -32.24961853 -59.29764175 128.81130028
v -24.38381004 -62.94187164 15.24060631
v -32.24961853 -59.29764175 128.81130028
v -33.01745987 -58.87356186 127.78729820
v -24.38381004 -62.94187164 15.24060631
v -33.01745987 -58.87356186 127.78729820
v -33.50817108 -58.59255981 127.28480339
v -24.38381004 -62.94187164 15.24060631
v -34.06499100 -58.27370834 126.71459770
v -34.06499100 -58.27370834 126.71459770
v -35.28104019 -57.54560852 125.98720360
v -24.38381004 -62.94187164 15.24060631
v -35.28104019 -57.54560852 125.98720360
v -35.53416061 -57.38964844 15.24060631
v -24.38381004 -62.94187164 15.24060631
v -24.37520981 -62.92065048 141.81130028
v -27.66501045 -61.57025146 136.82530022
v -24.38381004 -62.94187164 15.24060631
v 35.53416824 -57.38964844 15.24060631
v 34.87166977 -57.79459000 126.16489983
v 33.78187180 -58.43828964 126.96610069
v 24.38381958 -62.94187164 15.24060631
v 33.78187180 -58.43828964 126.96610069
v 33.50870895 -58.59204865 127.28670311
v 24.38381958 -62.94187164 15.24060631
v 32.43307114 -59.19750977 128.54910088
v 32.43307114 -59.19750977 128.54910088
v 30.86940956 -60.02772903 131.12990379
v 24.38381958 -62.94187164 15.24060631
v 30.86940956 -60.02772903 131.12990379
v 27.66501045 -61.57025146 136.82530022
v 24.38381958 -62.94187164 15.24060631
v 27.66501045 -61.57025146 136.82530022
v 24.38381958 -62.94187164 141.88960075
v 24.38381958 -62.94187164 15.24060631
v 35.53416824 -57.38964844 15.24060631
v 35.53313828 -57.38800049 125.92140007
v 24.38381958 -62.94187164 15.24060631
v 35.53313828 -57.38800049 125.92140007
v 35.28104019 -57.54560852 125.98720360
v 24.38381958 -62.94187164 15.24060631
v 35.28104019 -57.54560852 125.98720360
v 34.87166977 -57.79459000 126.16489983
v 24.38381958 -62.94187164 15.24060631
v 27.66501045 -61.57025146 136.82530022
v -35.29613113 -61.92100143 160.77370262
v -33.45970917 -62.30450821 161.15869713
v -35.29613113 -61.92100143 160.77370262
v -35.24987030 -62.77935028 159.93770409
v -31.55337906 -62.43312836 161.28940392
v -33.45970917 -62.30450821 161.15869713
v -35.24987030 -62.77935028 159.93770409
v 35.29613113 -61.92100143 160.77370262
v 35.29613113 -61.92100143 160.77370262
v 33.45972061 -62.30450821 161.15869713
v 35.24987030 -62.77935028 159.93770409
v -31.46146011 -62.32654190 161.40489769
v -31.53009033 -62.37823105 161.34670067
v -31.55337906 -62.43312836 161.28940392
v 31.55337906 -62.43312836 161.28940392
v -31.46146011 -62.32654190 161.40489769
v -31.55337906 -62.43312836 161.28940392
v -31.53009033 -62.37823105 161.34670067
v -33.45970917 -62.30450821 161.15869713
v -31.55337906 -62.43312836 161.28940392
v -30.29001999 -62.08549118 161.75830650
v -30.79804039 -62.15237045 161.64279747
v 31.55337906 -62.43312836 161.28940392
v 31.53393936 -62.38285065 161.34160423
v -30.29001999 -62.08549118 161.75830650
v 31.55337906 -62.43312836 161.28940392
v -31.19845009 -62.23231125 161.52440453
v -31.46146011 -62.32654190 161.40489769
v 31.55337906 -62.43312836 161.28940392
v -30.79804039 -62.15237045 161.64279747
v -31.19845009 -62.23231125 161.52440453
v 31.55337906 -62.43312836 161.28940392
v 33.45972061 -62.30450821 161.15869713
v 33.44784927 -62.12905121 161.34110069
v 31.55337906 -62.43312836 161.28940392
v 33.44784927 -62.12905121 161.34110069
v 31.53393936 -62.38285065 161.34160423
v 31.55337906 -62.43312836 161.28940392
v 31.47583961 -62.33488083 161.39519310
v -30.29001999 -62.08549118 161.75830650
v 31.53393936 -62.38285065 161.34160423
v 33.44784927 -62.12905121 161.34110069
v 33.39574814 -61.96479034 161.53000450
v 31.53393936 -62.38285065 161.34160423
v 33.39574814 -61.96479034 161.53000450
v 31.47583961 -62.33488083 161.39519310
v 31.53393936 -62.38285065 161.34160423
v -31.46146011 -62.32654190 161.40489769
v -33.44461823 -62.11307907 161.35869408
v -31.53009033 -62.37823105 161.34670067
v -33.44461823 -62.11307907 161.35869408
v -33.45970917 -62.30450821 161.15869713
v -31.53009033 -62.37823105 161.34670067
v 31.17963028 -62.22753143 161.53099632
v -30.29001999 -62.08549118 161.75830650
v 31.47583961 -62.33488083 161.39519310
v 33.39574814 -61.96479034 161.53000450
v 33.10779190 -61.61106873 162.01450157
v 31.47583961 -62.33488083 161.39519310
v 33.10779190 -61.61106873 162.01450157
v 31.17963028 -62.22753143 161.53099632
v 31.47583961 -62.33488083 161.39519310
v 40.06351089 -62.22587967 153.53699303
v 46.53628159 -57.70346832 155.85919762
v 40.12992096 -62.32901001 155.85919762
v 46.01588821 -57.05820847 158.30010033
v 39.68117142 -61.63201904 158.30010033
v 40.12992096 -62.32901001 155.85919762
v 46.53628159 -57.70346832 155.85919762
v -31.19845009 -62.23231125 161.52440453
v -33.38228989 -61.93658829 161.56439781
v -31.46146011 -62.32654190 161.40489769
v -33.38228989 -61.93658829 161.56439781
v -33.44461823 -62.11307907 161.35869408
v -31.46146011 -62.32654190 161.40489769
v -44.24750137 -59.20483017 153.53699303
v -40.07220078 -62.22029114 153.53699303
v -40.13861084 -62.32341003 155.85919762
v -46.54256821 -57.69839859 155.85919762
v -39.68975830 -61.62648010 158.30010033
v -46.54256821 -57.69839859 155.85919762
v -40.13861084 -62.32341003 155.85919762
v -33.44461823 -62.11307907 161.35869408
v -35.29613113 -61.92100143 160.77370262
v -33.45970917 -62.30450821 161.15869713
v 35.29040909 -61.61151123 161.08710289
v 35.29040909 -61.61151123 161.08710289
v 33.44784927 -62.12905121 161.34110069
v 33.45972061 -62.30450821 161.15869713
v -30.86940002 -60.02772903 131.12990379
v -33.46522903 -61.96583176 139.54980278
v -32.24961853 -59.29764175 128.81130028
v -30.91588974 -62.28678131 139.47089958
v -32.24961853 -59.29764175 128.81130028
v -30.86940002 -60.02772903 131.12990379
v -30.91588974 -62.28678131 139.47089958
v 30.86940956 -60.02772903 131.12990379
v 30.86940956 -60.02772903 131.12990379
v -30.79804039 -62.15237045 161.64279747
v -33.12643051 -61.62633133 161.99089622
v -31.19845009 -62.23231125 161.52440453
v -33.12643051 -61.62633133 161.99089622
v -33.38228989 -61.93658829 161.56439781
v -31.19845009 -62.23231125 161.52440453
v 30.70572090 -62.13822174 161.66580772
v -30.29001999 -62.08549118 161.75830650
v 31.17963028 -62.22753143 161.53099632
v 33.10779190 -61.61106873 162.01450157
v 32.63325119 -61.33657074 162.50110435
v 31.17963028 -62.22753143 161.53099632
v 32.63325119 -61.33657074 162.50110435
v 30.70572090 -62.13822174 161.66580772
v 31.17963028 -62.22753143 161.53099632
v 35.84611130 -61.02825165 139.79630089
v 44.24757004 -59.20489883 153.53699303
v 40.06351089 -62.22587967 153.53699303
v 44.24757004 -59.20489883 153.53699303
v -44.24750137 -59.20483017 153.53699303
v -35.84609985 -61.02825165 139.79630089
v -40.07220078 -62.22029114 153.53699303
v -30.29001999 -62.08549118 161.75830650
v -32.72626114 -61.37852097 162.41780663
v -30.79804039 -62.15237045 161.64279747
v -32.72626114 -61.37852097 162.41780663
v -33.12643051 -61.62633133 161.99089622
v -30.79804039 -62.15237045 161.64279747
v -29.87708092 -62.04956818 161.83339500
v -30.29001999 -62.08549118 161.75830650
v 30.70572090 -62.13822174 161.66580772
v 29.83890915 -62.05186844 161.83460045
v -29.87708092 -62.04956818 161.83339500
v 30.70572090 -62.13822174 161.66580772
v 32.63325119 -61.33657074 162.50110435
v 29.83890915 -62.05186844 161.83460045
v 30.70572090 -62.13822174 161.66580772
v 35.29040909 -61.61151123 161.08710289
v 35.24192047 -61.31814957 161.40860558
v 33.44784927 -62.12905121 161.34110069
v 35.24192047 -61.31814957 161.40860558
v 33.39574814 -61.96479034 161.53000450
v -33.38228989 -61.93658829 161.56439781
v -35.28763962 -61.58314896 161.11699486
v -35.28763962 -61.58314896 161.11699486
v -33.44461823 -62.11307907 161.35869408
v -29.87708092 -62.04956818 161.83339500
v -31.29684067 -60.99013138 163.43170738
v -30.29001999 -62.08549118 161.75830650
v -31.29684067 -60.99013138 163.43170738
v -32.21239853 -61.18666077 162.83699608
v -30.29001999 -62.08549118 161.75830650
v -32.21239853 -61.18666077 162.83699608
v -32.72626114 -61.37852097 162.41780663
v -30.29001999 -62.08549118 161.75830650
v 29.39273071 -62.00743103 161.92149925
v -27.99698067 -61.91819000 162.17980003
v -29.39273071 -62.00743103 161.92149925
v 29.83890915 -62.05186844 161.83460045
v -27.99698067 -61.91819000 162.17980003
v -29.39273071 -62.00743103 161.92149925
v 29.83890915 -62.05186844 161.83460045
v 32.63325119 -61.33657074 162.50110435
v 31.29685020 -60.99013138 163.43170738
v 29.83890915 -62.05186844 161.83460045
v 31.29685020 -60.99013138 163.43170738
v 29.39273071 -62.00743103 161.92149925
v 29.83890915 -62.05186844 161.83460045
v -29.39273071 -62.00743103 161.92149925
v -27.99698067 -61.91819000 162.17980003
v -31.29684067 -60.99013138 163.43170738
v -29.39273071 -62.00743103 161.92149925
v 27.99699020 -61.91819000 162.17980003
v -27.99698067 -61.91819000 162.17980003
v 29.39273071 -62.00743103 161.92149925
v 31.29685020 -60.99013138 163.43170738
v 30.07902908 -61.15533066 163.64630699
v 29.39273071 -62.00743103 161.92149925
v 30.07902908 -61.15533066 163.64630699
v 27.99699020 -61.91819000 162.17980003
v 29.39273071 -62.00743103 161.92149925
v -34.06499100 -58.27370834 126.71459770
v -33.50817108 -58.59255981 127.28480339
v -33.46522903 -61.96583176 139.54980278
v -33.01745987 -58.87356186 127.78729820
v -33.01745987 -58.87356186 127.78729820
v -32.24961853 -59.29764175 128.81130028
v -33.46522903 -61.96583176 139.54980278
v -34.06499100 -58.27370834 126.71459770
v 30.86940956 -60.02772903 131.12990379
v 32.43307114 -59.19750977 128.54910088
v 33.46522903 -61.96583176 139.54980278
v 32.43307114 -59.19750977 128.54910088
v 33.50870895 -58.59204865 127.28670311
v 33.46522903 -61.96583176 139.54980278
v 33.50870895 -58.59204865 127.28670311
v 35.24192047 -61.31814957 161.40860558
v 34.95243835 -60.67018127 162.22350121
v 33.39574814 -61.96479034 161.53000450
v 34.95243835 -60.67018127 162.22350121
v 33.10779190 -61.61106873 162.01450157
v 33.39574814 -61.96479034 161.53000450
v -33.12643051 -61.62633133 161.99089622
v -35.22883987 -61.26737976 161.46689415
v -33.38228989 -61.93658829 161.56439781
v -35.28763962 -61.58314896 161.11699486
v -35.28763962 -61.58314896 161.11699486
v -43.58789825 -58.09841919 159.10179710
v -35.29613113 -61.92100143 160.77370262
v -43.58789825 -58.09841919 159.10179710
v -39.37643814 -61.13998032 159.10179710
v -35.29613113 -61.92100143 160.77370262
v 35.29040909 -61.61151123 161.08710289
v 27.99699020 -61.91819000 162.17980003
v -26.71895981 -61.86212921 162.47130394
v -27.99698067 -61.91819000 162.17980003
v -26.71895981 -61.86212921 162.47130394
v -30.07901955 -61.15533066 163.64630699
v -27.99698067 -61.91819000 162.17980003
v -30.07901955 -61.15533066 163.64630699
v -31.29684067 -60.99013138 163.43170738
v -27.99698067 -61.91819000 162.17980003
v 26.71895981 -61.86212921 162.47130394
v 27.26589012 -61.79848862 162.83150291
v 26.71895981 -61.86212921 162.47130394
v 27.99699020 -61.91819000 162.17980003
v 30.07902908 -61.15533066 163.64630699
v 28.90596008 -61.30998993 163.87689781
v 27.99699020 -61.91819000 162.17980003
v 28.90596008 -61.30998993 163.87689781
v 27.26589012 -61.79848862 162.83150291
v 27.99699020 -61.91819000 162.17980003
v 26.71583939 -61.86204147 162.47209740
v -26.71582985 -61.86204147 162.47209740
v -26.71895981 -61.86212921 162.47130394
v 26.71895981 -61.86212921 162.47130394
v 26.71583939 -61.86204147 162.47209740
v -26.71895981 -61.86212921 162.47130394
v -26.71582985 -61.86204147 162.47209740
v -28.64649963 -61.44316101 163.71799278
v -26.71895981 -61.86212921 162.47130394
v -28.64649963 -61.44316101 163.71799278
v -30.07901955 -61.15533066 163.64630699
v -26.71895981 -61.86212921 162.47130394
v 26.58175087 -61.83184052 162.72760582
v 26.71583939 -61.86204147 162.47209740
v 26.71895981 -61.86212921 162.47130394
v 27.26589012 -61.79848862 162.83150291
v 26.58175087 -61.83184052 162.72760582
v 26.71895981 -61.86212921 162.47130394
v -26.58173943 -61.83184052 162.72760582
v -26.71582985 -61.86204147 162.47209740
v -26.58173943 -61.83184052 162.72760582
v -28.64649963 -61.44316101 163.71799278
v -26.71582985 -61.86204147 162.47209740
v -26.30098915 -61.75260162 163.35350609
v -26.30098915 -61.75260162 163.35350609
v -26.58173943 -61.83184052 162.72760582
v 26.71583939 -61.86204147 162.47209740
v -28.78051949 -61.33489990 164.02379417
v -28.64649963 -61.44316101 163.71799278
v -26.58173943 -61.83184052 162.72760582
v -26.30098915 -61.75260162 163.35350609
v -28.78051949 -61.33489990 164.02379417
v -26.58173943 -61.83184052 162.72760582
v 26.30100060 -61.75260162 163.35350609
v 26.58175087 -61.83184052 162.72760582
v 27.26589012 -61.79848862 162.83150291
v 28.78053093 -61.33489990 164.02379417
v 26.58175087 -61.83184052 162.72760582
v 28.78053093 -61.33489990 164.02379417
v 28.51211929 -61.31026077 164.36609459
v 26.58175087 -61.83184052 162.72760582
v 28.51211929 -61.31026077 164.36609459
v 26.30100060 -61.75260162 163.35350609
v 26.58175087 -61.83184052 162.72760582
v 28.90596008 -61.30998993 163.87689781
v 28.78053093 -61.33489990 164.02379417
v 27.26589012 -61.79848862 162.83150291
v 26.30100060 -61.75260162 163.35350609
v 25.99529076 -61.61347961 164.33420372
v -26.30098915 -61.75260162 163.35350609
v -25.99529076 -61.61347961 164.33420372
v -25.99529076 -61.61347961 164.33420372
v -28.51211929 -61.31026077 164.36609459
v -26.30098915 -61.75260162 163.35350609
v -28.51211929 -61.31026077 164.36609459
v -28.78051949 -61.33489990 164.02379417
v -26.30098915 -61.75260162 163.35350609
v 28.22822952 -61.25122833 164.90830040
v 26.30100060 -61.75260162 163.35350609
v 28.22822952 -61.25122833 164.90830040
v 25.99529076 -61.61347961 164.33420372
v 26.30100060 -61.75260162 163.35350609
v 43.58797073 -58.09849167 159.10179710
v 39.36790848 -61.14548111 159.10179710
v 39.68117142 -61.63201904 158.30010033
v 46.01588821 -57.05820847 158.30010033
v -39.37643814 -61.13998032 159.10179710
v -46.02209854 -57.05318832 158.30010033
v -39.68975830 -61.62648010 158.30010033
v -46.02209854 -57.05318832 158.30010033
v -32.72626114 -61.37852097 162.41780663
v -34.97146988 -60.69873810 162.18390465
v -33.12643051 -61.62633133 161.99089622
v -34.97146988 -60.69873810 162.18390465
v -35.22883987 -61.26737976 161.46689415
v -33.12643051 -61.62633133 161.99089622
v 25.99529076 -61.61347961 164.33420372
v 25.90698051 -61.54159164 164.79599571
v -25.99529076 -61.61347961 164.33420372
v -25.90696907 -61.54159164 164.79599571
v -28.22821999 -61.25122833 164.90830040
v -25.90696907 -61.54159164 164.79599571
v -28.22821999 -61.25122833 164.90830040
v -25.99529076 -61.61347961 164.33420372
v 28.15160942 -61.21495819 165.16570091
v 25.90698051 -61.54159164 164.79599571
v 43.58797073 -58.09849167 159.10179710
v 35.24192047 -61.31814957 161.40860558
v 35.29040909 -61.61151123 161.08710289
v 39.36790848 -61.14548111 159.10179710
v 43.58797073 -58.09849167 159.10179710
v 35.29040909 -61.61151123 161.08710289
v 34.95243835 -60.67018127 162.22350121
v 34.46332932 -60.14305115 163.03220177
v 33.10779190 -61.61106873 162.01450157
v 34.46332932 -60.14305115 163.03220177
v 32.63325119 -61.33657074 162.50110435
v 33.10779190 -61.61106873 162.01450157
v -35.22883987 -61.26737976 161.46689415
v -43.58789825 -58.09841919 159.10179710
v -35.28763962 -61.58314896 161.11699486
v 25.90698051 -61.54159164 164.79599571
v -25.85341072 -61.46508026 165.26100731
v -25.90696907 -61.54159164 164.79599571
v -28.15159988 -61.21495819 165.16570091
v -25.85341072 -61.46508026 165.26100731
v 25.85342026 -61.46508026 165.26100731
v 28.15160942 -61.21495819 165.16570091
v 28.11095047 -61.17303848 165.42589378
v 25.90698051 -61.54159164 164.79599571
v 28.11095047 -61.17303848 165.42589378
v 25.85342026 -61.46508026 165.26100731
v 25.85342026 -61.46508026 165.26100731
v -25.83956909 -61.42425156 165.49919701
v -25.85341072 -61.46508026 165.26100731
v -28.11095047 -61.17303848 165.42589378
v -28.15159988 -61.21495819 165.16570091
v -25.85341072 -61.46508026 165.26100731
v -25.83956909 -61.42425156 165.49919701
v -28.11095047 -61.17303848 165.42589378
v 25.83956909 -61.42425156 165.49919701
v -25.83484077 -61.38188171 165.73990440
v -25.83484077 -61.38188171 165.73990440
v -25.83956909 -61.42425156 165.49919701
v 25.85342026 -61.46508026 165.26100731
v 28.10416985 -61.14947891 165.55969810
v 25.85342026 -61.46508026 165.26100731
v 28.10416985 -61.14947891 165.55969810
v 25.83956909 -61.42425156 165.49919701
v -28.78051949 -61.33489990 164.02379417
v -28.90266991 -61.31143951 163.87480736
v -28.64649963 -61.44316101 163.71799278
v -28.90266991 -61.31143951 163.87480736
v -30.07901955 -61.15533066 163.64630699
v -28.64649963 -61.44316101 163.71799278
v -28.10416985 -61.14947891 165.55969810
v -25.83956909 -61.42425156 165.49919701
v -25.83484077 -61.38188171 165.73990440
v -28.10416985 -61.14947891 165.55969810
v 25.83485031 -61.38188171 165.73990440
v 25.83956909 -61.42425156 165.49919701
v 28.10692978 -61.12424088 165.69499779
v 25.83956909 -61.42425156 165.49919701
v 28.10692978 -61.12424088 165.69499779
v 25.83485031 -61.38188171 165.73990440
v 25.83485031 -61.38188171 165.73990440
v -25.85429001 -61.29080963 166.23720360
v -25.83484077 -61.38188171 165.73990440
v -28.10692024 -61.12424088 165.69499779
v -25.83484077 -61.38188171 165.73990440
v -25.85429001 -61.29080963 166.23720360
v -28.10692024 -61.12424088 165.69499779
v 25.85429001 -61.29080963 166.23720360
v 28.14289093 -61.06758118 165.97510338
v 25.83485031 -61.38188171 165.73990440
v 28.14289093 -61.06758118 165.97510338
v 25.85429001 -61.29080963 166.23720360
v 25.83485031 -61.38188171 165.73990440
v -32.21239853 -61.18666077 162.83699608
v -34.55966949 -60.22563171 162.89420128
v -32.72626114 -61.37852097 162.41780663
v -34.55966949 -60.22563171 162.89420128
v -34.97146988 -60.69873810 162.18390465
v -32.72626114 -61.37852097 162.41780663
v 34.46332932 -60.14305115 163.03220177
v 33.06877899 -59.40438843 164.56619835
v 32.63325119 -61.33657074 162.50110435
v 33.06877899 -59.40438843 164.56619835
v 31.29685020 -60.99013138 163.43170738
v 32.63325119 -61.33657074 162.50110435
v -30.47001076 -60.50550842 164.83449364
v -30.83061981 -60.20024109 165.15149498
v -30.47001076 -60.50550842 164.83449364
v -28.78051949 -61.33489990 164.02379417
v -30.75757027 -60.22705078 165.17709923
v -30.83061981 -60.20024109 165.15149498
v -28.78051949 -61.33489990 164.02379417
v -30.58814049 -60.28923035 165.23650169
v -28.51211929 -61.31026077 164.36609459
v -30.58814049 -60.28923035 165.23650169
v -28.78051949 -61.33489990 164.02379417
v 29.17536926 -61.22975159 164.04860497
v 29.17536926 -61.22975159 164.04860497
v 30.83062935 -60.20024109 165.15149498
v 28.78053093 -61.33489990 164.02379417
v 30.83062935 -60.20024109 165.15149498
v 30.75757980 -60.22705078 165.17709923
v 28.78053093 -61.33489990 164.02379417
v 30.75757980 -60.22705078 165.17709923
v 28.51211929 -61.31026077 164.36609459
v 28.78053093 -61.33489990 164.02379417
v 43.58797073 -58.09849167 159.10179710
v 34.95243835 -60.67018127 162.22350121
v 35.24192047 -61.31814957 161.40860558
v -30.47001076 -60.50550842 164.83449364
v -28.22821999 -61.25122833 164.90830040
v -30.58814049 -60.28923035 165.23650169
v -28.51211929 -61.31026077 164.36609459
v 30.75757980 -60.22705078 165.17709923
v 30.58814049 -60.28923035 165.23650169
v 28.51211929 -61.31026077 164.36609459
v 30.58814049 -60.28923035 165.23650169
v 30.33953094 -60.37015152 165.36969566
v 28.51211929 -61.31026077 164.36609459
v 30.33953094 -60.37015152 165.36969566
v 28.22822952 -61.25122833 164.90830040
v 28.51211929 -61.31026077 164.36609459
v 30.07902908 -61.15533066 163.64630699
v 29.17536926 -61.22975159 164.04860497
v 28.90596008 -61.30998993 163.87689781
v 25.85429001 -61.29080963 166.23720360
v -25.95540047 -61.14582062 166.97969627
v -25.85429001 -61.29080963 166.23720360
v -28.14289093 -61.06758118 165.97510338
v -28.10692024 -61.12424088 165.69499779
v -25.85429001 -61.29080963 166.23720360
v -25.95540047 -61.14582062 166.97969627
v 25.95541000 -61.14582062 166.97969627
v 28.14289093 -61.06758118 165.97510338
v 28.27146912 -60.97169113 166.39439964
v 25.85429001 -61.29080963 166.23720360
v 28.27146912 -60.97169113 166.39439964
v 25.95541000 -61.14582062 166.97969627
v -34.97146988 -60.69873810 162.18390465
v -40.80025101 -54.38534164 164.56619835
v -35.22883987 -61.26737976 161.46689415
v -43.58789825 -58.09841919 159.10179710
v -30.33951950 -60.37015152 165.36969566
v -30.58814049 -60.28923035 165.23650169
v -28.22821999 -61.25122833 164.90830040
v -28.15159988 -61.21495819 165.16570091
v -30.33951950 -60.37015152 165.36969566
v -28.22821999 -61.25122833 164.90830040
v 30.33953094 -60.37015152 165.36969566
v 30.27769089 -60.38404083 165.43239403
v 28.22822952 -61.25122833 164.90830040
v 30.27769089 -60.38404083 165.43239403
v 28.15160942 -61.21495819 165.16570091
v 28.22822952 -61.25122833 164.90830040
v 30.95004082 -60.15473175 165.11629295
v 30.83062935 -60.20024109 165.15149498
v 29.17536926 -61.22975159 164.04860497
v 30.07902908 -61.15533066 163.64630699
v 30.95004082 -60.15473175 165.11629295
v 29.17536926 -61.22975159 164.04860497
v -30.27769089 -60.38404083 165.43239403
v -30.33951950 -60.37015152 165.36969566
v -28.15159988 -61.21495819 165.16570091
v -28.11095047 -61.17303848 165.42589378
v -30.27769089 -60.38404083 165.43239403
v -28.15159988 -61.21495819 165.16570091
v 30.27769089 -60.38404083 165.43239403
v 30.25089073 -60.38261032 165.49550438
v 28.15160942 -61.21495819 165.16570091
v 30.25089073 -60.38261032 165.49550438
v 28.11095047 -61.17303848 165.42589378
v 28.15160942 -61.21495819 165.16570091
v -34.02584839 -59.83914185 163.58719444
v -34.55966949 -60.22563171 162.89420128
v -32.21239853 -61.18666077 162.83699608
v -31.29684067 -60.99013138 163.43170738
v -34.02584839 -59.83914185 163.58719444
v -32.21239853 -61.18666077 162.83699608
v -30.25089073 -60.38261032 165.49550438
v -30.27769089 -60.38404083 165.43239403
v -28.11095047 -61.17303848 165.42589378
v -28.10416985 -61.14947891 165.55969810
v -30.25089073 -60.38261032 165.49550438
v -28.11095047 -61.17303848 165.42589378
v 30.25089073 -60.38261032 165.49550438
v 30.25083923 -60.37593842 165.52789879
v 28.11095047 -61.17303848 165.42589378
v 30.25083923 -60.37593842 165.52789879
v 28.10416985 -61.14947891 165.55969810
v 28.11095047 -61.17303848 165.42589378
v -32.01391983 -59.76417923 164.82449913
v -31.29684067 -60.99013138 163.43170738
v -30.07901955 -61.15533066 163.64630699
v -30.47001076 -60.50550842 164.83449364
v -32.01391983 -59.76417923 164.82449913
v -30.07901955 -61.15533066 163.64630699
v 32.01391983 -59.76417923 164.82449913
v 30.95004082 -60.15473175 165.11629295
v 30.07902908 -61.15533066 163.64630699
v 31.29685020 -60.99013138 163.43170738
v 32.01391983 -59.76417923 164.82449913
v 30.07902908 -61.15533066 163.64630699
v -30.25083923 -60.37593842 165.52789879
v -30.25089073 -60.38261032 165.49550438
v -28.10416985 -61.14947891 165.55969810
v -28.10692024 -61.12424088 165.69499779
v -30.25083923 -60.37593842 165.52789879
v -28.10416985 -61.14947891 165.55969810
v 30.25083923 -60.37593842 165.52789879
v 30.26016045 -60.36511993 165.56050682
v 28.10416985 -61.14947891 165.55969810
v 30.26016045 -60.36511993 165.56050682
v 28.10692978 -61.12424088 165.69499779
v 28.10416985 -61.14947891 165.55969810
v 25.95541000 -61.14582062 166.97969627
v -26.25296021 -60.91518021 168.06130028
v -25.95540047 -61.14582062 166.97969627
v -28.27146912 -60.97169113 166.39439964
v -28.14289093 -61.06758118 165.97510338
v -25.95540047 -61.14582062 166.97969627
v -26.25296021 -60.91518021 168.06130028
v -28.27146912 -60.97169113 166.39439964
v -26.88636971 -60.51012039 169.74309349
v -26.56290054 -60.71850967 168.90740013
v 25.95541000 -61.14582062 166.97969627
v -27.00934982 -60.42668915 170.06259727
v -26.88636971 -60.51012039 169.74309349
v 25.95541000 -61.14582062 166.97969627
v -26.56290054 -60.71850967 168.90740013
v -26.25296021 -60.91518021 168.06130028
v 25.95541000 -61.14582062 166.97969627
v -27.12557030 -60.34033966 170.38510704
v -27.00934982 -60.42668915 170.06259727
v 25.95541000 -61.14582062 166.97969627
v 26.25296974 -60.91518021 168.06130028
v -27.12557030 -60.34033966 170.38510704
v 28.27146912 -60.97169113 166.39439964
v 28.61500931 -60.80794907 167.00650597
v 25.95541000 -61.14582062 166.97969627
v 28.61500931 -60.80794907 167.00650597
v 26.25296974 -60.91518021 168.06130028
v -43.58789825 -58.09841919 159.10179710
v -30.26015091 -60.36511993 165.56050682
v -30.25083923 -60.37593842 165.52789879
v -28.10692024 -61.12424088 165.69499779
v -28.14289093 -61.06758118 165.97510338
v -30.26015091 -60.36511993 165.56050682
v -28.10692024 -61.12424088 165.69499779
v 30.26016045 -60.36511993 165.56050682
v 30.30891037 -60.32991028 165.62810326
v 28.10692978 -61.12424088 165.69499779
v 30.30891037 -60.32991028 165.62810326
v 28.14289093 -61.06758118 165.97510338
v 28.10692978 -61.12424088 165.69499779
v -30.30891037 -60.32991028 165.62810326
v -30.26015091 -60.36511993 165.56050682
v -28.14289093 -61.06758118 165.97510338
v -28.27146912 -60.97169113 166.39439964
v -30.30891037 -60.32991028 165.62810326
v -28.14289093 -61.06758118 165.97510338
v 30.30891037 -60.32991028 165.62810326
v 30.45466995 -60.24525833 165.72890282
v 28.14289093 -61.06758118 165.97510338
v 30.45466995 -60.24525833 165.72890282
v 28.27146912 -60.97169113 166.39439964
v 28.14289093 -61.06758118 165.97510338
v -44.24750137 -59.20483017 153.53699303
v -36.00645065 -57.15726852 126.08430290
v -35.84609985 -61.02825165 139.79630089
v -36.00645065 -57.15726852 126.08430290
v -35.28104019 -57.54560852 125.98720360
v -35.84609985 -61.02825165 139.79630089
v -35.28104019 -57.54560852 125.98720360
v -34.06499100 -58.27370834 126.71459770
v -35.84609985 -61.02825165 139.79630089
v 36.00645065 -57.15726852 126.08430290
v 40.43933105 -54.11172867 126.08430290
v 35.84611130 -61.02825165 139.79630089
v 40.43933105 -54.11172867 126.08430290
v 44.24757004 -59.20489883 153.53699303
v 35.84611130 -61.02825165 139.79630089
v 34.87166977 -57.79459000 126.16489983
v 36.00645065 -57.15726852 126.08430290
v 35.84611130 -61.02825165 139.79630089
v 33.78187180 -58.43828964 126.96610069
v 34.87166977 -57.79459000 126.16489983
v 35.84611130 -61.02825165 139.79630089
v 33.50870895 -58.59204865 127.28670311
v 33.78187180 -58.43828964 126.96610069
v 35.84611130 -61.02825165 139.79630089
v -32.67179108 -59.53979111 164.66339684
v -33.06877136 -59.40438843 164.56619835
v -31.29684067 -60.99013138 163.43170738
v -32.01391983 -59.76417923 164.82449913
v -33.06877136 -59.40438843 164.56619835
v -34.02584839 -59.83914185 163.58719444
v -31.29684067 -60.99013138 163.43170738
v 33.06877899 -59.40438843 164.56619835
v 32.01391983 -59.76417923 164.82449913
v 31.29685020 -60.99013138 163.43170738
v -26.25296021 -60.91518021 168.06130028
v -28.61499977 -60.80794907 167.00650597
v -28.27146912 -60.97169113 166.39439964
v -30.45466042 -60.24525833 165.72890282
v -30.30891037 -60.32991028 165.62810326
v -28.27146912 -60.97169113 166.39439964
v -28.61499977 -60.80794907 167.00650597
v -30.45466042 -60.24525833 165.72890282
v -28.27146912 -60.97169113 166.39439964
v 30.45466995 -60.24525833 165.72890282
v 30.81870079 -60.05377960 165.87579918
v 28.27146912 -60.97169113 166.39439964
v 30.81870079 -60.05377960 165.87579918
v 28.61500931 -60.80794907 167.00650597
v 28.27146912 -60.97169113 166.39439964
v -26.56290054 -60.71850967 168.90740013
v -28.61499977 -60.80794907 167.00650597
v -26.25296021 -60.91518021 168.06130028
v 26.56291008 -60.71850967 168.90740013
v -27.12557030 -60.34033966 170.38510704
v 26.25296974 -60.91518021 168.06130028
v 28.95664024 -60.62979889 167.77890587
v 26.56291008 -60.71850967 168.90740013
v 26.25296974 -60.91518021 168.06130028
v 28.95664024 -60.62979889 167.77890587
v -26.56290054 -60.71850967 168.90740013
v -28.95664024 -60.62979889 167.77890587
v -28.61499977 -60.80794907 167.00650597
v -28.95664024 -60.62979889 167.77890587
v -30.81870079 -60.05377960 165.87579918
v -28.61499977 -60.80794907 167.00650597
v -30.81870079 -60.05377960 165.87579918
v -30.45466042 -60.24525833 165.72890282
v -28.61499977 -60.80794907 167.00650597
v 31.18254089 -59.86566162 166.56520653
v 28.95664024 -60.62979889 167.77890587
v 28.61500931 -60.80794907 167.00650597
v 30.81870079 -60.05377960 165.87579918
v 31.18254089 -59.86566162 166.56520653
v 28.61500931 -60.80794907 167.00650597
v -26.88636971 -60.51012039 169.74309349
v -28.95664024 -60.62979889 167.77890587
v -26.56290054 -60.71850967 168.90740013
v 26.88637924 -60.51012039 169.74309349
v -27.12557030 -60.34033966 170.38510704
v 26.56291008 -60.71850967 168.90740013
v 29.31336021 -60.44094086 168.54210472
v 26.88637924 -60.51012039 169.74309349
v 26.56291008 -60.71850967 168.90740013
v 29.31336021 -60.44094086 168.54210472
v -34.55966949 -60.22563171 162.89420128
v -40.80025101 -54.38534164 164.56619835
v -34.97146988 -60.69873810 162.18390465
v 40.80025101 -54.38534164 164.56619835
v 34.46332932 -60.14305115 163.03220177
v 34.95243835 -60.67018127 162.22350121
v 40.80025101 -54.38534164 164.56619835
v -26.88636971 -60.51012039 169.74309349
v -29.31336021 -60.44094086 168.54210472
v -28.95664024 -60.62979889 167.77890587
v -29.31336021 -60.44094086 168.54210472
v -31.18254089 -59.86566162 166.56520653
v -28.95664024 -60.62979889 167.77890587
v -31.18254089 -59.86566162 166.56520653
v -30.81870079 -60.05377960 165.87579918
v -28.95664024 -60.62979889 167.77890587
v 31.56226921 -59.66633987 167.24609947
v 29.31336021 -60.44094086 168.54210472
v 28.95664024 -60.62979889 167.77890587
v 31.18254089 -59.86566162 166.56520653
v 31.56226921 -59.66633987 167.24609947
v 28.95664024 -60.62979889 167.77890587
v -27.00934982 -60.42668915 170.06259727
v -29.31336021 -60.44094086 168.54210472
v -26.88636971 -60.51012039 169.74309349
v 27.00934982 -60.42668915 170.06259727
v -27.12557030 -60.34033966 170.38510704
v 26.88637924 -60.51012039 169.74309349
v 29.44572067 -60.35268021 168.92889977
v 27.00934982 -60.42668915 170.06259727
v 26.88637924 -60.51012039 169.74309349
v 29.44572067 -60.35268021 168.92889977
v 26.88637924 -60.51012039 169.74309349
v -30.83061981 -60.20024109 165.15149498
v -30.95004082 -60.15473175 165.11629295
v -30.47001076 -60.50550842 164.83449364
v -30.95004082 -60.15473175 165.11629295
v -32.01391983 -59.76417923 164.82449913
v -30.47001076 -60.50550842 164.83449364
v -27.00934982 -60.42668915 170.06259727
v -29.44570923 -60.35268021 168.92889977
v -29.31336021 -60.44094086 168.54210472
v -29.44570923 -60.35268021 168.92889977
v -31.56225967 -59.66633987 167.24609947
v -29.31336021 -60.44094086 168.54210472
v -31.56225967 -59.66633987 167.24609947
v -29.31336021 -60.44094086 168.54210472
v 31.70602036 -59.58536911 167.69240379
v 29.44572067 -60.35268021 168.92889977
v 29.31336021 -60.44094086 168.54210472
v 31.56226921 -59.66633987 167.24609947
v 31.70602036 -59.58536911 167.69240379
v 29.31336021 -60.44094086 168.54210472
v -27.12557030 -60.34033966 170.38510704
v -29.44570923 -60.35268021 168.92889977
v -27.00934982 -60.42668915 170.06259727
v 27.12557030 -60.34033966 170.38510704
v 27.00934982 -60.42668915 170.06259727
v 29.57007980 -60.26047897 169.31920433
v 27.12557030 -60.34033966 170.38510704
v 29.44572067 -60.35268021 168.92889977
v 29.57007980 -60.26047897 169.31920433
v 27.00934982 -60.42668915 170.06259727
v -30.25089073 -60.38261032 165.49550438
v -30.25083923 -60.37593842 165.52789879
v -30.27769089 -60.38404083 165.43239403
v -30.69177055 -60.14839935 165.55190086
v -30.33951950 -60.37015152 165.36969566
v -30.27769089 -60.38404083 165.43239403
v -30.25083923 -60.37593842 165.52789879
v -30.69177055 -60.14839935 165.55190086
v -30.27769089 -60.38404083 165.43239403
v 30.33953094 -60.37015152 165.36969566
v 30.69177055 -60.14839935 165.55190086
v 30.27769089 -60.38404083 165.43239403
v 30.69177055 -60.14839935 165.55190086
v 30.25089073 -60.38261032 165.49550438
v 30.27769089 -60.38404083 165.43239403
v 30.69177055 -60.14839935 165.55190086
v 30.25083923 -60.37593842 165.52789879
v 30.25089073 -60.38261032 165.49550438
v -30.26015091 -60.36511993 165.56050682
v -30.69177055 -60.14839935 165.55190086
v -30.25083923 -60.37593842 165.52789879
v 30.30891037 -60.32991028 165.62810326
v 30.26016045 -60.36511993 165.56050682
v 30.25083923 -60.37593842 165.52789879
v 30.69177055 -60.14839935 165.55190086
v 30.30891037 -60.32991028 165.62810326
v 30.25083923 -60.37593842 165.52789879
v -30.69177055 -60.14839935 165.55190086
v -30.58814049 -60.28923035 165.23650169
v -30.33951950 -60.37015152 165.36969566
v 30.58814049 -60.28923035 165.23650169
v 30.69177055 -60.14839935 165.55190086
v 30.33953094 -60.37015152 165.36969566
v -30.30891037 -60.32991028 165.62810326
v -30.69177055 -60.14839935 165.55190086
v -30.26015091 -60.36511993 165.56050682
v -27.12557030 -60.34033966 170.38510704
v -29.57007027 -60.26047897 169.31920433
v -29.44570923 -60.35268021 168.92889977
v -29.57007027 -60.26047897 169.31920433
v -31.70601082 -59.58536911 167.69240379
v -29.44570923 -60.35268021 168.92889977
v -31.70601082 -59.58536911 167.69240379
v -31.56225967 -59.66633987 167.24609947
v -29.44570923 -60.35268021 168.92889977
v 31.84057999 -59.49927902 168.14299583
v 29.57007980 -60.26047897 169.31920433
v 29.44572067 -60.35268021 168.92889977
v 31.70602036 -59.58536911 167.69240379
v 31.84057999 -59.49927902 168.14299583
v 29.44572067 -60.35268021 168.92889977
v 27.12557030 -60.34033966 170.38510704
v -27.36854935 -60.12828064 171.14549828
v -27.12557030 -60.34033966 170.38510704
v -27.36854935 -60.12828064 171.14549828
v -29.57007027 -60.26047897 169.31920433
v -27.12557030 -60.34033966 170.38510704
v 27.36856079 -60.12828064 171.14549828
v 29.82692909 -60.03067017 170.23889732
v 27.36856079 -60.12828064 171.14549828
v 27.12557030 -60.34033966 170.38510704
v 29.57007980 -60.26047897 169.31920433
v 29.82692909 -60.03067017 170.23889732
v 27.12557030 -60.34033966 170.38510704
v -30.45466042 -60.24525833 165.72890282
v -30.69177055 -60.14839935 165.55190086
v -30.30891037 -60.32991028 165.62810326
v 30.69177055 -60.14839935 165.55190086
v 30.45466995 -60.24525833 165.72890282
v 30.30891037 -60.32991028 165.62810326
v -32.53250122 -59.28676987 165.17690086
v -30.75757027 -60.22705078 165.17709923
v -30.58814049 -60.28923035 165.23650169
v -30.69177055 -60.14839935 165.55190086
v -32.53250122 -59.28676987 165.17690086
v -30.58814049 -60.28923035 165.23650169
v 30.75757980 -60.22705078 165.17709923
v 30.69177055 -60.14839935 165.55190086
v 30.58814049 -60.28923035 165.23650169
v -27.36854935 -60.12828064 171.14549828
v -29.82691956 -60.03067017 170.23889732
v -29.57007027 -60.26047897 169.31920433
v -29.82691956 -60.03067017 170.23889732
v -31.84057045 -59.49927902 168.14299583
v -29.57007027 -60.26047897 169.31920433
v -31.84057045 -59.49927902 168.14299583
v -31.70601082 -59.58536911 167.69240379
v -29.57007027 -60.26047897 169.31920433
v 32.11627960 -59.27890015 169.20509911
v 29.82692909 -60.03067017 170.23889732
v 29.57007980 -60.26047897 169.31920433
v 32.11627960 -59.27890015 169.20509911
v -30.81870079 -60.05377960 165.87579918
v -30.69177055 -60.14839935 165.55190086
v -30.45466042 -60.24525833 165.72890282
v 30.69177055 -60.14839935 165.55190086
v 30.81870079 -60.05377960 165.87579918
v 30.45466995 -60.24525833 165.72890282
v -30.83061981 -60.20024109 165.15149498
v 36.64968872 -56.83385086 165.17690086
v 30.69177055 -60.14839935 165.55190086
v 30.75757980 -60.22705078 165.17709923
v 30.83062935 -60.20024109 165.15149498
v 36.64968872 -56.83385086 165.17690086
v 30.75757980 -60.22705078 165.17709923
v -36.84606171 -57.13837051 164.56619835
v -40.80025101 -54.38534164 164.56619835
v -34.55966949 -60.22563171 162.89420128
v -34.02584839 -59.83914185 163.58719444
v -36.84606171 -57.13837051 164.56619835
v -34.55966949 -60.22563171 162.89420128
v -32.53250122 -59.28676987 165.17690086
v -30.95004082 -60.15473175 165.11629295
v -30.83061981 -60.20024109 165.15149498
v 30.95004082 -60.15473175 165.11629295
v 36.64968872 -56.83385086 165.17690086
v 30.83062935 -60.20024109 165.15149498
v -32.53250122 -59.28676987 165.17690086
v -32.01391983 -59.76417923 164.82449913
v -30.95004082 -60.15473175 165.11629295
v 32.01391983 -59.76417923 164.82449913
v 36.64968872 -56.83385086 165.17690086
v 30.95004082 -60.15473175 165.11629295
v -30.81870079 -60.05377960 165.87579918
v -32.47185135 -59.17623901 165.87579918
v -30.69177055 -60.14839935 165.55190086
v -32.47185135 -59.17623901 165.87579918
v -32.53250122 -59.28676987 165.17690086
v -30.69177055 -60.14839935 165.55190086
v 36.64968872 -56.83385086 165.17690086
v 30.81870079 -60.05377960 165.87579918
v 30.69177055 -60.14839935 165.55190086
v 36.84606171 -57.13837051 164.56619835
v 33.06877899 -59.40438843 164.56619835
v 34.46332932 -60.14305115 163.03220177
v 40.80025101 -54.38534164 164.56619835
v 36.84606171 -57.13837051 164.56619835
v 34.46332932 -60.14305115 163.03220177
v 27.36856079 -60.12828064 171.14549828
v -27.57165909 -59.90026093 171.91879845
v -27.36854935 -60.12828064 171.14549828
v -27.57165909 -59.90026093 171.91879845
v -29.82691956 -60.03067017 170.23889732
v -27.36854935 -60.12828064 171.14549828
v 27.57167053 -59.90026093 171.91879845
v 30.03647041 -59.77888107 171.17360497
v 27.57167053 -59.90026093 171.91879845
v 27.36856079 -60.12828064 171.14549828
v 29.82692909 -60.03067017 170.23889732
v 30.03647041 -59.77888107 171.17360497
v 27.36856079 -60.12828064 171.14549828
v -31.18254089 -59.86566162 166.56520653
v -32.47185135 -59.17623901 165.87579918
v -30.81870079 -60.05377960 165.87579918
v 36.64968872 -56.83385086 165.17690086
v 36.58135986 -56.72789001 165.87579918
v 30.81870079 -60.05377960 165.87579918
v 36.58135986 -56.72789001 165.87579918
v 31.18254089 -59.86566162 166.56520653
v 30.81870079 -60.05377960 165.87579918
v -27.57165909 -59.90026093 171.91879845
v -30.03647041 -59.77888107 171.17360497
v -29.82691956 -60.03067017 170.23889732
v -30.03647041 -59.77888107 171.17360497
v -32.11626816 -59.27890015 169.20509911
v -29.82691956 -60.03067017 170.23889732
v -32.11626816 -59.27890015 169.20509911
v -31.84057045 -59.49927902 168.14299583
v -29.82691956 -60.03067017 170.23889732
v 32.33747864 -59.02957916 170.28520775
v 30.03647041 -59.77888107 171.17360497
v 29.82692909 -60.03067017 170.23889732
v 32.11627960 -59.27890015 169.20509911
v 32.33747864 -59.02957916 170.28520775
v 29.82692909 -60.03067017 170.23889732
v 27.57167053 -59.90026093 171.91879845
v -27.81108093 -59.50907898 173.20979881
v -27.57165909 -59.90026093 171.91879845
v -27.81108093 -59.50907898 173.20979881
v -30.03647041 -59.77888107 171.17360497
v -27.57165909 -59.90026093 171.91879845
v 27.81109047 -59.50907898 173.20979881
v 30.25987053 -59.27230835 172.93449974
v 27.81109047 -59.50907898 173.20979881
v 27.57167053 -59.90026093 171.91879845
v 30.03647041 -59.77888107 171.17360497
v 30.25987053 -59.27230835 172.93449974
v 27.57167053 -59.90026093 171.91879845
v -31.56225967 -59.66633987 167.24609947
v -32.47185135 -59.17623901 165.87579918
v -31.18254089 -59.86566162 166.56520653
v 31.56226921 -59.66633987 167.24609947
v -33.06877136 -59.40438843 164.56619835
v -32.33747101 -59.02957916 170.28520775
v -32.11626816 -59.27890015 169.20509911
v -30.03647041 -59.77888107 171.17360497
v -32.41751099 -58.82469177 171.08640099
v -32.33747101 -59.02957916 170.28520775
v -30.03647041 -59.77888107 171.17360497
v -27.81108093 -59.50907898 173.20979881
v -30.25985909 -59.27230835 172.93449974
v -30.03647041 -59.77888107 171.17360497
v -30.25985909 -59.27230835 172.93449974
v -32.41751099 -58.82469177 171.08640099
v -30.03647041 -59.77888107 171.17360497
v 32.41751099 -58.82469177 171.08640099
v 30.25987053 -59.27230835 172.93449974
v 30.03647041 -59.77888107 171.17360497
v 32.33747864 -59.02957916 170.28520775
v 32.41751099 -58.82469177 171.08640099
v 30.03647041 -59.77888107 171.17360497
v -32.53250122 -59.28676987 165.17690086
v 33.06877899 -59.40438843 164.56619835
v 36.64968872 -56.83385086 165.17690086
v 32.01391983 -59.76417923 164.82449913
v -35.59381866 -57.35266876 167.24609947
v -36.58134842 -56.72789001 165.87579918
v -31.56225967 -59.66633987 167.24609947
v -36.58134842 -56.72789001 165.87579918
v -32.47185135 -59.17623901 165.87579918
v -31.56225967 -59.66633987 167.24609947
v -31.70601082 -59.58536911 167.69240379
v -35.59381866 -57.35266876 167.24609947
v -31.56225967 -59.66633987 167.24609947
v 36.58135986 -56.72789001 165.87579918
v 35.59381866 -57.35266876 167.24609947
v 31.56226921 -59.66633987 167.24609947
v 35.59381866 -57.35266876 167.24609947
v 31.70602036 -59.58536911 167.69240379
v 31.56226921 -59.66633987 167.24609947
v -31.84057045 -59.49927902 168.14299583
v -35.59381866 -57.35266876 167.24609947
v -31.70601082 -59.58536911 167.69240379
v 35.59381866 -57.35266876 167.24609947
v 31.84057999 -59.49927902 168.14299583
v 31.70602036 -59.58536911 167.69240379
v -27.78042984 -59.11188126 174.52069664
v -27.78042984 -59.11188126 174.52069664
v -30.25985909 -59.27230835 172.93449974
v -27.81108093 -59.50907898 173.20979881
v 27.78042984 -59.11188126 174.52069664
v 30.10347939 -58.46947098 174.63309288
v 27.78042984 -59.11188126 174.52069664
v 27.81109047 -59.50907898 173.20979881
v 30.25987053 -59.27230835 172.93449974
v 30.10347939 -58.46947098 174.63309288
v 27.81109047 -59.50907898 173.20979881
v -32.11626816 -59.27890015 169.20509911
v -35.59381866 -57.35266876 167.24609947
v -31.84057045 -59.49927902 168.14299583
v 35.59381866 -57.35266876 167.24609947
v 32.11627960 -59.27890015 169.20509911
v 31.84057999 -59.49927902 168.14299583
v -32.53250122 -59.28676987 165.17690086
v -36.64968109 -56.83385086 165.17690086
v -33.06877136 -59.40438843 164.56619835
v -36.64968109 -56.83385086 165.17690086
v -36.84606171 -57.13837051 164.56619835
v -33.06877136 -59.40438843 164.56619835
v 36.84606171 -57.13837051 164.56619835
v 36.64968872 -56.83385086 165.17690086
v 33.06877899 -59.40438843 164.56619835
v -32.47185135 -59.17623901 165.87579918
v -36.64968109 -56.83385086 165.17690086
v -32.53250122 -59.28676987 165.17690086
v -32.33747101 -59.02957916 170.28520775
v -35.59381866 -57.35266876 167.24609947
v -32.11626816 -59.27890015 169.20509911
v 35.59381866 -57.35266876 167.24609947
v 32.33747864 -59.02957916 170.28520775
v 32.11627960 -59.27890015 169.20509911
v -27.78042984 -59.11188126 174.52069664
v -30.10346985 -58.46947098 174.63309288
v -30.25985909 -59.27230835 172.93449974
v -30.10346985 -58.46947098 174.63309288
v -32.55855942 -58.46355820 172.49840355
v -30.25985909 -59.27230835 172.93449974
v -32.55855942 -58.46355820 172.49840355
v -32.41751099 -58.82469177 171.08640099
v -30.25985909 -59.27230835 172.93449974
v 32.41751099 -58.82469177 171.08640099
v 32.55857086 -58.46355820 172.49840355
v 30.25987053 -59.27230835 172.93449974
v 32.42652130 -57.82706833 174.74559593
v 30.10347939 -58.46947098 174.63309288
v 30.25987053 -59.27230835 172.93449974
v 32.55857086 -58.46355820 172.49840355
v 32.42652130 -57.82706833 174.74559593
v 30.25987053 -59.27230835 172.93449974
v 40.43933105 -54.11172867 126.08430290
v 46.45927811 -57.60799026 153.53699303
v 44.24757004 -59.20489883 153.53699303
v 46.45927811 -57.60799026 153.53699303
v -44.21722031 -51.07107925 126.08430290
v -40.43933105 -54.11172867 126.08430290
v -44.24750137 -59.20483017 153.53699303
v -40.43933105 -54.11172867 126.08430290
v -36.00645065 -57.15726852 126.08430290
v -44.24750137 -59.20483017 153.53699303
v -46.46554947 -57.60292816 153.53699303
v -44.21722031 -51.07107925 126.08430290
v -44.24750137 -59.20483017 153.53699303
v -46.46554947 -57.60292816 153.53699303
v -36.58134842 -56.72789001 165.87579918
v -27.77326012 -59.09597015 174.57320213
v -27.77326012 -59.09597015 174.57320213
v -30.10346985 -58.46947098 174.63309288
v -27.78042984 -59.11188126 174.52069664
v -27.63355064 -58.79610825 175.56279564
v 27.77326012 -59.09597015 174.57320213
v 30.10347939 -58.46947098 174.63309288
v 27.77326012 -59.09597015 174.57320213
v 27.78042984 -59.11188126 174.52069664
v -27.63355064 -58.79610825 175.56279564
v -32.41349030 -57.80020905 174.83560753
v 27.63355064 -58.79610825 175.56279564
v 32.27743149 -57.49831009 175.82520103
v 27.63355064 -58.79610825 175.56279564
v 32.41350174 -57.80020905 174.83560753
v -32.41751099 -58.82469177 171.08640099
v -35.43040085 -57.08935165 171.09050560
v -32.33747101 -59.02957916 170.28520775
v -35.43040085 -57.08935165 171.09050560
v -35.59381866 -57.35266876 167.24609947
v -32.33747101 -59.02957916 170.28520775
v 35.59381866 -57.35266876 167.24609947
v 32.41751099 -58.82469177 171.08640099
v 32.33747864 -59.02957916 170.28520775
v -32.55855942 -58.46355820 172.49840355
v 35.43040085 -57.08935165 171.09050560
v 32.55857086 -58.46355820 172.49840355
v 32.41751099 -58.82469177 171.08640099
v 35.59381866 -57.35266876 167.24609947
v 35.43040085 -57.08935165 171.09050560
v 32.41751099 -58.82469177 171.08640099
v -27.49547958 -58.49982834 176.54059410
v -27.49547958 -58.49982834 176.54059410
v -29.92435074 -58.18949890 176.54059410
v -27.63355064 -58.79610825 175.56279564
v -29.92435074 -58.18949890 176.54059410
v -32.27742004 -57.49831009 175.82520103
v -27.63355064 -58.79610825 175.56279564
v -32.27742004 -57.49831009 175.82520103
v 27.49547958 -58.49982834 176.54059410
v 29.90736961 -58.19390869 176.54059410
v 27.49547958 -58.49982834 176.54059410
v 27.63355064 -58.79610825 175.56279564
v 32.17906952 -57.28004837 176.54059410
v 29.90736961 -58.19390869 176.54059410
v 27.63355064 -58.79610825 175.56279564
v 32.17906952 -57.28004837 176.54059410
v -28.76029968 -58.41699982 180.04059410
v -29.92435074 -58.18949890 176.54059410
v -27.49547958 -58.49982834 176.54059410
v -27.49547958 -58.49982834 180.04059410
v -28.76029968 -58.41699982 180.04059410
v -27.49547958 -58.49982834 176.54059410
v 27.49547958 -58.49982834 180.04059410
v -27.49547958 -58.49982834 180.04059410
v -27.49547958 -58.49982834 176.54059410
v 27.49547958 -58.49982834 176.54059410
v 29.83041000 -58.21348953 180.04059410
v 27.49547958 -58.49982834 180.04059410
v 27.49547958 -58.49982834 176.54059410
v 29.90736961 -58.19390869 176.54059410
v 29.83041000 -58.21348953 180.04059410
v 27.49547958 -58.49982834 176.54059410
v -28.70774078 -58.01852036 181.54059410
v -28.76029968 -58.41699982 180.04059410
v -27.49547958 -58.49982834 180.04059410
v -27.49547958 -58.09791183 181.54059410
v 27.49547958 -58.49982834 180.04059410
v 27.49547958 -58.09791183 181.54059410
v -27.49547958 -58.49982834 180.04059410
v -27.49547958 -58.09791183 181.54059410
v 29.83041000 -58.21348953 180.04059410
v 27.49547958 -58.09791183 181.54059410
v 27.49547958 -58.49982834 180.04059410
v -32.42652130 -57.82706833 174.74559593
v -32.42652130 -57.82706833 174.74559593
v -32.55855942 -58.46355820 172.49840355
v -30.10346985 -58.46947098 174.63309288
v 32.42652130 -57.82706833 174.74559593
v -32.42652130 -57.82706833 174.74559593
v -34.94437027 -56.30620956 174.83560753
v -32.55855942 -58.46355820 172.49840355
v -34.94437027 -56.30620956 174.83560753
v -35.43040085 -57.08935165 171.09050560
v -32.55855942 -58.46355820 172.49840355
v 35.43040085 -57.08935165 171.09050560
v 32.42652130 -57.82706833 174.74559593
v 32.55857086 -58.46355820 172.49840355
v -29.92355919 -58.18552017 180.04059410
v -29.92435074 -58.18949890 176.54059410
v -28.76029968 -58.41699982 180.04059410
v -28.70774078 -58.01852036 181.54059410
v -29.92355919 -58.18552017 180.04059410
v -28.76029968 -58.41699982 180.04059410
v 29.90736961 -58.19390869 176.54059410
v 29.90587997 -58.18925095 180.04059410
v 29.83041000 -58.21348953 180.04059410
v 29.90587997 -58.18925095 180.04059410
v 29.73290062 -57.82357025 181.54059410
v 29.83041000 -58.21348953 180.04059410
v 29.73290062 -57.82357025 181.54059410
v 31.02434921 -57.82986832 180.04059410
v 32.17906952 -57.28004837 176.54059410
v 31.02434921 -57.82986832 180.04059410
v 29.90736961 -58.19390869 176.54059410
v -32.17906189 -57.28004837 176.54059410
v -32.27742004 -57.49831009 175.82520103
v -29.92435074 -58.18949890 176.54059410
v -29.98765945 -58.17276001 180.04059410
v -32.17906189 -57.28004837 176.54059410
v -29.92435074 -58.18949890 176.54059410
v -29.98765945 -58.17276001 180.04059410
v 31.02434921 -57.82986832 180.04059410
v 30.87644005 -57.45616150 181.54059410
v -29.88360023 -57.78453064 181.54059410
v -29.98765945 -58.17276001 180.04059410
v -32.17906189 -57.28004837 180.04059410
v -32.17906189 -57.28004837 176.54059410
v -29.98765945 -58.17276001 180.04059410
v -31.98221016 -56.92964172 181.54059410
v -32.17906189 -57.28004837 180.04059410
v -29.98765945 -58.17276001 180.04059410
v -29.88360023 -57.78453064 181.54059410
v 45.65261841 -56.60776901 159.10179710
v 44.54954147 -51.35916901 164.56619835
v 40.80025101 -54.38534164 164.56619835
v 43.58797073 -58.09849167 159.10179710
v 45.65261841 -56.60776901 159.10179710
v 44.54954147 -51.35916901 164.56619835
v 43.58797073 -58.09849167 159.10179710
v -45.65879059 -56.60279083 159.10179710
v -40.80025101 -54.38534164 164.56619835
v -45.65879059 -56.60279083 159.10179710
v -43.58789825 -58.09841919 159.10179710
v -28.56417084 -56.92987823 182.63869286
v -28.70774078 -58.01852036 181.54059410
v -27.49547958 -58.09791183 181.54059410
v -27.49547958 -56.99982834 182.63869286
v 27.49547958 -58.09791183 181.54059410
v 27.49547958 -56.99982834 182.63869286
v -27.49547958 -58.09791183 181.54059410
v -27.49547958 -56.99982834 182.63869286
v 29.73290062 -57.82357025 181.54059410
v 27.49547958 -56.99982834 182.63869286
v 27.49547958 -58.09791183 181.54059410
v -29.59930038 -56.72389984 182.63869286
v -29.88360023 -57.78453064 181.54059410
v -28.70774078 -58.01852036 181.54059410
v -28.56417084 -56.92987823 182.63869286
v 32.17906952 -57.28004837 176.54059410
v 32.17906952 -57.28004837 180.04059410
v 31.02434921 -57.82986832 180.04059410
v 32.17906952 -57.28004837 180.04059410
v 30.87644005 -57.45616150 181.54059410
v 31.02434921 -57.82986832 180.04059410
v -32.41349030 -57.80020905 174.83560753
v -34.94437027 -56.30620956 174.83560753
v -32.42652130 -57.82706833 174.74559593
v 35.43040085 -57.08935165 171.09050560
v 34.94438171 -56.30620956 174.83560753
v 32.42652130 -57.82706833 174.74559593
v 34.94438171 -56.30620956 174.83560753
v 32.41350174 -57.80020905 174.83560753
v 32.42652130 -57.82706833 174.74559593
v 30.87644005 -57.45616150 181.54059410
v 29.46651077 -56.75830078 182.63869286
v 29.73290062 -57.82357025 181.54059410
v 29.46651077 -56.75830078 182.63869286
v -32.27742004 -57.49831009 175.82520103
v -34.94437027 -56.30620956 174.83560753
v -32.41349030 -57.80020905 174.83560753
v 34.94438171 -56.30620956 174.83560753
v 32.27743149 -57.49831009 175.82520103
v 32.41350174 -57.80020905 174.83560753
v 35.28104019 -57.54560852 125.98720360
v 36.00645065 -57.15726852 126.08430290
v 34.87166977 -57.79459000 126.16489983
v -31.44437981 -55.97229004 182.63869286
v -31.98221016 -56.92964172 181.54059410
v -29.88360023 -57.78453064 181.54059410
v -29.59930038 -56.72389984 182.63869286
v 52.32717896 -52.33557129 153.53699303
v 52.41389847 -52.42232132 155.85919762
v 46.53628159 -57.70346832 155.85919762
v 46.45927811 -57.60799026 153.53699303
v 51.82778931 -51.83610153 158.30010033
v 46.01588821 -57.05820847 158.30010033
v 46.53628159 -57.70346832 155.85919762
v 52.41389847 -52.42232132 155.85919762
v -52.41801071 -52.41820145 155.85919762
v -46.46554947 -57.60292816 153.53699303
v -46.54256821 -57.69839859 155.85919762
v -46.02209854 -57.05318832 158.30010033
v -52.41801071 -52.41820145 155.85919762
v -46.54256821 -57.69839859 155.85919762
v 44.21723175 -51.07107925 126.08430290
v 52.32717896 -52.33557129 153.53699303
v 46.45927811 -57.60799026 153.53699303
v 40.43933105 -54.11172867 126.08430290
v 44.21723175 -51.07107925 126.08430290
v 46.45927811 -57.60799026 153.53699303
v -52.33137131 -52.33137131 153.53699303
v -44.21722031 -51.07107925 126.08430290
v -46.46554947 -57.60292816 153.53699303
v -52.33137131 -52.33137131 153.53699303
v -35.53236008 -57.38679123 125.92909813
v -35.53416061 -57.38964844 15.24060631
v -35.28104019 -57.54560852 125.98720360
v -36.00645065 -57.15726852 126.08430290
v -35.53236008 -57.38679123 125.92909813
v -35.28104019 -57.54560852 125.98720360
v 35.53313828 -57.38800049 125.92140007
v 36.00645065 -57.15726852 126.08430290
v 35.28104019 -57.54560852 125.98720360
v -32.17906189 -57.28004837 176.54059410
v -41.96545029 -50.55094147 176.54059410
v -32.27742004 -57.49831009 175.82520103
v -42.31010818 -50.96493149 174.83560753
v -38.92921829 -53.62849045 174.83560753
v -32.27742004 -57.49831009 175.82520103
v -38.92921829 -53.62849045 174.83560753
v -34.94437027 -56.30620956 174.83560753
v -32.27742004 -57.49831009 175.82520103
v -41.96545029 -50.55094147 176.54059410
v -42.31010818 -50.96493149 174.83560753
v -32.27742004 -57.49831009 175.82520103
v 42.31010818 -50.96493149 174.83560753
v 32.17906952 -57.28004837 176.54059410
v 32.27743149 -57.49831009 175.82520103
v 38.92922974 -53.62849045 174.83560753
v 42.31010818 -50.96493149 174.83560753
v 32.27743149 -57.49831009 175.82520103
v 34.94438171 -56.30620956 174.83560753
v 38.92922974 -53.62849045 174.83560753
v 32.27743149 -57.49831009 175.82520103
v 31.98221970 -56.92964172 181.54059410
v 31.98221970 -56.92964172 181.54059410
v 30.47233009 -56.43515015 182.63869286
v 30.87644005 -57.45616150 181.54059410
v 30.47233009 -56.43515015 182.63869286
v -45.47444916 -49.88309097 15.24060631
v -36.82960129 -56.56703186 125.62930107
v -36.84729004 -56.55551147 125.62650108
v -35.53416061 -57.38964844 15.24060631
v -35.80255127 -57.21604919 125.86669731
v -36.49871826 -56.77611923 125.70580101
v -36.61692810 -56.70143127 125.67850304
v -36.82960129 -56.56703186 125.62930107
v -36.84729004 -56.55551147 125.62650108
v -40.40755081 -54.06919861 125.62650108
v -35.53416061 -57.38964844 15.24060631
v -40.40755081 -54.06919861 125.62650108
v -44.18246841 -51.03094101 125.62650108
v -35.53416061 -57.38964844 15.24060631
v -44.18246841 -51.03094101 125.62650108
v -45.47444916 -49.88309097 15.24060631
v -35.53416061 -57.38964844 15.24060631
v 45.47446060 -49.88309097 15.24060631
v 45.47446060 -49.88309097 15.24060631
v 40.40755081 -54.06919861 125.62650108
v 35.53416824 -57.38964844 15.24060631
v 40.40755081 -54.06919861 125.62650108
v 36.84730148 -56.55551147 125.62650108
v 35.53416824 -57.38964844 15.24060631
v 36.84730148 -56.55551147 125.62650108
v 36.82960892 -56.56703186 125.62930107
v 35.53416824 -57.38964844 15.24060631
v 36.82960892 -56.56703186 125.62930107
v 36.64712143 -56.68458939 125.66160393
v 35.53416824 -57.38964844 15.24060631
v 36.54640961 -56.74946976 125.67940331
v 36.28057861 -56.92073059 125.72640038
v 36.28057861 -56.92073059 125.72640038
v 35.86511993 -57.18046188 125.83479881
v 35.53416824 -57.38964844 15.24060631
v 35.53313828 -57.38800049 125.92140007
v 35.86511993 -57.18046188 125.83479881
v 36.22111130 -56.98075104 125.89939690
v 35.53313828 -57.38800049 125.92140007
v 36.22111130 -56.98075104 125.89939690
v 36.00645065 -57.15726852 126.08430290
v 35.53313828 -57.38800049 125.92140007
v -35.80255127 -57.21604919 125.86669731
v -39.65272141 -54.62517929 167.24609947
v -39.63599014 -54.60115051 165.87579918
v -35.59381866 -57.35266876 167.24609947
v -39.63599014 -54.60115051 165.87579918
v -36.58134842 -56.72789001 165.87579918
v -35.59381866 -57.35266876 167.24609947
v -35.43040085 -57.08935165 171.09050560
v -39.47066879 -54.37437820 171.09050560
v -35.59381866 -57.35266876 167.24609947
v -39.65272141 -54.62517929 167.24609947
v 36.58135986 -56.72789001 165.87579918
v 39.65272141 -54.62517929 167.24609947
v 35.59381866 -57.35266876 167.24609947
v 39.65272141 -54.62517929 167.24609947
v 35.43040085 -57.08935165 171.09050560
v 35.59381866 -57.35266876 167.24609947
v -32.17906189 -57.28004837 180.04059410
v -41.96545029 -50.55094147 176.54059410
v -32.17906189 -57.28004837 176.54059410
v 42.31010818 -50.96493149 174.83560753
v 41.96545029 -50.55094147 176.54059410
v 32.17906952 -57.28004837 176.54059410
v 37.26118088 -54.11193085 180.04059410
v 32.17906952 -57.28004837 180.04059410
v 32.17906952 -57.28004837 176.54059410
v 41.96545029 -50.55094147 176.54059410
v 37.26118088 -54.11193085 180.04059410
v 32.17906952 -57.28004837 176.54059410
v -37.26116943 -54.11193085 180.04059410
v -41.96545029 -50.55094147 176.54059410
v -32.17906189 -57.28004837 180.04059410
v -37.03321838 -53.78089905 181.54059410
v -37.26116943 -54.11193085 180.04059410
v -32.17906189 -57.28004837 180.04059410
v -31.98221016 -56.92964172 181.54059410
v 37.26118088 -54.11193085 180.04059410
v 31.98221970 -56.92964172 181.54059410
v 32.17906952 -57.28004837 180.04059410
v -36.22111130 -56.98075104 125.89939690
v -36.49871826 -56.77611923 125.70580101
v -35.80255127 -57.21604919 125.86669731
v -36.00645065 -57.15726852 126.08430290
v -36.22111130 -56.98075104 125.89939690
v -35.80255127 -57.21604919 125.86669731
v 36.28057861 -56.92073059 125.72640038
v -40.43933105 -54.11172867 126.08430290
v -36.22111130 -56.98075104 125.89939690
v -36.00645065 -57.15726852 126.08430290
v 36.22111130 -56.98075104 125.89939690
v 40.43933105 -54.11172867 126.08430290
v 36.00645065 -57.15726852 126.08430290
v -36.64968109 -56.83385086 165.17690086
v -40.80025101 -54.38534164 164.56619835
v -36.84606171 -57.13837051 164.56619835
v 40.58280182 -54.09548950 165.17690086
v 36.64968872 -56.83385086 165.17690086
v 36.84606171 -57.13837051 164.56619835
v 40.80025101 -54.38534164 164.56619835
v -34.94437027 -56.30620956 174.83560753
v -38.92921829 -53.62849045 174.83560753
v -35.43040085 -57.08935165 171.09050560
v -39.47066879 -54.37437820 171.09050560
v 39.47066879 -54.37437820 171.09050560
v 34.94438171 -56.30620956 174.83560753
v 35.43040085 -57.08935165 171.09050560
v 39.47066879 -54.37437820 171.09050560
v 51.82778931 -51.83610153 158.30010033
v 45.65261841 -56.60776901 159.10179710
v 46.01588821 -57.05820847 158.30010033
v -51.42276001 -51.42276001 159.10179710
v -51.83184814 -51.83203888 158.30010033
v -46.02209854 -57.05318832 158.30010033
v -45.65879059 -56.60279083 159.10179710
v -51.83184814 -51.83203888 158.30010033
v -28.36804008 -55.44276047 183.04059410
v -28.56417084 -56.92987823 182.63869286
v -27.49547958 -56.99982834 182.63869286
v -27.49547958 -55.49982834 183.04059410
v 27.49547958 -56.99982834 182.63869286
v 27.49547958 -55.49982834 183.04059410
v -27.49547958 -56.99982834 182.63869286
v -27.49547958 -55.49982834 183.04059410
v 29.46651077 -56.75830078 182.63869286
v 27.49547958 -55.49982834 183.04059410
v 27.49547958 -56.99982834 182.63869286
v -40.43933105 -54.11172867 126.08430290
v -36.62057114 -56.70462036 125.70920372
v -36.22111130 -56.98075104 125.89939690
v -36.62057114 -56.70462036 125.70920372
v -36.49871826 -56.77611923 125.70580101
v -36.22111130 -56.98075104 125.89939690
v 36.62057114 -56.70462036 125.70920372
v 40.43933105 -54.11172867 126.08430290
v 36.22111130 -56.98075104 125.89939690
v 36.28057861 -56.92073059 125.72640038
v 36.62057114 -56.70462036 125.70920372
v 36.22111130 -56.98075104 125.89939690
v -29.21093941 -55.27505112 183.04059410
v -29.59930038 -56.72389984 182.63869286
v -28.56417084 -56.92987823 182.63869286
v -28.36804008 -55.44276047 183.04059410
v -36.41046143 -52.87651062 182.63869286
v -37.03321838 -53.78089905 181.54059410
v -31.98221016 -56.92964172 181.54059410
v -31.44437981 -55.97229004 182.63869286
v 37.03322983 -53.78089905 181.54059410
v 31.44438934 -55.97229004 182.63869286
v 31.98221970 -56.92964172 181.54059410
v 37.03322983 -53.78089905 181.54059410
v 31.44438934 -55.97229004 182.63869286
v 36.54640961 -56.74946976 125.67940331
v 36.62057114 -56.70462036 125.70920372
v 36.28057861 -56.92073059 125.72640038
v -36.58134842 -56.72789001 165.87579918
v -40.58280182 -54.09548950 165.17690086
v -36.64968109 -56.83385086 165.17690086
v -40.58280182 -54.09548950 165.17690086
v 40.58280182 -54.09548950 165.17690086
v 39.63600159 -54.60115051 165.87579918
v 36.64968872 -56.83385086 165.17690086
v 36.58135986 -56.72789001 165.87579918
v -36.62057114 -56.70462036 125.70920372
v -36.61692810 -56.70143127 125.67850304
v -36.49871826 -56.77611923 125.70580101
v 30.47233009 -56.43515015 182.63869286
v 29.10259056 -55.30310822 183.04059410
v 29.46651077 -56.75830078 182.63869286
v 29.10259056 -55.30310822 183.04059410
v 36.64712143 -56.68458939 125.66160393
v -39.63599014 -54.60115051 165.87579918
v 39.63600159 -54.60115051 165.87579918
v 39.65272141 -54.62517929 167.24609947
v 36.58135986 -56.72789001 165.87579918
v -30.70969963 -54.66453171 183.04059410
v -31.44437981 -55.97229004 182.63869286
v -29.59930038 -56.72389984 182.63869286
v -29.21093941 -55.27505112 183.04059410
v -40.43933105 -54.11172867 126.08430290
v -36.69533920 -56.65509033 125.68070030
v -36.62057114 -56.70462036 125.70920372
v -36.69533920 -56.65509033 125.68070030
v -36.61692810 -56.70143127 125.67850304
v -36.62057114 -56.70462036 125.70920372
v 36.69533920 -56.65509033 125.68070030
v 40.43933105 -54.11172867 126.08430290
v 36.62057114 -56.70462036 125.70920372
v 36.64712143 -56.68458939 125.66160393
v 36.69533920 -56.65509033 125.68070030
v 36.62057114 -56.70462036 125.70920372
v -36.69533920 -56.65509033 125.68070030
v -36.82960129 -56.56703186 125.62930107
v -36.61692810 -56.70143127 125.67850304
v 36.82960892 -56.56703186 125.62930107
v 36.69533920 -56.65509033 125.68070030
v 36.64712143 -56.68458939 125.66160393
v -40.43933105 -54.11172867 126.08430290
v -36.84729004 -56.55551147 125.62650108
v -36.69533920 -56.65509033 125.68070030
v -36.84729004 -56.55551147 125.62650108
v -36.82960129 -56.56703186 125.62930107
v -36.69533920 -56.65509033 125.68070030
v 36.84730148 -56.55551147 125.62650108
v 40.43933105 -54.11172867 126.08430290
v 36.69533920 -56.65509033 125.68070030
v 36.82960892 -56.56703186 125.62930107
v 36.84730148 -56.55551147 125.62650108
v 36.69533920 -56.65509033 125.68070030
v 51.41864014 -51.42689133 159.10179710
v 51.41864014 -51.42689133 159.10179710
v 44.54954147 -51.35916901 164.56619835
v 45.65261841 -56.60776901 159.10179710
v -40.80025101 -54.38534164 164.56619835
v -44.54953003 -51.35916901 164.56619835
v -45.65879059 -56.60279083 159.10179710
v -44.54953003 -51.35916901 164.56619835
v -51.42276001 -51.42276001 159.10179710
v -45.65879059 -56.60279083 159.10179710
v -40.43933105 -54.11172867 126.08430290
v -40.40755081 -54.06919861 125.62650108
v -36.84729004 -56.55551147 125.62650108
v 40.40755081 -54.06919861 125.62650108
v 40.43933105 -54.11172867 126.08430290
v 36.84730148 -56.55551147 125.62650108
v 31.44438934 -55.97229004 182.63869286
v 29.92029953 -55.04042053 183.04059410
v 30.47233009 -56.43515015 182.63869286
v 29.92029953 -55.04042053 183.04059410
v 38.92922974 -53.62849045 174.83560753
v -35.55974960 -51.64107132 183.04059410
v -36.41046143 -52.87651062 182.63869286
v -31.44437981 -55.97229004 182.63869286
v -30.70969963 -54.66453171 183.04059410
v 36.41046906 -52.87651062 182.63869286
v 30.70970917 -54.66453171 183.04059410
v 31.44438934 -55.97229004 182.63869286
v 36.41046906 -52.87651062 182.63869286
v 30.70970917 -54.66453171 183.04059410
v -55.49983978 -27.49547005 183.04059410
v -28.36804008 -55.44276047 183.04059410
v -27.49547958 -55.49982834 183.04059410
v 27.49547958 -55.49982834 183.04059410
v 29.10259056 -55.30310822 183.04059410
v -29.21093941 -55.27505112 183.04059410
v 29.92029953 -55.04042053 183.04059410
v -30.70969963 -54.66453171 183.04059410
v 30.70970917 -54.66453171 183.04059410
v -35.55974960 -51.64107132 183.04059410
v 35.55976105 -51.64107132 183.04059410
v 35.55976105 -51.64107132 183.04059410
v -43.82703018 -51.33652878 167.24609947
v -44.22948074 -50.99020004 165.87579918
v -39.65272141 -54.62517929 167.24609947
v -44.22948074 -50.99020004 165.87579918
v -40.50714111 -53.99462891 165.87579918
v -39.65272141 -54.62517929 167.24609947
v -40.50714111 -53.99462891 165.87579918
v -39.63599014 -54.60115051 165.87579918
v -39.65272141 -54.62517929 167.24609947
v -39.47066879 -54.37437820 171.09050560
v -43.62582016 -51.10084152 171.09050560
v -39.65272141 -54.62517929 167.24609947
v -43.82703018 -51.33652878 167.24609947
v 40.50714111 -53.99462891 165.87579918
v 40.50714111 -53.99462891 165.87579918
v 43.82704163 -51.33652878 167.24609947
v 39.65272141 -54.62517929 167.24609947
v 43.82704163 -51.33652878 167.24609947
v 39.47066879 -54.37437820 171.09050560
v 39.65272141 -54.62517929 167.24609947
v -40.50714111 -53.99462891 165.87579918
v 40.50714111 -53.99462891 165.87579918
v -40.58280182 -54.09548950 165.17690086
v -44.54953003 -51.35916901 164.56619835
v -40.80025101 -54.38534164 164.56619835
v 44.31211090 -51.08544922 165.17690086
v 40.58280182 -54.09548950 165.17690086
v 40.80025101 -54.38534164 164.56619835
v 44.54954147 -51.35916901 164.56619835
v -38.92921829 -53.62849045 174.83560753
v -42.31010818 -50.96493149 174.83560753
v -39.47066879 -54.37437820 171.09050560
v -43.62582016 -51.10084152 171.09050560
v 43.62582016 -51.10084152 171.09050560
v 42.31010818 -50.96493149 174.83560753
v 39.47066879 -54.37437820 171.09050560
v 38.92922974 -53.62849045 174.83560753
v 43.62582016 -51.10084152 171.09050560
v -42.02793121 -50.48846054 176.54059410
v -41.96545029 -50.55094147 176.54059410
v -37.26116943 -54.11193085 180.04059410
v -42.03369141 -50.49422073 180.04059410
v -42.02793121 -50.48846054 176.54059410
v -37.26116943 -54.11193085 180.04059410
v -41.77655029 -50.18532181 181.54059410
v -42.03369141 -50.49422073 180.04059410
v -37.26116943 -54.11193085 180.04059410
v -37.03321838 -53.78089905 181.54059410
v 41.96545029 -50.55094147 176.54059410
v 42.03369141 -50.49422073 180.04059410
v 37.26118088 -54.11193085 180.04059410
v 42.03369141 -50.49422073 180.04059410
v 37.03322983 -53.78089905 181.54059410
v 37.26118088 -54.11193085 180.04059410
v -44.21722031 -51.07107925 126.08430290
v -44.18246841 -51.03094101 125.62650108
v -40.43933105 -54.11172867 126.08430290
v -40.40755081 -54.06919861 125.62650108
v 40.40755081 -54.06919861 125.62650108
v 44.21723175 -51.07107925 126.08430290
v 40.43933105 -54.11172867 126.08430290
v -40.50714111 -53.99462891 165.87579918
v -44.31209946 -51.08544922 165.17690086
v -40.58280182 -54.09548950 165.17690086
v -44.31209946 -51.08544922 165.17690086
v 44.31211090 -51.08544922 165.17690086
v 44.22948837 -50.99020004 165.87579918
v 40.58280182 -54.09548950 165.17690086
v 40.50714111 -53.99462891 165.87579918
v 45.47446060 -49.88309097 15.24060631
v 44.18247986 -51.03094101 125.62650108
v 40.40755081 -54.06919861 125.62650108
v 44.18247986 -51.03094101 125.62650108
v -44.22948074 -50.99020004 165.87579918
v 44.22948837 -50.99020004 165.87579918
v 43.82704163 -51.33652878 167.24609947
v 40.50714111 -53.99462891 165.87579918
v -41.07402039 -49.34138107 182.63869286
v -41.77655029 -50.18532181 181.54059410
v -37.03321838 -53.78089905 181.54059410
v -36.41046143 -52.87651062 182.63869286
v 41.77655029 -50.18532181 181.54059410
v 41.77655029 -50.18532181 181.54059410
v 36.41046906 -52.87651062 182.63869286
v 37.03322983 -53.78089905 181.54059410
v -40.11434174 -48.18854141 183.04059410
v -41.07402039 -49.34138107 182.63869286
v -36.41046143 -52.87651062 182.63869286
v -35.55974960 -51.64107132 183.04059410
v 41.07402039 -49.34138107 182.63869286
v 41.07402039 -49.34138107 182.63869286
v 35.55976105 -51.64107132 183.04059410
v 36.41046906 -52.87651062 182.63869286
v 52.33115005 -52.33116150 153.53699303
v 57.69601059 -46.54553986 155.85919762
v 52.41389847 -52.42232132 155.85919762
v 52.32717896 -52.33557129 153.53699303
v 57.05081940 -46.02505112 158.30010033
v 51.82778931 -51.83610153 158.30010033
v 52.41389847 -52.42232132 155.85919762
v 57.69601059 -46.54553986 155.85919762
v -57.69823074 -46.54278183 155.85919762
v -52.33137131 -52.33137131 153.53699303
v -52.41801071 -52.41820145 155.85919762
v -51.83184814 -51.83203888 158.30010033
v -57.69823074 -46.54278183 155.85919762
v -52.41801071 -52.41820145 155.85919762
v 47.76725006 -47.76723862 126.08430290
v 52.33115005 -52.33116150 153.53699303
v 52.32717896 -52.33557129 153.53699303
v 44.21723175 -51.07107925 126.08430290
v 47.76725006 -47.76723862 126.08430290
v 52.32717896 -52.33557129 153.53699303
v -47.76725006 -47.76723862 126.08430290
v -44.21722031 -51.07107925 126.08430290
v -52.33137131 -52.33137131 153.53699303
v -51.07109070 -44.21722031 126.08430290
v -47.76725006 -47.76723862 126.08430290
v -52.33137131 -52.33137131 153.53699303
v -57.60276031 -46.46577072 153.53699303
v -51.07109070 -44.21722031 126.08430290
v -52.33137131 -52.33137131 153.53699303
v -57.60276031 -46.46577072 153.53699303
v 57.60054016 -46.46852112 153.53699303
v 57.60054016 -46.46852112 153.53699303
v 51.42255020 -51.42255020 159.10179710
v 51.41864014 -51.42689133 159.10179710
v 51.82778931 -51.83610153 158.30010033
v 57.05081940 -46.02505112 158.30010033
v -51.42276001 -51.42276001 159.10179710
v -57.05302048 -46.02230835 158.30010033
v -51.83184814 -51.83203888 158.30010033
v -57.05302048 -46.02230835 158.30010033
v -40.11434174 -48.18854141 183.04059410
v 40.11434937 -48.18854141 183.04059410
v 40.11434937 -48.18854141 183.04059410
v 48.07508087 -48.07506943 164.56619835
v 44.54954147 -51.35916901 164.56619835
v 51.41864014 -51.42689133 159.10179710
v 51.42255020 -51.42255020 159.10179710
v 48.07508087 -48.07506943 164.56619835
v 51.41864014 -51.42689133 159.10179710
v -44.54953003 -51.35916901 164.56619835
v -48.07508087 -48.07506943 164.56619835
v -51.42276001 -51.42276001 159.10179710
v -56.60261917 -45.65900040 159.10179710
v -48.07508087 -48.07506943 164.56619835
v -56.60261917 -45.65900040 159.10179710
v -51.42276001 -51.42276001 159.10179710
v 56.60044861 -45.66170883 159.10179710
v 51.35918045 -44.54953003 164.56619835
v 48.07508087 -48.07506943 164.56619835
v 51.42255020 -51.42255020 159.10179710
v 56.60044861 -45.66170883 159.10179710
v 51.35918045 -44.54953003 164.56619835
v 51.42255020 -51.42255020 159.10179710
v -44.31209946 -51.08544922 165.17690086
v -48.07508087 -48.07506943 164.56619835
v -44.54953003 -51.35916901 164.56619835
v 47.81885910 -47.81885147 165.17690086
v 44.31211090 -51.08544922 165.17690086
v 44.54954147 -51.35916901 164.56619835
v 48.07508087 -48.07506943 164.56619835
v -47.72969818 -47.72969818 167.24609947
v -47.72969818 -47.72969818 165.87579918
v -43.82703018 -51.33652878 167.24609947
v -47.72969818 -47.72969818 165.87579918
v -44.22948074 -50.99020004 165.87579918
v -43.82703018 -51.33652878 167.24609947
v -43.62582016 -51.10084152 171.09050560
v -47.51057053 -47.51057053 171.09050560
v -43.82703018 -51.33652878 167.24609947
v -47.72969818 -47.72969818 167.24609947
v 44.22948837 -50.99020004 165.87579918
v 47.72970963 -47.72969818 167.24609947
v 43.82704163 -51.33652878 167.24609947
v 47.72970963 -47.72969818 167.24609947
v 43.62582016 -51.10084152 171.09050560
v 43.82704163 -51.33652878 167.24609947
v -46.85882950 -46.85882187 174.83560753
v -47.51057053 -47.51057053 171.09050560
v -43.62582016 -51.10084152 171.09050560
v -43.02737045 -50.39984894 174.83560753
v -43.02737045 -50.39984894 174.83560753
v 47.51057816 -47.51057053 171.09050560
v 43.02737045 -50.39984894 174.83560753
v 43.62582016 -51.10084152 171.09050560
v 43.02737045 -50.39984894 174.83560753
v 47.51057816 -47.51057053 171.09050560
v -44.22948074 -50.99020004 165.87579918
v -47.81885910 -47.81885147 165.17690086
v -44.31209946 -51.08544922 165.17690086
v -47.81885910 -47.81885147 165.17690086
v 47.81885910 -47.81885147 165.17690086
v 47.72970963 -47.72969818 165.87579918
v 44.31211090 -51.08544922 165.17690086
v 44.22948837 -50.99020004 165.87579918
v -47.76725006 -47.76723862 126.08430290
v -45.44726181 -49.85387039 125.62650108
v -44.21722031 -51.07107925 126.08430290
v -44.18246841 -51.03094101 125.62650108
v 45.44726181 -49.85387039 125.62650108
v 47.76725006 -47.76723862 126.08430290
v 44.21723175 -51.07107925 126.08430290
v 44.18247986 -51.03094101 125.62650108
v -45.44726181 -49.85387039 125.62650108
v -45.47444916 -49.88309097 15.24060631
v -44.18246841 -51.03094101 125.62650108
v 45.47446060 -49.88309097 15.24060631
v 45.44726181 -49.85387039 125.62650108
v 44.18247986 -51.03094101 125.62650108
v -47.72969818 -47.72969818 165.87579918
v 47.72970963 -47.72969818 165.87579918
v 47.72970963 -47.72969818 167.24609947
v 44.22948837 -50.99020004 165.87579918
v -41.96545029 -50.55094147 176.54059410
v -42.02793121 -50.48846054 176.54059410
v -42.31010818 -50.96493149 174.83560753
v -42.02793121 -50.48846054 176.54059410
v -43.02737045 -50.39984894 174.83560753
v -42.31010818 -50.96493149 174.83560753
v 42.02793884 -50.48846054 176.54059410
v 41.96545029 -50.55094147 176.54059410
v 42.31010818 -50.96493149 174.83560753
v 43.02737045 -50.39984894 174.83560753
v 42.02793884 -50.48846054 176.54059410
v 42.31010818 -50.96493149 174.83560753
v 42.02793884 -50.48846054 176.54059410
v 42.03369141 -50.49422073 180.04059410
v 41.96545029 -50.55094147 176.54059410
v -46.45695114 -46.45695114 180.04059410
v -42.02793121 -50.48846054 176.54059410
v -42.03369141 -50.49422073 180.04059410
v -46.17274857 -46.17274094 181.54059410
v -46.45695114 -46.45695114 180.04059410
v -42.03369141 -50.49422073 180.04059410
v -41.77655029 -50.18532181 181.54059410
v 42.02793884 -50.48846054 176.54059410
v 46.45695877 -46.45695114 180.04059410
v 42.03369141 -50.49422073 180.04059410
v 46.45695877 -46.45695114 180.04059410
v 41.77655029 -50.18532181 181.54059410
v 42.03369141 -50.49422073 180.04059410
v -50.48846054 -42.02791977 176.54059410
v -50.39986038 -43.02735901 174.83560753
v -42.02793121 -50.48846054 176.54059410
v -50.39986038 -43.02735901 174.83560753
v -46.85882950 -46.85882187 174.83560753
v -42.02793121 -50.48846054 176.54059410
v -46.85882950 -46.85882187 174.83560753
v -43.02737045 -50.39984894 174.83560753
v -42.02793121 -50.48846054 176.54059410
v -46.45695114 -46.45695114 180.04059410
v -50.48846054 -42.02791977 176.54059410
v -42.02793121 -50.48846054 176.54059410
v 43.02737045 -50.39984894 174.83560753
v 50.48846817 -42.02791977 176.54059410
v 42.02793884 -50.48846054 176.54059410
v 50.48846817 -42.02791977 176.54059410
v 46.45695877 -46.45695114 180.04059410
v 42.02793884 -50.48846054 176.54059410
v 46.85882950 -46.85882187 174.83560753
v 46.85882950 -46.85882187 174.83560753
v 50.48846817 -42.02791977 176.54059410
v 43.02737045 -50.39984894 174.83560753
v -45.39628983 -45.39627838 182.63869286
v -46.17274857 -46.17274094 181.54059410
v -41.77655029 -50.18532181 181.54059410
v -41.07402039 -49.34138107 182.63869286
v 46.17276001 -46.17274094 181.54059410
v 46.17276001 -46.17274094 181.54059410
v 41.07402039 -49.34138107 182.63869286
v 41.77655029 -50.18532181 181.54059410
v -53.86616135 -40.67781830 15.24060631
v -51.03094864 -44.18246841 125.62650108
v -53.86616135 -40.67781830 15.24060631
v -45.47444916 -49.88309097 15.24060631
v -47.72969818 -47.72969818 125.62650108
v -51.03094864 -44.18246841 125.62650108
v -45.47444916 -49.88309097 15.24060631
v -47.72969818 -47.72969818 125.62650108
v 53.86616135 -40.67781830 15.24060631
v 47.72970963 -47.72969818 125.62650108
v 53.86616135 -40.67781830 15.24060631
v 47.72970963 -47.72969818 125.62650108
v 45.47446060 -49.88309097 15.24060631
v -47.72969818 -47.72969818 125.62650108
v 47.72970963 -47.72969818 125.62650108
v -44.33563995 -44.33562851 183.04059410
v -45.39628983 -45.39627838 182.63869286
v -41.07402039 -49.34138107 182.63869286
v -40.11434174 -48.18854141 183.04059410
v 45.39630127 -45.39627838 182.63869286
v 45.39630127 -45.39627838 182.63869286
v 40.11434937 -48.18854141 183.04059410
v 41.07402039 -49.34138107 182.63869286
v -44.33563995 -44.33562851 183.04059410
v 44.33563995 -44.33562851 183.04059410
v 44.33563995 -44.33562851 183.04059410
v -51.35918045 -44.54953003 164.56619835
v -56.60261917 -45.65900040 159.10179710
v -48.07508087 -48.07506943 164.56619835
v -47.81885910 -47.81885147 165.17690086
v -51.35918045 -44.54953003 164.56619835
v -48.07508087 -48.07506943 164.56619835
v 51.08546066 -44.31209183 165.17690086
v 47.81885910 -47.81885147 165.17690086
v 48.07508087 -48.07506943 164.56619835
v 51.35918045 -44.54953003 164.56619835
v -47.72969818 -47.72969818 165.87579918
v -51.08546066 -44.31209183 165.17690086
v -47.81885910 -47.81885147 165.17690086
v -51.08546066 -44.31209183 165.17690086
v 51.08546066 -44.31209183 165.17690086
v 50.99021912 -44.22948074 165.87579918
v 47.81885910 -47.81885147 165.17690086
v 47.72970963 -47.72969818 165.87579918
v -51.07109070 -44.21722031 126.08430290
v -51.03094864 -44.18246841 125.62650108
v -47.76725006 -47.76723862 126.08430290
v -47.72969818 -47.72969818 125.62650108
v 47.72970963 -47.72969818 125.62650108
v 51.07109833 -44.21722031 126.08430290
v 47.76725006 -47.76723862 126.08430290
v 51.07109833 -44.21722031 126.08430290
v 57.60054016 -46.46852112 153.53699303
v 47.76725006 -47.76723862 126.08430290
v 53.86616135 -40.67781830 15.24060631
v 51.03096008 -44.18246841 125.62650108
v 47.72970963 -47.72969818 125.62650108
v 51.03096008 -44.18246841 125.62650108
v -50.99021149 -44.22948074 165.87579918
v -47.72969818 -47.72969818 167.24609947
v -50.99021149 -44.22948074 165.87579918
v -47.72969818 -47.72969818 165.87579918
v 51.33655167 -43.82703018 167.24609947
v 47.72970963 -47.72969818 167.24609947
v 47.72970963 -47.72969818 165.87579918
v 50.99021912 -44.22948074 165.87579918
v 51.33655167 -43.82703018 167.24609947
v 47.72970963 -47.72969818 165.87579918
v -51.33654022 -43.82703018 167.24609947
v -50.99021149 -44.22948074 165.87579918
v -47.72969818 -47.72969818 167.24609947
v -47.51057053 -47.51057053 171.09050560
v -51.10084152 -43.62582016 171.09050560
v -47.72969818 -47.72969818 167.24609947
v -51.33654022 -43.82703018 167.24609947
v 51.33655167 -43.82703018 167.24609947
v 47.51057816 -47.51057053 171.09050560
v 47.72970963 -47.72969818 167.24609947
v -46.85882950 -46.85882187 174.83560753
v -50.39986038 -43.02735901 174.83560753
v -47.51057053 -47.51057053 171.09050560
v -51.10084152 -43.62582016 171.09050560
v 51.10084915 -43.62582016 171.09050560
v 46.85882950 -46.85882187 174.83560753
v 47.51057816 -47.51057053 171.09050560
v 51.10084915 -43.62582016 171.09050560
v 50.39986038 -43.02735901 174.83560753
v 50.39986038 -43.02735901 174.83560753
v 50.48846817 -42.02791977 176.54059410
v 46.85882950 -46.85882187 174.83560753
v 59.20476151 -44.24742889 153.53699303
v 62.32257080 -40.13991928 155.85919762
v 57.69601059 -46.54553986 155.85919762
v 57.60054016 -46.46852112 153.53699303
v 61.62564850 -39.69105148 158.30010033
v 57.05081940 -46.02505112 158.30010033
v 57.69601059 -46.54553986 155.85919762
v 62.32257080 -40.13991928 155.85919762
v -62.32326126 -40.13885117 155.85919762
v -62.22013855 -40.07241821 153.53699303
v -57.69823074 -46.54278183 155.85919762
v -59.20484161 -44.24748993 153.53699303
v -57.60276031 -46.46577072 153.53699303
v -57.05302048 -46.02230835 158.30010033
v -62.32326126 -40.13885117 155.85919762
v -57.69823074 -46.54278183 155.85919762
v 51.07109833 -44.21722031 126.08430290
v 59.20476151 -44.24742889 153.53699303
v 57.60054016 -46.46852112 153.53699303
v -54.11174011 -40.43931961 126.08430290
v -51.07109070 -44.21722031 126.08430290
v -57.60276031 -46.46577072 153.53699303
v -59.20484161 -44.24748993 153.53699303
v -54.11174011 -40.43931961 126.08430290
v -57.60276031 -46.46577072 153.53699303
v -50.49422073 -42.03367996 180.04059410
v -50.48846054 -42.02791977 176.54059410
v -46.45695114 -46.45695114 180.04059410
v -50.18532181 -41.77653885 181.54059410
v -50.49422073 -42.03367996 180.04059410
v -46.45695114 -46.45695114 180.04059410
v -46.17274857 -46.17274094 181.54059410
v 50.48846817 -42.02791977 176.54059410
v 50.49422836 -42.03367996 180.04059410
v 46.45695877 -46.45695114 180.04059410
v 50.49422836 -42.03367996 180.04059410
v 46.17276001 -46.17274094 181.54059410
v 46.45695877 -46.45695114 180.04059410
v -49.34138870 -41.07400894 182.63869286
v -50.18532181 -41.77653885 181.54059410
v -46.17274857 -46.17274094 181.54059410
v -45.39628983 -45.39627838 182.63869286
v 50.18532181 -41.77653885 181.54059410
v 50.18532181 -41.77653885 181.54059410
v 45.39630127 -45.39627838 182.63869286
v 46.17276001 -46.17274094 181.54059410
v 61.62564850 -39.69105148 158.30010033
v 61.13916016 -39.37771988 159.10179710
v 57.05081940 -46.02505112 158.30010033
v 58.09833908 -43.58781815 159.10179710
v 56.60044861 -45.66170883 159.10179710
v -58.09841919 -43.58789062 159.10179710
v -61.62633896 -39.68999100 158.30010033
v -57.05302048 -46.02230835 158.30010033
v -56.60261917 -45.65900040 159.10179710
v -61.62633896 -39.68999100 158.30010033
v 54.38534927 -40.80023956 164.56619835
v 51.35918045 -44.54953003 164.56619835
v 56.60044861 -45.66170883 159.10179710
v 58.09833908 -43.58781815 159.10179710
v 54.38534927 -40.80023956 164.56619835
v 56.60044861 -45.66170883 159.10179710
v -51.35918045 -44.54953003 164.56619835
v -58.09841919 -43.58789062 159.10179710
v -56.60261917 -45.65900040 159.10179710
v -48.18854904 -40.11433029 183.04059410
v -49.34138870 -41.07400894 182.63869286
v -45.39628983 -45.39627838 182.63869286
v -44.33563995 -44.33562851 183.04059410
v 49.34138870 -41.07400894 182.63869286
v 49.34138870 -41.07400894 182.63869286
v 44.33563995 -44.33562851 183.04059410
v 45.39630127 -45.39627838 182.63869286
v -54.38534164 -40.80023956 164.56619835
v -58.09841919 -43.58789062 159.10179710
v -51.35918045 -44.54953003 164.56619835
v -51.08546066 -44.31209183 165.17690086
v -54.38534164 -40.80023956 164.56619835
v -51.35918045 -44.54953003 164.56619835
v 54.09550095 -40.58279037 165.17690086
v 51.08546066 -44.31209183 165.17690086
v 51.35918045 -44.54953003 164.56619835
v 54.38534927 -40.80023956 164.56619835
v -48.18854904 -40.11433029 183.04059410
v 48.18856049 -40.11433029 183.04059410
v 48.18856049 -40.11433029 183.04059410
v -50.99021149 -44.22948074 165.87579918
v -54.09550095 -40.58279037 165.17690086
v -51.08546066 -44.31209183 165.17690086
v -54.09550095 -40.58279037 165.17690086
v 54.09550095 -40.58279037 165.17690086
v 53.99464035 -40.50712967 165.87579918
v 51.08546066 -44.31209183 165.17690086
v 50.99021912 -44.22948074 165.87579918
v -61.02825165 -35.84608841 139.79630089
v -54.11174011 -40.43931961 126.08430290
v -59.20484161 -44.24748993 153.53699303
v -62.22013855 -40.07241821 153.53699303
v -61.02825165 -35.84608841 139.79630089
v -59.20484161 -44.24748993 153.53699303
v 54.11175156 -40.43931961 126.08430290
v 57.15729141 -36.00645065 126.08430290
v 59.20476151 -44.24742889 153.53699303
v 57.15729141 -36.00645065 126.08430290
v 61.02825928 -35.84608841 139.79630089
v 59.20476151 -44.24742889 153.53699303
v 61.02825928 -35.84608841 139.79630089
v 62.21945190 -40.07350159 153.53699303
v 59.20476151 -44.24742889 153.53699303
v 51.07109833 -44.21722031 126.08430290
v 54.11175156 -40.43931961 126.08430290
v 59.20476151 -44.24742889 153.53699303
v 62.21945190 -40.07350159 153.53699303
v -53.99464035 -40.50712967 165.87579918
v -51.33654022 -43.82703018 167.24609947
v -53.99464035 -40.50712967 165.87579918
v -50.99021149 -44.22948074 165.87579918
v 54.62519073 -39.65270996 167.24609947
v 51.33655167 -43.82703018 167.24609947
v 50.99021912 -44.22948074 165.87579918
v 53.99464035 -40.50712967 165.87579918
v 54.62519073 -39.65270996 167.24609947
v 50.99021912 -44.22948074 165.87579918
v -54.11174011 -40.43931961 126.08430290
v -53.85736084 -40.67074966 125.62650108
v -51.07109070 -44.21722031 126.08430290
v -51.03094864 -44.18246841 125.62650108
v 51.03096008 -44.18246841 125.62650108
v 54.11175156 -40.43931961 126.08430290
v 51.07109833 -44.21722031 126.08430290
v -53.85736084 -40.67074966 125.62650108
v -53.86616135 -40.67781830 15.24060631
v -51.03094864 -44.18246841 125.62650108
v 53.86616135 -40.67781830 15.24060631
v 53.85736847 -40.67074966 125.62650108
v 51.03096008 -44.18246841 125.62650108
v 53.85736847 -40.67074966 125.62650108
v -54.62519073 -39.65270996 167.24609947
v -53.99464035 -40.50712967 165.87579918
v -51.33654022 -43.82703018 167.24609947
v -51.10084152 -43.62582016 171.09050560
v -54.37438965 -39.47066116 171.09050560
v -51.33654022 -43.82703018 167.24609947
v -54.62519073 -39.65270996 167.24609947
v 54.62519073 -39.65270996 167.24609947
v 51.10084915 -43.62582016 171.09050560
v 51.33655167 -43.82703018 167.24609947
v -50.39986038 -43.02735901 174.83560753
v -50.96493149 -42.31010056 174.83560753
v -51.10084152 -43.62582016 171.09050560
v -54.37438965 -39.47066116 171.09050560
v 54.37440109 -39.47066116 171.09050560
v 54.37440109 -39.47066116 171.09050560
v 50.96493912 -42.31010056 174.83560753
v 51.10084915 -43.62582016 171.09050560
v 50.39986038 -43.02735901 174.83560753
v -61.13983917 -39.37665939 159.10179710
v -60.67018890 -34.95243073 162.22350121
v -61.31816101 -35.24190140 161.40860558
v -58.09841919 -43.58789062 159.10179710
v -61.31816101 -35.24190140 161.40860558
v -61.61151123 -35.29040146 161.08710289
v -58.09841919 -43.58789062 159.10179710
v -61.61151123 -35.29040146 161.08710289
v -61.13983917 -39.37665939 159.10179710
v -58.09841919 -43.58789062 159.10179710
v -54.38534164 -40.80023956 164.56619835
v 61.92100143 -35.29611969 160.77370262
v 61.58316040 -35.28762817 161.11699486
v 58.09833908 -43.58781815 159.10179710
v 61.13916016 -39.37771988 159.10179710
v 61.92100143 -35.29611969 160.77370262
v 58.09833908 -43.58781815 159.10179710
v 61.26739120 -35.22882843 161.46689415
v 54.38534927 -40.80023956 164.56619835
v 58.09833908 -43.58781815 159.10179710
v 61.58316040 -35.28762817 161.11699486
v 61.26739120 -35.22882843 161.46689415
v 58.09833908 -43.58781815 159.10179710
v -50.48846054 -42.02791977 176.54059410
v -50.96493149 -42.31010056 174.83560753
v -50.39986038 -43.02735901 174.83560753
v 50.96493912 -42.31010056 174.83560753
v 50.48846817 -42.02791977 176.54059410
v 50.39986038 -43.02735901 174.83560753
v -53.62850189 -38.92921066 174.83560753
v -50.55094910 -41.96545029 176.54059410
v -57.28005981 -32.17906189 176.54059410
v -50.96493149 -42.31010056 174.83560753
v -57.28005981 -32.17906189 176.54059410
v -57.49832153 -32.27740860 175.82520103
v -50.96493149 -42.31010056 174.83560753
v -57.49832153 -32.27740860 175.82520103
v -53.62850189 -38.92921066 174.83560753
v -50.96493149 -42.31010056 174.83560753
v -50.48846054 -42.02791977 176.54059410
v -50.55094910 -41.96545029 176.54059410
v -50.96493149 -42.31010056 174.83560753
v 53.62850189 -38.92921066 174.83560753
v 53.62850189 -38.92921066 174.83560753
v 57.49832153 -32.27740860 175.82520103
v 50.96493912 -42.31010056 174.83560753
v 57.49832153 -32.27740860 175.82520103
v 50.55096054 -41.96545029 176.54059410
v 50.96493912 -42.31010056 174.83560753
v 50.55096054 -41.96545029 176.54059410
v 50.48846817 -42.02791977 176.54059410
v 50.96493912 -42.31010056 174.83560753
v -54.11193848 -37.26116180 180.04059410
v -50.55094910 -41.96545029 176.54059410
v -50.49422073 -42.03367996 180.04059410
v -50.55094910 -41.96545029 176.54059410
v -50.48846054 -42.02791977 176.54059410
v -50.49422073 -42.03367996 180.04059410
v -53.78091049 -37.03321838 181.54059410
v -54.11193848 -37.26116180 180.04059410
v -50.49422073 -42.03367996 180.04059410
v -50.18532181 -41.77653885 181.54059410
v 50.48846817 -42.02791977 176.54059410
v 54.11193848 -37.26116180 180.04059410
v 50.49422836 -42.03367996 180.04059410
v 54.11193848 -37.26116180 180.04059410
v 50.18532181 -41.77653885 181.54059410
v 50.49422836 -42.03367996 180.04059410
v 50.55096054 -41.96545029 176.54059410
v 54.11193848 -37.26116180 180.04059410
v 50.48846817 -42.02791977 176.54059410
v -54.11193848 -37.26116180 180.04059410
v -57.28005981 -32.17906189 176.54059410
v -50.55094910 -41.96545029 176.54059410
v 57.49832153 -32.27740860 175.82520103
v 57.28007126 -32.17906189 176.54059410
v 50.55096054 -41.96545029 176.54059410
v 57.28007126 -32.17906189 176.54059410
v 57.28007126 -32.17906189 180.04059410
v 50.55096054 -41.96545029 176.54059410
v 57.28007126 -32.17906189 180.04059410
v 54.11193848 -37.26116180 180.04059410
v 50.55096054 -41.96545029 176.54059410
v -52.87651062 -36.41044998 182.63869286
v -53.78091049 -37.03321838 181.54059410
v -50.18532181 -41.77653885 181.54059410
v -49.34138870 -41.07400894 182.63869286
v 53.78091049 -37.03321838 181.54059410
v 53.78091049 -37.03321838 181.54059410
v 49.34138870 -41.07400894 182.63869286
v 50.18532181 -41.77653885 181.54059410
v -51.64107895 -35.55973816 183.04059410
v -52.87651062 -36.41044998 182.63869286
v -49.34138870 -41.07400894 182.63869286
v -48.18854904 -40.11433029 183.04059410
v 52.87651825 -36.41044998 182.63869286
v 52.87651825 -36.41044998 182.63869286
v 48.18856049 -40.11433029 183.04059410
v 49.34138870 -41.07400894 182.63869286
v -57.13837814 -36.84605026 164.56619835
v -60.14305115 -34.46332169 163.03220177
v -54.38534164 -40.80023956 164.56619835
v -60.14305115 -34.46332169 163.03220177
v -60.67018890 -34.95243073 162.22350121
v -54.38534164 -40.80023956 164.56619835
v -54.09550095 -40.58279037 165.17690086
v -57.13837814 -36.84605026 164.56619835
v -54.38534164 -40.80023956 164.56619835
v 60.69873810 -34.97145844 162.18390465
v 60.69873810 -34.97145844 162.18390465
v 60.22565079 -34.55966187 162.89420128
v 54.38534927 -40.80023956 164.56619835
v 60.22565079 -34.55966187 162.89420128
v 57.13837814 -36.84605026 164.56619835
v 54.38534927 -40.80023956 164.56619835
v 56.83385849 -36.64966965 165.17690086
v 54.09550095 -40.58279037 165.17690086
v 54.38534927 -40.80023956 164.56619835
v 57.13837814 -36.84605026 164.56619835
v -60.42351913 -30.08732986 15.24060631
v -53.85736084 -40.67074966 125.62650108
v -60.42351913 -30.08732986 15.24060631
v -53.86616135 -40.67781830 15.24060631
v 60.42351913 -30.08732986 15.24060631
v 60.42351913 -30.08732986 15.24060631
v 54.06921005 -40.40753937 125.62650108
v 53.86616135 -40.67781830 15.24060631
v 54.06921005 -40.40753937 125.62650108
v -54.06921005 -40.40753937 125.62650108
v -60.42351913 -30.08732986 15.24060631
v -53.85736084 -40.67074966 125.62650108
v -54.06921005 -40.40753937 125.62650108
v 54.06921005 -40.40753937 125.62650108
v -53.99464035 -40.50712967 165.87579918
v -54.60115814 -39.63599014 165.87579918
v -54.09550095 -40.58279037 165.17690086
v -56.83385086 -36.64966965 165.17690086
v -56.83385086 -36.64966965 165.17690086
v 56.83385849 -36.64966965 165.17690086
v 56.72790146 -36.58134079 165.87579918
v 54.09550095 -40.58279037 165.17690086
v 54.60115814 -39.63599014 165.87579918
v 53.99464035 -40.50712967 165.87579918
v -54.62519073 -39.65270996 167.24609947
v -54.60115814 -39.63599014 165.87579918
v -53.99464035 -40.50712967 165.87579918
v 54.60115814 -39.63599014 165.87579918
v 54.62519073 -39.65270996 167.24609947
v 53.99464035 -40.50712967 165.87579918
v -57.15727997 -36.00645065 126.08430290
v -56.98075867 -36.22109985 125.89939690
v -54.11174011 -40.43931961 126.08430290
v -56.98075867 -36.22109985 125.89939690
v -56.70462036 -36.62057114 125.70920372
v -54.11174011 -40.43931961 126.08430290
v -56.70462036 -36.62057114 125.70920372
v -56.65510178 -36.69533157 125.68070030
v -54.11174011 -40.43931961 126.08430290
v -56.65510178 -36.69533157 125.68070030
v -56.55551910 -36.84727859 125.62650108
v -54.11174011 -40.43931961 126.08430290
v -56.55551910 -36.84727859 125.62650108
v -54.06921005 -40.40753937 125.62650108
v -54.11174011 -40.43931961 126.08430290
v -61.02825165 -35.84608841 139.79630089
v -57.15727997 -36.00645065 126.08430290
v -54.11174011 -40.43931961 126.08430290
v 56.55553055 -36.84727859 125.62650108
v 56.65510178 -36.69533157 125.68070030
v 54.11175156 -40.43931961 126.08430290
v 54.06921005 -40.40753937 125.62650108
v 56.55553055 -36.84727859 125.62650108
v 54.11175156 -40.43931961 126.08430290
v 56.65510178 -36.69533157 125.68070030
v 56.70463181 -36.62057114 125.70920372
v 54.11175156 -40.43931961 126.08430290
v 56.70463181 -36.62057114 125.70920372
v 56.98077011 -36.22109985 125.89939690
v 54.11175156 -40.43931961 126.08430290
v 56.98077011 -36.22109985 125.89939690
v 57.15729141 -36.00645065 126.08430290
v 54.11175156 -40.43931961 126.08430290
v -56.55551910 -36.84727859 125.62650108
v -60.42351913 -30.08732986 15.24060631
v -54.06921005 -40.40753937 125.62650108
v 60.42351913 -30.08732986 15.24060631
v 56.55553055 -36.84727859 125.62650108
v 54.06921005 -40.40753937 125.62650108
v 65.13343811 -35.45655823 155.58530235
v 65.08216858 -35.42964172 155.85280418
v 62.32257080 -40.13991928 155.85919762
v 64.98731995 -35.37984085 156.34790611
v 64.81542969 -35.28958130 157.24510765
v 62.21945190 -40.07350159 153.53699303
v 65.13343811 -35.45655823 155.58530235
v 62.32257080 -40.13991928 155.85919762
v 64.63381958 -35.26612091 157.57610130
v 61.62564850 -39.69105148 158.30010033
v 62.32257080 -40.13991928 155.85919762
v 64.81542969 -35.28958130 157.24510765
v 64.63381958 -35.26612091 157.57610130
v 62.32257080 -40.13991928 155.85919762
v -65.12776184 -35.44635010 155.69370079
v -65.12152863 -35.45124817 155.62270164
v -62.32326126 -40.13885117 155.85919762
v -64.96292114 -35.57612991 153.81389427
v -64.96292114 -35.57612991 153.81389427
v -62.22013855 -40.07241821 153.53699303
v -62.32326126 -40.13885117 155.85919762
v -64.24224854 -35.21744919 158.27960777
v -64.64260101 -35.26792145 157.55649376
v -62.32326126 -40.13885117 155.85919762
v -64.81623077 -35.28979874 157.24280357
v -64.81623077 -35.28979874 157.24280357
v -65.09529114 -35.43001938 155.85519981
v -62.32326126 -40.13885117 155.85919762
v -65.12776184 -35.44635010 155.69370079
v -61.62633896 -39.68999100 158.30010033
v -64.24224854 -35.21744919 158.27960777
v -62.32326126 -40.13885117 155.85919762
v -51.64107895 -35.55973816 183.04059410
v 51.64109039 -35.55973816 183.04059410
v 51.64109039 -35.55973816 183.04059410
v 61.02825928 -35.84608841 139.79630089
v 64.89151001 -35.58427811 153.53699303
v 62.21945190 -40.07350159 153.53699303
v 64.89151001 -35.58427811 153.53699303
v 64.95928955 -35.57654190 153.79979515
v 62.21945190 -40.07350159 153.53699303
v 64.96289062 -35.57612991 153.81380272
v 64.96289062 -35.57612991 153.81380272
v -64.89148712 -35.58427811 153.53699303
v -61.02825165 -35.84608841 139.79630089
v -62.22013855 -40.07241821 153.53699303
v -64.96183014 -35.57625961 153.80960655
v -64.89148712 -35.58427811 153.53699303
v -62.22013855 -40.07241821 153.53699303
v -64.96292114 -35.57612991 153.81389427
v 64.63381958 -35.26612091 157.57610130
v 64.24681091 -35.21609879 158.28149986
v 61.62564850 -39.69105148 158.30010033
v 64.04673004 -35.19023895 158.64620018
v 64.04673004 -35.19023895 158.64620018
v 64.03250122 -35.18991852 158.66420555
v 61.62564850 -39.69105148 158.30010033
v 64.03250122 -35.18991852 158.66420555
v 61.13916016 -39.37771988 159.10179710
v 61.62564850 -39.69105148 158.30010033
v -61.13983917 -39.37665939 159.10179710
v -64.02230072 -35.18972015 158.67690086
v -61.62633896 -39.68999100 158.30010033
v -64.02230072 -35.18972015 158.67690086
v -64.24224854 -35.21744919 158.27960777
v -61.62633896 -39.68999100 158.30010033
v -57.35268021 -35.59381104 167.24609947
v -56.72789001 -36.58134079 165.87579918
v -54.62519073 -39.65270996 167.24609947
v -56.72789001 -36.58134079 165.87579918
v -54.37438965 -39.47066116 171.09050560
v -57.08935928 -35.43038940 171.09050560
v -54.62519073 -39.65270996 167.24609947
v -57.35268021 -35.59381104 167.24609947
v 54.60115814 -39.63599014 165.87579918
v 57.35268021 -35.59381104 167.24609947
v 54.62519073 -39.65270996 167.24609947
v 57.35268021 -35.59381104 167.24609947
v 54.37440109 -39.47066116 171.09050560
v 54.62519073 -39.65270996 167.24609947
v -56.72789001 -36.58134079 165.87579918
v 56.72790146 -36.58134079 165.87579918
v 57.35268021 -35.59381104 167.24609947
v 54.60115814 -39.63599014 165.87579918
v -56.30622101 -34.94437027 174.83560753
v -57.08935928 -35.43038940 171.09050560
v -54.37438965 -39.47066116 171.09050560
v -53.62850189 -38.92921066 174.83560753
v 57.08937073 -35.43038940 171.09050560
v 57.08937073 -35.43038940 171.09050560
v 53.62850189 -38.92921066 174.83560753
v 54.37440109 -39.47066116 171.09050560
v 64.03250122 -35.18991852 158.66420555
v 63.63700867 -35.19849014 159.10179710
v 61.13916016 -39.37771988 159.10179710
v 62.77936172 -35.24985886 159.93770409
v 61.92100143 -35.29611969 160.77370262
v 61.13916016 -39.37771988 159.10179710
v 63.63700867 -35.19849014 159.10179710
v -63.63700867 -35.19849014 159.10179710
v -64.02230072 -35.18972015 158.67690086
v -61.13983917 -39.37665939 159.10179710
v -62.77936172 -35.24985886 159.93770409
v -63.63700867 -35.19849014 159.10179710
v -61.13983917 -39.37665939 159.10179710
v -61.61151123 -35.29040146 161.08710289
v -61.92100143 -35.29611969 160.77370262
v -57.49832153 -32.27740860 175.82520103
v -56.30622101 -34.94437027 174.83560753
v -53.62850189 -38.92921066 174.83560753
v 56.30622864 -34.94437027 174.83560753
v 56.30622864 -34.94437027 174.83560753
v 57.49832153 -32.27740860 175.82520103
v 53.62850189 -38.92921066 174.83560753
v -57.28005981 -32.17906189 180.04059410
v -57.28005981 -32.17906189 176.54059410
v -54.11193848 -37.26116180 180.04059410
v -56.92964935 -31.98220062 181.54059410
v -57.28005981 -32.17906189 180.04059410
v -54.11193848 -37.26116180 180.04059410
v -53.78091049 -37.03321838 181.54059410
v 57.28007126 -32.17906189 180.04059410
v 53.78091049 -37.03321838 181.54059410
v 54.11193848 -37.26116180 180.04059410
v -55.97230148 -31.44437027 182.63869286
v -56.92964935 -31.98220062 181.54059410
v -53.78091049 -37.03321838 181.54059410
v -52.87651062 -36.41044998 182.63869286
v 56.92966080 -31.98220062 181.54059410
v 56.92966080 -31.98220062 181.54059410
v 52.87651825 -36.41044998 182.63869286
v 53.78091049 -37.03321838 181.54059410
v -56.56703186 -36.82960129 125.62930107
v -60.42351913 -30.08732986 15.24060631
v -56.55551910 -36.84727859 125.62650108
v -56.65510178 -36.69533157 125.68070030
v -56.56703186 -36.82960129 125.62930107
v -56.55551910 -36.84727859 125.62650108
v 60.42351913 -30.08732986 15.24060631
v 56.56703949 -36.82960129 125.62930107
v 56.55553055 -36.84727859 125.62650108
v 56.56703949 -36.82960129 125.62930107
v 56.65510178 -36.69533157 125.68070030
v 56.55553055 -36.84727859 125.62650108
v -59.40439987 -33.06877136 164.56619835
v -60.14305115 -34.46332169 163.03220177
v -57.13837814 -36.84605026 164.56619835
v -56.83385086 -36.64966965 165.17690086
v -59.40439987 -33.06877136 164.56619835
v -57.13837814 -36.84605026 164.56619835
v 60.22565079 -34.55966187 162.89420128
v 59.83914948 -34.02584076 163.58719444
v 57.13837814 -36.84605026 164.56619835
v 59.40439987 -33.06877136 164.56619835
v 59.40439987 -33.06877136 164.56619835
v 56.83385849 -36.64966965 165.17690086
v 57.13837814 -36.84605026 164.56619835
v -56.68460083 -36.64710999 125.66160393
v -60.42351913 -30.08732986 15.24060631
v -56.56703186 -36.82960129 125.62930107
v -56.65510178 -36.69533157 125.68070030
v -56.68460083 -36.64710999 125.66160393
v -56.56703186 -36.82960129 125.62930107
v 56.70143890 -36.61692047 125.67850304
v 56.56703949 -36.82960129 125.62930107
v 56.70143890 -36.61692047 125.67850304
v 56.65510178 -36.69533157 125.68070030
v 56.56703949 -36.82960129 125.62930107
v -56.70462036 -36.62057114 125.70920372
v -56.68460083 -36.64710999 125.66160393
v -56.65510178 -36.69533157 125.68070030
v 56.70143890 -36.61692047 125.67850304
v 56.70463181 -36.62057114 125.70920372
v 56.65510178 -36.69533157 125.68070030
v -60.15473938 -30.95002937 165.11629295
v -59.76419067 -32.01390839 164.82449913
v -56.83385086 -36.64966965 165.17690086
v -60.05379105 -30.81868935 165.87579918
v -60.14841080 -30.69175911 165.55190086
v -56.83385086 -36.64966965 165.17690086
v -60.14841080 -30.69175911 165.55190086
v -60.22705841 -30.75757027 165.17709923
v -56.83385086 -36.64966965 165.17690086
v -60.22705841 -30.75757027 165.17709923
v -60.20024872 -30.83061028 165.15149498
v -56.83385086 -36.64966965 165.17690086
v -60.20024872 -30.83061028 165.15149498
v -60.15473938 -30.95002937 165.11629295
v -56.83385086 -36.64966965 165.17690086
v -56.72789001 -36.58134079 165.87579918
v -60.05379105 -30.81868935 165.87579918
v -56.83385086 -36.64966965 165.17690086
v -59.76419067 -32.01390839 164.82449913
v -59.40439987 -33.06877136 164.56619835
v -56.83385086 -36.64966965 165.17690086
v 59.40439987 -33.06877136 164.56619835
v 59.28678894 -32.53248978 165.17690086
v 56.83385849 -36.64966965 165.17690086
v 59.28678894 -32.53248978 165.17690086
v 59.17625046 -32.47183990 165.87579918
v 56.83385849 -36.64966965 165.17690086
v 56.72790146 -36.58134079 165.87579918
v -56.74948120 -36.54639053 125.67940331
v -56.70462036 -36.62057114 125.70920372
v -56.74948120 -36.54639053 125.67940331
v -56.68460083 -36.64710999 125.66160393
v -56.92073059 -36.28055954 125.72640038
v -56.98075867 -36.22109985 125.89939690
v -56.92073059 -36.28055954 125.72640038
v -56.70462036 -36.62057114 125.70920372
v 56.77613068 -36.49871826 125.70580101
v 56.98077011 -36.22109985 125.89939690
v 56.70463181 -36.62057114 125.70920372
v 56.70143890 -36.61692047 125.67850304
v 56.77613068 -36.49871826 125.70580101
v 56.70463181 -36.62057114 125.70920372
v 56.77613068 -36.49871826 125.70580101
v -59.86566925 -31.18252945 166.56520653
v -60.05379105 -30.81868935 165.87579918
v -56.72789001 -36.58134079 165.87579918
v -57.35268021 -35.59381104 167.24609947
v -59.66635132 -31.56225967 167.24609947
v -56.72789001 -36.58134079 165.87579918
v -59.66635132 -31.56225967 167.24609947
v 59.66635132 -31.56225967 167.24609947
v 57.35268021 -35.59381104 167.24609947
v 56.72790146 -36.58134079 165.87579918
v 59.17625046 -32.47183990 165.87579918
v 59.66635132 -31.56225967 167.24609947
v 56.72790146 -36.58134079 165.87579918
v -56.92073059 -36.28055954 125.72640038
v 57.21606064 -35.80253983 125.86669731
v 57.21606064 -35.80253983 125.86669731
v 56.98077011 -36.22109985 125.89939690
v 56.77613068 -36.49871826 125.70580101
v -54.66453171 -30.70969009 183.04059410
v -55.97230148 -31.44437027 182.63869286
v -52.87651062 -36.41044998 182.63869286
v -51.64107895 -35.55973816 183.04059410
v 55.97230148 -31.44437027 182.63869286
v 55.97230148 -31.44437027 182.63869286
v 51.64109039 -35.55973816 183.04059410
v 52.87651825 -36.41044998 182.63869286
v -57.18046188 -35.86510086 125.83479881
v -56.92073059 -36.28055954 125.72640038
v -56.98075867 -36.22109985 125.89939690
v -57.18046188 -35.86510086 125.83479881
v -56.92073059 -36.28055954 125.72640038
v -57.15727997 -36.00645065 126.08430290
v -57.18046188 -35.86510086 125.83479881
v -56.98075867 -36.22109985 125.89939690
v 57.21606064 -35.80253983 125.86669731
v 57.15729141 -36.00645065 126.08430290
v 56.98077011 -36.22109985 125.89939690
v -57.79460144 -34.87165833 126.16489983
v -57.54560852 -35.28102875 125.98720360
v -57.15727997 -36.00645065 126.08430290
v -61.02825165 -35.84608841 139.79630089
v -57.79460144 -34.87165833 126.16489983
v -57.15727997 -36.00645065 126.08430290
v -57.54560852 -35.28102875 125.98720360
v -57.18046188 -35.86510086 125.83479881
v -57.15727997 -36.00645065 126.08430290
v 57.54561996 -35.28102875 125.98720360
v 61.02825928 -35.84608841 139.79630089
v 57.15729141 -36.00645065 126.08430290
v 57.21606064 -35.80253983 125.86669731
v 57.54561996 -35.28102875 125.98720360
v 57.15729141 -36.00645065 126.08430290
v -57.54560852 -35.28102875 125.98720360
v -58.43830109 -33.78186035 126.96610069
v -57.79460144 -34.87165833 126.16489983
v -61.02825165 -35.84608841 139.79630089
v -58.59206009 -33.50870132 127.28670311
v -58.43830109 -33.78186035 126.96610069
v -61.02825165 -35.84608841 139.79630089
v -64.89148712 -35.58427811 153.53699303
v -65.04895020 -35.15634918 153.49219322
v -61.02825165 -35.84608841 139.79630089
v -61.96583939 -33.46522141 139.54980278
v -58.59206009 -33.50870132 127.28670311
v -61.02825165 -35.84608841 139.79630089
v -65.04895020 -35.15634918 153.49219322
v 57.54561996 -35.28102875 125.98720360
v 58.27371979 -34.06499100 126.71459770
v 61.02825928 -35.84608841 139.79630089
v 58.27371979 -34.06499100 126.71459770
v 61.96585083 -33.46522141 139.54980278
v 61.02825928 -35.84608841 139.79630089
v 65.31990051 -34.42002869 153.41519737
v 65.31990051 -34.42002869 153.41519737
v 65.04911804 -35.15586853 153.49219322
v 61.02825928 -35.84608841 139.79630089
v 64.89151001 -35.58427811 153.53699303
v 57.54561996 -35.28102875 125.98720360
v -59.02959061 -32.33747101 170.28520775
v -59.27891159 -32.11626816 169.20509911
v -57.35268021 -35.59381104 167.24609947
v -59.27891159 -32.11626816 169.20509911
v -59.49929047 -31.84056091 168.14299583
v -57.35268021 -35.59381104 167.24609947
v -59.49929047 -31.84056091 168.14299583
v -59.58538055 -31.70601082 167.69240379
v -57.35268021 -35.59381104 167.24609947
v -59.58538055 -31.70601082 167.69240379
v -59.66635132 -31.56225967 167.24609947
v -57.35268021 -35.59381104 167.24609947
v -57.08935928 -35.43038940 171.09050560
v -58.82469940 -32.41749954 171.08640099
v -57.35268021 -35.59381104 167.24609947
v -58.82469940 -32.41749954 171.08640099
v -59.02959061 -32.33747101 170.28520775
v -57.35268021 -35.59381104 167.24609947
v 59.27891159 -32.11626816 169.20509911
v 59.02959061 -32.33747101 170.28520775
v 57.35268021 -35.59381104 167.24609947
v 59.66635132 -31.56225967 167.24609947
v 59.58538818 -31.70601082 167.69240379
v 57.35268021 -35.59381104 167.24609947
v 59.58538818 -31.70601082 167.69240379
v 59.49929047 -31.84056091 168.14299583
v 57.35268021 -35.59381104 167.24609947
v 59.49929047 -31.84056091 168.14299583
v 59.27891159 -32.11626816 169.20509911
v 57.35268021 -35.59381104 167.24609947
v 59.02959061 -32.33747101 170.28520775
v 57.08937073 -35.43038940 171.09050560
v 57.35268021 -35.59381104 167.24609947
v -64.96183014 -35.57625961 153.80960655
v -65.04895020 -35.15634918 153.49219322
v -64.89148712 -35.58427811 153.53699303
v 65.15753174 -35.16041946 153.72510338
v 64.95928955 -35.57654190 153.79979515
v 64.89151001 -35.58427811 153.53699303
v 65.04911804 -35.15586853 153.49219322
v 65.15753174 -35.16041946 153.72510338
v 64.89151001 -35.58427811 153.53699303
v 65.12568665 -35.14173126 153.77330589
v 64.96289062 -35.57612991 153.81380272
v 64.95928955 -35.57654190 153.79979515
v 65.15753174 -35.16041946 153.72510338
v 65.12568665 -35.14173126 153.77330589
v 64.95928955 -35.57654190 153.79979515
v -65.15985107 -35.15948868 153.73290062
v -65.04895020 -35.15634918 153.49219322
v -64.96183014 -35.57625961 153.80960655
v -65.16429138 -35.15591812 153.76419640
v -65.15985107 -35.15948868 153.73290062
v -64.96183014 -35.57625961 153.80960655
v -64.96292114 -35.57612991 153.81389427
v -65.16429138 -35.15591812 153.76419640
v -64.96183014 -35.57625961 153.80960655
v 65.12568665 -35.14173126 153.77330589
v 65.13343811 -35.45655823 155.58530235
v 64.96289062 -35.57612991 153.81380272
v -65.12152863 -35.45124817 155.62270164
v -65.16429138 -35.15591812 153.76419640
v -64.96292114 -35.57612991 153.81389427
v -54.66453171 -30.70969009 183.04059410
v 54.66453934 -30.70969009 183.04059410
v 54.66453934 -30.70969009 183.04059410
v 65.99108124 -33.37004089 155.04599571
v 65.08216858 -35.42964172 155.85280418
v 65.13343811 -35.45655823 155.58530235
v 65.40135193 -34.40613937 153.70470238
v 65.40135193 -34.40613937 153.70470238
v 65.99108124 -33.37004089 155.04599571
v 65.13343811 -35.45655823 155.58530235
v -65.12776184 -35.44635010 155.69370079
v -65.28617096 -35.15779877 155.62459373
v -65.12152863 -35.45124817 155.62270164
v -65.28617096 -35.15779877 155.62459373
v -65.16429138 -35.15591812 153.76419640
v -65.12152863 -35.45124817 155.62270164
v -65.09529114 -35.43001938 155.85519981
v -65.28617096 -35.15779877 155.62459373
v -65.12776184 -35.44635010 155.69370079
v -58.46355820 -32.55855179 172.49840355
v -58.82469940 -32.41749954 171.08640099
v -57.08935928 -35.43038940 171.09050560
v -57.82706833 -32.42650986 174.74559593
v -58.46355820 -32.55855179 172.49840355
v -57.08935928 -35.43038940 171.09050560
v -56.30622101 -34.94437027 174.83560753
v -57.82706833 -32.42650986 174.74559593
v -57.08935928 -35.43038940 171.09050560
v 59.02959061 -32.33747101 170.28520775
v 58.82471085 -32.41749954 171.08640099
v 57.08937073 -35.43038940 171.09050560
v 58.46356964 -32.55855179 172.49840355
v 58.46356964 -32.55855179 172.49840355
v 56.30622864 -34.94437027 174.83560753
v 57.08937073 -35.43038940 171.09050560
v -64.81623077 -35.28979874 157.24280357
v -64.80581665 -35.00880051 157.59760094
v -65.09529114 -35.43001938 155.85519981
v -64.80581665 -35.00880051 157.59760094
v -65.28617096 -35.15779877 155.62459373
v -65.09529114 -35.43001938 155.85519981
v 65.99108124 -33.37004089 155.04599571
v 65.82170105 -33.39516830 156.48799706
v 65.08216858 -35.42964172 155.85280418
v 65.82170105 -33.39516830 156.48799706
v 64.98731995 -35.37984085 156.34790611
v 65.08216858 -35.42964172 155.85280418
v 64.81542969 -35.28958130 157.24510765
v -61.61151123 -35.29040146 161.08710289
v -62.30450821 -33.45970154 161.15869713
v -61.92100143 -35.29611969 160.77370262
v -62.77936172 -35.24985886 159.93770409
v 62.11309814 -33.44461823 161.35869408
v 61.58316040 -35.28762817 161.11699486
v 61.92100143 -35.29611969 160.77370262
v 62.30451965 -33.45970154 161.15869713
v 62.11309814 -33.44461823 161.35869408
v 61.92100143 -35.29611969 160.77370262
v 62.77936172 -35.24985886 159.93770409
v 62.30451965 -33.45970154 161.15869713
v -62.12905884 -33.44784164 161.34110069
v -62.30450821 -33.45970154 161.15869713
v -61.61151123 -35.29040146 161.08710289
v -61.31816101 -35.24190140 161.40860558
v -62.12905884 -33.44784164 161.34110069
v -61.61151123 -35.29040146 161.08710289
v -64.64260101 -35.26792145 157.55649376
v -64.80581665 -35.00880051 157.59760094
v -64.81623077 -35.28979874 157.24280357
v 65.30776215 -33.40621185 157.84200096
v 64.63381958 -35.26612091 157.57610130
v 64.81542969 -35.28958130 157.24510765
v 65.82170105 -33.39516830 156.48799706
v 65.30776215 -33.40621185 157.84200096
v 64.81542969 -35.28958130 157.24510765
v 61.93659973 -33.38227844 161.56439781
v 61.26739120 -35.22882843 161.46689415
v 61.58316040 -35.28762817 161.11699486
v 61.93659973 -33.38227844 161.56439781
v 61.58316040 -35.28762817 161.11699486
v -57.79460144 -34.87165833 126.16489983
v -60.42351913 -30.08732986 15.24060631
v -57.54560852 -35.28102875 125.98720360
v 60.42351913 -30.08732986 15.24060631
v 58.27371979 -34.06499100 126.71459770
v 57.54561996 -35.28102875 125.98720360
v -64.24224854 -35.21744919 158.27960777
v 64.24681091 -35.21609879 158.28149986
v -64.04322815 -32.95159149 159.53439903
v -63.95714188 -33.42773819 159.44269371
v -62.77936172 -35.24985886 159.93770409
v -63.79481888 -34.32558823 159.26990318
v -63.68637085 -34.92539978 159.15439415
v -63.63700867 -35.19849014 159.10179710
v -63.26744080 -31.54961014 160.45340538
v -64.04322815 -32.95159149 159.53439903
v -62.77936172 -35.24985886 159.93770409
v -62.30450821 -33.45970154 161.15869713
v -63.26744080 -31.54961014 160.45340538
v -62.77936172 -35.24985886 159.93770409
v 63.92847824 -33.85763931 159.40570641
v 63.95959091 -33.44107056 159.44380760
v 62.77936172 -35.24985886 159.93770409
v 63.63700867 -35.19849014 159.10179710
v 63.92847824 -33.85763931 159.40570641
v 62.77936172 -35.24985886 159.93770409
v 63.95959091 -33.44107056 159.44380760
v 63.26744843 -31.54961014 160.45340538
v 62.77936172 -35.24985886 159.93770409
v 63.26744843 -31.54961014 160.45340538
v 62.43312836 -31.55336952 161.28940392
v 62.77936172 -35.24985886 159.93770409
v 62.43312836 -31.55336952 161.28940392
v 62.30451965 -33.45970154 161.15869713
v 62.77936172 -35.24985886 159.93770409
v -61.96480179 -33.39574051 161.53000450
v -61.31816101 -35.24190140 161.40860558
v -60.67018890 -34.95243073 162.22350121
v -61.96480179 -33.39574051 161.53000450
v -61.31816101 -35.24190140 161.40860558
v 61.62633896 -33.12641907 161.99089622
v 60.69873810 -34.97145844 162.18390465
v 61.26739120 -35.22882843 161.46689415
v 61.62633896 -33.12641907 161.99089622
v -64.06040955 -35.03520966 158.70419884
v -64.80581665 -35.00880051 157.59760094
v -64.24224854 -35.21744919 158.27960777
v -64.02230072 -35.18972015 158.67690086
v -64.06040955 -35.03520966 158.70419884
v -64.24224854 -35.21744919 158.27960777
v 64.45382690 -33.38167191 158.98009300
v 64.04673004 -35.19023895 158.64620018
v 64.24681091 -35.21609879 158.28149986
v 65.30776215 -33.40621185 157.84200096
v 64.45382690 -33.38167191 158.98009300
v 64.24681091 -35.21609879 158.28149986
v -64.06040955 -35.03520966 158.70419884
v -64.02230072 -35.18972015 158.67690086
v -63.63700867 -35.19849014 159.10179710
v -63.68637085 -34.92539978 159.15439415
v -64.06040955 -35.03520966 158.70419884
v -63.63700867 -35.19849014 159.10179710
v 64.03250122 -35.18991852 158.66420555
v 63.92847824 -33.85763931 159.40570641
v 63.63700867 -35.19849014 159.10179710
v 64.43138123 -33.63951111 158.96329308
v 64.03250122 -35.18991852 158.66420555
v 64.04673004 -35.19023895 158.64620018
v 64.45382690 -33.38167191 158.98009300
v 64.43138123 -33.63951111 158.96329308
v 64.04673004 -35.19023895 158.64620018
v 64.43138123 -33.63951111 158.96329308
v 63.92847824 -33.85763931 159.40570641
v 64.03250122 -35.18991852 158.66420555
v 65.44667053 -34.43661880 153.61009789
v 65.12568665 -35.14173126 153.77330589
v 65.15753174 -35.16041946 153.72510338
v 65.31990051 -34.42002869 153.41519737
v 65.31990051 -34.42002869 153.41519737
v 65.44667053 -34.43661880 153.61009789
v 65.15753174 -35.16041946 153.72510338
v -65.17096710 -35.14199066 153.76250267
v -65.23696136 -35.00426102 153.74629784
v -65.23696136 -35.00426102 153.74629784
v -65.44818115 -34.43581009 153.61490440
v -65.15985107 -35.15948868 153.73290062
v -65.44818115 -34.43581009 153.61490440
v -65.04895020 -35.15634918 153.49219322
v -65.15985107 -35.15948868 153.73290062
v -65.17096710 -35.14199066 153.76250267
v -65.16429138 -35.15591812 153.76419640
v -65.28617096 -35.15779877 155.62459373
v -65.23696136 -35.00426102 153.74629784
v -65.61074829 -34.44234848 155.63159752
v -65.42572021 -34.41019821 153.69940758
v -65.28617096 -35.15779877 155.62459373
v -65.42572021 -34.41019821 153.69940758
v -65.42366791 -34.41667175 153.69989586
v -65.28617096 -35.15779877 155.62459373
v -65.42366791 -34.41667175 153.69989586
v -65.23696136 -35.00426102 153.74629784
v -65.28617096 -35.15779877 155.62459373
v -64.80581665 -35.00880051 157.59760094
v -65.61074829 -34.44234848 155.63159752
v -65.28617096 -35.15779877 155.62459373
v -65.31977081 -34.42031097 153.41530418
v -61.96583939 -33.46522141 139.54980278
v -65.04895020 -35.15634918 153.49219322
v -65.44818115 -34.43581009 153.61490440
v -65.31977081 -34.42031097 153.41530418
v -65.04895020 -35.15634918 153.49219322
v 65.44667053 -34.43661880 153.61009789
v 65.40135193 -34.40613937 153.70470238
v 65.12568665 -35.14173126 153.77330589
v -64.10585022 -34.85726166 158.78470421
v -64.10788727 -34.84268951 158.73819542
v -64.06040955 -35.03520966 158.70419884
v -63.68637085 -34.92539978 159.15439415
v -64.10585022 -34.85726166 158.78470421
v -64.06040955 -35.03520966 158.70419884
v -64.10788727 -34.84268951 158.73819542
v -64.80581665 -35.00880051 157.59760094
v -64.06040955 -35.03520966 158.70419884
v -64.11593628 -34.81003952 158.74390221
v -64.25579071 -34.24298859 158.84399986
v -64.25579071 -34.24298859 158.84399986
v -65.11653137 -34.28797150 157.63959312
v -64.80581665 -35.00880051 157.59760094
v -65.11653137 -34.28797150 157.63959312
v -65.42366791 -34.41667175 153.69989586
v -65.44818115 -34.43581009 153.61490440
v -65.23696136 -35.00426102 153.74629784
v 61.37854004 -32.72624969 162.41780663
v 60.22565079 -34.55966187 162.89420128
v 60.69873810 -34.97145844 162.18390465
v 61.62633896 -33.12641907 161.99089622
v 61.37854004 -32.72624969 162.41780663
v 60.69873810 -34.97145844 162.18390465
v -61.61108017 -33.10778046 162.01450157
v -61.96480179 -33.39574051 161.53000450
v -60.67018890 -34.95243073 162.22350121
v -60.14305115 -34.46332169 163.03220177
v -61.61108017 -33.10778046 162.01450157
v -60.67018890 -34.95243073 162.22350121
v -57.80022049 -32.41349030 174.83560753
v -57.82706833 -32.42650986 174.74559593
v -56.30622101 -34.94437027 174.83560753
v -57.49832153 -32.27740860 175.82520103
v -57.80022049 -32.41349030 174.83560753
v -56.30622101 -34.94437027 174.83560753
v 57.82707977 -32.42650986 174.74559593
v 57.80022049 -32.41349030 174.83560753
v 56.30622864 -34.94437027 174.83560753
v 58.46356964 -32.55855179 172.49840355
v 57.82707977 -32.42650986 174.74559593
v 56.30622864 -34.94437027 174.83560753
v 57.80022049 -32.41349030 174.83560753
v 57.49832153 -32.27740860 175.82520103
v 56.30622864 -34.94437027 174.83560753
v -63.79481888 -34.32558823 159.26990318
v -64.10585022 -34.85726166 158.78470421
v -63.68637085 -34.92539978 159.15439415
v -58.43830109 -33.78186035 126.96610069
v -60.42351913 -30.08732986 15.24060631
v -57.79460144 -34.87165833 126.16489983
v -64.11593628 -34.81003952 158.74390221
v -63.79481888 -34.32558823 159.26990318
v -64.18763733 -34.27830887 158.98079491
v -64.10585022 -34.85726166 158.78470421
v -64.18763733 -34.27830887 158.98079491
v -64.25579071 -34.24298859 158.84399986
v -64.10585022 -34.85726166 158.78470421
v -64.25579071 -34.24298859 158.84399986
v 61.18666840 -32.21239853 162.83699608
v 59.83914948 -34.02584076 163.58719444
v 60.22565079 -34.55966187 162.89420128
v 61.37854004 -32.72624969 162.41780663
v 61.18666840 -32.21239853 162.83699608
v 60.22565079 -34.55966187 162.89420128
v -61.33657837 -32.63323975 162.50110435
v -61.61108017 -33.10778046 162.01450157
v -60.14305115 -34.46332169 163.03220177
v -59.40439987 -33.06877136 164.56619835
v -61.33657837 -32.63323975 162.50110435
v -60.14305115 -34.46332169 163.03220177
v -65.98114777 -33.32699966 155.62999535
v -65.42572021 -34.41019821 153.69940758
v -65.61074829 -34.44234848 155.63159752
v -65.11653137 -34.28797150 157.63959312
v -65.98114777 -33.32699966 155.62999535
v -65.61074829 -34.44234848 155.63159752
v 65.80458069 -33.33020020 153.60449791
v 65.77252197 -33.31010818 153.46480370
v 65.80458069 -33.33020020 153.60449791
v 65.44667053 -34.43661880 153.61009789
v 65.31990051 -34.42002869 153.41519737
v 65.72550201 -33.31769180 153.29999352
v 65.44667053 -34.43661880 153.61009789
v 65.72550201 -33.31769180 153.29999352
v -65.42572021 -34.41019821 153.69940758
v -65.77246094 -33.31050110 153.46489525
v -65.44818115 -34.43581009 153.61490440
v -65.42572021 -34.41019821 153.69940758
v -65.77246094 -33.31050110 153.46489525
v -65.31977081 -34.42031097 153.41530418
v -65.44818115 -34.43581009 153.61490440
v -65.72512054 -33.31872177 153.30010033
v -65.77246094 -33.31050110 153.46489525
v 61.96585083 -33.46522141 139.54980278
v 65.72550201 -33.31769180 153.29999352
v 65.31990051 -34.42002869 153.41519737
v -65.77816010 -33.30110168 153.61180687
v -65.77246094 -33.31050110 153.46489525
v -65.42572021 -34.41019821 153.69940758
v -65.98114777 -33.32699966 155.62999535
v -65.77816010 -33.30110168 153.61180687
v -65.42572021 -34.41019821 153.69940758
v 65.80458069 -33.33020020 153.60449791
v 65.99108124 -33.37004089 155.04599571
v 65.40135193 -34.40613937 153.70470238
v -63.95714188 -33.42773819 159.44269371
v -64.18763733 -34.27830887 158.98079491
v -63.79481888 -34.32558823 159.26990318
v -64.47673035 -33.34712982 159.00220299
v -65.46546936 -33.16724014 157.65019798
v -65.11653137 -34.28797150 157.63959312
v -64.25579071 -34.24298859 158.84399986
v -64.30229187 -34.05442810 158.87729454
v -65.11653137 -34.28797150 157.63959312
v -64.47673035 -33.34712982 159.00220299
v -65.46546936 -33.16724014 157.65019798
v -65.98114777 -33.32699966 155.62999535
v -65.11653137 -34.28797150 157.63959312
v -63.95714188 -33.42773819 159.44269371
v -64.25205231 -33.39007187 159.22060204
v -64.18763733 -34.27830887 158.98079491
v -64.25205231 -33.39007187 159.22060204
v -64.47673035 -33.34712982 159.00220299
v -64.18763733 -34.27830887 158.98079491
v -64.47673035 -33.34712982 159.00220299
v -64.30229187 -34.05442810 158.87729454
v -64.18763733 -34.27830887 158.98079491
v -64.25579071 -34.24298859 158.84399986
v 60.42351913 -30.08732986 15.24060631
v 58.59257126 -33.50817108 127.28480339
v 58.27371979 -34.06499100 126.71459770
v 58.59257126 -33.50817108 127.28480339
v 61.96585083 -33.46522141 139.54980278
v 58.27371979 -34.06499100 126.71459770
v 60.99013901 -31.29682922 163.43170738
v 59.40439987 -33.06877136 164.56619835
v 59.83914948 -34.02584076 163.58719444
v 61.18666840 -32.21239853 162.83699608
v 60.99013901 -31.29682922 163.43170738
v 59.83914948 -34.02584076 163.58719444
v 64.45382690 -33.38167191 158.98009300
v 63.95959091 -33.44107056 159.44380760
v 63.92847824 -33.85763931 159.40570641
v 64.43138123 -33.63951111 158.96329308
v 64.45382690 -33.38167191 158.98009300
v 63.92847824 -33.85763931 159.40570641
v -58.59206009 -33.50870132 127.28670311
v -60.42351913 -30.08732986 15.24060631
v -58.43830109 -33.78186035 126.96610069
v -59.19752121 -32.43304825 128.54910088
v -61.96583939 -33.46522141 139.54980278
v -59.19752121 -32.43304825 128.54910088
v -58.59206009 -33.50870132 127.28670311
v 58.87356949 -33.01744843 127.78729820
v 58.87356949 -33.01744843 127.78729820
v -62.28678131 -30.91588020 139.47089958
v -60.02774048 -30.86939049 131.12990379
v -61.96583939 -33.46522141 139.54980278
v -60.02774048 -30.86939049 131.12990379
v -59.19752121 -32.43304825 128.54910088
v -61.96583939 -33.46522141 139.54980278
v -65.72641754 -33.31517029 153.29970360
v -65.72641754 -33.31517029 153.29970360
v 58.87356949 -33.01744843 127.78729820
v 59.29766083 -32.24961090 128.81130028
v 61.96585083 -33.46522141 139.54980278
v 59.29766083 -32.24961090 128.81130028
v 62.28678894 -30.91588020 139.47089958
v 61.96585083 -33.46522141 139.54980278
v 62.28678894 -30.91588020 139.47089958
v 66.00830078 -30.90373039 153.21150780
v 61.96585083 -33.46522141 139.54980278
v 66.00830078 -30.90373039 153.21150780
v 65.72644043 -33.31517029 153.29970360
v 61.96585083 -33.46522141 139.54980278
v 65.72644043 -33.31517029 153.29970360
v -62.12905884 -33.44784164 161.34110069
v -62.43312836 -31.55336952 161.28940392
v -62.30450821 -33.45970154 161.15869713
v -62.43312836 -31.55336952 161.28940392
v -63.26744080 -31.54961014 160.45340538
v -62.30450821 -33.45970154 161.15869713
v 62.37825012 -31.53008080 161.34670067
v 62.11309814 -33.44461823 161.35869408
v 62.30451965 -33.45970154 161.15869713
v 62.43312836 -31.55336952 161.28940392
v 62.37825012 -31.53008080 161.34670067
v 62.30451965 -33.45970154 161.15869713
v -62.38285828 -31.53392982 161.34160423
v -62.43312836 -31.55336952 161.28940392
v -62.12905884 -33.44784164 161.34110069
v -61.96480179 -33.39574051 161.53000450
v -62.38285828 -31.53392982 161.34160423
v -62.12905884 -33.44784164 161.34110069
v 62.32654953 -31.46146011 161.40489769
v 61.93659973 -33.38227844 161.56439781
v 62.11309814 -33.44461823 161.35869408
v 62.37825012 -31.53008080 161.34670067
v 62.32654953 -31.46146011 161.40489769
v 62.11309814 -33.44461823 161.35869408
v 64.10160065 -31.54042053 159.61760521
v 63.26744843 -31.54961014 160.45340538
v 63.95959091 -33.44107056 159.44380760
v 64.45382690 -33.38167191 158.98009300
v 64.45751953 -33.33917999 158.98290062
v 63.95959091 -33.44107056 159.44380760
v 64.61631775 -31.51432037 159.10179710
v 64.61631775 -31.51432037 159.10179710
v 64.10160065 -31.54042053 159.61760521
v 63.95959091 -33.44107056 159.44380760
v -64.04322815 -32.95159149 159.53439903
v 65.55999756 -31.36590004 157.85539818
v 65.52558899 -31.37130928 157.90079308
v 65.30776215 -33.40621185 157.84200096
v 64.45751953 -33.33917999 158.98290062
v 64.45382690 -33.38167191 158.98009300
v 65.30776215 -33.40621185 157.84200096
v 65.52558899 -31.37130928 157.90079308
v 64.45751953 -33.33917999 158.98290062
v 65.30776215 -33.40621185 157.84200096
v 65.82170105 -33.39516830 156.48799706
v 65.68132019 -31.32167053 157.53859520
v 65.30776215 -33.40621185 157.84200096
v 65.68132019 -31.32167053 157.53859520
v 65.55999756 -31.36590004 157.85539818
v 65.30776215 -33.40621185 157.84200096
v -62.33488846 -31.47582054 161.39519310
v -62.38285828 -31.53392982 161.34160423
v -61.96480179 -33.39574051 161.53000450
v -61.61108017 -33.10778046 162.01450157
v -62.33488846 -31.47582054 161.39519310
v -61.96480179 -33.39574051 161.53000450
v 65.99108124 -33.37004089 155.04599571
v 66.15792847 -31.14794922 156.29419518
v 65.82170105 -33.39516830 156.48799706
v 66.15792847 -31.14794922 156.29419518
v 66.07563019 -31.17795944 156.50909996
v 65.82170105 -33.39516830 156.48799706
v 65.68132019 -31.32167053 157.53859520
v -64.19216156 -31.53582001 159.52680016
v -64.61631012 -31.51432037 159.10179710
v -64.25205231 -33.39007187 159.22060204
v -64.61631012 -31.51432037 159.10179710
v -64.51071167 -32.90967178 159.02640343
v -64.25205231 -33.39007187 159.22060204
v -64.04322815 -32.95159149 159.53439903
v -64.19216156 -31.53582001 159.52680016
v -64.25205231 -33.39007187 159.22060204
v -64.47798920 -33.34201813 159.00310326
v -64.47798920 -33.34201813 159.00310326
v -64.47673035 -33.34712982 159.00220299
v -64.25205231 -33.39007187 159.22060204
v 62.23231125 -31.19845009 161.52440453
v 61.62633896 -33.12641907 161.99089622
v 61.93659973 -33.38227844 161.56439781
v 62.32654953 -31.46146011 161.40489769
v 62.23231125 -31.19845009 161.52440453
v 61.93659973 -33.38227844 161.56439781
v 65.80786133 -33.30289078 153.60370445
v 66.24584198 -31.01227951 155.02770042
v 65.99108124 -33.37004089 155.04599571
v 65.80741882 -33.30649948 153.60379601
v 65.80786133 -33.30289078 153.60370445
v 65.99108124 -33.37004089 155.04599571
v 65.80458069 -33.33020020 153.60449791
v 65.80741882 -33.30649948 153.60379601
v 65.99108124 -33.37004089 155.04599571
v 66.24584198 -31.01227951 155.02770042
v 66.21830750 -31.05476952 155.42430687
v 65.99108124 -33.37004089 155.04599571
v 66.15792847 -31.14794922 156.29419518
v -64.47798920 -33.34201813 159.00310326
v -65.46546936 -33.16724014 157.65019798
v -64.47673035 -33.34712982 159.00220299
v -64.51071167 -32.90967178 159.02640343
v -65.46546936 -33.16724014 157.65019798
v -64.47798920 -33.34201813 159.00310326
v 65.52558899 -31.37130928 157.90079308
v 64.61631775 -31.51432037 159.10179710
v 64.45751953 -33.33917999 158.98290062
v 65.77252197 -33.31010818 153.46480370
v 65.80741882 -33.30649948 153.60379601
v 65.80458069 -33.33020020 153.60449791
v -66.03852081 -31.20828056 156.74260521
v -66.22756195 -31.06600952 155.56360435
v -65.98114777 -33.32699966 155.62999535
v -65.88993073 -32.94935989 153.58409691
v -65.78079224 -33.29280090 153.61119652
v -66.29550171 -31.01486969 155.13989830
v -65.88993073 -32.94935989 153.58409691
v -65.98114777 -33.32699966 155.62999535
v -66.25003052 -31.04910088 155.42349815
v -66.29550171 -31.01486969 155.13989830
v -65.46546936 -33.16724014 157.65019798
v -66.03852081 -31.20828056 156.74260521
v -65.98114777 -33.32699966 155.62999535
v -65.77246094 -33.31050110 153.46489525
v -65.72641754 -33.31517029 153.29970360
v -65.72512054 -33.31872177 153.30010033
v 65.77252197 -33.31010818 153.46480370
v -66.00830078 -30.90373039 153.21150780
v -62.28678131 -30.91588020 139.47089958
v -65.72641754 -33.31517029 153.29970360
v -65.77246094 -33.31050110 153.46489525
v 66.02536011 -30.90427971 153.27449608
v 65.77252197 -33.31010818 153.46480370
v -65.78079224 -33.29280090 153.61119652
v -65.88993073 -32.94935989 153.58409691
v -66.02266693 -30.90419006 153.26459312
v -65.88993073 -32.94935989 153.58409691
v -66.02266693 -30.90419006 153.26459312
v -65.77246094 -33.31050110 153.46489525
v 65.80786133 -33.30289078 153.60370445
v 66.02536011 -30.90427971 153.27449608
v 66.09645081 -30.90657043 153.53699303
v 65.80786133 -33.30289078 153.60370445
v 66.09645081 -30.90657043 153.53699303
v 66.27738190 -30.96359062 154.57320213
v 65.80786133 -33.30289078 153.60370445
v 66.27738190 -30.96359062 154.57320213
v 66.24584198 -31.01227951 155.02770042
v 65.80786133 -33.30289078 153.60370445
v -64.61631012 -31.51432037 159.10179710
v -64.61631012 -31.51432037 159.10179710
v -65.53074646 -31.37323952 157.90680504
v -65.46546936 -33.16724014 157.65019798
v -65.53074646 -31.37323952 157.90680504
v -65.69046783 -31.32134056 157.54059410
v -65.46546936 -33.16724014 157.65019798
v -65.69892120 -31.31860924 157.52130699
v -66.03852081 -31.20828056 156.74260521
v 62.15237045 -30.79803085 161.64279747
v 61.37854004 -32.72624969 162.41780663
v 61.62633896 -33.12641907 161.99089622
v 62.23231125 -31.19845009 161.52440453
v 62.15237045 -30.79803085 161.64279747
v 61.62633896 -33.12641907 161.99089622
v -62.22753906 -31.17962074 161.53099632
v -62.33488846 -31.47582054 161.39519310
v -61.61108017 -33.10778046 162.01450157
v -61.33657837 -32.63323975 162.50110435
v -62.22753906 -31.17962074 161.53099632
v -61.61108017 -33.10778046 162.01450157
v -59.76419067 -32.01390839 164.82449913
v -60.99013901 -31.29682922 163.43170738
v -59.40439987 -33.06877136 164.56619835
v -60.99013901 -31.29682922 163.43170738
v -61.33657837 -32.63323975 162.50110435
v -59.40439987 -33.06877136 164.56619835
v 59.53979874 -32.67179108 164.66339684
v 59.28678894 -32.53248978 165.17690086
v 59.40439987 -33.06877136 164.56619835
v 60.99013901 -31.29682922 163.43170738
v 60.42351913 -30.08732986 15.24060631
v 59.29766083 -32.24961090 128.81130028
v 58.87356949 -33.01744843 127.78729820
v -63.26744080 -31.54961014 160.45340538
v -64.10160065 -31.54042053 159.61760521
v -64.04322815 -32.95159149 159.53439903
v -64.19216156 -31.53582001 159.52680016
v -66.09642792 -30.90657043 153.53699303
v -66.02266693 -30.90419006 153.26459312
v -65.88993073 -32.94935989 153.58409691
v -66.29550171 -31.01486969 155.13989830
v -66.09642792 -30.90657043 153.53699303
v -65.88993073 -32.94935989 153.58409691
v 62.08551025 -30.29001045 161.75830650
v 61.18666840 -32.21239853 162.83699608
v 61.37854004 -32.72624969 162.41780663
v 62.15237045 -30.79803085 161.64279747
v 62.08551025 -30.29001045 161.75830650
v 61.37854004 -32.72624969 162.41780663
v 59.76419067 -32.01390839 164.82449913
v -62.13822174 -30.70569992 161.66580772
v -62.22753906 -31.17962074 161.53099632
v -61.33657837 -32.63323975 162.50110435
v -62.05187988 -29.83889008 161.83460045
v -62.13822174 -30.70569992 161.66580772
v -61.33657837 -32.63323975 162.50110435
v -60.99013901 -31.29682922 163.43170738
v -62.05187988 -29.83889008 161.83460045
v -61.33657837 -32.63323975 162.50110435
v -59.27231979 -30.25984955 172.93449974
v -58.82469940 -32.41749954 171.08640099
v -58.46355820 -32.55855179 172.49840355
v -57.82706833 -32.42650986 174.74559593
v -59.27231979 -30.25984955 172.93449974
v -58.46355820 -32.55855179 172.49840355
v 59.27231979 -30.25984955 172.93449974
v 58.46947861 -30.10346985 174.63309288
v 58.46356964 -32.55855179 172.49840355
v 58.46947861 -30.10346985 174.63309288
v 57.82707977 -32.42650986 174.74559593
v 58.46356964 -32.55855179 172.49840355
v 58.82471085 -32.41749954 171.08640099
v 59.27231979 -30.25984955 172.93449974
v 58.46356964 -32.55855179 172.49840355
v 59.76419067 -32.01390839 164.82449913
v 60.15475082 -30.95002937 165.11629295
v 59.28678894 -32.53248978 165.17690086
v 60.15475082 -30.95002937 165.11629295
v 60.20026016 -30.83061028 165.15149498
v 59.28678894 -32.53248978 165.17690086
v 60.20026016 -30.83061028 165.15149498
v 60.22705841 -30.75757027 165.17709923
v 59.28678894 -32.53248978 165.17690086
v 60.28924179 -30.58813095 165.23650169
v 60.28924179 -30.58813095 165.23650169
v 60.14841080 -30.69175911 165.55190086
v 59.28678894 -32.53248978 165.17690086
v 60.14841080 -30.69175911 165.55190086
v 59.17625046 -32.47183990 165.87579918
v 59.28678894 -32.53248978 165.17690086
v 60.14841080 -30.69175911 165.55190086
v 60.05379105 -30.81868935 165.87579918
v 59.17625046 -32.47183990 165.87579918
v 59.86568069 -31.18252945 166.56520653
v 59.66635132 -31.56225967 167.24609947
v 59.17625046 -32.47183990 165.87579918
v 60.05379105 -30.81868935 165.87579918
v 59.86568069 -31.18252945 166.56520653
v 59.17625046 -32.47183990 165.87579918
v -60.02774048 -30.86939049 131.12990379
v -60.42351913 -30.08732986 15.24060631
v -59.19752121 -32.43304825 128.54910088
v -57.80022049 -32.41349030 174.83560753
v -58.46947861 -30.10346985 174.63309288
v -57.82706833 -32.42650986 174.74559593
v -58.46947861 -30.10346985 174.63309288
v -59.27231979 -30.25984955 172.93449974
v -57.82706833 -32.42650986 174.74559593
v 58.46947861 -30.10346985 174.63309288
v 57.80022049 -32.41349030 174.83560753
v 57.82707977 -32.42650986 174.74559593
v -59.27231979 -30.25984955 172.93449974
v -59.77888870 -30.03646088 171.17360497
v -58.82469940 -32.41749954 171.08640099
v -59.77888870 -30.03646088 171.17360497
v -59.02959061 -32.33747101 170.28520775
v -58.82469940 -32.41749954 171.08640099
v 59.02959061 -32.33747101 170.28520775
v 59.77888870 -30.03646088 171.17360497
v 58.82471085 -32.41749954 171.08640099
v 59.77888870 -30.03646088 171.17360497
v 59.27231979 -30.25984955 172.93449974
v 58.82471085 -32.41749954 171.08640099
v -57.49832153 -32.27740860 175.82520103
v -59.09598160 -27.77325058 174.57320213
v 58.79613113 -27.63353920 175.56279564
v 57.49832153 -32.27740860 175.82520103
v 59.09598160 -27.77325058 174.57320213
v -59.77888870 -30.03646088 171.17360497
v -60.03068161 -29.82691956 170.23889732
v -59.02959061 -32.33747101 170.28520775
v -60.03068161 -29.82691956 170.23889732
v -59.27891159 -32.11626816 169.20509911
v -59.02959061 -32.33747101 170.28520775
v 59.27891159 -32.11626816 169.20509911
v 59.77888870 -30.03646088 171.17360497
v 59.02959061 -32.33747101 170.28520775
v -57.28005981 -32.17906189 176.54059410
v -58.79611969 -27.63353920 175.56279564
v 58.18951035 -29.92433929 176.54059410
v 57.28007126 -32.17906189 176.54059410
v 57.49832153 -32.27740860 175.82520103
v 58.79613113 -27.63353920 175.56279564
v 58.18951035 -29.92433929 176.54059410
v 57.49832153 -32.27740860 175.82520103
v 60.42351913 -30.08732986 15.24060631
v 60.02774048 -30.86939049 131.12990379
v 59.29766083 -32.24961090 128.81130028
v 60.02774048 -30.86939049 131.12990379
v 62.28678894 -30.91588020 139.47089958
v 59.29766083 -32.24961090 128.81130028
v 62.08551025 -30.29001045 161.75830650
v 60.99013901 -31.29682922 163.43170738
v 61.18666840 -32.21239853 162.83699608
v -58.19392014 -29.90736008 176.54059410
v -58.79611969 -27.63353920 175.56279564
v -57.28005981 -32.17906189 176.54059410
v -57.82987976 -31.02433014 180.04059410
v -58.19392014 -29.90736008 176.54059410
v -57.28005981 -32.17906189 176.54059410
v -57.28005981 -32.17906189 180.04059410
v -57.82987976 -31.02433014 180.04059410
v -57.28005981 -32.17906189 176.54059410
v 58.17277145 -29.98764992 180.04059410
v 57.28007126 -32.17906189 180.04059410
v 57.28007126 -32.17906189 176.54059410
v 58.18951035 -29.92433929 176.54059410
v 58.17277145 -29.98764992 180.04059410
v 57.28007126 -32.17906189 176.54059410
v -57.45616150 -30.87641907 181.54059410
v -57.82987976 -31.02433014 180.04059410
v -57.28005981 -32.17906189 180.04059410
v -56.92964935 -31.98220062 181.54059410
v 58.17277145 -29.98764992 180.04059410
v 56.92966080 -31.98220062 181.54059410
v 57.28007126 -32.17906189 180.04059410
v -60.03068161 -29.82691956 170.23889732
v -60.26049042 -29.57006073 169.31920433
v -59.27891159 -32.11626816 169.20509911
v -60.26049042 -29.57006073 169.31920433
v -59.49929047 -31.84056091 168.14299583
v -59.27891159 -32.11626816 169.20509911
v 60.03068161 -29.82691956 170.23889732
v 59.77888870 -30.03646088 171.17360497
v 59.27891159 -32.11626816 169.20509911
v 59.49929047 -31.84056091 168.14299583
v 60.03068161 -29.82691956 170.23889732
v 59.27891159 -32.11626816 169.20509911
v -60.15473938 -30.95002937 165.11629295
v -61.15533066 -30.07901001 163.64630699
v -59.76419067 -32.01390839 164.82449913
v -61.15533066 -30.07901001 163.64630699
v -60.99013901 -31.29682922 163.43170738
v -59.76419067 -32.01390839 164.82449913
v 60.99013901 -31.29682922 163.43170738
v 61.15533066 -30.07901001 163.64630699
v 59.76419067 -32.01390839 164.82449913
v 61.15533066 -30.07901001 163.64630699
v 60.50551987 -30.47001076 164.83449364
v 59.76419067 -32.01390839 164.82449913
v 60.50551987 -30.47001076 164.83449364
v 60.15475082 -30.95002937 165.11629295
v 59.76419067 -32.01390839 164.82449913
v -56.43515015 -30.47232056 182.63869286
v -57.45616150 -30.87641907 181.54059410
v -56.92964935 -31.98220062 181.54059410
v -55.97230148 -31.44437027 182.63869286
v 57.78453827 -29.88359070 181.54059410
v 57.78453827 -29.88359070 181.54059410
v 55.97230148 -31.44437027 182.63869286
v 56.92966080 -31.98220062 181.54059410
v -60.35269165 -29.44570923 168.92889977
v -60.35269165 -29.44570923 168.92889977
v -59.58538055 -31.70601082 167.69240379
v -59.49929047 -31.84056091 168.14299583
v 60.26050186 -29.57006073 169.31920433
v 60.03068161 -29.82691956 170.23889732
v 59.49929047 -31.84056091 168.14299583
v 59.58538818 -31.70601082 167.69240379
v 60.26050186 -29.57006073 169.31920433
v 59.49929047 -31.84056091 168.14299583
v -60.35269165 -29.44570923 168.92889977
v -60.44094086 -29.31335068 168.54210472
v -59.58538055 -31.70601082 167.69240379
v -60.44094086 -29.31335068 168.54210472
v -59.66635132 -31.56225967 167.24609947
v -59.58538055 -31.70601082 167.69240379
v 60.35269928 -29.44570923 168.92889977
v 60.26050186 -29.57006073 169.31920433
v 59.58538818 -31.70601082 167.69240379
v 59.66635132 -31.56225967 167.24609947
v 60.35269928 -29.44570923 168.92889977
v 59.58538818 -31.70601082 167.69240379
v -60.44094086 -29.31335068 168.54210472
v -60.62981033 -28.95663071 167.77890587
v -59.66635132 -31.56225967 167.24609947
v -60.62981033 -28.95663071 167.77890587
v -59.86566925 -31.18252945 166.56520653
v -59.66635132 -31.56225967 167.24609947
v 60.44094849 -29.31335068 168.54210472
v 60.35269928 -29.44570923 168.92889977
v 59.66635132 -31.56225967 167.24609947
v 59.86568069 -31.18252945 166.56520653
v 60.44094849 -29.31335068 168.54210472
v 59.66635132 -31.56225967 167.24609947
v -62.43312836 31.55339050 161.28940392
v -63.26744080 -31.54961014 160.45340538
v -62.43312836 -31.55336952 161.28940392
v -62.08549881 30.29002953 161.75830650
v -62.15237045 30.79804993 161.64279747
v -62.43312836 -31.55336952 161.28940392
v -62.38285828 -31.53392982 161.34160423
v -62.08549881 30.29002953 161.75830650
v -62.43312836 -31.55336952 161.28940392
v -62.32654953 31.46147919 161.40489769
v -62.43312836 31.55339050 161.28940392
v -62.43312836 -31.55336952 161.28940392
v -62.23231125 31.19845963 161.52440453
v -62.32654953 31.46147919 161.40489769
v -62.43312836 -31.55336952 161.28940392
v -62.15237045 30.79804993 161.64279747
v -62.23231125 31.19845963 161.52440453
v -62.43312836 -31.55336952 161.28940392
v 64.19216919 31.53583908 159.52680016
v 64.10160065 31.54043961 159.61760521
v 62.43312836 -31.55336952 161.28940392
v 63.26744843 31.54962921 160.45340538
v 62.43312836 31.55339050 161.28940392
v 63.26744843 -31.54961014 160.45340538
v 62.32654953 -31.46146011 161.40489769
v 62.37825012 -31.53008080 161.34670067
v 62.43312836 -31.55336952 161.28940392
v 62.43312836 31.55339050 161.28940392
v 62.32654953 -31.46146011 161.40489769
v 62.43312836 -31.55336952 161.28940392
v -64.10160065 -31.54042053 159.61760521
v 64.10160065 -31.54042053 159.61760521
v -64.19216156 -31.53582001 159.52680016
v 64.61631775 -31.51432037 159.10179710
v 64.61631775 31.51433945 159.10179710
v -64.10160065 31.54043961 159.61760521
v -64.61631012 -31.51432037 159.10179710
v -63.26744080 31.54962921 160.45340538
v -62.33488846 -31.47582054 161.39519310
v -62.08549881 30.29002953 161.75830650
v -62.38285828 -31.53392982 161.34160423
v -65.52558899 31.37133026 157.90079308
v -65.53074646 -31.37323952 157.90680504
v -64.61631012 -31.51432037 159.10179710
v -64.61631012 31.51433945 159.10179710
v -65.52558899 31.37133026 157.90079308
v -64.61631012 -31.51432037 159.10179710
v -64.61631012 31.51433945 159.10179710
v 65.52558899 -31.37130928 157.90079308
v 64.61631775 31.51433945 159.10179710
v 64.61631775 -31.51432037 159.10179710
v -62.22753906 -31.17962074 161.53099632
v -62.08549881 30.29002953 161.75830650
v -62.33488846 -31.47582054 161.39519310
v 62.43312836 31.55339050 161.28940392
v 62.23231125 -31.19845009 161.52440453
v 62.32654953 -31.46146011 161.40489769
v -55.04042053 -29.92028999 183.04059410
v -56.43515015 -30.47232056 182.63869286
v -55.97230148 -31.44437027 182.63869286
v -54.66453171 -30.70969009 183.04059410
v 56.72391129 -29.59929085 182.63869286
v 56.72391129 -29.59929085 182.63869286
v 54.66453934 -30.70969009 183.04059410
v 55.97230148 -31.44437027 182.63869286
v -65.55998993 31.36591911 157.85539818
v -65.69046783 -31.32134056 157.54059410
v -65.53074646 -31.37323952 157.90680504
v -65.55998993 31.36591911 157.85539818
v -65.53074646 -31.37323952 157.90680504
v 65.55999756 -31.36590004 157.85539818
v 65.53074646 31.37326050 157.90680504
v 65.53074646 31.37326050 157.90680504
v 64.61631775 31.51433945 159.10179710
v 65.52558899 -31.37130928 157.90079308
v 65.68132019 -31.32167053 157.53859520
v 65.69049072 31.32136917 157.54059410
v 65.55999756 -31.36590004 157.85539818
v 65.69049072 31.32136917 157.54059410
v 65.53074646 31.37326050 157.90680504
v 65.55999756 -31.36590004 157.85539818
v 66.07563019 -31.17795944 156.50909996
v -65.68132019 31.32168961 157.53859520
v -66.07563019 31.17797089 156.50909996
v -65.69046783 -31.32134056 157.54059410
v -66.15792847 31.14797020 156.29419518
v -66.15792847 31.14797020 156.29419518
v -65.69892120 -31.31860924 157.52130699
v -65.55998993 31.36591911 157.85539818
v -66.03852081 -31.20828056 156.74260521
v -61.15533066 -30.07901001 163.64630699
v -62.00743866 -29.39271927 161.92149925
v -60.99013901 -31.29682922 163.43170738
v -62.00743866 -29.39271927 161.92149925
v -62.05187988 -29.83889008 161.83460045
v -60.99013901 -31.29682922 163.43170738
v 62.00745010 -29.39271927 161.92149925
v 61.91820145 -27.99698067 162.17980003
v 60.99013901 -31.29682922 163.43170738
v 61.91820145 -27.99698067 162.17980003
v 61.15533066 -30.07901001 163.64630699
v 60.99013901 -31.29682922 163.43170738
v 62.04956818 -29.87706947 161.83339500
v 62.00745010 -29.39271927 161.92149925
v 60.99013901 -31.29682922 163.43170738
v 62.08551025 -30.29001045 161.75830650
v -66.15792847 31.14797020 156.29419518
v -66.22756195 -31.06600952 155.56360435
v -66.03852081 -31.20828056 156.74260521
v 62.43312836 31.55339050 161.28940392
v 62.15237045 -30.79803085 161.64279747
v 62.23231125 -31.19845009 161.52440453
v -60.62981033 -28.95663071 167.77890587
v -60.80796051 -28.61499023 167.00650597
v -59.86566925 -31.18252945 166.56520653
v -60.80796051 -28.61499023 167.00650597
v -60.05379105 -30.81868935 165.87579918
v -59.86566925 -31.18252945 166.56520653
v 60.62981033 -28.95663071 167.77890587
v 60.44094849 -29.31335068 168.54210472
v 59.86568069 -31.18252945 166.56520653
v 60.05379105 -30.81868935 165.87579918
v 60.62981033 -28.95663071 167.77890587
v -62.13822174 -30.70569992 161.66580772
v -62.08549881 30.29002953 161.75830650
v -62.22753906 -31.17962074 161.53099632
v 66.15792847 -31.14794922 156.29419518
v 65.69892120 31.31863022 157.52130699
v 66.15792847 -31.14794922 156.29419518
v 66.21830750 -31.05476952 155.42430687
v 66.22756195 31.06603050 155.56360435
v 66.15792847 -31.14794922 156.29419518
v 66.22756195 31.06603050 155.56360435
v 66.03852844 31.20829964 156.74260521
v 66.15792847 -31.14794922 156.29419518
v 66.03852844 31.20829964 156.74260521
v -66.21829987 31.05479050 155.42430687
v -66.25003052 -31.04910088 155.42349815
v -66.15792847 31.14797020 156.29419518
v -66.21829987 31.05479050 155.42430687
v -66.22756195 -31.06600952 155.56360435
v 66.24584198 -31.01227951 155.02770042
v 66.29550171 31.01489067 155.13989830
v 66.29550171 31.01489067 155.13989830
v 66.25003052 31.04912949 155.42349815
v 66.21830750 -31.05476952 155.42430687
v -66.29550171 -31.01486969 155.13989830
v -58.18925095 -29.90586090 180.04059410
v -58.19392014 -29.90736008 176.54059410
v -57.82987976 -31.02433014 180.04059410
v -57.45616150 -30.87641907 181.54059410
v -58.18925095 -29.90586090 180.04059410
v -57.82987976 -31.02433014 180.04059410
v -66.27738190 30.96360970 154.57320213
v -66.09642792 -30.90657043 153.53699303
v -66.29550171 -31.01486969 155.13989830
v -66.24581909 31.01230049 155.02770042
v -66.27738190 30.96360970 154.57320213
v -66.29550171 -31.01486969 155.13989830
v 66.27738190 -30.96359062 154.57320213
v 66.09645081 -30.90657043 153.53699303
v 66.09645081 30.90658951 153.53699303
v 66.27738190 -30.96359062 154.57320213
v 66.09645081 30.90658951 153.53699303
v 66.29550171 31.01489067 155.13989830
v 66.27738190 -30.96359062 154.57320213
v -60.20024872 -30.83061028 165.15149498
v -61.22975922 -29.17535019 164.04860497
v -60.15473938 -30.95002937 165.11629295
v -61.22975922 -29.17535019 164.04860497
v -61.15533066 -30.07901001 163.64630699
v -60.15473938 -30.95002937 165.11629295
v 60.50551987 -30.47001076 164.83449364
v 60.20026016 -30.83061028 165.15149498
v 60.15475082 -30.95002937 165.11629295
v -60.40272141 -30.07736015 132.51450157
v -60.02774048 -30.86939049 131.12990379
v -62.28678131 -30.91588020 139.47089958
v -66.00830078 -30.90373039 153.21150780
v -63.25056839 -23.57147980 143.02940178
v -61.92280960 -26.86661911 138.12699699
v 60.02774048 -30.86939049 131.12990379
v 60.42351913 -30.08732986 132.59119987
v 62.28678894 -30.91588020 139.47089958
v 61.92282104 -26.86661911 138.12699699
v 66.00830078 -30.90373039 153.21150780
v -63.77378082 -21.08087921 144.96120262
v -63.58718109 -22.37373924 144.27220726
v -66.09642792 -30.90657043 153.53699303
v -66.02266693 -30.90419006 153.26459312
v -66.09642792 30.90658951 153.53699303
v -63.83676910 19.62516022 145.19380760
v -63.83676910 -19.62513924 145.19380760
v -66.27738190 30.96360970 154.57320213
v -66.09642792 30.90658951 153.53699303
v -66.09642792 -30.90657043 153.53699303
v 63.83678055 -19.62513924 145.19380760
v 66.09645081 30.90658951 153.53699303
v 66.09645081 -30.90657043 153.53699303
v 66.02536011 -30.90427971 153.27449608
v 63.61037827 -22.25699043 144.35790062
v 63.78583145 -20.94100952 145.00569725
v 63.56832886 -22.46361923 144.20259666
v 63.25057983 -23.57147980 143.02940178
v -57.82358170 -29.73290062 181.54059410
v -56.75830841 -29.46648979 182.63869286
v -57.82358170 -29.73290062 181.54059410
v -57.45616150 -30.87641907 181.54059410
v -56.43515015 -30.47232056 182.63869286
v -60.40272141 -30.07736015 132.51450157
v -60.42351913 -30.08732986 15.24060631
v -60.02774048 -30.86939049 131.12990379
v 60.42351913 -30.08732986 15.24060631
v 60.42351913 -30.08732986 132.59119987
v 60.02774048 -30.86939049 131.12990379
v -61.33491135 -28.78050995 164.02379417
v -61.22975922 -29.17535019 164.04860497
v -60.20024872 -30.83061028 165.15149498
v -60.22705841 -30.75757027 165.17709923
v -61.33491135 -28.78050995 164.02379417
v -60.20024872 -30.83061028 165.15149498
v 60.50551987 -30.47001076 164.83449364
v 61.33491135 -28.78050995 164.02379417
v 60.20026016 -30.83061028 165.15149498
v 61.33491135 -28.78050995 164.02379417
v 60.22705841 -30.75757027 165.17709923
v 60.20026016 -30.83061028 165.15149498
v -60.24526978 -30.45465088 165.72890282
v -60.14841080 -30.69175911 165.55190086
v -60.05379105 -30.81868935 165.87579918
v -60.97169113 -28.27145958 166.39439964
v -60.24526978 -30.45465088 165.72890282
v -60.05379105 -30.81868935 165.87579918
v -60.80796051 -28.61499023 167.00650597
v -60.97169113 -28.27145958 166.39439964
v -60.05379105 -30.81868935 165.87579918
v 60.14841080 -30.69175911 165.55190086
v 60.24528122 -30.45465088 165.72890282
v 60.05379105 -30.81868935 165.87579918
v 60.80796814 -28.61499023 167.00650597
v 60.62981033 -28.95663071 167.77890587
v 60.05379105 -30.81868935 165.87579918
v 60.24528122 -30.45465088 165.72890282
v 60.80796814 -28.61499023 167.00650597
v 60.05379105 -30.81868935 165.87579918
v 62.43312836 31.55339050 161.28940392
v 62.08551025 -30.29001045 161.75830650
v 62.15237045 -30.79803085 161.64279747
v -60.14841080 -30.69175911 165.55190086
v -60.28924179 -30.58813095 165.23650169
v -60.22705841 -30.75757027 165.17709923
v -61.31026077 -28.51210976 164.36609459
v -61.33491135 -28.78050995 164.02379417
v -60.22705841 -30.75757027 165.17709923
v -60.28924179 -30.58813095 165.23650169
v -61.31026077 -28.51210976 164.36609459
v -60.22705841 -30.75757027 165.17709923
v 60.28924179 -30.58813095 165.23650169
v -55.04042053 -29.92028999 183.04059410
v 55.27505875 -29.21092987 183.04059410
v 55.27505875 -29.21092987 183.04059410
v -62.04956818 29.87709045 161.83339500
v -62.08549881 30.29002953 161.75830650
v -62.13822174 -30.70569992 161.66580772
v -62.05187988 -29.83889008 161.83460045
v -62.04956818 29.87709045 161.83339500
v -62.13822174 -30.70569992 161.66580772
v -60.38404846 -30.27767944 165.43239403
v -60.37015915 -30.33951950 165.36969566
v -60.14841080 -30.69175911 165.55190086
v -60.32992172 -30.30890083 165.62810326
v -60.37593842 -30.25082970 165.52789879
v -60.14841080 -30.69175911 165.55190086
v -60.37593842 -30.25082970 165.52789879
v -60.38262177 -30.25087929 165.49550438
v -60.14841080 -30.69175911 165.55190086
v -60.38262177 -30.25087929 165.49550438
v -60.38404846 -30.27767944 165.43239403
v -60.14841080 -30.69175911 165.55190086
v -60.24526978 -30.45465088 165.72890282
v -60.32992172 -30.30890083 165.62810326
v -60.14841080 -30.69175911 165.55190086
v -60.37015915 -30.33951950 165.36969566
v -60.28924179 -30.58813095 165.23650169
v -60.14841080 -30.69175911 165.55190086
v 60.32992172 -30.30890083 165.62810326
v 60.24528122 -30.45465088 165.72890282
v 60.14841080 -30.69175911 165.55190086
v 60.28924179 -30.58813095 165.23650169
v 60.37017059 -30.33951950 165.36969566
v 60.14841080 -30.69175911 165.55190086
v 60.37017059 -30.33951950 165.36969566
v 60.38404846 -30.27767944 165.43239403
v 60.14841080 -30.69175911 165.55190086
v 60.38404846 -30.27767944 165.43239403
v 60.37594986 -30.25082970 165.52789879
v 60.14841080 -30.69175911 165.55190086
v 60.37594986 -30.25082970 165.52789879
v 60.36513138 -30.26013947 165.56050682
v 60.14841080 -30.69175911 165.55190086
v 60.36513138 -30.26013947 165.56050682
v 60.32992172 -30.30890083 165.62810326
v 60.14841080 -30.69175911 165.55190086
v -60.37015915 -30.33951950 165.36969566
v -61.31026077 -28.51210976 164.36609459
v -60.28924179 -30.58813095 165.23650169
v 61.33491135 -28.78050995 164.02379417
v 61.31026840 -28.51210976 164.36609459
v 60.28924179 -30.58813095 165.23650169
v 61.31026840 -28.51210976 164.36609459
v 61.25125122 -28.22821045 164.90830040
v 60.28924179 -30.58813095 165.23650169
v 61.25125122 -28.22821045 164.90830040
v 60.37017059 -30.33951950 165.36969566
v 60.28924179 -30.58813095 165.23650169
v -55.30311966 -29.10257912 183.04059410
v -56.75830841 -29.46648979 182.63869286
v -56.43515015 -30.47232056 182.63869286
v -55.04042053 -29.92028999 183.04059410
v 61.31145096 -28.90266037 163.87480736
v 61.33491135 -28.78050995 164.02379417
v 60.50551987 -30.47001076 164.83449364
v 61.15533066 -30.07901001 163.64630699
v 61.31145096 -28.90266037 163.87480736
v 60.50551987 -30.47001076 164.83449364
v -61.06758881 -28.14287949 165.97510338
v -60.32992172 -30.30890083 165.62810326
v -60.24526978 -30.45465088 165.72890282
v -60.97169113 -28.27145958 166.39439964
v -61.06758881 -28.14287949 165.97510338
v -60.24526978 -30.45465088 165.72890282
v 60.32992172 -30.30890083 165.62810326
v 60.97169113 -28.27145958 166.39439964
v 60.24528122 -30.45465088 165.72890282
v 60.97169113 -28.27145958 166.39439964
v 60.80796814 -28.61499023 167.00650597
v 60.24528122 -30.45465088 165.72890282
v -61.25123978 -28.22821045 164.90830040
v -61.31026077 -28.51210976 164.36609459
v -60.37015915 -30.33951950 165.36969566
v -60.38404846 -30.27767944 165.43239403
v -61.25123978 -28.22821045 164.90830040
v -60.37015915 -30.33951950 165.36969566
v 61.25125122 -28.22821045 164.90830040
v 61.21498108 -28.15159988 165.16570091
v 60.37017059 -30.33951950 165.36969566
v 61.21498108 -28.15159988 165.16570091
v 60.38404846 -30.27767944 165.43239403
v 60.37017059 -30.33951950 165.36969566
v -60.36513138 -30.26013947 165.56050682
v -60.37593842 -30.25082970 165.52789879
v -60.32992172 -30.30890083 165.62810326
v -61.12424850 -28.10691071 165.69499779
v -60.36513138 -30.26013947 165.56050682
v -60.32992172 -30.30890083 165.62810326
v -61.06758881 -28.14287949 165.97510338
v -61.12424850 -28.10691071 165.69499779
v -60.32992172 -30.30890083 165.62810326
v 60.36513138 -30.26013947 165.56050682
v 61.06760025 -28.14287949 165.97510338
v 60.32992172 -30.30890083 165.62810326
v 61.06760025 -28.14287949 165.97510338
v 60.97169113 -28.27145958 166.39439964
v 60.32992172 -30.30890083 165.62810326
v 62.33489990 31.47584915 161.39519310
v 62.22753906 31.17963982 161.53099632
v 62.08551025 -30.29001045 161.75830650
v 62.22753906 31.17963982 161.53099632
v 62.13822937 30.70573044 161.66580772
v 62.08551025 -30.29001045 161.75830650
v 62.13822937 30.70573044 161.66580772
v 62.04956818 -29.87706947 161.83339500
v 62.08551025 -30.29001045 161.75830650
v 62.43312836 31.55339050 161.28940392
v 62.38285828 31.53395081 161.34160423
v 62.08551025 -30.29001045 161.75830650
v 62.38285828 31.53395081 161.34160423
v 62.33489990 31.47584915 161.39519310
v 62.08551025 -30.29001045 161.75830650
v -61.21496964 -28.15159988 165.16570091
v -61.25123978 -28.22821045 164.90830040
v -60.38404846 -30.27767944 165.43239403
v -60.38262177 -30.25087929 165.49550438
v -61.21496964 -28.15159988 165.16570091
v -60.38404846 -30.27767944 165.43239403
v 60.38262939 -30.25087929 165.49550438
v 60.37594986 -30.25082970 165.52789879
v 60.38404846 -30.27767944 165.43239403
v 61.21498108 -28.15159988 165.16570091
v 61.17306137 -28.11094093 165.42589378
v 60.38404846 -30.27767944 165.43239403
v 61.17306137 -28.11094093 165.42589378
v 60.38262939 -30.25087929 165.49550438
v 60.38404846 -30.27767944 165.43239403
v -61.14949036 -28.10416031 165.55969810
v -60.37593842 -30.25082970 165.52789879
v -60.36513138 -30.26013947 165.56050682
v -61.12424850 -28.10691071 165.69499779
v -61.14949036 -28.10416031 165.55969810
v -60.36513138 -30.26013947 165.56050682
v 60.37594986 -30.25082970 165.52789879
v 61.12424850 -28.10691071 165.69499779
v 60.36513138 -30.26013947 165.56050682
v 61.12424850 -28.10691071 165.69499779
v 61.06760025 -28.14287949 165.97510338
v 60.36513138 -30.26013947 165.56050682
v -59.50909042 -27.81106949 173.20979881
v -59.90026855 -27.57165909 171.91879845
v -59.27231979 -30.25984955 172.93449974
v -59.90026855 -27.57165909 171.91879845
v -59.77888870 -30.03646088 171.17360497
v -59.27231979 -30.25984955 172.93449974
v -58.46947861 -30.10346985 174.63309288
v -59.50909042 -27.81106949 173.20979881
v -59.27231979 -30.25984955 172.93449974
v 59.50909042 -27.81106949 173.20979881
v 59.11188126 -27.78042030 174.52069664
v 59.27231979 -30.25984955 172.93449974
v 59.11188126 -27.78042030 174.52069664
v 58.46947861 -30.10346985 174.63309288
v 59.27231979 -30.25984955 172.93449974
v 59.77888870 -30.03646088 171.17360497
v 59.50909042 -27.81106949 173.20979881
v 59.27231979 -30.25984955 172.93449974
v -61.17304993 -28.11094093 165.42589378
v -61.21496964 -28.15159988 165.16570091
v -60.38262177 -30.25087929 165.49550438
v -60.37593842 -30.25082970 165.52789879
v -61.17304993 -28.11094093 165.42589378
v -60.38262177 -30.25087929 165.49550438
v 61.17306137 -28.11094093 165.42589378
v 61.14949036 -28.10416031 165.55969810
v 60.38262939 -30.25087929 165.49550438
v 61.14949036 -28.10416031 165.55969810
v 60.37594986 -30.25082970 165.52789879
v 60.38262939 -30.25087929 165.49550438
v -61.14949036 -28.10416031 165.55969810
v -61.17304993 -28.11094093 165.42589378
v -60.37593842 -30.25082970 165.52789879
v 61.14949036 -28.10416031 165.55969810
v 61.12424850 -28.10691071 165.69499779
v 60.37594986 -30.25082970 165.52789879
v -59.11188126 -27.78042030 174.52069664
v -59.11188126 -27.78042030 174.52069664
v -59.50909042 -27.81106949 173.20979881
v -58.46947861 -30.10346985 174.63309288
v 59.11188126 -27.78042030 174.52069664
v -64.92324066 -18.47224045 15.24060631
v -64.89090729 -18.46338081 131.22800255
v -64.92324066 -18.47224045 15.24060631
v -60.42351913 -30.08732986 15.24060631
v -60.40272141 -30.07736015 132.51450157
v 64.92324066 -18.47224045 15.24060631
v 64.92324066 -18.47224045 15.24060631
v 64.89038086 -18.46276093 131.23190117
v 60.42351913 -30.08732986 15.24060631
v 60.42351913 -30.08732986 132.59119987
v 64.18923950 -20.88039017 136.27619743
v 61.92282104 -26.86661911 138.12699699
v 60.42351913 -30.08732986 132.59119987
v 64.89038086 -18.46276093 131.23190117
v -61.22975922 -29.17535019 164.04860497
v -61.30965042 -28.90711975 163.87759972
v -61.15533066 -30.07901001 163.64630699
v -61.30965042 -28.90711975 163.87759972
v -61.91819000 -27.99698067 162.17980003
v -61.15533066 -30.07901001 163.64630699
v -61.91819000 -27.99698067 162.17980003
v -62.00743866 -29.39271927 161.92149925
v -61.15533066 -30.07901001 163.64630699
v 61.91820145 -27.99698067 162.17980003
v 61.86214066 -26.71895027 162.47130394
v 61.15533066 -30.07901001 163.64630699
v 61.86214066 -26.71895027 162.47130394
v 61.44318008 -28.64649010 163.71799278
v 61.15533066 -30.07901001 163.64630699
v 61.44318008 -28.64649010 163.71799278
v -61.92280960 -26.86661911 138.12699699
v -64.51760101 -19.84263992 133.91390038
v -60.40272141 -30.07736015 132.51450157
v -64.51760101 -19.84263992 133.91390038
v -64.89090729 -18.46338081 131.22800255
v -60.40272141 -30.07736015 132.51450157
v -59.90026855 -27.57165909 171.91879845
v -60.12828827 -27.36854935 171.14549828
v -59.77888870 -30.03646088 171.17360497
v -60.12828827 -27.36854935 171.14549828
v -60.03068161 -29.82691956 170.23889732
v -59.77888870 -30.03646088 171.17360497
v 59.90026855 -27.57165909 171.91879845
v 59.50909042 -27.81106949 173.20979881
v 59.77888870 -30.03646088 171.17360497
v 60.03068161 -29.82691956 170.23889732
v 59.90026855 -27.57165909 171.91879845
v 59.77888870 -30.03646088 171.17360497
v 58.18951035 -29.92433929 176.54059410
v 58.18553162 -29.92354965 180.04059410
v 58.17277145 -29.98764992 180.04059410
v 58.18553162 -29.92354965 180.04059410
v 57.78453827 -29.88359070 181.54059410
v 58.17277145 -29.98764992 180.04059410
v 58.79613113 -27.63353920 175.56279564
v 58.49985123 -27.49547005 176.54059410
v 58.18951035 -29.92433929 176.54059410
v 58.41701126 -28.76029015 180.04059410
v 58.49985123 -27.49547005 176.54059410
v 58.41701126 -28.76029015 180.04059410
v 58.18951035 -29.92433929 176.54059410
v 58.41701126 -28.76029015 180.04059410
v 58.01853943 -28.70772934 181.54059410
v -55.30311966 -29.10257912 183.04059410
v -58.49983978 -27.49547005 176.54059410
v -58.79611969 -27.63353920 175.56279564
v -58.19392014 -29.90736008 176.54059410
v -58.21350098 -29.83040047 180.04059410
v -58.49983978 -27.49547005 176.54059410
v -58.19392014 -29.90736008 176.54059410
v -58.21350098 -29.83040047 180.04059410
v -58.21350098 -29.83040047 180.04059410
v 58.01853943 -28.70772934 181.54059410
v 56.72391129 -29.59929085 182.63869286
v 57.78453827 -29.88359070 181.54059410
v 62.13822937 30.70573044 161.66580772
v 62.05187988 29.83890915 161.83460045
v 62.04956818 -29.87706947 161.83339500
v 62.05187988 29.83890915 161.83460045
v 62.00745010 -29.39271927 161.92149925
v -62.00743866 -29.39271927 161.92149925
v -58.49983978 -27.49547005 180.04059410
v -58.49983978 -27.49547005 176.54059410
v -58.21350098 -29.83040047 180.04059410
v -58.09791183 -27.49547005 181.54059410
v -58.49983978 -27.49547005 180.04059410
v -58.21350098 -29.83040047 180.04059410
v -57.82358170 -29.73290062 181.54059410
v -60.12828827 -27.36854935 171.14549828
v -60.34035110 -27.12556076 170.38510704
v -60.03068161 -29.82691956 170.23889732
v -60.34035110 -27.12556076 170.38510704
v -60.26049042 -29.57006073 169.31920433
v -60.03068161 -29.82691956 170.23889732
v 60.12828827 -27.36854935 171.14549828
v 59.90026855 -27.57165909 171.91879845
v 60.03068161 -29.82691956 170.23889732
v 60.26050186 -29.57006073 169.31920433
v 60.12828827 -27.36854935 171.14549828
v 60.03068161 -29.82691956 170.23889732
v -56.99982834 -27.49547005 182.63869286
v -58.09791183 -27.49547005 181.54059410
v -57.82358170 -29.73290062 181.54059410
v -56.75830841 -29.46648979 182.63869286
v 56.92987823 -28.56415939 182.63869286
v 56.92987823 -28.56415939 182.63869286
v 55.27505875 -29.21092987 183.04059410
v 56.72391129 -29.59929085 182.63869286
v -60.34035110 -27.12556076 170.38510704
v -60.42670059 -27.00934029 170.06259727
v -60.26049042 -29.57006073 169.31920433
v -60.42670059 -27.00934029 170.06259727
v -60.35269165 -29.44570923 168.92889977
v -60.26049042 -29.57006073 169.31920433
v 60.34035110 -27.12556076 170.38510704
v 60.12828827 -27.36854935 171.14549828
v 60.26050186 -29.57006073 169.31920433
v 60.35269928 -29.44570923 168.92889977
v 60.34035110 -27.12556076 170.38510704
v 60.26050186 -29.57006073 169.31920433
v -55.49983978 -27.49547005 183.04059410
v -56.99982834 -27.49547005 182.63869286
v -56.75830841 -29.46648979 182.63869286
v -55.30311966 -29.10257912 183.04059410
v -60.51013184 -26.88636017 169.74309349
v -60.35269165 -29.44570923 168.92889977
v -60.51013184 -26.88636017 169.74309349
v -60.44094086 -29.31335068 168.54210472
v -60.35269165 -29.44570923 168.92889977
v 60.42670059 -27.00934029 170.06259727
v 60.34035110 -27.12556076 170.38510704
v 60.35269928 -29.44570923 168.92889977
v 60.44094849 -29.31335068 168.54210472
v 60.42670059 -27.00934029 170.06259727
v 60.35269928 -29.44570923 168.92889977
v -61.91819000 -27.99698067 162.17980003
v -62.04956818 29.87709045 161.83339500
v -62.00743866 -29.39271927 161.92149925
v 62.05187988 29.83890915 161.83460045
v 61.91820145 -27.99698067 162.17980003
v 62.00745010 -29.39271927 161.92149925
v -60.51013184 -26.88636017 169.74309349
v -60.71852112 -26.56288910 168.90740013
v -60.44094086 -29.31335068 168.54210472
v -60.71852112 -26.56288910 168.90740013
v -60.62981033 -28.95663071 167.77890587
v 60.51013184 -26.88636017 169.74309349
v 60.42670059 -27.00934029 170.06259727
v 60.44094849 -29.31335068 168.54210472
v 60.62981033 -28.95663071 167.77890587
v 60.51013184 -26.88636017 169.74309349
v 60.44094849 -29.31335068 168.54210472
v 55.44276047 -28.36803055 183.04059410
v 55.44276047 -28.36803055 183.04059410
v -61.33491135 -28.78050995 164.02379417
v -61.30965042 -28.90711975 163.87759972
v -61.22975922 -29.17535019 164.04860497
v -60.91518021 -26.25296021 168.06130028
v -60.91518021 -26.25296021 168.06130028
v -60.80796051 -28.61499023 167.00650597
v -60.62981033 -28.95663071 167.77890587
v 60.71852112 -26.56288910 168.90740013
v 60.51013184 -26.88636017 169.74309349
v 60.62981033 -28.95663071 167.77890587
v 60.80796814 -28.61499023 167.00650597
v 60.71852112 -26.56288910 168.90740013
v 60.62981033 -28.95663071 167.77890587
v -61.79850006 -27.26586914 162.83150291
v -61.79850006 -27.26586914 162.83150291
v -61.91819000 -27.99698067 162.17980003
v -61.30965042 -28.90711975 163.87759972
v 61.44318008 -28.64649010 163.71799278
v -61.83184052 -26.58172989 162.72760582
v -61.79850006 -27.26586914 162.83150291
v -61.33491135 -28.78050995 164.02379417
v -61.31026077 -28.51210976 164.36609459
v -61.83184052 -26.58172989 162.72760582
v -61.33491135 -28.78050995 164.02379417
v 61.44318008 -28.64649010 163.71799278
v 61.83184814 -26.58172989 162.72760582
v 61.33491135 -28.78050995 164.02379417
v 61.83184814 -26.58172989 162.72760582
v 61.75260925 -26.30097961 163.35350609
v 61.33491135 -28.78050995 164.02379417
v 61.75260925 -26.30097961 163.35350609
v 61.31026840 -28.51210976 164.36609459
v 61.33491135 -28.78050995 164.02379417
v 58.49985123 -27.49547005 176.54059410
v 58.49985123 -27.49547005 180.04059410
v 58.41701126 -28.76029015 180.04059410
v 58.49985123 -27.49547005 180.04059410
v 58.01853943 -28.70772934 181.54059410
v 58.41701126 -28.76029015 180.04059410
v 58.09791946 -27.49547005 181.54059410
v 58.09791946 -27.49547005 181.54059410
v 56.92987823 -28.56415939 182.63869286
v 58.01853943 -28.70772934 181.54059410
v 61.86214066 -26.71895027 162.47130394
v 61.86206055 -26.71582031 162.47209740
v 61.44318008 -28.64649010 163.71799278
v 61.86206055 -26.71582031 162.47209740
v 61.83184814 -26.58172989 162.72760582
v 61.44318008 -28.64649010 163.71799278
v -61.14582825 -25.95540047 166.97969627
v -60.97169113 -28.27145958 166.39439964
v -60.80796051 -28.61499023 167.00650597
v -61.14582825 -25.95540047 166.97969627
v 60.91519165 -26.25296021 168.06130028
v 60.71852112 -26.56288910 168.90740013
v 60.80796814 -28.61499023 167.00650597
v 60.97169113 -28.27145958 166.39439964
v 60.91519165 -26.25296021 168.06130028
v 60.80796814 -28.61499023 167.00650597
v 56.99983978 -27.49547005 182.63869286
v 56.99983978 -27.49547005 182.63869286
v 55.44276047 -28.36803055 183.04059410
v 56.92987823 -28.56415939 182.63869286
v -61.75260925 -26.30097961 163.35350609
v -61.83184052 -26.58172989 162.72760582
v -61.31026077 -28.51210976 164.36609459
v -61.25123978 -28.22821045 164.90830040
v -61.75260925 -26.30097961 163.35350609
v 61.75260925 -26.30097961 163.35350609
v 61.61349106 -25.99527931 164.33420372
v 61.31026840 -28.51210976 164.36609459
v 61.25125122 -28.22821045 164.90830040
v 55.49983978 -27.49547005 183.04059410
v 55.49983978 -27.49547005 183.04059410
v -61.29082108 -25.85428047 166.23720360
v -61.06758881 -28.14287949 165.97510338
v -60.97169113 -28.27145958 166.39439964
v -61.29082108 -25.85428047 166.23720360
v -60.97169113 -28.27145958 166.39439964
v 61.06760025 -28.14287949 165.97510338
v 61.14582825 -25.95540047 166.97969627
v 60.97169113 -28.27145958 166.39439964
v 61.14582825 -25.95540047 166.97969627
v 60.91519165 -26.25296021 168.06130028
v 60.97169113 -28.27145958 166.39439964
v -61.61349106 -25.99527931 164.33420372
v -61.75260925 -26.30097961 163.35350609
v -61.25123978 -28.22821045 164.90830040
v -61.21496964 -28.15159988 165.16570091
v 61.61349106 -25.99527931 164.33420372
v 61.54161072 -25.90695953 164.79599571
v 61.25125122 -28.22821045 164.90830040
v 61.21498108 -28.15159988 165.16570091
v -61.54159927 -25.90695953 164.79599571
v -61.17304993 -28.11094093 165.42589378
v -61.54159927 -25.90695953 164.79599571
v -61.21496964 -28.15159988 165.16570091
v 61.46509171 -25.85341072 165.26100731
v 61.46509171 -25.85341072 165.26100731
v 61.17306137 -28.11094093 165.42589378
v 61.21498108 -28.15159988 165.16570091
v -61.38188934 -25.83484077 165.73990440
v -61.12424850 -28.10691071 165.69499779
v -61.06758881 -28.14287949 165.97510338
v -61.38188934 -25.83484077 165.73990440
v -61.06758881 -28.14287949 165.97510338
v 61.12424850 -28.10691071 165.69499779
v 61.29082870 -25.85428047 166.23720360
v 61.06760025 -28.14287949 165.97510338
v -61.46509171 -25.85341072 165.26100731
v -61.17304993 -28.11094093 165.42589378
v -61.14949036 -28.10416031 165.55969810
v -61.46509171 -25.85341072 165.26100731
v 61.42427063 -25.83955956 165.49919701
v 61.17306137 -28.11094093 165.42589378
v 61.42427063 -25.83955956 165.49919701
v 61.14949036 -28.10416031 165.55969810
v -61.42425919 -25.83955956 165.49919701
v -61.38188934 -25.83484077 165.73990440
v -61.42425919 -25.83955956 165.49919701
v -61.12424850 -28.10691071 165.69499779
v 61.38190079 -25.83484077 165.73990440
v 61.12424850 -28.10691071 165.69499779
v 61.38190079 -25.83484077 165.73990440
v 61.29082870 -25.85428047 166.23720360
v 61.12424850 -28.10691071 165.69499779
v -61.14949036 -28.10416031 165.55969810
v 61.14949036 -28.10416031 165.55969810
v -62.00743866 29.39274025 161.92149925
v -61.91819000 -27.99698067 162.17980003
v -61.86214066 -26.71895027 162.47130394
v -61.86214066 26.71896935 162.47130394
v -61.91819000 -27.99698067 162.17980003
v -61.91819000 27.99699020 162.17980003
v -61.91819000 27.99699020 162.17980003
v -62.00743866 29.39274025 161.92149925
v -61.91819000 -27.99698067 162.17980003
v -61.79850006 -27.26586914 162.83150291
v -61.86214066 -26.71895027 162.47130394
v -61.91819000 -27.99698067 162.17980003
v 62.00745010 29.39274025 161.92149925
v 61.91820145 -27.99698067 162.17980003
v 62.00745010 29.39274025 161.92149925
v 61.91820145 27.99699020 162.17980003
v 61.91820145 -27.99698067 162.17980003
v 61.91820145 27.99699020 162.17980003
v 61.86214066 -26.71895027 162.47130394
v 61.91820145 -27.99698067 162.17980003
v -59.50909042 27.81110001 173.20979881
v -59.90026855 -27.57165909 171.91879845
v -59.50909042 -27.81106949 173.20979881
v -59.11188126 27.78043938 174.52069664
v -59.11188126 -27.78042030 174.52069664
v 59.90026855 -27.57165909 171.91879845
v 59.90026855 27.57168007 171.91879845
v 59.50909042 -27.81106949 173.20979881
v 59.50909042 27.81110001 173.20979881
v 59.11188126 -27.78042030 174.52069664
v -59.09598160 -27.77325058 174.57320213
v 59.11188126 27.78043938 174.52069664
v 59.09598160 27.77326012 174.57320213
v 58.79613113 27.63355064 175.56279564
v 59.09598160 -27.77325058 174.57320213
v -58.79611969 -27.63353920 175.56279564
v 58.79613113 -27.63353920 175.56279564
v -58.49983978 -27.49547005 176.54059410
v -58.49983978 27.49548912 176.54059410
v -58.79611969 27.63355064 175.56279564
v -59.09598160 27.77326012 174.57320213
v 58.49985123 -27.49547005 176.54059410
v -59.90026855 27.57168007 171.91879845
v -60.12828827 -27.36854935 171.14549828
v -59.90026855 -27.57165909 171.91879845
v -59.90026855 27.57168007 171.91879845
v 60.12828827 -27.36854935 171.14549828
v 59.90026855 27.57168007 171.91879845
v 59.90026855 -27.57165909 171.91879845
v -58.49983978 -27.49547005 180.04059410
v -58.49983978 27.49548912 176.54059410
v -58.49983978 -27.49547005 176.54059410
v 58.49985123 27.49548912 176.54059410
v 58.49985123 27.49548912 180.04059410
v 58.49985123 -27.49547005 180.04059410
v 58.49985123 -27.49547005 176.54059410
v 58.49985123 27.49548912 176.54059410
v -58.49983978 27.49548912 180.04059410
v -58.09791183 -27.49547005 181.54059410
v -58.49983978 27.49548912 180.04059410
v -58.49983978 -27.49547005 180.04059410
v 58.49985123 27.49548912 180.04059410
v 58.09791946 27.49548912 181.54059410
v 58.49985123 -27.49547005 180.04059410
v 58.09791946 -27.49547005 181.54059410
v -58.09791183 27.49548912 181.54059410
v -56.99982834 -27.49547005 182.63869286
v -58.09791183 27.49548912 181.54059410
v -58.09791183 -27.49547005 181.54059410
v 58.09791946 27.49548912 181.54059410
v 56.99983978 27.49548912 182.63869286
v 58.09791946 -27.49547005 181.54059410
v 56.99983978 -27.49547005 182.63869286
v -56.99982834 27.49548912 182.63869286
v -55.49983978 -27.49547005 183.04059410
v -56.99982834 27.49548912 182.63869286
v -56.99982834 -27.49547005 182.63869286
v 56.99983978 27.49548912 182.63869286
v 55.49983978 27.49548912 183.04059410
v 56.99983978 -27.49547005 182.63869286
v 55.49983978 -27.49547005 183.04059410
v -55.49983978 27.49548912 183.04059410
v -55.49983978 27.49548912 183.04059410
v 55.49983978 27.49548912 183.04059410
v -60.12828827 27.36857033 171.14549828
v -60.34035110 -27.12556076 170.38510704
v -60.12828827 -27.36854935 171.14549828
v -60.12828827 27.36857033 171.14549828
v 60.12828827 27.36857033 171.14549828
v 60.34035110 -27.12556076 170.38510704
v 60.12828827 27.36857033 171.14549828
v 60.12828827 -27.36854935 171.14549828
v -61.83184052 -26.58172989 162.72760582
v -61.86214066 -26.71895027 162.47130394
v -61.79850006 -27.26586914 162.83150291
v -60.34035110 27.12557983 170.38510704
v -60.42670059 27.00935936 170.06259727
v -60.34035110 -27.12556076 170.38510704
v -60.42670059 27.00935936 170.06259727
v -60.51013184 26.88637924 169.74309349
v -60.34035110 -27.12556076 170.38510704
v -60.51013184 26.88637924 169.74309349
v -60.71852112 26.56291008 168.90740013
v -60.34035110 -27.12556076 170.38510704
v -60.71852112 26.56291008 168.90740013
v -60.91518021 26.25297928 168.06130028
v -60.34035110 -27.12556076 170.38510704
v -60.91518021 26.25297928 168.06130028
v -61.14582825 25.95541000 166.97969627
v -60.34035110 -27.12556076 170.38510704
v -61.14582825 25.95541000 166.97969627
v -60.42670059 -27.00934029 170.06259727
v -60.34035110 27.12557983 170.38510704
v 60.42670059 -27.00934029 170.06259727
v 60.34035110 27.12557983 170.38510704
v 60.34035110 -27.12556076 170.38510704
v 60.34035110 27.12557983 170.38510704
v -61.14582825 25.95541000 166.97969627
v -60.51013184 -26.88636017 169.74309349
v -60.42670059 -27.00934029 170.06259727
v 60.51013184 -26.88636017 169.74309349
v 60.34035110 27.12557983 170.38510704
v 60.42670059 -27.00934029 170.06259727
v -61.14582825 25.95541000 166.97969627
v -60.71852112 -26.56288910 168.90740013
v -60.51013184 -26.88636017 169.74309349
v 60.71852112 -26.56288910 168.90740013
v 60.34035110 27.12557983 170.38510704
v 60.51013184 -26.88636017 169.74309349
v -63.25056839 -23.57147980 143.02940178
v -64.51760101 -19.84263992 133.91390038
v -61.92280960 -26.86661911 138.12699699
v 64.18923950 -20.88039017 136.27619743
v 63.25057983 -23.57147980 143.02940178
v 61.92282104 -26.86661911 138.12699699
v -61.86204910 -26.71582031 162.47209740
v -61.86214066 26.71896935 162.47130394
v -61.86214066 -26.71895027 162.47130394
v -61.83184052 -26.58172989 162.72760582
v -61.86204910 -26.71582031 162.47209740
v -61.86214066 -26.71895027 162.47130394
v 61.86206055 26.71583939 162.47209740
v 61.86206055 -26.71582031 162.47209740
v 61.86214066 -26.71895027 162.47130394
v 61.86214066 26.71896935 162.47130394
v 61.86214066 26.71896935 162.47130394
v -61.86204910 26.71583939 162.47209740
v -61.75260925 26.30100060 163.35350609
v -61.75260925 26.30100060 163.35350609
v -61.83184052 26.58176041 162.72760582
v -61.86204910 -26.71582031 162.47209740
v -61.83184052 26.58176041 162.72760582
v -61.86204910 26.71583939 162.47209740
v 61.86206055 26.71583939 162.47209740
v 61.83184814 -26.58172989 162.72760582
v 61.86206055 -26.71582031 162.47209740
v -61.75260925 -26.30097961 163.35350609
v -61.83184052 -26.58172989 162.72760582
v 61.86206055 26.71583939 162.47209740
v 61.75260925 -26.30097961 163.35350609
v 61.83184814 -26.58172989 162.72760582
v -61.14582825 25.95541000 166.97969627
v -60.91518021 -26.25296021 168.06130028
v -60.71852112 -26.56288910 168.90740013
v 60.91519165 -26.25296021 168.06130028
v 60.34035110 27.12557983 170.38510704
v 60.71852112 -26.56288910 168.90740013
v -61.61349106 25.99530029 164.33420372
v -61.75260925 26.30100060 163.35350609
v -61.75260925 -26.30097961 163.35350609
v -61.61349106 -25.99527931 164.33420372
v 61.83184814 26.58176041 162.72760582
v 61.75260925 26.30100060 163.35350609
v 61.75260925 26.30100060 163.35350609
v 61.61349106 25.99530029 164.33420372
v 61.75260925 -26.30097961 163.35350609
v 61.61349106 -25.99527931 164.33420372
v 61.83184814 26.58176041 162.72760582
v 61.75260925 -26.30097961 163.35350609
v -61.14582825 -25.95540047 166.97969627
v -60.91518021 -26.25296021 168.06130028
v 61.14582825 -25.95540047 166.97969627
v 60.34035110 27.12557983 170.38510704
v 60.91519165 -26.25296021 168.06130028
v -61.54159927 -25.90695953 164.79599571
v -61.61349106 25.99530029 164.33420372
v -61.61349106 -25.99527931 164.33420372
v 61.61349106 25.99530029 164.33420372
v 61.54161072 -25.90695953 164.79599571
v 61.61349106 -25.99527931 164.33420372
v -61.14582825 25.95541000 166.97969627
v -61.29082108 -25.85428047 166.23720360
v -61.14582825 -25.95540047 166.97969627
v 61.29082870 25.85429955 166.23720360
v 61.14582825 25.95541000 166.97969627
v 61.14582825 -25.95540047 166.97969627
v 61.29082870 -25.85428047 166.23720360
v 61.14582825 25.95541000 166.97969627
v 60.91519165 26.25297928 168.06130028
v 60.91519165 26.25297928 168.06130028
v 60.71852112 26.56291008 168.90740013
v 61.14582825 -25.95540047 166.97969627
v 60.71852112 26.56291008 168.90740013
v 60.51013184 26.88637924 169.74309349
v 61.14582825 -25.95540047 166.97969627
v 60.42670059 27.00935936 170.06259727
v 61.14582825 -25.95540047 166.97969627
v 60.51013184 26.88637924 169.74309349
v 60.42670059 27.00935936 170.06259727
v 61.14582825 -25.95540047 166.97969627
v -61.46509171 -25.85341072 165.26100731
v -61.46509171 25.85342026 165.26100731
v -61.54159927 -25.90695953 164.79599571
v -61.54159927 25.90698051 164.79599571
v -61.54159927 25.90698051 164.79599571
v 61.46509171 25.85342026 165.26100731
v 61.46509171 -25.85341072 165.26100731
v 61.54161072 -25.90695953 164.79599571
v 61.54161072 25.90698051 164.79599571
v 61.54161072 25.90698051 164.79599571
v -61.29082108 25.85429955 166.23720360
v -61.29082108 25.85429955 166.23720360
v -61.38188934 25.83485031 165.73990440
v -61.29082108 -25.85428047 166.23720360
v -61.38188934 -25.83484077 165.73990440
v 61.38190079 -25.83484077 165.73990440
v 61.29082870 25.85429955 166.23720360
v 61.29082870 -25.85428047 166.23720360
v -61.42425919 -25.83955956 165.49919701
v -61.38188934 25.83485031 165.73990440
v -61.46509171 -25.85341072 165.26100731
v -61.38188934 25.83485031 165.73990440
v -61.42425919 25.83958054 165.49919701
v -61.46509171 -25.85341072 165.26100731
v -61.42425919 25.83958054 165.49919701
v -61.46509171 25.85342026 165.26100731
v 61.46509171 25.85342026 165.26100731
v 61.42427063 -25.83955956 165.49919701
v 61.46509171 -25.85341072 165.26100731
v -61.38188934 -25.83484077 165.73990440
v -61.42425919 -25.83955956 165.49919701
v 61.46509171 25.85342026 165.26100731
v 61.38190079 -25.83484077 165.73990440
v 61.42427063 -25.83955956 165.49919701
v 61.38190079 25.83485031 165.73990440
v 61.42427063 25.83958054 165.49919701
v 61.38190079 25.83485031 165.73990440
v 61.42427063 25.83958054 165.49919701
v 61.38190079 -25.83484077 165.73990440
v -63.58718109 -22.37373924 144.27220726
v -64.97019196 -16.31505966 135.27650261
v -63.25056839 -23.57147980 143.02940178
v -64.97019196 -16.31505966 135.27650261
v -64.51760101 -19.84263992 133.91390038
v -63.25056839 -23.57147980 143.02940178
v 64.18923950 -20.88039017 136.27619743
v 63.56832886 -22.46361923 144.20259666
v 63.25057983 -23.57147980 143.02940178
v 64.70024109 -17.16831970 137.63870049
v 63.61037827 -22.25699043 144.35790062
v 63.56832886 -22.46361923 144.20259666
v 64.18923950 -20.88039017 136.27619743
v 64.70024109 -17.16831970 137.63870049
v 63.56832886 -22.46361923 144.20259666
v -63.83676910 -19.62513924 145.19380760
v -64.97019196 -16.31505966 135.27650261
v -63.58718109 -22.37373924 144.27220726
v 64.70024109 -17.16831970 137.63870049
v 63.78583145 -20.94100952 145.00569725
v 63.61037827 -22.25699043 144.35790062
v 64.70024109 -17.16831970 137.63870049
v 63.83678055 -19.62513924 145.19380760
v 63.78583145 -20.94100952 145.00569725
v 65.69657898 -13.73270035 128.92059898
v 64.89038086 -18.46276093 131.23190117
v 65.69657898 -13.73270035 128.92059898
v 64.18923950 -20.88039017 136.27619743
v -64.97019196 -16.31505966 135.27650261
v -64.89090729 -18.46338081 131.22800255
v -64.51760101 -19.84263992 133.91390038
v -63.83676910 19.62516022 145.19380760
v -64.70021057 17.16834068 137.63870049
v -63.83676910 -19.62513924 145.19380760
v -64.97019196 -16.31505966 135.27650261
v 64.70024109 -17.16831970 137.63870049
v 63.83678055 19.62516022 145.19380760
v 63.83678055 -19.62513924 145.19380760
v 63.83678055 19.62516022 145.19380760
v -67.21205902 -6.22810411 15.24060631
v -64.89090729 -18.46338081 131.22800255
v -65.71784973 -15.40824032 125.27869987
v -64.92324066 -18.47224045 15.24060631
v -65.71784973 -15.40824032 125.27869987
v -66.59532928 -11.01416969 118.96570396
v -64.92324066 -18.47224045 15.24060631
v -66.59532928 -11.01416969 118.96570396
v -67.15686035 -6.79759979 114.92590141
v -64.92324066 -18.47224045 15.24060631
v -67.15686035 -6.79759979 114.92590141
v -67.21205902 -6.22810411 15.24060631
v -64.92324066 -18.47224045 15.24060631
v 67.21206665 -6.22810411 15.24060631
v 66.28724670 -12.73775005 121.18220329
v 65.40103149 -16.70194054 127.55799675
v 64.92324066 -18.47224045 15.24060631
v 65.40103149 -16.70194054 127.55799675
v 64.89038086 -18.46276093 131.23190117
v 64.92324066 -18.47224045 15.24060631
v 67.21206665 -6.22810411 15.24060631
v 67.20645142 -6.22748613 114.56921196
v 64.92324066 -18.47224045 15.24060631
v 67.20645142 -6.22748613 114.56921196
v 66.87831116 -9.14012432 116.92989922
v 64.92324066 -18.47224045 15.24060631
v 66.87831116 -9.14012432 116.92989922
v 66.28724670 -12.73775005 121.18220329
v 64.92324066 -18.47224045 15.24060631
v -65.71784973 -15.40824032 125.27869987
v 65.40103149 -16.70194054 127.55799675
v 64.97019196 16.31509018 135.27650261
v 65.69657898 -13.73270035 128.92059898
v 66.28724670 -12.73775005 121.18220329
v 65.69657898 -13.73270035 128.92059898
v 65.40103149 -16.70194054 127.55799675
v -65.69657135 13.73272991 128.92059898
v -65.95706940 -12.66899014 126.64130211
v -65.95706940 -12.66899014 126.64130211
v -65.71784973 -15.40824032 125.27869987
v -64.97019196 -16.31505966 135.27650261
v -66.67855072 -9.05609703 120.32829857
v -66.59532928 -11.01416969 118.96570396
v -65.71784973 -15.40824032 125.27869987
v -65.95706940 -12.66899014 126.64130211
v -66.67855072 -9.05609703 120.32829857
v -65.71784973 -15.40824032 125.27869987
v 65.95707703 12.66901016 126.64130211
v 66.42524719 -10.47325993 122.54469872
v 66.28724670 -12.73775005 121.18220329
v 66.42524719 -10.47325993 122.54469872
v 65.69657898 -13.73270035 128.92059898
v 66.87831116 -9.14012432 116.92989922
v -66.91121674 7.51522779 118.29240227
v -66.67855072 -9.05609703 120.32829857
v -66.42523956 10.47327995 122.54469872
v -67.14025116 -5.58913803 116.28850365
v -67.15686035 -6.79759979 114.92590141
v -66.59532928 -11.01416969 118.96570396
v -66.67855072 -9.05609703 120.32829857
v -67.14025116 -5.58913803 116.28850365
v -66.59532928 -11.01416969 118.96570396
v 66.91123199 -7.51520920 118.29240227
v 66.87831116 -9.14012432 116.92989922
v 66.91123199 -7.51520920 118.29240227
v 66.42524719 -10.47325993 122.54469872
v 67.20645142 -6.22748613 114.56921196
v -67.20500946 4.90733290 115.72170067
v -67.14025116 -5.58913803 116.28850365
v 67.20501709 -4.90731001 115.72170067
v 66.67855835 9.05611706 120.32829857
v 67.20645142 -6.22748613 114.56921196
v 67.20501709 -4.90731001 115.72170067
v 66.91123199 -7.51520920 118.29240227
v -67.19831085 -6.22708511 114.62772179
v -67.21205902 -6.22810411 15.24060631
v -67.15686035 -6.79759979 114.92590141
v -67.14025116 -5.58913803 116.28850365
v -67.19831085 -6.22708511 114.62772179
v -67.15686035 -6.79759979 114.92590141
v -67.21205902 6.22812700 15.24060631
v -67.43418884 -2.97981310 112.93054771
v -67.21205902 6.22812700 15.24060631
v -67.21205902 -6.22810411 15.24060631
v -67.43418884 -2.97981310 112.93054771
v 67.21206665 6.22812700 15.24060631
v 67.21206665 6.22812700 15.24060631
v 67.43418884 2.97983503 112.93054771
v 67.21206665 -6.22810411 15.24060631
v 67.43418884 2.97983503 112.93054771
v 67.49948120 -0.26443481 112.46085167
v 67.21206665 -6.22810411 15.24060631
v 67.49948120 -0.26443481 112.46085167
v 67.42829895 -3.11051893 112.97302055
v 67.21206665 -6.22810411 15.24060631
v 67.42829895 -3.11051893 112.97302055
v 67.23562622 -5.96835279 114.35918236
v 67.21206665 -6.22810411 15.24060631
v 67.23562622 -5.96835279 114.35918236
v 67.20645142 -6.22748613 114.56921196
v 67.21206665 -6.22810411 15.24060631
v 67.23562622 -5.96835279 114.35918236
v 67.20501709 -4.90731001 115.72170067
v 67.20645142 -6.22748613 114.56921196
v -67.36827850 -2.45006609 114.29311180
v -67.43418884 -2.97981310 112.93054771
v -67.19831085 -6.22708511 114.62772179
v -67.14025116 -5.58913803 116.28850365
v -67.36827850 -2.45006609 114.29311180
v -67.19831085 -6.22708511 114.62772179
v 67.42829895 -3.11051893 112.97302055
v 67.20501709 -4.90731001 115.72170067
v 67.23562622 -5.96835279 114.35918236
v -67.36344147 2.55755591 114.33557701
v -67.36827850 -2.45006609 114.29311180
v 67.36344147 -2.55753303 114.33557701
v 67.14025116 5.58915710 116.28850365
v 67.42829895 -3.11051893 112.97302055
v 67.36344147 -2.55753303 114.33557701
v 67.20501709 -4.90731001 115.72170067
v 67.49948120 -0.26443481 112.46085167
v 67.36344147 -2.55753303 114.33557701
v 67.42829895 -3.11051893 112.97302055
v -67.49948120 0.26445770 112.46085167
v -67.21205902 6.22812700 15.24060631
v -67.43418884 -2.97981310 112.93054771
v -67.42195892 0.21744530 113.82340813
v -67.49948120 0.26445770 112.46085167
v -67.43418884 -2.97981310 112.93054771
v -67.36827850 -2.45006609 114.29311180
v -67.42195892 0.21744530 113.82340813
v -67.43418884 -2.97981310 112.93054771
v 67.42196655 -0.21742240 113.82340813
v 67.36830139 2.45008802 114.29311180
v 67.49948120 -0.26443481 112.46085167
v 67.42196655 -0.21742240 113.82340813
v 67.36344147 -2.55753303 114.33557701
v -67.42195892 0.21744530 113.82340813
v 67.43418884 2.97983503 112.93054771
v 67.42196655 -0.21742240 113.82340813
v 67.49948120 -0.26443481 112.46085167
v 67.43418884 2.97983503 112.93054771
v 67.36830139 2.45008802 114.29311180
v 67.42196655 -0.21742240 113.82340813
v 64.92324066 18.47225952 15.24060631
v 60.42351913 30.08735085 15.24060631
v 53.86616135 40.67784882 15.24060631
v 45.47446060 49.88311005 15.24060631
v 35.53416824 57.38967133 15.24060631
v 24.38381958 62.94189072 15.24060631
v 12.40308952 66.35070038 15.24060631
v 0.00000000 67.50000763 15.24060631
v -12.40308952 66.35070038 15.24060631
v -24.38381004 62.94189072 15.24060631
v -35.53416061 57.38967133 15.24060631
v -45.47444916 49.88311005 15.24060631
v -53.86616135 40.67784882 15.24060631
v -60.42351913 30.08735085 15.24060631
v -64.92324066 18.47225952 15.24060631
v -67.36344147 2.55755591 114.33557701
v -67.49948120 0.26445770 112.46085167
v -67.42195892 0.21744530 113.82340813
v -67.42829132 3.11053491 112.97302055
v -67.21205902 6.22812700 15.24060631
v -67.49948120 0.26445770 112.46085167
v -67.36344147 2.55755591 114.33557701
v -67.42829132 3.11053491 112.97302055
v -67.49948120 0.26445770 112.46085167
v 67.43418884 2.97983503 112.93054771
v 67.19831085 6.22710419 114.62772179
v 67.36830139 2.45008802 114.29311180
v 67.19831085 6.22710419 114.62772179
v 67.14025116 5.58915710 116.28850365
v 67.36830139 2.45008802 114.29311180
v -67.20500946 4.90733290 115.72170067
v -67.42829132 3.11053491 112.97302055
v -67.36344147 2.55755591 114.33557701
v 67.21206665 6.22812700 15.24060631
v 67.19831085 6.22710419 114.62772179
v 67.43418884 2.97983503 112.93054771
v -67.23561859 5.96837616 114.35918236
v -67.21205902 6.22812700 15.24060631
v -67.42829132 3.11053491 112.97302055
v -67.20500946 4.90733290 115.72170067
v -67.23561859 5.96837616 114.35918236
v -67.42829132 3.11053491 112.97302055
v -66.91121674 7.51522779 118.29240227
v -67.20642853 6.22750902 114.56921196
v -67.20500946 4.90733290 115.72170067
v -67.20642853 6.22750902 114.56921196
v -67.23561859 5.96837616 114.35918236
v -67.20500946 4.90733290 115.72170067
v 67.19831085 6.22710419 114.62772179
v 67.15686035 6.79762316 114.92590141
v 67.14025116 5.58915710 116.28850365
v 67.15686035 6.79762316 114.92590141
v 66.59533691 11.01418972 118.96570396
v 67.14025116 5.58915710 116.28850365
v 66.59533691 11.01418972 118.96570396
v 66.67855835 9.05611706 120.32829857
v 67.14025116 5.58915710 116.28850365
v -67.20642853 6.22750902 114.56921196
v -67.21205902 6.22812700 15.24060631
v -67.23561859 5.96837616 114.35918236
v 67.15686035 6.79762316 114.92590141
v -64.92324066 18.47225952 15.24060631
v -67.21205902 6.22812700 15.24060631
v -67.20642853 6.22750902 114.56921196
v -66.87831116 9.14014721 116.92989922
v -64.92324066 18.47225952 15.24060631
v -67.20642853 6.22750902 114.56921196
v -66.91121674 7.51522779 118.29240227
v -66.87831116 9.14014721 116.92989922
v -67.20642853 6.22750902 114.56921196
v 64.92324066 18.47225952 15.24060631
v 67.15686035 6.79762316 114.92590141
v 67.21206665 6.22812700 15.24060631
v 64.92324066 18.47225952 15.24060631
v 66.59533691 11.01418972 118.96570396
v 67.15686035 6.79762316 114.92590141
v -66.42523956 10.47327995 122.54469872
v 66.59533691 11.01418972 118.96570396
v 65.71784973 15.40826035 125.27869987
v 66.67855835 9.05611706 120.32829857
v 65.71784973 15.40826035 125.27869987
v 65.95707703 12.66901016 126.64130211
v 66.67855835 9.05611706 120.32829857
v -66.28724670 12.73777008 121.18220329
v -64.92324066 18.47225952 15.24060631
v -66.87831116 9.14014721 116.92989922
v -66.42523956 10.47327995 122.54469872
v -66.28724670 12.73777008 121.18220329
v -66.87831116 9.14014721 116.92989922
v -65.69657135 13.73272991 128.92059898
v 64.92324066 18.47225952 15.24060631
v 65.71784973 15.40826035 125.27869987
v 66.59533691 11.01418972 118.96570396
v 65.71784973 15.40826035 125.27869987
v 64.97019196 16.31509018 135.27650261
v 65.95707703 12.66901016 126.64130211
v -65.40103149 16.70195961 127.55799675
v -64.92324066 18.47225952 15.24060631
v -66.28724670 12.73777008 121.18220329
v -65.69657135 13.73272991 128.92059898
v -65.40103149 16.70195961 127.55799675
v -66.28724670 12.73777008 121.18220329
v -64.70021057 17.16834068 137.63870049
v -64.18923950 20.88040924 136.27619743
v -65.69657135 13.73272991 128.92059898
v -64.18923950 20.88040924 136.27619743
v -64.89038086 18.46278000 131.23190117
v -65.69657135 13.73272991 128.92059898
v -65.40103149 16.70195961 127.55799675
v 64.92324066 18.47225952 15.24060631
v 64.89093018 18.46339989 131.22800255
v 65.71784973 15.40826035 125.27869987
v 64.89093018 18.46339989 131.22800255
v 64.97019196 16.31509018 135.27650261
v 65.71784973 15.40826035 125.27869987
v 63.58718872 22.37376022 144.27220726
v 63.83678055 19.62516022 145.19380760
v 64.97019196 16.31509018 135.27650261
v 63.25057983 23.57150078 143.02940178
v 63.58718872 22.37376022 144.27220726
v 64.97019196 16.31509018 135.27650261
v 64.51760101 19.84267044 133.91390038
v 63.25057983 23.57150078 143.02940178
v 64.97019196 16.31509018 135.27650261
v 64.51760101 19.84267044 133.91390038
v -64.89038086 18.46278000 131.23190117
v -64.92324066 18.47225952 15.24060631
v -65.40103149 16.70195961 127.55799675
v -63.78582001 20.94103050 145.00569725
v -63.61037064 22.25699997 144.35790062
v -64.70021057 17.16834068 137.63870049
v -63.83676910 19.62516022 145.19380760
v -63.78582001 20.94103050 145.00569725
v -64.70021057 17.16834068 137.63870049
v -63.61037064 22.25699997 144.35790062
v -63.56832886 22.46364021 144.20259666
v -64.70021057 17.16834068 137.63870049
v -63.56832886 22.46364021 144.20259666
v -64.18923950 20.88040924 136.27619743
v -60.42351913 30.08735085 132.59119987
v -64.89038086 18.46278000 131.23190117
v -60.42351913 30.08735085 15.24060631
v -64.92324066 18.47225952 15.24060631
v -64.89038086 18.46278000 131.23190117
v -60.42351913 30.08735085 132.59119987
v 64.92324066 18.47225952 15.24060631
v 60.42351913 30.08735085 15.24060631
v 64.89093018 18.46339989 131.22800255
v 60.40272141 30.07737923 132.51450157
v 64.51760101 19.84267044 133.91390038
v 64.89093018 18.46339989 131.22800255
v 60.40272141 30.07737923 132.51450157
v -63.78582001 20.94103050 145.00569725
v 63.77378845 21.08090019 144.96120262
v 63.58718872 22.37376022 144.27220726
v 61.92282104 26.86664009 138.12699699
v 63.25057983 23.57150078 143.02940178
v 64.51760101 19.84267044 133.91390038
v 60.40272141 30.07737923 132.51450157
v 61.92282104 26.86664009 138.12699699
v 64.51760101 19.84267044 133.91390038
v -63.25056839 23.57150078 143.02940178
v -61.92280960 26.86664009 138.12699699
v -64.18923950 20.88040924 136.27619743
v -61.92280960 26.86664009 138.12699699
v -63.56832886 22.46364021 144.20259666
v -63.25056839 23.57150078 143.02940178
v -64.18923950 20.88040924 136.27619743
v -63.61037064 22.25699997 144.35790062
v -66.02533722 30.90430069 153.27449608
v -63.56832886 22.46364021 144.20259666
v 66.02268219 30.90420914 153.26459312
v 66.00830078 30.90374947 153.21150780
v 63.25057983 23.57150078 143.02940178
v -66.00830078 30.90374947 153.21150780
v -63.25056839 23.57150078 143.02940178
v -61.92280960 26.86664009 138.12699699
v 62.28678894 30.91589928 139.47089958
v 61.92282104 26.86664009 138.12699699
v -61.14949036 28.10417938 165.55969810
v -61.42425919 25.83958054 165.49919701
v -61.38188934 25.83485031 165.73990440
v -61.12424850 28.10692978 165.69499779
v -61.14949036 28.10417938 165.55969810
v -61.38188934 25.83485031 165.73990440
v -61.29082108 25.85429955 166.23720360
v -61.12424850 28.10692978 165.69499779
v 61.42427063 25.83958054 165.49919701
v 61.12424850 28.10692978 165.69499779
v 61.38190079 25.83485031 165.73990440
v 61.12424850 28.10692978 165.69499779
v 61.06760025 28.14290047 165.97510338
v 61.38190079 25.83485031 165.73990440
v 61.06760025 28.14290047 165.97510338
v 61.29082870 25.85429955 166.23720360
v 61.38190079 25.83485031 165.73990440
v -61.17304993 28.11096001 165.42589378
v -61.46509171 25.85342026 165.26100731
v -61.17304993 28.11096001 165.42589378
v -61.42425919 25.83958054 165.49919701
v 61.46509171 25.85342026 165.26100731
v 61.14949036 28.10417938 165.55969810
v 61.14949036 28.10417938 165.55969810
v 61.42427063 25.83958054 165.49919701
v -61.21496964 28.15162086 165.16570091
v -61.54159927 25.90698051 164.79599571
v -61.21496964 28.15162086 165.16570091
v -61.46509171 25.85342026 165.26100731
v 61.54161072 25.90698051 164.79599571
v 61.17306137 28.11096001 165.42589378
v 61.17306137 28.11096001 165.42589378
v 61.46509171 25.85342026 165.26100731
v -61.06758881 28.14290047 165.97510338
v -61.12424850 28.10692978 165.69499779
v -61.29082108 25.85429955 166.23720360
v -61.14582825 25.95541000 166.97969627
v 61.06760025 28.14290047 165.97510338
v 60.97169113 28.27148056 166.39439964
v 61.29082870 25.85429955 166.23720360
v 60.97169113 28.27148056 166.39439964
v 61.14582825 25.95541000 166.97969627
v -61.25123978 28.22822952 164.90830040
v -61.61349106 25.99530029 164.33420372
v 61.61349106 25.99530029 164.33420372
v 61.21498108 28.15162086 165.16570091
v 61.21498108 28.15162086 165.16570091
v 61.54161072 25.90698051 164.79599571
v -60.97169113 28.27148056 166.39439964
v -61.06758881 28.14290047 165.97510338
v -61.14582825 25.95541000 166.97969627
v -60.91518021 26.25297928 168.06130028
v -60.97169113 28.27148056 166.39439964
v 60.97169113 28.27148056 166.39439964
v 60.80796814 28.61500931 167.00650597
v 61.14582825 25.95541000 166.97969627
v 60.80796814 28.61500931 167.00650597
v 60.91519165 26.25297928 168.06130028
v -61.31026077 28.51211929 164.36609459
v -61.75260925 26.30100060 163.35350609
v -61.61349106 25.99530029 164.33420372
v -61.25123978 28.22822952 164.90830040
v 61.75260925 26.30100060 163.35350609
v 61.25125122 28.22822952 164.90830040
v -60.71852112 26.56291008 168.90740013
v -60.80796051 28.61500931 167.00650597
v -60.91518021 26.25297928 168.06130028
v -60.80796051 28.61500931 167.00650597
v -60.97169113 28.27148056 166.39439964
v -60.91518021 26.25297928 168.06130028
v 60.62981033 28.95664978 167.77890587
v 60.71852112 26.56291008 168.90740013
v 60.91519165 26.25297928 168.06130028
v 60.62981033 28.95664978 167.77890587
v -61.33491135 28.78053093 164.02379417
v -61.83184052 26.58176041 162.72760582
v -61.75260925 26.30100060 163.35350609
v -61.31026077 28.51211929 164.36609459
v -61.33491135 28.78053093 164.02379417
v -61.75260925 26.30100060 163.35350609
v 61.83184814 26.58176041 162.72760582
v 61.31026840 28.51211929 164.36609459
v 61.75260925 26.30100060 163.35350609
v 61.31026840 28.51211929 164.36609459
v 61.25125122 28.22822952 164.90830040
v 61.75260925 26.30100060 163.35350609
v -60.51013184 26.88637924 169.74309349
v -60.62981033 28.95664978 167.77890587
v -60.71852112 26.56291008 168.90740013
v -60.62981033 28.95664978 167.77890587
v -60.80796051 28.61500931 167.00650597
v -60.71852112 26.56291008 168.90740013
v 60.44094849 29.31336975 168.54210472
v 60.51013184 26.88637924 169.74309349
v 60.71852112 26.56291008 168.90740013
v 60.44094849 29.31336975 168.54210472
v -61.44316864 28.64652061 163.71799278
v -61.86204910 26.71583939 162.47209740
v -61.83184052 26.58176041 162.72760582
v -61.33491135 28.78053093 164.02379417
v -61.44316864 28.64652061 163.71799278
v -61.83184052 26.58176041 162.72760582
v 61.86206055 26.71583939 162.47209740
v 61.86214066 26.71896935 162.47130394
v 61.83184814 26.58176041 162.72760582
v 61.86214066 26.71896935 162.47130394
v 61.79851151 27.26589012 162.83150291
v 61.83184814 26.58176041 162.72760582
v 61.79851151 27.26589012 162.83150291
v 61.33491135 28.78053093 164.02379417
v 61.83184814 26.58176041 162.72760582
v 61.33491135 28.78053093 164.02379417
v 61.83184814 26.58176041 162.72760582
v -61.44316864 28.64652061 163.71799278
v -61.86214066 26.71896935 162.47130394
v -61.86204910 26.71583939 162.47209740
v -61.15533066 30.07902908 163.64630699
v -61.91819000 27.99699020 162.17980003
v -61.86214066 26.71896935 162.47130394
v -61.44316864 28.64652061 163.71799278
v -61.15533066 30.07902908 163.64630699
v -61.86214066 26.71896935 162.47130394
v 61.91820145 27.99699020 162.17980003
v 61.79851151 27.26589012 162.83150291
v 61.86214066 26.71896935 162.47130394
v -62.28678131 30.91589928 139.47089958
v -60.42351913 30.08735085 132.59119987
v 60.40272141 30.07737923 132.51450157
v -60.42670059 27.00935936 170.06259727
v -60.44094086 29.31336975 168.54210472
v -60.51013184 26.88637924 169.74309349
v -60.44094086 29.31336975 168.54210472
v -60.62981033 28.95664978 167.77890587
v -60.51013184 26.88637924 169.74309349
v 60.35269928 29.44573021 168.92889977
v 60.42670059 27.00935936 170.06259727
v 60.51013184 26.88637924 169.74309349
v 60.35269928 29.44573021 168.92889977
v 60.51013184 26.88637924 169.74309349
v -60.34035110 27.12557983 170.38510704
v -60.35269165 29.44573021 168.92889977
v -60.42670059 27.00935936 170.06259727
v -60.35269165 29.44573021 168.92889977
v -60.44094086 29.31336975 168.54210472
v -60.42670059 27.00935936 170.06259727
v 60.26050186 29.57007980 169.31920433
v 60.34035110 27.12557983 170.38510704
v 60.35269928 29.44573021 168.92889977
v 60.26050186 29.57007980 169.31920433
v 60.42670059 27.00935936 170.06259727
v -60.12828827 27.36857033 171.14549828
v -60.26049042 29.57007980 169.31920433
v -60.34035110 27.12557983 170.38510704
v -60.26049042 29.57007980 169.31920433
v -60.35269165 29.44573021 168.92889977
v -60.34035110 27.12557983 170.38510704
v 60.03068161 29.82694054 170.23889732
v 60.12828827 27.36857033 171.14549828
v 60.34035110 27.12557983 170.38510704
v 60.26050186 29.57007980 169.31920433
v 60.03068161 29.82694054 170.23889732
v 60.34035110 27.12557983 170.38510704
v 61.31000900 28.90596962 163.87689781
v 61.33491135 28.78053093 164.02379417
v 61.79851151 27.26589012 162.83150291
v 61.91820145 27.99699020 162.17980003
v 61.31000900 28.90596962 163.87689781
v 61.79851151 27.26589012 162.83150291
v -59.90026855 27.57168007 171.91879845
v -60.03068161 29.82694054 170.23889732
v -60.12828827 27.36857033 171.14549828
v -60.03068161 29.82694054 170.23889732
v -60.26049042 29.57007980 169.31920433
v -60.12828827 27.36857033 171.14549828
v 59.77888870 30.03647995 171.17360497
v 59.90026855 27.57168007 171.91879845
v 60.12828827 27.36857033 171.14549828
v 60.03068161 29.82694054 170.23889732
v 59.77888870 30.03647995 171.17360497
v 60.12828827 27.36857033 171.14549828
v -58.18951035 29.92436028 176.54059410
v -58.79611969 27.63355064 175.56279564
v -58.49983978 27.49548912 176.54059410
v -58.41701126 28.76030922 180.04059410
v -58.18951035 29.92436028 176.54059410
v -58.49983978 27.49548912 176.54059410
v -58.49983978 27.49548912 180.04059410
v -58.41701126 28.76030922 180.04059410
v -58.49983978 27.49548912 176.54059410
v 58.79613113 27.63355064 175.56279564
v 58.19392014 29.90737915 176.54059410
v 58.49985123 27.49548912 176.54059410
v 58.21350861 29.83041954 180.04059410
v 58.49985123 27.49548912 180.04059410
v 58.49985123 27.49548912 176.54059410
v 58.19392014 29.90737915 176.54059410
v 58.21350861 29.83041954 180.04059410
v 58.49985123 27.49548912 176.54059410
v -58.01853180 28.70775986 181.54059410
v -58.41701126 28.76030922 180.04059410
v -58.49983978 27.49548912 180.04059410
v -58.09791183 27.49548912 181.54059410
v 58.21350861 29.83041954 180.04059410
v 58.09791946 27.49548912 181.54059410
v 58.49985123 27.49548912 180.04059410
v -56.92987823 28.56418037 182.63869286
v -58.01853180 28.70775986 181.54059410
v -58.09791183 27.49548912 181.54059410
v -56.99982834 27.49548912 182.63869286
v 57.82358170 29.73291016 181.54059410
v 57.82358170 29.73291016 181.54059410
v 56.99983978 27.49548912 182.63869286
v 58.09791946 27.49548912 181.54059410
v -55.44276047 28.36804962 183.04059410
v -56.92987823 28.56418037 182.63869286
v -56.99982834 27.49548912 182.63869286
v -55.49983978 27.49548912 183.04059410
v 56.75830841 29.46652031 182.63869286
v 56.75830841 29.46652031 182.63869286
v 55.49983978 27.49548912 183.04059410
v 56.99983978 27.49548912 182.63869286
v -55.44276047 28.36804962 183.04059410
v 51.64109039 35.55976868 183.04059410
v 48.18856049 40.11436081 183.04059410
v 44.33563995 44.33565140 183.04059410
v 40.11434937 48.18856812 183.04059410
v -30.70969963 54.66455078 183.04059410
v -35.55974960 51.64110184 183.04059410
v -40.11434174 48.18856812 183.04059410
v -44.33563995 44.33565140 183.04059410
v -48.18854904 40.11436081 183.04059410
v -51.64107895 35.55976868 183.04059410
v -54.66453171 30.70972061 183.04059410
v -55.27505875 29.21095085 183.04059410
v 55.30313110 29.10260010 183.04059410
v 55.04042816 29.92030907 183.04059410
v 54.66453934 30.70972061 183.04059410
v 35.55976105 51.64110184 183.04059410
v 30.70970917 54.66455078 183.04059410
v 29.21095085 55.27507019 183.04059410
v 28.36804008 55.44276810 183.04059410
v 27.49547958 55.49985123 183.04059410
v -27.49547958 55.49985123 183.04059410
v -29.10259056 55.30313873 183.04059410
v -29.92029953 55.04042816 183.04059410
v 55.30313110 29.10260010 183.04059410
v -59.50909042 27.81110001 173.20979881
v -59.77888870 30.03647995 171.17360497
v -59.90026855 27.57168007 171.91879845
v -59.77888870 30.03647995 171.17360497
v -60.03068161 29.82694054 170.23889732
v -59.90026855 27.57168007 171.91879845
v 59.27231979 30.25987053 172.93449974
v 59.50909042 27.81110001 173.20979881
v 59.90026855 27.57168007 171.91879845
v 59.77888870 30.03647995 171.17360497
v 59.27231979 30.25987053 172.93449974
v 59.90026855 27.57168007 171.91879845
v -58.18951035 29.92436028 176.54059410
v -57.49832153 32.27743149 175.82520103
v -58.79611969 27.63355064 175.56279564
v -57.49832153 32.27743149 175.82520103
v -57.80022049 32.41350174 174.83560753
v -58.79611969 27.63355064 175.56279564
v -59.09598160 27.77326012 174.57320213
v 57.28007126 32.17908096 176.54059410
v 58.19392014 29.90737915 176.54059410
v 58.79613113 27.63355064 175.56279564
v 57.49832153 32.27743149 175.82520103
v 57.28007126 32.17908096 176.54059410
v 58.79613113 27.63355064 175.56279564
v 59.09598160 27.77326012 174.57320213
v -58.46947861 30.10349083 174.63309288
v -59.11188126 27.78043938 174.52069664
v 57.80022049 32.41350174 174.83560753
v 58.46947861 30.10349083 174.63309288
v 59.11188126 27.78043938 174.52069664
v -59.27231979 30.25987053 172.93449974
v -59.50909042 27.81110001 173.20979881
v -59.11188126 27.78043938 174.52069664
v -58.46947861 30.10349083 174.63309288
v -59.27231979 30.25987053 172.93449974
v -59.11188126 27.78043938 174.52069664
v 59.50909042 27.81110001 173.20979881
v 58.46947861 30.10349083 174.63309288
v 59.11188126 27.78043938 174.52069664
v -59.27231979 30.25987053 172.93449974
v -59.77888870 30.03647995 171.17360497
v -59.50909042 27.81110001 173.20979881
v 59.27231979 30.25987053 172.93449974
v 58.46947861 30.10349083 174.63309288
v 59.50909042 27.81110001 173.20979881
v -60.99013901 31.29685020 163.43170738
v -62.00743866 29.39274025 161.92149925
v -61.91819000 27.99699020 162.17980003
v -61.15533066 30.07902908 163.64630699
v -60.99013901 31.29685020 163.43170738
v -61.91819000 27.99699020 162.17980003
v 61.15533066 30.07902908 163.64630699
v 61.31000900 28.90596962 163.87689781
v 61.91820145 27.99699020 162.17980003
v 62.00745010 29.39274025 161.92149925
v 61.15533066 30.07902908 163.64630699
v 61.91820145 27.99699020 162.17980003
v -60.38262177 30.25090027 165.49550438
v -61.17304993 28.11096001 165.42589378
v -61.14949036 28.10417938 165.55969810
v -60.37593842 30.25085068 165.52789879
v -60.38262177 30.25090027 165.49550438
v -61.14949036 28.10417938 165.55969810
v -61.12424850 28.10692978 165.69499779
v -60.37593842 30.25085068 165.52789879
v -61.14949036 28.10417938 165.55969810
v 61.17306137 28.11096001 165.42589378
v 60.37594986 30.25085068 165.52789879
v 61.14949036 28.10417938 165.55969810
v 60.37594986 30.25085068 165.52789879
v 60.36513138 30.26016045 165.56050682
v 61.14949036 28.10417938 165.55969810
v 60.36513138 30.26016045 165.56050682
v 61.12424850 28.10692978 165.69499779
v 61.14949036 28.10417938 165.55969810
v -60.36513138 30.26016045 165.56050682
v -60.37593842 30.25085068 165.52789879
v -61.12424850 28.10692978 165.69499779
v -61.06758881 28.14290047 165.97510338
v -60.36513138 30.26016045 165.56050682
v -61.12424850 28.10692978 165.69499779
v 60.36513138 30.26016045 165.56050682
v 60.32992172 30.30891991 165.62810326
v 61.12424850 28.10692978 165.69499779
v 60.32992172 30.30891991 165.62810326
v 61.06760025 28.14290047 165.97510338
v 61.12424850 28.10692978 165.69499779
v -60.38404846 30.27770042 165.43239403
v -61.21496964 28.15162086 165.16570091
v -61.17304993 28.11096001 165.42589378
v -60.38262177 30.25090027 165.49550438
v -60.38404846 30.27770042 165.43239403
v -61.17304993 28.11096001 165.42589378
v 61.21498108 28.15162086 165.16570091
v 60.38262939 30.25090027 165.49550438
v 61.17306137 28.11096001 165.42589378
v 60.38262939 30.25090027 165.49550438
v 60.37594986 30.25085068 165.52789879
v 61.17306137 28.11096001 165.42589378
v -60.32992172 30.30891991 165.62810326
v -60.36513138 30.26016045 165.56050682
v -61.06758881 28.14290047 165.97510338
v -60.97169113 28.27148056 166.39439964
v -60.32992172 30.30891991 165.62810326
v -61.06758881 28.14290047 165.97510338
v 60.32992172 30.30891991 165.62810326
v 60.24528122 30.45466995 165.72890282
v 61.06760025 28.14290047 165.97510338
v 60.24528122 30.45466995 165.72890282
v 60.97169113 28.27148056 166.39439964
v 61.06760025 28.14290047 165.97510338
v -60.37015915 30.33954048 165.36969566
v -61.25123978 28.22822952 164.90830040
v -61.21496964 28.15162086 165.16570091
v -60.38404846 30.27770042 165.43239403
v -60.37015915 30.33954048 165.36969566
v -61.21496964 28.15162086 165.16570091
v 61.25125122 28.22822952 164.90830040
v 60.38404846 30.27770042 165.43239403
v 61.21498108 28.15162086 165.16570091
v 60.38404846 30.27770042 165.43239403
v 60.38262939 30.25090027 165.49550438
v 61.21498108 28.15162086 165.16570091
v -60.28924179 30.58815002 165.23650169
v -61.31026077 28.51211929 164.36609459
v -61.25123978 28.22822952 164.90830040
v -60.37015915 30.33954048 165.36969566
v -60.28924179 30.58815002 165.23650169
v -61.25123978 28.22822952 164.90830040
v 61.31026840 28.51211929 164.36609459
v 60.37017059 30.33954048 165.36969566
v 61.25125122 28.22822952 164.90830040
v 60.37017059 30.33954048 165.36969566
v 60.38404846 30.27770042 165.43239403
v 61.25125122 28.22822952 164.90830040
v -60.24526978 30.45466995 165.72890282
v -60.32992172 30.30891991 165.62810326
v -60.97169113 28.27148056 166.39439964
v -60.80796051 28.61500931 167.00650597
v -60.24526978 30.45466995 165.72890282
v -60.97169113 28.27148056 166.39439964
v 60.24528122 30.45466995 165.72890282
v 60.05379105 30.81871033 165.87579918
v 60.97169113 28.27148056 166.39439964
v 60.05379105 30.81871033 165.87579918
v 60.80796814 28.61500931 167.00650597
v 60.97169113 28.27148056 166.39439964
v -55.27505875 29.21095085 183.04059410
v -56.92987823 28.56418037 182.63869286
v -55.44276047 28.36804962 183.04059410
v -60.28924179 30.58815002 165.23650169
v -61.33491135 28.78053093 164.02379417
v -61.31026077 28.51211929 164.36609459
v 61.33491135 28.78053093 164.02379417
v 60.22705841 30.75757980 165.17709923
v 61.31026840 28.51211929 164.36609459
v 60.22705841 30.75757980 165.17709923
v 60.28924179 30.58815002 165.23650169
v 61.31026840 28.51211929 164.36609459
v 60.28924179 30.58815002 165.23650169
v 60.37017059 30.33954048 165.36969566
v 61.31026840 28.51211929 164.36609459
v -56.72391129 29.59930992 182.63869286
v -58.01853180 28.70775986 181.54059410
v -56.92987823 28.56418037 182.63869286
v -56.72391129 29.59930992 182.63869286
v -60.62981033 28.95664978 167.77890587
v -60.05379105 30.81871033 165.87579918
v -60.80796051 28.61500931 167.00650597
v -60.05379105 30.81871033 165.87579918
v -60.24526978 30.45466995 165.72890282
v -60.80796051 28.61500931 167.00650597
v 59.86568069 31.18255043 166.56520653
v 60.62981033 28.95664978 167.77890587
v 60.80796814 28.61500931 167.00650597
v 60.05379105 30.81871033 165.87579918
v 59.86568069 31.18255043 166.56520653
v 60.80796814 28.61500931 167.00650597
v -61.33491135 28.78053093 164.02379417
v -61.31201935 28.90156937 163.87410545
v -61.44316864 28.64652061 163.71799278
v -61.31201935 28.90156937 163.87410545
v -61.15533066 30.07902908 163.64630699
v -61.44316864 28.64652061 163.71799278
v -58.18552017 29.92357063 180.04059410
v -58.41701126 28.76030922 180.04059410
v -58.01853180 28.70775986 181.54059410
v -57.78453827 29.88360977 181.54059410
v -57.78453827 29.88360977 181.54059410
v -58.18552017 29.92357063 180.04059410
v -58.18951035 29.92436028 176.54059410
v -58.41701126 28.76030922 180.04059410
v -60.50550842 30.47002029 164.83449364
v -60.20024872 30.83064079 165.15149498
v -60.50550842 30.47002029 164.83449364
v -61.33491135 28.78053093 164.02379417
v -60.22705841 30.75757980 165.17709923
v -60.20024872 30.83064079 165.15149498
v -61.33491135 28.78053093 164.02379417
v -60.28924179 30.58815002 165.23650169
v 61.22977066 29.17538071 164.04860497
v 61.22977066 29.17538071 164.04860497
v 60.20026016 30.83064079 165.15149498
v 61.33491135 28.78053093 164.02379417
v 60.20026016 30.83064079 165.15149498
v 60.22705841 30.75757980 165.17709923
v 61.33491135 28.78053093 164.02379417
v -60.50550842 30.47002029 164.83449364
v 61.15533066 30.07902908 163.64630699
v 61.22977066 29.17538071 164.04860497
v 61.31000900 28.90596962 163.87689781
v -60.44094086 29.31336975 168.54210472
v -59.86566925 31.18255043 166.56520653
v -60.62981033 28.95664978 167.77890587
v -59.86566925 31.18255043 166.56520653
v -60.05379105 30.81871033 165.87579918
v -60.62981033 28.95664978 167.77890587
v 59.66635132 31.56228065 167.24609947
v 60.44094849 29.31336975 168.54210472
v 60.62981033 28.95664978 167.77890587
v 59.86568069 31.18255043 166.56520653
v 59.66635132 31.56228065 167.24609947
v 60.62981033 28.95664978 167.77890587
v 56.75830841 29.46652031 182.63869286
v 56.43516159 30.47233963 182.63869286
v 55.30313110 29.10260010 183.04059410
v 55.04042816 29.92030907 183.04059410
v 60.15475082 30.95005035 165.11629295
v 60.20026016 30.83064079 165.15149498
v 61.22977066 29.17538071 164.04860497
v 61.15533066 30.07902908 163.64630699
v 60.15475082 30.95005035 165.11629295
v 61.22977066 29.17538071 164.04860497
v -54.66453171 30.70972061 183.04059410
v -56.72391129 29.59930992 182.63869286
v -55.27505875 29.21095085 183.04059410
v -60.35269165 29.44573021 168.92889977
v -59.66635132 31.56228065 167.24609947
v -60.44094086 29.31336975 168.54210472
v -59.66635132 31.56228065 167.24609947
v -60.44094086 29.31336975 168.54210472
v 59.58538818 31.70602036 167.69240379
v 60.35269928 29.44573021 168.92889977
v 60.44094849 29.31336975 168.54210472
v 59.66635132 31.56228065 167.24609947
v 59.58538818 31.70602036 167.69240379
v 60.44094849 29.31336975 168.54210472
v -60.99013901 31.29685020 163.43170738
v -62.04956818 29.87709045 161.83339500
v -62.00743866 29.39274025 161.92149925
v 60.99013901 31.29685020 163.43170738
v 61.15533066 30.07902908 163.64630699
v 62.00745010 29.39274025 161.92149925
v 62.05187988 29.83890915 161.83460045
v 60.99013901 31.29685020 163.43170738
v 62.00745010 29.39274025 161.92149925
v -60.26049042 29.57007980 169.31920433
v -59.58538055 31.70602036 167.69240379
v -60.35269165 29.44573021 168.92889977
v -59.58538055 31.70602036 167.69240379
v -59.66635132 31.56228065 167.24609947
v -60.35269165 29.44573021 168.92889977
v 59.49929047 31.84057999 168.14299583
v 60.26050186 29.57007980 169.31920433
v 60.35269928 29.44573021 168.92889977
v 59.58538818 31.70602036 167.69240379
v 59.49929047 31.84057999 168.14299583
v 60.35269928 29.44573021 168.92889977
v 57.82358170 29.73291016 181.54059410
v 57.45616913 30.87644005 181.54059410
v 56.75830841 29.46652031 182.63869286
v 56.43516159 30.47233963 182.63869286
v -60.03068161 29.82694054 170.23889732
v -59.49929047 31.84057999 168.14299583
v -60.26049042 29.57007980 169.31920433
v -59.49929047 31.84057999 168.14299583
v -59.58538055 31.70602036 167.69240379
v -60.26049042 29.57007980 169.31920433
v 59.27891159 32.11629105 169.20509911
v 60.03068161 29.82694054 170.23889732
v 60.26050186 29.57007980 169.31920433
v 59.27891159 32.11629105 169.20509911
v -55.97230148 31.44440079 182.63869286
v -57.78453827 29.88360977 181.54059410
v -56.72391129 29.59930992 182.63869286
v -55.97230148 31.44440079 182.63869286
v 58.21350861 29.83041954 180.04059410
v 58.18925858 29.90587997 180.04059410
v 57.82358170 29.73291016 181.54059410
v 57.45616913 30.87644005 181.54059410
v -59.77888870 30.03647995 171.17360497
v -59.27891159 32.11629105 169.20509911
v -60.03068161 29.82694054 170.23889732
v -59.27891159 32.11629105 169.20509911
v -59.49929047 31.84057999 168.14299583
v -60.03068161 29.82694054 170.23889732
v 59.02959061 32.33749008 170.28520775
v 59.77888870 30.03647995 171.17360497
v 60.03068161 29.82694054 170.23889732
v 59.27891159 32.11629105 169.20509911
v 59.02959061 32.33749008 170.28520775
v 60.03068161 29.82694054 170.23889732
v 58.19392014 29.90737915 176.54059410
v 58.18925858 29.90587997 180.04059410
v 58.21350861 29.83041954 180.04059410
v 62.13822937 30.70573044 161.66580772
v 61.33657837 32.63325882 162.50110435
v 62.05187988 29.83890915 161.83460045
v 61.33657837 32.63325882 162.50110435
v 60.99013901 31.29685020 163.43170738
v 62.05187988 29.83890915 161.83460045
v -62.08549881 30.29002953 161.75830650
v -58.17276001 29.98767090 180.04059410
v -56.92964935 31.98221970 181.54059410
v -58.17276001 29.98767090 180.04059410
v -57.78453827 29.88360977 181.54059410
v -56.92964935 31.98221970 181.54059410
v 57.82989120 31.02434921 180.04059410
v 57.82989120 31.02434921 180.04059410
v 57.28007126 32.17908096 176.54059410
v 57.82989120 31.02434921 180.04059410
v 58.19392014 29.90737915 176.54059410
v 56.43516159 30.47233963 182.63869286
v 55.97230148 31.44440079 182.63869286
v 55.04042816 29.92030907 183.04059410
v 54.66453934 30.70972061 183.04059410
v -58.17276001 29.98767090 180.04059410
v -57.28005981 32.17908096 176.54059410
v -57.49832153 32.27743149 175.82520103
v -58.18951035 29.92436028 176.54059410
v -58.17276001 29.98767090 180.04059410
v -57.28005981 32.17908096 176.54059410
v -58.18951035 29.92436028 176.54059410
v -57.28005981 32.17908096 180.04059410
v -57.28005981 32.17908096 176.54059410
v -58.17276001 29.98767090 180.04059410
v -57.28005981 32.17908096 180.04059410
v -59.02959061 32.33749008 170.28520775
v -59.27891159 32.11629105 169.20509911
v -59.77888870 30.03647995 171.17360497
v -58.82469940 32.41751862 171.08640099
v -59.02959061 32.33749008 170.28520775
v -59.77888870 30.03647995 171.17360497
v -59.27231979 30.25987053 172.93449974
v -58.82469940 32.41751862 171.08640099
v -59.77888870 30.03647995 171.17360497
v 58.82471085 32.41751862 171.08640099
v 59.27231979 30.25987053 172.93449974
v 59.77888870 30.03647995 171.17360497
v 59.02959061 32.33749008 170.28520775
v 58.82471085 32.41751862 171.08640099
v 59.77888870 30.03647995 171.17360497
v 60.42351913 30.08735085 15.24060631
v 60.02774048 30.86941910 131.12990379
v 60.40272141 30.07737923 132.51450157
v 60.02774048 30.86941910 131.12990379
v -59.76419067 32.01393127 164.82449913
v -60.99013901 31.29685020 163.43170738
v -61.15533066 30.07902908 163.64630699
v -60.50550842 30.47002029 164.83449364
v -59.76419067 32.01393127 164.82449913
v -61.15533066 30.07902908 163.64630699
v 59.76419067 32.01393127 164.82449913
v 60.15475082 30.95005035 165.11629295
v 61.15533066 30.07902908 163.64630699
v 60.99013901 31.29685020 163.43170738
v 59.76419067 32.01393127 164.82449913
v 61.15533066 30.07902908 163.64630699
v -60.02774048 30.86941910 131.12990379
v -59.29764938 32.24962997 128.81130028
v -60.42351913 30.08735085 15.24060631
v -59.29764938 32.24962997 128.81130028
v -58.87356186 33.01747131 127.78729820
v -60.42351913 30.08735085 15.24060631
v -58.87356186 33.01747131 127.78729820
v -58.59257126 33.50819016 127.28480339
v -60.42351913 30.08735085 15.24060631
v -58.27370834 34.06501007 126.71459770
v -58.27370834 34.06501007 126.71459770
v -57.54560852 35.28105164 125.98720360
v -60.42351913 30.08735085 15.24060631
v -57.54560852 35.28105164 125.98720360
v -57.21606064 35.80257034 125.86669731
v -60.42351913 30.08735085 15.24060631
v -56.77613068 36.49874115 125.70580101
v -56.70143127 36.61692810 125.67850304
v -56.56703186 36.82962036 125.62930107
v -54.06921005 40.40755844 125.62650108
v -53.86616135 40.67784882 15.24060631
v -56.55551910 36.84730148 125.62650108
v -54.06921005 40.40755844 125.62650108
v -60.42351913 30.08735085 15.24060631
v -56.56703186 36.82962036 125.62930107
v -56.55551910 36.84730148 125.62650108
v -60.42351913 30.08735085 15.24060631
v -60.42351913 30.08735085 132.59119987
v -60.02774048 30.86941910 131.12990379
v -60.42351913 30.08735085 15.24060631
v 54.06921005 40.40755844 125.62650108
v 56.55553055 36.84730148 125.62650108
v 60.42351913 30.08735085 15.24060631
v 56.55553055 36.84730148 125.62650108
v 56.56703949 36.82962036 125.62930107
v 60.42351913 30.08735085 15.24060631
v 56.56703949 36.82962036 125.62930107
v 56.68460083 36.64712906 125.66160393
v 60.42351913 30.08735085 15.24060631
v 56.74948120 36.54642105 125.67940331
v 56.92073822 36.28059006 125.72640038
v 56.92073822 36.28059006 125.72640038
v 57.18046951 35.86513138 125.83479881
v 60.42351913 30.08735085 15.24060631
v 57.54561996 35.28105164 125.98720360
v 57.54561996 35.28105164 125.98720360
v 57.79460907 34.87168121 126.16489983
v 60.42351913 30.08735085 15.24060631
v 57.79460907 34.87168121 126.16489983
v 58.43830872 33.78187180 126.96610069
v 60.42351913 30.08735085 15.24060631
v 58.43830872 33.78187180 126.96610069
v 58.59206009 33.50872040 127.28670311
v 60.42351913 30.08735085 15.24060631
v 59.19752121 32.43307114 128.54910088
v 59.19752121 32.43307114 128.54910088
v 60.02774048 30.86941910 131.12990379
v 60.42351913 30.08735085 15.24060631
v 53.85736847 40.67076874 125.62650108
v 54.06921005 40.40755844 125.62650108
v 60.42351913 30.08735085 15.24060631
v 53.86616135 40.67784882 15.24060631
v 53.85736847 40.67076874 125.62650108
v -60.02774048 30.86941910 131.12990379
v -57.82706833 32.42652893 174.74559593
v -58.46355820 32.55857849 172.49840355
v -59.27231979 30.25987053 172.93449974
v -58.46947861 30.10349083 174.63309288
v -57.82706833 32.42652893 174.74559593
v -58.46355820 32.55857849 172.49840355
v -58.46947861 30.10349083 174.63309288
v 57.82707977 32.42652893 174.74559593
v 59.27231979 30.25987053 172.93449974
v 57.82707977 32.42652893 174.74559593
v 58.46947861 30.10349083 174.63309288
v -60.38404846 30.27770042 165.43239403
v -60.38262177 30.25090027 165.49550438
v -60.37593842 30.25085068 165.52789879
v -60.14841080 30.69178009 165.55190086
v -60.38404846 30.27770042 165.43239403
v -60.37593842 30.25085068 165.52789879
v -60.36513138 30.26016045 165.56050682
v -60.14841080 30.69178009 165.55190086
v -60.37593842 30.25085068 165.52789879
v 60.32992172 30.30891991 165.62810326
v 60.36513138 30.26016045 165.56050682
v 60.37594986 30.25085068 165.52789879
v 60.14841080 30.69178009 165.55190086
v 60.32992172 30.30891991 165.62810326
v 60.37594986 30.25085068 165.52789879
v 60.38262939 30.25090027 165.49550438
v 60.14841080 30.69178009 165.55190086
v 60.37594986 30.25085068 165.52789879
v 60.38404846 30.27770042 165.43239403
v 60.14841080 30.69178009 165.55190086
v 60.38262939 30.25090027 165.49550438
v -58.46355820 32.55857849 172.49840355
v -58.82469940 32.41751862 171.08640099
v -59.27231979 30.25987053 172.93449974
v 58.82471085 32.41751862 171.08640099
v 58.46356964 32.55857849 172.49840355
v 59.27231979 30.25987053 172.93449974
v 58.46356964 32.55857849 172.49840355
v 57.82707977 32.42652893 174.74559593
v 59.27231979 30.25987053 172.93449974
v -60.32992172 30.30891991 165.62810326
v -60.14841080 30.69178009 165.55190086
v -60.36513138 30.26016045 165.56050682
v -60.14841080 30.69178009 165.55190086
v -60.37015915 30.33954048 165.36969566
v -60.38404846 30.27770042 165.43239403
v 60.37017059 30.33954048 165.36969566
v 60.14841080 30.69178009 165.55190086
v 60.38404846 30.27770042 165.43239403
v -60.99013901 31.29685020 163.43170738
v -61.18666840 32.21242142 162.83699608
v -62.08549881 30.29002953 161.75830650
v -61.18666840 32.21242142 162.83699608
v -61.37852859 32.72626877 162.41780663
v -62.08549881 30.29002953 161.75830650
v -61.37852859 32.72626877 162.41780663
v -62.15237045 30.79804993 161.64279747
v -62.08549881 30.29002953 161.75830650
v -60.24526978 30.45466995 165.72890282
v -60.14841080 30.69178009 165.55190086
v -60.32992172 30.30891991 165.62810326
v 60.14841080 30.69178009 165.55190086
v 60.24528122 30.45466995 165.72890282
v 60.32992172 30.30891991 165.62810326
v -60.14841080 30.69178009 165.55190086
v -60.28924179 30.58815002 165.23650169
v -60.37015915 30.33954048 165.36969566
v 60.28924179 30.58815002 165.23650169
v 60.14841080 30.69178009 165.55190086
v 60.37017059 30.33954048 165.36969566
v -60.05379105 30.81871033 165.87579918
v -60.14841080 30.69178009 165.55190086
v -60.24526978 30.45466995 165.72890282
v 60.14841080 30.69178009 165.55190086
v 60.05379105 30.81871033 165.87579918
v 60.24528122 30.45466995 165.72890282
v -60.20024872 30.83064079 165.15149498
v -60.15473938 30.95005035 165.11629295
v -60.50550842 30.47002029 164.83449364
v -60.15473938 30.95005035 165.11629295
v -59.76419067 32.01393127 164.82449913
v -60.50550842 30.47002029 164.83449364
v 57.45616913 30.87644005 181.54059410
v 56.92966080 31.98221970 181.54059410
v 56.43516159 30.47233963 182.63869286
v 55.97230148 31.44440079 182.63869286
v -59.28678131 32.53252029 165.17690086
v -60.22705841 30.75757980 165.17709923
v -60.28924179 30.58815002 165.23650169
v -60.14841080 30.69178009 165.55190086
v -59.28678131 32.53252029 165.17690086
v -60.28924179 30.58815002 165.23650169
v 60.22705841 30.75757980 165.17709923
v 60.14841080 30.69178009 165.55190086
v 60.28924179 30.58815002 165.23650169
v -60.05379105 30.81871033 165.87579918
v -59.17625046 32.47185898 165.87579918
v -60.14841080 30.69178009 165.55190086
v -59.17625046 32.47185898 165.87579918
v -59.28678131 32.53252029 165.17690086
v -60.14841080 30.69178009 165.55190086
v 56.83385849 36.64970016 165.17690086
v 60.05379105 30.81871033 165.87579918
v 60.14841080 30.69178009 165.55190086
v 60.22705841 30.75757980 165.17709923
v 56.83385849 36.64970016 165.17690086
v 60.14841080 30.69178009 165.55190086
v 62.22753906 31.17963982 161.53099632
v 61.33657837 32.63325882 162.50110435
v 62.13822937 30.70573044 161.66580772
v -51.64107895 35.55976868 183.04059410
v -55.97230148 31.44440079 182.63869286
v -54.66453171 30.70972061 183.04059410
v 55.97230148 31.44440079 182.63869286
v 52.87651825 36.41048050 182.63869286
v 54.66453934 30.70972061 183.04059410
v 51.64109039 35.55976868 183.04059410
v -60.20024872 30.83064079 165.15149498
v 60.20026016 30.83064079 165.15149498
v 56.83385849 36.64970016 165.17690086
v 60.22705841 30.75757980 165.17709923
v -61.37852859 32.72626877 162.41780663
v -61.62633896 33.12643814 161.99089622
v -62.15237045 30.79804993 161.64279747
v -61.62633896 33.12643814 161.99089622
v -62.23231125 31.19845963 161.52440453
v -62.15237045 30.79804993 161.64279747
v -59.86566925 31.18255043 166.56520653
v -59.17625046 32.47185898 165.87579918
v -60.05379105 30.81871033 165.87579918
v 56.83385849 36.64970016 165.17690086
v 56.72790146 36.58137131 165.87579918
v 60.05379105 30.81871033 165.87579918
v 56.72790146 36.58137131 165.87579918
v 59.86568069 31.18255043 166.56520653
v 60.05379105 30.81871033 165.87579918
v -59.28678131 32.53252029 165.17690086
v -60.15473938 30.95005035 165.11629295
v -60.20024872 30.83064079 165.15149498
v 60.15475082 30.95005035 165.11629295
v 56.83385849 36.64970016 165.17690086
v 60.20026016 30.83064079 165.15149498
v -62.28678131 30.91589928 139.47089958
v -59.29764938 32.24962997 128.81130028
v -60.02774048 30.86941910 131.12990379
v 61.96585083 33.46524048 139.54980278
v 62.28678894 30.91589928 139.47089958
v 60.02774048 30.86941910 131.12990379
v 59.19752121 32.43307114 128.54910088
v 61.96585083 33.46524048 139.54980278
v 60.02774048 30.86941910 131.12990379
v 57.82989120 31.02434921 180.04059410
v 57.28007126 32.17908096 180.04059410
v 57.45616913 30.87644005 181.54059410
v 56.92966080 31.98221970 181.54059410
v -61.96583939 33.46524048 139.54980278
v -62.28678131 30.91589928 139.47089958
v -66.00830078 30.90374947 153.21150780
v -65.72641754 33.31518173 153.29970360
v -61.96583939 33.46524048 139.54980278
v -66.00830078 30.90374947 153.21150780
v -66.02533722 30.90430069 153.27449608
v 62.28678894 30.91589928 139.47089958
v 65.72644043 33.31518173 153.29970360
v 66.00830078 30.90374947 153.21150780
v 65.77246094 33.31052017 153.46489525
v 66.02268219 30.90420914 153.26459312
v 65.77246094 33.31052017 153.46489525
v 65.88993073 32.94939041 153.58409691
v 66.02268219 30.90420914 153.26459312
v 65.88993073 32.94939041 153.58409691
v 66.09645081 30.90658951 153.53699303
v 66.02268219 30.90420914 153.26459312
v -65.80783844 33.30290985 153.60370445
v -65.77252197 33.31013107 153.46480370
v -66.02533722 30.90430069 153.27449608
v -66.09642792 30.90658951 153.53699303
v -65.80783844 33.30290985 153.60370445
v -65.77252197 33.31013107 153.46480370
v -66.27738190 30.96360970 154.57320213
v -65.80783844 33.30290985 153.60370445
v -66.09642792 30.90658951 153.53699303
v 65.88993073 32.94939041 153.58409691
v 66.29550171 31.01489067 155.13989830
v 66.09645081 30.90658951 153.53699303
v -61.96583939 33.46524048 139.54980278
v -59.29764938 32.24962997 128.81130028
v -62.28678131 30.91589928 139.47089958
v 65.72644043 33.31518173 153.29970360
v -59.28678131 32.53252029 165.17690086
v -59.76419067 32.01393127 164.82449913
v -60.15473938 30.95005035 165.11629295
v 59.76419067 32.01393127 164.82449913
v 56.83385849 36.64970016 165.17690086
v 60.15475082 30.95005035 165.11629295
v -66.24581909 31.01230049 155.02770042
v -65.80783844 33.30290985 153.60370445
v -66.27738190 30.96360970 154.57320213
v -65.99108124 33.37005997 155.04599571
v -65.80783844 33.30290985 153.60370445
v -66.24581909 31.01230049 155.02770042
v -66.21829987 31.05479050 155.42430687
v -65.99108124 33.37005997 155.04599571
v -66.24581909 31.01230049 155.02770042
v 65.88993073 32.94939041 153.58409691
v 65.98117065 33.32701874 155.62999535
v 66.29550171 31.01489067 155.13989830
v 65.98117065 33.32701874 155.62999535
v 66.25003052 31.04912949 155.42349815
v 66.29550171 31.01489067 155.13989830
v 57.28007126 32.17908096 176.54059410
v 57.28007126 32.17908096 180.04059410
v 57.82989120 31.02434921 180.04059410
v 66.22756195 31.06603050 155.56360435
v -66.15792847 31.14797020 156.29419518
v 66.03852844 31.20829964 156.74260521
v -65.82170105 33.39519119 156.48799706
v -65.99108124 33.37005997 155.04599571
v -66.15792847 31.14797020 156.29419518
v -66.07563019 31.17797089 156.50909996
v -65.82170105 33.39519119 156.48799706
v -66.15792847 31.14797020 156.29419518
v -65.68132019 31.32168961 157.53859520
v 62.33489990 31.47584915 161.39519310
v 61.61108017 33.10779953 162.01450157
v 62.22753906 31.17963982 161.53099632
v 61.61108017 33.10779953 162.01450157
v 61.33657837 32.63325882 162.50110435
v 62.22753906 31.17963982 161.53099632
v -59.66635132 31.56228065 167.24609947
v -59.17625046 32.47185898 165.87579918
v -59.86566925 31.18255043 166.56520653
v 59.66635132 31.56228065 167.24609947
v -61.62633896 33.12643814 161.99089622
v -61.93658829 33.38230896 161.56439781
v -62.23231125 31.19845963 161.52440453
v -61.93658829 33.38230896 161.56439781
v -62.32654953 31.46147919 161.40489769
v -62.23231125 31.19845963 161.52440453
v 65.98117065 33.32701874 155.62999535
v 65.46546936 33.16727066 157.65019798
v 66.03852844 31.20829964 156.74260521
v 65.46546936 33.16727066 157.65019798
v 65.69892120 31.31863022 157.52130699
v 66.03852844 31.20829964 156.74260521
v -59.53979874 32.67181015 164.66339684
v -59.40439987 33.06879044 164.56619835
v -60.99013901 31.29685020 163.43170738
v -59.76419067 32.01393127 164.82449913
v -59.40439987 33.06879044 164.56619835
v -59.83914185 34.02585983 163.58719444
v -60.99013901 31.29685020 163.43170738
v -59.83914185 34.02585983 163.58719444
v -61.18666840 32.21242142 162.83699608
v -60.99013901 31.29685020 163.43170738
v 59.40439987 33.06879044 164.56619835
v 59.76419067 32.01393127 164.82449913
v 60.99013901 31.29685020 163.43170738
v 61.33657837 32.63325882 162.50110435
v 59.40439987 33.06879044 164.56619835
v 60.99013901 31.29685020 163.43170738
v 65.69049072 31.32136917 157.54059410
v 65.53074646 31.37326050 157.90680504
v -65.30776215 33.40623093 157.84200096
v -65.82170105 33.39519119 156.48799706
v -65.68132019 31.32168961 157.53859520
v -65.55998993 31.36591911 157.85539818
v -65.30776215 33.40623093 157.84200096
v -65.68132019 31.32168961 157.53859520
v -65.52558899 31.37133026 157.90079308
v -65.30776215 33.40623093 157.84200096
v -65.55998993 31.36591911 157.85539818
v -64.45751190 33.33919907 158.98290062
v -65.30776215 33.40623093 157.84200096
v -65.52558899 31.37133026 157.90079308
v -64.61631012 31.51433945 159.10179710
v -64.45751190 33.33919907 158.98290062
v -65.52558899 31.37133026 157.90079308
v 65.46546936 33.16727066 157.65019798
v 64.61631775 31.51433945 159.10179710
v 65.53074646 31.37326050 157.90680504
v -52.87651062 36.41048050 182.63869286
v -56.92964935 31.98221970 181.54059410
v -55.97230148 31.44440079 182.63869286
v -52.87651062 36.41048050 182.63869286
v 56.92966080 31.98221970 181.54059410
v 53.78091049 37.03324127 181.54059410
v 55.97230148 31.44440079 182.63869286
v 52.87651825 36.41048050 182.63869286
v -62.37823868 31.53010941 161.34670067
v -62.43312836 31.55339050 161.28940392
v -62.32654953 31.46147919 161.40489769
v -61.93658829 33.38230896 161.56439781
v -62.11309052 33.44464111 161.35869408
v -62.32654953 31.46147919 161.40489769
v -62.11309052 33.44464111 161.35869408
v -62.37823868 31.53010941 161.34670067
v -62.32654953 31.46147919 161.40489769
v 62.38285828 31.53395081 161.34160423
v 61.96480179 33.39575958 161.53000450
v 62.33489990 31.47584915 161.39519310
v 61.96480179 33.39575958 161.53000450
v 61.61108017 33.10779953 162.01450157
v 62.33489990 31.47584915 161.39519310
v -63.95959091 33.44108963 159.44380760
v -64.45751190 33.33919907 158.98290062
v -64.61631012 31.51433945 159.10179710
v -64.10160065 31.54043961 159.61760521
v -63.95959091 33.44108963 159.44380760
v -64.61631012 31.51433945 159.10179710
v 64.25205994 33.39009857 159.22060204
v 64.19216919 31.53583908 159.52680016
v 64.61631775 31.51433945 159.10179710
v 64.51071167 32.90969086 159.02640343
v 64.25205994 33.39009857 159.22060204
v 64.61631775 31.51433945 159.10179710
v 65.46546936 33.16727066 157.65019798
v 64.51071167 32.90969086 159.02640343
v 64.61631775 31.51433945 159.10179710
v -62.11309052 33.44464111 161.35869408
v -62.30450821 33.45972061 161.15869713
v -62.37823868 31.53010941 161.34670067
v -62.30450821 33.45972061 161.15869713
v -62.43312836 31.55339050 161.28940392
v -62.37823868 31.53010941 161.34670067
v 62.43312836 31.55339050 161.28940392
v 62.12905884 33.44786072 161.34110069
v 62.38285828 31.53395081 161.34160423
v 62.12905884 33.44786072 161.34110069
v 61.96480179 33.39575958 161.53000450
v 62.38285828 31.53395081 161.34160423
v 64.04322815 32.95161057 159.53439903
v 64.10160065 31.54043961 159.61760521
v 64.19216919 31.53583908 159.52680016
v 64.25205994 33.39009857 159.22060204
v 64.04322815 32.95161057 159.53439903
v 64.19216919 31.53583908 159.52680016
v -63.26744080 31.54962921 160.45340538
v -63.95959091 33.44108963 159.44380760
v -64.10160065 31.54043961 159.61760521
v 63.26744843 31.54962921 160.45340538
v -62.77936172 35.24988174 159.93770409
v -63.95959091 33.44108963 159.44380760
v -63.26744080 31.54962921 160.45340538
v -62.43312836 31.55339050 161.28940392
v -62.77936172 35.24988174 159.93770409
v -63.26744080 31.54962921 160.45340538
v 64.04322815 32.95161057 159.53439903
v 62.77936172 35.24988174 159.93770409
v 63.26744843 31.54962921 160.45340538
v 62.77936172 35.24988174 159.93770409
v 62.30451965 33.45972061 161.15869713
v 63.26744843 31.54962921 160.45340538
v 62.30451965 33.45972061 161.15869713
v 62.43312836 31.55339050 161.28940392
v 63.26744843 31.54962921 160.45340538
v -62.30450821 33.45972061 161.15869713
v -62.77936172 35.24988174 159.93770409
v -62.43312836 31.55339050 161.28940392
v 62.30451965 33.45972061 161.15869713
v 62.12905884 33.44786072 161.34110069
v 62.43312836 31.55339050 161.28940392
v -57.35268021 35.59383011 167.24609947
v -56.72789001 36.58137131 165.87579918
v -59.66635132 31.56228065 167.24609947
v -56.72789001 36.58137131 165.87579918
v -59.17625046 32.47185898 165.87579918
v -59.66635132 31.56228065 167.24609947
v -59.58538055 31.70602036 167.69240379
v -57.35268021 35.59383011 167.24609947
v -59.66635132 31.56228065 167.24609947
v 56.72790146 36.58137131 165.87579918
v 57.35268021 35.59383011 167.24609947
v 59.66635132 31.56228065 167.24609947
v 57.35268021 35.59383011 167.24609947
v 59.58538818 31.70602036 167.69240379
v 59.66635132 31.56228065 167.24609947
v -59.49929047 31.84057999 168.14299583
v -57.35268021 35.59383011 167.24609947
v -59.58538055 31.70602036 167.69240379
v 57.35268021 35.59383011 167.24609947
v 59.49929047 31.84057999 168.14299583
v 59.58538818 31.70602036 167.69240379
v -59.27891159 32.11629105 169.20509911
v -57.35268021 35.59383011 167.24609947
v -59.49929047 31.84057999 168.14299583
v 57.35268021 35.59383011 167.24609947
v 59.27891159 32.11629105 169.20509911
v 59.49929047 31.84057999 168.14299583
v -53.78091049 37.03324127 181.54059410
v -57.28005981 32.17908096 180.04059410
v -56.92964935 31.98221970 181.54059410
v -53.78091049 37.03324127 181.54059410
v 57.28007126 32.17908096 180.04059410
v 54.11193848 37.26118088 180.04059410
v 56.92966080 31.98221970 181.54059410
v 53.78091049 37.03324127 181.54059410
v -59.28678131 32.53252029 165.17690086
v 59.40439987 33.06879044 164.56619835
v 56.83385849 36.64970016 165.17690086
v 59.76419067 32.01393127 164.82449913
v -59.02959061 32.33749008 170.28520775
v -57.35268021 35.59383011 167.24609947
v -59.27891159 32.11629105 169.20509911
v 57.35268021 35.59383011 167.24609947
v 59.02959061 32.33749008 170.28520775
v 59.27891159 32.11629105 169.20509911
v -50.55094910 41.96546173 176.54059410
v -57.49832153 32.27743149 175.82520103
v -57.28005981 32.17908096 176.54059410
v -57.28005981 32.17908096 180.04059410
v -50.55094910 41.96546173 176.54059410
v -57.28005981 32.17908096 176.54059410
v 50.96493912 42.31011963 174.83560753
v 50.55096054 41.96546173 176.54059410
v 57.28007126 32.17908096 176.54059410
v 57.49832153 32.27743149 175.82520103
v 50.96493912 42.31011963 174.83560753
v 57.28007126 32.17908096 176.54059410
v 54.11193848 37.26118088 180.04059410
v 57.28007126 32.17908096 180.04059410
v 57.28007126 32.17908096 176.54059410
v 50.55096054 41.96546173 176.54059410
v 54.11193848 37.26118088 180.04059410
v 57.28007126 32.17908096 176.54059410
v -54.11193848 37.26118088 180.04059410
v -50.55094910 41.96546173 176.54059410
v -57.28005981 32.17908096 180.04059410
v -54.11193848 37.26118088 180.04059410
v -59.83914185 34.02585983 163.58719444
v -60.22563934 34.55968094 162.89420128
v -61.18666840 32.21242142 162.83699608
v -60.22563934 34.55968094 162.89420128
v -61.37852859 32.72626877 162.41780663
v -61.18666840 32.21242142 162.83699608
v -61.96583939 33.46524048 139.54980278
v -58.87356186 33.01747131 127.78729820
v -59.29764938 32.24962997 128.81130028
v -50.96493149 42.31011963 174.83560753
v -53.62850189 38.92924118 174.83560753
v -57.49832153 32.27743149 175.82520103
v -53.62850189 38.92924118 174.83560753
v -56.30622101 34.94438934 174.83560753
v -57.49832153 32.27743149 175.82520103
v -56.30622101 34.94438934 174.83560753
v -57.80022049 32.41350174 174.83560753
v -57.49832153 32.27743149 175.82520103
v -50.55094910 41.96546173 176.54059410
v -50.96493149 42.31011963 174.83560753
v -57.49832153 32.27743149 175.82520103
v 57.80022049 32.41350174 174.83560753
v 56.30622864 34.94438934 174.83560753
v 57.49832153 32.27743149 175.82520103
v 53.62850189 38.92924118 174.83560753
v 50.96493912 42.31011963 174.83560753
v 57.49832153 32.27743149 175.82520103
v 56.30622864 34.94438934 174.83560753
v 53.62850189 38.92924118 174.83560753
v 57.49832153 32.27743149 175.82520103
v -58.82469940 32.41751862 171.08640099
v -57.08935928 35.43040848 171.09050560
v -59.02959061 32.33749008 170.28520775
v -57.08935928 35.43040848 171.09050560
v -57.35268021 35.59383011 167.24609947
v -59.02959061 32.33749008 170.28520775
v 57.35268021 35.59383011 167.24609947
v 58.82471085 32.41751862 171.08640099
v 59.02959061 32.33749008 170.28520775
v -56.30622101 34.94438934 174.83560753
v -57.82706833 32.42652893 174.74559593
v -57.80022049 32.41350174 174.83560753
v 57.82707977 32.42652893 174.74559593
v 56.30622864 34.94438934 174.83560753
v 57.80022049 32.41350174 174.83560753
v -58.46355820 32.55857849 172.49840355
v 57.08937073 35.43040848 171.09050560
v 58.46356964 32.55857849 172.49840355
v 58.82471085 32.41751862 171.08640099
v 57.35268021 35.59383011 167.24609947
v 57.08937073 35.43040848 171.09050560
v 58.82471085 32.41751862 171.08640099
v -56.30622101 34.94438934 174.83560753
v -58.46355820 32.55857849 172.49840355
v -57.82706833 32.42652893 174.74559593
v 58.46356964 32.55857849 172.49840355
v 57.08937073 35.43040848 171.09050560
v 57.82707977 32.42652893 174.74559593
v 57.08937073 35.43040848 171.09050560
v 56.30622864 34.94438934 174.83560753
v 57.82707977 32.42652893 174.74559593
v 58.59206009 33.50872040 127.28670311
v 61.96585083 33.46524048 139.54980278
v 59.19752121 32.43307114 128.54910088
v -56.83385086 36.64970016 165.17690086
v -59.28678131 32.53252029 165.17690086
v -59.17625046 32.47185898 165.87579918
v -56.72789001 36.58137131 165.87579918
v -56.83385086 36.64970016 165.17690086
v -59.40439987 33.06879044 164.56619835
v -59.28678131 32.53252029 165.17690086
v -56.30622101 34.94438934 174.83560753
v -57.08935928 35.43040848 171.09050560
v -58.46355820 32.55857849 172.49840355
v 61.61108017 33.10779953 162.01450157
v 60.14305878 34.46334076 163.03220177
v 61.33657837 32.63325882 162.50110435
v 60.14305878 34.46334076 163.03220177
v 59.40439987 33.06879044 164.56619835
v 61.33657837 32.63325882 162.50110435
v -60.22563934 34.55968094 162.89420128
v -60.69873810 34.97148132 162.18390465
v -61.37852859 32.72626877 162.41780663
v -60.69873810 34.97148132 162.18390465
v -61.62633896 33.12643814 161.99089622
v -61.37852859 32.72626877 162.41780663
v 64.47801208 33.34204102 159.00310326
v 64.47801208 33.34204102 159.00310326
v 65.77246094 33.31052017 153.46489525
v 65.78079224 33.29281998 153.61119652
v 65.88993073 32.94939041 153.58409691
v 65.78079224 33.29281998 153.61119652
v 65.98117065 33.32701874 155.62999535
v 65.88993073 32.94939041 153.58409691
v 63.95714951 33.42776108 159.44269371
v 62.77936172 35.24988174 159.93770409
v 64.04322815 32.95161057 159.53439903
v 64.25205994 33.39009857 159.22060204
v 63.95714951 33.42776108 159.44269371
v 64.04322815 32.95161057 159.53439903
v -61.96583939 33.46524048 139.54980278
v -58.59257126 33.50819016 127.28480339
v -58.87356186 33.01747131 127.78729820
v -57.13837814 36.84606934 164.56619835
v -59.83914185 34.02585983 163.58719444
v -59.40439987 33.06879044 164.56619835
v -56.83385086 36.64970016 165.17690086
v -57.13837814 36.84606934 164.56619835
v -59.40439987 33.06879044 164.56619835
v 60.14305878 34.46334076 163.03220177
v 57.13837814 36.84606934 164.56619835
v 59.40439987 33.06879044 164.56619835
v 57.13837814 36.84606934 164.56619835
v 56.83385849 36.64970016 165.17690086
v 59.40439987 33.06879044 164.56619835
v 61.96480179 33.39575958 161.53000450
v 60.67020035 34.95243835 162.22350121
v 61.61108017 33.10779953 162.01450157
v 60.67020035 34.95243835 162.22350121
v 60.14305878 34.46334076 163.03220177
v 61.61108017 33.10779953 162.01450157
v -60.69873810 34.97148132 162.18390465
v -61.26739120 35.22885132 161.46689415
v -61.62633896 33.12643814 161.99089622
v -61.26739120 35.22885132 161.46689415
v -61.93658829 33.38230896 161.56439781
v -61.62633896 33.12643814 161.99089622
v 64.47676086 33.34714890 159.00220299
v 64.47801208 33.34204102 159.00310326
v 65.46546936 33.16727066 157.65019798
v 65.11653137 34.28799057 157.63959312
v 64.47676086 33.34714890 159.00220299
v 65.46546936 33.16727066 157.65019798
v 65.98117065 33.32701874 155.62999535
v 65.11653137 34.28799057 157.63959312
v 65.46546936 33.16727066 157.65019798
v 65.77816010 33.30112076 153.61180687
v 65.77816010 33.30112076 153.61180687
v 65.42572021 34.41022110 153.69940758
v 65.42572021 34.41022110 153.69940758
v -65.80741119 33.30651855 153.60379601
v -65.99108124 33.37005997 155.04599571
v -65.80741119 33.30651855 153.60379601
v -65.80783844 33.30290985 153.60370445
v -65.80455017 33.33021927 153.60449791
v -65.80455017 33.33021927 153.60449791
v -65.80455017 33.33021927 153.60449791
v -65.44667053 34.43664169 153.61009789
v -65.77252197 33.31013107 153.46480370
v -65.72548676 33.31771088 153.29999352
v -65.72548676 33.31771088 153.29999352
v -65.72641754 33.31518173 153.29970360
v -65.77252197 33.31013107 153.46480370
v 65.44818115 34.43584061 153.61490440
v 65.42572021 34.41022110 153.69940758
v 65.77246094 33.31052017 153.46489525
v 65.72644043 33.31518173 153.29970360
v 65.72512054 33.31874084 153.30010033
v 65.77246094 33.31052017 153.46489525
v 65.31977844 34.42033005 153.41530418
v 65.31977844 34.42033005 153.41530418
v 65.44818115 34.43584061 153.61490440
v 65.77246094 33.31052017 153.46489525
v -65.72548676 33.31771088 153.29999352
v -61.96583939 33.46524048 139.54980278
v -65.72641754 33.31518173 153.29970360
v 61.96585083 33.46524048 139.54980278
v -65.31987762 34.42005157 153.41519737
v -65.44667053 34.43664169 153.61009789
v -65.31987762 34.42005157 153.41519737
v -65.72548676 33.31771088 153.29999352
v 65.42572021 34.41022110 153.69940758
v 65.61074829 34.44237137 155.63159752
v 65.98117065 33.32701874 155.62999535
v 65.61074829 34.44237137 155.63159752
v 65.11653137 34.28799057 157.63959312
v 65.98117065 33.32701874 155.62999535
v -65.40135193 34.40615845 153.70470238
v -65.44667053 34.43664169 153.61009789
v -65.80455017 33.33021927 153.60449791
v -65.99108124 33.37005997 155.04599571
v -65.40135193 34.40615845 153.70470238
v -65.80455017 33.33021927 153.60449791
v -64.45381165 33.38169098 158.98009300
v -64.45381165 33.38169098 158.98009300
v -65.30776215 33.40623093 157.84200096
v -64.45751190 33.33919907 158.98290062
v 64.47676086 33.34714890 159.00220299
v 64.25205994 33.39009857 159.22060204
v 64.47801208 33.34204102 159.00310326
v 64.18763733 34.27833176 158.98079491
v 64.25205994 33.39009857 159.22060204
v 64.47676086 33.34714890 159.00220299
v 64.30229187 34.05445099 158.87729454
v 64.18763733 34.27833176 158.98079491
v 64.47676086 33.34714890 159.00220299
v 65.11653137 34.28799057 157.63959312
v 64.30229187 34.05445099 158.87729454
v 64.47676086 33.34714890 159.00220299
v -65.08216858 35.42966080 155.85280418
v -65.13343811 35.45658112 155.58530235
v -65.99108124 33.37005997 155.04599571
v -65.82170105 33.39519119 156.48799706
v -65.08216858 35.42966080 155.85280418
v -65.99108124 33.37005997 155.04599571
v -65.13343811 35.45658112 155.58530235
v -65.40135193 34.40615845 153.70470238
v -65.99108124 33.37005997 155.04599571
v -63.95959091 33.44108963 159.44380760
v -63.92847061 33.85765839 159.40570641
v -64.45381165 33.38169098 158.98009300
v -63.92847061 33.85765839 159.40570641
v -64.43138123 33.63953018 158.96329308
v -64.45381165 33.38169098 158.98009300
v -64.43138123 33.63953018 158.96329308
v -64.04673004 35.19026184 158.64620018
v -64.45381165 33.38169098 158.98009300
v -64.04673004 35.19026184 158.64620018
v -64.24681091 35.21612167 158.28149986
v -64.45381165 33.38169098 158.98009300
v -64.24681091 35.21612167 158.28149986
v -65.30776215 33.40623093 157.84200096
v -64.45381165 33.38169098 158.98009300
v -61.58316040 35.28765106 161.11699486
v -61.58316040 35.28765106 161.11699486
v -62.11309052 33.44464111 161.35869408
v -61.93658829 33.38230896 161.56439781
v 64.18763733 34.27833176 158.98079491
v -64.98731995 35.37985992 156.34790611
v -65.08216858 35.42966080 155.85280418
v -65.82170105 33.39519119 156.48799706
v -64.81542206 35.28960037 157.24510765
v -65.30776215 33.40623093 157.84200096
v -64.81542206 35.28960037 157.24510765
v -65.82170105 33.39519119 156.48799706
v 62.12905884 33.44786072 161.34110069
v 61.31816101 35.24192810 161.40860558
v 61.96480179 33.39575958 161.53000450
v 61.31816101 35.24192810 161.40860558
v 60.67020035 34.95243835 162.22350121
v 61.96480179 33.39575958 161.53000450
v -64.24681091 35.21612167 158.28149986
v -64.63381958 35.26612854 157.57610130
v -65.30776215 33.40623093 157.84200096
v -64.81542206 35.28960037 157.24510765
v 63.79483032 34.32561111 159.26990318
v 64.18763733 34.27833176 158.98079491
v 63.79483032 34.32561111 159.26990318
v 63.95714951 33.42776108 159.44269371
v -62.77936172 35.24988174 159.93770409
v -63.92847061 33.85765839 159.40570641
v -63.95959091 33.44108963 159.44380760
v -61.58316040 35.28765106 161.11699486
v -61.92100143 35.29613876 160.77370262
v -62.11309052 33.44464111 161.35869408
v -61.92100143 35.29613876 160.77370262
v -62.30450821 33.45972061 161.15869713
v 62.30451965 33.45972061 161.15869713
v 61.61153030 35.29042053 161.08710289
v 61.61153030 35.29042053 161.08710289
v 61.31816101 35.24192810 161.40860558
v 62.12905884 33.44786072 161.34110069
v -62.77936172 35.24988174 159.93770409
v -62.30450821 33.45972061 161.15869713
v 61.92100143 35.29613876 160.77370262
v 61.61153030 35.29042053 161.08710289
v 62.30451965 33.45972061 161.15869713
v 62.77936172 35.24988174 159.93770409
v -61.02825165 35.84611130 139.79630089
v -58.27370834 34.06501007 126.71459770
v -61.96583939 33.46524048 139.54980278
v -58.27370834 34.06501007 126.71459770
v -65.31987762 34.42005157 153.41519737
v 58.59206009 33.50872040 127.28670311
v 61.02825928 35.84611130 139.79630089
v 61.96585083 33.46524048 139.54980278
v 65.04895020 35.15636826 153.49219322
v 65.04895020 35.15636826 153.49219322
v 58.43830872 33.78187180 126.96610069
v 61.02825928 35.84611130 139.79630089
v 58.59206009 33.50872040 127.28670311
v -63.92847061 33.85765839 159.40570641
v -64.03250122 35.18994904 158.66420555
v -64.43138123 33.63953018 158.96329308
v -64.03250122 35.18994904 158.66420555
v -64.04673004 35.19026184 158.64620018
v -64.43138123 33.63953018 158.96329308
v 57.79460907 34.87168121 126.16489983
v 61.02825928 35.84611130 139.79630089
v 58.43830872 33.78187180 126.96610069
v -62.77936172 35.24988174 159.93770409
v -63.63700867 35.19850159 159.10179710
v -63.92847061 33.85765839 159.40570641
v -63.63700867 35.19850159 159.10179710
v -64.03250122 35.18994904 158.66420555
v -63.92847061 33.85765839 159.40570641
v -60.22563934 34.55968094 162.89420128
v 64.25579834 34.24301147 158.84399986
v 64.25579834 34.24301147 158.84399986
v -61.02825165 35.84611130 139.79630089
v -57.54560852 35.28105164 125.98720360
v -58.27370834 34.06501007 126.71459770
v 64.10585022 34.85728073 158.78470421
v 64.18763733 34.27833176 158.98079491
v 64.25579834 34.24301147 158.84399986
v 64.11595154 34.81005859 158.74390221
v 64.10585022 34.85728073 158.78470421
v 64.25579834 34.24301147 158.84399986
v 65.11653137 34.28799057 157.63959312
v 64.80581665 35.00881958 157.59760094
v 64.25579834 34.24301147 158.84399986
v 64.80581665 35.00881958 157.59760094
v 64.11595154 34.81005859 158.74390221
v 64.25579834 34.24301147 158.84399986
v 64.10585022 34.85728073 158.78470421
v 63.79483032 34.32561111 159.26990318
v 64.18763733 34.27833176 158.98079491
v 65.61074829 34.44237137 155.63159752
v 64.80581665 35.00881958 157.59760094
v 65.11653137 34.28799057 157.63959312
v 63.68637848 34.92541885 159.15439415
v 64.10585022 34.85728073 158.78470421
v 63.68637848 34.92541885 159.15439415
v 63.79483032 34.32561111 159.26990318
v -65.12567902 35.14175034 153.77330589
v -65.13343811 35.45658112 155.58530235
v -65.12567902 35.14175034 153.77330589
v -65.40135193 34.40615845 153.70470238
v 65.44818115 34.43584061 153.61490440
v 65.42369080 34.41669083 153.69989586
v 65.42572021 34.41022110 153.69940758
v 65.28617096 35.15781021 155.62459373
v 65.61074829 34.44237137 155.63159752
v 65.42572021 34.41022110 153.69940758
v 65.42369080 34.41669083 153.69989586
v 65.28617096 35.15781021 155.62459373
v 65.42572021 34.41022110 153.69940758
v 65.23696899 35.00426865 153.74629784
v 65.23696899 35.00426865 153.74629784
v 65.28617096 35.15781021 155.62459373
v 65.42369080 34.41669083 153.69989586
v -65.04911804 35.15589142 153.49219322
v -61.02825165 35.84611130 139.79630089
v -65.31987762 34.42005157 153.41519737
v -65.15753174 35.16043854 153.72510338
v -65.04911804 35.15589142 153.49219322
v -65.31987762 34.42005157 153.41519737
v -65.44667053 34.43664169 153.61009789
v -65.15753174 35.16043854 153.72510338
v -65.31987762 34.42005157 153.41519737
v 65.04895020 35.15636826 153.49219322
v 65.44818115 34.43584061 153.61490440
v 65.31977844 34.42033005 153.41530418
v 65.15985107 35.15951157 153.73290062
v 65.23696899 35.00426865 153.74629784
v 65.44818115 34.43584061 153.61490440
v 65.04895020 35.15636826 153.49219322
v 65.15985107 35.15951157 153.73290062
v 65.44818115 34.43584061 153.61490440
v -65.12567902 35.14175034 153.77330589
v -65.15753174 35.16043854 153.72510338
v -65.44667053 34.43664169 153.61009789
v 65.28617096 35.15781021 155.62459373
v 54.38534927 40.80025864 164.56619835
v 57.13837814 36.84606934 164.56619835
v 60.14305878 34.46334076 163.03220177
v 60.67020035 34.95243835 162.22350121
v 54.38534927 40.80025864 164.56619835
v 60.14305878 34.46334076 163.03220177
v -54.38534164 40.80025864 164.56619835
v -60.69873810 34.97148132 162.18390465
v -60.22563934 34.55968094 162.89420128
v -57.13837814 36.84606934 164.56619835
v -54.38534164 40.80025864 164.56619835
v -60.22563934 34.55968094 162.89420128
v 64.10791016 34.84270859 158.73819542
v 64.10791016 34.84270859 158.73819542
v 64.06040955 35.03522873 158.70419884
v 64.06040955 35.03522873 158.70419884
v 64.06040955 35.03522873 158.70419884
v 63.68637848 34.92541885 159.15439415
v 64.10585022 34.85728073 158.78470421
v 57.54561996 35.28105164 125.98720360
v 57.15729141 36.00645828 126.08430290
v 57.79460907 34.87168121 126.16489983
v 57.15729141 36.00645828 126.08430290
v 61.02825928 35.84611130 139.79630089
v 57.79460907 34.87168121 126.16489983
v 63.63700867 35.19850159 159.10179710
v 64.06040955 35.03522873 158.70419884
v 63.63700867 35.19850159 159.10179710
v 63.68637848 34.92541885 159.15439415
v -53.62850189 38.92924118 174.83560753
v -57.08935928 35.43040848 171.09050560
v -56.30622101 34.94438934 174.83560753
v 57.08937073 35.43040848 171.09050560
v 54.37440109 39.47068024 171.09050560
v 56.30622864 34.94438934 174.83560753
v 53.62850189 38.92924118 174.83560753
v 58.09851074 43.58797836 159.10179710
v 54.38534927 40.80025864 164.56619835
v 60.67020035 34.95243835 162.22350121
v 61.31816101 35.24192810 161.40860558
v -54.38534164 40.80025864 164.56619835
v -61.26739120 35.22885132 161.46689415
v -60.69873810 34.97148132 162.18390465
v 65.15985107 35.15951157 153.73290062
v 65.17098236 35.14199829 153.76250267
v 65.23696899 35.00426865 153.74629784
v 65.17098236 35.14199829 153.76250267
v 65.28617096 35.15781021 155.62459373
v 65.23696899 35.00426865 153.74629784
v 64.24755859 35.21686172 158.28139305
v 64.06040955 35.03522873 158.70419884
v 64.80581665 35.00881958 157.59760094
v 65.07872009 35.43030930 155.85190392
v 64.77114105 35.27989960 157.36220360
v 64.80581665 35.00881958 157.59760094
v 64.77114105 35.27989960 157.36220360
v 64.65664673 35.26610947 157.56320763
v 64.80581665 35.00881958 157.59760094
v 64.24755859 35.21686172 158.28139305
v 65.28617096 35.15781021 155.62459373
v 65.07872009 35.43030930 155.85190392
v 64.80581665 35.00881958 157.59760094
v 64.02230835 35.18973923 158.67690086
v 63.63700867 35.19850159 159.10179710
v 64.06040955 35.03522873 158.70419884
v 64.24755859 35.21686172 158.28139305
v 64.02230835 35.18973923 158.67690086
v 64.06040955 35.03522873 158.70419884
v -64.96289062 35.57616043 153.81380272
v -64.95928192 35.57656860 153.79979515
v -65.12567902 35.14175034 153.77330589
v -64.95928192 35.57656860 153.79979515
v -65.15753174 35.16043854 153.72510338
v -65.12567902 35.14175034 153.77330589
v -64.96289062 35.57616043 153.81380272
v 65.16429138 35.15594101 153.76419640
v 65.16429138 35.15594101 153.76419640
v -64.89148712 35.58430099 153.53699303
v -64.89148712 35.58430099 153.53699303
v 64.96183777 35.57629013 153.80960655
v 64.96183777 35.57629013 153.80960655
v 64.96292114 35.57616043 153.81389427
v 65.16429138 35.15594101 153.76419640
v 64.96292114 35.57616043 153.81389427
v 65.13334656 35.45703125 155.58359337
v 65.13334656 35.45703125 155.58359337
v 65.28617096 35.15781021 155.62459373
v 65.16429138 35.15594101 153.76419640
v 61.02825928 35.84611130 139.79630089
v 64.89151001 35.58430099 153.53699303
v 65.04895020 35.15636826 153.49219322
v 64.89151001 35.58430099 153.53699303
v 64.96183777 35.57629013 153.80960655
v 65.04895020 35.15636826 153.49219322
v 64.96183777 35.57629013 153.80960655
v 65.15985107 35.15951157 153.73290062
v 65.04895020 35.15636826 153.49219322
v 65.13334656 35.45703125 155.58359337
v 65.12583923 35.45336151 155.62050438
v 65.28617096 35.15781021 155.62459373
v 65.07872009 35.43030930 155.85190392
v -64.95928192 35.57656860 153.79979515
v -64.89148712 35.58430099 153.53699303
v -65.15753174 35.16043854 153.72510338
v 61.14548874 39.36791992 159.10179710
v 63.63700867 35.19850159 159.10179710
v 64.02230835 35.18973923 158.67690086
v 61.63203049 39.68117142 158.30010033
v 61.14548874 39.36791992 159.10179710
v 64.02230835 35.18973923 158.67690086
v 64.24755859 35.21686172 158.28139305
v 61.63203049 39.68117142 158.30010033
v 64.02230835 35.18973923 158.67690086
v -63.63700867 35.19850159 159.10179710
v -61.13916016 39.37775040 159.10179710
v -64.03250122 35.18994904 158.66420555
v -61.62564850 39.69107819 158.30010033
v -64.04673004 35.19026184 158.64620018
v -64.03250122 35.18994904 158.66420555
v -61.13916016 39.37775040 159.10179710
v -61.62564850 39.69107819 158.30010033
v -64.03250122 35.18994904 158.66420555
v -61.62564850 39.69107819 158.30010033
v -64.24681091 35.21612167 158.28149986
v -64.04673004 35.19026184 158.64620018
v -62.77936172 35.24988174 159.93770409
v -61.13916016 39.37775040 159.10179710
v -63.63700867 35.19850159 159.10179710
v 61.14548874 39.36791992 159.10179710
v 62.77936172 35.24988174 159.93770409
v 63.63700867 35.19850159 159.10179710
v -64.63381958 35.26612854 157.57610130
v 64.65664673 35.26610947 157.56320763
v 62.32902145 40.12992859 155.85919762
v 64.24755859 35.21686172 158.28139305
v 62.32902145 40.12992859 155.85919762
v 61.63203049 39.68117142 158.30010033
v 64.24755859 35.21686172 158.28139305
v -58.09833908 43.58784103 159.10179710
v -58.09833908 43.58784103 159.10179710
v -61.58316040 35.28765106 161.11699486
v -61.26739120 35.22885132 161.46689415
v 61.61153030 35.29042053 161.08710289
v 58.09851074 43.58797836 159.10179710
v 61.31816101 35.24192810 161.40860558
v -61.92100143 35.29613876 160.77370262
v 61.92100143 35.29613876 160.77370262
v 64.77114105 35.27989960 157.36220360
v -61.62564850 39.69107819 158.30010033
v -62.32257080 40.13993835 155.85919762
v -64.63381958 35.26612854 157.57610130
v -62.32257080 40.13993835 155.85919762
v -64.81542206 35.28960037 157.24510765
v -64.63381958 35.26612854 157.57610130
v 65.07872009 35.43030930 155.85190392
v 62.32902145 40.12992859 155.85919762
v 64.77114105 35.27989960 157.36220360
v -61.02825165 35.84611130 139.79630089
v -57.15727997 36.00645828 126.08430290
v -57.54560852 35.28105164 125.98720360
v -57.15727997 36.00645828 126.08430290
v -57.21606064 35.80257034 125.86669731
v -57.54560852 35.28105164 125.98720360
v 57.18046951 35.86513138 125.83479881
v 57.15729141 36.00645828 126.08430290
v 57.54561996 35.28105164 125.98720360
v -58.09833908 43.58784103 159.10179710
v -61.92100143 35.29613876 160.77370262
v -61.58316040 35.28765106 161.11699486
v -62.32257080 40.13993835 155.85919762
v -64.98731995 35.37985992 156.34790611
v -64.81542206 35.28960037 157.24510765
v 61.14548874 39.36791992 159.10179710
v 58.09851074 43.58797836 159.10179710
v 61.61153030 35.29042053 161.08710289
v 61.61153030 35.29042053 161.08710289
v -58.09833908 43.58784103 159.10179710
v -61.13916016 39.37775040 159.10179710
v -61.92100143 35.29613876 160.77370262
v -65.08216858 35.42966080 155.85280418
v -65.13343811 35.45658112 155.58530235
v 65.12583923 35.45336151 155.62050438
v -54.37438965 39.47068024 171.09050560
v -57.35268021 35.59383011 167.24609947
v -57.08935928 35.43040848 171.09050560
v -54.37438965 39.47068024 171.09050560
v 54.62519073 39.65272903 167.24609947
v 54.37440109 39.47068024 171.09050560
v 57.08937073 35.43040848 171.09050560
v 57.35268021 35.59383011 167.24609947
v 65.13334656 35.45703125 155.58359337
v -62.21945190 40.07352066 153.53699303
v -64.96289062 35.57616043 153.81380272
v -65.13343811 35.45658112 155.58530235
v -62.32257080 40.13993835 155.85919762
v 64.96292114 35.57616043 153.81389427
v 62.22589111 40.06351852 153.53699303
v 65.13334656 35.45703125 155.58359337
v 62.32902145 40.12992859 155.85919762
v -48.18854904 40.11436081 183.04059410
v -52.87651062 36.41048050 182.63869286
v -51.64107895 35.55976868 183.04059410
v 52.87651825 36.41048050 182.63869286
v 49.34138870 41.07403183 182.63869286
v 51.64109039 35.55976868 183.04059410
v 48.18856049 40.11436081 183.04059410
v -62.21945190 40.07352066 153.53699303
v -64.95928192 35.57656860 153.79979515
v -64.96289062 35.57616043 153.81380272
v 64.96183777 35.57629013 153.80960655
v 62.22589111 40.06351852 153.53699303
v 64.96292114 35.57616043 153.81389427
v 64.89151001 35.58430099 153.53699303
v -64.89148712 35.58430099 153.53699303
v -62.21945190 40.07352066 153.53699303
v -61.02825165 35.84611130 139.79630089
v -64.89148712 35.58430099 153.53699303
v 61.02825928 35.84611130 139.79630089
v 62.22589111 40.06351852 153.53699303
v 64.89151001 35.58430099 153.53699303
v -54.62519073 39.65272903 167.24609947
v -54.60115814 39.63600922 165.87579918
v -57.35268021 35.59383011 167.24609947
v -54.60115814 39.63600922 165.87579918
v -56.72789001 36.58137131 165.87579918
v -57.35268021 35.59383011 167.24609947
v -54.62519073 39.65272903 167.24609947
v 56.72790146 36.58137131 165.87579918
v 54.62519073 39.65272903 167.24609947
v 57.35268021 35.59383011 167.24609947
v -57.15727997 36.00645828 126.08430290
v -56.98075867 36.22111893 125.89939690
v -57.21606064 35.80257034 125.86669731
v -56.98075867 36.22111893 125.89939690
v -56.77613068 36.49874115 125.70580101
v -57.21606064 35.80257034 125.86669731
v -59.20476151 44.24744034 153.53699303
v -57.15727997 36.00645828 126.08430290
v -61.02825165 35.84611130 139.79630089
v -62.21945190 40.07352066 153.53699303
v -59.20476151 44.24744034 153.53699303
v -61.02825165 35.84611130 139.79630089
v 57.15729141 36.00645828 126.08430290
v 54.11175156 40.43933868 126.08430290
v 61.02825928 35.84611130 139.79630089
v 54.11175156 40.43933868 126.08430290
v 59.20492172 44.24757004 153.53699303
v 61.02825928 35.84611130 139.79630089
v 59.20492172 44.24757004 153.53699303
v 62.22589111 40.06351852 153.53699303
v 61.02825928 35.84611130 139.79630089
v 56.92073822 36.28059006 125.72640038
v 56.98077011 36.22111893 125.89939690
v 57.18046951 35.86513138 125.83479881
v 56.98077011 36.22111893 125.89939690
v 57.15729141 36.00645828 126.08430290
v 57.18046951 35.86513138 125.83479881
v -54.11174011 40.43933868 126.08430290
v -56.98075867 36.22111893 125.89939690
v -57.15727997 36.00645828 126.08430290
v -59.20476151 44.24744034 153.53699303
v -54.11174011 40.43933868 126.08430290
v -57.15727997 36.00645828 126.08430290
v 56.98077011 36.22111893 125.89939690
v 54.11175156 40.43933868 126.08430290
v 57.15729141 36.00645828 126.08430290
v -54.11174011 40.43933868 126.08430290
v -56.70462036 36.62057877 125.70920372
v -56.98075867 36.22111893 125.89939690
v -56.70462036 36.62057877 125.70920372
v -56.77613068 36.49874115 125.70580101
v -56.98075867 36.22111893 125.89939690
v 56.70463181 36.62057877 125.70920372
v 54.11175156 40.43933868 126.08430290
v 56.98077011 36.22111893 125.89939690
v 56.92073822 36.28059006 125.72640038
v 56.70463181 36.62057877 125.70920372
v 56.98077011 36.22111893 125.89939690
v 56.74948120 36.54642105 125.67940331
v 56.70463181 36.62057877 125.70920372
v 56.92073822 36.28059006 125.72640038
v -49.34138870 41.07403183 182.63869286
v -53.78091049 37.03324127 181.54059410
v -52.87651062 36.41048050 182.63869286
v -49.34138870 41.07403183 182.63869286
v 53.78091049 37.03324127 181.54059410
v 50.18532181 41.77656174 181.54059410
v 52.87651825 36.41048050 182.63869286
v 49.34138870 41.07403183 182.63869286
v -56.70462036 36.62057877 125.70920372
v -56.70143127 36.61692810 125.67850304
v -56.77613068 36.49874115 125.70580101
v 56.68460083 36.64712906 125.66160393
v -54.09550095 40.58280945 165.17690086
v -56.83385086 36.64970016 165.17690086
v -56.72789001 36.58137131 165.87579918
v -54.60115814 39.63600922 165.87579918
v 56.83385849 36.64970016 165.17690086
v 54.60115814 39.63600922 165.87579918
v 56.72790146 36.58137131 165.87579918
v 54.60115814 39.63600922 165.87579918
v 54.62519073 39.65272903 167.24609947
v 56.72790146 36.58137131 165.87579918
v -56.70462036 36.62057877 125.70920372
v -56.65510178 36.69535065 125.68070030
v -56.70143127 36.61692810 125.67850304
v -56.65510178 36.69535065 125.68070030
v -56.56703186 36.82962036 125.62930107
v -56.70143127 36.61692810 125.67850304
v -54.11174011 40.43933868 126.08430290
v -56.65510178 36.69535065 125.68070030
v -56.70462036 36.62057877 125.70920372
v 56.65510178 36.69535065 125.68070030
v 54.11175156 40.43933868 126.08430290
v 56.70463181 36.62057877 125.70920372
v 56.68460083 36.64712906 125.66160393
v 56.65510178 36.69535065 125.68070030
v 56.70463181 36.62057877 125.70920372
v 56.56703949 36.82962036 125.62930107
v 56.65510178 36.69535065 125.68070030
v 56.68460083 36.64712906 125.66160393
v -54.09550095 40.58280945 165.17690086
v -54.38534164 40.80025864 164.56619835
v -56.83385086 36.64970016 165.17690086
v -57.13837814 36.84606934 164.56619835
v 54.09550095 40.58280945 165.17690086
v 57.13837814 36.84606934 164.56619835
v 54.09550095 40.58280945 165.17690086
v 56.83385849 36.64970016 165.17690086
v -54.11174011 40.43933868 126.08430290
v -56.55551910 36.84730148 125.62650108
v -56.65510178 36.69535065 125.68070030
v -56.55551910 36.84730148 125.62650108
v -56.56703186 36.82962036 125.62930107
v -56.65510178 36.69535065 125.68070030
v 56.55553055 36.84730148 125.62650108
v 54.11175156 40.43933868 126.08430290
v 56.65510178 36.69535065 125.68070030
v 56.56703949 36.82962036 125.62930107
v 56.55553055 36.84730148 125.62650108
v 56.65510178 36.69535065 125.68070030
v 54.38534927 40.80025864 164.56619835
v -54.11174011 40.43933868 126.08430290
v -54.06921005 40.40755844 125.62650108
v -56.55551910 36.84730148 125.62650108
v 54.06921005 40.40755844 125.62650108
v 54.11175156 40.43933868 126.08430290
v 56.55553055 36.84730148 125.62650108
v -50.18532181 41.77656174 181.54059410
v -54.11193848 37.26118088 180.04059410
v -53.78091049 37.03324127 181.54059410
v -50.18532181 41.77656174 181.54059410
v 54.11193848 37.26118088 180.04059410
v 50.49422836 42.03369904 180.04059410
v 53.78091049 37.03324127 181.54059410
v 50.18532181 41.77656174 181.54059410
v -50.48846054 42.02795029 176.54059410
v -50.55094910 41.96546173 176.54059410
v -54.11193848 37.26118088 180.04059410
v -50.49422073 42.03369904 180.04059410
v -50.48846054 42.02795029 176.54059410
v -54.11193848 37.26118088 180.04059410
v -50.49422073 42.03369904 180.04059410
v 50.55096054 41.96546173 176.54059410
v 50.49422836 42.03369904 180.04059410
v 54.11193848 37.26118088 180.04059410
v -50.96493149 42.31011963 174.83560753
v -54.37438965 39.47068024 171.09050560
v -53.62850189 38.92924118 174.83560753
v 54.37440109 39.47068024 171.09050560
v 50.96493912 42.31011963 174.83560753
v 53.62850189 38.92924118 174.83560753
v 61.63203049 39.68117142 158.30010033
v 58.09851074 43.58797836 159.10179710
v 61.14548874 39.36791992 159.10179710
v -57.05081940 46.02507019 158.30010033
v -61.62564850 39.69107819 158.30010033
v -61.13916016 39.37775040 159.10179710
v -58.09833908 43.58784103 159.10179710
v -51.10084152 43.62583160 171.09050560
v -54.62519073 39.65272903 167.24609947
v -54.37438965 39.47068024 171.09050560
v -51.10084152 43.62583160 171.09050560
v 51.10084915 43.62583160 171.09050560
v 51.33655167 43.82704926 167.24609947
v 51.10084915 43.62583160 171.09050560
v 54.37440109 39.47068024 171.09050560
v 54.62519073 39.65272903 167.24609947
v -53.99464035 40.50714874 165.87579918
v -54.62519073 39.65272903 167.24609947
v -53.99464035 40.50714874 165.87579918
v -54.60115814 39.63600922 165.87579918
v 53.99464035 40.50714874 165.87579918
v 53.99464035 40.50714874 165.87579918
v -51.33654022 43.82704926 167.24609947
v -50.99021149 44.22949982 165.87579918
v -54.62519073 39.65272903 167.24609947
v -50.99021149 44.22949982 165.87579918
v -53.99464035 40.50714874 165.87579918
v -54.62519073 39.65272903 167.24609947
v -51.33654022 43.82704926 167.24609947
v 53.99464035 40.50714874 165.87579918
v 51.33655167 43.82704926 167.24609947
v 54.62519073 39.65272903 167.24609947
v 57.05821991 46.01589966 158.30010033
v 62.32902145 40.12992859 155.85919762
v 57.05821991 46.01589966 158.30010033
v 61.63203049 39.68117142 158.30010033
v -57.05081940 46.02507019 158.30010033
v -57.69601059 46.54555893 155.85919762
v -61.62564850 39.69107819 158.30010033
v -62.32257080 40.13993835 155.85919762
v 57.70349121 46.53628922 155.85919762
v 62.32902145 40.12992859 155.85919762
v 62.22589111 40.06351852 153.53699303
v 59.20492172 44.24757004 153.53699303
v -62.32257080 40.13993835 155.85919762
v -59.20476151 44.24744034 153.53699303
v -62.21945190 40.07352066 153.53699303
v -44.33563995 44.33565140 183.04059410
v -49.34138870 41.07403183 182.63869286
v -48.18854904 40.11436081 183.04059410
v 49.34138870 41.07403183 182.63869286
v 45.39630127 45.39630890 182.63869286
v 48.18856049 40.11436081 183.04059410
v 44.33563995 44.33565140 183.04059410
v 57.70349121 46.53628922 155.85919762
v -57.69601059 46.54555893 155.85919762
v -54.11174011 40.43933868 126.08430290
v -53.85736084 40.67076874 125.62650108
v -54.06921005 40.40755844 125.62650108
v -53.85736084 40.67076874 125.62650108
v -53.86616135 40.67784882 15.24060631
v -54.06921005 40.40755844 125.62650108
v 53.85736847 40.67076874 125.62650108
v 54.11175156 40.43933868 126.08430290
v 54.06921005 40.40755844 125.62650108
v -51.07109070 44.21723938 126.08430290
v -51.03094864 44.18249130 125.62650108
v -59.20476151 44.24744034 153.53699303
v -51.07109070 44.21723938 126.08430290
v -54.11174011 40.43933868 126.08430290
v 51.07109833 44.21723938 126.08430290
v 51.07109833 44.21723938 126.08430290
v 57.60800934 46.45928955 153.53699303
v 54.11175156 40.43933868 126.08430290
v 57.60800934 46.45928955 153.53699303
v 59.20492172 44.24757004 153.53699303
v 54.11175156 40.43933868 126.08430290
v -51.08546066 44.31211853 165.17690086
v -54.09550095 40.58280945 165.17690086
v -53.99464035 40.50714874 165.87579918
v -50.99021149 44.22949982 165.87579918
v 54.09550095 40.58280945 165.17690086
v 50.99021912 44.22949982 165.87579918
v 53.99464035 40.50714874 165.87579918
v 50.99021912 44.22949982 165.87579918
v 51.33655167 43.82704926 167.24609947
v 53.99464035 40.50714874 165.87579918
v -51.08546066 44.31211853 165.17690086
v -51.35918045 44.54954147 164.56619835
v -54.09550095 40.58280945 165.17690086
v -54.38534164 40.80025864 164.56619835
v 51.08546066 44.31211853 165.17690086
v 54.38534927 40.80025864 164.56619835
v 51.08546066 44.31211853 165.17690086
v 54.09550095 40.58280945 165.17690086
v -51.03094864 44.18249130 125.62650108
v 53.86616135 40.67784882 15.24060631
v 51.03096008 44.18249130 125.62650108
v 53.85736847 40.67076874 125.62650108
v 51.03096008 44.18249130 125.62650108
v -51.03094864 44.18249130 125.62650108
v -47.72969818 47.72972107 125.62650108
v -53.86616135 40.67784882 15.24060631
v -47.72969818 47.72972107 125.62650108
v -45.47444916 49.88311005 15.24060631
v -53.86616135 40.67784882 15.24060631
v 45.47446060 49.88311005 15.24060631
v 51.03096008 44.18249130 125.62650108
v 53.86616135 40.67784882 15.24060631
v -51.35918045 44.54954147 164.56619835
v -56.60044098 45.66173172 159.10179710
v -54.38534164 40.80025864 164.56619835
v -56.60044098 45.66173172 159.10179710
v -58.09833908 43.58784103 159.10179710
v -54.38534164 40.80025864 164.56619835
v 58.09851074 43.58797836 159.10179710
v 51.35918045 44.54954147 164.56619835
v 54.38534927 40.80025864 164.56619835
v 51.35918045 44.54954147 164.56619835
v -45.39628983 45.39630890 182.63869286
v -50.18532181 41.77656174 181.54059410
v -49.34138870 41.07403183 182.63869286
v -45.39628983 45.39630890 182.63869286
v 50.18532181 41.77656174 181.54059410
v 46.17276001 46.17277145 181.54059410
v 49.34138870 41.07403183 182.63869286
v 45.39630127 45.39630890 182.63869286
v -46.17274857 46.17277145 181.54059410
v -50.49422073 42.03369904 180.04059410
v -50.18532181 41.77656174 181.54059410
v -46.17274857 46.17277145 181.54059410
v 50.49422836 42.03369904 180.04059410
v 46.45695877 46.45697021 180.04059410
v 50.18532181 41.77656174 181.54059410
v 46.17276001 46.17277145 181.54059410
v -50.48846054 42.02795029 176.54059410
v -50.96493149 42.31011963 174.83560753
v -50.55094910 41.96546173 176.54059410
v 50.96493912 42.31011963 174.83560753
v 50.48846817 42.02795029 176.54059410
v 50.55096054 41.96546173 176.54059410
v 50.48846817 42.02795029 176.54059410
v 50.49422836 42.03369904 180.04059410
v 50.55096054 41.96546173 176.54059410
v -50.39986038 43.02738190 174.83560753
v -50.96493149 42.31011963 174.83560753
v -50.48846054 42.02795029 176.54059410
v -42.02793121 50.48847961 176.54059410
v -43.02737045 50.39987183 174.83560753
v -50.48846054 42.02795029 176.54059410
v -43.02737045 50.39987183 174.83560753
v -46.85882950 46.85884094 174.83560753
v -50.48846054 42.02795029 176.54059410
v -46.85882950 46.85884094 174.83560753
v -50.39986038 43.02738190 174.83560753
v -50.48846054 42.02795029 176.54059410
v -46.45695114 46.45697021 180.04059410
v -42.02793121 50.48847961 176.54059410
v -50.48846054 42.02795029 176.54059410
v -50.49422073 42.03369904 180.04059410
v -46.45695114 46.45697021 180.04059410
v -50.48846054 42.02795029 176.54059410
v 50.96493912 42.31011963 174.83560753
v 50.39986038 43.02738190 174.83560753
v 50.48846817 42.02795029 176.54059410
v 50.39986038 43.02738190 174.83560753
v 42.02793884 50.48847961 176.54059410
v 50.48846817 42.02795029 176.54059410
v 42.02793884 50.48847961 176.54059410
v 42.03369141 50.49423981 180.04059410
v 42.03369141 50.49423981 180.04059410
v 46.45695877 46.45697021 180.04059410
v 50.48846817 42.02795029 176.54059410
v 46.45695877 46.45697021 180.04059410
v 50.49422836 42.03369904 180.04059410
v 50.48846817 42.02795029 176.54059410
v -46.45695114 46.45697021 180.04059410
v -50.39986038 43.02738190 174.83560753
v 50.39986038 43.02738190 174.83560753
v -46.85882950 46.85884094 174.83560753
v -51.10084152 43.62583160 171.09050560
v -50.39986038 43.02738190 174.83560753
v 47.51057816 47.51058960 171.09050560
v 46.85882950 46.85884094 174.83560753
v 50.39986038 43.02738190 174.83560753
v 51.10084915 43.62583160 171.09050560
v 46.85882950 46.85884094 174.83560753
v 42.02793884 50.48847961 176.54059410
v 50.39986038 43.02738190 174.83560753
v -56.60044098 45.66173172 159.10179710
v 56.60778046 45.65262985 159.10179710
v 56.60778046 45.65262985 159.10179710
v 51.35918045 44.54954147 164.56619835
v 58.09851074 43.58797836 159.10179710
v -47.51057053 47.51058960 171.09050560
v -47.51057053 47.51058960 171.09050560
v -51.33654022 43.82704926 167.24609947
v -51.10084152 43.62583160 171.09050560
v 47.72970963 47.72972107 167.24609947
v 47.51057816 47.51058960 171.09050560
v 51.10084915 43.62583160 171.09050560
v 51.33655167 43.82704926 167.24609947
v -47.72969818 47.72972107 167.24609947
v -47.72969818 47.72972107 165.87579918
v -51.33654022 43.82704926 167.24609947
v -47.72969818 47.72972107 165.87579918
v -50.99021149 44.22949982 165.87579918
v -51.33654022 43.82704926 167.24609947
v -47.72969818 47.72972107 167.24609947
v 50.99021912 44.22949982 165.87579918
v 47.72970963 47.72972107 167.24609947
v 51.33655167 43.82704926 167.24609947
v -51.07109070 44.21723938 126.08430290
v -47.72969818 47.72972107 125.62650108
v -51.03094864 44.18249130 125.62650108
v 45.47446060 49.88311005 15.24060631
v 47.72970963 47.72972107 125.62650108
v 51.03096008 44.18249130 125.62650108
v 47.76725006 47.76726151 126.08430290
v 51.07109833 44.21723938 126.08430290
v 51.03096008 44.18249130 125.62650108
v 47.72970963 47.72972107 125.62650108
v -47.76725006 47.76726151 126.08430290
v -59.20476151 44.24744034 153.53699303
v -57.60054016 46.46854019 153.53699303
v -51.07109070 44.21723938 126.08430290
v -57.60054016 46.46854019 153.53699303
v -47.76725006 47.76726151 126.08430290
v -51.07109070 44.21723938 126.08430290
v 47.76725006 47.76726151 126.08430290
v 52.33559036 52.32719040 153.53699303
v 51.07109833 44.21723938 126.08430290
v 52.33559036 52.32719040 153.53699303
v 57.60800934 46.45928955 153.53699303
v 51.07109833 44.21723938 126.08430290
v -47.81885910 47.81887054 165.17690086
v -51.08546066 44.31211853 165.17690086
v -50.99021149 44.22949982 165.87579918
v -47.72969818 47.72972107 165.87579918
v 51.08546066 44.31211853 165.17690086
v 47.72970963 47.72972107 165.87579918
v 50.99021912 44.22949982 165.87579918
v 47.72970963 47.72972107 165.87579918
v 47.72970963 47.72972107 167.24609947
v 50.99021912 44.22949982 165.87579918
v -57.60054016 46.46854019 153.53699303
v 57.60800934 46.45928955 153.53699303
v -47.81885910 47.81887054 165.17690086
v -48.07508087 48.07508850 164.56619835
v -51.08546066 44.31211853 165.17690086
v -51.35918045 44.54954147 164.56619835
v 47.81885910 47.81887054 165.17690086
v 51.35918045 44.54954147 164.56619835
v 47.81885910 47.81887054 165.17690086
v 51.08546066 44.31211853 165.17690086
v -40.11434174 48.18856812 183.04059410
v -45.39628983 45.39630890 182.63869286
v -44.33563995 44.33565140 183.04059410
v 45.39630127 45.39630890 182.63869286
v 41.07402039 49.34140015 182.63869286
v 44.33563995 44.33565140 183.04059410
v 40.11434937 48.18856812 183.04059410
v -48.07508087 48.07508850 164.56619835
v -51.42253876 51.42256927 159.10179710
v -51.35918045 44.54954147 164.56619835
v -51.42253876 51.42256927 159.10179710
v -56.60044098 45.66173172 159.10179710
v -51.35918045 44.54954147 164.56619835
v 56.60778046 45.65262985 159.10179710
v 51.42689896 51.41865158 159.10179710
v 51.35918045 44.54954147 164.56619835
v 51.42689896 51.41865158 159.10179710
v 48.07508087 48.07508850 164.56619835
v 51.35918045 44.54954147 164.56619835
v 48.07508087 48.07508850 164.56619835
v -41.07402039 49.34140015 182.63869286
v -46.17274857 46.17277145 181.54059410
v -45.39628983 45.39630890 182.63869286
v -41.07402039 49.34140015 182.63869286
v 46.17276001 46.17277145 181.54059410
v 41.77655029 50.18532944 181.54059410
v 45.39630127 45.39630890 182.63869286
v 41.07402039 49.34140015 182.63869286
v 57.05821991 46.01589966 158.30010033
v 51.83612061 51.82780075 158.30010033
v 56.60778046 45.65262985 159.10179710
v 51.42689896 51.41865158 159.10179710
v -51.42253876 51.42256927 159.10179710
v -57.05081940 46.02507019 158.30010033
v -56.60044098 45.66173172 159.10179710
v 57.70349121 46.53628922 155.85919762
v 51.83612061 51.82780075 158.30010033
v 57.05821991 46.01589966 158.30010033
v -51.82778168 51.83612823 158.30010033
v -51.82778168 51.83612823 158.30010033
v -52.41389847 52.42232895 155.85919762
v -57.05081940 46.02507019 158.30010033
v -57.69601059 46.54555893 155.85919762
v -41.77655029 50.18532944 181.54059410
v -46.45695114 46.45697021 180.04059410
v -46.17274857 46.17277145 181.54059410
v -41.77655029 50.18532944 181.54059410
v 46.45695877 46.45697021 180.04059410
v 42.03369141 50.49423981 180.04059410
v 46.17276001 46.17277145 181.54059410
v 41.77655029 50.18532944 181.54059410
v -42.03369141 50.49423981 180.04059410
v -42.02793121 50.48847961 176.54059410
v -46.45695114 46.45697021 180.04059410
v -42.03369141 50.49423981 180.04059410
v 52.33559036 52.32719040 153.53699303
v 57.70349121 46.53628922 155.85919762
v 57.60800934 46.45928955 153.53699303
v -52.33113861 52.33118057 153.53699303
v -47.76725006 47.76726151 126.08430290
v -57.60054016 46.46854019 153.53699303
v -57.69601059 46.54555893 155.85919762
v -52.33113861 52.33118057 153.53699303
v -57.60054016 46.46854019 153.53699303
v 52.42232132 52.41390991 155.85919762
v 52.42232132 52.41390991 155.85919762
v -52.41389847 52.42232895 155.85919762
v -43.02737045 50.39987183 174.83560753
v -47.51057053 47.51058960 171.09050560
v -46.85882950 46.85884094 174.83560753
v 47.51057816 47.51058960 171.09050560
v 43.62582016 51.10086060 171.09050560
v 46.85882950 46.85884094 174.83560753
v 43.02737045 50.39987183 174.83560753
v 43.02737045 50.39987183 174.83560753
v 42.02793884 50.48847961 176.54059410
v 46.85882950 46.85884094 174.83560753
v -43.62582016 51.10086060 171.09050560
v -43.62582016 51.10086060 171.09050560
v -47.72969818 47.72972107 167.24609947
v -47.51057053 47.51058960 171.09050560
v 43.82704163 51.33655167 167.24609947
v 43.62582016 51.10086060 171.09050560
v 47.51057816 47.51058960 171.09050560
v 47.72970963 47.72972107 167.24609947
v -47.76725006 47.76726151 126.08430290
v -45.44726181 49.85388947 125.62650108
v -47.72969818 47.72972107 125.62650108
v -45.44726181 49.85388947 125.62650108
v -45.47444916 49.88311005 15.24060631
v -47.72969818 47.72972107 125.62650108
v 45.47446060 49.88311005 15.24060631
v 45.44726181 49.85388947 125.62650108
v 47.72970963 47.72972107 125.62650108
v 45.44726181 49.85388947 125.62650108
v 47.76725006 47.76726151 126.08430290
v 47.72970963 47.72972107 125.62650108
v -44.31209946 51.08546829 165.17690086
v -47.81885910 47.81887054 165.17690086
v -47.72969818 47.72972107 165.87579918
v -44.22948074 50.99023056 165.87579918
v -47.72969818 47.72972107 167.24609947
v -44.22948074 50.99023056 165.87579918
v -47.72969818 47.72972107 165.87579918
v 47.81885910 47.81887054 165.17690086
v 44.22948837 50.99023056 165.87579918
v 47.72970963 47.72972107 165.87579918
v 43.82704163 51.33655167 167.24609947
v 47.72970963 47.72972107 167.24609947
v 47.72970963 47.72972107 165.87579918
v 44.22948837 50.99023056 165.87579918
v 43.82704163 51.33655167 167.24609947
v 47.72970963 47.72972107 165.87579918
v -43.82703018 51.33655167 167.24609947
v -44.22948074 50.99023056 165.87579918
v -47.72969818 47.72972107 167.24609947
v -43.82703018 51.33655167 167.24609947
v -44.21722031 51.07109833 126.08430290
v -52.32717133 52.33559036 153.53699303
v -52.32717133 52.33559036 153.53699303
v -44.21722031 51.07109833 126.08430290
v -47.76725006 47.76726151 126.08430290
v 44.21723175 51.07109833 126.08430290
v 44.21723175 51.07109833 126.08430290
v 46.46854019 57.60055161 153.53699303
v 47.76725006 47.76726151 126.08430290
v 46.46854019 57.60055161 153.53699303
v 52.33116913 52.33115005 153.53699303
v 47.76725006 47.76726151 126.08430290
v 52.33116913 52.33115005 153.53699303
v 52.33559036 52.32719040 153.53699303
v 47.76725006 47.76726151 126.08430290
v -44.31209946 51.08546829 165.17690086
v -44.54953003 51.35919189 164.56619835
v -47.81885910 47.81887054 165.17690086
v -48.07508087 48.07508850 164.56619835
v 44.31211090 51.08546829 165.17690086
v 48.07508087 48.07508850 164.56619835
v 44.31211090 51.08546829 165.17690086
v 47.81885910 47.81887054 165.17690086
v -44.54953003 51.35919189 164.56619835
v -51.41864014 51.42691040 159.10179710
v -48.07508087 48.07508850 164.56619835
v -51.41864014 51.42691040 159.10179710
v -51.42253876 51.42256927 159.10179710
v -48.07508087 48.07508850 164.56619835
v 51.42689896 51.41865158 159.10179710
v 51.42256165 51.42255020 159.10179710
v 48.07508087 48.07508850 164.56619835
v 51.42256165 51.42255020 159.10179710
v 44.54954147 51.35919189 164.56619835
v 48.07508087 48.07508850 164.56619835
v 44.54954147 51.35919189 164.56619835
v -35.55974960 51.64110184 183.04059410
v -41.07402039 49.34140015 182.63869286
v -40.11434174 48.18856812 183.04059410
v 41.07402039 49.34140015 182.63869286
v 36.41046906 52.87651825 182.63869286
v 40.11434937 48.18856812 183.04059410
v 35.55976105 51.64110184 183.04059410
v -36.41046143 52.87651825 182.63869286
v -41.77655029 50.18532944 181.54059410
v -41.07402039 49.34140015 182.63869286
v -36.41046143 52.87651825 182.63869286
v 41.77655029 50.18532944 181.54059410
v 37.03322983 53.78091812 181.54059410
v 41.07402039 49.34140015 182.63869286
v 36.41046906 52.87651825 182.63869286
v -44.18246841 51.03097153 125.62650108
v -44.18246841 51.03097153 125.62650108
v 44.18247986 51.03097153 125.62650108
v 44.18247986 51.03097153 125.62650108
v -44.18246841 51.03097153 125.62650108
v -40.40755081 54.06922150 125.62650108
v -45.47444916 49.88311005 15.24060631
v -40.40755081 54.06922150 125.62650108
v -35.53416061 57.38967133 15.24060631
v -45.47444916 49.88311005 15.24060631
v 35.53416824 57.38967133 15.24060631
v 44.18247986 51.03097153 125.62650108
v 45.47446060 49.88311005 15.24060631
v -37.03321838 53.78091812 181.54059410
v -42.03369141 50.49423981 180.04059410
v -41.77655029 50.18532944 181.54059410
v -37.03321838 53.78091812 181.54059410
v 42.03369141 50.49423981 180.04059410
v 37.26118088 54.11194992 180.04059410
v 41.77655029 50.18532944 181.54059410
v 37.03322983 53.78091812 181.54059410
v -42.31010818 50.96495056 174.83560753
v -43.62582016 51.10086060 171.09050560
v -43.02737045 50.39987183 174.83560753
v -42.02793121 50.48847961 176.54059410
v -42.31010818 50.96495056 174.83560753
v -43.02737045 50.39987183 174.83560753
v 43.62582016 51.10086060 171.09050560
v 42.31010818 50.96495056 174.83560753
v 43.02737045 50.39987183 174.83560753
v 42.31010818 50.96495056 174.83560753
v 42.02793884 50.48847961 176.54059410
v 43.02737045 50.39987183 174.83560753
v -41.96545029 50.55096054 176.54059410
v -42.31010818 50.96495056 174.83560753
v -42.02793121 50.48847961 176.54059410
v -42.03369141 50.49423981 180.04059410
v -41.96545029 50.55096054 176.54059410
v -42.02793121 50.48847961 176.54059410
v 42.31010818 50.96495056 174.83560753
v 41.96545029 50.55096054 176.54059410
v 42.02793884 50.48847961 176.54059410
v 41.96545029 50.55096054 176.54059410
v 37.26118088 54.11194992 180.04059410
v 42.02793884 50.48847961 176.54059410
v 37.26118088 54.11194992 180.04059410
v 42.03369141 50.49423981 180.04059410
v 42.02793884 50.48847961 176.54059410
v -37.26116943 54.11194992 180.04059410
v -41.96545029 50.55096054 176.54059410
v -42.03369141 50.49423981 180.04059410
v -37.26116943 54.11194992 180.04059410
v -32.17906189 57.28007126 176.54059410
v -42.31010818 50.96495056 174.83560753
v -41.96545029 50.55096054 176.54059410
v -37.26116943 54.11194992 180.04059410
v -32.17906189 57.28007126 176.54059410
v -41.96545029 50.55096054 176.54059410
v 32.27743149 57.49832916 175.82520103
v 32.17906952 57.28007126 176.54059410
v 41.96545029 50.55096054 176.54059410
v 42.31010818 50.96495056 174.83560753
v 32.27743149 57.49832916 175.82520103
v 41.96545029 50.55096054 176.54059410
v 32.17906952 57.28007126 176.54059410
v 32.17906952 57.28007126 180.04059410
v 41.96545029 50.55096054 176.54059410
v 32.17906952 57.28007126 180.04059410
v 37.26118088 54.11194992 180.04059410
v 41.96545029 50.55096054 176.54059410
v -39.47066879 54.37440109 171.09050560
v -38.92921829 53.62850952 174.83560753
v -32.17906189 57.28007126 176.54059410
v -32.27742004 57.49832916 175.82520103
v -42.31010818 50.96495056 174.83560753
v -32.27742004 57.49832916 175.82520103
v -38.92921829 53.62850952 174.83560753
v -42.31010818 50.96495056 174.83560753
v 39.47066879 54.37440109 171.09050560
v 38.92922974 53.62850952 174.83560753
v 38.92922974 53.62850952 174.83560753
v 32.27743149 57.49832916 175.82520103
v 42.31010818 50.96495056 174.83560753
v -40.58280182 54.09550858 165.17690086
v -44.31209946 51.08546829 165.17690086
v -44.22948074 50.99023056 165.87579918
v -40.50714111 53.99465179 165.87579918
v -43.82703018 51.33655167 167.24609947
v -40.50714111 53.99465179 165.87579918
v -44.22948074 50.99023056 165.87579918
v 44.31211090 51.08546829 165.17690086
v 40.50714111 53.99465179 165.87579918
v 44.22948837 50.99023056 165.87579918
v 39.65272141 54.62519836 167.24609947
v 43.82704163 51.33655167 167.24609947
v 44.22948837 50.99023056 165.87579918
v 40.50714111 53.99465179 165.87579918
v 39.65272141 54.62519836 167.24609947
v 44.22948837 50.99023056 165.87579918
v -44.21722031 51.07109833 126.08430290
v -40.40755081 54.06922150 125.62650108
v -44.18246841 51.03097153 125.62650108
v 35.53416824 57.38967133 15.24060631
v 40.40755081 54.06922150 125.62650108
v 44.18247986 51.03097153 125.62650108
v 40.43933105 54.11175156 126.08430290
v 44.21723175 51.07109833 126.08430290
v 44.18247986 51.03097153 125.62650108
v 40.40755081 54.06922150 125.62650108
v -40.43933105 54.11175156 126.08430290
v -52.32717133 52.33559036 153.53699303
v -46.45927048 57.60802078 153.53699303
v -44.21722031 51.07109833 126.08430290
v -46.45927048 57.60802078 153.53699303
v -40.43933105 54.11175156 126.08430290
v -44.21722031 51.07109833 126.08430290
v 40.43933105 54.11175156 126.08430290
v 44.24744034 59.20476913 153.53699303
v 44.21723175 51.07109833 126.08430290
v 44.24744034 59.20476913 153.53699303
v 46.46854019 57.60055161 153.53699303
v 44.21723175 51.07109833 126.08430290
v -40.58280182 54.09550858 165.17690086
v -40.80025101 54.38536072 164.56619835
v -44.31209946 51.08546829 165.17690086
v -44.54953003 51.35919189 164.56619835
v 40.58280182 54.09550858 165.17690086
v 44.54954147 51.35919189 164.56619835
v 40.58280182 54.09550858 165.17690086
v 44.31211090 51.08546829 165.17690086
v -39.47066879 54.37440109 171.09050560
v -43.82703018 51.33655167 167.24609947
v -43.62582016 51.10086060 171.09050560
v 39.65272141 54.62519836 167.24609947
v 39.47066879 54.37440109 171.09050560
v 43.62582016 51.10086060 171.09050560
v 43.82704163 51.33655167 167.24609947
v -39.65272141 54.62519836 167.24609947
v -40.50714111 53.99465179 165.87579918
v -43.82703018 51.33655167 167.24609947
v -39.65272141 54.62519836 167.24609947
v -40.80025101 54.38536072 164.56619835
v -43.58797073 58.09851837 159.10179710
v -44.54953003 51.35919189 164.56619835
v -43.58797073 58.09851837 159.10179710
v -45.65261841 56.60779190 159.10179710
v -44.54953003 51.35919189 164.56619835
v -45.65261841 56.60779190 159.10179710
v -51.41864014 51.42691040 159.10179710
v -44.54953003 51.35919189 164.56619835
v 51.42256165 51.42255020 159.10179710
v 45.66172028 56.60046005 159.10179710
v 44.54954147 51.35919189 164.56619835
v 45.66172028 56.60046005 159.10179710
v 40.80025101 54.38536072 164.56619835
v 44.54954147 51.35919189 164.56619835
v 40.80025101 54.38536072 164.56619835
v 51.83612061 51.82780075 158.30010033
v 51.42256165 51.42255020 159.10179710
v 51.42689896 51.41865158 159.10179710
v 46.02505875 57.05083084 158.30010033
v 45.66172028 56.60046005 159.10179710
v -51.41864014 51.42691040 159.10179710
v -45.65261841 56.60779190 159.10179710
v -51.82778168 51.83612823 158.30010033
v -51.41864014 51.42691040 159.10179710
v -30.70969963 54.66455078 183.04059410
v -36.41046143 52.87651825 182.63869286
v -35.55974960 51.64110184 183.04059410
v 36.41046906 52.87651825 182.63869286
v 31.44438934 55.97230911 182.63869286
v 35.55976105 51.64110184 183.04059410
v 30.70970917 54.66455078 183.04059410
v 52.42232132 52.41390991 155.85919762
v 46.02505875 57.05083084 158.30010033
v 51.83612061 51.82780075 158.30010033
v -46.01588058 57.05823135 158.30010033
v -46.01588058 57.05823135 158.30010033
v -46.53628159 57.70349884 155.85919762
v -51.82778168 51.83612823 158.30010033
v -52.41389847 52.42232895 155.85919762
v 52.33116913 52.33115005 153.53699303
v 52.42232132 52.41390991 155.85919762
v 52.33559036 52.32719040 153.53699303
v 46.46854019 57.60055161 153.53699303
v 46.54555130 57.69601059 155.85919762
v -52.32717133 52.33559036 153.53699303
v -52.41389847 52.42232895 155.85919762
v -46.53628159 57.70349884 155.85919762
v -52.32717133 52.33559036 153.53699303
v -46.45927048 57.60802078 153.53699303
v 46.54555130 57.69601059 155.85919762
v -31.44437981 55.97230911 182.63869286
v -31.44437981 55.97230911 182.63869286
v -37.03321838 53.78091812 181.54059410
v -36.41046143 52.87651825 182.63869286
v 37.03322983 53.78091812 181.54059410
v 31.98221970 56.92966080 181.54059410
v 36.41046906 52.87651825 182.63869286
v 31.44438934 55.97230911 182.63869286
v -34.94437027 56.30624008 174.83560753
v -39.47066879 54.37440109 171.09050560
v -38.92921829 53.62850952 174.83560753
v -32.27742004 57.49832916 175.82520103
v -34.94437027 56.30624008 174.83560753
v -38.92921829 53.62850952 174.83560753
v 35.43040085 57.08937836 171.09050560
v 34.94438171 56.30624008 174.83560753
v 38.92922974 53.62850952 174.83560753
v 39.47066879 54.37440109 171.09050560
v 34.94438171 56.30624008 174.83560753
v 32.27743149 57.49832916 175.82520103
v 38.92922974 53.62850952 174.83560753
v -31.98221016 56.92966080 181.54059410
v -31.98221016 56.92966080 181.54059410
v -37.26116943 54.11194992 180.04059410
v -37.03321838 53.78091812 181.54059410
v 37.26118088 54.11194992 180.04059410
v 32.17906952 57.28007126 180.04059410
v 37.03322983 53.78091812 181.54059410
v 31.98221970 56.92966080 181.54059410
v -39.63599014 54.60116959 165.87579918
v -40.58280182 54.09550858 165.17690086
v -40.50714111 53.99465179 165.87579918
v -39.65272141 54.62519836 167.24609947
v -39.63599014 54.60116959 165.87579918
v -40.50714111 53.99465179 165.87579918
v 40.58280182 54.09550858 165.17690086
v 39.63600159 54.60116959 165.87579918
v 40.50714111 53.99465179 165.87579918
v 39.63600159 54.60116959 165.87579918
v 39.65272141 54.62519836 167.24609947
v 40.50714111 53.99465179 165.87579918
v -40.43933105 54.11175156 126.08430290
v -36.84729004 56.55553055 125.62650108
v -40.40755081 54.06922150 125.62650108
v -36.84729004 56.55553055 125.62650108
v -35.53416061 57.38967133 15.24060631
v -40.40755081 54.06922150 125.62650108
v 35.53416824 57.38967133 15.24060631
v 36.84730148 56.55553055 125.62650108
v 40.40755081 54.06922150 125.62650108
v 36.84730148 56.55553055 125.62650108
v 40.43933105 54.11175156 126.08430290
v 40.40755081 54.06922150 125.62650108
v -36.64968109 56.83386993 165.17690086
v -36.64968109 56.83386993 165.17690086
v -36.84606171 57.13838959 164.56619835
v -40.58280182 54.09550858 165.17690086
v -40.80025101 54.38536072 164.56619835
v 36.64968872 56.83386993 165.17690086
v 36.58135986 56.72790146 165.87579918
v 40.80025101 54.38536072 164.56619835
v 36.64968872 56.83386993 165.17690086
v 40.58280182 54.09550858 165.17690086
v -36.00645065 57.15729141 126.08430290
v -36.22111130 56.98077011 125.89939690
v -40.43933105 54.11175156 126.08430290
v -36.22111130 56.98077011 125.89939690
v -36.62057114 56.70463181 125.70920372
v -40.43933105 54.11175156 126.08430290
v -36.62057114 56.70463181 125.70920372
v -36.69533920 56.65510941 125.68070030
v -40.43933105 54.11175156 126.08430290
v -36.69533920 56.65510941 125.68070030
v -36.84729004 56.55553055 125.62650108
v -40.43933105 54.11175156 126.08430290
v -35.84609985 61.02827072 139.79630089
v -36.00645065 57.15729141 126.08430290
v -40.43933105 54.11175156 126.08430290
v -46.45927048 57.60802078 153.53699303
v -44.24755859 59.20492172 153.53699303
v -40.43933105 54.11175156 126.08430290
v -44.24755859 59.20492172 153.53699303
v -35.84609985 61.02827072 139.79630089
v -40.43933105 54.11175156 126.08430290
v 36.84730148 56.55553055 125.62650108
v 36.69533920 56.65510941 125.68070030
v 40.43933105 54.11175156 126.08430290
v 36.69533920 56.65510941 125.68070030
v 36.62057114 56.70463181 125.70920372
v 40.43933105 54.11175156 126.08430290
v 36.62057114 56.70463181 125.70920372
v 36.22111130 56.98077011 125.89939690
v 40.43933105 54.11175156 126.08430290
v 36.22111130 56.98077011 125.89939690
v 36.00645065 57.15729141 126.08430290
v 40.43933105 54.11175156 126.08430290
v 36.00645065 57.15729141 126.08430290
v 44.24744034 59.20476913 153.53699303
v 40.43933105 54.11175156 126.08430290
v -32.17906189 57.28007126 180.04059410
v -32.17906189 57.28007126 176.54059410
v -37.26116943 54.11194992 180.04059410
v -32.17906189 57.28007126 180.04059410
v -35.43040085 57.08937836 171.09050560
v -35.43040085 57.08937836 171.09050560
v -39.65272141 54.62519836 167.24609947
v -39.47066879 54.37440109 171.09050560
v 35.59381866 57.35269165 167.24609947
v 35.43040085 57.08937836 171.09050560
v 39.47066879 54.37440109 171.09050560
v 39.65272141 54.62519836 167.24609947
v -36.84606171 57.13838959 164.56619835
v -34.46332932 60.14307022 163.03220177
v -40.80025101 54.38536072 164.56619835
v -34.46332932 60.14307022 163.03220177
v -34.95243073 60.67020035 162.22350121
v -40.80025101 54.38536072 164.56619835
v -34.95243073 60.67020035 162.22350121
v -43.58797073 58.09851837 159.10179710
v -40.80025101 54.38536072 164.56619835
v 35.22883987 61.26739883 161.46689415
v 34.97146988 60.69874954 162.18390465
v 40.80025101 54.38536072 164.56619835
v 34.97146988 60.69874954 162.18390465
v 34.55968094 60.22565079 162.89420128
v 40.80025101 54.38536072 164.56619835
v 34.55968094 60.22565079 162.89420128
v 36.84606171 57.13838959 164.56619835
v 40.80025101 54.38536072 164.56619835
v 45.66172028 56.60046005 159.10179710
v 43.58784103 58.09835052 159.10179710
v 40.80025101 54.38536072 164.56619835
v 43.58784103 58.09835052 159.10179710
v 36.84606171 57.13838959 164.56619835
v -36.58134842 56.72790146 165.87579918
v -36.58134842 56.72790146 165.87579918
v 35.59381866 57.35269165 167.24609947
v 39.65272141 54.62519836 167.24609947
v 39.63600159 54.60116959 165.87579918
v 36.58135986 56.72790146 165.87579918
v 35.59381866 57.35269165 167.24609947
v 39.63600159 54.60116959 165.87579918
v -35.59381866 57.35269165 167.24609947
v -36.58134842 56.72790146 165.87579918
v -39.65272141 54.62519836 167.24609947
v -35.59381866 57.35269165 167.24609947
v -29.92029953 55.04042816 183.04059410
v -31.44437981 55.97230911 182.63869286
v -30.70969963 54.66455078 183.04059410
v 31.44438934 55.97230911 182.63869286
v 29.59930038 56.72391891 182.63869286
v 30.70970917 54.66455078 183.04059410
v 29.21095085 55.27507019 183.04059410
v -30.47233009 56.43516159 182.63869286
v -29.10259056 55.30313873 183.04059410
v -30.47233009 56.43516159 182.63869286
v -29.92029953 55.04042816 183.04059410
v 29.59930038 56.72391891 182.63869286
v 28.56417084 56.92988968 182.63869286
v 29.21095085 55.27507019 183.04059410
v 28.36804008 55.44276810 183.04059410
v -29.46649933 56.75831985 182.63869286
v -27.49547958 55.49985123 183.04059410
v -29.46649933 56.75831985 182.63869286
v -29.10259056 55.30313873 183.04059410
v 28.56417084 56.92988968 182.63869286
v 27.49547958 56.99985123 182.63869286
v 28.36804008 55.44276810 183.04059410
v 27.49547958 55.49985123 183.04059410
v 27.49547958 56.99985123 182.63869286
v -27.49547958 56.99985123 182.63869286
v -27.49547958 55.49985123 183.04059410
v 27.49547958 55.49985123 183.04059410
v -27.49547958 56.99985123 182.63869286
v -30.47233009 56.43516159 182.63869286
v -31.98221016 56.92966080 181.54059410
v -31.44437981 55.97230911 182.63869286
v 31.98221970 56.92966080 181.54059410
v 29.88360977 57.78454971 181.54059410
v 31.44438934 55.97230911 182.63869286
v 29.59930038 56.72391891 182.63869286
v -32.42652130 57.82709122 174.74559593
v -35.43040085 57.08937836 171.09050560
v -34.94437027 56.30624008 174.83560753
v -32.41349030 57.80022812 174.83560753
v -32.42652130 57.82709122 174.74559593
v -34.94437027 56.30624008 174.83560753
v -32.27742004 57.49832916 175.82520103
v -32.41349030 57.80022812 174.83560753
v -34.94437027 56.30624008 174.83560753
v 32.42652130 57.82709122 174.74559593
v 32.41350174 57.80022812 174.83560753
v 34.94438171 56.30624008 174.83560753
v 32.55857086 58.46358109 172.49840355
v 32.42652130 57.82709122 174.74559593
v 34.94438171 56.30624008 174.83560753
v 35.43040085 57.08937836 171.09050560
v 32.55857086 58.46358109 172.49840355
v 34.94438171 56.30624008 174.83560753
v 32.41350174 57.80022812 174.83560753
v 32.27743149 57.49832916 175.82520103
v 34.94438171 56.30624008 174.83560753
v -30.87643051 57.45618057 181.54059410
v -29.46649933 56.75831985 182.63869286
v -30.87643051 57.45618057 181.54059410
v -30.47233009 56.43516159 182.63869286
v -36.82960129 56.56705093 125.62930107
v -35.53416061 57.38967133 15.24060631
v -36.84729004 56.55553055 125.62650108
v -36.69533920 56.65510941 125.68070030
v -36.82960129 56.56705093 125.62930107
v -36.84729004 56.55553055 125.62650108
v 35.53416824 57.38967133 15.24060631
v 36.82960892 56.56705093 125.62930107
v 36.84730148 56.55553055 125.62650108
v 36.82960892 56.56705093 125.62930107
v 36.69533920 56.65510941 125.68070030
v 36.84730148 56.55553055 125.62650108
v -36.64712143 56.68460846 125.66160393
v -35.53416061 57.38967133 15.24060631
v -36.82960129 56.56705093 125.62930107
v -36.69533920 56.65510941 125.68070030
v -36.64712143 56.68460846 125.66160393
v -36.82960129 56.56705093 125.62930107
v 35.53416824 57.38967133 15.24060631
v 36.61692810 56.70145035 125.67850304
v 36.82960892 56.56705093 125.62930107
v 36.61692810 56.70145035 125.67850304
v 36.69533920 56.65510941 125.68070030
v 36.82960892 56.56705093 125.62930107
v 46.02505875 57.05083084 158.30010033
v 43.58784103 58.09835052 159.10179710
v 45.66172028 56.60046005 159.10179710
v -43.58797073 58.09851837 159.10179710
v -46.01588058 57.05823135 158.30010033
v -45.65261841 56.60779190 159.10179710
v -36.62057114 56.70463181 125.70920372
v 36.61692810 56.70145035 125.67850304
v 36.62057114 56.70463181 125.70920372
v 36.69533920 56.65510941 125.68070030
v -36.54639816 56.74948883 125.67940331
v -36.62057114 56.70463181 125.70920372
v -36.54639816 56.74948883 125.67940331
v -36.64712143 56.68460846 125.66160393
v 36.49872971 56.77613831 125.70580101
v 36.49872971 56.77613831 125.70580101
v 36.62057114 56.70463181 125.70920372
v 36.61692810 56.70145035 125.67850304
v -36.28057098 56.92073822 125.72640038
v -36.22111130 56.98077011 125.89939690
v -36.28057098 56.92073822 125.72640038
v -36.62057114 56.70463181 125.70920372
v 36.49872971 56.77613831 125.70580101
v 36.22111130 56.98077011 125.89939690
v 36.62057114 56.70463181 125.70920372
v 29.88360977 57.78454971 181.54059410
v 28.70775032 58.01855087 181.54059410
v 29.59930038 56.72391891 182.63869286
v 28.56417084 56.92988968 182.63869286
v -30.81870079 60.05379105 165.87579918
v -36.64968109 56.83386993 165.17690086
v -36.58134842 56.72790146 165.87579918
v -31.18254089 59.86568069 166.56520653
v -30.81870079 60.05379105 165.87579918
v -36.58134842 56.72790146 165.87579918
v -35.59381866 57.35269165 167.24609947
v -31.56225967 59.66635895 167.24609947
v -36.58134842 56.72790146 165.87579918
v -31.56225967 59.66635895 167.24609947
v 36.64968872 56.83386993 165.17690086
v 32.47185135 59.17626190 165.87579918
v 36.58135986 56.72790146 165.87579918
v 31.56226921 59.66635895 167.24609947
v 35.59381866 57.35269165 167.24609947
v 36.58135986 56.72790146 165.87579918
v 32.47185135 59.17626190 165.87579918
v 31.56226921 59.66635895 167.24609947
v 36.58135986 56.72790146 165.87579918
v -36.28057098 56.92073822 125.72640038
v -29.73290062 57.82358932 181.54059410
v -27.49547958 56.99985123 182.63869286
v -29.73290062 57.82358932 181.54059410
v -29.46649933 56.75831985 182.63869286
v 35.80255890 57.21606827 125.86669731
v 35.80255890 57.21606827 125.86669731
v 36.22111130 56.98077011 125.89939690
v 36.49872971 56.77613831 125.70580101
v -30.95004082 60.15475082 165.11629295
v -32.01391983 59.76419830 164.82449913
v -36.64968109 56.83386993 165.17690086
v -30.81870079 60.05379105 165.87579918
v -30.69177055 60.14841843 165.55190086
v -36.64968109 56.83386993 165.17690086
v -30.69177055 60.14841843 165.55190086
v -30.75757027 60.22706985 165.17709923
v -36.64968109 56.83386993 165.17690086
v -30.75757027 60.22706985 165.17709923
v -30.83061981 60.20026016 165.15149498
v -36.64968109 56.83386993 165.17690086
v -30.83061981 60.20026016 165.15149498
v -30.95004082 60.15475082 165.11629295
v -36.64968109 56.83386993 165.17690086
v -32.01391983 59.76419830 164.82449913
v -33.06877136 59.40441132 164.56619835
v -36.64968109 56.83386993 165.17690086
v -33.06877136 59.40441132 164.56619835
v -36.84606171 57.13838959 164.56619835
v -36.64968109 56.83386993 165.17690086
v 33.06877899 59.40441132 164.56619835
v 32.53250885 59.28680038 165.17690086
v 36.64968872 56.83386993 165.17690086
v 32.53250885 59.28680038 165.17690086
v 36.84606171 57.13838959 164.56619835
v 33.06877899 59.40441132 164.56619835
v 36.64968872 56.83386993 165.17690086
v -35.86510849 57.18048096 125.83479881
v -35.53416061 57.38967133 15.24060631
v -36.28057098 56.92073822 125.72640038
v -36.22111130 56.98077011 125.89939690
v -35.86510849 57.18048096 125.83479881
v -36.28057098 56.92073822 125.72640038
v -30.87643051 57.45618057 181.54059410
v -32.17906189 57.28007126 180.04059410
v -31.98221016 56.92966080 181.54059410
v 32.17906952 57.28007126 180.04059410
v 29.98765945 58.17277145 180.04059410
v 31.98221970 56.92966080 181.54059410
v 29.88360977 57.78454971 181.54059410
v 28.70775032 58.01855087 181.54059410
v 27.49547958 58.09793091 181.54059410
v 28.56417084 56.92988968 182.63869286
v 27.49547958 56.99985123 182.63869286
v -35.53313828 57.38801956 125.92140007
v -36.00645065 57.15729141 126.08430290
v -35.53313828 57.38801956 125.92140007
v -36.22111130 56.98077011 125.89939690
v 35.80255890 57.21606827 125.86669731
v 36.00645065 57.15729141 126.08430290
v 36.22111130 56.98077011 125.89939690
v 27.49547958 58.09793091 181.54059410
v -27.49547958 58.09793091 181.54059410
v -27.49547958 56.99985123 182.63869286
v 27.49547958 56.99985123 182.63869286
v -27.49547958 58.09793091 181.54059410
v 39.69107056 61.62565994 158.30010033
v 39.37773895 61.13917160 159.10179710
v 46.02505875 57.05083084 158.30010033
v 39.37773895 61.13917160 159.10179710
v 46.54555130 57.69601059 155.85919762
v 39.69107056 61.62565994 158.30010033
v 46.02505875 57.05083084 158.30010033
v -39.68115997 61.63203812 158.30010033
v -39.68115997 61.63203812 158.30010033
v -40.12990952 62.32902908 155.85919762
v -46.01588058 57.05823135 158.30010033
v -46.53628159 57.70349884 155.85919762
v -32.55855942 58.46358109 172.49840355
v -32.41751099 58.82471085 171.08640099
v -35.43040085 57.08937836 171.09050560
v -32.42652130 57.82709122 174.74559593
v -32.55855942 58.46358109 172.49840355
v -35.43040085 57.08937836 171.09050560
v -32.41751099 58.82471085 171.08640099
v -35.59381866 57.35269165 167.24609947
v -35.43040085 57.08937836 171.09050560
v 32.33747864 59.02959824 170.28520775
v 32.41751099 58.82471085 171.08640099
v 35.43040085 57.08937836 171.09050560
v 32.55857086 58.46358109 172.49840355
v 35.59381866 57.35269165 167.24609947
v 32.33747864 59.02959824 170.28520775
v 35.43040085 57.08937836 171.09050560
v -33.06877136 59.40441132 164.56619835
v -34.46332932 60.14307022 163.03220177
v -36.84606171 57.13838959 164.56619835
v 34.55968094 60.22565079 162.89420128
v 34.02584839 59.83916092 163.58719444
v 36.84606171 57.13838959 164.56619835
v 33.06877899 59.40441132 164.56619835
v -34.87166977 57.79462051 126.16489983
v -35.28104019 57.54563141 125.98720360
v -36.00645065 57.15729141 126.08430290
v -35.84609985 61.02827072 139.79630089
v -34.87166977 57.79462051 126.16489983
v -36.00645065 57.15729141 126.08430290
v -35.28104019 57.54563141 125.98720360
v -35.53313828 57.38801956 125.92140007
v -36.00645065 57.15729141 126.08430290
v 35.84611130 61.02827072 139.79630089
v 44.24744034 59.20476913 153.53699303
v 36.00645065 57.15729141 126.08430290
v 35.28104019 57.54563141 125.98720360
v 35.84611130 61.02827072 139.79630089
v 36.00645065 57.15729141 126.08430290
v 35.80255890 57.21606827 125.86669731
v 35.53237152 57.38681030 125.92909813
v 36.00645065 57.15729141 126.08430290
v 35.28104019 57.54563141 125.98720360
v -35.53313828 57.38801956 125.92140007
v 35.53237152 57.38681030 125.92909813
v -29.90736008 58.19393158 176.54059410
v -27.63355064 58.79613113 175.56279564
v -32.17906189 57.28007126 176.54059410
v -27.63355064 58.79613113 175.56279564
v -32.27742004 57.49832916 175.82520103
v -32.17906189 57.28007126 176.54059410
v -31.02433968 57.82989120 180.04059410
v -29.90736008 58.19393158 176.54059410
v -32.17906189 57.28007126 176.54059410
v -32.17906189 57.28007126 180.04059410
v -31.02433968 57.82989120 180.04059410
v -32.17906189 57.28007126 176.54059410
v 32.27743149 57.49832916 175.82520103
v 29.92436028 58.18951035 176.54059410
v 32.17906952 57.28007126 176.54059410
v 29.98765945 58.17277145 180.04059410
v 32.17906952 57.28007126 180.04059410
v 32.17906952 57.28007126 176.54059410
v 29.92436028 58.18951035 176.54059410
v 29.98765945 58.17277145 180.04059410
v 32.17906952 57.28007126 176.54059410
v -31.02433968 57.82989120 180.04059410
v -32.33747101 59.02959824 170.28520775
v -32.11626816 59.27891922 169.20509911
v -35.59381866 57.35269165 167.24609947
v -32.11626816 59.27891922 169.20509911
v -31.84057045 59.49929810 168.14299583
v -35.59381866 57.35269165 167.24609947
v -31.84057045 59.49929810 168.14299583
v -31.70601082 59.58538818 167.69240379
v -35.59381866 57.35269165 167.24609947
v -31.70601082 59.58538818 167.69240379
v -31.56225967 59.66635895 167.24609947
v -35.59381866 57.35269165 167.24609947
v -32.41751099 58.82471085 171.08640099
v -32.33747101 59.02959824 170.28520775
v -35.59381866 57.35269165 167.24609947
v 32.11627960 59.27891922 169.20509911
v 32.33747864 59.02959824 170.28520775
v 35.59381866 57.35269165 167.24609947
v 31.56226921 59.66635895 167.24609947
v 31.70602036 59.58538818 167.69240379
v 35.59381866 57.35269165 167.24609947
v 31.70602036 59.58538818 167.69240379
v 31.84057999 59.49929810 168.14299583
v 35.59381866 57.35269165 167.24609947
v 31.84057999 59.49929810 168.14299583
v 32.11627960 59.27891922 169.20509911
v 35.59381866 57.35269165 167.24609947
v 35.28104019 57.54563141 125.98720360
v -24.38381004 62.94189072 15.24060631
v -35.53416061 57.38967133 15.24060631
v -35.53313828 57.38801956 125.92140007
v -35.28104019 57.54563141 125.98720360
v -24.38381004 62.94189072 15.24060631
v -35.53313828 57.38801956 125.92140007
v 24.38381958 62.94189072 15.24060631
v 35.28104019 57.54563141 125.98720360
v 35.53416824 57.38967133 15.24060631
v -29.90587044 58.18927002 180.04059410
v -31.02433968 57.82989120 180.04059410
v -30.87643051 57.45618057 181.54059410
v -29.73290062 57.82358932 181.54059410
v -27.77326012 59.09598923 174.57320213
v -32.41349030 57.80022812 174.83560753
v 27.63355064 58.79613113 175.56279564
v 29.92436028 58.18951035 176.54059410
v 32.27743149 57.49832916 175.82520103
v 32.41350174 57.80022812 174.83560753
v 27.63355064 58.79613113 175.56279564
v 32.27743149 57.49832916 175.82520103
v -34.87166977 57.79462051 126.16489983
v -24.38381004 62.94189072 15.24060631
v -35.28104019 57.54563141 125.98720360
v 24.38381958 62.94189072 15.24060631
v 34.06499863 58.27373123 126.71459770
v 35.28104019 57.54563141 125.98720360
v 34.06499863 58.27373123 126.71459770
v 35.84611130 61.02827072 139.79630089
v 35.28104019 57.54563141 125.98720360
v 44.24744034 59.20476913 153.53699303
v 46.54555130 57.69601059 155.85919762
v 46.46854019 57.60055161 153.53699303
v -46.53628159 57.70349884 155.85919762
v -44.24755859 59.20492172 153.53699303
v -46.45927048 57.60802078 153.53699303
v 40.13993835 62.32257843 155.85919762
v 40.13993835 62.32257843 155.85919762
v -40.12990952 62.32902908 155.85919762
v -40.06351089 62.22589874 153.53699303
v 29.98765945 58.17277145 180.04059410
v 29.92355919 58.18553925 180.04059410
v 29.88360977 57.78454971 181.54059410
v 28.70775032 58.01855087 181.54059410
v -33.78186035 58.43832016 126.96610069
v -24.38381004 62.94189072 15.24060631
v -34.87166977 57.79462051 126.16489983
v -35.84609985 61.02827072 139.79630089
v -33.78186035 58.43832016 126.96610069
v -34.87166977 57.79462051 126.16489983
v -30.10346985 58.46949005 174.63309288
v -32.42652130 57.82709122 174.74559593
v 27.77326012 59.09598923 174.57320213
v 30.10347939 58.46949005 174.63309288
v 32.42652130 57.82709122 174.74559593
v -29.83041000 58.21352005 180.04059410
v -27.49547958 58.09793091 181.54059410
v -29.83041000 58.21352005 180.04059410
v -29.73290062 57.82358932 181.54059410
v -30.10346985 58.46949005 174.63309288
v -30.25985909 59.27233124 172.93449974
v -32.42652130 57.82709122 174.74559593
v -30.25985909 59.27233124 172.93449974
v -32.55855942 58.46358109 172.49840355
v -32.42652130 57.82709122 174.74559593
v 32.55857086 58.46358109 172.49840355
v 30.10347939 58.46949005 174.63309288
v 32.42652130 57.82709122 174.74559593
v -29.90587044 58.18927002 180.04059410
v -29.90736008 58.19393158 176.54059410
v -31.02433968 57.82989120 180.04059410
v 28.76029968 58.41701889 180.04059410
v 28.76029968 58.41701889 180.04059410
v 27.49547958 58.49985123 180.04059410
v 28.70775032 58.01855087 181.54059410
v 27.49547958 58.09793091 181.54059410
v 27.49547958 58.49985123 180.04059410
v -27.49547958 58.49985123 180.04059410
v -27.49547958 58.09793091 181.54059410
v 27.49547958 58.09793091 181.54059410
v -27.49547958 58.49985123 180.04059410
v 35.29613113 61.92100906 160.77370262
v 35.28763962 61.58317184 161.11699486
v 43.58784103 58.09835052 159.10179710
v 39.37773895 61.13917160 159.10179710
v 35.29613113 61.92100906 160.77370262
v 43.58784103 58.09835052 159.10179710
v 35.28763962 61.58317184 161.11699486
v 35.22883987 61.26739883 161.46689415
v 43.58784103 58.09835052 159.10179710
v -39.36790085 61.14550018 159.10179710
v -35.24190903 61.31816864 161.40860558
v -35.24190903 61.31816864 161.40860558
v -35.29040146 61.61153030 161.08710289
v -43.58797073 58.09851837 159.10179710
v -35.29040146 61.61153030 161.08710289
v -39.36790085 61.14550018 159.10179710
v -43.58797073 58.09851837 159.10179710
v 29.92436028 58.18951035 176.54059410
v 29.92355919 58.18553925 180.04059410
v 29.98765945 58.17277145 180.04059410
v 28.76029968 58.41701889 180.04059410
v -29.83041000 58.21352005 180.04059410
v 27.63355064 58.79613113 175.56279564
v 27.49547958 58.49985123 176.54059410
v 29.92436028 58.18951035 176.54059410
v 27.49547958 58.49985123 176.54059410
v 28.76029968 58.41701889 180.04059410
v 29.92436028 58.18951035 176.54059410
v -27.49547958 58.49985123 176.54059410
v -27.63355064 58.79613113 175.56279564
v -29.90736008 58.19393158 176.54059410
v -29.83041000 58.21352005 180.04059410
v -27.49547958 58.49985123 176.54059410
v -29.90736008 58.19393158 176.54059410
v -27.49547958 58.49985123 180.04059410
v -27.49547958 58.49985123 176.54059410
v -29.83041000 58.21352005 180.04059410
v 24.38381958 62.94189072 15.24060631
v 33.50817871 58.59257889 127.28480339
v 34.06499863 58.27373123 126.71459770
v 33.50817871 58.59257889 127.28480339
v 33.46522903 61.96585846 139.54980278
v 34.06499863 58.27373123 126.71459770
v 33.46522903 61.96585846 139.54980278
v 35.84611130 61.02827072 139.79630089
v 34.06499863 58.27373123 126.71459770
v 27.49547958 58.49985123 176.54059410
v 27.49547958 58.49985123 180.04059410
v 28.76029968 58.41701889 180.04059410
v -33.50870895 58.59207153 127.28670311
v -24.38381004 62.94189072 15.24060631
v -33.78186035 58.43832016 126.96610069
v -35.84609985 61.02827072 139.79630089
v -33.50870895 58.59207153 127.28670311
v -33.78186035 58.43832016 126.96610069
v -30.25985909 59.27233124 172.93449974
v -32.41751099 58.82471085 171.08640099
v -32.55855942 58.46358109 172.49840355
v 30.25987053 59.27233124 172.93449974
v 30.10347939 58.46949005 174.63309288
v 32.55857086 58.46358109 172.49840355
v 32.41751099 58.82471085 171.08640099
v 30.25987053 59.27233124 172.93449974
v 32.55857086 58.46358109 172.49840355
v -27.78042984 59.11188889 174.52069664
v -27.78042984 59.11188889 174.52069664
v -27.81108093 59.50909042 173.20979881
v -30.10346985 58.46949005 174.63309288
v -27.81108093 59.50909042 173.20979881
v -30.25985909 59.27233124 172.93449974
v -30.10346985 58.46949005 174.63309288
v 27.78042984 59.11188889 174.52069664
v 30.25987053 59.27233124 172.93449974
v 27.78042984 59.11188889 174.52069664
v 30.10347939 58.46949005 174.63309288
v 27.49547958 58.49985123 176.54059410
v -27.63355064 58.79613113 175.56279564
v -27.49547958 58.49985123 176.54059410
v -27.49547958 58.49985123 180.04059410
v 27.49547958 58.49985123 176.54059410
v -27.49547958 58.49985123 176.54059410
v 27.63355064 58.79613113 175.56279564
v 27.49547958 58.49985123 180.04059410
v -32.43305969 59.19752884 128.54910088
v -33.46522903 61.96585846 139.54980278
v -32.43305969 59.19752884 128.54910088
v -33.50870895 58.59207153 127.28670311
v -35.84609985 61.02827072 139.79630089
v -33.46522903 61.96585846 139.54980278
v -33.50870895 58.59207153 127.28670311
v 33.01745987 58.87358093 127.78729820
v 33.01745987 58.87358093 127.78729820
v -27.77326012 59.09598923 174.57320213
v 27.77326012 59.09598923 174.57320213
v -27.78042984 59.11188889 174.52069664
v -30.25985909 59.27233124 172.93449974
v -30.03647041 59.77890015 171.17360497
v -32.41751099 58.82471085 171.08640099
v -30.03647041 59.77890015 171.17360497
v -32.33747101 59.02959824 170.28520775
v -32.41751099 58.82471085 171.08640099
v 32.33747864 59.02959824 170.28520775
v 30.03647041 59.77890015 171.17360497
v 32.41751099 58.82471085 171.08640099
v 30.03647041 59.77890015 171.17360497
v 30.25987053 59.27233124 172.93449974
v 32.41751099 58.82471085 171.08640099
v 24.38381958 62.94189072 15.24060631
v 32.24961853 59.29766846 128.81130028
v 33.01745987 58.87358093 127.78729820
v 32.24961853 59.29766846 128.81130028
v 33.46522903 61.96585846 139.54980278
v 33.01745987 58.87358093 127.78729820
v -30.03647041 59.77890015 171.17360497
v -29.82691956 60.03068924 170.23889732
v -32.33747101 59.02959824 170.28520775
v -29.82691956 60.03068924 170.23889732
v -32.11626816 59.27891922 169.20509911
v -32.33747101 59.02959824 170.28520775
v 32.11627960 59.27891922 169.20509911
v 30.03647041 59.77890015 171.17360497
v 32.33747864 59.02959824 170.28520775
v 27.78042984 59.11188889 174.52069664
v -27.81108093 59.50909042 173.20979881
v 27.81109047 59.50909042 173.20979881
v 30.25987053 59.27233124 172.93449974
v 27.81109047 59.50909042 173.20979881
v 27.78042984 59.11188889 174.52069664
v 30.69177055 60.14841843 165.55190086
v 30.81870079 60.05379105 165.87579918
v 32.47185135 59.17626190 165.87579918
v 32.53250885 59.28680038 165.17690086
v 30.69177055 60.14841843 165.55190086
v 32.47185135 59.17626190 165.87579918
v 31.18254089 59.86568069 166.56520653
v 31.56226921 59.66635895 167.24609947
v 32.47185135 59.17626190 165.87579918
v 30.81870079 60.05379105 165.87579918
v 31.18254089 59.86568069 166.56520653
v 32.47185135 59.17626190 165.87579918
v -30.86940002 60.02774811 131.12990379
v -24.38381004 62.94189072 15.24060631
v -32.43305969 59.19752884 128.54910088
v -33.46522903 61.96585846 139.54980278
v -30.86940002 60.02774811 131.12990379
v -32.43305969 59.19752884 128.54910088
v 35.84611130 61.02827072 139.79630089
v 40.07352066 62.21945953 153.53699303
v 44.24744034 59.20476913 153.53699303
v 40.07352066 62.21945953 153.53699303
v -40.06351089 62.22589874 153.53699303
v -35.84609985 61.02827072 139.79630089
v -44.24755859 59.20492172 153.53699303
v -27.81108093 59.50909042 173.20979881
v -27.57165909 59.90028000 171.91879845
v -30.25985909 59.27233124 172.93449974
v -27.57165909 59.90028000 171.91879845
v -30.03647041 59.77890015 171.17360497
v -30.25985909 59.27233124 172.93449974
v 30.03647041 59.77890015 171.17360497
v 27.81109047 59.50909042 173.20979881
v 30.25987053 59.27233124 172.93449974
v -29.82691956 60.03068924 170.23889732
v -29.57007027 60.26050186 169.31920433
v -32.11626816 59.27891922 169.20509911
v -29.57007027 60.26050186 169.31920433
v -31.84057045 59.49929810 168.14299583
v -32.11626816 59.27891922 169.20509911
v 29.82692909 60.03068924 170.23889732
v 30.03647041 59.77890015 171.17360497
v 32.11627960 59.27891922 169.20509911
v 31.84057999 59.49929810 168.14299583
v 29.82692909 60.03068924 170.23889732
v 32.11627960 59.27891922 169.20509911
v 32.01391983 59.76419830 164.82449913
v 30.95004082 60.15475082 165.11629295
v 32.53250885 59.28680038 165.17690086
v 30.95004082 60.15475082 165.11629295
v 30.83062935 60.20026016 165.15149498
v 32.53250885 59.28680038 165.17690086
v 30.83062935 60.20026016 165.15149498
v 30.75757980 60.22706985 165.17709923
v 32.53250885 59.28680038 165.17690086
v 30.58814049 60.28924942 165.23650169
v 33.06877899 59.40441132 164.56619835
v 32.67179871 59.53981018 164.66339684
v 32.53250885 59.28680038 165.17690086
v 32.01391983 59.76419830 164.82449913
v 30.58814049 60.28924942 165.23650169
v 30.69177055 60.14841843 165.55190086
v 32.53250885 59.28680038 165.17690086
v 24.38381958 62.94189072 15.24060631
v 30.86940956 60.02774811 131.12990379
v 32.24961853 59.29766846 128.81130028
v 30.91588974 62.28680038 139.47089958
v 33.46522903 61.96585846 139.54980278
v 32.24961853 59.29766846 128.81130028
v 30.86940956 60.02774811 131.12990379
v 30.91588974 62.28680038 139.47089958
v 32.24961853 59.29766846 128.81130028
v -32.01391983 59.76419830 164.82449913
v -31.29684067 60.99015045 163.43170738
v -33.06877136 59.40441132 164.56619835
v -32.63325119 61.33657837 162.50110435
v -34.46332932 60.14307022 163.03220177
v -33.06877136 59.40441132 164.56619835
v -31.29684067 60.99015045 163.43170738
v -32.63325119 61.33657837 162.50110435
v -33.06877136 59.40441132 164.56619835
v 31.29685020 60.99015045 163.43170738
v 34.02584839 59.83916092 163.58719444
v 31.29685020 60.99015045 163.43170738
v 33.06877899 59.40441132 164.56619835
v -29.44570923 60.35271072 168.92889977
v -29.44570923 60.35271072 168.92889977
v -31.70601082 59.58538818 167.69240379
v -31.84057045 59.49929810 168.14299583
v 29.57007980 60.26050186 169.31920433
v 29.82692909 60.03068924 170.23889732
v 31.84057999 59.49929810 168.14299583
v 31.70602036 59.58538818 167.69240379
v 29.57007980 60.26050186 169.31920433
v 31.84057999 59.49929810 168.14299583
v -27.57165909 59.90028000 171.91879845
v 27.57167053 59.90028000 171.91879845
v 30.03647041 59.77890015 171.17360497
v 27.57167053 59.90028000 171.91879845
v 27.81109047 59.50909042 173.20979881
v -29.44570923 60.35271072 168.92889977
v -29.31336021 60.44094849 168.54210472
v -31.70601082 59.58538818 167.69240379
v -29.31336021 60.44094849 168.54210472
v -31.56225967 59.66635895 167.24609947
v -31.70601082 59.58538818 167.69240379
v 29.44572067 60.35271072 168.92889977
v 29.57007980 60.26050186 169.31920433
v 31.70602036 59.58538818 167.69240379
v 31.56226921 59.66635895 167.24609947
v 29.44572067 60.35271072 168.92889977
v 31.70602036 59.58538818 167.69240379
v -29.31336021 60.44094849 168.54210472
v -28.95664024 60.62981033 167.77890587
v -31.56225967 59.66635895 167.24609947
v -28.95664024 60.62981033 167.77890587
v -31.18254089 59.86568069 166.56520653
v -31.56225967 59.66635895 167.24609947
v 29.31336021 60.44094849 168.54210472
v 29.44572067 60.35271072 168.92889977
v 31.56226921 59.66635895 167.24609947
v 31.18254089 59.86568069 166.56520653
v 29.31336021 60.44094849 168.54210472
v 31.56226921 59.66635895 167.24609947
v -30.95004082 60.15475082 165.11629295
v -30.07901955 61.15533829 163.64630699
v -32.01391983 59.76419830 164.82449913
v -30.07901955 61.15533829 163.64630699
v -31.29684067 60.99015045 163.43170738
v -32.01391983 59.76419830 164.82449913
v 31.29685020 60.99015045 163.43170738
v 30.07902908 61.15533829 163.64630699
v 32.01391983 59.76419830 164.82449913
v 30.07902908 61.15533829 163.64630699
v 30.47002029 60.50553131 164.83449364
v 32.01391983 59.76419830 164.82449913
v 30.47002029 60.50553131 164.83449364
v 30.95004082 60.15475082 165.11629295
v 32.01391983 59.76419830 164.82449913
v -27.57165909 59.90028000 171.91879845
v -27.36854935 60.12829971 171.14549828
v -30.03647041 59.77890015 171.17360497
v -27.36854935 60.12829971 171.14549828
v -29.82691956 60.03068924 170.23889732
v -30.03647041 59.77890015 171.17360497
v 29.82692909 60.03068924 170.23889732
v 27.57167053 59.90028000 171.91879845
v 30.03647041 59.77890015 171.17360497
v 34.55968094 60.22565079 162.89420128
v 32.21240997 61.18667984 162.83699608
v 34.02584839 59.83916092 163.58719444
v 32.21240997 61.18667984 162.83699608
v 31.29685020 60.99015045 163.43170738
v 34.02584839 59.83916092 163.58719444
v -28.95664024 60.62981033 167.77890587
v -28.61499977 60.80796814 167.00650597
v -31.18254089 59.86568069 166.56520653
v -28.61499977 60.80796814 167.00650597
v -30.81870079 60.05379105 165.87579918
v -31.18254089 59.86568069 166.56520653
v 28.95664024 60.62981033 167.77890587
v 29.31336021 60.44094849 168.54210472
v 31.18254089 59.86568069 166.56520653
v 30.81870079 60.05379105 165.87579918
v 28.95664024 60.62981033 167.77890587
v 27.57167053 59.90028000 171.91879845
v -27.36854935 60.12829971 171.14549828
v -27.57165909 59.90028000 171.91879845
v 27.36856079 60.12829971 171.14549828
v 29.82692909 60.03068924 170.23889732
v 27.36856079 60.12829971 171.14549828
v 27.57167053 59.90028000 171.91879845
v -27.66501045 61.57027054 136.82530022
v -24.38381004 62.94189072 15.24060631
v -30.86940002 60.02774811 131.12990379
v -30.91588974 62.28680038 139.47089958
v -27.66501045 61.57027054 136.82530022
v -30.86940002 60.02774811 131.12990379
v -33.46522903 61.96585846 139.54980278
v -30.91588974 62.28680038 139.47089958
v -30.86940002 60.02774811 131.12990379
v 24.38381958 62.94189072 15.24060631
v 27.66501045 61.57027054 136.82530022
v 30.86940956 60.02774811 131.12990379
v 27.66501045 61.57027054 136.82530022
v 30.91588974 62.28680038 139.47089958
v 30.86940956 60.02774811 131.12990379
v -27.36854935 60.12829971 171.14549828
v -27.12557030 60.34035873 170.38510704
v -29.82691956 60.03068924 170.23889732
v -27.12557030 60.34035873 170.38510704
v -29.57007027 60.26050186 169.31920433
v -29.82691956 60.03068924 170.23889732
v 29.57007980 60.26050186 169.31920433
v 27.36856079 60.12829971 171.14549828
v 29.82692909 60.03068924 170.23889732
v -30.45466042 60.24528122 165.72890282
v -30.69177055 60.14841843 165.55190086
v -30.81870079 60.05379105 165.87579918
v -28.27146912 60.97169876 166.39439964
v -30.45466042 60.24528122 165.72890282
v -30.81870079 60.05379105 165.87579918
v -28.61499977 60.80796814 167.00650597
v -28.27146912 60.97169876 166.39439964
v -30.81870079 60.05379105 165.87579918
v 30.69177055 60.14841843 165.55190086
v 30.45466995 60.24528122 165.72890282
v 30.81870079 60.05379105 165.87579918
v 28.61500931 60.80796814 167.00650597
v 28.95664024 60.62981033 167.77890587
v 30.81870079 60.05379105 165.87579918
v 30.45466995 60.24528122 165.72890282
v 28.61500931 60.80796814 167.00650597
v 30.81870079 60.05379105 165.87579918
v 27.36856079 60.12829971 171.14549828
v -27.12557030 60.34035873 170.38510704
v -27.36854935 60.12829971 171.14549828
v 27.12557030 60.34035873 170.38510704
v 29.57007980 60.26050186 169.31920433
v 27.12557030 60.34035873 170.38510704
v 27.36856079 60.12829971 171.14549828
v -33.10779190 61.61109161 162.01450157
v -34.95243073 60.67020035 162.22350121
v -34.46332932 60.14307022 163.03220177
v -32.63325119 61.33657837 162.50110435
v -33.10779190 61.61109161 162.01450157
v -34.46332932 60.14307022 163.03220177
v -30.27769089 60.38405991 165.43239403
v -30.33951950 60.37017822 165.36969566
v -30.69177055 60.14841843 165.55190086
v -30.30891037 60.32992935 165.62810326
v -30.25083923 60.37596130 165.52789879
v -30.69177055 60.14841843 165.55190086
v -30.25083923 60.37596130 165.52789879
v -30.25089073 60.38264084 165.49550438
v -30.69177055 60.14841843 165.55190086
v -30.25089073 60.38264084 165.49550438
v -30.27769089 60.38405991 165.43239403
v -30.69177055 60.14841843 165.55190086
v -30.45466042 60.24528122 165.72890282
v -30.30891037 60.32992935 165.62810326
v -30.69177055 60.14841843 165.55190086
v -30.33951950 60.37017822 165.36969566
v -30.58814049 60.28924942 165.23650169
v -30.69177055 60.14841843 165.55190086
v -30.58814049 60.28924942 165.23650169
v -30.75757027 60.22706985 165.17709923
v -30.69177055 60.14841843 165.55190086
v 30.30891037 60.32992935 165.62810326
v 30.45466995 60.24528122 165.72890282
v 30.69177055 60.14841843 165.55190086
v 30.58814049 60.28924942 165.23650169
v 30.33953094 60.37017822 165.36969566
v 30.69177055 60.14841843 165.55190086
v 30.33953094 60.37017822 165.36969566
v 30.27769089 60.38405991 165.43239403
v 30.69177055 60.14841843 165.55190086
v 30.27769089 60.38405991 165.43239403
v 30.25083923 60.37596130 165.52789879
v 30.69177055 60.14841843 165.55190086
v 30.25083923 60.37596130 165.52789879
v 30.26016045 60.36513901 165.56050682
v 30.69177055 60.14841843 165.55190086
v 30.26016045 60.36513901 165.56050682
v 30.30891037 60.32992935 165.62810326
v 30.69177055 60.14841843 165.55190086
v -30.83061981 60.20026016 165.15149498
v -29.17535973 61.22977066 164.04860497
v -30.95004082 60.15475082 165.11629295
v -29.17535973 61.22977066 164.04860497
v -30.07901955 61.15533829 163.64630699
v -30.95004082 60.15475082 165.11629295
v 30.47002029 60.50553131 164.83449364
v 30.83062935 60.20026016 165.15149498
v 30.95004082 60.15475082 165.11629295
v -28.78051949 61.33491898 164.02379417
v -29.17535973 61.22977066 164.04860497
v -30.83061981 60.20026016 165.15149498
v -30.75757027 60.22706985 165.17709923
v -28.78051949 61.33491898 164.02379417
v -30.83061981 60.20026016 165.15149498
v 30.47002029 60.50553131 164.83449364
v 28.78053093 61.33491898 164.02379417
v 30.83062935 60.20026016 165.15149498
v 28.78053093 61.33491898 164.02379417
v 30.75757980 60.22706985 165.17709923
v 30.83062935 60.20026016 165.15149498
v 32.72626114 61.37855148 162.41780663
v 32.21240997 61.18667984 162.83699608
v 34.55968094 60.22565079 162.89420128
v 34.97146988 60.69874954 162.18390465
v 32.72626114 61.37855148 162.41780663
v 34.55968094 60.22565079 162.89420128
v -28.51211929 61.31027985 164.36609459
v -28.78051949 61.33491898 164.02379417
v -30.75757027 60.22706985 165.17709923
v -30.58814049 60.28924942 165.23650169
v -28.51211929 61.31027985 164.36609459
v -30.75757027 60.22706985 165.17709923
v 30.58814049 60.28924942 165.23650169
v -28.14289093 61.06760025 165.97510338
v -30.30891037 60.32992935 165.62810326
v -30.45466042 60.24528122 165.72890282
v -28.27146912 60.97169876 166.39439964
v -28.14289093 61.06760025 165.97510338
v -30.45466042 60.24528122 165.72890282
v 30.30891037 60.32992935 165.62810326
v 28.27146912 60.97169876 166.39439964
v 30.45466995 60.24528122 165.72890282
v 28.27146912 60.97169876 166.39439964
v 28.61500931 60.80796814 167.00650597
v 30.45466995 60.24528122 165.72890282
v -27.12557030 60.34035873 170.38510704
v -27.00934982 60.42670822 170.06259727
v -29.57007027 60.26050186 169.31920433
v -27.00934982 60.42670822 170.06259727
v -29.44570923 60.35271072 168.92889977
v -29.57007027 60.26050186 169.31920433
v 29.44572067 60.35271072 168.92889977
v 27.12557030 60.34035873 170.38510704
v 29.57007980 60.26050186 169.31920433
v -30.33951950 60.37017822 165.36969566
v -28.51211929 61.31027985 164.36609459
v -30.58814049 60.28924942 165.23650169
v 28.78053093 61.33491898 164.02379417
v 28.51211929 61.31027985 164.36609459
v 30.58814049 60.28924942 165.23650169
v 28.51211929 61.31027985 164.36609459
v 28.22822952 61.25125885 164.90830040
v 30.58814049 60.28924942 165.23650169
v 28.22822952 61.25125885 164.90830040
v 30.33953094 60.37017822 165.36969566
v 30.58814049 60.28924942 165.23650169
v -30.26015091 60.36513901 165.56050682
v -30.25083923 60.37596130 165.52789879
v -30.30891037 60.32992935 165.62810326
v -28.10692024 61.12425995 165.69499779
v -30.26015091 60.36513901 165.56050682
v -30.30891037 60.32992935 165.62810326
v -28.14289093 61.06760025 165.97510338
v -28.10692024 61.12425995 165.69499779
v -30.30891037 60.32992935 165.62810326
v 30.26016045 60.36513901 165.56050682
v 28.14289093 61.06760025 165.97510338
v 30.30891037 60.32992935 165.62810326
v 28.14289093 61.06760025 165.97510338
v 28.27146912 60.97169876 166.39439964
v 30.30891037 60.32992935 165.62810326
v 27.12557030 60.34035873 170.38510704
v -27.00934982 60.42670822 170.06259727
v -27.12557030 60.34035873 170.38510704
v 27.00934982 60.42670822 170.06259727
v -25.95540047 61.14582825 166.97969627
v -25.95540047 61.14582825 166.97969627
v -26.25296021 60.91519928 168.06130028
v 27.12557030 60.34035873 170.38510704
v -26.25296021 60.91519928 168.06130028
v -26.56290054 60.71852875 168.90740013
v 27.12557030 60.34035873 170.38510704
v -26.56290054 60.71852875 168.90740013
v -26.88636971 60.51013947 169.74309349
v 27.12557030 60.34035873 170.38510704
v -26.88636971 60.51013947 169.74309349
v -27.00934982 60.42670822 170.06259727
v 27.12557030 60.34035873 170.38510704
v 29.44572067 60.35271072 168.92889977
v 27.00934982 60.42670822 170.06259727
v 27.12557030 60.34035873 170.38510704
v -26.88636971 60.51013947 169.74309349
v -29.44570923 60.35271072 168.92889977
v -26.88636971 60.51013947 169.74309349
v -29.31336021 60.44094849 168.54210472
v -29.44570923 60.35271072 168.92889977
v 29.31336021 60.44094849 168.54210472
v 27.00934982 60.42670822 170.06259727
v 29.44572067 60.35271072 168.92889977
v -28.10416985 61.14950180 165.55969810
v -30.25083923 60.37596130 165.52789879
v -30.26015091 60.36513901 165.56050682
v -28.10692024 61.12425995 165.69499779
v -28.10416985 61.14950180 165.55969810
v -30.26015091 60.36513901 165.56050682
v 30.25083923 60.37596130 165.52789879
v 28.10692978 61.12425995 165.69499779
v 30.26016045 60.36513901 165.56050682
v 28.10692978 61.12425995 165.69499779
v 28.14289093 61.06760025 165.97510338
v 30.26016045 60.36513901 165.56050682
v -28.22821999 61.25125885 164.90830040
v -28.51211929 61.31027985 164.36609459
v -30.33951950 60.37017822 165.36969566
v -30.27769089 60.38405991 165.43239403
v -28.22821999 61.25125885 164.90830040
v -30.33951950 60.37017822 165.36969566
v 28.22822952 61.25125885 164.90830040
v 28.15160942 61.21498871 165.16570091
v 30.33953094 60.37017822 165.36969566
v 28.15160942 61.21498871 165.16570091
v 30.27769089 60.38405991 165.43239403
v 30.33953094 60.37017822 165.36969566
v -28.11095047 61.17306900 165.42589378
v -30.25089073 60.38264084 165.49550438
v -30.25083923 60.37596130 165.52789879
v -28.10416985 61.14950180 165.55969810
v -28.11095047 61.17306900 165.42589378
v -30.25083923 60.37596130 165.52789879
v 30.27769089 60.38405991 165.43239403
v 30.25089073 60.38264084 165.49550438
v 30.25083923 60.37596130 165.52789879
v 30.25089073 60.38264084 165.49550438
v 28.10416985 61.14950180 165.55969810
v 30.25083923 60.37596130 165.52789879
v 28.10416985 61.14950180 165.55969810
v 28.10692978 61.12425995 165.69499779
v 30.25083923 60.37596130 165.52789879
v -28.15159988 61.21498871 165.16570091
v -30.27769089 60.38405991 165.43239403
v -30.25089073 60.38264084 165.49550438
v -28.11095047 61.17306900 165.42589378
v -28.15159988 61.21498871 165.16570091
v -30.25089073 60.38264084 165.49550438
v 30.27769089 60.38405991 165.43239403
v 28.11095047 61.17306900 165.42589378
v 30.25089073 60.38264084 165.49550438
v 28.11095047 61.17306900 165.42589378
v 28.10416985 61.14950180 165.55969810
v 30.25089073 60.38264084 165.49550438
v -28.15159988 61.21498871 165.16570091
v -28.22821999 61.25125885 164.90830040
v -30.27769089 60.38405991 165.43239403
v 28.15160942 61.21498871 165.16570091
v 28.11095047 61.17306900 165.42589378
v 30.27769089 60.38405991 165.43239403
v 26.88637924 60.51013947 169.74309349
v -25.95540047 61.14582825 166.97969627
v 27.00934982 60.42670822 170.06259727
v 29.31336021 60.44094849 168.54210472
v 26.88637924 60.51013947 169.74309349
v 27.00934982 60.42670822 170.06259727
v -26.88636971 60.51013947 169.74309349
v -26.56290054 60.71852875 168.90740013
v -29.31336021 60.44094849 168.54210472
v -26.56290054 60.71852875 168.90740013
v -28.95664024 60.62981033 167.77890587
v 28.95664024 60.62981033 167.77890587
v 26.88637924 60.51013947 169.74309349
v 29.31336021 60.44094849 168.54210472
v 28.90155983 61.31203079 163.87410545
v 28.78053093 61.33491898 164.02379417
v 30.47002029 60.50553131 164.83449364
v 30.07902908 61.15533829 163.64630699
v 28.90155983 61.31203079 163.87410545
v 30.47002029 60.50553131 164.83449364
v 26.56291008 60.71852875 168.90740013
v -25.95540047 61.14582825 166.97969627
v 26.88637924 60.51013947 169.74309349
v 28.95664024 60.62981033 167.77890587
v 26.56291008 60.71852875 168.90740013
v 26.88637924 60.51013947 169.74309349
v -26.25296021 60.91519928 168.06130028
v -26.25296021 60.91519928 168.06130028
v -28.61499977 60.80796814 167.00650597
v -28.95664024 60.62981033 167.77890587
v 28.61500931 60.80796814 167.00650597
v 26.56291008 60.71852875 168.90740013
v 28.95664024 60.62981033 167.77890587
v -33.39574051 61.96480179 161.53000450
v -35.24190903 61.31816864 161.40860558
v -34.95243073 60.67020035 162.22350121
v -33.10779190 61.61109161 162.01450157
v -33.39574051 61.96480179 161.53000450
v -34.95243073 60.67020035 162.22350121
v 33.12643051 61.62635040 161.99089622
v 32.72626114 61.37855148 162.41780663
v 34.97146988 60.69874954 162.18390465
v 35.22883987 61.26739883 161.46689415
v 33.12643051 61.62635040 161.99089622
v 34.97146988 60.69874954 162.18390465
v 26.25296974 60.91519928 168.06130028
v -25.95540047 61.14582825 166.97969627
v 26.56291008 60.71852875 168.90740013
v 28.61500931 60.80796814 167.00650597
v 26.25296974 60.91519928 168.06130028
v 26.56291008 60.71852875 168.90740013
v -25.95540047 61.14582825 166.97969627
v -28.27146912 60.97169876 166.39439964
v -28.61499977 60.80796814 167.00650597
v -25.95540047 61.14582825 166.97969627
v 28.27146912 60.97169876 166.39439964
v 26.25296974 60.91519928 168.06130028
v 28.61500931 60.80796814 167.00650597
v 25.95541000 61.14582825 166.97969627
v 26.25296974 60.91519928 168.06130028
v 28.27146912 60.97169876 166.39439964
v 25.95541000 61.14582825 166.97969627
v 26.25296974 60.91519928 168.06130028
v -25.85429001 61.29084015 166.23720360
v -28.14289093 61.06760025 165.97510338
v -28.27146912 60.97169876 166.39439964
v -25.85429001 61.29084015 166.23720360
v -28.27146912 60.97169876 166.39439964
v 28.14289093 61.06760025 165.97510338
v 25.95541000 61.14582825 166.97969627
v 28.27146912 60.97169876 166.39439964
v -30.07901955 61.15533829 163.64630699
v -29.39273071 62.00745010 161.92149925
v -31.29684067 60.99015045 163.43170738
v -29.83889961 62.05189133 161.83460045
v -32.63325119 61.33657837 162.50110435
v -31.29684067 60.99015045 163.43170738
v -29.39273071 62.00745010 161.92149925
v -29.83889961 62.05189133 161.83460045
v -31.29684067 60.99015045 163.43170738
v 29.39273071 62.00745010 161.92149925
v 27.99699020 61.91820145 162.17980003
v 31.29685020 60.99015045 163.43170738
v 27.99699020 61.91820145 162.17980003
v 30.07902908 61.15533829 163.64630699
v 31.29685020 60.99015045 163.43170738
v 29.87708092 62.04957962 161.83339500
v 29.39273071 62.00745010 161.92149925
v 31.29685020 60.99015045 163.43170738
v 30.29001999 62.08552170 161.75830650
v 32.21240997 61.18667984 162.83699608
v 30.29001999 62.08552170 161.75830650
v 31.29685020 60.99015045 163.43170738
v -40.06351089 62.22589874 153.53699303
v -35.58428955 64.89151001 153.53699303
v -35.84609985 61.02827072 139.79630089
v -35.58428955 64.89151001 153.53699303
v -35.15636063 65.04895782 153.49219322
v -35.84609985 61.02827072 139.79630089
v -35.15636063 65.04895782 153.49219322
v 35.58428955 64.89151001 153.53699303
v 40.07352066 62.21945953 153.53699303
v 35.84611130 61.02827072 139.79630089
v 35.15587997 65.04914093 153.49219322
v 35.58428955 64.89151001 153.53699303
v 35.84611130 61.02827072 139.79630089
v 35.15587997 65.04914093 153.49219322
v -25.83484077 61.38190079 165.73990440
v -28.10692024 61.12425995 165.69499779
v -28.14289093 61.06760025 165.97510338
v -25.83484077 61.38190079 165.73990440
v -28.14289093 61.06760025 165.97510338
v 28.10692978 61.12425995 165.69499779
v 25.85429001 61.29084015 166.23720360
v 28.14289093 61.06760025 165.97510338
v -25.83956909 61.42427826 165.49919701
v -28.10416985 61.14950180 165.55969810
v -25.83484077 61.38190079 165.73990440
v -25.83956909 61.42427826 165.49919701
v -28.10692024 61.12425995 165.69499779
v 28.10416985 61.14950180 165.55969810
v 25.83485031 61.38190079 165.73990440
v 28.10692978 61.12425995 165.69499779
v 25.83485031 61.38190079 165.73990440
v 25.85429001 61.29084015 166.23720360
v 28.10692978 61.12425995 165.69499779
v 35.18994141 64.03250885 158.66420555
v 35.19849014 63.63702011 159.10179710
v 39.37773895 61.13917160 159.10179710
v 39.69107056 61.62565994 158.30010033
v 35.18994141 64.03250885 158.66420555
v 39.37773895 61.13917160 159.10179710
v 35.24987030 62.77936172 159.93770409
v 35.29613113 61.92100906 160.77370262
v 39.37773895 61.13917160 159.10179710
v 35.19849014 63.63702011 159.10179710
v -35.19849014 63.63702011 159.10179710
v -35.18973160 64.02233124 158.67690086
v -39.36790085 61.14550018 159.10179710
v -35.18973160 64.02233124 158.67690086
v -39.68115997 61.63203812 158.30010033
v -39.36790085 61.14550018 159.10179710
v -35.24987030 62.77936172 159.93770409
v -35.19849014 63.63702011 159.10179710
v -39.36790085 61.14550018 159.10179710
v -35.29040146 61.61153030 161.08710289
v -35.29613113 61.92100906 160.77370262
v 25.95541000 61.14582825 166.97969627
v -25.85429001 61.29084015 166.23720360
v -25.95540047 61.14582825 166.97969627
v 25.85429001 61.29084015 166.23720360
v -25.85341072 61.46509171 165.26100731
v -28.11095047 61.17306900 165.42589378
v -25.85341072 61.46509171 165.26100731
v -28.10416985 61.14950180 165.55969810
v 28.11095047 61.17306900 165.42589378
v 25.83956909 61.42427826 165.49919701
v 25.83956909 61.42427826 165.49919701
v 28.10416985 61.14950180 165.55969810
v -29.17535973 61.22977066 164.04860497
v -28.90712929 61.30966949 163.87759972
v -30.07901955 61.15533829 163.64630699
v -28.90712929 61.30966949 163.87759972
v -27.99698067 61.91820145 162.17980003
v -30.07901955 61.15533829 163.64630699
v -27.99698067 61.91820145 162.17980003
v -29.39273071 62.00745010 161.92149925
v -30.07901955 61.15533829 163.64630699
v 27.99699020 61.91820145 162.17980003
v 26.71895981 61.86214066 162.47130394
v 30.07902908 61.15533829 163.64630699
v 26.71895981 61.86214066 162.47130394
v 28.64650917 61.44318008 163.71799278
v 30.07902908 61.15533829 163.64630699
v 28.64650917 61.44318008 163.71799278
v -25.90696907 61.54161835 164.79599571
v -28.15159988 61.21498871 165.16570091
v -25.90696907 61.54161835 164.79599571
v -28.11095047 61.17306900 165.42589378
v 28.15160942 61.21498871 165.16570091
v 25.85342026 61.46509171 165.26100731
v 25.85342026 61.46509171 165.26100731
v 28.11095047 61.17306900 165.42589378
v 32.72626114 61.37855148 162.41780663
v 30.29001999 62.08552170 161.75830650
v 32.21240997 61.18667984 162.83699608
v -25.99529076 61.61349869 164.33420372
v -28.22821999 61.25125885 164.90830040
v -28.15159988 61.21498871 165.16570091
v 28.22822952 61.25125885 164.90830040
v 25.90698051 61.54161835 164.79599571
v 28.15160942 61.21498871 165.16570091
v -28.78051949 61.33491898 164.02379417
v -28.90712929 61.30966949 163.87759972
v -29.17535973 61.22977066 164.04860497
v -26.30098915 61.75262070 163.35350609
v -28.51211929 61.31027985 164.36609459
v -28.22821999 61.25125885 164.90830040
v -26.30098915 61.75262070 163.35350609
v 28.51211929 61.31027985 164.36609459
v 25.99529076 61.61349869 164.33420372
v 28.22822952 61.25125885 164.90830040
v 25.99529076 61.61349869 164.33420372
v 33.38230133 61.93661118 161.56439781
v 33.12643051 61.62635040 161.99089622
v 35.22883987 61.26739883 161.46689415
v 35.28763962 61.58317184 161.11699486
v 25.85429001 61.29084015 166.23720360
v -25.83484077 61.38190079 165.73990440
v -25.85429001 61.29084015 166.23720360
v 25.83485031 61.38190079 165.73990440
v -27.26588058 61.79851151 162.83150291
v -27.26588058 61.79851151 162.83150291
v -27.99698067 61.91820145 162.17980003
v -28.90712929 61.30966949 163.87759972
v -26.58173943 61.83184814 162.72760582
v -28.78051949 61.33491898 164.02379417
v -26.30098915 61.75262070 163.35350609
v -26.58173943 61.83184814 162.72760582
v -28.51211929 61.31027985 164.36609459
v 26.30100060 61.75262070 163.35350609
v 28.78053093 61.33491898 164.02379417
v 26.30100060 61.75262070 163.35350609
v 28.51211929 61.31027985 164.36609459
v 28.64650917 61.44318008 163.71799278
v -33.44784164 62.12907028 161.34110069
v -35.29040146 61.61153030 161.08710289
v -35.24190903 61.31816864 161.40860558
v -33.39574051 61.96480179 161.53000450
v -33.44784164 62.12907028 161.34110069
v -35.24190903 61.31816864 161.40860558
v -26.58173943 61.83184814 162.72760582
v -27.26588058 61.79851151 162.83150291
v -28.78051949 61.33491898 164.02379417
v 28.64650917 61.44318008 163.71799278
v 26.58175087 61.83184814 162.72760582
v 28.78053093 61.33491898 164.02379417
v 26.58175087 61.83184814 162.72760582
v 26.30100060 61.75262070 163.35350609
v 28.78053093 61.33491898 164.02379417
v -31.17963028 62.22755051 161.53099632
v -33.10779190 61.61109161 162.01450157
v -32.63325119 61.33657837 162.50110435
v -30.70570946 62.13824081 161.66580772
v -31.17963028 62.22755051 161.53099632
v -32.63325119 61.33657837 162.50110435
v -29.83889961 62.05189133 161.83460045
v -30.70570946 62.13824081 161.66580772
v -32.63325119 61.33657837 162.50110435
v 30.79804039 62.15238190 161.64279747
v 30.29001999 62.08552170 161.75830650
v 32.72626114 61.37855148 162.41780663
v 33.12643051 61.62635040 161.99089622
v 30.79804039 62.15238190 161.64279747
v 32.72626114 61.37855148 162.41780663
v 25.83485031 61.38190079 165.73990440
v -25.83956909 61.42427826 165.49919701
v -25.83484077 61.38190079 165.73990440
v -25.85341072 61.46509171 165.26100731
v -25.83956909 61.42427826 165.49919701
v 25.83485031 61.38190079 165.73990440
v 25.83956909 61.42427826 165.49919701
v -25.85341072 61.46509171 165.26100731
v 25.85342026 61.46509171 165.26100731
v 25.83956909 61.42427826 165.49919701
v 26.71895981 61.86214066 162.47130394
v 26.71583939 61.86206818 162.47209740
v 28.64650917 61.44318008 163.71799278
v 26.71583939 61.86206818 162.47209740
v 26.58175087 61.83184814 162.72760582
v 28.64650917 61.44318008 163.71799278
v 25.85342026 61.46509171 165.26100731
v -25.90696907 61.54161835 164.79599571
v -25.85341072 61.46509171 165.26100731
v 25.90698051 61.54161835 164.79599571
v 25.99529076 61.61349869 164.33420372
v -25.99529076 61.61349869 164.33420372
v -25.90696907 61.54161835 164.79599571
v 25.90698051 61.54161835 164.79599571
v -24.38381004 62.94189072 141.88960075
v -24.38381004 62.94189072 15.24060631
v -27.66501045 61.57027054 136.82530022
v -24.38381004 62.94189072 141.88960075
v 24.38381958 62.94189072 15.24060631
v 24.37520981 62.92068100 141.81130028
v 27.66501045 61.57027054 136.82530022
v 24.37520981 62.92068100 141.81130028
v 30.90373993 66.00830078 153.21150780
v 33.44462967 62.11309814 161.35869408
v 33.38230133 61.93661118 161.56439781
v 35.28763962 61.58317184 161.11699486
v 35.29613113 61.92100906 160.77370262
v 33.44462967 62.11309814 161.35869408
v 35.28763962 61.58317184 161.11699486
v -31.47583008 62.33491135 161.39519310
v -33.39574051 61.96480179 161.53000450
v -33.10779190 61.61109161 162.01450157
v -31.17963028 62.22755051 161.53099632
v -31.47583008 62.33491135 161.39519310
v -33.10779190 61.61109161 162.01450157
v -33.45970917 62.30453110 161.15869713
v -35.29613113 61.92100906 160.77370262
v -35.29040146 61.61153030 161.08710289
v -33.45970917 62.30453110 161.15869713
v -35.29040146 61.61153030 161.08710289
v 26.30100060 61.75262070 163.35350609
v -26.30098915 61.75262070 163.35350609
v -25.99529076 61.61349869 164.33420372
v 25.99529076 61.61349869 164.33420372
v 35.26612854 64.63382721 157.57610130
v 35.21612167 64.24681854 158.28149986
v 39.69107056 61.62565994 158.30010033
v 35.19025040 64.04673004 158.64620018
v 35.19025040 64.04673004 158.64620018
v 35.18994141 64.03250885 158.66420555
v 39.69107056 61.62565994 158.30010033
v 40.13993835 62.32257843 155.85919762
v 35.26612854 64.63382721 157.57610130
v 39.69107056 61.62565994 158.30010033
v 31.19845963 62.23231888 161.52440453
v 30.79804039 62.15238190 161.64279747
v 33.12643051 61.62635040 161.99089622
v 33.38230133 61.93661118 161.56439781
v 31.19845963 62.23231888 161.52440453
v 33.12643051 61.62635040 161.99089622
v -35.18973160 64.02233124 158.67690086
v -35.21685028 64.24756622 158.28139305
v -39.68115997 61.63203812 158.30010033
v -35.21685028 64.24756622 158.28139305
v -40.12990952 62.32902908 155.85919762
v -39.68115997 61.63203812 158.30010033
v 26.30100060 61.75262070 163.35350609
v -26.58173943 61.83184814 162.72760582
v -26.30098915 61.75262070 163.35350609
v -26.71582985 61.86206818 162.47209740
v -26.58173943 61.83184814 162.72760582
v 26.30100060 61.75262070 163.35350609
v 26.58175087 61.83184814 162.72760582
v -26.71582985 61.86206818 162.47209740
v -26.58173943 61.83184814 162.72760582
v -26.71895981 61.86214066 162.47130394
v -27.26588058 61.79851151 162.83150291
v -26.71895981 61.86214066 162.47130394
v -27.99698067 61.91820145 162.17980003
v -27.26588058 61.79851151 162.83150291
v -26.71582985 61.86206818 162.47209740
v -26.71895981 61.86214066 162.47130394
v -26.58173943 61.83184814 162.72760582
v 26.71583939 61.86206818 162.47209740
v 26.58175087 61.83184814 162.72760582
v 26.71583939 61.86206818 162.47209740
v 26.71895981 61.86214066 162.47130394
v -26.71582985 61.86206818 162.47209740
v -26.71895981 61.86214066 162.47130394
v 26.71895981 61.86214066 162.47130394
v -27.99698067 61.91820145 162.17980003
v -26.71895981 61.86214066 162.47130394
v 27.99699020 61.91820145 162.17980003
v 27.99699020 61.91820145 162.17980003
v -29.39273071 62.00745010 161.92149925
v -27.99698067 61.91820145 162.17980003
v -29.83889961 62.05189133 161.83460045
v -29.39273071 62.00745010 161.92149925
v 27.99699020 61.91820145 162.17980003
v 29.39273071 62.00745010 161.92149925
v -29.83889961 62.05189133 161.83460045
v 27.99699020 61.91820145 162.17980003
v -35.24987030 62.77936172 159.93770409
v 33.45972061 62.30453110 161.15869713
v 35.29613113 61.92100906 160.77370262
v 35.24987030 62.77936172 159.93770409
v 33.45972061 62.30453110 161.15869713
v 31.46146965 62.32656097 161.40489769
v 31.19845963 62.23231888 161.52440453
v 33.38230133 61.93661118 161.56439781
v 33.44462967 62.11309814 161.35869408
v 31.46146965 62.32656097 161.40489769
v 33.38230133 61.93661118 161.56439781
v -31.53393936 62.38285828 161.34160423
v -33.44784164 62.12907028 161.34110069
v -33.39574051 61.96480179 161.53000450
v -31.47583008 62.33491135 161.39519310
v -31.53393936 62.38285828 161.34160423
v -33.39574051 61.96480179 161.53000450
v -35.15636063 65.04895782 153.49219322
v -34.42031860 65.31980133 153.41530418
v -33.46522903 61.96585846 139.54980278
v -33.31517029 65.72644043 153.29970360
v -33.31872940 65.72512054 153.30010033
v -33.31517029 65.72644043 153.29970360
v 30.91588974 62.28680038 139.47089958
v 30.90373993 66.00830078 153.21150780
v 33.46522903 61.96585846 139.54980278
v 30.90373993 66.00830078 153.21150780
v 33.31518173 65.72644043 153.29970360
v 33.46522903 61.96585846 139.54980278
v 33.31518173 65.72644043 153.29970360
v 33.31769943 65.72550201 153.29999352
v 33.46522903 61.96585846 139.54980278
v 34.42004013 65.31990051 153.41519737
v 35.15587997 65.04914093 153.49219322
v 29.87708092 62.04957962 161.83339500
v -29.83889961 62.05189133 161.83460045
v 29.39273071 62.00745010 161.92149925
v 30.29001999 62.08552170 161.75830650
v -30.70570946 62.13824081 161.66580772
v -30.70570946 62.13824081 161.66580772
v 29.87708092 62.04957962 161.83339500
v -31.47583008 62.33491135 161.39519310
v -31.17963028 62.22755051 161.53099632
v 30.29001999 62.08552170 161.75830650
v -31.17963028 62.22755051 161.53099632
v -30.70570946 62.13824081 161.66580772
v 30.29001999 62.08552170 161.75830650
v 30.79804039 62.15238190 161.64279747
v -31.55337906 62.43313980 161.28940392
v 30.29001999 62.08552170 161.75830650
v -31.55337906 62.43313980 161.28940392
v -31.53393936 62.38285828 161.34160423
v 30.29001999 62.08552170 161.75830650
v -31.53393936 62.38285828 161.34160423
v -31.47583008 62.33491135 161.39519310
v 30.29001999 62.08552170 161.75830650
v 31.53009987 62.37826157 161.34670067
v 31.46146965 62.32656097 161.40489769
v 33.44462967 62.11309814 161.35869408
v 33.45972061 62.30453110 161.15869713
v 31.53009987 62.37826157 161.34670067
v 33.44462967 62.11309814 161.35869408
v -31.55337906 62.43313980 161.28940392
v -33.45970917 62.30453110 161.15869713
v -33.44784164 62.12907028 161.34110069
v -31.53393936 62.38285828 161.34160423
v -31.55337906 62.43313980 161.28940392
v -33.44784164 62.12907028 161.34110069
v 31.19845963 62.23231888 161.52440453
v -31.55337906 62.43313980 161.28940392
v 30.79804039 62.15238190 161.64279747
v 35.58428955 64.89151001 153.53699303
v 35.57656097 64.95929718 153.79979515
v 40.07352066 62.21945953 153.53699303
v 35.57614899 64.96289825 153.81380272
v 35.57614899 64.96289825 153.81380272
v 35.45656967 65.13346100 155.58530235
v 40.07352066 62.21945953 153.53699303
v 40.13993835 62.32257843 155.85919762
v -35.45701981 65.13336182 155.58359337
v -35.57614136 64.96292877 153.81389427
v -40.06351089 62.22589874 153.53699303
v -35.57614136 64.96292877 153.81389427
v -35.57627106 64.96186066 153.80960655
v -40.06351089 62.22589874 153.53699303
v -35.58428955 64.89151001 153.53699303
v -40.12990952 62.32902908 155.85919762
v 31.46146965 62.32656097 161.40489769
v -31.55337906 62.43313980 161.28940392
v 31.19845963 62.23231888 161.52440453
v -30.90373993 66.00830078 153.21150780
v -33.31517029 65.72644043 153.29970360
v -30.90373993 66.00830078 153.21150780
v -30.91588974 62.28680038 139.47089958
v -31.54961014 63.26745987 160.45340538
v -35.24987030 62.77936172 159.93770409
v -33.45970917 62.30453110 161.15869713
v -31.55337906 62.43313980 161.28940392
v -31.54961014 63.26745987 160.45340538
v -33.45970917 62.30453110 161.15869713
v 31.55337906 62.43313980 161.28940392
v 31.53009987 62.37826157 161.34670067
v 33.45972061 62.30453110 161.15869713
v 35.24987030 62.77936172 159.93770409
v 31.55337906 62.43313980 161.28940392
v 33.45972061 62.30453110 161.15869713
v 35.45656967 65.13346100 155.58530235
v 35.42966080 65.08217621 155.85280418
v 40.13993835 62.32257843 155.85919762
v 35.37984848 64.98732758 156.34790611
v 35.28960037 64.81543732 157.24510765
v 35.28960037 64.81543732 157.24510765
v 35.26612854 64.63382721 157.57610130
v 40.13993835 62.32257843 155.85919762
v 31.53009987 62.37826157 161.34670067
v 31.55337906 62.43313980 161.28940392
v 31.46146965 62.32656097 161.40489769
v 31.55337906 62.43313980 161.28940392
v -31.55337906 62.43313980 161.28940392
v 31.46146965 62.32656097 161.40489769
v -35.21685028 64.24756622 158.28139305
v -35.26610184 64.65666199 157.56320763
v -40.12990952 62.32902908 155.85919762
v -35.27988052 64.77114105 157.36220360
v -35.27988052 64.77114105 157.36220360
v -35.43030167 65.07872009 155.85190392
v -40.12990952 62.32902908 155.85919762
v -35.45335007 65.12584686 155.62050438
v -35.45701981 65.13336182 155.58359337
v 31.55337906 62.43313980 161.28940392
v -31.54961014 63.26745987 160.45340538
v -31.55337906 62.43313980 161.28940392
v -31.53582954 64.19217682 159.52680016
v -31.54043007 64.10160065 159.61760521
v 31.54961967 63.26745987 160.45340538
v 35.24987030 62.77936172 159.93770409
v 31.54961967 63.26745987 160.45340538
v 31.55337906 62.43313980 161.28940392
v -32.95159149 64.04325104 159.53439903
v -33.42773819 63.95716095 159.44269371
v -35.24987030 62.77936172 159.93770409
v -34.32559967 63.79484177 159.26990318
v -34.92541122 63.68638992 159.15439415
v -35.19849014 63.63702011 159.10179710
v -31.54961014 63.26745987 160.45340538
v -32.95159149 64.04325104 159.53439903
v -35.24987030 62.77936172 159.93770409
v 33.85765076 63.92848969 159.40570641
v 33.44107819 63.95959854 159.44380760
v 35.24987030 62.77936172 159.93770409
v 35.19849014 63.63702011 159.10179710
v 33.85765076 63.92848969 159.40570641
v 35.24987030 62.77936172 159.93770409
v 33.44107819 63.95959854 159.44380760
v 31.54961967 63.26745987 160.45340538
v 35.24987030 62.77936172 159.93770409
v 24.38381958 62.94189072 15.24060631
v 20.88039970 64.18924713 136.27619743
v 24.37520981 62.92068100 141.81130028
v 20.88039970 64.18924713 136.27619743
v 23.57150078 63.25059128 143.02940178
v 24.37520981 62.92068100 141.81130028
v 23.57150078 63.25059128 143.02940178
v -23.57148933 63.25059128 143.02940178
v -19.84264946 64.51760101 133.91390038
v -24.38381004 62.94189072 15.24060631
v -19.84264946 64.51760101 133.91390038
v -15.40824032 65.71785736 125.27869987
v -24.38381004 62.94189072 15.24060631
v -12.40308952 66.35070038 15.24060631
v -24.38381004 62.94189072 141.88960075
v -23.57148933 63.25059128 143.02940178
v -24.38381004 62.94189072 15.24060631
v 16.70195007 65.40103912 127.55799675
v 20.88039970 64.18924713 136.27619743
v 24.38381958 62.94189072 15.24060631
v 12.40308952 66.35070038 15.24060631
v 12.40170956 66.34249115 120.78500175
v 24.38381958 62.94189072 15.24060631
v 12.40170956 66.34249115 120.78500175
v 12.73775959 66.28726196 121.18220329
v 24.38381958 62.94189072 15.24060631
v 12.73775959 66.28726196 121.18220329
v 16.70195007 65.40103912 127.55799675
v 24.38381958 62.94189072 15.24060631
v -23.57148933 63.25059128 143.02940178
v -22.37375069 63.58720016 144.27220726
v -22.37375069 63.58720016 144.27220726
v -16.31506920 64.97019196 135.27650261
v -23.57148933 63.25059128 143.02940178
v -16.31506920 64.97019196 135.27650261
v -19.84264946 64.51760101 133.91390038
v -23.57148933 63.25059128 143.02940178
v 22.46363068 63.56834030 144.20259666
v 20.88039970 64.18924713 136.27619743
v 22.46363068 63.56834030 144.20259666
v 23.57150078 63.25059128 143.02940178
v -31.54043007 64.10160065 159.61760521
v -32.95159149 64.04325104 159.53439903
v -31.54961014 63.26745987 160.45340538
v 31.54043007 64.10160065 159.61760521
v 33.44107819 63.95959854 159.44380760
v 31.54043007 64.10160065 159.61760521
v 31.54961967 63.26745987 160.45340538
v 30.90428925 66.02536011 153.27449608
v 22.25699997 63.61038971 144.35790062
v 17.16834068 64.70024109 137.63870049
v 22.25699997 63.61038971 144.35790062
v 22.46363068 63.56834030 144.20259666
v 20.88039970 64.18924713 136.27619743
v 17.16834068 64.70024109 137.63870049
v 22.46363068 63.56834030 144.20259666
v -30.90657997 66.09645081 153.53699303
v -21.08089066 63.77378845 144.96120262
v -30.90419960 66.02268219 153.26459312
v -19.62515068 63.83678055 145.19380760
v -19.62515068 63.83678055 145.19380760
v -16.31506920 64.97019196 135.27650261
v -22.37375069 63.58720016 144.27220726
v 30.90658951 66.09645081 153.53699303
v 20.94103050 63.78583145 145.00569725
v 17.16834068 64.70024109 137.63870049
v 20.94103050 63.78583145 145.00569725
v 22.25699997 63.61038971 144.35790062
v -35.03522110 64.06041718 158.70419884
v -35.18973160 64.02233124 158.67690086
v -35.19849014 63.63702011 159.10179710
v -34.92541122 63.68638992 159.15439415
v -35.03522110 64.06041718 158.70419884
v -35.19849014 63.63702011 159.10179710
v 35.18994141 64.03250885 158.66420555
v 33.85765076 63.92848969 159.40570641
v 35.19849014 63.63702011 159.10179710
v -34.32559967 63.79484177 159.26990318
v -34.85726929 64.10585022 158.78470421
v -34.92541122 63.68638992 159.15439415
v -34.85726929 64.10585022 158.78470421
v -35.03522110 64.06041718 158.70419884
v -34.92541122 63.68638992 159.15439415
v 19.62515068 63.83678055 145.19380760
v 17.16834068 64.70024109 137.63870049
v 19.62515068 63.83678055 145.19380760
v 20.94103050 63.78583145 145.00569725
v -33.42773819 63.95716095 159.44269371
v -34.27832031 64.18766022 158.98079491
v -34.32559967 63.79484177 159.26990318
v -34.27832031 64.18766022 158.98079491
v -34.85726929 64.10585022 158.78470421
v -34.32559967 63.79484177 159.26990318
v 19.62515068 63.83678055 145.19380760
v 17.16834068 64.70024109 137.63870049
v -19.62515068 63.83678055 145.19380760
v -16.31506920 64.97019196 135.27650261
v 33.38167953 64.45384216 158.98009300
v 33.44107819 63.95959854 159.44380760
v 33.85765076 63.92848969 159.40570641
v 35.18994141 64.03250885 158.66420555
v 33.63953018 64.43138885 158.96329308
v 33.85765076 63.92848969 159.40570641
v 33.63953018 64.43138885 158.96329308
v 33.38167953 64.45384216 158.98009300
v 33.85765076 63.92848969 159.40570641
v -32.95159149 64.04325104 159.53439903
v -33.39007950 64.25206757 159.22060204
v -33.42773819 63.95716095 159.44269371
v -34.27832031 64.18766022 158.98079491
v 33.38167953 64.45384216 158.98009300
v 33.33919144 64.45752716 158.98290062
v 33.44107819 63.95959854 159.44380760
v 31.51432991 64.61634064 159.10179710
v 31.51432991 64.61634064 159.10179710
v 31.54043007 64.10160065 159.61760521
v 33.44107819 63.95959854 159.44380760
v -35.03522110 64.06041718 158.70419884
v -35.21685028 64.24756622 158.28139305
v -35.18973160 64.02233124 158.67690086
v 35.19025040 64.04673004 158.64620018
v 33.63953018 64.43138885 158.96329308
v 35.18994141 64.03250885 158.66420555
v -31.53582954 64.19217682 159.52680016
v -31.53582954 64.19217682 159.52680016
v -33.39007950 64.25206757 159.22060204
v -32.95159149 64.04325104 159.53439903
v 33.38167953 64.45384216 158.98009300
v 33.63953018 64.43138885 158.96329308
v 35.19025040 64.04673004 158.64620018
v 35.21612167 64.24681854 158.28149986
v 33.38167953 64.45384216 158.98009300
v 35.19025040 64.04673004 158.64620018
v -34.85726929 64.10585022 158.78470421
v -34.84270096 64.10791016 158.73819542
v -35.03522110 64.06041718 158.70419884
v -34.84270096 64.10791016 158.73819542
v 31.51432991 64.61634064 159.10179710
v -31.51432037 64.61634064 159.10179710
v -34.81005096 64.11595917 158.74390221
v -34.27832031 64.18766022 158.98079491
v -34.24300003 64.25582123 158.84399986
v -34.85726929 64.10585022 158.78470421
v -34.24300003 64.25582123 158.84399986
v -34.81005096 64.11595917 158.74390221
v -34.24300003 64.25582123 158.84399986
v -35.00880051 64.80583191 157.59760094
v -34.81005096 64.11595917 158.74390221
v -35.26610184 64.65666199 157.56320763
v -35.00880051 64.80583191 157.59760094
v -35.26610184 64.65666199 157.56320763
v -34.81005096 64.11595917 158.74390221
v -33.39007950 64.25206757 159.22060204
v -33.34714127 64.47676086 159.00220299
v -34.27832031 64.18766022 158.98079491
v -33.34714127 64.47676086 159.00220299
v -34.05443954 64.30229950 158.87729454
v -34.27832031 64.18766022 158.98079491
v -34.24300003 64.25582123 158.84399986
v 16.70195007 65.40103912 127.55799675
v 17.16834068 64.70024109 137.63870049
v 20.88039970 64.18924713 136.27619743
v -31.51432037 64.61634064 159.10179710
v -33.39007950 64.25206757 159.22060204
v -31.53582954 64.19217682 159.52680016
v 35.26612854 64.63382721 157.57610130
v 33.40621948 65.30776215 157.84200096
v 35.21612167 64.24681854 158.28149986
v 33.40621948 65.30776215 157.84200096
v 33.38167953 64.45384216 158.98009300
v 35.21612167 64.24681854 158.28149986
v -31.51432037 64.61634064 159.10179710
v -32.90967178 64.51071930 159.02640343
v -33.39007950 64.25206757 159.22060204
v -33.34202957 64.47801208 159.00310326
v -33.34202957 64.47801208 159.00310326
v -33.34714127 64.47676086 159.00220299
v -33.39007950 64.25206757 159.22060204
v -34.05443954 64.30229950 158.87729454
v -34.28797913 65.11653900 157.63959312
v -34.24300003 64.25582123 158.84399986
v -34.28797913 65.11653900 157.63959312
v -35.00880051 64.80583191 157.59760094
v -34.24300003 64.25582123 158.84399986
v -33.34714127 64.47676086 159.00220299
v 33.40621948 65.30776215 157.84200096
v 33.33919144 64.45752716 158.98290062
v 33.38167953 64.45384216 158.98009300
v 33.40621948 65.30776215 157.84200096
v 31.37132072 65.52559662 157.90079308
v 33.33919144 64.45752716 158.98290062
v 31.37132072 65.52559662 157.90079308
v 31.51432991 64.61634064 159.10179710
v 33.33919144 64.45752716 158.98290062
v -33.34202957 64.47801208 159.00310326
v -33.16725159 65.46547699 157.65019798
v -33.34714127 64.47676086 159.00220299
v -33.16725159 65.46547699 157.65019798
v -34.28797913 65.11653900 157.63959312
v -33.34714127 64.47676086 159.00220299
v -32.90967178 64.51071930 159.02640343
v -33.16725159 65.46547699 157.65019798
v -33.34202957 64.47801208 159.00310326
v -31.51432037 64.61634064 159.10179710
v -16.31506920 64.97019196 135.27650261
v -12.66899967 65.95709229 126.64130211
v -19.84264946 64.51760101 133.91390038
v -12.66899967 65.95709229 126.64130211
v -15.40824032 65.71785736 125.27869987
v -19.84264946 64.51760101 133.91390038
v 31.37132072 65.52559662 157.90079308
v -31.37324905 65.53076172 157.90680504
v -31.51432037 64.61634064 159.10179710
v 31.51432991 64.61634064 159.10179710
v 31.37132072 65.52559662 157.90079308
v -31.51432037 64.61634064 159.10179710
v -31.37324905 65.53076172 157.90680504
v -33.16725159 65.46547699 157.65019798
v -31.51432037 64.61634064 159.10179710
v 35.28960037 64.81543732 157.24510765
v -35.00880051 64.80583191 157.59760094
v -35.27988052 64.77114105 157.36220360
v -35.26610184 64.65666199 157.56320763
v 13.73272038 65.69658661 128.92059898
v 16.70195007 65.40103912 127.55799675
v 13.73272038 65.69658661 128.92059898
v 17.16834068 64.70024109 137.63870049
v -35.00880051 64.80583191 157.59760094
v -35.43030167 65.07872009 155.85190392
v -35.27988052 64.77114105 157.36220360
v -35.15781021 65.28617096 155.62459373
v -35.43030167 65.07872009 155.85190392
v -35.00880051 64.80583191 157.59760094
v -34.44235992 65.61077118 155.63159752
v -35.15781021 65.28617096 155.62459373
v -35.00880051 64.80583191 157.59760094
v -34.28797913 65.11653900 157.63959312
v 35.37984848 64.98732758 156.34790611
v 33.39519119 65.82170868 156.48799706
v 35.28960037 64.81543732 157.24510765
v 33.39519119 65.82170868 156.48799706
v 33.40621948 65.30776215 157.84200096
v 35.28960037 64.81543732 157.24510765
v -35.57627106 64.96186066 153.80960655
v -35.15636063 65.04895782 153.49219322
v -35.58428955 64.89151001 153.53699303
v 35.16043854 65.15753937 153.72510338
v 35.57656097 64.95929718 153.79979515
v 35.58428955 64.89151001 153.53699303
v 35.15587997 65.04914093 153.49219322
v 35.16043854 65.15753937 153.72510338
v 35.58428955 64.89151001 153.53699303
v 35.14173889 65.12570190 153.77330589
v 35.57614899 64.96289825 153.81380272
v 35.57656097 64.95929718 153.79979515
v 35.16043854 65.15753937 153.72510338
v 35.14173889 65.12570190 153.77330589
v 35.57656097 64.95929718 153.79979515
v -35.15950012 65.15985107 153.73290062
v -35.15636063 65.04895782 153.49219322
v -35.57627106 64.96186066 153.80960655
v -35.15591812 65.16429901 153.76419640
v -35.15950012 65.15985107 153.73290062
v -35.57627106 64.96186066 153.80960655
v -35.57614136 64.96292877 153.81389427
v -35.15591812 65.16429901 153.76419640
v -35.57627106 64.96186066 153.80960655
v 35.14173889 65.12570190 153.77330589
v 35.45656967 65.13346100 155.58530235
v 35.57614899 64.96289825 153.81380272
v -35.45701981 65.13336182 155.58359337
v -35.15591812 65.16429901 153.76419640
v -35.57614136 64.96292877 153.81389427
v -12.66899967 65.95709229 126.64130211
v 35.42966080 65.08217621 155.85280418
v -34.43582153 65.44818878 153.61490440
v -34.42031860 65.31980133 153.41530418
v -35.15636063 65.04895782 153.49219322
v -35.15950012 65.15985107 153.73290062
v -34.43582153 65.44818878 153.61490440
v -35.15636063 65.04895782 153.49219322
v 34.42004013 65.31990051 153.41519737
v -35.15781021 65.28617096 155.62459373
v -35.45335007 65.12584686 155.62050438
v -35.43030167 65.07872009 155.85190392
v 35.45656967 65.13346100 155.58530235
v 33.37004852 65.99108124 155.04599571
v 35.42966080 65.08217621 155.85280418
v 33.37004852 65.99108124 155.04599571
v 33.39519119 65.82170868 156.48799706
v 35.42966080 65.08217621 155.85280418
v -33.32701111 65.98117065 155.62999535
v -34.44235992 65.61077118 155.63159752
v -34.28797913 65.11653900 157.63959312
v -33.16725159 65.46547699 157.65019798
v -33.32701111 65.98117065 155.62999535
v -34.28797913 65.11653900 157.63959312
v 35.16043854 65.15753937 153.72510338
v 34.43663025 65.44667816 153.61009789
v 35.14173889 65.12570190 153.77330589
v 34.43663025 65.44667816 153.61009789
v 34.40615082 65.40135956 153.70470238
v 35.14173889 65.12570190 153.77330589
v 34.40615082 65.40135956 153.70470238
v -35.45701981 65.13336182 155.58359337
v -35.15781021 65.28617096 155.62459373
v -35.15591812 65.16429901 153.76419640
v -35.45701981 65.13336182 155.58359337
v 34.40615082 65.40135956 153.70470238
v 33.37004852 65.99108124 155.04599571
v 35.45656967 65.13346100 155.58530235
v 34.42004013 65.31990051 153.41519737
v 34.43663025 65.44667816 153.61009789
v 35.16043854 65.15753937 153.72510338
v -35.15591812 65.16429901 153.76419640
v -35.14199066 65.17098236 153.76250267
v -35.15950012 65.15985107 153.73290062
v -35.00426102 65.23697662 153.74629784
v -35.00426102 65.23697662 153.74629784
v -34.43582153 65.44818878 153.61490440
v -35.15950012 65.15985107 153.73290062
v -35.15781021 65.28617096 155.62459373
v -35.14199066 65.17098236 153.76250267
v -35.00426102 65.23697662 153.74629784
v -34.41667938 65.42369080 153.69989586
v -34.43582153 65.44818878 153.61490440
v -35.00426102 65.23697662 153.74629784
v -35.15781021 65.28617096 155.62459373
v -34.41667938 65.42369080 153.69989586
v -35.00426102 65.23697662 153.74629784
v -34.44235992 65.61077118 155.63159752
v -34.41020966 65.42572784 153.69940758
v -35.15781021 65.28617096 155.62459373
v -34.41020966 65.42572784 153.69940758
v -34.41667938 65.42369080 153.69989586
v -35.15781021 65.28617096 155.62459373
v 31.36590958 65.56002045 157.85539818
v 31.37132072 65.52559662 157.90079308
v 33.40621948 65.30776215 157.84200096
v 33.39519119 65.82170868 156.48799706
v 31.32168961 65.68132782 157.53859520
v 33.40621948 65.30776215 157.84200096
v 31.32168961 65.68132782 157.53859520
v 31.36590958 65.56002045 157.85539818
v 33.40621948 65.30776215 157.84200096
v -33.31050873 65.77246857 153.46489525
v -34.43582153 65.44818878 153.61490440
v -33.31050873 65.77246857 153.46489525
v -34.42031860 65.31980133 153.41530418
v 33.31769943 65.72550201 153.29999352
v 34.43663025 65.44667816 153.61009789
v 34.42004013 65.31990051 153.41519737
v 12.73775959 66.28726196 121.18220329
v 33.33021164 65.80458069 153.60449791
v 33.33021164 65.80458069 153.60449791
v 33.37004852 65.99108124 155.04599571
v 34.40615082 65.40135956 153.70470238
v -34.41020966 65.42572784 153.69940758
v -33.31050873 65.77246857 153.46489525
v -34.43582153 65.44818878 153.61490440
v -34.41020966 65.42572784 153.69940758
v -33.30110931 65.77816010 153.61180687
v -33.31050873 65.77246857 153.46489525
v -34.41020966 65.42572784 153.69940758
v -34.44235992 65.61077118 155.63159752
v -33.32701111 65.98117065 155.62999535
v -34.41020966 65.42572784 153.69940758
v -33.32701111 65.98117065 155.62999535
v -33.30110931 65.77816010 153.61180687
v -34.41020966 65.42572784 153.69940758
v 33.31011963 65.77252960 153.46480370
v 33.33021164 65.80458069 153.60449791
v 34.43663025 65.44667816 153.61009789
v 33.31769943 65.72550201 153.29999352
v -31.37324905 65.53076172 157.90680504
v -31.32135010 65.69049072 157.54059410
v -33.16725159 65.46547699 157.65019798
v -31.31862068 65.69892120 157.52130699
v -31.20828056 66.03855133 156.74260521
v -33.32701111 65.98117065 155.62999535
v -33.16725159 65.46547699 157.65019798
v -31.20828056 66.03855133 156.74260521
v 31.36590958 65.56002045 157.85539818
v -31.37324905 65.53076172 157.90680504
v 31.36590958 65.56002045 157.85539818
v -31.32135010 65.69049072 157.54059410
v -31.37324905 65.53076172 157.90680504
v 31.32168961 65.68132782 157.53859520
v -31.32135010 65.69049072 157.54059410
v 31.36590958 65.56002045 157.85539818
v 31.17795944 66.07563019 156.50909996
v 33.39519119 65.82170868 156.48799706
v 31.17795944 66.07563019 156.50909996
v 31.32168961 65.68132782 157.53859520
v 31.14797020 66.15795135 156.29419518
v 31.14797020 66.15795135 156.29419518
v -31.31862068 65.69892120 157.52130699
v 10.47327042 66.42527008 122.54469872
v 12.73775959 66.28726196 121.18220329
v 10.47327042 66.42527008 122.54469872
v 13.73272038 65.69658661 128.92059898
v -31.20828056 66.03855133 156.74260521
v -12.39688969 66.31922150 120.95229912
v -12.40308952 66.35070038 15.24060631
v -15.40824032 65.71785736 125.27869987
v -12.66899967 65.95709229 126.64130211
v -12.39688969 66.31922150 120.95229912
v -15.40824032 65.71785736 125.27869987
v 33.31011963 65.77252960 153.46480370
v -33.31050873 65.77246857 153.46489525
v 30.90428925 66.02536011 153.27449608
v 33.31011963 65.77252960 153.46480370
v -33.29280853 65.78079987 153.61119652
v -32.94937134 65.88993073 153.58409691
v -30.90419960 66.02268219 153.26459312
v -32.94937134 65.88993073 153.58409691
v -30.90419960 66.02268219 153.26459312
v -33.31050873 65.77246857 153.46489525
v 33.30651093 65.80742645 153.60379601
v 33.33021164 65.80458069 153.60449791
v 33.31011963 65.77252960 153.46480370
v 33.30289841 65.80786133 153.60370445
v 30.90428925 66.02536011 153.27449608
v -33.29280853 65.78079987 153.61119652
v -32.94937134 65.88993073 153.58409691
v 33.30651093 65.80742645 153.60379601
v 33.37004852 65.99108124 155.04599571
v 33.33021164 65.80458069 153.60449791
v 33.30289841 65.80786133 153.60370445
v 30.90658951 66.09645081 153.53699303
v 33.30289841 65.80786133 153.60370445
v 30.90658951 66.09645081 153.53699303
v 30.96360016 66.27738190 154.57320213
v 33.30289841 65.80786133 153.60370445
v 30.96360016 66.27738190 154.57320213
v 31.01228905 66.24584198 155.02770042
v 33.30289841 65.80786133 153.60370445
v 31.01228905 66.24584198 155.02770042
v 33.37004852 65.99108124 155.04599571
v 33.30289841 65.80786133 153.60370445
v 33.37004852 65.99108124 155.04599571
v 31.14797020 66.15795135 156.29419518
v 33.39519119 65.82170868 156.48799706
v 31.14797020 66.15795135 156.29419518
v -30.90657997 66.09645081 153.53699303
v -30.90419960 66.02268219 153.26459312
v -32.94937134 65.88993073 153.58409691
v -31.01487923 66.29550934 155.13989830
v -30.90657997 66.09645081 153.53699303
v -32.94937134 65.88993073 153.58409691
v -33.32701111 65.98117065 155.62999535
v -31.01487923 66.29550934 155.13989830
v -32.94937134 65.88993073 153.58409691
v 7.51522112 66.91123199 118.29240227
v -9.05610275 66.67858124 120.32829857
v -9.05610275 66.67858124 120.32829857
v -12.39688969 66.31922150 120.95229912
v -12.66899967 65.95709229 126.64130211
v -31.20828056 66.03855133 156.74260521
v -31.06600952 66.22756195 155.56360435
v -33.32701111 65.98117065 155.62999535
v -31.04911041 66.25003052 155.42349815
v -31.01487923 66.29550934 155.13989830
v 31.01228905 66.24584198 155.02770042
v 31.05477905 66.21833038 155.42430687
v 33.37004852 65.99108124 155.04599571
v 31.14797020 66.15795135 156.29419518
v 31.14797020 66.15795135 156.29419518
v -31.06600952 66.22756195 155.56360435
v -31.20828056 66.03855133 156.74260521
v 30.96360016 66.27738190 154.57320213
v 30.90658951 66.09645081 153.53699303
v -30.90657997 66.09645081 153.53699303
v -31.01487923 66.29550934 155.13989830
v 30.96360016 66.27738190 154.57320213
v -30.90657997 66.09645081 153.53699303
v 31.05477905 66.21833038 155.42430687
v -31.06600952 66.22756195 155.56360435
v 31.14797020 66.15795135 156.29419518
v 31.01228905 66.24584198 155.02770042
v -31.01487923 66.29550934 155.13989830
v -31.01487923 66.29550934 155.13989830
v -31.04911041 66.25003052 155.42349815
v 31.05477905 66.21833038 155.42430687
v 30.96360016 66.27738190 154.57320213
v 12.40170956 66.34249115 120.78500175
v -11.01418018 66.59535217 118.96570396
v -9.05610275 66.67858124 120.32829857
v -11.01418018 66.59535217 118.96570396
v -12.39688969 66.31922150 120.95229912
v 12.40308952 66.35070038 15.24060631
v 9.14013672 66.87831879 116.92989922
v 12.40170956 66.34249115 120.78500175
v 7.51522112 66.91123199 118.29240227
v 10.47327042 66.42527008 122.54469872
v 12.40170956 66.34249115 120.78500175
v 9.14013672 66.87831879 116.92989922
v 7.51522112 66.91123199 118.29240227
v 12.40170956 66.34249115 120.78500175
v -11.01418018 66.59535217 118.96570396
v -6.79760695 67.15686798 114.92590141
v -12.40308952 66.35070038 15.24060631
v -6.79760695 67.15686798 114.92590141
v -2.97982001 67.43419647 112.93054771
v -12.40308952 66.35070038 15.24060631
v -2.97982001 67.43419647 112.93054771
v 0.00000000 67.50000763 15.24060631
v -12.40308952 66.35070038 15.24060631
v 3.11052704 67.42830658 112.97302055
v 5.96836901 67.23564148 114.35918236
v 12.40308952 66.35070038 15.24060631
v 5.96836901 67.23564148 114.35918236
v 9.14013672 66.87831879 116.92989922
v 12.40308952 66.35070038 15.24060631
v 0.00000000 67.50000763 15.24060631
v 0.00012207 67.49417877 112.49912071
v 12.40308952 66.35070038 15.24060631
v 0.00012207 67.49417877 112.49912071
v 0.26445010 67.49948883 112.46085167
v 12.40308952 66.35070038 15.24060631
v 0.26445010 67.49948883 112.46085167
v 3.11052704 67.42830658 112.97302055
v 12.40308952 66.35070038 15.24060631
v -5.58914614 67.14025116 116.28850365
v -6.79760695 67.15686798 114.92590141
v -11.01418018 66.59535217 118.96570396
v -9.05610275 66.67858124 120.32829857
v -5.58914614 67.14025116 116.28850365
v -11.01418018 66.59535217 118.96570396
v 4.90732622 67.20503235 115.72170067
v -5.58914614 67.14025116 116.28850365
v 5.96836901 67.23564148 114.35918236
v 7.51522112 66.91123199 118.29240227
v 9.14013672 66.87831879 116.92989922
v 5.96836901 67.23564148 114.35918236
v 4.90732622 67.20503235 115.72170067
v 7.51522112 66.91123199 118.29240227
v 2.55754805 67.36344147 114.33557701
v -2.45007300 67.36830139 114.29311180
v -2.45007300 67.36830139 114.29311180
v -6.79760695 67.15686798 114.92590141
v -5.58914614 67.14025116 116.28850365
v -2.45007300 67.36830139 114.29311180
v -2.97982001 67.43419647 112.93054771
v -6.79760695 67.15686798 114.92590141
v 5.96836901 67.23564148 114.35918236
v 3.11052704 67.42830658 112.97302055
v 4.90732622 67.20503235 115.72170067
v 3.11052704 67.42830658 112.97302055
v 2.55754805 67.36344147 114.33557701
v 4.90732622 67.20503235 115.72170067
v 0.21743770 67.42198181 113.82340813
v 3.11052704 67.42830658 112.97302055
v 0.26445010 67.49948883 112.46085167
v 2.55754805 67.36344147 114.33557701
v 0.26445010 67.49948883 112.46085167
v 0.21743770 67.42198181 113.82340813
v 2.55754805 67.36344147 114.33557701
v 0.21743770 67.42198181 113.82340813
v 0.00012207 67.49417877 112.49912071
v -2.45007300 67.36830139 114.29311180
v 0.00012207 67.49417877 112.49912071
v -2.97982001 67.43419647 112.93054771
v -2.45007300 67.36830139 114.29311180
v 0.26445010 67.49948883 112.46085167
v 0.00012207 67.49417877 112.49912071
v 0.00000000 67.50000763 15.24060631
v -2.97982001 67.43419647 112.93054771
f 1 2 3
f 4 5 6
f 3 2 7
f 8 9 10
f 11 12 13
f 14 15 16
f 17 18 19
f 20 21 22
f 23 24 25
f 26 27 28
f 29 30 31
f 32 33 34
f 35 36 37
f 38 39 40
f 41 42 43
f 44 45 46
f 47 48 49
f 50 51 52
f 53 54 55
f 56 57 58
f 59 45 44
f 60 61 62
f 63 64 65
f 66 67 68
f 69 70 71
f 41 43 72
f 73 41 72
f 73 72 74
f 73 74 75
f 76 77 78
f 79 74 72
f 80 79 72
f 81 80 72
f 82 81 72
f 83 82 72
f 84 83 72
f 85 84 72
f 86 85 72
f 87 88 89
f 90 91 92
f 93 94 95
f 96 97 98
f 99 100 101
f 102 103 104
f 105 106 107
f 108 109 110
f 111 112 113
f 114 115 116
f 117 118 119
f 120 121 122
f 123 124 125
f 126 127 128
f 129 130 131
f 132 133 134
f 135 136 137
f 138 139 140
f 141 142 143
f 144 145 146
f 147 148 149
f 150 151 152
f 153 154 155
f 155 154 156
f 155 156 157
f 158 159 160
f 161 162 163
f 164 165 166
f 164 167 165
f 168 169 170
f 171 172 173
f 174 175 176
f 177 178 179
f 180 181 182
f 183 184 185
f 186 187 188
f 189 190 191
f 192 193 194
f 195 196 197
f 198 199 200
f 201 202 203
f 204 205 206
f 207 208 209
f 210 211 212
f 213 156 154
f 214 156 213
f 215 156 214
f 216 156 215
f 217 156 216
f 218 156 217
f 219 156 218
f 220 156 219
f 221 222 223
f 224 225 226
f 227 228 229
f 230 231 232
f 233 234 235
f 236 237 238
f 239 240 241
f 242 243 244
f 245 246 247
f 248 249 250
f 251 252 253
f 254 255 256
f 257 258 259
f 260 261 262
f 263 264 265
f 266 267 268
f 269 270 271
f 272 273 274
f 275 276 277
f 278 276 275
f 279 280 281
f 282 283 284
f 285 286 287
f 288 289 290
f 291 292 293
f 294 295 296
f 297 298 299
f 300 301 302
f 303 304 305
f 306 307 308
f 309 310 311
f 312 313 314
f 315 316 317
f 318 319 320
f 321 322 323
f 324 325 326
f 327 328 329
f 330 331 332
f 333 334 335
f 336 337 338
f 339 340 341
f 342 343 344
f 345 346 347
f 348 349 350
f 351 352 353
f 354 355 356
f 357 358 359
f 360 361 362
f 363 364 365
f 366 367 368
f 369 370 371
f 372 373 374
f 375 376 377
f 378 379 380
f 381 382 383
f 384 385 386
f 387 388 389
f 390 391 392
f 393 394 395
f 396 397 398
f 399 400 401
f 402 403 404
f 405 406 407
f 408 409 410
f 411 412 413
f 414 415 416
f 417 418 419
f 420 421 422
f 423 424 425
f 426 427 428
f 429 430 431
f 432 433 434
f 435 436 437
f 438 439 440
f 441 442 443
f 444 445 446
f 447 448 449
f 450 451 452
f 453 454 455
f 456 457 458
f 459 460 461
f 462 463 464
f 465 466 467
f 468 469 470
f 471 472 473
f 474 475 476
f 477 478 479
f 480 481 482
f 483 484 485
f 486 487 488
f 489 490 491
f 492 493 494
f 488 495 496
f 495 488 497
f 498 499 500
f 501 502 503
f 504 505 506
f 507 508 509
f 510 511 512
f 512 487 510
f 488 487 512
f 488 496 486
f 513 514 515
f 510 516 517
f 518 519 520
f 521 522 523
f 524 525 526
f 527 525 524
f 528 529 530
f 531 174 176
f 532 533 534
f 535 536 537
f 538 539 540
f 541 542 543
f 544 545 546
f 547 548 549
f 550 551 552
f 553 554 555
f 556 557 558
f 559 560 561
f 559 561 562
f 559 562 563
f 564 565 566
f 560 565 564
f 560 567 565
f 560 559 567
f 568 569 570
f 571 572 573
f 574 575 576
f 577 578 579
f 580 581 582
f 583 584 585
f 586 587 588
f 589 590 591
f 592 593 594
f 595 593 592
f 594 596 592
f 597 598 599
f 600 601 602
f 603 604 605
f 606 607 608
f 604 609 605
f 610 611 612
f 613 614 615
f 616 617 618
f 619 620 621
f 622 623 624
f 625 626 627
f 628 629 630
f 631 632 633
f 634 635 636
f 637 638 639
f 640 641 642
f 643 644 645
f 646 647 648
f 649 650 651
f 652 653 654
f 655 656 657
f 658 659 660
f 661 662 663
f 664 665 666
f 667 668 669
f 670 671 672
f 673 674 675
f 676 677 678
f 679 680 681
f 682 683 684
f 685 686 687
f 688 689 690
f 691 692 693
f 694 695 696
f 696 695 697
f 698 699 700
f 701 702 703
f 704 705 706
f 707 708 709
f 710 711 712
f 713 714 715
f 716 717 718
f 719 720 721
f 722 723 724
f 725 726 727
f 728 729 730
f 731 732 733
f 734 735 736
f 737 738 739
f 731 733 740
f 741 742 743
f 742 744 745
f 742 746 744
f 742 745 743
f 747 745 744
f 747 748 745
f 749 750 751
f 752 753 754
f 755 756 757
f 758 759 760
f 761 762 763
f 764 765 766
f 767 768 769
f 770 771 772
f 773 774 775
f 776 777 778
f 779 780 781
f 782 783 784
f 785 786 787
f 788 789 790
f 791 792 793
f 794 795 796
f 797 798 799
f 800 801 802
f 803 804 805
f 806 807 808
f 809 810 811
f 812 813 814
f 815 816 817
f 818 819 820
f 821 822 823
f 824 825 826
f 827 828 829
f 830 831 832
f 833 834 835
f 836 837 838
f 839 840 841
f 842 843 844
f 845 846 847
f 848 849 850
f 851 852 853
f 854 855 856
f 857 858 859
f 860 861 862
f 863 864 865
f 866 867 868
f 869 870 871
f 872 873 874
f 875 876 877
f 878 879 880
f 881 882 883
f 884 885 886
f 887 888 889
f 890 891 892
f 893 894 895
f 896 897 898
f 899 900 901
f 902 903 904
f 905 906 907
f 908 909 910
f 911 912 913
f 914 915 916
f 917 918 919
f 920 921 922
f 923 924 925
f 926 927 928
f 929 930 931
f 932 933 934
f 935 936 937
f 938 939 940
f 941 942 943
f 944 945 946
f 947 948 949
f 950 951 952
f 953 954 955
f 956 957 958
f 959 960 961
f 962 963 964
f 965 966 967
f 968 969 970
f 971 972 973
f 974 975 976
f 977 978 979
f 980 981 982
f 983 984 985
f 986 987 988
f 989 990 991
f 992 993 994
f 995 996 997
f 998 996 995
f 999 1000 1001
f 1002 1003 1004
f 1005 1006 1007
f 1008 1009 1010
f 1011 1012 1013
f 1014 1015 1016
f 1017 1018 1019
f 1020 1021 1022
f 1023 1024 1025
f 1026 1027 1028
f 1029 1030 1031
f 1032 1033 1034
f 1035 1036 1037
f 1038 1039 1040
f 1041 1042 1043
f 1044 1045 1046
f 1047 1048 1049
f 1050 1051 1052
f 1053 1054 1055
f 1056 1057 1058
f 1059 1060 1061
f 1062 1063 1064
f 1065 1066 1067
f 1068 1069 1070
f 1071 1072 1073
f 1074 1075 1076
f 1077 1078 1079
f 1080 1081 1082
f 1083 1084 1085
f 1086 1087 1088
f 1089 1090 1091
f 1092 1093 1094
f 1095 1096 1097
f 1098 1099 1100
f 1101 1102 1103
f 1104 1105 1106
f 1107 1108 1109
f 1110 1111 1112
f 1113 1114 1115
f 1116 1117 1118
f 1119 1120 1115
f 1121 1122 1123
f 1124 1125 1126
f 1127 1128 1129
f 1130 1131 1132
f 1133 1134 1135
f 1136 1137 1138
f 1139 1140 1141
f 1142 1143 1144
f 1145 1146 1147
f 1148 1149 1150
f 1151 1152 1153
f 1154 1155 1156
f 1157 1158 1159
f 1160 1161 1162
f 1163 1164 1165
f 1166 1167 1168
f 1169 1170 1171
f 1172 1173 1174
f 1175 1176 1177
f 1178 1179 1180
f 1181 1182 1183
f 1184 1185 1186
f 1187 1188 1189
f 1190 1191 1192
f 1193 1194 1195
f 1196 1197 1198
f 1199 1200 1201
f 1202 1203 1204
f 1205 1206 1207
f 1208 1209 1210
f 1211 1212 1213
f 1214 1215 1216
f 1217 1218 1219
f 1220 1221 1222
f 1223 1224 1225
f 448 447 1226
f 1227 1228 1229
f 1230 1231 1232
f 1233 1234 1235
f 1236 1237 1238
f 1239 1240 1241
f 1242 1243 1244
f 1245 1246 1247
f 1248 1249 1250
f 1251 1252 1253
f 1254 1255 1256
f 1257 1258 1259
f 1260 1261 1262
f 1263 1264 1265
f 1266 1267 1268
f 1269 1270 1271
f 1272 1273 1274
f 1275 1276 1277
f 1278 1279 1280
f 1281 1282 1283
f 1284 1285 1286
f 1287 1288 1289
f 1290 1291 1292
f 1293 1294 1295
f 1296 1297 1298
f 1299 1300 1301
f 1302 1303 1304
f 1305 1306 1307
f 1308 1309 1310
f 1311 1312 1313
f 1314 1315 1316
f 1317 1318 1319
f 1320 1321 1322
f 1323 1324 1325
f 1326 1327 1328
f 1329 1330 1331
f 1332 1333 1334
f 1335 1336 1337
f 1338 1339 1340
f 1341 1342 1343
f 1341 1343 1344
f 1345 1346 1347
f 1348 1349 1350
f 1351 1352 1353
f 1354 1355 1356
f 1357 1358 1359
f 1360 1361 1362
f 1363 1364 1365
f 1366 1367 1368
f 1369 1370 1371
f 1362 1372 1360
f 1345 1347 1373
f 1374 1375 1376
f 1377 1378 1379
f 1380 1381 1382
f 1383 1384 1385
f 1386 1387 1388
f 1386 1389 1387
f 1390 1391 1392
f 1377 194 1378
f 1393 1394 1395
f 1396 1397 1398
f 1399 1400 1401
f 1402 1403 1404
f 1405 1406 1407
f 1408 1409 1410
f 1411 1412 1413
f 1414 1415 1416
f 1417 1418 1419
f 1420 1421 1422
f 1423 1424 1425
f 1390 1392 1426
f 1427 1428 1429
f 1427 1429 1430
f 1431 1432 1433
f 1434 1435 1436
f 1437 1438 1439
f 1440 1441 1442
f 1443 1444 1445
f 1446 1447 1448
f 1449 1450 1451
f 1452 1453 1454
f 1455 1456 1457
f 1458 1459 1460
f 1461 1462 1463
f 1464 1465 1466
f 1467 1468 1469
f 1470 1471 1472
f 1473 1474 1475
f 1476 1477 1478
f 1479 1480 1481
f 1482 1483 1484
f 1485 1479 1481
f 1486 1487 1488
f 1489 1490 1491
f 1492 1493 1494
f 1495 1496 1497
f 1498 1499 1500
f 220 1501 1502
f 220 1502 156
f 156 1502 1503
f 1504 156 1503
f 1505 1504 1503
f 86 1506 1507
f 86 72 1506
f 72 1508 1506
f 1509 1510 1511
f 1512 1513 1514
f 1515 1516 1517
f 1518 1519 1520
f 1521 1522 1523
f 1524 1525 1526
f 1527 1528 1529
f 1530 1531 1532
f 1533 1534 1535
f 1536 1537 1538
f 1539 1540 1541
f 1542 1543 1544
f 1545 1546 1547
f 1548 1549 1550
f 1551 1552 1553
f 1554 1555 1556
f 1557 1558 1559
f 1560 1561 1562
f 1563 1564 1565
f 1566 1567 1568
f 1569 1570 1571
f 1572 1573 1574
f 1575 1576 1577
f 1578 1579 1580
f 1581 1582 1583
f 1584 1585 1586
f 1587 1588 1589
f 1590 1591 1592
f 1593 1594 1595
f 1596 1597 1598
f 1599 1600 1601
f 1602 1603 1604
f 1605 1606 1607
f 1608 1609 1610
f 1611 1612 1613
f 1614 1615 1616
f 1617 1618 1619
f 1620 1621 1622
f 1623 1624 1625
f 1626 1627 1628
f 1629 1630 1631
f 1632 1633 1634
f 1635 1636 1637
f 1638 1639 1640
f 1641 1642 1643
f 1644 1645 1646
f 1647 1648 1649
f 1650 1651 1652
f 1653 1654 1655
f 1656 1657 1658
f 1659 1660 1661
f 1662 1663 1664
f 1665 1666 1667
f 1668 1669 1670
f 1671 1672 1673
f 1674 1675 1676
f 1677 1678 1679
f 1680 1681 1682
f 1683 1684 1685
f 1686 1687 1688
f 1689 1690 1691
f 1692 1693 1694
f 1695 1696 1697
f 1698 1699 1700
f 1701 1702 1703
f 1704 1705 1706
f 1707 1708 1709
f 1710 1711 1712
f 1713 1714 1715
f 1716 1717 1718
f 1719 1720 1721
f 1722 1723 1724
f 1725 1726 1727
f 1728 1729 1730
f 1731 1732 1733
f 1734 1735 1736
f 1737 1738 1739
f 1740 1741 1742
f 1743 1744 1745
f 1746 1747 1748
f 1749 1750 1751
f 1752 1753 1754
f 1755 1756 1757
f 1758 1759 1760
f 1761 1762 1763
f 1764 1765 1766
f 1767 1768 1769
f 1770 1771 1772
f 1773 1774 1775
f 1776 1777 1778
f 1779 1780 1781
f 1782 1783 1784
f 1785 1786 1787
f 1788 1789 1790
f 1791 1792 1793
f 1794 1795 1796
f 1797 1798 1799
f 1800 1801 1802
f 1803 1804 1805
f 1806 1807 1808
f 1809 1810 1811
f 1812 1813 1814
f 1815 1816 1817
f 1818 1813 1819
f 1820 1821 1822
f 1823 1824 1825
f 1826 1827 1828
f 1829 1830 1831
f 1832 1833 1834
f 1835 1836 1837
f 1838 1839 1840
f 1841 1842 1843
f 1844 1845 1846
f 1847 1848 1849
f 1850 1851 1852
f 1853 1854 1855
f 1856 1857 1858
f 1859 1860 1861
f 1862 1863 1864
f 1865 1866 1867
f 1868 1869 1870
f 1871 1872 1873
f 1874 1875 1876
f 1877 1878 1879
f 1880 1881 1882
f 1883 1884 1885
f 1886 1887 1888
f 1889 1890 1891
f 1892 1893 1894
f 1895 1896 1897
f 1898 1899 1900
f 1901 1902 1903
f 1904 1905 1906
f 1907 1908 1909
f 1910 1911 1912
f 1913 1914 1915
f 1916 1917 1918
f 1919 1920 1921
f 1922 1923 1924
f 1925 1926 1927
f 1928 1929 1930
f 1931 1932 1933
f 1934 1935 1936
f 1935 1937 1936
f 1938 1939 1940
f 1941 1942 1943
f 1944 1945 1946
f 1947 1948 1949
f 1950 1951 1952
f 1953 1954 1955
f 1956 1957 1958
f 1959 1960 1961
f 1962 1963 1964
f 1965 1966 1967
f 1968 1969 1970
f 1971 1972 1973
f 1974 1975 1976
f 1977 1978 1979
f 1980 1981 1982
f 1983 1984 1985
f 1986 1987 1988
f 1989 1990 1991
f 1992 1993 1994
f 1995 1996 1997
f 1998 1999 2000
f 2001 2002 2003
f 2004 2005 2006
f 2007 2008 2009
f 2010 2011 2012
f 2013 2014 2015
f 2016 2017 2018
f 2019 2020 2021
f 2022 2023 2024
f 2025 2026 2027
f 2028 2029 2030
f 2031 2032 2033
f 2034 2035 2036
f 2037 2038 2039
f 2040 2041 2042
f 2043 2044 2045
f 2046 2047 2048
f 2049 2050 2051
f 2052 2053 2054
f 2055 2056 2057
f 2058 2059 2060
f 2061 2062 2063
f 2064 2065 2066
f 2067 2068 2069
f 2070 2071 2072
f 2073 2074 2075
f 2076 2077 2078
f 2079 2080 2081
f 2082 2083 2084
f 2085 2086 2087
f 2088 2089 2090
f 2091 2092 2093
f 2094 2095 2096
f 2097 2098 2099
f 2100 2101 2102
f 2103 2104 2105
f 2106 2107 2108
f 2109 2110 2111
f 2112 2113 2114
f 2115 2116 2117
f 2118 2119 2120
f 2121 2122 2123
f 2124 2125 2126
f 2127 2128 2129
f 2130 2131 2132
f 2133 2134 2135
f 2136 2137 2138
f 2139 2140 2141
f 2142 2143 2144
f 2145 2146 2147
f 2148 2149 2150
f 2151 2152 2153
f 2154 2155 2156
f 2157 2158 2159
f 2160 2161 2162
f 2163 2164 2165
f 2166 2167 2168
f 2169 2170 2171
f 2172 2173 2174
f 2175 2176 2177
f 2178 2179 2180
f 2178 2181 2179
f 2182 2183 2179
f 2182 2181 2184
f 2182 2179 2181
f 2185 2183 2182
f 2186 2187 2188
f 2189 2190 2191
f 2192 2193 2194
f 2186 2188 2195
f 2196 2197 2198
f 2199 2200 2201
f 2202 2203 2204
f 2205 2206 2207
f 2208 2209 2210
f 2211 2212 2213
f 2214 2215 2216
f 2217 2218 2219
f 2220 2221 2222
f 2223 2224 2225
f 2226 2227 2228
f 2229 2230 2231
f 2232 2229 2231
f 2233 2234 2235
f 2236 2237 2238
f 2239 2240 2241
f 2242 2243 2244
f 2245 2246 2247
f 2248 2249 2250
f 2251 2252 2253
f 2254 2255 2256
f 2257 2258 2259
f 2260 2261 2262
f 2263 2264 2265
f 2266 2267 2268
f 2269 2270 2271
f 2272 2273 2274
f 2275 2276 2277
f 2278 2279 2280
f 2281 2282 2283
f 2284 2285 2286
f 2287 2288 2289
f 2290 2291 2292
f 2293 2294 2295
f 2296 2297 2298
f 2299 2300 2301
f 2302 2303 2304
f 2305 2306 2307
f 2308 2309 2310
f 2311 2312 2313
f 2314 2315 2316
f 2317 2318 2319
f 2320 2321 2322
f 2323 2324 2325
f 2326 2327 2328
f 2329 2330 2331
f 2332 2333 2334
f 2333 2335 2334
f 2336 2337 2338
f 2339 2340 2341
f 2342 2343 2344
f 2345 2346 2347
f 2348 2349 2350
f 2351 2352 2353
f 2354 2355 2356
f 2357 2358 2359
f 2360 2361 2362
f 2360 2363 2361
f 2360 2364 2363
f 2364 2365 2363
f 2362 2366 2367
f 2362 2367 2368
f 2362 2368 2360
f 2369 2370 2371
f 2372 2373 2374
f 2375 2376 2377
f 2378 2379 2380
f 2381 2382 2383
f 2384 2385 2386
f 2387 2388 2389
f 2390 2391 2392
f 2393 2394 2395
f 2394 2396 2395
f 2397 2398 2399
f 2400 2401 2402
f 2403 2404 2405
f 2406 2407 2408
f 2409 2410 2411
f 2409 2412 2413
f 2412 2403 2413
f 2403 2412 2414
f 2415 2416 2417
f 2418 2419 2420
f 2421 2422 2423
f 2424 2425 2426
f 2427 2428 2409
f 2409 2411 2427
f 2429 2430 2431
f 2410 2409 2413
f 2432 2433 2434
f 2435 2436 2437
f 2438 2439 2440
f 2441 2442 2443
f 2444 2445 2446
f 2447 2448 2449
f 2450 2451 2452
f 2453 2454 2455
f 2456 2457 2458
f 2459 2460 2461
f 2462 2463 2464
f 2465 2466 2467
f 1706 2468 1704
f 2469 2470 2471
f 2472 2473 2474
f 2475 2476 2477
f 2478 2479 2480
f 2481 2482 2483
f 2484 2485 2486
f 2487 2488 2489
f 2490 2491 2492
f 2493 2494 2495
f 2496 2497 2498
f 2499 2500 2501
f 2502 2503 2504
f 2505 2506 2507
f 2508 2509 2510
f 2511 2512 2513
f 2514 2515 2516
f 2517 2518 2519
f 2520 2521 2522
f 2523 2524 2525
f 2526 2527 2528
f 2529 2530 2531
f 2532 2533 2534
f 2535 2536 2537
f 2538 2539 2540
f 2541 2542 2543
f 2544 2545 2546
f 2547 2548 2549
f 2550 2551 2552
f 2553 2554 2555
f 2556 2557 2558
f 2559 2560 2561
f 2562 2563 2564
f 2565 2566 2567
f 2568 2569 2570
f 2571 2572 2573
f 2574 2575 2576
f 2577 2578 2579
f 2580 2581 2582
f 2583 2584 2585
f 2586 2587 2588
f 2589 2590 2591
f 2592 2593 2594
f 2595 2596 2597
f 2598 2599 2600
f 2601 2602 2603
f 2604 2605 2606
f 2607 2608 2609
f 2610 2611 2612
f 2613 2614 2615
f 2616 2617 2618
f 2619 2620 2621
f 2622 2623 2624
f 2625 2626 2627
f 2628 2629 2630
f 2631 2632 2633
f 2632 2634 2633
f 2635 2636 2637
f 2638 2639 2640
f 2641 2642 2643
f 2644 2645 2646
f 2647 2648 2649
f 2650 2651 2652
f 2653 2654 2655
f 2656 2657 2658
f 2659 2660 2661
f 2662 2663 2664
f 2665 2666 2667
f 2668 2669 2670
f 2671 2672 2673
f 2674 2675 2676
f 2677 2678 2679
f 2680 2681 2682
f 2683 2684 2685
f 2686 2687 2688
f 2689 2690 2691
f 2692 2693 2694
f 2695 2696 2697
f 2698 2699 2700
f 1818 1819 2701
f 2702 2703 2704
f 2705 2706 2707
f 2708 2709 2710
f 2711 2712 2713
f 2714 2715 2716
f 2716 2717 2718
f 2719 2716 2718
f 2714 2716 2719
f 2720 2721 2722
f 2723 2724 2725
f 2726 2727 2728
f 2729 2730 2731
f 2732 2733 2734
f 2735 2736 2737
f 2738 2739 2740
f 2741 2742 2743
f 2744 2745 2746
f 2747 2748 2749
f 2750 2751 2752
f 2753 2754 2755
f 2756 2757 2758
f 2759 2760 2761
f 2762 2763 2764
f 2762 2765 2763
f 2766 2767 2768
f 2769 2770 2771
f 2772 2773 2774
f 2775 2776 2777
f 2778 2779 2780
f 2781 2782 2783
f 2784 2785 2786
f 2787 2788 2789
f 2790 2791 2792
f 2793 2794 2795
f 2796 2797 2798
f 2799 2800 2801
f 2802 2803 2804
f 2805 2806 2807
f 2808 2809 2810
f 2811 2812 2813
f 2814 2815 2816
f 2817 2818 2819
f 2820 2821 2822
f 2823 2824 2825
f 2826 2827 2828
f 2829 2830 2831
f 2832 2833 2834
f 2835 2836 2837
f 2838 2839 2840
f 2841 2842 2843
f 2844 2845 2846
f 2847 2848 2849
f 2847 2850 2848
f 2851 2852 2853
f 2854 2855 2856
f 2857 2858 2859
f 2860 2861 2862
f 2863 2864 2865
f 2866 2867 2868
f 2869 2870 2871
f 2872 2873 2874
f 2875 2876 2877
f 2878 2879 2880
f 2881 2882 2883
f 2884 2885 2886
f 2887 2888 2889
f 2890 2891 2892
f 2893 2894 2895
f 2896 2897 2898
f 2899 2900 2901
f 2902 2903 2904
f 2905 2906 2907
f 2908 2909 2910
f 2911 2912 2913
f 2914 2915 2916
f 2917 2918 2919
f 2920 2921 2922
f 2923 2924 2925
f 2926 2927 2928
f 2929 2930 2931
f 2932 2930 2929
f 2933 2934 2935
f 2936 2937 2938
f 2939 2940 2941
f 2942 2943 2944
f 2945 2946 2947
f 2948 2949 2950
f 2951 2952 2953
f 2954 2955 2956
f 2957 2958 2959
f 2960 2961 2962
f 2963 2964 2965
f 2966 2967 2968
f 2969 2970 2971
f 2972 2973 2974
f 2975 2976 2977
f 2978 2979 2980
f 2981 2982 2983
f 2984 2985 2986
f 2987 2988 2989
f 2990 2991 2992
f 2993 2994 2995
f 2996 2997 2998
f 2999 3000 3001
f 3002 3003 3004
f 3005 3006 3007
f 3008 3009 3010
f 3011 3012 3013
f 3014 3015 3016
f 3017 3018 3019
f 3020 3021 3022
f 3023 3024 3025
f 3023 3026 3024
f 3027 3028 3029
f 3027 3030 3028
f 3031 3032 3033
f 3034 3035 3036
f 3037 3038 3039
f 3040 3041 3042
f 3043 3044 3045
f 3046 3047 3048
f 3049 3050 3051
f 3052 3053 3054
f 3055 3056 3057
f 3058 3059 3060
f 3061 3062 3063
f 3064 3065 3066
f 3067 3068 3069
f 3070 3071 3072
f 3073 3074 3075
f 3076 3077 3078
f 3079 3080 3081
f 3082 3083 3084
f 3085 3086 3087
f 3088 3089 3090
f 3091 3092 3093
f 3094 3095 3096
f 3097 3098 3099
f 3100 3101 3102
f 3103 3104 3105
f 3106 3107 3108
f 3109 3110 3111
f 3112 3113 3114
f 3115 3116 3117
f 3118 3119 3120
f 3121 3122 3123
f 3124 3125 3126
f 3127 3128 3129
f 3130 3131 3132
f 3133 3134 3135
f 3136 3137 3138
f 3139 3140 3141
f 3142 3143 3144
f 3145 3146 3147
f 3148 3149 3150
f 3151 3152 3153
f 3154 3155 3156
f 3157 3158 3159
f 3160 3161 3162
f 3163 3164 3165
f 3166 3167 3168
f 3169 3170 3171
f 3172 3173 3174
f 3175 3176 3177
f 3178 3179 3180
f 3181 3182 3183
f 3184 3185 3186
f 3187 3188 3189
f 3190 3191 3192
f 3193 3194 3195
f 3196 3197 3198
f 3199 3200 3201
f 3202 3203 3204
f 3205 3206 3207
f 3208 3209 3210
f 3211 3212 3213
f 3214 3215 3216
f 3217 3218 3219
f 3220 3221 3222
f 3223 3224 3225
f 3226 3227 3228
f 3229 3230 3231
f 3232 3233 3234
f 3235 3236 3237
f 3238 3239 3240
f 3241 3242 3243
f 3244 3245 3246
f 3247 3248 3249
f 3250 3251 3252
f 3253 3254 3255
f 3256 3257 3258
f 3259 3260 3261
f 3262 3260 3259
f 3263 3264 3261
f 3260 3265 3261
f 3263 3261 3265
f 3266 3267 3268
f 3269 3270 3271
f 3272 3273 3274
f 3275 3276 3277
f 3278 3279 3280
f 3281 3282 3283
f 3284 3285 3286
f 3287 3288 3289
f 3290 3291 3292
f 3293 3294 3295
f 3296 3297 3298
f 3299 3300 3301
f 3302 3303 3304
f 3305 3306 3307
f 3308 3309 3310
f 3311 3312 3313
f 3314 3315 3316
f 3317 3318 3319
f 3320 3321 3322
f 3323 3324 3325
f 3326 3327 3328
f 3329 3330 3331
f 3332 3333 3334
f 3335 3336 3337
f 3338 3339 3340
f 3341 3342 3343
f 3344 3345 3346
f 3347 3348 3349
f 3350 3351 3352
f 3353 3354 3355
f 3356 3357 3358
f 3357 3356 3359
f 3360 3359 3361
f 3360 3357 3359
f 3362 3363 3364
f 3365 3360 3366
f 3367 3368 3369
f 3370 3371 3372
f 3373 3371 3370
f 3360 3361 3374
f 3375 3360 3374
f 3366 3360 3375
f 3376 3377 3378
f 3376 3379 3377
f 3377 3379 3380
f 3381 3382 3383
f 3383 3382 3384
f 3377 3385 3378
f 3386 3382 3381
f 3387 3382 3386
f 3385 3377 3388
f 3389 3390 3391
f 3377 3392 3388
f 3391 3390 3393
f 3394 3395 3396
f 3394 3396 3397
f 3391 3393 3398
f 3394 3399 3400
f 3401 3402 3403
f 3400 3395 3394
f 3404 3405 3406
f 3407 3408 3409
f 3408 3410 3411
f 3412 3410 3408
f 3408 3413 3412
f 3414 2718 3415
f 3414 3415 3416
f 3414 3416 3417
f 3418 3417 3416
f 3418 3416 3419
f 3416 3420 3419
f 3421 3419 3420
f 3421 3420 3422
f 3422 3420 3423
f 3423 3420 3424
f 3425 3423 3424
f 3425 3424 3426
f 3426 3424 3427
f 3427 3424 3428
f 3427 3428 3429
f 3428 3430 3429
f 3431 3430 3428
f 3431 3432 3430
f 3433 3432 3431
f 3433 3434 3432
f 3433 3435 3434
f 3433 3436 3435
f 3437 3435 3436
f 3438 3437 3436
f 3439 3437 3438
f 3439 3438 3440
f 3438 3441 3440
f 3442 3440 3441
f 3442 3441 3443
f 3443 3441 3444
f 3441 3445 3444
f 3446 3444 3445
f 3447 3446 3445
f 3448 3447 3445
f 3448 3445 3449
f 3448 3449 3450
f 3451 3450 3449
f 3452 3451 3449
f 3452 3449 3260
f 3452 3260 3262
f 3264 3453 3261
f 3454 3453 3264
f 3454 3455 3453
f 3454 3456 3455
f 3457 3456 3454
f 3457 3458 3456
f 3457 3459 3458
f 3458 3459 3460
f 3460 3459 3461
f 3460 3461 3462
f 3463 3462 3461
f 3463 3461 3464
f 3463 3464 3465
f 3465 3464 3466
f 3467 3466 3464
f 3468 3466 3467
f 3468 3469 3466
f 3470 3466 3469
f 3470 3471 3466
f 3472 3471 3470
f 3472 3473 3471
f 3474 3473 3472
f 3474 3472 3475
f 3474 3475 3476
f 3477 3476 3475
f 3477 3478 3476
f 3477 3479 3478
f 3479 3480 3478
f 3479 3481 3480
f 3480 3481 3482
f 3483 3482 3481
f 3483 3484 3482
f 3483 3485 3484
f 3483 3486 3485
f 3487 3485 3486
f 3488 3487 3486
f 3488 3486 2721
f 3488 2721 3489
f 3489 2721 2720
f 3490 3489 2720
f 3490 2720 3491
f 3492 3490 3491
f 3492 3491 3493
f 3492 3493 3494
f 3494 3493 3495
f 3494 3495 3496
f 3495 3497 3496
f 3495 3498 3497
f 3499 3497 3498
f 3499 3498 3500
f 3499 3500 3501
f 2716 3501 3500
f 2716 3502 3501
f 2716 2715 3502
f 3503 3504 3505
f 3506 3505 3504
f 3506 3507 3505
f 3370 3508 3373
f 3408 3407 3509
f 3408 3509 3510
f 3408 3510 3511
f 3408 3511 3512
f 3408 3512 3513
f 3408 3513 3514
f 3408 3514 3515
f 3408 3515 3516
f 3408 3516 3517
f 3408 3517 3518
f 3408 3518 3519
f 3408 3519 3520
f 3408 3520 3521
f 3408 3521 3413
f 2718 2717 3522
f 2718 3522 3523
f 2718 3523 3415
f 3524 3525 3526
f 3527 3528 3529
f 2756 3530 2757
f 3531 2759 2761
f 3532 3533 3534
f 3535 3536 3537
f 3538 3539 3540
f 3541 3542 3543
f 3544 3545 3546
f 3547 3548 3549
f 2933 3550 2934
f 3551 3552 3553
f 3554 3555 3556
f 3557 3558 3559
f 3560 3561 3562
f 3561 3563 3562
f 3564 3565 3566
f 3567 3568 3569
f 3570 3571 3572
f 3573 3574 3575
f 3576 3577 3578
f 3579 3580 3581
f 3582 3583 3584
f 3585 3586 3587
f 3588 3586 3585
f 3589 3590 3591
f 3592 3593 3594
f 3595 3596 3597
f 3598 3599 3600
f 3601 3602 3603
f 3604 3605 3606
f 3607 3608 3609
f 3610 3608 3607
f 3611 3612 3613
f 3610 3614 3608
f 3615 3616 3617
f 3618 3619 3620
f 3621 3622 3623
f 3610 3624 3614
f 3624 3625 3614
f 3626 3627 3628
f 3629 3630 3631
f 3632 3633 3634
f 3624 3635 3625
f 3635 3636 3625
f 3637 3638 3639
f 3640 3641 3642
f 3643 3644 3645
f 3646 3647 3648
f 3649 3650 3651
f 3652 3653 3654
f 3635 3655 3636
f 3656 3657 3658
f 3657 3659 3658
f 3660 3561 3560
f 3661 3662 3663
f 3561 3664 3563
f 3665 3666 3667
f 3668 3653 3652
f 3669 3670 3671
f 3672 3673 3674
f 3675 3676 3677
f 3678 3679 3680
f 3681 3678 3680
f 3682 3683 3684
f 3685 3686 3687
f 3688 3689 3690
f 3691 3692 3693
f 3694 3695 3696
f 3697 3698 3699
f 3700 3701 3702
f 3703 3704 3705
f 3706 3707 3708
f 3709 3683 3682
f 3691 3710 3692
f 3711 3712 3713
f 3714 3715 3716
f 3717 3681 3718
f 3719 3720 3709
f 3691 3721 3710
f 3722 3715 3714
f 3723 3724 3725
f 3726 3727 3728
f 3729 3726 3728
f 3730 3731 3732
f 3733 3734 3735
f 3736 3737 3738
f 3739 3740 3738
f 3740 3741 3738
f 3741 3736 3738
f 3742 3743 3744
f 3736 3745 3737
f 3745 3746 3737
f 3746 3747 3737
f 3747 3748 3737
f 3749 3750 3751
f 3723 3752 3724
f 3753 3734 3733
f 3754 3755 3756
f 3757 3758 3759
f 3760 3761 3739
f 3761 3740 3739
f 3762 3763 3764
f 3765 3766 3743
f 3766 3767 3743
f 3747 3768 3748
f 3769 3770 3771
f 3772 3773 3774
f 3775 3776 3760
f 3777 3775 3760
f 3776 3778 3760
f 3778 3761 3760
f 3779 3780 3781
f 3766 3782 3767
f 3747 3783 3768
f 3783 3784 3768
f 3784 3785 3768
f 3786 3787 3769
f 3787 3770 3769
f 3788 3789 3790
f 3791 3792 3793
f 3794 3795 3796
f 3797 3798 3799
f 3800 3801 3802
f 3803 3788 3790
f 3804 3805 3806
f 3807 3808 3809
f 3808 3810 3809
f 3810 3811 3809
f 3812 3813 3814
f 3815 3816 3817
f 3818 3655 3635
f 3819 3820 3821
f 3822 3823 3824
f 3825 3826 3827
f 3828 3829 3830
f 3831 3828 3830
f 3832 3833 3834
f 3835 3836 3837
f 3838 3763 3762
f 3839 3763 3838
f 3840 3841 3842
f 3843 3844 3845
f 3825 3846 3826
f 3825 3847 3846
f 3843 3848 3844
f 3849 3850 3851
f 3852 3853 3854
f 3855 3856 3857
f 3856 3858 3857
f 3859 3860 3861
f 3849 3862 3850
f 3863 3864 3865
f 3866 3856 3855
f 3867 3862 3849
f 3868 3869 3870
f 3866 3858 3856
f 3665 3871 3666
f 3757 3872 3758
f 3818 3873 3655
f 3874 3698 3697
f 3875 3752 3723
f 3876 3877 3727
f 3757 3878 3872
f 3879 3880 3881
f 3882 3883 3884
f 3885 3886 3887
f 3886 3888 3887
f 3889 3890 3891
f 3892 3893 3894
f 3895 3896 3897
f 3898 3899 3900
f 3901 3902 3890
f 3903 3904 3905
f 3906 3907 3908
f 3909 3910 3911
f 3910 3912 3911
f 3913 3914 3915
f 3916 3917 3918
f 3919 3920 3921
f 3922 3923 3924
f 3923 3925 3924
f 3926 3927 3928
f 3929 3930 3931
f 3932 3933 3934
f 3840 3935 3841
f 3936 3937 3938
f 3939 3940 3941
f 3942 3940 3939
f 3943 3944 3945
f 3946 3947 3948
f 3949 3950 3951
f 3952 3862 3867
f 3953 3954 3955
f 3866 3956 3858
f 3957 3958 3959
f 3958 3960 3959
f 3961 3962 3963
f 3964 3965 3966
f 3967 3968 3969
f 3970 3971 3972
f 3973 3974 3975
f 3976 3973 3975
f 3968 3977 3969
f 3978 3979 3980
f 3981 3982 3983
f 3981 3984 3982
f 3985 3986 3987
f 3988 3989 3990
f 3991 3992 3974
f 3993 3994 3995
f 3996 3997 3998
f 3999 4000 4001
f 4002 3954 3953
f 4003 4004 4005
f 4006 4007 4008
f 4009 4006 4008
f 4010 3944 3943
f 4011 4012 4013
f 4014 4015 4016
f 4012 4017 4013
f 4014 4018 4015
f 4019 4020 4021
f 4022 4023 4024
f 4025 4022 4024
f 4026 4027 4028
f 4029 4004 4003
f 4014 4030 4018
f 4031 4032 4033
f 4034 4035 4036
f 4037 4038 4039
f 4040 4041 4042
f 4043 4044 4045
f 4046 4047 4048
f 4049 4004 4029
f 4050 3873 3818
f 4051 4052 4053
f 4054 4055 4056
f 4057 4058 4059
f 4060 4061 4062
f 4063 4064 4065
f 4066 4061 4060
f 4063 4067 4064
f 4068 4069 4070
f 4071 4072 4073
f 4074 4075 4076
f 4077 4078 4079
f 4080 4081 4082
f 4083 4084 4085
f 4086 4087 4088
f 4050 4089 3873
f 4090 4091 4092
f 4093 4094 4095
f 4096 4097 4098
f 4099 4100 4101
f 4086 4102 4087
f 4103 4104 4105
f 4106 4107 4108
f 4109 4110 4111
f 4112 4113 4114
f 4115 4116 4117
f 4118 4119 4120
f 4121 4113 4112
f 4122 4123 4124
f 4125 4126 4127
f 4128 4129 4130
f 4131 4126 4125
f 4132 4133 4134
f 4135 4136 4137
f 4138 4139 4140
f 4115 4141 4116
f 4142 4143 4144
f 4145 4146 4147
f 4148 4149 4150
f 4151 4152 4153
f 4154 4155 4156
f 4157 4158 4159
f 4160 4139 4138
f 4161 4162 4163
f 4164 4165 4166
f 4167 4168 4169
f 4170 4171 4172
f 4173 4170 4172
f 4174 4175 4176
f 4177 4178 4179
f 4180 4181 4103
f 4181 4182 4103
f 4182 4104 4103
f 4183 4107 4106
f 4184 4185 4121
f 4186 4113 4121
f 4185 4186 4121
f 4187 4188 4189
f 4190 4191 4192
f 4193 4194 4195
f 4196 4197 4198
f 4199 4200 4201
f 4202 4203 4204
f 4205 4165 4164
f 4206 4165 4205
f 4207 4208 4209
f 4210 4211 4212
f 4213 4214 4215
f 4216 4185 4184
f 4187 4217 4188
f 4218 4219 4220
f 4221 4222 4223
f 4224 4225 4226
f 4227 4228 4229
f 4230 4231 4232
f 4233 4234 4235
f 4236 4237 4238
f 4239 4240 4241
f 4242 4243 4244
f 4245 4246 4247
f 4248 4249 4250
f 4251 4252 4253
f 4254 4228 4227
f 4255 4256 4257
f 3747 3746 3745
f 4258 4228 4254
f 4259 4228 4258
f 4260 4261 4262
f 4263 4264 4265
f 4266 4267 4268
f 4269 4185 4216
f 4270 4271 4272
f 4273 4274 4275
f 4276 4277 4278
f 4279 3561 3660
f 4280 4281 4282
f 4283 4284 4285
f 4286 4287 4288
f 4289 4290 4291
f 4290 4292 4291
f 4293 4294 4295
f 4296 4297 4298
f 4299 4300 4301
f 3561 4302 3664
f 4303 4304 4305
f 4306 4307 4308
f 4307 4309 4308
f 4310 4311 4312
f 4313 4314 4315
f 4316 4317 4318
f 4319 4320 4321
f 4322 4323 4324
f 4325 4326 4327
f 4328 3785 3784
f 4329 4261 4260
f 4330 4331 4332
f 4333 4334 4335
f 4263 4336 4264
f 4337 4338 4339
f 4340 4341 4342
f 4343 4344 4345
f 4346 4347 4348
f 4349 4350 4351
f 4352 4353 4354
f 4355 4356 4357
f 4358 4359 4360
f 4361 4362 4363
f 4364 4365 4366
f 4367 4368 4369
f 4370 4371 4372
f 4373 4374 4375
f 4376 4377 4378
f 4379 4380 4381
f 4382 4383 4384
f 4385 4386 4387
f 4388 4389 4390
f 4391 4392 4393
f 4394 4395 4396
f 4397 4394 4396
f 4398 4399 4400
f 4401 4402 4403
f 4404 4405 4406
f 4407 4404 4406
f 4408 4409 4410
f 4411 4412 4413
f 4337 4414 4338
f 4415 4416 4417
f 4418 3775 3777
f 4419 4420 4421
f 4422 4423 4424
f 4328 4425 3785
f 4426 3864 3863
f 4427 4428 4429
f 4430 4431 4432
f 4433 4434 4435
f 4436 4437 4438
f 4439 4440 4441
f 4442 4443 4444
f 4445 4392 4391
f 4446 4447 4448
f 4449 4450 4451
f 4452 4453 4454
f 4455 4456 4457
f 4458 4459 4460
f 4461 4462 4463
f 4464 4465 4466
f 4467 4468 4416
f 4469 4470 4411
f 4471 4331 4472
f 4473 4474 4475
f 4476 4477 4478
f 4479 4480 4481
f 4482 4483 4458
f 4484 4455 4485
f 4486 4487 4488
f 4489 4490 4491
f 4492 4493 4494
f 4495 4474 4473
f 4496 4497 4498
f 4499 4500 4501
f 4502 4503 4504
f 4505 4506 4507
f 4508 4509 4510
f 4509 4511 4510
f 4512 4513 4514
f 4037 4515 4038
f 4516 4517 4518
f 4519 4520 4521
f 4522 4044 4043
f 4523 4524 4525
f 4526 4527 4528
f 4529 4530 4531
f 4530 4532 4531
f 4533 4534 4535
f 4536 4537 4538
f 4263 4539 4336
f 4540 4541 4542
f 4543 4544 4545
f 4546 4547 4548
f 4549 4541 4540
f 4550 4551 4552
f 4553 4554 4555
f 4556 4557 4558
f 4559 4560 4561
f 4562 4563 4564
f 4565 4566 4567
f 4568 4569 4570
f 4571 4572 4573
f 4574 4575 4576
f 4572 4577 4578
f 4579 4580 4581
f 4571 4582 4572
f 4583 4584 4585
f 4586 4587 4588
f 4589 4590 4591
f 4592 4583 4593
f 4594 4595 4596
f 4597 4598 4599
f 4600 4601 4602
f 4603 4604 4605
f 4606 4607 4608
f 4607 4609 4608
f 4610 4611 4612
f 4613 4614 4615
f 4598 4616 4617
f 4618 4619 4620
f 4621 4622 4623
f 4624 4621 4623
f 4625 4626 4627
f 4628 4409 4408
f 4629 4630 4631
f 4632 4633 4634
f 4635 4636 4637
f 4636 4638 4637
f 4639 4611 4610
f 4640 4641 4642
f 4618 4643 4619
f 4643 4644 4619
f 4645 4646 4647
f 4648 4649 4650
f 4651 4652 4653
f 4654 4655 4656
f 4657 4658 4659
f 4660 4661 4662
f 4663 4641 4640
f 4664 4663 4640
f 4665 4661 4660
f 4666 4667 4668
f 4669 4670 4644
f 4671 4672 4673
f 4674 4675 4676
f 4677 4678 4664
f 4679 4680 4671
f 4681 4682 4683
f 4667 4684 4685
f 4686 4687 4670
f 4688 4689 4690
f 4691 4692 4693
f 4694 4674 4695
f 4696 4697 4677
f 4698 4681 4699
f 4684 4700 4701
f 4702 4703 4687
f 4704 4705 4706
f 4707 4694 4708
f 4709 4710 4696
f 4711 4705 4704
f 4700 4712 4713
f 4714 4715 4716
f 4717 4718 4719
f 4720 4721 4722
f 4723 4724 4725
f 4726 4727 4728
f 4729 4689 4688
f 4730 4731 4732
f 4733 4734 4735
f 4736 4733 4735
f 4737 4738 4739
f 4603 4740 4604
f 4741 4742 4743
f 4744 4745 4746
f 4747 4748 4749
f 4750 4751 4752
f 4753 4692 4691
f 4754 4755 4756
f 4757 4758 4759
f 4760 4761 4762
f 4763 4764 4765
f 4766 4767 4768
f 4769 4770 4771
f 4772 4773 4774
f 4775 4772 4774
f 4776 4770 4769
f 4777 4778 4779
f 4780 4781 4715
f 4782 4783 4784
f 4783 4785 4784
f 4786 4787 4788
f 4789 4790 4791
f 4792 4793 4794
f 4795 4796 4797
f 4798 4799 4800
f 4801 4802 4803
f 4804 4805 4806
f 4807 4808 4809
f 4810 4811 4812
f 4813 4814 4815
f 4816 4817 4818
f 4819 4820 4821
f 4822 4823 4824
f 4825 4826 4827
f 4828 4829 4830
f 4831 4832 4833
f 4834 4835 4836
f 4837 4838 4839
f 4840 4841 4842
f 4843 4844 4845
f 4846 4847 4848
f 4849 4850 4851
f 4852 4853 4854
f 4855 4856 4857
f 4858 4859 4860
f 4861 4862 4863
f 4864 4865 4775
f 4866 4867 4868
f 4869 4870 4871
f 4872 4873 4874
f 4875 4876 4877
f 4878 4879 4858
f 4880 4881 4882
f 4883 4884 4781
f 4885 4626 4625
f 4886 4887 4888
f 4889 4890 4891
f 4892 4893 4894
f 4895 4896 4897
f 4898 4899 4900
f 4901 4902 4903
f 4904 4905 4906
f 4907 4908 4909
f 4910 4911 4912
f 4913 4914 4915
f 4916 4917 4918
f 4919 4920 4921
f 4922 4923 4924
f 4925 4926 4927
f 4928 4929 4930
f 4931 4932 4933
f 4934 4935 4936
f 4937 4934 4936
f 4938 4939 4940
f 4941 4942 4943
f 4944 4945 4946
f 4947 4948 4949
f 4950 4951 4952
f 4953 4954 4955
f 4956 4957 4958
f 4959 4960 4961
f 4962 4963 4964
f 4965 4966 4967
f 4883 4968 4884
f 4969 4970 4971
f 4972 4973 4974
f 4975 4976 4977
f 4978 4979 4980
f 4981 4982 4983
f 4984 4985 4986
f 4987 4988 4989
f 4990 4991 4992
f 4965 4993 4966
f 4994 4995 4996
f 4997 4998 4999
f 4750 5000 4751
f 5001 5002 5003
f 5004 5005 5006
f 5007 5008 5009
f 5010 5011 5012
f 5013 5014 5015
f 5016 5017 5018
f 5019 5020 5021
f 5022 5023 5024
f 4993 5025 5026
f 5027 5028 5029
f 5030 5031 5032
f 5033 5034 5035
f 5036 5037 5038
f 5039 5007 5040
f 5041 5042 5043
f 5044 5045 5046
f 5047 5048 5049
f 5050 4875 5051
f 5052 5053 5023
f 5054 5055 5056
f 5057 5058 5059
f 5060 5061 5062
f 5063 5064 5065
f 5066 5067 5068
f 5069 5070 5071
f 5072 5073 5074
f 5075 5076 5077
f 5078 5079 5080
f 5081 5082 5083
f 5084 5085 5086
f 5087 5088 5089
f 5090 5091 5092
f 5093 5094 5095
f 5096 5097 5098
f 5099 5100 5101
f 5102 5103 5104
f 5105 5106 5107
f 5108 5109 5110
f 5111 5112 5113
f 5114 5109 5108
f 5115 5116 5117
f 5118 5119 5120
f 5121 5122 5123
f 5124 5125 5126
f 5127 5128 5129
f 5130 5131 5132
f 5133 5134 5135
f 5136 5137 5138
f 5139 5140 5141
f 5142 5143 5144
f 5145 5146 5147
f 5102 5148 5103
f 5149 5150 5151
f 5152 5153 5154
f 5127 5155 5128
f 5156 5157 5158
f 5159 5160 5161
f 5162 5163 5164
f 5165 5166 5167
f 5168 5169 5170
f 5171 5172 5173
f 5174 5175 5176
f 5177 5178 5179
f 5180 5181 5182
f 5183 5184 5185
f 5186 5187 5188
f 5189 5190 5191
f 5192 5193 5194
f 5195 5196 5197
f 5198 5199 5200
f 5201 5196 5195
f 5202 5203 5204
f 5205 5206 5207
f 5208 5209 5210
f 5211 5212 5213
f 5214 5215 5216
f 5217 5218 5219
f 5220 5221 5222
f 5223 5224 5225
f 5226 5227 5228
f 5229 5230 5231
f 5232 5233 5234
f 5235 5236 5237
f 5238 5233 5232
f 5239 5240 5241
f 5242 5243 5244
f 5245 5246 5247
f 5214 5248 5215
f 5249 5166 5165
f 5250 5251 5252
f 5253 5254 5255
f 5256 5257 5258
f 5259 5260 5261
f 5262 5263 5264
f 5265 5266 5267
f 5268 4934 4937
f 5269 5270 5271
f 5272 5273 5274
f 5275 5276 5277
f 5278 5279 5280
f 5281 5282 5283
f 5284 5285 5286
f 5287 5288 5289
f 5290 5291 5292
f 5268 4935 4934
f 5238 5293 5233
f 5294 5295 5296
f 5297 5293 5238
f 5298 5299 5300
f 5301 5302 5303
f 5304 5305 5306
f 5307 5308 5309
f 5310 5311 5312
f 5313 5314 5315
f 5316 5317 5318
f 5319 5320 5321
f 5322 5323 5324
f 5325 5326 5327
f 5328 5329 5330
f 5331 5332 5333
f 5334 5335 5336
f 5337 5338 5339
f 5340 5341 5342
f 5343 5344 5345
f 5346 5347 5348
f 5349 4392 4445
f 5350 5351 5352
f 5353 5354 5355
f 5356 5357 5358
f 4407 5359 4404
f 5360 5320 5319
f 5297 5361 5293
f 5362 5363 5364
f 5365 5361 5297
f 5366 5365 5297
f 5367 5368 5369
f 5370 5371 5362
f 5371 5363 5362
f 5372 5365 5366
f 5373 5374 5368
f 5375 5373 5368
f 5367 5375 5368
f 5376 5377 5378
f 5379 5380 5381
f 5382 5383 5384
f 5385 5377 5376
f 5386 5387 5388
f 5389 5390 5391
f 5372 5392 5365
f 5393 5394 5395
f 5396 5397 5398
f 5399 5371 5370
f 5400 5392 5372
f 5401 5402 5403
f 5404 5405 5406
f 5373 5407 5374
f 5408 5409 5410
f 5411 5412 5413
f 5414 5415 5416
f 5417 5414 5416
f 5418 5419 5420
f 5421 5422 5423
f 5424 5425 5426
f 5427 5424 5426
f 5428 5429 5430
f 5429 5431 5430
f 5432 5433 5434
f 5371 5435 5363
f 5436 5437 5438
f 5439 5375 5367
f 5440 5441 5442
f 5443 5444 5445
f 5446 5447 5448
f 5449 5450 5451
f 5452 5453 5454
f 5455 5456 5457
f 5458 5459 5460
f 5461 5433 5432
f 5462 5456 5455
f 5463 5464 5465
f 5466 5467 5468
f 5469 5470 5471
f 5449 5472 5450
f 5473 5474 5458
f 5474 5459 5458
f 5475 5476 5453
f 5452 5475 5453
f 5477 5478 5479
f 5480 5481 5482
f 5483 5480 5482
f 4624 5484 4621
f 5485 5486 5487
f 5488 5489 5490
f 5491 4626 4885
f 5492 5493 5494
f 5495 5496 5497
f 5498 5495 5497
f 5499 5500 5501
f 5500 5502 5501
f 5503 5504 5505
f 5506 5507 5508
f 5509 5506 5508
f 5510 5511 5512
f 5513 5514 5515
f 5516 5517 5518
f 5519 5520 5521
f 5522 5523 5524
f 5525 5526 5527
f 5528 5504 5503
f 5529 5530 5531
f 5532 5533 5534
f 5535 5536 5537
f 5538 5539 5540
f 5541 5538 5540
f 5542 5543 5544
f 5545 5542 5544
f 5546 5547 5548
f 5549 5546 5548
f 5550 5551 5552
f 5553 5554 5555
f 5556 5557 5558
f 5559 5560 5561
f 5562 5563 5564
f 5550 5565 5551
f 5566 5567 5568
f 5569 5570 5571
f 5572 5573 5574
f 5575 5576 5577
f 5578 5579 5580
f 5581 5582 5583
f 5584 5585 5586
f 5587 5588 5589
f 5590 5591 5592
f 5593 5594 5595
f 5513 5596 5514
f 5597 5598 5599
f 5600 5526 5525
f 5601 3561 4279
f 5602 5603 5604
f 5605 5606 5567
f 5606 5607 5567
f 5607 5608 5567
f 5609 5610 5611
f 5612 5613 5614
f 5615 5616 5617
f 5566 5605 5567
f 3561 5618 4302
f 5619 5620 5621
f 5622 5623 5624
f 5625 5626 5627
f 5628 5629 5630
f 5629 5631 5630
f 5631 5632 5630
f 5633 5634 5635
f 5634 5636 5635
f 5637 5638 5639
f 5640 5641 5642
f 5569 5643 5570
f 5644 5645 5646
f 5647 5648 5649
f 5650 5651 5652
f 5651 5653 5652
f 5654 5655 5656
f 5657 5658 5659
f 5660 5661 5662
f 5663 5664 5665
f 5666 5667 5668
f 5669 5670 5671
f 5672 5673 5674
f 5675 5676 5677
f 5678 5675 5677
f 5679 5680 5681
f 5682 5683 5684
f 5685 5686 5687
f 5688 5638 5637
f 5689 5690 5691
f 5692 5693 5694
f 5695 5696 5697
f 5698 5699 5700
f 5701 5698 5700
f 5702 5703 5704
f 5703 5705 5704
f 5706 5707 5708
f 5657 5709 5658
f 5710 5711 5712
f 5713 5714 5715
f 5716 5713 5715
f 5717 5554 5553
f 5718 5719 5720
f 5721 5718 5720
f 5722 5723 5724
f 5723 5725 5724
f 5726 5727 5728
f 5729 5730 5731
f 5732 5733 5734
f 5735 5736 5737
f 5738 5739 5740
f 5741 5742 5743
f 5744 5741 5743
f 5745 5746 5747
f 5748 5745 5747
f 5749 5750 5751
f 5679 5752 5680
f 5753 5598 5597
f 5754 5755 5756
f 5757 5758 5759
f 5760 5696 5695
f 5761 5762 5763
f 5762 5764 5763
f 5765 5766 5767
f 5768 5769 5770
f 5771 5727 5726
f 5772 5755 5754
f 5773 5758 5757
f 5774 5775 5776
f 5777 5778 5779
f 5780 5777 5779
f 5781 5782 5783
f 5784 5785 5786
f 5787 5788 5789
f 5790 5791 5792
f 5793 5794 5795
f 5796 5797 5798
f 5799 5800 5801
f 5802 5803 5804
f 5805 5806 5807
f 5808 5809 5810
f 5710 5811 5711
f 5812 5813 5814
f 5815 5816 5817
f 5818 5819 5820
f 5821 5822 5823
f 5824 5825 5826
f 5827 5828 5829
f 5830 5769 5768
f 5706 5831 5707
f 5832 5833 5834
f 5835 5832 5834
f 5836 5837 5838
f 5749 5839 5750
f 5840 5828 5827
f 5841 5842 5843
f 5844 5841 5843
f 5845 5841 5844
f 5841 5846 5842
f 5847 5841 5845
f 5841 5848 5846
f 5849 5841 5847
f 5841 5850 5848
f 5851 5841 5849
f 5836 5852 5837
f 5853 5854 5855
f 5856 5857 5858
f 5859 5860 5861
f 5862 5863 5864
f 5863 5865 5864
f 5774 5866 5775
f 5867 5868 5869
f 5870 5871 5872
f 5873 5758 5773
f 5761 5874 5762
f 5875 5876 5877
f 5878 5879 5880
f 5881 5878 5880
f 5882 5883 5884
f 5883 5885 5884
f 5886 5887 5888
f 5887 5889 5888
f 5870 5890 5871
f 5891 5892 5893
f 5894 5895 5896
f 5897 5898 5899
f 5900 5897 5899
f 5901 5902 5903
f 5904 5905 5906
f 5907 5908 5909
f 5908 5910 5909
f 5911 5912 5913
f 5914 5915 5916
f 5917 5876 5875
f 5918 5919 5920
f 5919 5921 5920
f 5922 5923 5924
f 5925 5912 5911
f 5926 5915 5914
f 5927 5928 5929
f 5930 5931 5932
f 5933 5930 5932
f 5904 5934 5905
f 5935 5936 5937
f 5938 5939 5940
f 5941 5938 5940
f 5935 5942 5936
f 5943 5944 5945
f 5946 5947 5948
f 5949 5946 5948
f 5950 5951 5952
f 5953 5950 5952
f 5954 5955 5956
f 5957 5958 5959
f 5960 5961 5962
f 5963 5964 5965
f 5966 5967 5968
f 5969 5970 5971
f 5972 5973 5974
f 5954 5975 5955
f 5960 5976 5961
f 5977 5947 5946
f 5978 5979 5980
f 5981 5978 5980
f 5982 5983 5984
f 5985 5958 5957
f 5841 5986 5850
f 5987 5841 5851
f 5943 5988 5944
f 5989 5990 5991
f 5992 5993 5994
f 5995 5996 5997
f 5998 5983 5982
f 5999 6000 6001
f 5981 6002 5978
f 6003 6004 6005
f 6006 6007 6008
f 6009 6010 6011
f 6012 6013 6014
f 6015 6012 6014
f 6016 6017 6018
f 6019 6020 6021
f 6022 6023 6024
f 6023 6025 6024
f 6026 6027 6028
f 6029 6030 6031
f 6032 6033 6034
f 5883 6035 5885
f 6036 6032 6034
f 6037 6038 6039
f 6040 5887 5886
f 6029 6041 6030
f 6042 6043 6044
f 6045 6010 6009
f 6046 6047 6048
f 6047 6049 6048
f 6050 6051 6052
f 6051 6053 6052
f 6054 6055 6056
f 6057 6054 6056
f 6058 6059 6060
f 6061 6062 6063
f 6064 6043 6042
f 6065 6066 6067
f 6068 6069 6070
f 6071 6072 6073
f 6074 6075 6076
f 6077 6078 6079
f 6080 6081 6082
f 6083 6084 6085
f 6086 6087 6088
f 6089 6086 6088
f 6090 6091 6092
f 6093 6094 6095
f 6096 6097 6098
f 6099 6100 6101
f 6102 6103 6104
f 6105 6106 6107
f 6108 6109 6110
f 6111 6112 6113
f 6037 6114 6038
f 6115 6116 6117
f 6118 6119 6120
f 6121 6118 6120
f 6093 6122 6094
f 6123 6124 6125
f 6126 3561 5601
f 6127 6128 6129
f 6130 6131 6132
f 6058 6133 6059
f 3561 6134 5618
f 6135 6062 6061
f 6136 6137 6138
f 6050 6139 6051
f 6140 6055 6054
f 6141 6142 6143
f 6144 6141 6143
f 6123 6145 6124
f 6146 6147 6148
f 5841 6149 5986
f 6150 5841 5987
f 6146 6151 6147
f 6152 6153 6154
f 6155 6156 6157
f 6158 6159 6160
f 6161 6158 6160
f 6162 6163 6164
f 6165 6156 6155
f 6166 6167 6168
f 6167 6169 6168
f 6170 6171 6172
f 6171 6173 6172
f 6174 6175 6176
f 6177 6178 6179
f 6180 6181 6182
f 6183 6175 6174
f 6184 6163 6162
f 6185 6186 6187
f 6188 6189 6190
f 6191 6192 6193
f 6194 6195 6196
f 6197 6198 6199
f 6198 6200 6199
f 6201 6202 6203
f 6204 6205 6206
f 6205 6207 6206
f 6208 6209 6210
f 6201 6211 6202
f 6208 6212 6209
f 6213 6214 6215
f 6216 6217 6218
f 6219 6216 6218
f 6220 6221 6222
f 6223 6220 6222
f 6224 6225 6226
f 6225 6227 6226
f 6227 6228 6226
f 6229 6230 6231
f 6232 6233 6234
f 6235 6236 6237
f 6238 6239 6240
f 6241 6242 6243
f 6244 6245 6246
f 6247 6244 6246
f 6248 6249 6250
f 6251 6252 6253
f 6254 6255 6256
f 6257 6254 6256
f 6251 6258 6252
f 6259 6260 6261
f 6262 6263 6264
f 6263 6265 6264
f 6265 6266 6264
f 6267 6268 6269
f 6270 6267 6269
f 6271 6230 6229
f 6272 6273 6274
f 6275 6276 6277
f 6278 6279 6280
f 6281 6282 6283
f 6284 6281 6283
f 6259 6285 6260
f 6286 6287 6288
f 6289 6290 6291
f 6292 6293 6294
f 6295 6296 6297
f 6298 6295 6297
f 5841 6299 6149
f 6300 5841 6150
f 6286 6301 6287
f 6302 6303 6304
f 6305 6293 6292
f 6306 6307 6308
f 6307 6309 6308
f 6310 6311 6312
f 6313 6314 6315
f 6316 6317 6318
f 6319 6320 6321
f 6322 6323 6324
f 6325 6326 6327
f 6328 6217 6216
f 6329 6303 6302
f 6330 6331 6332
f 6333 6334 6335
f 6336 6337 6338
f 6339 6340 6341
f 6340 6342 6341
f 6343 6344 6345
f 6346 6347 6348
f 6349 6350 6351
f 6352 6344 6343
f 6353 6354 6355
f 6356 6357 6358
f 6357 6359 6358
f 6360 6361 6362
f 6363 6364 6365
f 6364 6366 6365
f 6360 6367 6361
f 6368 6369 6370
f 6369 6371 6370
f 6372 6268 6267
f 6373 6374 6375
f 6376 6377 6378
f 6379 6380 6381
f 6382 6373 6375
f 6383 6384 6385
f 6386 6387 6388
f 6389 6390 6391
f 6392 6393 6394
f 6395 6396 6397
f 6398 6399 6400
f 6401 6366 6364
f 6402 6403 6404
f 6405 6406 6407
f 6408 6409 6410
f 6411 6412 6413
f 6368 6414 6369
f 6415 6416 6417
f 6418 6419 6420
f 6421 6422 6423
f 6424 6425 6426
f 6427 6428 6429
f 6430 6431 6432
f 6433 6430 6432
f 6434 6435 6436
f 6437 6438 6439
f 6440 6441 6442
f 6443 6444 6445
f 6446 6447 6448
f 6449 6450 6451
f 6452 6453 6454
f 6455 6456 6457
f 6458 6455 6457
f 6437 6459 6438
f 6460 6461 6462
f 6463 6464 6465
f 6466 6463 6465
f 6460 6467 6461
f 6468 6469 6470
f 6471 6472 6473
f 6474 6475 6476
f 6477 6478 6479
f 6389 6480 6390
f 6481 6482 6483
f 6484 6485 6486
f 6487 6488 6489
f 6490 6487 6489
f 6491 3561 6126
f 6492 6493 6494
f 3561 6495 6134
f 6496 6497 6498
f 6499 6350 6349
f 6500 6501 6502
f 6339 6503 6340
f 6504 6344 6352
f 6505 6506 6507
f 6506 6508 6507
f 6509 6478 6477
f 6510 6511 6512
f 6511 6513 6512
f 6513 6514 6512
f 6515 6516 6517
f 6518 6519 6520
f 6521 6522 6523
f 6524 6525 6526
f 6527 6528 6529
f 6530 6531 6532
f 6533 6534 6535
f 6536 6537 6538
f 6539 6540 6541
f 6542 6543 6544
f 6545 6546 6547
f 6548 6549 6550
f 6551 6552 6553
f 6554 6555 6556
f 6557 6558 6559
f 6560 6561 6562
f 6561 6563 6562
f 6563 6564 6562
f 6565 6566 6567
f 6568 6569 6570
f 6571 6572 6573
f 6574 6575 6576
f 6575 6577 6576
f 6578 6579 6580
f 6581 6582 6583
f 6582 6584 6583
f 6585 6586 6587
f 6586 6588 6587
f 6589 6590 6591
f 5841 6592 6299
f 6593 5841 6300
f 6468 6594 6469
f 6595 6596 6597
f 6598 6599 6600
f 6599 6601 6600
f 6602 6566 6565
f 6603 6604 6605
f 6606 6607 6608
f 6609 6606 6608
f 6610 6611 6612
f 6611 6613 6612
f 6614 6615 6616
f 6617 6618 6619
f 6620 6621 6622
f 6623 6624 6625
f 6626 6627 6628
f 6629 6516 6515
f 6630 6631 6632
f 6631 6633 6632
f 6634 6635 6636
f 6637 6638 6639
f 6640 6508 6506
f 6641 6642 6643
f 6644 6645 6646
f 6647 6644 6646
f 6637 6648 6638
f 6649 6650 6651
f 6652 6653 6654
f 6655 6656 6657
f 6658 6655 6657
f 6659 6660 6661
f 6662 6663 6664
f 6665 6666 6664
f 6666 6662 6664
f 6667 6668 6669
f 6649 6670 6650
f 6671 6672 6673
f 6674 6675 6676
f 6677 6678 6679
f 6680 6677 6679
f 6681 6682 6683
f 6684 6685 6686
f 6687 6684 6686
f 6681 6688 6682
f 6689 6690 6691
f 6692 6693 6694
f 6695 6696 6697
f 6698 6699 6700
f 6701 6702 6703
f 6704 6705 6706
f 6707 6708 6709
f 6710 6711 6712
f 6711 6713 6712
f 6714 6715 6716
f 6717 6718 6719
f 6720 6721 6722
f 6496 6723 6724
f 6725 6726 6727
f 6728 6729 6730
f 6731 6732 6733
f 6734 6735 6736
f 6737 6738 6739
f 6740 6741 6742
f 6743 6744 6745
f 6746 6747 6748
f 6749 6750 6751
f 6752 6753 6754
f 6755 6756 6757
f 6758 6759 6760
f 6759 6761 6760
f 6762 6718 6717
f 6763 6764 6765
f 6766 6764 6763
f 6767 6768 6769
f 6770 6771 6772
f 6773 6774 6775
f 6496 6776 6723
f 6777 6778 6779
f 6780 6781 6782
f 6783 6777 6779
f 6784 6785 6786
f 6787 6788 6789
f 6790 6718 6762
f 6496 6791 6776
f 6792 6793 6794
f 6795 6796 6797
f 6798 6795 6797
f 6689 6799 6690
f 6800 6801 6802
f 6803 6493 6804
f 6805 6806 6807
f 6808 6809 6810
f 6811 6812 6813
f 6814 6815 6816
f 6817 6818 6819
f 6820 6821 6822
f 6823 6824 6825
f 6826 6827 6828
f 6829 6493 6803
f 6830 6831 6832
f 6833 6834 6835
f 6836 6837 6838
f 6839 6840 6841
f 6842 6839 6841
f 6843 6844 6845
f 6846 6847 6848
f 6847 6849 6848
f 6850 6851 6852
f 6851 6853 6852
f 6496 6854 6791
f 6855 6856 6857
f 6858 6859 6860
f 6861 6862 6863
f 6864 6865 6866
f 6867 6868 6869
f 6870 6871 6872
f 6873 6874 6875
f 6876 6877 6878
f 6879 6880 6881
f 6882 6883 6884
f 6885 6886 6887
f 6888 6889 6890
f 6891 6892 6893
f 6894 6895 6896
f 6897 6898 6899
f 6900 6901 6902
f 6903 6904 6905
f 6906 6907 6908
f 6909 6910 6911
f 6912 6913 6914
f 6915 6916 6917
f 5841 6918 6592
f 6919 5841 6593
f 6800 6920 6801
f 6921 6922 6923
f 6912 6924 6913
f 6925 6926 6927
f 6928 6929 6930
f 6931 6932 6933
f 6934 6935 6936
f 6937 6938 6939
f 6940 6941 6942
f 6943 6944 6945
f 6946 6947 6948
f 6947 6949 6948
f 6950 6951 6952
f 6953 6954 6955
f 6956 6957 6958
f 6959 6960 6961
f 6962 6963 6964
f 6962 6965 6963
f 6966 6967 6968
f 6967 6969 6968
f 6970 6971 6972
f 6973 6974 6975
f 6976 6977 6972
f 6978 6979 6980
f 6981 6982 6983
f 6984 6985 6986
f 6987 6988 6989
f 6990 6991 6992
f 6993 6994 6995
f 6974 6996 6997
f 6998 6999 7000
f 7001 7002 7003
f 7004 6985 6984
f 6987 7005 6988
f 7006 7007 7008
f 7007 7009 7008
f 7009 7010 7008
f 7010 7011 7008
f 7012 7013 7014
f 7015 7016 7017
f 7018 7019 7020
f 7021 7022 7023
f 7024 7025 7026
f 7027 7028 7029
f 7030 7031 7032
f 7033 6978 7034
f 7035 7036 7037
f 7038 7039 7040
f 6993 7041 6994
f 7042 7043 7044
f 7045 7046 7047
f 7048 7049 7050
f 7051 7052 7053
f 7054 7055 7056
f 7057 7058 7059
f 7060 7061 7062
f 7063 7064 7065
f 7066 7067 7068
f 7069 7070 7071
f 7072 7073 7074
f 6894 7075 6895
f 7076 7077 7078
f 6906 7079 6907
f 7079 7080 6907
f 7081 7082 7083
f 7084 7085 7086
f 7087 7088 7089
f 7090 7087 7089
f 7091 7092 7093
f 7094 7095 7096
f 7097 7098 7099
f 7100 7101 7102
f 7103 7104 7105
f 7106 7107 7108
f 7109 7110 7111
f 7112 7113 7114
f 7115 7116 7117
f 7118 7119 7120
f 7118 7121 7119
f 7121 7122 7119
f 7123 7124 7125
f 7126 7101 7100
f 7127 7128 7129
f 7130 7131 7132
f 7133 7134 7135
f 7136 7137 7138
f 7139 7140 7141
f 7142 7143 7144
f 7145 7146 7147
f 7148 7149 7150
f 7151 7152 7153
f 7154 7155 7156
f 7157 7158 7159
f 7160 7161 7162
f 7163 7113 7112
f 7164 7165 7166
f 7167 7168 7169
f 7170 7163 7112
f 7171 7172 7173
f 7174 7175 7176
f 7177 7178 7179
f 7180 7181 7182
f 7183 7184 7185
f 7186 7187 7188
f 7189 7110 7109
f 7190 7191 7192
f 7193 7194 7195
f 7196 7190 7192
f 7197 7198 7199
f 7127 7200 7128
f 7201 7202 7203
f 7204 7104 7103
f 7205 7204 7103
f 7206 7207 7208
f 7209 7210 7211
f 7212 7213 7214
f 7215 7216 7217
f 7218 7219 7220
f 7221 7222 7223
f 7224 7225 7226
f 7225 7227 7226
f 7228 7229 7230
f 7231 7232 7233
f 7234 7235 7236
f 7237 7238 7239
f 7238 7240 7239
f 7241 7242 7243
f 7244 7245 7246
f 7247 7248 7249
f 7250 7251 7252
f 7253 7254 7255
f 7256 7257 7258
f 7259 7260 7261
f 7262 7260 7259
f 7263 7264 7265
f 7241 7266 7242
f 7267 7245 7244
f 7268 7269 7270
f 7271 7272 7273
f 7274 7268 7270
f 7204 7275 7104
f 7276 7277 7278
f 7279 7280 7281
f 7282 7283 7284
f 7285 7286 7287
f 7288 7207 7206
f 7289 7290 7291
f 7292 7293 7294
f 7295 7296 7297
f 7298 7299 7300
f 7301 7302 7303
f 7304 7305 7306
f 7307 7308 7309
f 7310 7311 7312
f 7313 7314 7315
f 7316 7317 7318
f 7317 7319 7318
f 7320 7321 7322
f 7323 7232 7231
f 7324 7325 7326
f 7327 7328 7329
f 7330 7331 7332
f 7333 7334 7335
f 7336 7337 7338
f 7339 7340 7341
f 7342 7343 7344
f 7345 7346 7347
f 7348 7349 7350
f 7349 7351 7350
f 7352 7353 7354
f 7355 7356 7357
f 7358 7359 7360
f 7356 7361 7357
f 7362 7363 7364
f 7365 7366 7367
f 7368 7369 7370
f 7371 7372 7373
f 7374 7375 7376
f 7377 7378 7379
f 7380 7381 7382
f 7381 7383 7382
f 7384 7385 7386
f 7387 7388 7389
f 7390 7391 7392
f 7393 7394 7395
f 7396 7397 7398
f 7399 7400 7212
f 7400 7213 7212
f 7401 7402 7403
f 7404 7405 7398
f 7397 7404 7398
f 7406 7407 7408
f 7409 7410 7411
f 7288 7412 7207
f 7413 7414 7415
f 7416 7413 7415
f 7417 7418 7286
f 7285 7417 7286
f 7419 7420 7210
f 7421 7413 7416
f 7422 7423 7424
f 7209 7419 7210
f 7425 7394 7393
f 7426 7425 7393
f 7417 7427 7428
f 7429 7430 7431
f 7432 7433 7434
f 7387 7435 7388
f 7436 7437 7438
f 7439 7440 7441
f 7440 7442 7441
f 7442 7443 7441
f 7444 7445 7446
f 7447 7448 7449
f 7450 7451 7452
f 7453 7454 7455
f 7456 7457 7458
f 7459 7460 7461
f 7462 7463 7464
f 7465 7462 7464
f 7466 7467 7468
f 7469 7470 7471
f 7470 7472 7471
f 7473 7474 7475
f 7476 7477 7478
f 7479 7480 7481
f 7482 7483 7484
f 7485 7463 7462
f 7465 7485 7462
f 7486 7487 7488
f 7489 7490 7491
f 7492 7493 7494
f 7495 7496 7497
f 7498 7499 7500
f 7501 7502 7503
f 7504 7505 7506
f 7507 7508 7509
f 7510 7511 7512
f 7513 7514 7515
f 7516 7517 7518
f 7517 7519 7518
f 7520 7521 7522
f 7523 7524 7525
f 7526 7527 7528
f 7529 7530 7531
f 7532 7533 7534
f 7535 7536 7537
f 7538 7539 7540
f 7541 7542 7543
f 7544 7545 7546
f 7547 7548 7549
f 7550 7551 7552
f 7553 7554 7555
f 7556 7557 7558
f 7559 7560 7538
f 7560 7539 7538
f 7561 7562 7545
f 7563 7561 7545
f 7544 7563 7545
f 7564 7565 7566
f 7567 7568 7569
f 7570 7571 7572
f 7573 7574 7559
f 7574 7560 7559
f 7575 7576 7577
f 7578 7579 7580
f 7581 7582 7583
f 7584 7585 7586
f 7587 7588 7589
f 7590 7591 7592
f 7593 7594 7595
f 7596 7597 7598
f 7599 7600 7601
f 7602 7603 7604
f 7605 7606 7607
f 7608 7605 7607
f 7609 7610 7611
f 7612 7613 7614
f 7615 7616 7617
f 7618 7619 7620
f 7621 7622 7623
f 7624 7625 7626
f 7627 7628 7629
f 7630 7631 7632
f 7633 7634 7635
f 7636 7637 7638
f 7639 7640 7641
f 7642 7639 7641
f 7609 7643 7610
f 7644 7645 7646
f 7615 7647 7616
f 7648 7649 7650
f 7651 7652 7653
f 7654 7655 7656
f 7657 7658 7659
f 7660 7661 7662
f 7663 7664 7665
f 7666 7667 7668
f 7669 7670 7671
f 7672 7673 7674
f 7675 7676 7677
f 7678 7679 7680
f 7681 7682 7683
f 7684 7685 7686
f 7687 7688 7689
f 7690 7691 7692
f 7693 7694 7695
f 7696 7697 7698
f 7699 7700 7701
f 7700 7702 7701
f 7702 7703 7701
f 7704 7699 7701
f 7705 7706 7707
f 7708 7709 7710
f 7681 7711 7682
f 7712 7699 7704
f 7681 7713 7711
f 7714 7715 7712
f 7715 7699 7712
f 7716 7717 7713
f 7718 7716 7713
f 7681 7718 7713
f 7719 7720 7721
f 7722 7723 7724
f 7725 7726 7727
f 7716 7728 7717
f 7729 7730 7731
f 7732 7733 7734
f 7735 7736 7737
f 7738 7739 7740
f 7741 7738 7740
f 7644 7742 7645
f 7743 7744 7745
f 7746 7747 7748
f 7726 7749 7750
f 7751 7752 7729
f 7753 7754 7755
f 7756 7757 7758
f 7759 7760 7761
f 7762 7757 7756
f 7763 7764 7765
f 7764 7766 7765
f 7767 7768 7747
f 7769 7763 7765
f 7767 7770 7768
f 7771 7772 7773
f 7774 7775 7776
f 7777 7778 7779
f 7780 7781 7782
f 7783 7784 7785
f 7786 7783 7785
f 7787 7788 7789
f 7790 7791 7792
f 7793 7794 7795
f 7796 7797 7798
f 7799 7800 7801
f 7802 7803 7678
f 7804 7805 7806
f 7807 7757 7762
f 7808 7759 7809
f 7810 7811 7812
f 7813 7814 7815
f 7816 7808 7809
f 7817 7818 7788
f 7819 7820 7821
f 7822 7823 7810
f 7824 7825 7826
f 7825 7813 7826
f 7817 7827 7818
f 7828 7829 7830
f 7831 7832 7833
f 7834 7835 7836
f 7837 7838 7839
f 7820 7837 7839
f 7840 7823 7822
f 7841 7842 7843
f 7844 7845 7846
f 7847 7848 7849
f 7850 7851 7852
f 7853 7854 7855
f 7856 7857 7858
f 7859 7860 7858
f 7860 7861 7858
f 7861 7856 7858
f 7862 7863 7864
f 7863 7865 7864
f 7865 7866 7864
f 7867 7868 7869
f 7868 7870 7869
f 7871 7872 7869
f 7872 7873 7869
f 7873 7867 7869
f 7874 7875 7876
f 7877 7878 7879
f 7880 7881 7879
f 7881 7882 7879
f 7882 7877 7879
f 7866 7883 7880
f 7883 7881 7880
f 7868 7859 7870
f 7868 7860 7859
f 7865 7884 7866
f 7884 7883 7866
f 7885 7832 7831
f 7886 7887 7888
f 7889 7886 7888
f 7890 7891 7892
f 7893 7894 7895
f 7896 7897 7898
f 7899 7900 7901
f 7902 7903 7904
f 7905 7906 7907
f 7908 7909 7910
f 7911 7912 7913
f 7914 7915 7916
f 7917 7918 7919
f 7920 7921 7922
f 7923 7924 7925
f 7926 7927 7928
f 7929 7930 7931
f 7932 7933 7934
f 7935 7936 7937
f 7905 7938 7906
f 5841 7939 6918
f 7940 5841 6919
f 7743 7941 7744
f 7942 7943 7944
f 7945 7946 7947
f 7948 7949 7950
f 7951 7952 7953
f 7954 7955 7956
f 7957 7958 7959
f 7960 7961 7962
f 7963 7964 7965
f 7966 7967 7968
f 7969 7970 7971
f 7972 7973 7974
f 7975 7976 7977
f 7978 7979 7980
f 7981 7982 7983
f 7984 7985 7986
f 7987 7988 7989
f 7990 7991 7992
f 7993 7994 7995
f 7996 7997 7998
f 7999 7996 7998
f 8000 8001 8002
f 8003 8004 8005
f 8006 8007 8008
f 8009 8010 8011
f 8012 8013 8014
f 8015 8016 8017
f 8018 8019 8020
f 8021 8022 8023
f 8024 8025 8026
f 8027 8028 8029
f 8030 8031 8032
f 8033 8034 8035
f 8036 8037 8038
f 8039 8040 8041
f 8042 8043 8044
f 8045 8046 8047
f 8048 8049 8050
f 8051 8052 8053
f 8054 8055 8056
f 8057 8058 8059
f 8060 8061 8062
f 8063 8064 8065
f 8066 8067 8068
f 8069 8070 8071
f 8072 8073 8074
f 8075 8076 8077
f 8078 8079 8080
f 8081 8082 8083
f 8084 8085 8086
f 8087 8088 8089
f 8090 8091 8092
f 8093 8094 8095
f 8096 8097 8098
f 8099 8100 8101
f 8102 8103 8104
f 8105 8106 8107
f 8108 8109 8110
f 8111 8112 8113
f 8114 8115 8116
f 8117 8118 8119
f 8120 8121 8122
f 7560 8123 7539
f 8124 8125 8126
f 8127 7563 7544
f 8128 3561 6491
f 8129 8130 8131
f 8132 8129 8131
f 3561 8133 6495
f 8134 8135 8136
f 8135 8137 8136
f 8138 8139 8140
f 8141 8138 8140
f 8142 8143 8144
f 8145 8146 8147
f 8148 8149 8150
f 8151 8152 8153
f 8154 8155 8156
f 8157 8004 8003
f 8158 8159 8160
f 8161 8162 8163
f 8164 8165 8166
f 8167 8168 8169
f 8170 8171 8172
f 8173 8174 8175
f 8176 8177 8178
f 8179 8180 8181
f 8182 8183 8184
f 8185 8177 8176
f 8186 8187 8188
f 8189 8190 8179
f 8190 8180 8179
f 5841 8191 7939
f 8192 8193 8194
f 8195 8196 8197
f 7828 8198 7829
f 7885 8199 7832
f 8200 8201 8202
f 8203 8204 8205
f 8206 8207 8052
f 8208 7946 7945
f 8209 8210 8211
f 8212 8213 8214
f 8215 8212 8214
f 8216 8217 8218
f 8219 8220 8221
f 8222 8223 8224
f 8225 8226 8227
f 8228 8229 8230
f 8231 8228 8230
f 8200 8232 8201
f 8233 8234 8235
f 8236 8237 8238
f 8239 8240 8241
f 8242 8243 8244
f 8245 8246 8247
f 8248 8249 8250
f 8251 8248 8250
f 8237 8252 8253
f 8254 8255 8256
f 8257 8258 8259
f 8260 8261 8262
f 8263 8264 8265
f 8266 8267 8268
f 8269 8270 8271
f 8272 8273 8255
f 8274 8275 8276
f 8277 8278 8279
f 8280 5841 7940
f 8233 8281 8234
f 8282 8283 8284
f 8272 8285 8273
f 8286 8287 8288
f 8289 8290 8291
f 8292 8293 8294
f 8282 8295 8283
f 8296 8297 8298
f 8299 8001 8000
f 8300 8301 8302
f 8303 8304 8305
f 8306 8307 8308
f 8309 8310 8311
f 8312 8313 8314
f 8315 8316 8317
f 8318 8319 8320
f 8318 8321 8319
f 8322 8323 8324
f 8325 8326 8327
f 8328 8329 8330
f 8331 8332 8333
f 8286 8334 8287
f 8335 8336 8337
f 8338 8339 8340
f 8322 8341 8323
f 8342 8343 8344
f 8345 8346 8347
f 8348 8349 8303
f 8350 8351 8352
f 8351 8353 8352
f 8354 5841 8280
f 8342 8355 8343
f 8356 8357 8358
f 8334 8359 8360
f 8361 8362 8363
f 8364 8365 8366
f 8367 8368 8369
f 8370 8367 8369
f 8371 8372 8373
f 8372 8374 8373
f 8375 8367 8370
f 8376 8377 8378
f 8372 8379 8374
f 8380 8381 8382
f 8383 8384 8385
f 8359 8386 8387
f 8388 8389 8390
f 8389 8364 8390
f 8391 8375 8392
f 8393 8394 8376
f 8379 8395 8396
f 8397 8398 8381
f 8399 8393 8384
f 8400 8401 8402
f 8398 8403 8404
f 8405 8406 8407
f 8401 8391 8408
f 8395 8405 8409
f 8410 7942 8411
f 8412 8413 8414
f 8413 8415 8414
f 8416 8417 8418
f 8419 8420 8421
f 8204 8422 8423
f 8424 8425 8426
f 8427 8428 8429
f 8430 8431 8432
f 8433 8430 8432
f 8434 8433 8432
f 8435 8436 8437
f 8436 8438 8437
f 8438 8439 8437
f 8440 8433 8434
f 8438 8441 8439
f 8441 8442 8439
f 8442 8443 8439
f 8443 8444 8439
f 8445 8433 8440
f 8443 8446 8444
f 8447 8448 8445
f 8448 8449 8445
f 8450 8433 8445
f 8449 8450 8445
f 8443 8451 8446
f 8452 8453 8454
f 8430 8455 8431
f 8456 8457 8458
f 8459 8460 8461
f 8443 8462 8451
f 8463 8464 8465
f 8466 8463 8465
f 8467 8460 8459
f 8468 8469 8470
f 8471 8472 8473
f 8472 8474 8473
f 8475 8469 8468
f 8476 8477 8478
f 8479 8480 8481
f 8480 8482 8481
f 8483 8477 8476
f 8484 8485 8486
f 8487 8488 8489
f 8488 8490 8489
f 8354 8491 5841
f 8492 8485 8484
f 8493 8491 8354
f 8494 8495 8496
f 8452 8497 8453
f 8498 8457 8456
f 8499 8500 8501
f 8502 8503 8504
f 8505 8506 8507
f 8508 8509 8510
f 8511 8512 8513
f 8514 8515 8516
f 8517 8518 8519
f 8520 8521 8507
f 8494 8522 8495
f 8523 8524 8525
f 8526 8500 8499
f 8527 8528 8529
f 8530 8531 8532
f 8533 8534 8535
f 8536 8537 8538
f 8539 8540 8541
f 8542 8543 8544
f 8545 8546 8547
f 8548 8549 8550
f 8551 8552 8553
f 8427 8554 8428
f 8555 8551 8553
f 8556 8546 8545
f 8548 8557 8549
f 8558 8559 8560
f 8561 8562 8549
f 8563 8564 8565
f 8566 8558 8567
f 8568 8569 8570
f 8571 8572 8573
f 8574 8575 8576
f 8577 8578 8579
f 8580 8577 8579
f 8581 8582 8569
f 8583 8584 8585
f 8584 8586 8585
f 8563 8587 8588
f 8518 8589 8590
f 8591 8592 8593
f 8594 8595 8596
f 8597 8598 8599
f 8600 8601 8602
f 8603 8604 8605
f 8606 8603 8605
f 8607 8608 8591
f 8609 8610 8611
f 8612 8613 8614
f 8615 8524 8616
f 8617 8618 8619
f 8620 8621 8622
f 8621 8623 8622
f 8624 8595 8594
f 8625 8626 8627
f 8597 8628 8598
f 8629 8625 8627
f 8600 8630 8601
f 8631 8632 8633
f 8632 8634 8633
f 8635 8636 8637
f 8638 8639 8640
f 8641 8642 8643
f 8644 8645 8640
f 8646 8647 8648
f 8649 8641 8650
f 8651 8652 8653
f 8654 8636 8635
f 8655 8656 8652
f 8646 8657 8658
f 8659 8660 8661
f 8662 8663 8664
f 8665 8666 8667
f 8668 8669 8670
f 8671 8672 8673
f 7867 7873 7868
f 8674 8675 8676
f 8677 8678 8679
f 8680 8681 8682
f 8683 8672 8671
f 8684 8685 8686
f 8687 8688 8689
f 8690 8691 8692
f 8691 8693 8692
f 8694 8695 8696
f 8697 7878 7877
f 8698 3561 8128
f 8699 8700 8701
f 8702 8703 8704
f 8705 8706 8707
f 8708 8709 8710
f 3561 8711 8133
f 8712 8713 8714
f 8715 8716 8717
f 8718 8719 8720
f 8721 8722 8723
f 8724 8725 8726
f 8687 8727 8688
f 8728 8685 8684
f 8729 8695 8694
f 8730 8729 8694
f 8731 8732 8733
f 8691 8734 8693
f 8734 8735 8693
f 8736 8737 8738
f 8739 8740 8741
f 8742 8743 8744
f 8745 8729 8730
f 8746 8745 8730
f 8747 8748 8749
f 8750 8748 8747
f 8751 8752 8735
f 8753 8751 8735
f 8734 8753 8735
f 8754 8755 8756
f 8757 8758 8759
f 8760 8745 8746
f 8761 8762 8763
f 8764 8762 8761
f 8765 8766 8752
f 8751 8765 8752
f 8767 8768 8760
f 8768 8745 8760
f 8769 8770 8771
f 8772 8773 8774
f 8775 8776 8777
f 8778 3561 8698
f 8779 8780 8781
f 8772 8782 8773
f 3561 8783 8711
f 8784 8785 8786
f 8787 8788 8789
f 8790 8791 8792
f 8793 8794 8795
f 8796 8797 8798
f 8799 8800 8801
f 8802 8803 8804
f 8805 8806 8807
f 8808 8809 8810
f 8811 8812 8766
f 8765 8811 8766
f 8813 8814 8767
f 8814 8768 8767
f 8815 8816 8817
f 8818 8819 8820
f 8821 8822 8823
f 8824 8825 8826
f 8827 8828 8829
f 8830 8831 8813
f 8831 8814 8813
f 8832 8833 8834
f 8811 8835 8812
f 8836 8837 8838
f 8839 8840 8841
f 8842 8783 3561
f 8843 8842 3561
f 8844 8843 3561
f 8845 8844 3561
f 8846 8845 3561
f 8847 8846 3561
f 8848 8847 3561
f 8849 8848 3561
f 8850 8849 3561
f 8851 8850 3561
f 8852 8851 3561
f 8853 8852 3561
f 8854 8853 3561
f 8855 8854 3561
f 8856 8855 3561
f 8778 8856 3561
f 8857 8858 8859
f 8860 8861 8862
f 8863 8864 8865
f 8866 8867 8868
f 8869 8870 8871
f 8872 8873 8874
f 8875 8876 8877
f 8878 8879 8880
f 8881 8882 8883
f 8884 8885 8886
f 8887 8888 8889
f 8890 8891 8892
f 8893 8894 8895
f 8896 8897 8898
f 8899 8900 8901
f 8875 8902 8876
f 8903 8904 8905
f 8906 8907 8908
f 8909 8910 8911
f 8912 8913 8914
f 8915 8916 8917
f 8918 8910 8909
f 8919 8920 8921
f 8922 8923 8924
f 8925 8926 8927
f 8928 8929 8930
f 8931 8929 8928
f 8932 8933 8934
f 8935 8936 8937
f 8938 8939 8940
f 8941 8942 8943
f 8944 8945 8946
f 8947 8948 8949
f 8948 8950 8949
f 8951 8952 8953
f 8954 8955 8956
f 8957 8958 8959
f 8960 8961 8962
f 8963 8964 8965
f 8954 8966 8955
f 8967 8968 8969
f 8970 8971 8972
f 8973 8974 8975
f 8976 8977 8978
f 8979 8945 8944
f 8980 8981 8982
f 8983 8984 8985
f 8986 8983 8985
f 8987 8988 8989
f 8990 8991 8992
f 8988 8993 8989
f 7871 8994 7872
f 8995 7878 8697
f 8996 8995 8697
f 8997 8998 8999
f 9000 9001 9002
f 9003 9004 9005
f 9006 8981 8980
f 9007 9008 9009
f 7871 9010 8994
f 8996 7878 8995
f 9011 9012 9010
f 7871 9011 9010
f 9013 7878 8996
f 9014 9013 8996
f 9015 9014 8996
f 9011 9016 9012
f 9016 9017 9012
f 9016 9018 9017
f 9019 9014 9015
f 9020 9019 9015
f 9021 9022 9023
f 9024 9025 9026
f 9027 9028 9023
f 9029 9030 9031
f 9032 9033 9034
f 9035 9036 9037
f 9038 9039 9022
f 9025 9040 9041
f 9042 9043 9029
f 9044 9032 9045
f 9046 9047 9039
f 9040 9048 9049
f 9050 9051 9042
f 9052 9044 9053
f 9054 9055 9056
f 9057 9054 9056
f 9058 9059 9060
f 9061 9062 9036
f 9063 9064 9047
f 9046 9063 9047
f 9065 9066 9050
f 9067 9052 9068
f 9069 9070 9071
f 9072 9073 9057
f 9074 9075 9076
f 9077 9078 9062
f 9079 9080 9081
f 9082 9079 9081
f 9083 9084 9065
f 9084 9066 9065
f 9085 9086 9087
f 9088 9089 9090
f 9091 9092 9093
f 9077 9094 9078
f 9095 9096 9097
f 9098 9099 9100
f 9101 9102 9103
f 9104 9105 9106
f 9107 9108 9109
f 9110 9111 9112
f 9113 9114 9115
f 9091 9116 9092
f 9117 9118 9119
f 9120 9121 9122
f 9123 9124 9125
f 9126 9127 9128
f 9129 9130 9131
f 9132 9104 9133
f 9134 9135 9136
f 9137 9138 9139
f 9140 9141 9142
f 9143 9144 9145
f 9146 9147 9018
f 9016 9146 9018
f 9148 9019 9020
f 9149 9150 9151
f 9152 9153 9154
f 9155 9156 9157
f 9116 9158 9159
f 9160 9161 9162
f 9163 9164 9165
f 9166 9167 9156
f 9168 9169 9170
f 9171 9172 9173
f 9174 9175 9176
f 9177 9178 9179
f 9180 9181 9182
f 9183 9184 9185
f 9186 9187 9188
f 9189 9190 9191
f 9192 9193 9194
f 9195 9196 9197
f 9198 9199 9200
f 9201 9202 9203
f 9204 9205 9206
f 9207 9208 9209
f 9210 9211 9212
f 9213 9214 9215
f 9216 9217 9218
f 9219 9220 9221
f 9222 9219 9221
f 9223 9224 9225
f 9226 9227 9228
f 9229 9226 9228
f 9223 9230 9224
f 9231 9232 9233
f 9234 9235 9236
f 9237 9234 9236
f 9231 9238 9232
f 9239 9240 9241
f 8493 9242 8491
f 9243 9244 8493
f 9244 9245 8493
f 9245 9246 8493
f 9247 9248 8493
f 9248 9249 8493
f 9249 9250 8493
f 9250 9251 8493
f 9251 9252 8493
f 9252 9253 8493
f 9253 9254 8493
f 9254 9242 8493
f 9255 9256 8493
f 9256 9257 8493
f 9257 9243 8493
f 9246 9258 8493
f 9258 9259 8493
f 9259 9260 8493
f 9260 9261 8493
f 9261 9262 8493
f 9262 9263 8493
f 9263 9264 8493
f 9264 9265 8493
f 9265 9247 8493
f 9239 9266 9240
f 9267 9268 9269
f 9270 9271 9272
f 9273 9274 9275
f 9276 9277 9278
f 9279 9280 9281
f 9282 9283 9284
f 9283 9285 9284
f 9286 9287 9288
f 9289 9290 9291
f 9292 9289 9291
f 9293 9294 9285
f 9283 9293 9285
f 9295 9289 9292
f 9296 9295 9292
f 9297 9296 9292
f 9298 9299 9300
f 9301 9302 9303
f 9304 9305 9306
f 9307 9308 9309
f 9310 9311 9312
f 9313 9314 9315
f 9316 9317 9318
f 9319 9320 9321
f 9322 9323 9324
f 9325 9326 9327
f 9328 9329 9330
f 9331 9332 9333
f 9334 9335 9336
f 9337 9338 9339
f 9340 9341 9342
f 9343 9344 9345
f 9346 9347 9348
f 9349 9350 9351
f 9352 9353 9354
f 9355 9356 9357
f 9358 9359 9360
f 9361 9362 9363
f 9364 9365 9366
f 9367 9368 9369
f 9370 9371 9372
f 9373 9374 9375
f 9376 9377 9378
f 9379 9380 9381
f 9382 9383 9384
f 9385 9386 9387
f 9388 9389 9390
f 9391 9392 9393
f 9394 9395 9396
f 9397 9398 9399
f 9400 9401 9402
f 9403 9404 9405
f 9406 9407 9408
f 9409 9410 9411
f 9412 9413 9414
f 9415 9416 9417
f 9418 9419 9420
f 9421 9422 9423
f 9424 9425 9426
f 9427 9428 9429
f 9430 9431 9432
f 9415 9433 9416
f 9434 9435 9436
f 9437 9438 9439
f 9440 9441 9442
f 9443 9444 9445
f 9446 9447 9448
f 9449 9450 9451
f 9452 9453 9454
f 9455 9452 9454
f 9430 9456 9431
f 9457 9458 9459
f 9460 9447 9446
f 9461 9462 9463
f 9464 9465 9466
f 9467 9464 9466
f 9183 9468 9184
f 9469 9470 9471
f 9472 9473 9474
f 9475 9450 9449
f 9476 9477 9478
f 9479 9480 9481
f 9482 9483 9484
f 9485 9486 9487
f 9488 9489 9490
f 9491 9492 9493
f 9492 9494 9493
f 9495 9496 9497
f 9498 9499 9500
f 9501 9502 9503
f 9504 9505 9506
f 9507 9482 9508
f 9509 9510 9511
f 9512 9513 9514
f 9515 9516 9517
f 9518 9519 9520
f 9521 9522 9523
f 9524 9525 9526
f 9527 9528 9529
f 9530 9531 9532
f 9533 9534 9535
f 9536 9537 9538
f 9537 9539 9538
f 9540 9541 9542
f 9543 9544 9545
f 9546 9547 9548
f 9530 9549 9531
f 9550 9551 9552
f 9501 9553 9502
f 9554 9555 9556
f 9555 9557 9556
f 9558 9559 9560
f 9561 9562 9563
f 9564 9565 9566
f 9567 9568 9569
f 9570 9571 9572
f 9573 9574 9575
f 9576 9577 9578
f 9515 9579 9516
f 9580 9452 9455
f 9581 9582 9583
f 9550 9584 9551
f 9570 9585 9571
f 9586 9557 9555
f 9587 9588 9589
f 9590 9591 9592
f 9591 9593 9592
f 9594 9458 9457
f 9595 9596 9597
f 9598 9599 9600
f 9601 9602 9603
f 9581 9604 9582
f 9605 9606 9607
f 9608 9609 9610
f 9611 9612 9613
f 9614 9615 9616
f 9617 9618 9619
f 9620 9621 9622
f 9623 9019 9148
f 9624 9625 9626
f 9627 9628 9629
f 9630 9631 9632
f 9633 9634 9635
f 9636 9637 9638
f 9639 9640 9641
f 9642 9643 9644
f 9643 9645 9644
f 9646 9647 9648
f 9649 9650 9651
f 9650 9652 9651
f 9652 9653 9651
f 9653 9654 9651
f 9655 9656 9651
f 9657 9658 9659
f 9660 9661 9662
f 9663 9664 9665
f 9666 9667 9668
f 9669 9670 9671
f 9672 9673 9674
f 9673 9675 9674
f 9675 9676 9674
f 9677 9678 9679
f 9678 9680 9679
f 9681 9682 9683
f 9684 9685 9686
f 9687 9688 9689
f 9688 9690 9689
f 9691 9692 9693
f 9694 9695 9696
f 9697 9698 9679
f 9146 9699 9147
f 9283 9700 9293
f 9701 9702 9703
f 9704 9705 9706
f 9707 9295 9296
f 9708 9709 9710
f 9711 9712 9713
f 9714 9715 9716
f 9717 9718 9719
f 9720 9721 9722
f 9723 9724 9725
f 9726 9727 9728
f 9729 9730 9731
f 9732 9733 9734
f 9735 9736 9737
f 9738 9739 9740
f 9741 9742 9743
f 9744 9745 9746
f 9747 9748 9749
f 9750 9751 9752
f 9753 9754 9755
f 9756 9757 9758
f 9759 9760 9761
f 9762 9763 9764
f 9765 9766 9767
f 9768 9769 9770
f 9771 9772 9773
f 9774 9775 9776
f 9777 9778 9779
f 9780 9781 9782
f 9783 9784 9785
f 9784 9786 9785
f 9787 9788 9789
f 9790 9791 9792
f 9793 9794 9795
f 9796 9797 9798
f 9799 9800 9801
f 9802 9803 9804
f 9805 9806 9807
f 9808 9809 9810
f 9811 9812 9813
f 9814 9815 9816
f 9815 9817 9816
f 9787 9818 9788
f 9819 9820 9821
f 9822 9823 9824
f 9825 9826 9827
f 9828 9829 9830
f 9831 9832 9833
f 9834 9835 9836
f 9837 9838 9839
f 9840 9841 9842
f 9843 9844 9845
f 9846 9847 9848
f 9849 9850 9851
f 9852 9853 9854
f 9853 9855 9854
f 9856 9857 9858
f 9859 9860 9861
f 9862 9859 9861
f 9863 9864 9865
f 9864 9866 9865
f 9866 9867 9865
f 9868 9869 9870
f 9871 9872 9873
f 9874 9875 9876
f 9877 9878 9862
f 9879 9859 9862
f 9880 9881 9882
f 9883 9884 9885
f 9886 9887 9888
f 9846 9889 9847
f 9890 9891 9892
f 9893 9894 9895
f 9896 9897 9898
f 9899 9900 9901
f 9902 9903 9904
f 9905 9906 9907
f 9908 9909 9910
f 9911 9912 9913
f 9908 9914 9909
f 9915 9903 9902
f 9908 9916 9914
f 9917 9918 9919
f 9920 9921 9922
f 9923 9921 9920
f 9924 9925 9926
f 9927 9928 9929
f 9930 9931 9932
f 9834 9933 9835
f 9934 9935 9936
f 9937 9938 9939
f 9940 9941 9942
f 9943 9944 9945
f 9946 9947 9948
f 9949 9946 9948
f 9950 9951 9952
f 9953 9954 9955
f 9956 9957 9958
f 9959 9960 9961
f 9943 9962 9944
f 9943 9963 9962
f 9964 9965 9966
f 9967 9968 9969
f 9970 9971 9972
f 9973 9974 9975
f 9976 9977 9978
f 9979 9980 9981
f 9982 9983 9984
f 9811 9985 9812
f 9986 9987 9988
f 9987 9989 9988
f 9990 9991 9992
f 9993 9994 9995
f 9996 9997 9998
f 9999 10000 10001
f 10002 10003 10004
f 10005 10006 10007
f 10008 10009 10010
f 10011 10012 10013
f 10014 10015 10016
f 10017 10018 10019
f 10020 10021 10022
f 10023 10024 10025
f 10026 10027 10028
f 10029 10030 10031
f 10032 10033 10034
f 10035 10036 10037
f 10038 10039 10040
f 10032 10041 10033
f 10042 10043 10044
f 10045 10046 10047
f 10048 10049 10050
f 10051 10052 10053
f 10054 10055 10056
f 10057 10058 10059
f 10060 10061 10062
f 10063 10064 10065
f 10066 10067 10068
f 10069 10070 10071
f 10072 10073 10074
f 10075 10076 10077
f 10078 10079 10080
f 10081 10082 10083
f 10084 10085 10086
f 10087 10088 10089
f 10090 10091 10092
f 9982 10093 9983
f 10094 10095 10096
f 10095 10097 10096
f 10098 9946 9949
f 10099 10100 10101
f 10102 10103 10104
f 10105 10106 10107
f 10108 10109 10110
f 10111 10112 10113
f 10114 10115 10116
f 10117 10118 10119
f 10120 10121 10122
f 10123 10124 10125
f 10126 10127 10128
f 10090 10129 10091
f 10130 10131 10132
f 10133 10134 10135
f 10136 10137 10138
f 10139 10140 10141
f 10142 10143 10144
f 10145 10146 10147
f 10148 10149 10150
f 10151 10152 10153
f 10154 10155 10156
f 10157 10158 10159
f 10160 10161 10162
f 10163 10164 10165
f 10166 10167 10168
f 10169 10170 10171
f 10172 10173 10174
f 10175 10161 10160
f 10176 10177 10178
f 10179 10180 10181
f 10182 10183 10184
f 10185 10186 10187
f 10188 10189 10190
f 10191 10192 10193
f 10194 10195 10196
f 10197 10194 10196
f 10198 10199 10200
f 9947 9946 10098
f 10201 10202 10203
f 10204 10205 10206
f 10207 10208 10209
f 10210 10211 10212
f 10213 10214 10215
f 10216 10015 10014
f 10017 10217 10018
f 10218 10219 10220
f 10221 10222 10223
f 10224 10225 10226
f 10227 10228 10229
f 10230 10231 10232
f 10233 10234 10235
f 10236 10237 10238
f 10239 10240 10241
f 10242 10243 10244
f 10245 10246 10247
f 10248 10249 10250
f 10251 10252 10253
f 10254 10255 10256
f 10257 10258 10259
f 10260 10261 10262
f 10263 10264 10265
f 10218 10266 10219
f 10267 10222 10221
f 10218 10268 10266
f 10269 10222 10267
f 10270 9875 9874
f 10271 10272 10273
f 10274 9875 10270
f 10271 10275 10272
f 10276 10277 10278
f 10277 10279 10278
f 10280 10281 10282
f 10283 10284 10285
f 10286 10287 10288
f 10287 10289 10288
f 10290 10291 10292
f 10293 10294 10295
f 10296 10287 10286
f 10297 10294 10293
f 10298 10299 10300
f 10296 10289 10287
f 10301 10302 10303
f 10304 10305 10306
f 10307 10308 10309
f 10310 10311 10312
f 10005 10313 10006
f 10314 10315 10316
f 10317 10318 10319
f 10320 10321 10322
f 10323 10324 10325
f 10326 10327 10328
f 10329 10330 10331
f 10332 10333 10334
f 10335 10336 10337
f 10338 10339 10340
f 10341 10342 10343
f 10344 10345 10346
f 10347 10348 10349
f 10350 10351 10352
f 10254 10353 10255
f 10354 10355 10356
f 10357 10228 10227
f 10358 10359 10360
f 10361 10358 10360
f 10362 10363 10364
f 10365 10366 10367
f 10368 10369 10370
f 10371 10372 10373
f 10372 10374 10373
f 10375 10225 10224
f 10376 10377 10378
f 10379 10380 10381
f 10382 10383 10384
f 10385 10386 10355
f 10387 10388 10365
f 10389 10390 10391
f 10383 10392 10393
f 10394 10395 10396
f 10397 10394 10396
f 10398 10399 10400
f 10401 10231 10230
f 10402 10398 10400
f 10403 10404 10405
f 10404 10406 10405
f 10407 10289 10296
f 10408 10409 10410
f 10411 10412 10413
f 10414 10415 10416
f 10417 10418 10419
f 10420 10421 10422
f 10423 10424 10425
f 10233 10426 10234
f 10427 10324 10323
f 10326 10428 10327
f 10429 10430 10431
f 10432 10433 10434
f 10435 10436 10437
f 10438 10439 10440
f 10441 10442 10443
f 10444 10445 10446
f 10447 10448 10449
f 10450 10225 10375
f 10451 10452 10453
f 10454 10308 10307
f 10455 10456 10457
f 10458 10459 10460
f 10461 10462 10463
f 10464 10465 10466
f 10458 10467 10459
f 10468 10469 10470
f 10471 10472 10473
f 10474 10475 10476
f 10477 10478 10479
f 10480 10481 10482
f 10483 10484 10485
f 10486 10487 10488
f 10489 10490 10491
f 10492 10448 10447
f 10493 10494 10495
f 10496 10497 10498
f 10499 10500 10501
f 10502 10503 10504
f 10505 10436 10435
f 10441 10506 10442
f 10507 10436 10505
f 10441 10508 10506
f 10509 10510 10511
f 10512 10513 10514
f 10515 10516 10517
f 10518 10225 10450
f 10519 10520 10521
f 10522 10523 10524
f 10525 10526 10527
f 10526 10528 10527
f 10529 10530 10531
f 10532 10529 10531
f 10533 10534 10535
f 10536 10537 10538
f 10539 10540 10541
f 10542 10543 10544
f 10545 10546 10547
f 10548 10549 10550
f 10549 10551 10550
f 10552 10553 10554
f 10555 10556 10557
f 10558 10559 10560
f 10561 10562 10563
f 10564 10565 10566
f 10455 10567 10456
f 10536 10568 10537
f 10569 10540 10539
f 10570 10472 10471
f 10474 10571 10475
f 10536 10572 10568
f 10573 10574 10575
f 10576 10577 10569
f 10578 10579 10580
f 10581 10582 10583
f 10584 10585 10586
f 10587 10588 10589
f 10590 10591 10592
f 10591 10593 10592
f 10594 10595 10596
f 10597 10598 10599
f 10600 10601 10602
f 10603 10604 10605
f 10606 10607 10608
f 10609 10610 10611
f 10612 10613 10614
f 10615 10616 10617
f 10618 10619 10620
f 10621 10622 10623
f 10615 10624 10616
f 10625 10626 10627
f 10628 10629 10630
f 10533 10631 10534
f 10632 10633 10634
f 10635 10636 10637
f 10638 10619 10618
f 10621 10639 10622
f 10640 10626 10625
f 10641 10642 10643
f 10644 10645 10646
f 10647 10648 10649
f 10650 10651 10652
f 10653 10654 10655
f 10656 10657 10658
f 10659 10660 10661
f 10662 10663 10664
f 10665 10666 10667
f 10639 10621 10668
f 10669 10670 10671
f 10662 10672 10663
f 10662 10673 10672
f 10674 10648 10647
f 10675 10676 10677
f 10522 10678 10523
f 10679 10680 10681
f 10682 10679 10681
f 10683 10648 10674
f 10684 10685 10686
f 10687 10684 10686
f 10688 10689 10690
f 10689 10691 10690
f 10692 10693 10694
f 10695 10696 10697
f 10696 10698 10697
f 10699 10700 10701
f 10702 10703 10704
f 10705 10703 10702
f 10699 10706 10700
f 10707 10708 10709
f 10710 10711 10712
f 10713 10714 10715
f 10716 10717 10718
f 10675 10719 10676
f 10720 10721 10722
f 10723 10724 10725
f 10726 10727 10728
f 10729 10730 10731
f 10732 10733 10734
f 10735 10736 10737
f 10738 10739 10740
f 10741 10742 10743
f 10744 10745 10746
f 10747 10748 10749
f 10750 10751 10752
f 10753 10754 10755
f 10756 10757 10758
f 10759 10760 10761
f 10762 10763 10764
f 10765 10766 10767
f 10768 10769 10770
f 10771 10772 10773
f 10774 10775 10776
f 10692 10777 10693
f 10778 10779 10780
f 10779 10781 10780
f 10782 10783 10784
f 10785 10772 10771
f 10786 10787 10788
f 10789 10786 10788
f 10790 10791 10792
f 10793 10794 10795
f 10796 10797 10798
f 10799 10800 10801
f 10802 10803 10804
f 10805 10806 10807
f 10808 10809 10810
f 10811 10812 10813
f 10814 10815 10816
f 10815 10817 10816
f 10818 10791 10790
f 10819 10820 10821
f 10822 10823 10824
f 10825 10826 10827
f 10828 10829 10830
f 10831 10832 10833
f 10834 10820 10819
f 10835 10836 10837
f 10838 10839 10840
f 10841 10842 10843
f 10774 10844 10775
f 10845 10846 10847
f 10846 10848 10847
f 10849 10850 10851
f 10852 10853 10854
f 10841 10855 10842
f 10856 10857 10858
f 10859 10860 10861
f 10862 10863 10864
f 10865 10866 10867
f 10868 10869 10870
f 10871 10868 10870
f 10872 10873 10874
f 10859 10875 10860
f 10876 10863 10862
f 10877 10878 10879
f 10880 10877 10879
f 10881 10786 10789
f 10882 10883 10884
f 10818 10885 10791
f 10886 10794 10793
f 10887 10888 10889
f 10890 10891 10892
f 10872 10893 10873
f 10894 10895 10896
f 10897 10866 10865
f 10898 10899 10900
f 10901 10902 10903
f 10902 10904 10903
f 10905 10906 10907
f 10908 10905 10907
f 10909 10910 10911
f 10912 10913 10914
f 10915 10916 10917
f 10916 10918 10917
f 10919 10899 10898
f 10920 10910 10909
f 10921 10922 10923
f 10924 10925 10926
f 10927 10928 10929
f 10930 10931 10921
f 10931 10922 10921
f 10932 10933 10934
f 10927 10935 10928
f 10936 10937 10938
f 10939 10940 10941
f 10942 10943 10944
f 10945 10942 10944
f 10946 10947 10948
f 10949 10950 10951
f 10952 10953 10954
f 10953 10955 10954
f 10956 10947 10946
f 10957 10958 10959
f 10960 10925 10924
f 10961 10962 10963
f 10964 10935 10927
f 10965 10966 10967
f 10968 10969 10970
f 10971 10972 10973
f 10974 10975 10976
f 10977 10978 10979
f 10980 10981 10982
f 10983 10958 10957
f 10984 10985 10986
f 10912 10987 10913
f 10988 10989 10990
f 10989 10991 10990
f 10992 10993 10994
f 10984 10995 10985
f 10996 10997 10998
f 10997 10999 10998
f 11000 11001 11002
f 11003 11004 11005
f 11006 11007 11008
f 11009 11010 11011
f 11012 11013 11014
f 11015 11016 11017
f 11018 11019 11020
f 11021 11022 11023
f 11024 11025 11026
f 11027 11028 11029
f 11030 11031 11032
f 11033 11034 11006
f 11035 11036 11037
f 11038 11039 11040
f 10992 11041 10993
f 11042 10875 10859
f 10876 11043 10863
f 11044 11045 11046
f 11047 11048 11049
f 11050 11047 11049
f 11051 11052 11053
f 11054 10868 10871
f 10897 11055 10866
f 11056 11057 11058
f 11044 11059 11045
f 11060 11061 11062
f 11063 11064 11065
f 11066 11063 11065
f 11067 11068 11069
f 11070 11071 11072
f 11060 11073 11061
f 11074 11075 11076
f 11077 11078 11079
f 11080 11081 11082
f 11083 11084 11085
f 11086 11083 11085
f 11087 11078 11077
f 11088 11089 11090
f 11091 11092 11093
f 11094 11095 11096
f 11097 11098 11099
f 11100 11101 11102
f 11103 11100 11102
f 11104 11105 11106
f 11107 11108 11109
f 10920 11110 10910
f 11111 10905 10908
f 11112 11113 11114
f 11113 11115 11114
f 11116 11105 11104
f 11117 11118 11119
f 11120 11121 11122
f 11123 11124 11125
f 11124 11126 11125
f 11127 11128 11129
f 11130 11131 11132
f 11133 11134 11135
f 11136 11137 11138
f 11139 11118 11117
f 11140 11141 11142
f 11120 11143 11121
f 11144 11145 11146
f 11145 11147 11146
f 11148 11149 11150
f 11149 11151 11150
f 11152 11153 11154
f 11155 11156 11157
f 11152 11158 11153
f 11159 11160 11161
f 11160 11162 11161
f 11163 11164 11165
f 11140 11166 11141
f 11167 11168 11169
f 11168 11170 11169
f 11171 11172 11173
f 11163 11174 11164
f 11175 11176 11177
f 11178 11179 11180
f 11181 11182 11183
f 11175 11184 11176
f 11185 11156 11155
f 11186 11182 11181
f 11187 11188 11189
f 11190 11191 11192
f 11191 11193 11192
f 11194 11195 11196
f 11187 11197 11188
f 11198 11199 11200
f 11201 11202 11203
f 11204 11201 11203
f 11205 11206 11207
f 11208 11209 11210
f 11211 11212 11213
f 11214 11215 11216
f 11217 11218 11219
f 11220 11217 11219
f 11221 11222 11223
f 11224 11225 11226
f 11227 11228 11229
f 11230 11231 11232
f 11233 11234 11235
f 11198 11236 11199
f 11237 11206 11205
f 11178 11238 11179
f 11239 11240 11241
f 11214 11242 11215
f 11243 11244 11245
f 11246 11247 11248
f 11249 11250 11251
f 11252 11253 11254
f 11253 11255 11254
f 11256 11225 11224
f 11257 11258 11259
f 11260 11261 11262
f 11263 11264 11265
f 11266 11267 11268
f 11269 11270 11271
f 11272 11258 11257
f 11273 11274 11275
f 11276 11277 11278
f 11277 11279 11278
f 11280 11281 11282
f 11273 11283 11274
f 11284 11285 11286
f 11285 11287 11286
f 11237 11288 11206
f 11289 11209 11208
f 11211 11290 11212
f 11291 11242 11214
f 11292 11293 11294
f 11295 11296 11297
f 11298 11299 11300
f 11301 11302 11303
f 11280 11304 11281
f 11305 11306 11307
f 11306 11308 11307
f 11309 11310 11311
f 11312 11313 11314
f 11315 11316 11317
f 11318 11319 11320
f 11321 11322 11323
f 11324 11325 11326
f 11327 11328 11329
f 11330 11331 11332
f 11333 11334 11335
f 11336 11337 11338
f 11301 11339 11302
f 11340 11341 11342
f 11343 11344 11345
f 11346 11347 11348
f 11349 11350 11351
f 11352 11353 11354
f 11355 11356 11357
f 11358 11310 11309
f 11359 11358 11309
f 11360 11361 11362
f 11363 11364 11365
f 11366 11367 11316
f 11315 11366 11316
f 11368 11369 11370
f 11371 11372 11373
f 11374 11371 11373
f 11375 11376 11377
f 11378 11379 11380
f 11381 11382 11383
f 11384 11385 11386
f 11387 11388 11389
f 11390 11391 11392
f 11393 11394 11395
f 11396 11393 11395
f 11397 11388 11387
f 11398 11399 11400
f 11401 11402 11403
f 11404 11405 11406
f 11407 11408 11409
f 11410 11411 11412
f 11411 11413 11412
f 11414 11379 11378
f 11415 11416 11417
f 11418 11419 11420
f 11421 11422 11423
f 11424 11421 11423
f 11425 11426 11427
f 11418 11428 11419
f 11429 11430 11431
f 11432 11433 11434
f 11435 11436 11437
f 11438 11439 11440
f 11441 11442 11443
f 11444 11416 11415
f 11445 11446 11447
f 11445 11448 11446
f 11448 11449 11446
f 11450 11158 11152
f 11451 11452 11453
f 11454 11455 11456
f 11457 11458 11459
f 11458 11460 11459
f 11461 11462 11463
f 11451 11464 11452
f 11465 11466 11467
f 11466 11468 11467
f 11469 11470 11471
f 11472 11473 11469
f 11473 11470 11469
f 11186 11474 11182
f 11475 11476 11477
f 11476 11478 11477
f 11479 11462 11461
f 11454 11480 11455
f 11481 11482 11483
f 11484 11485 11486
f 11485 11487 11486
f 11488 11489 11490
f 11491 11492 11493
f 11494 11495 11496
f 11497 11494 11496
f 11498 11499 11500
f 11481 11501 11482
f 11502 11503 11504
f 11505 11506 11507
f 11506 11508 11507
f 11509 11510 11511
f 11512 11513 11514
f 11515 11516 11517
f 11518 11519 11520
f 11521 11522 11523
f 11524 11525 11526
f 11527 11528 11529
f 11530 11531 11532
f 11509 11533 11510
f 11534 11535 11536
f 11535 11537 11536
f 11538 11539 11515
f 11539 11516 11515
f 11540 11541 11542
f 11543 11544 11545
f 11546 11547 11548
f 11549 11550 11551
f 11552 11553 11554
f 11555 11556 11557
f 11558 11559 11560
f 11561 11562 11563
f 11564 11565 11566
f 11567 11568 11569
f 11570 11571 11572
f 11573 11574 11575
f 11576 11577 11578
f 11579 11580 11581
f 11502 11582 11503
f 11488 11583 11489
f 11584 11585 11586
f 11587 11588 11589
f 11590 11587 11589
f 11591 11592 11593
f 11594 11595 11596
f 11597 11598 11599
f 11600 11601 11602
f 11603 11604 11605
f 11606 11607 11608
f 11609 11610 11611
f 11612 11600 11602
f 11613 11541 11540
f 11614 11533 11509
f 11512 11615 11513
f 11616 11617 11618
f 11619 11620 11621
f 11622 11623 11624
f 11584 11625 11585
f 11626 11627 11628
f 11629 11630 11631
f 11630 11632 11631
f 11633 11627 11626
f 11634 11635 11636
f 11637 11638 11639
f 11638 11640 11639
f 11641 11635 11634
f 11642 11643 11644
f 11645 11646 11647
f 11646 11648 11647
f 11649 11650 11651
f 11652 11649 11651
f 11653 11643 11642
f 11654 11655 11656
f 11657 11658 11659
f 11658 11660 11659
f 11661 11662 11663
f 11664 11665 11666
f 11667 11668 11669
f 11670 11671 11672
f 11673 11674 11675
f 11676 11677 11678
f 11679 11680 11681
f 11682 11655 11654
f 11683 11684 11685
f 11686 11687 11688
f 11689 11690 11691
f 11692 11693 11694
f 11695 11696 11697
f 11698 11699 11700
f 11701 11702 11703
f 11704 11705 11706
f 11707 11708 11709
f 11710 11711 11712
f 11713 11714 11715
f 11716 11702 11701
f 11717 11718 11719
f 11720 11699 11698
f 11721 11722 11723
f 11704 11724 11705
f 11725 11726 11727
f 11728 11722 11721
f 11729 11730 11731
f 11732 11733 11734
f 11735 11736 11737
f 11736 11738 11737
f 11739 11740 11741
f 11742 11743 11744
f 11745 11746 11747
f 11748 11742 11744
f 11749 11750 11751
f 11752 11753 11754
f 11755 11756 11757
f 11758 11699 11720
f 11759 11684 11683
f 11760 11761 11762
f 11704 11763 11724
f 11764 11765 11766
f 11767 11768 11769
f 11770 11771 11772
f 11773 11774 11775
f 11776 11777 11778
f 11779 11780 11781
f 11782 11783 11784
f 11785 11786 11787
f 11788 11789 11790
f 11791 11750 11749
f 11792 11793 11794
f 11795 11796 11797
f 11798 11799 11800
f 11801 11802 11803
f 11804 11805 11806
f 11805 11807 11806
f 11808 11809 11810
f 11809 11811 11810
f 11812 11799 11798
f 11813 11814 11815
f 11816 11817 11818
f 11819 11820 11821
f 11822 11819 11821
f 11823 11761 11760
f 11824 11825 11826
f 11827 11711 11710
f 11828 11829 11830
f 11713 11831 11714
f 11832 11833 11834
f 11833 11835 11834
f 11836 11837 11838
f 11839 11840 11841
f 11842 11843 11844
f 11845 11846 11847
f 11846 11848 11847
f 11849 11850 11851
f 11852 11853 11854
f 11855 11856 11857
f 11856 11858 11857
f 11859 11860 11861
f 11862 11863 11864
f 11865 11866 11867
f 11868 11869 11870
f 11871 11872 11873
f 11874 11875 11876
f 11875 11877 11876
f 11878 11796 11795
f 11704 11879 11763
f 11880 11881 11882
f 11883 11884 11885
f 11886 11887 11888
f 11889 11890 11891
f 11892 11893 11894
f 11895 11896 11897
f 11898 11899 11900
f 11801 11901 11802
f 11902 11903 11904
f 11905 11906 11907
f 11908 11909 11910
f 11911 11912 11913
f 11914 11915 11916
f 11917 11918 11919
f 11920 11921 11922
f 11923 11924 11925
f 11926 11927 11928
f 11704 11929 11879
f 11930 11931 11932
f 11933 11934 11935
f 11936 11937 11938
f 11939 11940 11941
f 11942 11939 11941
f 11883 11943 11884
f 11943 11944 11884
f 11945 11946 11947
f 11948 11949 11950
f 11951 11952 11953
f 11954 11955 11956
f 11957 11958 11959
f 11960 11961 11962
f 11963 11964 11965
f 11960 11966 11961
f 11967 11829 11828
f 11968 11969 11963
f 11969 11964 11963
f 11970 11971 11972
f 11971 11973 11972
f 11974 11975 11976
f 11977 11978 11979
f 11980 11981 11944
f 11943 11980 11944
f 11982 11949 11948
f 11983 11982 11948
f 11984 11983 11948
f 11985 11939 11942
f 11986 11987 11988
f 11989 11990 11991
f 11992 11993 11994
f 11995 11996 11997
f 11998 11999 12000
f 11971 12001 11973
f 12002 12003 12004
f 12003 12005 12004
f 12006 12007 12008
f 12009 12006 12008
f 12010 11987 11986
f 12011 12012 12013
f 12014 12015 12016
f 12017 12018 12019
f 12020 11831 11713
f 11597 12021 11598
f 12022 12023 12024
f 12025 12026 12027
f 12028 12029 12030
f 12028 12031 12029
f 12032 11999 11998
f 12033 12034 12035
f 12036 12037 12038
f 12039 12040 12041
f 12042 12043 12044
f 12045 12046 12047
f 12048 12049 12050
f 12051 12052 12053
f 12054 12055 12056
f 12057 12058 12059
f 12060 12061 12062
f 12063 12064 12065
f 12066 12067 12068
f 12069 12070 12071
f 12072 12073 12074
f 11943 12075 11980
f 12076 12077 12078
f 12079 12080 12081
f 12082 11982 11983
f 12083 12084 12085
f 12086 12087 12088
f 12089 12090 12091
f 12092 12087 12086
f 12089 12093 12090
f 12094 12061 12060
f 12095 12096 12097
f 12098 12099 12100
f 12048 12101 12049
f 12102 12052 12051
f 12092 12103 12087
f 12104 12105 12092
f 12105 12103 12092
f 12106 12107 12108
f 12109 12110 12111
f 12112 12113 12114
f 12115 12116 12117
f 12118 12119 12120
f 12121 12122 12123
f 12124 12125 12126
f 12127 12128 12129
f 12130 12131 12132
f 12133 12105 12104
f 12133 12134 12105
f 12135 12134 12133
f 12136 12137 12138
f 12139 12140 12141
f 12142 12143 12144
f 12145 12146 12147
f 12148 12149 12150
f 12151 12152 12153
f 12154 12155 12156
f 12157 12158 12159
f 12160 11966 11960
f 12161 12162 12163
f 12164 12165 12166
f 12167 12168 12169
f 12170 12171 12172
f 12173 12174 12175
f 12176 12177 12178
f 12179 12180 12181
f 12182 12183 12184
f 12185 12186 12187
f 12188 12189 12190
f 12191 12192 12193
f 12192 12194 12193
f 12195 12196 12197
f 12196 12198 12197
f 12199 12200 12201
f 12202 12203 12204
f 12205 12206 12207
f 12208 12209 12210
f 12211 12212 12213
f 12214 12215 12216
f 12217 12218 12219
f 12220 12196 12195
f 12221 12222 12223
f 12176 12224 12177
f 12225 12226 12227
f 12228 12229 12230
f 12231 12232 12233
f 12135 12234 12134
f 12235 12234 12135
f 12236 12237 12238
f 12220 12198 12196
f 12239 12240 12241
f 12242 12243 12244
f 12245 12246 12247
f 12248 12249 12250
f 12251 12252 12253
f 12254 12255 12256
f 12257 12258 12259
f 12260 12261 12262
f 12263 12264 12265
f 12266 12267 12268
f 12269 12270 12271
f 12272 12273 12274
f 12275 12276 12277
f 12278 12279 12280
f 12281 12282 12283
f 12284 12285 12286
f 12287 12288 12289
f 12290 12291 12292
f 12293 12294 12295
f 12296 12297 12298
f 12299 12300 12301
f 12302 12303 12260
f 12304 12305 12306
f 12307 12305 12304
f 12308 12309 12310
f 12311 12312 12313
f 12314 12315 12316
f 12317 12318 12319
f 12320 12321 12322
f 12323 12324 12325
f 12326 12327 12328
f 12329 12330 12331
f 12332 12333 12334
f 12335 12336 12337
f 12338 12339 12340
f 12341 12342 12343
f 12344 12345 12346
f 12347 12348 12349
f 12350 12351 12352
f 12353 12354 12355
f 12356 12354 12353
f 12357 12358 12359
f 12360 12361 12362
f 12363 12364 12365
f 12366 12367 12368
f 12369 12370 12371
f 12372 12373 12374
f 12375 12376 12377
f 12378 12379 12380
f 12381 12382 12383
f 12384 12385 12386
f 12387 12388 12389
f 12390 12391 12392
f 12393 12394 12395
f 12396 12397 12398
f 12399 12400 12401
f 12402 12403 12404
f 12405 12406 12407
f 12408 12409 12410
f 12411 12412 12413
f 12414 12415 12416
f 12417 12418 12419
f 12420 12421 12422
f 12423 12424 12425
f 12426 12427 12428
f 12429 12430 12431
f 12432 12433 12434
f 12435 12436 12437
f 12423 12438 12424
f 12439 12440 12441
f 12442 12443 12444
f 12445 12446 12447
f 12448 12449 12450
f 12451 12452 12453
f 12454 12455 12456
f 12457 12458 12459
f 12460 12461 12462
f 12463 12464 12465
f 12466 12467 12468
f 12469 12470 12471
f 12472 12473 12474
f 12475 12476 12477
f 12478 12479 12480
f 12481 12482 12483
f 12484 12485 12486
f 12487 12488 12489
f 12490 12491 12487
f 12492 12493 12494
f 12495 12496 12497
f 12498 12499 12500
f 12501 12502 12503
f 12504 12505 12506
f 12452 12507 12508
f 12509 12510 12511
f 12512 12513 12514
f 12515 12516 12517
f 12518 12519 12520
f 12521 12522 12523
f 12524 12525 12526
f 12527 12528 12529
f 12530 12531 12532
f 12533 12534 12535
f 12536 12537 12538
f 12539 12540 12541
f 12542 12543 12544
f 12545 12546 12547
f 12548 12549 12550
f 12551 12552 12553
f 12554 12555 12556
f 12557 12558 12559
f 12560 12561 12562
f 12563 12564 12565
f 12566 12567 12568
f 12569 12570 12571
f 12572 12573 12574
f 12575 12576 12577
f 12578 12579 12580
f 12581 12582 12510
f 12583 12584 12585
f 12586 12587 12588
f 12589 12590 12591
f 12592 12593 12594
f 12595 12596 12597
f 12581 12598 12582
f 12599 12600 12601
f 12602 12603 12604
f 12605 12606 12607
f 12608 12609 12610
f 12611 12612 12613
f 12614 12615 12616
f 12617 12618 12619
f 12620 12621 12622
f 12623 12624 12625
f 12599 12626 12600
f 12627 12628 12629
f 12630 12492 12631
f 12632 12633 12634
f 12635 12636 12637
f 12626 12638 12639
f 12640 12641 12642
f 12643 12644 12645
f 12646 12647 12648
f 12649 12650 12651
f 12652 12653 12654
f 12655 12656 12657
f 12658 12659 12660
f 12661 12658 12660
f 12662 12663 12664
f 12665 12666 12667
f 12668 12669 12670
f 12671 12099 12098
f 12672 12673 12674
f 12675 12676 12677
f 12054 12678 12055
f 12679 12680 12681
f 12638 12682 12683
f 12684 12685 12686
f 12685 12633 12686
f 12687 12688 12680
f 12689 12690 12691
f 12692 12693 12694
f 12695 12696 12697
f 12698 12699 12700
f 12701 12702 12703
f 12704 12705 12706
f 12707 12704 12706
f 12708 12709 12710
f 12711 12712 12713
f 12714 12715 12716
f 12717 12718 12716
f 12718 12714 12716
f 12719 12720 12721
f 12722 12720 12719
f 12723 12724 12688
f 12690 12725 12726
f 12727 12728 12692
f 12729 12695 12730
f 12731 12732 12733
f 12734 12735 12736
f 12737 12738 12739
f 12740 12741 12742
f 12743 12744 12745
f 12746 12590 12589
f 12747 12748 12724
f 12725 12749 12750
f 12751 12752 12727
f 12753 12729 12754
f 12755 12756 12757
f 12758 12759 12760
f 12749 12758 12760
f 12761 12762 12763
f 12762 12753 12763
f 12764 12765 12766
f 12767 12768 12769
f 12758 12770 12759
f 12771 12772 12773
f 12774 12762 12761
f 12775 12776 12777
f 12778 12775 12777
f 12779 12780 12781
f 12782 12780 12779
f 12764 12783 12765
f 12784 12785 12786
f 12787 12788 12768
f 12789 12790 12791
f 12792 12772 12771
f 12793 12794 12795
f 12796 12587 12586
f 12797 12798 12799
f 12800 12801 12802
f 12803 12804 12805
f 12806 12807 12808
f 12809 12810 12811
f 12812 12813 12814
f 12815 12816 12817
f 12818 12819 12820
f 12821 12822 12823
f 12824 12825 12826
f 12827 12828 12829
f 12830 12831 12832
f 12833 12834 12827
f 12835 12830 12836
f 12837 12838 12839
f 12840 12841 12842
f 12843 12844 12845
f 12846 12844 12843
f 12847 12848 12849
f 12850 12847 12849
f 12851 12852 12853
f 12314 12854 12315
f 12855 12856 12857
f 12858 12859 12323
f 12859 12324 12323
f 12860 12861 12862
f 12863 12864 12865
f 12866 12867 12868
f 12869 12870 12871
f 12872 12873 12874
f 12801 12875 12876
f 12877 12878 12879
f 12880 12877 12879
f 12881 12882 12883
f 12882 12884 12883
f 12885 12886 12887
f 12888 12889 12890
f 12891 12892 12893
f 12894 12895 12896
f 12897 12898 12899
f 12900 12901 12902
f 12903 12904 12905
f 12906 12907 12908
f 12909 12910 12903
f 12911 12912 12913
f 12914 12915 12916
f 12917 12918 12919
f 12920 12906 12921
f 12922 12923 12924
f 12923 12925 12924
f 12926 12927 12928
f 12929 12927 12926
f 12930 12931 12932
f 12933 12934 12935
f 12936 12937 12938
f 12872 12939 12873
f 12940 12860 12941
f 12942 12943 12863
f 12944 12945 12946
f 12947 12948 12949
f 12950 12951 12952
f 12953 12954 12955
f 12956 12957 12958
f 12959 12318 12317
f 12960 12961 12958
f 12957 12960 12958
f 12962 12963 12964
f 12965 12966 12967
f 12968 12969 12970
f 12969 12971 12970
f 12971 12972 12970
f 12973 12974 12975
f 12976 12977 12973
f 12978 12933 12979
f 12980 12981 12982
f 12983 12984 12985
f 12986 12987 12988
f 12989 12990 12991
f 12992 12993 12994
f 12995 12996 12997
f 12998 12999 13000
f 13001 13002 13003
f 13004 13005 13006
f 13007 13008 13009
f 13010 13011 13012
f 13011 13013 13012
f 13014 13015 13016
f 13015 13017 13016
f 13018 13019 13020
f 13021 13022 13023
f 13022 13024 13023
f 13025 13018 13020
f 13026 13027 13028
f 13029 12854 12314
f 13030 13031 13032
f 13033 13034 13035
f 13036 13037 13038
f 13039 13040 13041
f 13042 13043 13044
f 13045 13046 13047
f 13046 13048 13047
f 13048 13049 13047
f 13050 13051 13052
f 13053 13054 13055
f 13056 13057 13058
f 13059 13060 13061
f 13060 13062 13061
f 13063 13064 13065
f 13064 13066 13065
f 13066 13067 13065
f 13068 13069 13070
f 13071 13072 13068
f 13072 13069 13068
f 13073 13071 13068
f 13074 13075 13076
f 13077 13078 13079
f 13078 13080 13079
f 13080 13081 13079
f 13081 13082 13079
f 13083 13084 13085
f 13086 13087 13088
f 13089 13090 13091
f 13092 13093 13094
f 13095 13096 13097
f 13098 13099 13100
f 13101 12859 12858
f 13102 13103 13104
f 13105 13106 13107
f 13106 13108 13107
f 13109 13110 13111
f 13112 13113 13114
f 13115 13116 13117
f 13118 13119 13120
f 13121 13122 13123
f 13029 13124 12854
f 13029 13125 13124
f 13126 13127 13128
f 13129 13130 13131
f 13132 12859 13101
f 13133 13134 13135
f 13136 13137 13138
f 13139 13071 13073
f 13140 13141 13142
f 13143 12859 13132
f 13144 13143 13132
f 13145 13146 13147
f 13148 13149 13150
f 13151 13152 13125
f 13153 13151 13125
f 13029 13153 13125
f 13152 13154 13125
f 13155 13156 13157
f 13158 13143 13144
f 13159 13158 13144
f 13160 13161 13162
f 13163 13164 13165
f 13166 13167 13168
f 13169 13170 13171
f 13172 13173 13174
f 13175 13176 13177
f 13151 13154 13152
f 13178 13158 13159
f 13179 13180 13181
f 13182 13183 13184
f 13185 13186 13187
f 13188 13189 13190
f 13189 13191 13190
f 13151 13178 13154
f 13151 13158 13178
f 13192 13193 13194
f 13195 13196 13197
f 13198 13199 13200
f 13201 13202 13203
f 13202 13204 13203
f 13205 13206 13207
f 13206 13208 13207
f 13209 13210 13211
f 13212 13213 13214
f 13215 13216 13217
f 13136 13218 13137
f 13219 13220 13221
f 13222 13223 13224
f 13225 13226 13227
f 13228 13229 13230
f 13231 13213 13212
f 13232 13233 13139
f 13233 13071 13139
f 13234 13229 13228
f 13235 13236 13237
f 13238 13234 13228
f 13239 13213 13231
f 13240 13241 13242
f 13243 13213 13239
f 13244 13245 13246
f 13247 13248 13249
f 13250 13251 13252
f 13251 13253 13252
f 13254 13255 13256
f 13257 13258 13259
f 13260 13261 13262
f 13263 13264 13265
f 13266 13267 13268
f 13267 13269 13268
f 13270 13271 13272
f 13273 13274 13275
f 13276 13277 13278
f 13279 13274 13273
f 13280 13281 13282
f 13283 13284 13285
f 13286 13287 13288
f 13289 13290 13291
f 13292 13293 13294
f 13295 13296 13297
f 13298 13296 13295
f 13299 13300 13301
f 13302 13303 13304
f 13305 13306 13307
f 13308 13309 13310
f 13311 13312 13313
f 13314 13261 13260
f 13315 13316 13317
f 13318 13191 13189
f 13319 13320 13321
f 13322 13323 13324
f 13325 13326 13327
f 13328 13329 13330
f 13331 13328 13330
f 13332 13333 13334
f 13335 13336 13337
f 13338 13339 13340
f 13341 13342 13343
f 13344 13345 13346
f 13347 13348 13349
f 13350 13351 13352
f 13353 13354 13355
f 13356 13357 13358
f 13359 13360 13361
f 13362 13363 13364
f 13365 13366 13367
f 13318 13368 13191
f 13369 13333 13332
f 13370 13371 13372
f 13373 13374 13375
f 13376 13345 13344
f 13377 13378 13379
f 13380 13381 13382
f 13383 13384 13385
f 13386 13387 13388
f 13389 13390 13391
f 13392 13393 13394
f 13395 13396 13397
f 13398 13363 13362
f 13377 13399 13378
f 13400 13401 13402
f 13403 13404 13405
f 13406 13407 13408
f 13409 13410 13411
f 13410 13412 13411
f 13413 13414 13415
f 13416 13417 13366
f 13416 13418 13417
f 13419 13420 13421
f 13422 13423 13424
f 13425 13426 13427
f 13428 13429 13430
f 13431 13432 13433
f 13434 13435 13436
f 13437 13438 13439
f 13440 12960 12957
f 13441 13442 13443
f 13444 13445 13446
f 13447 13320 13319
f 13395 13448 13396
f 13449 13450 13451
f 13452 13420 13419
f 13453 13454 13455
f 13456 13457 13458
f 13459 13460 13461
f 13462 13463 13464
f 13465 13466 13467
f 13468 13465 13467
f 13469 13470 13471
f 13470 13472 13471
f 13473 13474 13475
f 13472 13476 13471
f 13477 13478 13309
f 13479 13480 13481
f 13482 13483 13484
f 13485 13483 13482
f 13486 13487 13488
f 13485 13489 13483
f 13490 13491 13480
f 13492 13368 13318
f 13493 13494 13495
f 13490 13496 13491
f 13497 13498 13499
f 13500 13501 13502
f 13440 12961 12960
f 12968 13503 12969
f 13504 13031 13030
f 13505 13506 12966
f 12965 13505 12966
f 13507 13508 13457
f 13509 13031 13504
f 13510 13511 13512
f 13456 13507 13457
f 13513 13514 13515
f 13516 13513 13515
f 13517 13516 13515
f 13462 13518 13463
f 13462 13519 13518
f 13520 13521 13522
f 13523 13521 13520
f 13505 13524 13525
f 13526 13527 13528
f 13529 13530 13531
f 13532 13533 13534
f 13535 13536 13537
f 13538 13487 13486
f 13539 13540 13541
f 13542 13543 13544
f 13545 13546 13547
f 13548 13549 13368
f 13492 13548 13368
f 13550 13551 13552
f 13553 13554 13555
f 13556 13557 13555
f 13554 13556 13555
f 13558 13559 13560
f 13559 13561 13560
f 13562 13563 13564
f 13565 13566 13567
f 13568 13569 13570
f 13571 13572 13573
f 13574 13575 13571
f 13576 13577 13578
f 13577 13563 13578
f 13579 13575 13574
f 13580 13494 13493
f 13581 13498 13497
f 13582 13583 13584
f 13585 13586 13587
f 13588 13589 13590
f 13591 13592 13593
f 13594 13595 13596
f 13597 13598 13599
f 13600 13601 13602
f 13603 13604 13605
f 13606 13607 13608
f 13609 13610 13611
f 13612 13613 13614
f 13615 13616 13617
f 13618 13619 13620
f 13621 13622 13623
f 13624 13625 13549
f 13548 13624 13549
f 13626 13627 13628
f 13629 13630 13631
f 13632 13633 13625
f 13624 13632 13625
f 13634 13635 13636
f 13637 13638 13639
f 13640 13641 13642
f 13643 13644 13645
f 13646 13633 13632
f 13647 13648 13649
f 13650 13651 13652
f 13653 13654 13655
f 13656 13657 13658
f 13659 13654 13653
f 13660 13661 13662

