# https://github.com/mikedh/trimesh
v -67.45349143 -0.94628000 0.14060000
v -67.27549002 5.05372000 0.14060000
v -29.54129050 5.05372000 0.14060000
v -29.94418929 1.05372000 0.14060000
v -66.19718955 -12.94627953 0.14060000
v -67.09700034 -6.94626999 0.14060000
v -14.08309958 27.71661949 0.14060000
v -17.09738944 37.57352066 0.14060000
v -13.98530028 29.80533981 0.14060000
v -9.36458991 -66.90606689 15.14060020
v -6.58956979 -67.11997223 0.14060000
v 0.03910984 -67.44628143 0.14060000
v -9.36458991 -66.90606689 15.14060020
v -13.15409014 -66.14437866 0.14060000
v -6.58956979 -67.11997223 0.14060000
v -15.49323962 -65.76045227 15.14060020
v -13.15409014 -66.14437866 0.14060000
v -9.36458991 -66.90606689 15.14060020
v -15.49323962 -65.76045227 15.14060020
v -19.59098075 -64.52887726 0.14060000
v -13.15409014 -66.14437866 0.14060000
v -21.48992942 -64.05413055 15.14060020
v -19.59098075 -64.52887726 0.14060000
v -15.49323962 -65.76045227 15.14060020
v -21.48992942 -64.05413055 15.14060020
v -25.83808921 -62.28908157 0.14060000
v -19.59098075 -64.52887726 0.14060000
v -27.30372069 -61.80189896 15.14060020
v -25.83808921 -62.28908157 0.14060000
v -21.48992942 -64.05413055 15.14060020
v -27.30372069 -61.80189896 15.14060020
v -31.83509085 -59.44657898 0.14060000
v -25.83808921 -62.28908157 0.14060000
v -32.88481162 -59.02278137 15.14060020
v -31.83509085 -59.44657898 0.14060000
v -27.30372069 -61.80189896 15.14060020
v -32.88481162 -59.02278137 15.14060020
v -37.52378867 -56.02907944 0.14060000
v -31.83509085 -59.44657898 0.14060000
v -38.18569968 -55.74055862 15.14060020
v -37.52378867 -56.02907944 0.14060000
v -32.88481162 -59.02278137 15.14060020
v -38.18569968 -55.74055862 15.14060020
v -42.84949134 -52.06938171 0.14060000
v -37.52378867 -56.02907944 0.14060000
v -47.76863120 -47.78297043 15.14060020
v -47.76058982 -47.60588074 0.14060000
v -42.84949134 -52.06938171 0.14060000
v -51.98341010 -43.08306122 15.14060020
v -47.76058982 -47.60588074 0.14060000
v -47.76863120 -47.78297043 15.14060020
v -52.20959113 -42.68178177 0.14060000
v -55.74068854 -38.10754013 15.14060020
v -52.20959113 -42.68178177 0.14060000
v -51.98341010 -43.08306122 15.14060020
v -55.74068854 -38.10754013 15.14060020
v -56.15359137 -37.34458160 0.14060000
v -52.20959113 -42.68178177 0.14060000
v -59.02286933 -32.80662918 15.14060020
v -56.15359137 -37.34458160 0.14060000
v -55.74068854 -38.10754013 15.14060020
v -59.02286933 -32.80662918 15.14060020
v -59.55439017 -31.64598083 0.14060000
v -56.15359137 -37.34458160 0.14060000
v -61.80194114 -27.22551918 15.14060020
v -59.55439017 -31.64598083 0.14060000
v -59.02286933 -32.80662918 15.14060020
v -61.80194114 -27.22551918 15.14060020
v -62.37908957 -25.64088058 0.14060000
v -59.55439017 -31.64598083 0.14060000
v -64.05413077 -21.41171074 15.14060020
v -62.37908957 -25.64088058 0.14060000
v -61.80194114 -27.22551918 15.14060020
v -64.05413077 -21.41171074 15.14060020
v -64.60060141 -19.38758087 0.14060000
v -62.37908957 -25.64088058 0.14060000
v -65.76040671 -15.41501045 15.14060020
v -64.60060141 -19.38758087 0.14060000
v -64.05413077 -21.41171074 15.14060020
v -65.76040671 -15.41501045 15.14060020
v -66.19718955 -12.94627953 0.14060000
v -64.60060141 -19.38758087 0.14060000
v -66.90599082 -9.28635311 15.14060020
v -66.19718955 -12.94627953 0.14060000
v -65.76040671 -15.41501045 15.14060020
v 0.03910984 -67.44628143 0.14060000
v -3.15642998 -67.48139191 15.14060020
v -9.36458991 -66.90606689 15.14060020
v -66.90599082 -9.28635311 15.14060020
v -67.09700034 -6.94626999 0.14060000
v -66.19718955 -12.94627953 0.14060000
v -67.45349143 -0.94628000 0.14060000
v -67.09700034 -6.94626999 0.14060000
v -67.48127005 -3.07818007 15.14060020
v -67.48127005 -3.07818007 15.14060020
v -67.09700034 -6.94626999 0.14060000
v -66.90599082 -9.28635311 15.14060020
v -67.48123191 3.15657997 15.14060020
v -67.27549002 5.05372000 0.14060000
v -67.45349143 -0.94628000 0.14060000
v -67.48123191 3.15657997 15.14060020
v -67.45349143 -0.94628000 0.14060000
v -67.48127005 -3.07818007 15.14060020
v -6.68477986 67.21804047 0.14060000
v 3.15673997 67.48139191 15.14060020
v 0.03909995 67.55372620 0.14060000
v -6.68477986 67.21804047 0.14060000
v -3.07802007 67.48143005 15.14060020
v 3.15673997 67.48139191 15.14060020
v -13.34169982 66.21412659 0.14060000
v -3.07802007 67.48143005 15.14060020
v -6.68477986 67.21804047 0.14060000
v -13.34169982 66.21412659 0.14060000
v -9.28619979 66.90615082 15.14060020
v -3.07802007 67.48143005 15.14060020
v -19.86560080 64.55223083 0.14060000
v -9.28619979 66.90615082 15.14060020
v -13.34169982 66.21412659 0.14060000
v -19.86560080 64.55223083 0.14060000
v -15.41485045 65.76056671 15.14060020
v -9.28619979 66.90615082 15.14060020
v -32.25629065 59.32641983 0.14060000
v -27.22535918 61.80210114 15.14060020
v -26.19140075 62.24861908 0.14060000
v -32.25629065 59.32641983 0.14060000
v -32.80648063 59.02302933 15.14060020
v -27.22535918 61.80210114 15.14060020
v -38.00000022 55.81462097 0.14060000
v -32.80648063 59.02302933 15.14060020
v -32.25629065 59.32641983 0.14060000
v -38.10739157 55.74084091 15.14060020
v -32.80648063 59.02302933 15.14060020
v -38.00000022 55.81462097 0.14060000
v -43.36520026 51.74811935 0.14060000
v -38.10739157 55.74084091 15.14060020
v -38.00000022 55.81462097 0.14060000
v -43.08290122 51.98355865 15.14060020
v -48.29869101 47.16751862 0.14060000
v -43.08290122 51.98355865 15.14060020
v -43.36520026 51.74811935 0.14060000
v -48.29869101 47.16751862 0.14060000
v -47.78281043 47.76877975 15.14060020
v -43.08290122 51.98355865 15.14060020
v -52.75130103 42.11822128 0.14060000
v -47.78281043 47.76877975 15.14060020
v -48.29869101 47.16751862 0.14060000
v -52.75130103 42.11822128 0.14060000
v -51.98308966 43.16133881 15.14060020
v -47.78281043 47.76877975 15.14060020
v -56.67889045 36.65042114 0.14060000
v -51.98308966 43.16133881 15.14060020
v -52.75130103 42.11822128 0.14060000
v -56.67889045 36.65042114 0.14060000
v -55.74041007 38.18585968 15.14060020
v -51.98308966 43.16133881 15.14060020
v -60.04219077 30.81871986 0.14060000
v -55.74041007 38.18585968 15.14060020
v -56.67889045 36.65042114 0.14060000
v -60.04219077 30.81871986 0.14060000
v -59.02262900 32.88497162 15.14060020
v -55.74041007 38.18585968 15.14060020
v -62.80789969 24.68091965 0.14060000
v -59.02262900 32.88497162 15.14060020
v -60.04219077 30.81871986 0.14060000
v -62.80789969 24.68091965 0.14060000
v -61.80173896 27.30388069 15.14060020
v -59.02262900 32.88497162 15.14060020
v -64.94848655 18.29821968 0.14060000
v -61.80173896 27.30388069 15.14060020
v -62.80789969 24.68091965 0.14060000
v -64.94848655 18.29821968 0.14060000
v -64.05397055 21.49008942 15.14060020
v -61.80173896 27.30388069 15.14060020
v -66.44258902 11.73412037 0.14060000
v -64.05397055 21.49008942 15.14060020
v -64.94848655 18.29821968 0.14060000
v -66.44258902 11.73412037 0.14060000
v -65.76029227 15.49339008 15.14060020
v -64.05397055 21.49008942 15.14060020
v -67.27549002 5.05372000 0.14060000
v -65.76029227 15.49339008 15.14060020
v -66.44258902 11.73412037 0.14060000
v 9.36490323 66.90606689 15.14060020
v 6.76297977 67.21804047 0.14060000
v 0.03909995 67.55372620 0.14060000
v 9.36490323 66.90606689 15.14060020
v 13.41989972 66.21412659 0.14060000
v 6.76297977 67.21804047 0.14060000
v 15.49355008 65.76045227 15.14060020
v 13.41989972 66.21412659 0.14060000
v 9.36490323 66.90606689 15.14060020
v 15.49355008 65.76045227 15.14060020
v 19.94379976 64.55223083 0.14060000
v 13.41989972 66.21412659 0.14060000
v 21.49023988 64.05413055 15.14060020
v 19.94379976 64.55223083 0.14060000
v 15.49355008 65.76045227 15.14060020
v 21.49023988 64.05413055 15.14060020
v 26.26959970 62.24863052 0.14060000
v 19.94379976 64.55223083 0.14060000
v 27.30402925 61.80191040 15.14060020
v 26.26959970 62.24863052 0.14060000
v 21.49023988 64.05413055 15.14060020
v 27.30402925 61.80191040 15.14060020
v 32.33449914 59.32643127 0.14060000
v 26.26959970 62.24863052 0.14060000
v 32.79700067 59.07212067 15.14060020
v 32.33449914 59.32643127 0.14060000
v 27.30402925 61.80191040 15.14060020
v 32.79700067 59.07212067 15.14060020
v 38.07820108 55.81462860 0.14060000
v 32.33449914 59.32643127 0.14060000
v 38.18600824 55.74057007 15.14060020
v 38.07820108 55.81462860 0.14060000
v 32.79700067 59.07212067 15.14060020
v 38.18600824 55.74057007 15.14060020
v 43.44340112 51.74813080 0.14060000
v 38.07820108 55.81462860 0.14060000
v 43.16149118 51.98324966 15.14060020
v 43.16149118 51.98324966 15.14060020
v 48.37689950 47.16753006 0.14060000
v 43.44340112 51.74813080 0.14060000
v 51.98371865 43.08306885 15.14060020
v 52.82950952 42.11822891 0.14060000
v 48.37689950 47.16753006 0.14060000
v 55.74100091 38.10755157 15.14060020
v 52.82950952 42.11822891 0.14060000
v 51.98371865 43.08306885 15.14060020
v 55.74100091 38.10755157 15.14060020
v 56.75709893 36.65042877 0.14060000
v 52.82950952 42.11822891 0.14060000
v 59.02318933 32.80664062 15.14060020
v 56.75709893 36.65042877 0.14060000
v 55.74100091 38.10755157 15.14060020
v 59.02318933 32.80664062 15.14060020
v 60.12041070 30.81872940 0.14060000
v 56.75709893 36.65042877 0.14060000
v 61.80226114 27.22553062 15.14060020
v 60.12041070 30.81872940 0.14060000
v 59.02318933 32.80664062 15.14060020
v 61.80226114 27.22553062 15.14060020
v 62.88610818 24.68092918 0.14060000
v 60.12041070 30.81872940 0.14060000
v 64.05445077 21.41172028 15.14060020
v 62.88610818 24.68092918 0.14060000
v 61.80226114 27.22553062 15.14060020
v 64.05445077 21.41172028 15.14060020
v 65.02671029 18.29822922 0.14060000
v 62.88610818 24.68092918 0.14060000
v 65.76072671 15.41501999 15.14060020
v 65.02671029 18.29822922 0.14060000
v 64.05445077 21.41172028 15.14060020
v 65.76072671 15.41501999 15.14060020
v 66.52082040 11.73412991 0.14060000
v 65.02671029 18.29822922 0.14060000
v 66.90631082 9.28635979 15.14060020
v 66.52082040 11.73412991 0.14060000
v 65.76072671 15.41501999 15.14060020
v 66.90631082 9.28635979 15.14060020
v 67.47239663 3.05372000 0.14060000
v 66.52082040 11.73412991 0.14060000
v 67.48159005 3.07819009 15.14060020
v 67.47239663 3.05372000 0.14060000
v 66.90631082 9.28635979 15.14060020
v 0.03909995 67.55372620 0.14060000
v 3.15673997 67.48139191 15.14060020
v 9.36490323 66.90606689 15.14060020
v 67.35372140 -4.94628000 0.14060000
v 67.48155191 -3.15656996 15.14060020
v 66.90622689 -9.36474323 15.14060020
v 67.47239663 3.05372000 0.14060000
v 67.48155191 -3.15656996 15.14060020
v 67.35372140 -4.94628000 0.14060000
v 67.48155191 -3.15656996 15.14060020
v 67.47239663 3.05372000 0.14060000
v 67.48159005 3.07819009 15.14060020
v 64.05429055 -21.49007988 15.14060020
v 64.67881753 -19.38756943 0.14060000
v 66.27542093 -12.94626999 0.14060000
v 61.80207040 -27.30386925 15.14060020
v 64.67881753 -19.38756943 0.14060000
v 64.05429055 -21.49007988 15.14060020
v 61.80207040 -27.30386925 15.14060020
v 62.45730951 -25.64086914 0.14060000
v 64.67881753 -19.38756943 0.14060000
v 59.02294900 -32.88496017 15.14060020
v 62.45730951 -25.64086914 0.14060000
v 61.80207040 -27.30386925 15.14060020
v 59.02294900 -32.88496017 15.14060020
v 59.63261010 -31.64596939 0.14060000
v 62.45730951 -25.64086914 0.14060000
v 55.74073007 -38.18584824 15.14060020
v 59.63261010 -31.64596939 0.14060000
v 59.02294900 -32.88496017 15.14060020
v 55.74073007 -38.18584824 15.14060020
v 56.23181894 -37.34457016 0.14060000
v 59.63261010 -31.64596939 0.14060000
v 51.98340966 -43.16133118 15.14060020
v 56.23181894 -37.34457016 0.14060000
v 55.74073007 -38.18584824 15.14060020
v 51.98340966 -43.16133118 15.14060020
v 52.28781106 -42.68177032 0.14060000
v 56.23181894 -37.34457016 0.14060000
v 47.69091012 -47.78311157 15.14060020
v 52.28781106 -42.68177032 0.14060000
v 51.98340966 -43.16133118 15.14060020
v 47.69091012 -47.78311157 15.14060020
v 47.83880975 -47.60586929 0.14060000
v 52.28781106 -42.68177032 0.14060000
v 43.08320977 -51.98357010 15.14060020
v 47.83880975 -47.60586929 0.14060000
v 47.69091012 -47.78311157 15.14060020
v 42.92771127 -52.06937027 0.14060000
v 38.10770013 -55.74084854 15.14060020
v 42.92771127 -52.06937027 0.14060000
v 43.08320977 -51.98357010 15.14060020
v 37.60200860 -56.02907181 0.14060000
v 32.80678918 -59.02302933 15.14060020
v 37.60200860 -56.02907181 0.14060000
v 38.10770013 -55.74084854 15.14060020
v 32.80678918 -59.02302933 15.14060020
v 31.91331079 -59.44657135 0.14060000
v 37.60200860 -56.02907181 0.14060000
v 27.22567918 -61.80210876 15.14060020
v 31.91331079 -59.44657135 0.14060000
v 32.80678918 -59.02302933 15.14060020
v 27.22567918 -61.80210876 15.14060020
v 25.91630914 -62.28907013 0.14060000
v 31.91331079 -59.44657135 0.14060000
v 15.41515996 -65.76056671 15.14060020
v 19.66921022 -64.52887726 0.14060000
v 25.91630914 -62.28907013 0.14060000
v 9.28651311 -66.90615082 15.14060020
v 19.66921022 -64.52887726 0.14060000
v 15.41515996 -65.76056671 15.14060020
v 9.28651311 -66.90615082 15.14060020
v 13.23231008 -66.14437866 0.14060000
v 19.66921022 -64.52887726 0.14060000
v 3.07833006 -67.48143005 15.14060020
v 13.23231008 -66.14437866 0.14060000
v 9.28651311 -66.90615082 15.14060020
v 3.07833006 -67.48143005 15.14060020
v 6.66779020 -67.11997223 0.14060000
v 13.23231008 -66.14437866 0.14060000
v -3.15642998 -67.48139191 15.14060020
v 6.66779020 -67.11997223 0.14060000
v 3.07833006 -67.48143005 15.14060020
v -3.15642998 -67.48139191 15.14060020
v 0.03910984 -67.44628143 0.14060000
v 6.66779020 -67.11997223 0.14060000
v -22.84548018 19.45203018 10.14060020
v -14.08309958 27.71661949 0.14060000
v -14.19569037 30.47311020 10.14060020
v -22.84548018 19.45203018 10.14060020
v -20.79056952 21.64364052 0.14060000
v -14.08309958 27.71661949 0.14060000
v -22.84548018 19.45203018 10.14060020
v -22.95771048 19.31889915 0.14060000
v -20.79056952 21.64364052 0.14060000
v -24.99769042 16.58122063 10.14060020
v -22.95771048 19.31889915 0.14060000
v -22.84548018 19.45203018 10.14060020
v -26.49579070 14.05002022 0.14060000
v -22.95771048 19.31889915 0.14060000
v -24.99769042 16.58122063 10.14060020
v -26.79219077 13.47311974 10.14060020
v -26.49579070 14.05002022 0.14060000
v -24.99769042 16.58122063 10.14060020
v -26.79219077 13.47311974 10.14060020
v -27.82739089 11.16481972 0.14060000
v -26.49579070 14.05002022 0.14060000
v -28.01419089 10.56122017 10.14060020
v -27.82739089 11.16481972 0.14060000
v -26.79219077 13.47311974 10.14060020
v -28.01419089 10.56122017 10.14060020
v -28.84638999 8.15478325 0.14060000
v -27.82739089 11.16481972 0.14060000
v -29.13188956 7.05731010 10.14060020
v -28.84638999 8.15478325 0.14060000
v -28.01419089 10.56122017 10.14060020
v -29.13188956 7.05731010 10.14060020
v -29.54129050 5.05372000 0.14060000
v -28.84638999 8.15478325 0.14060000
v -29.71868918 3.85806990 10.14060020
v -29.54129050 5.05372000 0.14060000
v -29.13188956 7.05731010 10.14060020
v -29.71868918 3.85806990 10.14060020
v -29.94418929 1.05372000 0.14060000
v -29.54129050 5.05372000 0.14060000
v -29.81048987 -2.94626999 0.14060000
v -29.95569060 0.61422002 10.14060020
v -29.84009002 -2.63611007 10.14060020
v -29.81048987 -2.94626999 0.14060000
v -29.94418929 1.05372000 0.14060000
v -29.95569060 0.61422002 10.14060020
v -29.95569060 0.61422002 10.14060020
v -29.94418929 1.05372000 0.14060000
v -29.71868918 3.85806990 10.14060020
v -29.37328933 -5.85473013 10.14060020
v -29.81048987 -2.94626999 0.14060000
v -29.84009002 -2.63611007 10.14060020
v -29.13279937 -6.94626999 0.14060000
v -29.81048987 -2.94626999 0.14060000
v -29.37328933 -5.85473013 10.14060020
v -28.56089042 -9.00384998 10.14060020
v -29.13279937 -6.94626999 0.14060000
v -29.37328933 -5.85473013 10.14060020
v -26.99789069 -12.94627953 0.14060000
v -29.13279937 -6.94626999 0.14060000
v -28.56089042 -9.00384998 10.14060020
v -25.94126914 -14.94690990 10.14060020
v -26.99789069 -12.94627953 0.14060000
v -27.41238997 -12.04648018 10.14060020
v -23.42520926 -18.63924980 0.14060000
v -26.99789069 -12.94627953 0.14060000
v -25.94126914 -14.94690990 10.14060020
v -26.99789069 -12.94627953 0.14060000
v -28.56089042 -9.00384998 10.14060020
v -27.41238997 -12.04648018 10.14060020
v -22.10416053 -20.18680000 10.14060020
v -23.42520926 -18.63924980 0.14060000
v -25.94126914 -14.94690990 10.14060020
v -22.10416053 -20.18680000 10.14060020
v -18.67461036 -23.39396095 0.14060000
v -23.42520926 -18.63924980 0.14060000
v -17.22916053 -24.47798920 10.14060020
v -18.67461036 -23.39396095 0.14060000
v -22.10416053 -20.18680000 10.14060020
v -17.22916053 -24.47798920 10.14060020
v -12.98458979 -26.97187996 0.14060000
v -18.67461036 -23.39396095 0.14060000
v -8.48096965 -28.71096992 10.14060020
v -12.98458979 -26.97187996 0.14060000
v -17.22916053 -24.47798920 10.14060020
v -8.48096965 -28.71096992 10.14060020
v -6.64052985 -29.19318008 0.14060000
v -12.98458979 -26.97187996 0.14060000
v -4.88585017 -29.49477005 10.14060020
v -6.64052985 -29.19318008 0.14060000
v -8.48096965 -28.71096992 10.14060020
v 3.40020992 -29.75737000 0.14060000
v 4.49254014 -29.52046967 10.25290966
v 7.99312999 -28.87257957 10.14060020
v 3.40020992 -29.75737000 0.14060000
v 1.83394005 -29.89258003 10.14060020
v 4.49254014 -29.52046967 10.25290966
v 0.03914996 -29.94627953 0.14060000
v 1.83394005 -29.89258003 10.14060020
v 3.40020992 -29.75737000 0.14060000
v 0.03914996 -29.94627953 0.14060000
v -1.75498996 -29.89258003 10.14060020
v 1.83394005 -29.89258003 10.14060020
v -3.32190011 -29.75737953 0.14060000
v -1.75498996 -29.89258003 10.14060020
v 0.03914996 -29.94627953 0.14060000
v -3.32190011 -29.75737953 0.14060000
v -4.88585017 -29.49477005 10.14060020
v -1.75498996 -29.89258003 10.14060020
v -6.64052985 -29.19318008 0.14060000
v -4.88585017 -29.49477005 10.14060020
v -3.32190011 -29.75737953 0.14060000
v 27.94971063 -10.94626045 0.14060000
v 26.53910997 -14.00866985 10.14060020
v 28.67309930 -8.89597988 10.14060020
v 25.44968965 -15.89309978 0.14060000
v 26.53910997 -14.00866985 10.14060020
v 27.94971063 -10.94626045 0.14060000
v 25.44968965 -15.89309978 0.14060000
v 24.72709062 -16.99040031 10.14060020
v 26.53910997 -14.00866985 10.14060020
v 21.26168039 -21.15010071 0.14060000
v 24.72709062 -16.99040031 10.14060020
v 25.44968965 -15.89309978 0.14060000
v 21.26168039 -21.15010071 0.14060000
v 20.13038041 -22.22500038 10.14060020
v 24.72709062 -16.99040031 10.14060020
v 16.00840928 -25.34276962 0.14060000
v 20.13038041 -22.22500038 10.14060020
v 21.26168039 -21.15010071 0.14060000
v 16.00840928 -25.34276962 0.14060000
v 14.45027997 -26.25819016 10.14060020
v 20.13038041 -22.22500038 10.14060020
v 9.95330312 -28.26075935 0.14060000
v 14.45027997 -26.25819016 10.14060020
v 16.00840928 -25.34276962 0.14060000
v 9.95330312 -28.26075935 0.14060000
v 7.99312999 -28.87257957 10.14060020
v 14.45027997 -26.25819016 10.14060020
v 3.40020992 -29.75737000 0.14060000
v 7.99312999 -28.87257957 10.14060020
v 9.95330312 -28.26075935 0.14060000
v 29.21100976 -6.94626999 0.14060000
v 28.67309930 -8.89597988 10.14060020
v 29.37701013 -6.21435022 10.14060020
v 29.21100976 -6.94626999 0.14060000
v 27.94971063 -10.94626045 0.14060000
v 28.67309930 -8.89597988 10.14060020
v 29.37701013 -6.21435022 10.14060020
v 29.88870980 -2.94625998 0.14060000
v 29.21100976 -6.94626999 0.14060000
v 29.88870980 3.05372000 0.14060000
v 30.02931001 -0.71469998 10.14060020
v 29.97220971 2.05655003 10.14060020
v 29.88870980 -2.94625998 0.14060000
v 30.02931001 -0.71469998 10.14060020
v 29.88870980 3.05372000 0.14060000
v 30.02931001 -0.71469998 10.14060020
v 29.88870980 -2.94625998 0.14060000
v 29.37701013 -6.21435022 10.14060020
v 29.09411027 7.52404022 10.14060020
v 28.92460992 8.15497303 0.14060000
v 29.88870980 3.05372000 0.14060000
v 28.09139993 10.56282997 10.14060020
v 28.92460992 8.15497303 0.14060000
v 29.09411027 7.52404022 10.14060020
v 29.88870980 3.05372000 0.14060000
v 29.97220971 2.05655003 10.14060020
v 29.09411027 7.52404022 10.14060020
v 14.43401983 27.07011032 0.14060000
v 21.34209039 21.17674065 10.14060020
v 14.16130998 27.71701050 10.14060020
v 23.03573014 19.31909943 0.14060000
v 21.34209039 21.17674065 10.14060020
v 14.43401983 27.07011032 0.14060000
v 23.03573014 19.31909943 0.14060000
v 23.16550996 19.09482956 10.14060020
v 21.34209039 21.17674065 10.14060020
v 23.03573014 19.31909943 0.14060000
v 25.07631089 16.58061981 10.14060020
v 23.16550996 19.09482956 10.14060020
v 26.57390954 14.05033016 0.14060000
v 25.07631089 16.58061981 10.14060020
v 23.03573014 19.31909943 0.14060000
v 26.57390954 14.05033016 0.14060000
v 26.87071016 13.47253036 10.14060020
v 25.07631089 16.58061981 10.14060020
v 27.90550973 11.16502953 0.14060000
v 26.87071016 13.47253036 10.14060020
v 26.57390954 14.05033016 0.14060000
v 27.90550973 11.16502953 0.14060000
v 28.09139993 10.56282997 10.14060020
v 26.87071016 13.47253036 10.14060020
v 28.92460992 8.15497303 0.14060000
v 28.09139993 10.56282997 10.14060020
v 27.90550973 11.16502953 0.14060000
v 67.35372140 -4.94628000 0.14060000
v 27.94971063 -10.94626045 0.14060000
v 67.47239663 3.05372000 0.14060000
v 66.27542093 -12.94626999 0.14060000
v 29.88870980 -2.94625998 0.14060000
v 29.88870980 3.05372000 0.14060000
v 29.21100976 -6.94626999 0.14060000
v -10.21719001 41.81261826 0.14060000
v -9.25968001 42.20281982 10.14000988
v -15.21439002 40.37392044 10.14000034
v -10.21719001 41.81261826 0.14060000
v -3.08255003 43.10330963 10.13998985
v -9.25968001 42.20281982 10.14000988
v -5.12646983 42.74232864 0.14060000
v -3.08255003 43.10330963 10.13998985
v -10.21719001 41.81261826 0.14060000
v 0.03910984 43.05371857 0.14060000
v -3.08255003 43.10330963 10.13998985
v -5.12646983 42.74232864 0.14060000
v 0.03910984 43.05371857 0.14060000
v 3.15993001 43.10340881 10.13998985
v -3.08255003 43.10330963 10.13998985
v 5.20468976 42.74232864 0.14060000
v 3.15993001 43.10340881 10.13998985
v 0.03910984 43.05371857 0.14060000
v 10.29540994 41.81261826 0.14060000
v 3.15993001 43.10340881 10.13998985
v 5.20468976 42.74232864 0.14060000
v 10.29540994 41.81261826 0.14060000
v 9.33707978 42.20302963 10.14000988
v 3.15993001 43.10340881 10.13998985
v 15.23770978 40.27812958 0.14060000
v 9.33707978 42.20302963 10.14000988
v 10.29540994 41.81261826 0.14060000
v 15.23770978 40.27812958 0.14060000
v 15.78859975 40.00233078 10.14021015
v 9.33707978 42.20302963 10.14000988
v -15.21439002 40.37392044 10.14000034
v -16.72579024 38.92102814 0.14060000
v -10.21719001 41.81261826 0.14060000
v -16.81798957 36.20391846 10.14291954
v -14.19569037 30.47311020 10.14060020
v -13.98530028 29.80533981 0.14060000
v -13.98530028 29.80533981 0.14060000
v -17.09738944 37.57352066 0.14060000
v -16.81798957 36.20391846 10.14291954
v -14.19569037 30.47311020 10.14060020
v -14.08309958 27.71661949 0.14060000
v -13.98530028 29.80533981 0.14060000
v -16.38039992 39.54288101 10.13362980
v -16.72579024 38.92102814 0.14060000
v -15.21439002 40.37392044 10.14000034
v -17.01288054 38.32173157 10.14054012
v -16.72579024 38.92102814 0.14060000
v -16.38039992 39.54288101 10.13362980
v -17.01288054 38.32173157 10.14054012
v -17.09738944 37.57352066 0.14060000
v -16.72579024 38.92102814 0.14060000
v -17.05109046 37.03052902 10.14291000
v -17.09738944 37.57352066 0.14060000
v -17.01288054 38.32173157 10.14054012
v -17.05109046 37.03052902 10.14291000
v -16.81798957 36.20391846 10.14291954
v -17.09738944 37.57352066 0.14060000
v 16.89619043 36.20391083 10.14000034
v 17.06941011 38.26919937 0.14060000
v 14.27391031 30.47311974 10.14060020
v 17.06941011 38.26919937 0.14060000
v 14.06321027 29.80373001 0.14060000
v 14.27391031 30.47311974 10.14060020
v 17.17640092 37.39722824 10.14021015
v 17.06941011 38.26919937 0.14060000
v 16.89619043 36.20391083 10.14000034
v 16.83708932 39.01018143 10.13957977
v 17.06941011 38.26919937 0.14060000
v 17.17640092 37.39722824 10.14021015
v 16.83708932 39.01018143 10.13957977
v 16.39410951 39.49301910 0.14060000
v 17.06941011 38.26919937 0.14060000
v 15.78859975 40.00233078 10.14021015
v 16.39410951 39.49301910 0.14060000
v 16.83708932 39.01018143 10.13957977
v 15.78859975 40.00233078 10.14021015
v 15.23770978 40.27812958 0.14060000
v 16.39410951 39.49301910 0.14060000
v 14.00580957 28.40122986 0.14060000
v 14.43401983 27.07011032 0.14060000
v 14.16130998 27.71701050 10.14060020
v 13.97251012 29.10572052 10.14060020
v 14.00580957 28.40122986 0.14060000
v 14.16130998 27.71701050 10.14060020
v 13.97251012 29.10572052 10.14060020
v 14.06321027 29.80373001 0.14060000
v 14.00580957 28.40122986 0.14060000
v 14.27391031 30.47311974 10.14060020
v 14.06321027 29.80373001 0.14060000
v 13.97251012 29.10572052 10.14060020
v -17.22916053 -24.47798920 10.14060020
v -4.88585017 -29.49477005 10.14060020
v -8.48096965 -28.71096992 10.14060020
v -22.10416053 -20.18680000 10.14060020
v -1.75498996 -29.89258003 10.14060020
v -25.94126914 -14.94690990 10.14060020
v 4.49254014 -29.52046967 10.25290966
v 1.83394005 -29.89258003 10.14060020
v 7.99312999 -28.87257957 10.14060020
v -29.84009002 -2.63611007 10.14060020
v -29.37328933 -5.85473013 10.14060020
v -0.30633000 5.53083992 10.54389954
v -1.75498996 -29.89258003 10.14060020
v -29.84009002 -2.63611007 10.14060020
v -0.30633000 5.53083992 10.54389954
v 1.83394005 -29.89258003 10.14060020
v -1.75498996 -29.89258003 10.14060020
v 7.99312999 -28.87257957 10.14060020
v -27.41238997 -12.04648018 10.14060020
v -28.56089042 -9.00384998 10.14060020
v 29.37701013 -6.21435022 10.14060020
v -0.30633000 5.53083992 10.54389954
v 30.02931001 -0.71469998 10.14060020
v 28.67309930 -8.89597988 10.14060020
v 26.53910997 -14.00866985 10.14060020
v -29.71868918 3.85806990 10.14060020
v -0.30633000 5.53083992 10.54389954
v -29.95569060 0.61422002 10.14060020
v -29.84009002 -2.63611007 10.14060020
v 29.97220971 2.05655003 10.14060020
v -29.13188956 7.05731010 10.14060020
v -28.01419089 10.56122017 10.14060020
v 29.09411027 7.52404022 10.14060020
v -28.01419089 10.56122017 10.14060020
v -26.79219077 13.47311974 10.14060020
v -0.30633000 5.53083992 10.54389954
v 28.09139993 10.56282997 10.14060020
v -24.99769042 16.58122063 10.14060020
v -0.30633000 5.53083992 10.54389954
v 25.07631089 16.58061981 10.14060020
v 26.87071016 13.47253036 10.14060020
v 28.09139993 10.56282997 10.14060020
v -22.84548018 19.45203018 10.14060020
v 21.34209039 21.17674065 10.14060020
v 23.16550996 19.09482956 10.14060020
v 0.03910984 25.24341965 10.14060020
v 21.34209039 21.17674065 10.14060020
v -0.30633000 5.53083992 10.54389954
v -22.84548018 19.45203018 10.14060020
v 0.03910984 25.24341965 10.14060020
v -0.30633000 5.53083992 10.54389954
v -14.19569037 30.47311020 10.14060020
v 0.03910984 25.24341965 10.14060020
v -22.84548018 19.45203018 10.14060020
v 14.16130998 27.71701050 10.14060020
v 21.34209039 21.17674065 10.14060020
v 13.97251012 29.10572052 10.14060020
v 14.27391031 30.47311974 10.14060020
v -64.60060141 -19.38758087 0.14060000
v -26.99789069 -12.94627953 0.14060000
v -23.42520926 -18.63924980 0.14060000
v -62.37908957 -25.64088058 0.14060000
v -59.55439017 -31.64598083 0.14060000
v -56.15359137 -37.34458160 0.14060000
v -18.67461036 -23.39396095 0.14060000
v -52.20959113 -42.68178177 0.14060000
v -47.76058982 -47.60588074 0.14060000
v -42.84949134 -52.06938171 0.14060000
v -12.98458979 -26.97187996 0.14060000
v -37.52378867 -56.02907944 0.14060000
v -31.83509085 -59.44657898 0.14060000
v -25.83808921 -62.28908157 0.14060000
v -6.64052985 -29.19318008 0.14060000
v -19.59098075 -64.52887726 0.14060000
v -13.15409014 -66.14437866 0.14060000
v -3.32190011 -29.75737953 0.14060000
v -6.58956979 -67.11997223 0.14060000
v 0.03914996 -29.94627953 0.14060000
v 0.03910984 -67.44628143 0.14060000
v 6.66779020 -67.11997223 0.14060000
v 3.40020992 -29.75737000 0.14060000
v 13.23231008 -66.14437866 0.14060000
v 9.95330312 -28.26075935 0.14060000
v 19.66921022 -64.52887726 0.14060000
v 25.91630914 -62.28907013 0.14060000
v 16.00840928 -25.34276962 0.14060000
v 31.91331079 -59.44657135 0.14060000
v 37.60200860 -56.02907181 0.14060000
v 42.92771127 -52.06937027 0.14060000
v 21.26168039 -21.15010071 0.14060000
v 47.83880975 -47.60586929 0.14060000
v 52.28781106 -42.68177032 0.14060000
v 56.23181894 -37.34457016 0.14060000
v 25.44968965 -15.89309978 0.14060000
v 59.63261010 -31.64596939 0.14060000
v 62.45730951 -25.64086914 0.14060000
v 64.67881753 -19.38756943 0.14060000
v 66.52082040 11.73412991 0.14060000
v 28.92460992 8.15497303 0.14060000
v 65.02671029 18.29822922 0.14060000
v 62.88610818 24.68092918 0.14060000
v 27.90550973 11.16502953 0.14060000
v 60.12041070 30.81872940 0.14060000
v 26.57390954 14.05033016 0.14060000
v 56.75709893 36.65042877 0.14060000
v 23.03573014 19.31909943 0.14060000
v 52.82950952 42.11822891 0.14060000
v 48.37689950 47.16753006 0.14060000
v 14.43401983 27.07011032 0.14060000
v 43.44340112 51.74813080 0.14060000
v 38.07820108 55.81462860 0.14060000
v 14.00580957 28.40122986 0.14060000
v 14.06321027 29.80373001 0.14060000
v 17.06941011 38.26919937 0.14060000
v 16.39410951 39.49301910 0.14060000
v 32.33449914 59.32643127 0.14060000
v 15.23770978 40.27812958 0.14060000
v 26.26959970 62.24863052 0.14060000
v 19.94379976 64.55223083 0.14060000
v 10.29540994 41.81261826 0.14060000
v 13.41989972 66.21412659 0.14060000
v 5.20468976 42.74232864 0.14060000
v 6.76297977 67.21804047 0.14060000
v 0.03910984 43.05371857 0.14060000
v 0.03909995 67.55372620 0.14060000
v -5.12646983 42.74232864 0.14060000
v -6.68477986 67.21804047 0.14060000
v -10.21719001 41.81261826 0.14060000
v -13.34169982 66.21412659 0.14060000
v -19.86560080 64.55223083 0.14060000
v -16.72579024 38.92102814 0.14060000
v -26.19140075 62.24861908 0.14060000
v -32.25629065 59.32641983 0.14060000
v -38.00000022 55.81462097 0.14060000
v -43.36520026 51.74811935 0.14060000
v -20.79056952 21.64364052 0.14060000
v -48.29869101 47.16751862 0.14060000
v -22.95771048 19.31889915 0.14060000
v -52.75130103 42.11822128 0.14060000
v -26.49579070 14.05002022 0.14060000
v -56.67889045 36.65042114 0.14060000
v -60.04219077 30.81871986 0.14060000
v -27.82739089 11.16481972 0.14060000
v -62.80789969 24.68091965 0.14060000
v -28.84638999 8.15478325 0.14060000
v -64.94848655 18.29821968 0.14060000
v -66.44258902 11.73412037 0.14060000
v 26.53910997 -14.00866985 10.14060020
v 24.72709062 -16.99040031 10.14060020
v -0.30633000 5.53083992 10.54389954
v 20.13038041 -22.22500038 10.14060020
v 14.45027997 -26.25819016 10.14060020
v 14.45027997 -26.25819016 10.14060020
v -16.81798957 36.20391846 10.14291954
v -17.05109046 37.03052902 10.14291000
v -17.01288054 38.32173157 10.14054012
v -16.38039992 39.54288101 10.13362980
v -15.21439002 40.37392044 10.14000034
v -9.25968001 42.20281982 10.14000988
v -3.08255003 43.10330963 10.13998985
v 3.15993001 43.10340881 10.13998985
v 9.33707978 42.20302963 10.14000988
v 15.78859975 40.00233078 10.14021015
v 16.83708932 39.01018143 10.13957977
v 17.17640092 37.39722824 10.14021015
v 16.89619043 36.20391083 10.14000034
v -29.81048987 -2.94626999 0.14060000
v -29.13279937 -6.94626999 0.14060000
v -67.48123191 3.15657997 15.14060020
v -66.90590689 9.36474991 15.14060020
v -67.27549002 5.05372000 0.14060000
v -66.90590689 9.36474991 15.14060020
v -65.76029227 15.49339008 15.14060020
v -67.27549002 5.05372000 0.14060000
v -43.16117881 -51.98323822 15.14060020
v -43.16117881 -51.98323822 15.14060020
v 15.41515996 -65.76056671 15.14060020
v 25.91630914 -62.28907013 0.14060000
v 21.41187074 -64.05429077 15.14060020
v 27.22567918 -61.80210876 15.14060020
v 21.41187074 -64.05429077 15.14060020
v 25.91630914 -62.28907013 0.14060000
v 64.05429055 -21.49007988 15.14060020
v 66.27542093 -12.94626999 0.14060000
v 65.76061227 -15.49339008 15.14060020
v 66.90622689 -9.36474323 15.14060020
v 65.76061227 -15.49339008 15.14060020
v 66.27542093 -12.94626999 0.14060000
v 66.90622689 -9.36474323 15.14060020
v 66.27542093 -12.94626999 0.14060000
v 67.35372140 -4.94628000 0.14060000
v 47.78326013 47.69076157 15.14060020
v 51.98371865 43.08306885 15.14060020
v 48.37689950 47.16753006 0.14060000
v 47.78326013 47.69076157 15.14060020
v -15.41485045 65.76056671 15.14060020
v -19.86560080 64.55223083 0.14060000
v -21.41155074 64.05429077 15.14060020
v -27.22535918 61.80210114 15.14060020
v -21.41155074 64.05429077 15.14060020
v -19.86560080 64.55223083 0.14060000
v -27.22535918 61.80210114 15.14060020
v -19.86560080 64.55223083 0.14060000
v -26.19140075 62.24861908 0.14060000
v 21.39876916 -14.07536983 193.46409607
v 26.57818010 -14.08800030 203.14840698
v 26.09095933 -14.14846039 193.49139404
v 28.38635995 -14.16117001 201.17919922
v 29.23326089 -14.16401005 196.74180603
v 27.46582010 -14.16783047 194.22709656
v 27.46582010 -14.16783047 194.22709656
v 27.46582010 -14.16783047 194.22709656
v 29.23326089 -14.16401005 196.74180603
v 28.55604913 -14.16392994 195.33970642
v 29.69033029 -29.98163986 197.55650330
v 29.12687089 -29.98900986 195.95770264
v 29.23326089 -14.16401005 196.74180603
v 29.12687089 -29.98900986 195.95770264
v 28.55604913 -14.16392994 195.33970642
v 29.23326089 -14.16401005 196.74180603
v 29.12687089 -29.98900986 195.95770264
v 28.15232064 -30.70989990 194.19760132
v 28.55604913 -14.16392994 195.33970642
v 21.49189927 -35.58554840 193.14100647
v 21.39876916 -14.07536983 193.46409607
v 25.48686959 -30.31977081 193.18290710
v 25.48686959 -30.31977081 193.18290710
v 26.09095933 -14.14846039 193.49139404
v 27.46582010 -14.16783047 194.22709656
v 25.48686959 -30.31977081 193.18290710
v 27.46582010 -14.16783047 194.22709656
v 27.11713960 -30.73168945 193.51229858
v 27.46582010 -14.16783047 194.22709656
v 28.15232064 -30.70989990 194.19760132
v 27.11713960 -30.73168945 193.51229858
v 28.15232064 -30.70989990 194.19760132
v 27.46582010 -14.16783047 194.22709656
v 28.55604913 -14.16392994 195.33970642
v 21.49189927 -35.58554840 193.14100647
v 21.12270906 -28.88792992 193.14219666
v 21.39876916 -14.07536983 193.46409607
v 21.39876916 -14.07536983 193.46409607
v 26.09095933 -14.14846039 193.49139404
v 25.48686959 -30.31977081 193.18290710
v 10.70530965 -20.04277992 200.90139771
v 15.37032964 -19.99501991 188.33479309
v -15.38684008 -19.99488068 188.33470154
v -21.49515937 -28.98937035 193.14100647
v -26.23435042 -14.14846992 193.49139404
v -21.49510978 -19.99485016 193.14100647
v -28.13088057 -30.71404076 194.17500305
v -27.60922072 -14.16784000 194.22709656
v -27.01769088 -30.10811043 193.73959351
v -27.60922072 -14.16784000 194.22709656
v -26.23435042 -14.14846992 193.49139404
v -27.01769088 -30.10811043 193.73959351
v -26.23435042 -14.14846992 193.49139404
v -25.83313010 -30.16363907 193.28689575
v -27.01769088 -30.10811043 193.73959351
v -26.23435042 -14.14846992 193.49139404
v -21.50851081 -35.58535004 193.14100647
v -25.83313010 -30.16363907 193.28689575
v -21.50851081 -35.58535004 193.14100647
v -28.13088057 -30.71404076 194.17500305
v -28.69944976 -14.16394043 195.33970642
v -27.60922072 -14.16784000 194.22709656
v -28.13088057 -30.71404076 194.17500305
v -29.20772956 -30.24131012 196.06599426
v -28.69944976 -14.16394043 195.33970642
v -29.20772956 -30.24131012 196.06599426
v -29.57058928 -14.16784000 198.28779602
v -28.69944976 -14.16394043 195.33970642
v 10.70530965 -20.04277992 200.90139771
v 10.82779004 -0.05495995 198.86230469
v 15.37032964 -19.99501991 188.33479309
v 0.30542999 -20.00591087 213.14840698
v 11.08808019 -20.04277992 202.32539368
v 11.73836019 -19.99501038 222.46020508
v 27.08090951 -19.99508095 203.18609619
v 11.73836019 -19.99501038 222.46020508
v 11.60951020 -27.98278046 222.63720703
v 27.08090951 -19.99508095 203.18609619
v 10.06336000 -19.99500084 224.25129700
v 5.95735004 -19.99497986 226.90209961
v 1.21746995 -19.99496078 228.09080505
v -1.23405001 -19.99493980 228.09080505
v -5.97392009 -19.99492073 226.90209961
v -8.13560317 -19.99490929 225.74519348
v -10.07994960 -19.99494934 224.25129700
v -11.75492022 -19.99489021 222.46020508
v -19.56056998 -29.16169930 212.21549988
v -11.76620982 -27.98262024 222.47230530
v -11.75492022 -19.99489021 222.46020508
v -28.61985038 -31.02658081 201.17630005
v -19.56056998 -29.16169930 212.21549988
v -11.75492022 -19.99489021 222.46020508
v 28.61214997 -30.50733948 201.16969299
v 29.69033029 -29.98163986 197.55650330
v 29.23326089 -14.16401005 196.74180603
v 28.38635995 -14.16117001 201.17919922
v 28.61214997 -30.50733948 201.16969299
v 29.23326089 -14.16401005 196.74180603
v -28.52974913 -14.16117954 201.17919922
v -29.58532927 -31.27478981 199.48629761
v -28.61985038 -31.02658081 201.17630005
v -29.20772956 -30.24131012 196.06599426
v -29.68496917 -29.98092079 198.69279480
v -29.57058928 -14.16784000 198.28779602
v -29.68496917 -29.98092079 198.69279480
v -28.52974913 -14.16117954 201.17919922
v -29.57058928 -14.16784000 198.28779602
v -29.68496917 -29.98092079 198.69279480
v -29.58532927 -31.27478981 199.48629761
v -28.52974913 -14.16117954 201.17919922
v 27.46582010 -14.16783047 194.22709656
v 26.57818010 -14.08800030 203.14840698
v 28.38635995 -14.16117001 201.17919922
v 10.76732042 -13.86542034 201.64289856
v 12.11929967 -14.04642010 203.06089783
v 21.39876916 -14.07536983 193.46409607
v 21.39876916 -14.07536983 193.46409607
v 12.11929967 -14.04642010 203.06089783
v 26.57818010 -14.08800030 203.14840698
v 12.11929967 -14.04642010 203.06089783
v 27.08090951 -19.99508095 203.18609619
v 26.57818010 -14.08800030 203.14840698
v 12.11929967 -14.04642010 203.06089783
v 11.08808019 -20.04277992 202.32539368
v 27.08090951 -19.99508095 203.18609619
v 10.76732042 -13.86542034 201.64289856
v 21.39876916 -14.07536983 193.46409607
v 10.88078954 -6.11724997 201.96809387
v 27.08090951 -19.99508095 203.18609619
v 28.38635995 -14.16117001 201.17919922
v 26.57818010 -14.08800030 203.14840698
v 11.08808019 -20.04277992 202.32539368
v 10.76732042 -13.86542034 201.64289856
v 10.70530965 -20.04277992 200.90139771
v 10.76732042 -13.86542034 201.64289856
v 11.08808019 -20.04277992 202.32539368
v 12.11929967 -14.04642010 203.06089783
v 10.82779004 -0.05495995 198.86230469
v 10.70530965 -20.04277992 200.90139771
v 10.76732042 -13.86542034 201.64289856
v 27.56361940 -30.98838997 192.29089355
v 27.47499063 -30.98838043 185.86230469
v 26.96849992 -31.01416969 183.14100647
v 29.74409082 -30.96025085 198.37590027
v 29.12687089 -29.98900986 195.95770264
v 29.69033029 -29.98163986 197.55650330
v 29.74409082 -30.96025085 198.37590027
v 29.69033029 -29.98163986 197.55650330
v 28.61214997 -30.50733948 201.16969299
v 11.73836019 -0.00498992 222.46020508
v 26.86416032 -0.00490999 203.22079468
v 11.60949971 7.98278999 222.63720703
v 26.86416032 -0.00490999 203.22079468
v 11.73836019 -0.00498992 222.46020508
v 11.52675035 -0.05495995 202.76469421
v 0.30542000 0.00589991 213.14840698
v 10.82779004 -0.05495995 198.86230469
v 10.82779004 -0.05495995 198.86230469
v 0.30542000 0.00589991 213.14840698
v 15.37032010 -0.00496995 188.33479309
v -30.50322936 12.80340958 197.74429321
v -29.67948935 13.00988960 199.79890442
v -32.14244864 14.30173016 196.42640686
v -15.38684962 -0.00512993 188.33470154
v 21.47862985 8.98956203 185.94099426
v 15.37032010 -0.00496995 188.33479309
v -21.49515937 8.98935986 185.94099426
v 21.12269952 8.88794994 193.14230347
v 21.39870050 -6.05413008 193.66160583
v 21.47862985 8.98956203 185.94099426
v -21.49515937 8.98935986 185.94099426
v 21.12269952 8.88794994 193.14230347
v 21.47862985 8.98956203 185.94099426
v -21.49515937 8.98935318 193.14100647
v -21.49511931 -0.00515997 193.14100647
v -26.23440955 -5.95030022 193.49119568
v 21.39870050 -6.05413008 193.66160583
v 25.48686006 10.31978035 193.18290710
v 26.09101083 -5.95029020 193.49119568
v 21.49189927 15.58557034 193.14100647
v 21.39870050 -6.05413008 193.66160583
v 21.12269952 8.88794994 193.14230347
v -28.13089011 10.71403027 194.17500305
v -27.01770041 10.10809994 193.73959351
v -27.60911010 -5.92986012 194.22729492
v -27.60911010 -5.92986012 194.22729492
v -27.01770041 10.10809994 193.73959351
v -26.23440955 -5.95030022 193.49119568
v -26.23440955 -5.95030022 193.49119568
v -27.01770041 10.10809994 193.73959351
v -25.83313964 10.16362000 193.28689575
v -21.49511931 -0.00515997 193.14100647
v -21.49515937 8.98935318 193.14100647
v -21.49515937 8.98935986 185.94099426
v 28.15230920 10.70991039 194.19760132
v 28.55591943 -5.93366003 195.33979797
v 27.46570947 -5.92985010 194.22729492
v 27.46570947 -5.92985010 194.22729492
v 27.11713960 10.73169994 193.51229858
v 28.15230920 10.70991039 194.19760132
v 25.48686006 10.31978035 193.18290710
v 27.11713960 10.73169994 193.51229858
v 27.46570947 -5.92985010 194.22729492
v 25.48686006 10.31978035 193.18290710
v 27.46570947 -5.92985010 194.22729492
v 26.09101083 -5.95029020 193.49119568
v 10.59461953 14.28629971 212.63659668
v 13.68521955 14.29911041 211.31390381
v 14.48286035 14.55405998 193.14100647
v -14.86117957 13.86501980 212.05780029
v -14.33873008 13.31698036 213.88980103
v -13.91885970 14.26721001 211.63299561
v 10.06335046 -0.00500000 224.25129700
v 5.95734002 -0.00501990 226.90209961
v 1.21746006 -0.00503993 228.09080505
v -1.23405001 -0.00505996 228.09080505
v -5.97393010 -0.00507993 226.90209961
v -8.13560984 -0.00509000 225.74519348
v -10.07994960 -0.00505996 224.25129700
v -11.75492976 -0.00510991 222.46020508
v -11.76620982 7.98261976 222.47230530
v -17.75979064 10.64507008 213.63459778
v -19.56057952 9.16168976 212.21549988
v -9.71045993 11.30990028 222.84899902
v -17.75979064 10.64507008 213.63459778
v -11.76620982 7.98261976 222.47230530
v -9.71045993 11.30990028 222.84899902
v -16.29351065 12.62306976 212.91110229
v -17.75979064 10.64507008 213.63459778
v -14.33873008 13.31698036 213.88980103
v -16.29351065 12.62306976 212.91110229
v -9.71045993 11.30990028 222.84899902
v -8.34781955 13.16497993 221.48550415
v -14.33873008 13.31698036 213.88980103
v -9.71045993 11.30990028 222.84899902
v -14.33873008 13.31698036 213.88980103
v -5.66178010 14.28621006 218.79780579
v -13.91885970 14.26721001 211.63299561
v -14.33873008 13.31698036 213.88980103
v -8.34781955 13.16497993 221.48550415
v -5.66178010 14.28621006 218.79780579
v 10.59461953 14.28629971 212.63659668
v 0.00481989 14.05591011 212.80209351
v 5.64505985 14.28627014 218.79780579
v -5.66178010 14.28621006 218.79780579
v 0.00481989 14.05591011 212.80209351
v -13.91885970 14.26721001 211.63299561
v 14.31346967 13.30280972 213.88540649
v 14.47000959 14.12300014 211.98049927
v 12.05930974 14.15369034 213.03100586
v 5.64505985 14.28627014 218.79780579
v 12.05930974 14.15369034 213.03100586
v 10.59461953 14.28629971 212.63659668
v 5.64505985 14.28627014 218.79780579
v 14.31346967 13.30280972 213.88540649
v 12.05930974 14.15369034 213.03100586
v 9.69377305 11.31000996 222.84899902
v 15.97028043 12.39993000 213.53570557
v 14.31346967 13.30280972 213.88540649
v 9.69377305 11.31000996 222.84899902
v 17.88512017 10.46420002 213.56059265
v 15.97028043 12.39993000 213.53570557
v 9.69377305 11.31000996 222.84899902
v 14.31346967 13.30280972 213.88540649
v 5.64505985 14.28627014 218.79780579
v 9.69377305 11.31000996 222.84899902
v 19.13907983 8.90956974 212.83580017
v 17.88512017 10.46420002 213.56059265
v 11.60949971 7.98278999 222.63720703
v 19.13907983 8.90956974 212.83580017
v 9.69377305 11.31000996 222.84899902
v 17.88512017 10.46420002 213.56059265
v 19.13907983 8.90956974 212.83580017
v 19.45202043 12.02960968 211.11259460
v 18.30974939 13.68389988 210.69590759
v 17.88512017 10.46420002 213.56059265
v 19.45202043 12.02960968 211.11259460
v 15.97028043 12.39993000 213.53570557
v 15.97028043 12.39993000 213.53570557
v 14.47000959 14.12300014 211.98049927
v 14.31346967 13.30280972 213.88540649
v 15.97028043 12.39993000 213.53570557
v 15.56904008 14.94497967 209.91619873
v 14.47000959 14.12300014 211.98049927
v 15.97028043 12.39993000 213.53570557
v 17.12171914 15.64486027 209.27340698
v 15.56904008 14.94497967 209.91619873
v 18.30974939 13.68389988 210.69590759
v 17.12171914 15.64486027 209.27340698
v 15.97028043 12.39993000 213.53570557
v -10.07994960 -0.00505996 224.25129700
v -10.60647033 7.42226982 223.74780273
v -11.76620982 7.98261976 222.47230530
v -10.07994960 -0.00505996 224.25129700
v -11.76620982 7.98261976 222.47230530
v -11.75492976 -0.00510991 222.46020508
v -5.97393010 -0.00507993 226.90209961
v -6.75969003 5.95628023 226.09620667
v -8.13560984 -0.00509000 225.74519348
v -5.97393010 -0.00507993 226.90209961
v -3.48390005 5.95629978 227.33189392
v -6.75969003 5.95628023 226.09620667
v -1.23405001 -0.00505996 228.09080505
v -3.48390005 5.95629978 227.33189392
v -5.97393010 -0.00507993 226.90209961
v -1.23405001 -0.00505996 228.09080505
v -0.00832997 5.95631981 227.75180054
v -3.48390005 5.95629978 227.33189392
v 1.21746006 -0.00503993 228.09080505
v -0.00832997 5.95631981 227.75180054
v -1.23405001 -0.00505996 228.09080505
v 11.73836019 -0.00498992 222.46020508
v 10.52494981 8.08446980 223.68530273
v 10.06335046 -0.00500000 224.25129700
v 11.60949971 7.98278999 222.63720703
v 10.52494981 8.08446980 223.68530273
v 11.73836019 -0.00498992 222.46020508
v -19.33534072 12.47243977 210.99200439
v -19.56057952 9.16168976 212.21549988
v -17.75979064 10.64507008 213.63459778
v -18.46945021 13.78697968 210.56069946
v -17.75979064 10.64507008 213.63459778
v -16.29351065 12.62306976 212.91110229
v -18.46945021 13.78697968 210.56069946
v -19.33534072 12.47243977 210.99200439
v -17.75979064 10.64507008 213.63459778
v -14.86117957 13.86501980 212.05780029
v -16.29351065 12.62306976 212.91110229
v -14.33873008 13.31698036 213.88980103
v -16.56405089 15.84821033 208.96659851
v -16.29351065 12.62306976 212.91110229
v -14.86117957 13.86501980 212.05780029
v -16.56405089 15.84821033 208.96659851
v -18.46945021 13.78697968 210.56069946
v -16.29351065 12.62306976 212.91110229
v -19.56057952 9.16168976 212.21549988
v -11.75492976 -0.00510991 222.46020508
v -11.76620982 7.98261976 222.47230530
v -28.61985991 11.02657032 201.17630005
v -11.75492976 -0.00510991 222.46020508
v -19.56057952 9.16168976 212.21549988
v -11.76620982 7.98261976 222.47230530
v -10.60647033 7.42226982 223.74780273
v -9.71045993 11.30990028 222.84899902
v 26.59202935 23.15303040 201.38879395
v 19.45202043 12.02960968 211.11259460
v 19.13907983 8.90956974 212.83580017
v 26.59202935 23.15303040 201.38879395
v 18.30974939 13.68389988 210.69590759
v 19.45202043 12.02960968 211.11259460
v 9.69377305 11.31000996 222.84899902
v 10.52494981 8.08446980 223.68530273
v 11.60949971 7.98278999 222.63720703
v -10.60647033 7.42226982 223.74780273
v -8.13560984 -0.00509000 225.74519348
v -6.75969003 5.95628023 226.09620667
v -6.75969003 5.95628023 226.09620667
v -6.18829987 8.18811989 225.11340332
v -10.60647033 7.42226982 223.74780273
v -3.48390005 5.95629978 227.33189392
v -6.18829987 8.18811989 225.11340332
v -6.75969003 5.95628023 226.09620667
v -3.48390005 5.95629978 227.33189392
v -0.00836996 8.18815994 226.61610413
v -6.18829987 8.18811989 225.11340332
v -0.00832997 5.95631981 227.75180054
v -0.00836996 8.18815994 226.61610413
v -3.48390005 5.95629978 227.33189392
v 3.46724989 5.95632982 227.33189392
v -0.00836996 8.18815994 226.61610413
v -0.00832997 5.95631981 227.75180054
v 3.46724989 5.95632982 227.33189392
v 6.17158010 8.18819332 225.11349487
v -0.00836996 8.18815994 226.61610413
v 6.74302985 5.95634985 226.09620667
v 6.17158010 8.18819332 225.11349487
v 3.46724989 5.95632982 227.33189392
v 6.74302985 5.95634985 226.09620667
v 10.52494981 8.08446980 223.68530273
v 6.17158010 8.18819332 225.11349487
v 3.46724989 5.95632982 227.33189392
v 1.21746006 -0.00503993 228.09080505
v 5.95734002 -0.00501990 226.90209961
v -0.00832997 5.95631981 227.75180054
v 1.21746006 -0.00503993 228.09080505
v 3.46724989 5.95632982 227.33189392
v 10.52494981 8.08446980 223.68530273
v 5.95734002 -0.00501990 226.90209961
v 10.06335046 -0.00500000 224.25129700
v 6.74302985 5.95634985 226.09620667
v 5.95734002 -0.00501990 226.90209961
v 10.52494981 8.08446980 223.68530273
v 3.46724989 5.95632982 227.33189392
v 5.95734002 -0.00501990 226.90209961
v 6.74302985 5.95634985 226.09620667
v -19.33534072 12.47243977 210.99200439
v -28.60543082 23.35913086 199.77369690
v -19.56057952 9.16168976 212.21549988
v -18.46945021 13.78697968 210.56069946
v -28.60543082 23.35913086 199.77369690
v -19.33534072 12.47243977 210.99200439
v 16.32771089 15.88887978 208.88429260
v 15.54028012 22.73134995 199.99940491
v 15.13318994 15.10266972 208.11309814
v 13.68521955 14.29911041 211.31390381
v 15.56904008 14.94497967 209.91619873
v 15.13318994 15.10266972 208.11309814
v 15.56904008 14.94497967 209.91619873
v 16.32771089 15.88887978 208.88429260
v 15.13318994 15.10266972 208.11309814
v 16.32771089 15.88887978 208.88429260
v 15.56904008 14.94497967 209.91619873
v 17.12171914 15.64486027 209.27340698
v 12.05930974 14.15369034 213.03100586
v 13.68521955 14.29911041 211.31390381
v 10.59461953 14.28629971 212.63659668
v 12.05930974 14.15369034 213.03100586
v 14.47000959 14.12300014 211.98049927
v 13.68521955 14.29911041 211.31390381
v -16.56405089 15.84821033 208.96659851
v -13.91885970 14.26721001 211.63299561
v -15.50284980 16.01193047 207.20979309
v -16.56405089 15.84821033 208.96659851
v -14.86117957 13.86501980 212.05780029
v -13.91885970 14.26721001 211.63299561
v -16.56405089 15.84821033 208.96659851
v -15.57314990 23.22389030 199.17759705
v -16.12684081 24.11815071 199.45530701
v -15.50284980 16.01193047 207.20979309
v -15.57314990 23.22389030 199.17759705
v -16.56405089 15.84821033 208.96659851
v 15.56904008 14.94497967 209.91619873
v 13.68521955 14.29911041 211.31390381
v 14.47000959 14.12300014 211.98049927
v -10.07994960 -0.00505996 224.25129700
v -8.13560984 -0.00509000 225.74519348
v -10.60647033 7.42226982 223.74780273
v -28.03118918 10.98810005 186.06260681
v -30.99608062 11.09043026 186.14089966
v -32.84587119 11.88463974 186.14089966
v -28.03118918 10.98810005 186.06260681
v -32.84587119 11.88463974 186.14089966
v -34.67765830 14.25417042 186.14089966
v -34.67765830 14.25417042 186.14089966
v -34.98698066 15.98501968 185.94970703
v -28.03118918 10.98810005 186.06260681
v 15.54028012 22.73134995 199.99940491
v 15.79894998 23.79947090 193.05169678
v 15.13318994 15.10266972 208.11309814
v 15.79894998 23.79947090 193.05169678
v 14.48286035 14.55405998 193.14100647
v 15.13318994 15.10266972 208.11309814
v -13.91885970 14.26721001 211.63299561
v 0.00481989 14.05591011 212.80209351
v -15.23112986 15.28555012 193.14100647
v 14.48286035 14.55405998 193.14100647
v 0.00481989 14.05591011 212.80209351
v 10.59461953 14.28629971 212.63659668
v -15.23112986 15.28555012 193.14100647
v 0.00481989 14.05591011 212.80209351
v 14.48286035 14.55405998 193.14100647
v -27.23449919 14.78579044 191.37500000
v -26.13438056 15.58530998 193.08070374
v -27.23451064 14.78579044 192.90699768
v 34.27392175 13.32266998 192.13810730
v 34.91373040 15.23474026 186.14100647
v 34.96213128 15.42035961 191.40379333
v 34.27392175 13.32266998 192.13810730
v 32.83082177 11.88597965 186.14100647
v 34.91373040 15.23474026 186.14100647
v 33.26441171 12.18997955 191.99510193
v 32.83082177 11.88597965 186.14100647
v 34.27392175 13.32266998 192.13810730
v 31.64726999 11.23418999 192.17300415
v 32.83082177 11.88597965 186.14100647
v 33.26441171 12.18997955 191.99510193
v 31.64726999 11.23418999 192.17300415
v 30.98043992 11.09095001 186.14100647
v 32.83082177 11.88597965 186.14100647
v -27.23449919 14.78579044 191.37500000
v -25.79257033 15.58530045 183.14100647
v -25.79258940 15.58530998 191.14100647
v 25.48686006 10.31978035 193.18290710
v 25.77598932 15.58557987 193.14100647
v 27.21789911 14.78604031 192.90699768
v 21.49189927 15.58557034 193.14100647
v 21.12269952 8.88794994 193.14230347
v 14.48286035 14.55405998 193.14100647
v 21.49189927 15.58557034 193.14100647
v 25.48686006 10.31978035 193.18290710
v 21.39870050 -6.05413008 193.66160583
v 25.77598932 15.58557987 193.14100647
v 25.48686006 10.31978035 193.18290710
v 21.49189927 15.58557034 193.14100647
v 21.85623910 22.07732010 193.14100647
v 21.50785997 20.57481956 193.14100647
v 17.70384958 24.81410980 193.14100647
v 17.70384958 24.81410980 193.14100647
v 23.87268998 24.13467026 193.00700378
v 21.85623910 22.07732010 193.14100647
v 23.87268998 24.13467026 193.00700378
v 17.70384958 24.81410980 193.14100647
v 25.18588044 24.97985077 193.00480652
v 14.48286035 14.55405998 193.14100647
v 15.79894998 23.79947090 193.05169678
v 17.70384958 24.81410980 193.14100647
v -15.98145983 23.93965912 193.10029602
v -21.49515937 8.98935318 193.14100647
v -18.36626075 24.93964958 193.14100647
v -21.49515937 8.98935318 193.14100647
v -15.98145983 23.93965912 193.10029602
v -15.23112986 15.28555012 193.14100647
v -18.36626075 24.93964958 193.14100647
v -21.50851081 15.58533955 193.14100647
v -22.25951979 19.97178078 192.98599243
v -21.50851081 15.58533955 193.14100647
v -18.36626075 24.93964958 193.14100647
v -18.36626075 24.93964958 193.14100647
v -21.95717070 21.40113068 193.15570068
v -22.86751006 22.95523071 193.00720215
v -22.25951979 19.97178078 192.98599243
v -21.95717070 21.40113068 193.15570068
v -18.36626075 24.93964958 193.14100647
v -18.36626075 24.93964958 193.14100647
v -23.89258979 24.13780975 193.00720215
v -25.20449088 24.97958946 192.99809265
v -22.86751006 22.95523071 193.00720215
v -26.23440955 -5.95030022 193.49119568
v -25.83313964 10.16362000 193.28689575
v -21.50851081 15.58533955 193.14100647
v -21.50851081 15.58533955 193.14100647
v -21.50851081 15.58533955 193.14100647
v -25.83313964 10.16362000 193.28689575
v -26.13438056 15.58530998 193.08070374
v -25.83313964 10.16362000 193.28689575
v -27.23451064 14.78579044 192.90699768
v -26.13438056 15.58530998 193.08070374
v 14.48286035 14.55405998 193.14100647
v 13.68521955 14.29911041 211.31390381
v 15.13318994 15.10266972 208.11309814
v 32.83082177 11.88597965 186.14100647
v 30.98043992 11.09095001 186.14100647
v 34.91373040 15.23474026 186.14100647
v 30.98043992 11.09095001 186.14100647
v 27.47497918 10.98840046 185.86230469
v 34.91373040 15.23474026 186.14100647
v -25.79258940 15.58530998 191.14100647
v -26.13438056 15.58530998 193.08070374
v -27.23449919 14.78579044 191.37500000
v -27.23449919 14.78579044 191.37500000
v -26.98501990 11.01389027 183.14100647
v -25.79257033 15.58530045 183.14100647
v -27.20830939 10.97332001 192.92820740
v -26.98501990 11.01389027 183.14100647
v -27.23449919 14.78579044 191.37500000
v -21.49515937 8.98935986 185.94099426
v -21.49515937 8.98935318 193.14100647
v 21.12269952 8.88794994 193.14230347
v -34.98698066 16.48372078 183.14089966
v -23.34120963 22.76534081 183.14100647
v -22.51057074 15.58533001 183.14100647
v -25.79257033 15.58530045 183.14100647
v -26.98501990 11.01389027 183.14100647
v -25.58365081 24.60102081 183.14100647
v -34.11043952 23.48006058 183.14089966
v -32.72449134 24.58338928 183.14089966
v -34.88906119 21.86153030 183.14089966
v -18.36626075 24.93964958 193.14100647
v -17.63451026 24.72850037 199.51710510
v -16.12684081 24.11815071 199.45530701
v -18.36626075 24.93964958 193.14100647
v -18.99667952 24.95137978 199.29609680
v -17.63451026 24.72850037 199.51710510
v -16.12684081 24.11815071 199.45530701
v -15.98145983 23.93965912 193.10029602
v -18.36626075 24.93964958 193.14100647
v 34.96213128 15.42035961 191.40379333
v 34.91373040 15.23474026 186.14100647
v 34.98316171 20.98681068 191.82209778
v 34.98316171 20.98681068 191.82209778
v 34.91373040 15.23474026 186.14100647
v 34.97037866 16.48409081 183.14100647
v 34.97037866 16.48409081 183.14100647
v 34.57389810 22.71797943 183.14100647
v 34.98316171 20.98681068 191.82209778
v 27.21789911 14.78604031 192.90699768
v 27.56360986 10.98840046 192.29089355
v 27.11713960 10.73169994 193.51229858
v 27.44096925 14.78608036 191.64100647
v 27.56360986 10.98840046 192.29089355
v 27.21789911 14.78604031 192.90699768
v -21.50851081 15.58533955 193.14100647
v -25.79258940 15.58530998 191.14100647
v -25.79257033 15.58530045 183.14100647
v -26.13438056 15.58530998 193.08070374
v -22.51057074 15.58533001 183.14100647
v -25.83313964 10.16362000 193.28689575
v -27.12843917 10.69655991 193.52999878
v -27.20830939 10.97332001 192.92820740
v -25.83313964 10.16362000 193.28689575
v -27.01770041 10.10809994 193.73959351
v -27.12843917 10.69655991 193.52999878
v 25.77598932 15.58557987 193.14100647
v 21.49189927 15.58557034 193.14100647
v 25.77598932 15.58557987 191.14100647
v 25.77598932 15.58557987 191.14100647
v 22.49399926 15.58557034 183.14100647
v 26.57550981 14.78608036 183.14100647
v 22.49399926 15.58557034 183.14100647
v -16.12684081 24.11815071 199.45530701
v -17.63451026 24.72850037 199.51710510
v -17.29783080 23.95095062 200.95520020
v -17.63451026 24.72850037 199.51710510
v -18.99667952 24.95137978 199.29609680
v -17.29783080 23.95095062 200.95520020
v -32.04127143 11.52369022 192.49420166
v -30.99608062 11.09043026 186.14089966
v -30.61900924 10.96506977 191.61709595
v -32.04127143 11.52369022 192.49420166
v -32.84587119 11.88463974 186.14089966
v -30.99608062 11.09043026 186.14089966
v -33.10561011 12.07831001 191.39920044
v -32.84587119 11.88463974 186.14089966
v -32.04127143 11.52369022 192.49420166
v -34.27774070 13.29146957 191.40559387
v -32.84587119 11.88463974 186.14089966
v -33.10561011 12.07831001 191.39920044
v -34.27774070 13.29146957 191.40559387
v -34.67765830 14.25417042 186.14089966
v -32.84587119 11.88463974 186.14089966
v -34.99179099 15.41790962 191.61720276
v -34.67765830 14.25417042 186.14089966
v -34.27774070 13.29146957 191.40559387
v -34.99179099 15.41790962 191.61720276
v -34.98698066 15.98501968 185.94970703
v -34.67765830 14.25417042 186.14089966
v 27.56360986 10.98840046 192.29089355
v 26.96849038 11.01418018 183.14100647
v 27.47497918 10.98840046 185.86230469
v -26.98501990 11.01389027 183.14100647
v -27.20830939 10.97332001 192.92820740
v -28.03118918 10.98810005 186.06260681
v 16.12535073 24.09111023 199.50140381
v 17.70384958 24.81410980 193.14100647
v 15.79894998 23.79947090 193.05169678
v 18.98076036 24.83241081 199.82800293
v 17.70384958 24.81410980 193.14100647
v 16.12535073 24.09111023 199.50140381
v -27.23451064 14.78579044 192.90699768
v -27.20830939 10.97332001 192.92820740
v -27.23449919 14.78579044 191.37500000
v -27.23451064 14.78579044 192.90699768
v -25.83313964 10.16362000 193.28689575
v -27.20830939 10.97332001 192.92820740
v -15.23112986 15.28555012 193.14100647
v -15.50284980 16.01193047 207.20979309
v -13.91885970 14.26721001 211.63299561
v 18.98076036 24.83241081 199.82800293
v 16.12535073 24.09111023 199.50140381
v 16.44972017 23.47283936 200.97320557
v 27.56360986 10.98840046 192.29089355
v 28.41718080 10.99705029 193.69540405
v 27.11713960 10.73169994 193.51229858
v 27.56360986 10.98840046 192.29089355
v 31.64726999 11.23418999 192.17300415
v 28.41718080 10.99705029 193.69540405
v 27.47497918 10.98840046 185.86230469
v 31.64726999 11.23418999 192.17300415
v 27.56360986 10.98840046 192.29089355
v 31.64726999 11.23418999 192.17300415
v 27.47497918 10.98840046 185.86230469
v 30.98043992 11.09095001 186.14100647
v -27.20830939 10.97332001 192.92820740
v -30.99608062 11.09043026 186.14089966
v -28.03118918 10.98810005 186.06260681
v -27.20830939 10.97332001 192.92820740
v -30.61900924 10.96506977 191.61709595
v -30.99608062 11.09043026 186.14089966
v -27.20830939 10.97332001 192.92820740
v -28.63479064 10.96214008 193.90010071
v -30.61900924 10.96506977 191.61709595
v -15.23112986 15.28555012 193.14100647
v -15.57314990 23.22389030 199.17759705
v -15.50284980 16.01193047 207.20979309
v -15.23112986 15.28555012 193.14100647
v -15.98145983 23.93965912 193.10029602
v -15.57314990 23.22389030 199.17759705
v -34.98698066 15.98501968 185.94970703
v -26.98501990 11.01389027 183.14100647
v -28.03118918 10.98810005 186.06260681
v -34.98698066 16.48372078 183.14089966
v -26.98501990 11.01389027 183.14100647
v -34.98698066 15.98501968 185.94970703
v -34.98698066 16.48372078 183.14089966
v -34.98698066 15.98501968 185.94970703
v -34.88906119 21.86153030 183.14089966
v -34.99179099 15.41790962 191.61720276
v -34.99179099 15.41790962 191.61720276
v -34.98701117 20.98196983 191.39920044
v -34.88906119 21.86153030 183.14089966
v 27.47497918 10.98840046 185.86230469
v 34.97037866 16.48409081 183.14100647
v 34.91373040 15.23474026 186.14100647
v 26.96849038 11.01418018 183.14100647
v 34.97037866 16.48409081 183.14100647
v 27.47497918 10.98840046 185.86230469
v -32.72449134 24.58338928 183.14089966
v -32.11706946 24.78396988 192.54570007
v -25.58365081 24.60102081 183.14100647
v -26.32861922 24.97957993 192.63540649
v -32.11706946 24.78396988 192.54570007
v -27.91811965 24.87932968 197.05639648
v -25.58365081 24.60102081 183.14100647
v -32.11706946 24.78396988 192.54570007
v -26.32861922 24.97957993 192.63540649
v -25.20449088 24.97958946 192.99809265
v -27.91811965 24.87932968 197.05639648
v -18.36626075 24.93964958 193.14100647
v -27.91811965 24.87932968 197.05639648
v -25.20449088 24.97958946 192.99809265
v -26.32861922 24.97957993 192.63540649
v -18.36626075 24.93964958 193.14100647
v -27.91811965 24.87932968 197.05639648
v -18.99667952 24.95137978 199.29609680
v 26.31559922 24.97986031 192.63900757
v 30.97274949 24.97987938 191.39930725
v 32.70780923 24.58374023 183.14100647
v 32.70780923 24.58374023 183.14100647
v 25.56698014 24.60128975 183.14100647
v 26.31559922 24.97986031 192.63900757
v 30.97274949 24.97987938 191.39930725
v 26.31559922 24.97986031 192.63900757
v 25.18588044 24.97985077 193.00480652
v 18.98076036 24.83241081 199.82800293
v 25.18588044 24.97985077 193.00480652
v 17.70384958 24.81410980 193.14100647
v 23.94515969 24.97985077 198.68960571
v 25.18588044 24.97985077 193.00480652
v 18.98076036 24.83241081 199.82800293
v 23.94515969 24.97985077 198.68960571
v 26.96849038 11.01418018 183.14100647
v 26.57550981 14.78608036 183.14100647
v 34.97037866 16.48409081 183.14100647
v 22.85803964 21.89442062 183.14100647
v 34.57389810 22.71797943 183.14100647
v 22.49399926 15.58557034 183.14100647
v 25.56698014 24.60128975 183.14100647
v 32.70780923 24.58374023 183.14100647
v 25.77598932 15.58557987 191.14100647
v 27.21789911 14.78604031 192.90699768
v 25.77598932 15.58557987 193.14100647
v 25.77598932 15.58557987 191.14100647
v 27.44096925 14.78608036 191.64100647
v 27.21789911 14.78604031 192.90699768
v 27.44096925 14.78608036 191.64100647
v 25.77598932 15.58557987 191.14100647
v 26.57550981 14.78608036 183.14100647
v 27.56360986 10.98840046 192.29089355
v 26.57550981 14.78608036 183.14100647
v 26.96849038 11.01418018 183.14100647
v 27.44096925 14.78608036 191.64100647
v 26.57550981 14.78608036 183.14100647
v 27.56360986 10.98840046 192.29089355
v 23.94515969 24.97985077 198.68960571
v 25.57122972 24.78536987 199.41850281
v 28.25463083 24.81620979 197.33970642
v 23.94515969 24.97985077 198.68960571
v 23.33081033 24.83233070 199.82859802
v 25.57122972 24.78536987 199.41850281
v 24.55476930 23.43408966 201.78939819
v 23.33081033 24.83233070 199.82859802
v 23.13392999 23.71640968 201.66999817
v 24.55476930 23.43408966 201.78939819
v 25.57122972 24.78536987 199.41850281
v 23.33081033 24.83233070 199.82859802
v 26.59202935 23.15303040 201.38879395
v 25.57122972 24.78536987 199.41850281
v 24.55476930 23.43408966 201.78939819
v 26.59202935 23.15303040 201.38879395
v 28.25463083 24.81620979 197.33970642
v 25.57122972 24.78536987 199.41850281
v 30.25830056 21.87187004 198.92640686
v 28.25463083 24.81620979 197.33970642
v 26.59202935 23.15303040 201.38879395
v -33.37408088 23.89328957 193.25729370
v -33.85981009 23.85172081 191.40550232
v -34.82411979 22.32403946 191.40809631
v -32.11706946 24.78396988 192.54570007
v -33.85981009 23.85172081 191.40550232
v -33.37408088 23.89328957 193.25729370
v -34.42157004 22.51173973 192.94380188
v -33.77167914 22.32010078 194.39070129
v -33.37408088 23.89328957 193.25729370
v -34.87440131 20.98974037 192.65539551
v -33.77167914 22.32010078 194.39070129
v -34.42157004 22.51173973 192.94380188
v -34.87440131 20.98974037 192.65539551
v -34.17876075 20.98644066 194.18280029
v -33.77167914 22.32010078 194.39070129
v -34.42157004 22.51173973 192.94380188
v -33.37408088 23.89328957 193.25729370
v -34.82411979 22.32403946 191.40809631
v -34.42157004 22.51173973 192.94380188
v -34.98701117 20.98196983 191.39920044
v -34.87440131 20.98974037 192.65539551
v -34.82411979 22.32403946 191.40809631
v -34.98701117 20.98196983 191.39920044
v -34.42157004 22.51173973 192.94380188
v -28.61985991 11.02657032 201.17630005
v -29.67948935 13.00988960 199.79890442
v -29.58534072 11.27478027 199.48629761
v -29.20773909 10.24129009 196.06599426
v -29.81076072 11.35785961 198.02909851
v -29.93568061 11.48744965 195.30079651
v -29.58534072 11.27478027 199.48629761
v -30.50322936 12.80340958 197.74429321
v -29.81076072 11.35785961 198.02909851
v -29.58534072 11.27478027 199.48629761
v -29.67948935 13.00988960 199.79890442
v -30.50322936 12.80340958 197.74429321
v -29.20773909 10.24129009 196.06599426
v -28.63479064 10.96214008 193.90010071
v -28.13089011 10.71403027 194.17500305
v -29.20773909 10.24129009 196.06599426
v -29.93568061 11.48744965 195.30079651
v -28.63479064 10.96214008 193.90010071
v -29.81076072 11.35785961 198.02909851
v -31.17922995 12.40927029 195.65510559
v -29.93568061 11.48744965 195.30079651
v -29.81076072 11.35785961 198.02909851
v -29.68498061 9.98091316 198.69279480
v -29.58534072 11.27478027 199.48629761
v -29.20773909 10.24129009 196.06599426
v -29.68498061 9.98091316 198.69279480
v -29.81076072 11.35785961 198.02909851
v -30.50322936 12.80340958 197.74429321
v -31.17922995 12.40927029 195.65510559
v -29.81076072 11.35785961 198.02909851
v -30.50322936 12.80340958 197.74429321
v -32.14244864 14.30173016 196.42640686
v -31.17922995 12.40927029 195.65510559
v -31.22900985 15.24396992 197.88650513
v -32.14244864 14.30173016 196.42640686
v -29.67948935 13.00988960 199.79890442
v -34.43127845 14.03746986 192.95060730
v -33.74781058 14.31050014 194.36799622
v -34.60358832 15.97807980 193.45419312
v -34.43127845 14.03746986 192.95060730
v -33.12210105 12.36458015 193.11900330
v -33.74781058 14.31050014 194.36799622
v -33.12210105 12.36458015 193.11900330
v -33.10561011 12.07831001 191.39920044
v -32.04127143 11.52369022 192.49420166
v -33.12210105 12.36458015 193.11900330
v -34.27774070 13.29146957 191.40559387
v -33.10561011 12.07831001 191.39920044
v -34.43127845 14.03746986 192.95060730
v -34.27774070 13.29146957 191.40559387
v -33.12210105 12.36458015 193.11900330
v -34.43127845 14.03746986 192.95060730
v -34.99179099 15.41790962 191.61720276
v -34.27774070 13.29146957 191.40559387
v -34.60358832 15.97807980 193.45419312
v -34.99179099 15.41790962 191.61720276
v -34.43127845 14.03746986 192.95060730
v 33.88890817 15.98538017 194.50579834
v 34.58066156 20.99011040 193.45150757
v 33.88890054 20.98233986 194.50570679
v 34.86442926 15.97844982 192.65719604
v 34.58066156 20.99011040 193.45150757
v 33.88890817 15.98538017 194.50579834
v 34.86442926 15.97844982 192.65719604
v 34.98316171 20.98681068 191.82209778
v 34.58066156 20.99011040 193.45150757
v 34.96213128 15.42035961 191.40379333
v 34.98316171 20.98681068 191.82209778
v 34.86442926 15.97844982 192.65719604
v -34.11043952 23.48006058 183.14089966
v -33.85981009 23.85172081 191.40550232
v -32.72449134 24.58338928 183.14089966
v -34.88906119 21.86153030 183.14089966
v -33.85981009 23.85172081 191.40550232
v -34.11043952 23.48006058 183.14089966
v -34.88906119 21.86153030 183.14089966
v -34.82411979 22.32403946 191.40809631
v -33.85981009 23.85172081 191.40550232
v -34.88906119 21.86153030 183.14089966
v -34.98701117 20.98196983 191.39920044
v -34.82411979 22.32403946 191.40809631
v -33.85981009 23.85172081 191.40550232
v -32.11706946 24.78396988 192.54570007
v -32.72449134 24.58338928 183.14089966
v 34.53155114 14.69207001 192.98809814
v 34.27392175 13.32266998 192.13810730
v 34.96213128 15.42035961 191.40379333
v 33.26441171 12.18997955 191.99510193
v 32.41484811 12.07866001 193.33630371
v 31.64726999 11.23418999 192.17300415
v 33.26441171 12.18997955 191.99510193
v 33.33884027 13.29117012 194.06019592
v 32.41484811 12.07866001 193.33630371
v 34.27392175 13.32266998 192.13810730
v 33.33884027 13.29117012 194.06019592
v 33.26441171 12.18997955 191.99510193
v 34.53155114 14.69207001 192.98809814
v 33.33884027 13.29117012 194.06019592
v 34.27392175 13.32266998 192.13810730
v 34.53155114 14.69207001 192.98809814
v 33.79088952 14.87376022 194.42799377
v 33.33884027 13.29117012 194.06019592
v 34.86442926 15.97844982 192.65719604
v 33.79088952 14.87376022 194.42799377
v 34.53155114 14.69207001 192.98809814
v 34.86442926 15.97844982 192.65719604
v 33.88890817 15.98538017 194.50579834
v 33.79088952 14.87376022 194.42799377
v 34.96213128 15.42035961 191.40379333
v 34.86442926 15.97844982 192.65719604
v 34.53155114 14.69207001 192.98809814
v 33.76684930 22.32434082 194.39750671
v 30.25830056 21.87187004 198.92640686
v 33.88890054 20.98233986 194.50570679
v 33.34786966 23.88521957 193.25360107
v 30.25830056 21.87187004 198.92640686
v 33.76684930 22.32434082 194.39750671
v 32.35298135 24.78690910 191.82369995
v 30.25830056 21.87187004 198.92640686
v 33.34786966 23.88521957 193.25360107
v 32.35298135 24.78690910 191.82369995
v 28.25463083 24.81620979 197.33970642
v 30.25830056 21.87187004 198.92640686
v 30.97274949 24.97987938 191.39930725
v 28.25463083 24.81620979 197.33970642
v 32.35298135 24.78690910 191.82369995
v 30.97274949 24.97987938 191.39930725
v 23.94515969 24.97985077 198.68960571
v 28.25463083 24.81620979 197.33970642
v 18.98076036 24.83241081 199.82800293
v 23.33081033 24.83233070 199.82859802
v 23.94515969 24.97985077 198.68960571
v 23.13392999 23.71640968 201.66999817
v 23.33081033 24.83233070 199.82859802
v 18.98076036 24.83241081 199.82800293
v 28.15230920 10.70991039 194.19760132
v 29.19454934 10.89103031 195.25939941
v 29.12685945 9.98902321 195.95770264
v 28.41718080 10.99705029 193.69540405
v 29.19454934 10.89103031 195.25939941
v 28.15230920 10.70991039 194.19760132
v 29.83060052 11.42817020 194.89199829
v 29.19454934 10.89103031 195.25939941
v 28.41718080 10.99705029 193.69540405
v 30.84877946 12.28299999 195.85400391
v 29.19454934 10.89103031 195.25939941
v 29.83060052 11.42817020 194.89199829
v 30.84877946 12.28299999 195.85400391
v 30.00443055 11.64074039 196.84280396
v 29.19454934 10.89103031 195.25939941
v 32.11730935 14.30389977 196.41859436
v 30.00443055 11.64074039 196.84280396
v 30.84877946 12.28299999 195.85400391
v 32.11730935 14.30389977 196.41859436
v 31.26448037 14.32287979 197.54029846
v 30.00443055 11.64074039 196.84280396
v 31.19198968 15.35321045 197.90840149
v 30.32497003 14.30799961 199.00559998
v 31.26448037 14.32287979 197.54029846
v 31.26448037 14.32287979 197.54029846
v 29.74409082 10.96026039 198.37600708
v 30.00443055 11.64074039 196.84280396
v 31.26448037 14.32287979 197.54029846
v 30.32497003 14.30799961 199.00559998
v 29.74409082 10.96026039 198.37600708
v 30.00443055 11.64074039 196.84280396
v 29.12685945 9.98902321 195.95770264
v 29.19454934 10.89103031 195.25939941
v 30.00443055 11.64074039 196.84280396
v 29.74409082 10.96026039 198.37600708
v 29.12685945 9.98902321 195.95770264
v 29.74409082 10.96026039 198.37600708
v 29.69032075 9.98165321 197.55650330
v 29.12685945 9.98902321 195.95770264
v 29.74409082 10.96026039 198.37600708
v 28.61214044 10.50734997 201.16969299
v 29.69032075 9.98165321 197.55650330
v 31.26448037 14.32287979 197.54029846
v 32.11730935 14.30389977 196.41859436
v 31.19198968 15.35321045 197.90840149
v 28.41718080 10.99705029 193.69540405
v 28.15230920 10.70991039 194.19760132
v 27.11713960 10.73169994 193.51229858
v -34.60358832 15.97807980 193.45419312
v -31.22900985 15.24396992 197.88650513
v -34.17876075 20.98644066 194.18280029
v -31.22900985 15.24396992 197.88650513
v -30.21916983 22.32220078 198.88589478
v -34.17876075 20.98644066 194.18280029
v -29.67948935 13.00988960 199.79890442
v -19.56057952 9.16168976 212.21549988
v -29.67948935 13.00988960 199.79890442
v -28.61985991 11.02657032 201.17630005
v -30.21916983 22.32220078 198.88589478
v -29.67948935 13.00988960 199.79890442
v -19.56057952 9.16168976 212.21549988
v -18.99667952 24.95137978 199.29609680
v -23.93211959 24.83510017 199.83560181
v -22.88443015 24.13721085 201.20799255
v -18.99667952 24.95137978 199.29609680
v -27.91811965 24.87932968 197.05639648
v -23.93211959 24.83510017 199.83560181
v 22.45825937 21.41522026 192.90220642
v 21.50785997 20.57481956 193.14100647
v 21.85623910 22.07732010 193.14100647
v 22.47733094 19.97113037 192.66760254
v 21.50785997 20.57481956 193.14100647
v 22.45825937 21.41522026 192.90220642
v 23.87268998 24.13467026 193.00700378
v 23.91976907 23.68203926 192.64050293
v 23.03812005 22.73579025 192.90020752
v 23.87268998 24.13467026 193.00700378
v 25.02808931 24.49245071 192.64050293
v 23.91976907 23.68203926 192.64050293
v 25.18588044 24.97985077 193.00480652
v 25.02808931 24.49245071 192.64050293
v 23.87268998 24.13467026 193.00700378
v 23.03812005 22.73579025 192.90020752
v 21.85623910 22.07732010 193.14100647
v 23.87268998 24.13467026 193.00700378
v 22.45825937 21.41522026 192.90220642
v 21.85623910 22.07732010 193.14100647
v 23.03812005 22.73579025 192.90020752
v 25.18588044 24.97985077 193.00480652
v 26.31559922 24.97986031 192.63900757
v 25.02808931 24.49245071 192.64050293
v -22.25951979 19.97178078 192.98599243
v -22.51057074 15.58533001 183.14100647
v -23.34120963 22.76534081 183.14100647
v -21.50851081 15.58533955 193.14100647
v -22.51057074 15.58533001 183.14100647
v -22.25951979 19.97178078 192.98599243
v 33.34786966 23.88521957 193.25360107
v 33.84255960 23.85223007 191.40539551
v 32.35298135 24.78690910 191.82369995
v 34.40488031 22.51210976 192.94400024
v 34.79639032 22.32103920 191.40609741
v 33.84255960 23.85223007 191.40539551
v 34.58066156 20.99011040 193.45150757
v 34.79639032 22.32103920 191.40609741
v 34.40488031 22.51210976 192.94400024
v 34.58066156 20.99011040 193.45150757
v 34.98316171 20.98681068 191.82209778
v 34.79639032 22.32103920 191.40609741
v 34.40488031 22.51210976 192.94400024
v 33.34786966 23.88521957 193.25360107
v 33.76684930 22.32434082 194.39750671
v 33.84255960 23.85223007 191.40539551
v 33.34786966 23.88521957 193.25360107
v 34.40488031 22.51210976 192.94400024
v 34.40488031 22.51210976 192.94400024
v 33.88890054 20.98233986 194.50570679
v 34.58066156 20.99011040 193.45150757
v 33.76684930 22.32434082 194.39750671
v 33.88890054 20.98233986 194.50570679
v 34.40488031 22.51210976 192.94400024
v 32.11730935 14.30389977 196.41859436
v 33.79088952 14.87376022 194.42799377
v 33.88890817 15.98538017 194.50579834
v 32.11730935 14.30389977 196.41859436
v 33.33884027 13.29117012 194.06019592
v 33.79088952 14.87376022 194.42799377
v 30.84877946 12.28299999 195.85400391
v 33.33884027 13.29117012 194.06019592
v 32.11730935 14.30389977 196.41859436
v 30.84877946 12.28299999 195.85400391
v 32.41484811 12.07866001 193.33630371
v 33.33884027 13.29117012 194.06019592
v 30.84877946 12.28299999 195.85400391
v 31.64726999 11.23418999 192.17300415
v 32.41484811 12.07866001 193.33630371
v 29.83060052 11.42817020 194.89199829
v 31.64726999 11.23418999 192.17300415
v 30.84877946 12.28299999 195.85400391
v 28.41718080 10.99705029 193.69540405
v 31.64726999 11.23418999 192.17300415
v 29.83060052 11.42817020 194.89199829
v -23.34120963 22.76534081 183.14100647
v -22.54471038 21.34432030 192.64100647
v -22.25951979 19.97178078 192.98599243
v -23.08347914 22.60833931 192.64089966
v -22.54471038 21.34432030 192.64100647
v -23.34120963 22.76534081 183.14100647
v -23.34120963 22.76534081 183.14100647
v -23.93836997 23.68398094 192.64089966
v -23.08347914 22.60833931 192.64089966
v -25.58365081 24.60102081 183.14100647
v -23.93836997 23.68398094 192.64089966
v -23.34120963 22.76534081 183.14100647
v -25.58365081 24.60102081 183.14100647
v -25.04809020 24.49427986 192.64089966
v -23.93836997 23.68398094 192.64089966
v -25.58365081 24.60102081 183.14100647
v -26.32861922 24.97957993 192.63540649
v -25.04809020 24.49427986 192.64089966
v -27.01770041 10.10809994 193.73959351
v -28.13089011 10.71403027 194.17500305
v -27.12843917 10.69655991 193.52999878
v -27.12843917 10.69655991 193.52999878
v -28.13089011 10.71403027 194.17500305
v -28.63479064 10.96214008 193.90010071
v -27.12843917 10.69655991 193.52999878
v -28.63479064 10.96214008 193.90010071
v -27.20830939 10.97332001 192.92820740
v 19.13907983 8.90956974 212.83580017
v 28.61214044 10.50734997 201.16969299
v 30.32497003 14.30799961 199.00559998
v 30.32497003 14.30799961 199.00559998
v 30.25830056 21.87187004 198.92640686
v 19.13907983 8.90956974 212.83580017
v 31.19198968 15.35321045 197.90840149
v 30.25830056 21.87187004 198.92640686
v 31.19198968 15.35321045 197.90840149
v 33.88890817 15.98538017 194.50579834
v 30.25830056 21.87187004 198.92640686
v 33.88890817 15.98538017 194.50579834
v 33.88890054 20.98233986 194.50570679
v 30.25830056 21.87187004 198.92640686
v -34.99179099 15.41790962 191.61720276
v -34.87440131 20.98974037 192.65539551
v -34.98701117 20.98196983 191.39920044
v -34.60358832 15.97807980 193.45419312
v -34.87440131 20.98974037 192.65539551
v -34.99179099 15.41790962 191.61720276
v -34.60358832 15.97807980 193.45419312
v -34.17876075 20.98644066 194.18280029
v -34.87440131 20.98974037 192.65539551
v 26.59202935 23.15303040 201.38879395
v 19.13907983 8.90956974 212.83580017
v 30.25830056 21.87187004 198.92640686
v 23.13392999 23.71640968 201.66999817
v 18.30974939 13.68389988 210.69590759
v 24.55476930 23.43408966 201.78939819
v 24.55476930 23.43408966 201.78939819
v 18.30974939 13.68389988 210.69590759
v 26.59202935 23.15303040 201.38879395
v 34.57389810 22.71797943 183.14100647
v 34.79639032 22.32103920 191.40609741
v 34.98316171 20.98681068 191.82209778
v 33.84255960 23.85223007 191.40539551
v 34.79639032 22.32103920 191.40609741
v 34.57389810 22.71797943 183.14100647
v 32.35298135 24.78690910 191.82369995
v 32.70780923 24.58374023 183.14100647
v 30.97274949 24.97987938 191.39930725
v 33.84255960 23.85223007 191.40539551
v 32.70780923 24.58374023 183.14100647
v 32.35298135 24.78690910 191.82369995
v 33.84255960 23.85223007 191.40539551
v 34.57389810 22.71797943 183.14100647
v 32.70780923 24.58374023 183.14100647
v 22.45825937 21.41522026 192.90220642
v 22.85803964 21.89442062 183.14100647
v 22.47733094 19.97113037 192.66760254
v 25.56698014 24.60128975 183.14100647
v 25.02808931 24.49245071 192.64050293
v 26.31559922 24.97986031 192.63900757
v 25.56698014 24.60128975 183.14100647
v 23.91976907 23.68203926 192.64050293
v 25.02808931 24.49245071 192.64050293
v 22.85803964 21.89442062 183.14100647
v 23.91976907 23.68203926 192.64050293
v 25.56698014 24.60128975 183.14100647
v 22.85803964 21.89442062 183.14100647
v 23.03812005 22.73579025 192.90020752
v 23.91976907 23.68203926 192.64050293
v 22.85803964 21.89442062 183.14100647
v 22.45825937 21.41522026 192.90220642
v 23.03812005 22.73579025 192.90020752
v 22.47733094 19.97113037 192.66760254
v 21.49189927 15.58557034 193.14100647
v 21.50785997 20.57481956 193.14100647
v -19.56057952 9.16168976 212.21549988
v -28.60543082 23.35913086 199.77369690
v -30.21916983 22.32220078 198.88589478
v -28.60543082 23.35913086 199.77369690
v -18.46945021 13.78697968 210.56069946
v -25.76243041 24.35804939 200.58349609
v -18.46945021 13.78697968 210.56069946
v -22.88443015 24.13721085 201.20799255
v -25.76243041 24.35804939 200.58349609
v -33.74781058 14.31050014 194.36799622
v -31.22900985 15.24396992 197.88650513
v -34.60358832 15.97807980 193.45419312
v -33.74781058 14.31050014 194.36799622
v -32.14244864 14.30173016 196.42640686
v -31.22900985 15.24396992 197.88650513
v -33.12210105 12.36458015 193.11900330
v -32.14244864 14.30173016 196.42640686
v -33.74781058 14.31050014 194.36799622
v -33.12210105 12.36458015 193.11900330
v -31.17922995 12.40927029 195.65510559
v -32.14244864 14.30173016 196.42640686
v -32.04127143 11.52369022 192.49420166
v -31.17922995 12.40927029 195.65510559
v -33.12210105 12.36458015 193.11900330
v -32.04127143 11.52369022 192.49420166
v -29.93568061 11.48744965 195.30079651
v -31.17922995 12.40927029 195.65510559
v -30.61900924 10.96506977 191.61709595
v -29.93568061 11.48744965 195.30079651
v -32.04127143 11.52369022 192.49420166
v -30.61900924 10.96506977 191.61709595
v -28.63479064 10.96214008 193.90010071
v -29.93568061 11.48744965 195.30079651
v -25.76243041 24.35804939 200.58349609
v -27.91811965 24.87932968 197.05639648
v -28.60543082 23.35913086 199.77369690
v -25.76243041 24.35804939 200.58349609
v -23.93211959 24.83510017 199.83560181
v -27.91811965 24.87932968 197.05639648
v -22.88443015 24.13721085 201.20799255
v -23.93211959 24.83510017 199.83560181
v -25.76243041 24.35804939 200.58349609
v 16.12535073 24.09111023 199.50140381
v 15.79894998 23.79947090 193.05169678
v 15.59813001 23.35947037 198.69599915
v 15.59813001 23.35947037 198.69599915
v 15.54028012 22.73134995 199.99940491
v 16.44972017 23.47283936 200.97320557
v 16.12535073 24.09111023 199.50140381
v 16.12535073 24.09111023 199.50140381
v 15.59813001 23.35947037 198.69599915
v 15.54028012 22.73134995 199.99940491
v -15.98145983 23.93965912 193.10029602
v -16.12684081 24.11815071 199.45530701
v -15.57314990 23.22389030 199.17759705
v -16.56405089 15.84821033 208.96659851
v -16.12684081 24.11815071 199.45530701
v -17.29783080 23.95095062 200.95520020
v -22.54471038 21.34432030 192.64100647
v -21.95717070 21.40113068 193.15570068
v -22.25951979 19.97178078 192.98599243
v -23.08347914 22.60833931 192.64089966
v -21.95717070 21.40113068 193.15570068
v -22.54471038 21.34432030 192.64100647
v -23.08347914 22.60833931 192.64089966
v -22.86751006 22.95523071 193.00720215
v -21.95717070 21.40113068 193.15570068
v -23.93836997 23.68398094 192.64089966
v -22.86751006 22.95523071 193.00720215
v -23.08347914 22.60833931 192.64089966
v -23.93836997 23.68398094 192.64089966
v -23.89258979 24.13780975 193.00720215
v -22.86751006 22.95523071 193.00720215
v -25.04809020 24.49427986 192.64089966
v -23.89258979 24.13780975 193.00720215
v -23.93836997 23.68398094 192.64089966
v -25.04809020 24.49427986 192.64089966
v -25.20449088 24.97958946 192.99809265
v -23.89258979 24.13780975 193.00720215
v -25.20449088 24.97958946 192.99809265
v -25.04809020 24.49427986 192.64089966
v -26.32861922 24.97957993 192.63540649
v 22.85803964 21.89442062 183.14100647
v 21.49189927 15.58557034 193.14100647
v 22.47733094 19.97113037 192.66760254
v 22.49399926 15.58557034 183.14100647
v 21.49189927 15.58557034 193.14100647
v 22.85803964 21.89442062 183.14100647
v -30.21916983 22.32220078 198.88589478
v -33.77167914 22.32010078 194.39070129
v -34.17876075 20.98644066 194.18280029
v -28.60543082 23.35913086 199.77369690
v -33.77167914 22.32010078 194.39070129
v -30.21916983 22.32220078 198.88589478
v -28.60543082 23.35913086 199.77369690
v -33.37408088 23.89328957 193.25729370
v -33.77167914 22.32010078 194.39070129
v -28.60543082 23.35913086 199.77369690
v -32.11706946 24.78396988 192.54570007
v -33.37408088 23.89328957 193.25729370
v -27.91811965 24.87932968 197.05639648
v -32.11706946 24.78396988 192.54570007
v -28.60543082 23.35913086 199.77369690
v 30.32497003 14.30799961 199.00559998
v 28.61214044 10.50734997 201.16969299
v 29.74409082 10.96026039 198.37600708
v 33.88890817 15.98538017 194.50579834
v 31.19198968 15.35321045 197.90840149
v 32.11730935 14.30389977 196.41859436
v 27.21789911 14.78604031 192.90699768
v 27.11713960 10.73169994 193.51229858
v 25.48686006 10.31978035 193.18290710
v 29.12685945 9.98902321 195.95770264
v 28.55591943 -5.93366003 195.33979797
v 28.15230920 10.70991039 194.19760132
v 29.12685945 9.98902321 195.95770264
v 29.23298051 -5.93372011 196.74180603
v 28.55591943 -5.93366003 195.33979797
v 29.69032075 9.98165321 197.55650330
v 29.23298051 -5.93372011 196.74180603
v 29.12685945 9.98902321 195.95770264
v 28.61214044 10.50734997 201.16969299
v 29.23298051 -5.93372011 196.74180603
v 29.69032075 9.98165321 197.55650330
v 28.61214044 10.50734997 201.16969299
v 29.13360955 -5.93043995 201.40829468
v 29.23298051 -5.93372011 196.74180603
v -29.27701018 -5.93044996 201.23510742
v -28.61985991 11.02657032 201.17630005
v -29.58534072 11.27478027 199.48629761
v -28.13089011 10.71403027 194.17500305
v -27.60911010 -5.92986012 194.22729492
v -28.69932006 -5.93367004 195.33979797
v -28.13089011 10.71403027 194.17500305
v -28.69932006 -5.93367004 195.33979797
v -29.20773909 10.24129009 196.06599426
v -29.20773909 10.24129009 196.06599426
v -28.69932006 -5.93367004 195.33979797
v -29.57037947 -5.92983007 198.28779602
v -29.20773909 10.24129009 196.06599426
v -29.57037947 -5.92983007 198.28779602
v -29.68498061 9.98091316 198.69279480
v -29.68498061 9.98091316 198.69279480
v -29.57037947 -5.92983007 198.28779602
v -29.27701018 -5.93044996 201.23510742
v -29.68498061 9.98091316 198.69279480
v -29.27701018 -5.93044996 201.23510742
v -29.58534072 11.27478027 199.48629761
v 28.55591943 -5.93366003 195.33979797
v 29.23298051 -5.93372011 196.74180603
v 27.46570947 -5.92985010 194.22729492
v 26.09101083 -5.95029020 193.49119568
v 26.69506051 -5.97774982 203.18220520
v 10.88078954 -6.11724997 201.96809387
v 26.09101083 -5.95029020 193.49119568
v 10.88078954 -6.11724997 201.96809387
v 21.39870050 -6.05413008 193.66160583
v 29.23298051 -5.93372011 196.74180603
v 29.13360955 -5.93043995 201.40829468
v 27.46570947 -5.92985010 194.22729492
v 27.46570947 -5.92985010 194.22729492
v 29.13360955 -5.93043995 201.40829468
v 26.69506051 -5.97774982 203.18220520
v 26.09101083 -5.95029020 193.49119568
v 15.37032964 -19.99501991 188.33479309
v 15.37032010 -0.00496995 188.33479309
v 21.47862985 8.98956203 185.94099426
v 26.86416032 -0.00490999 203.22079468
v 11.52675035 -0.05495995 202.76469421
v 26.69506051 -5.97774982 203.18220520
v 11.52675035 -0.05495995 202.76469421
v 10.88078954 -6.11724997 201.96809387
v 26.69506051 -5.97774982 203.18220520
v 10.88078954 -6.11724997 201.96809387
v 21.39876916 -14.07536983 193.46409607
v 21.39870050 -6.05413008 193.66160583
v 26.69506051 -5.97774982 203.18220520
v 29.13360955 -5.93043995 201.40829468
v 26.86416032 -0.00490999 203.22079468
v 21.47862985 8.98956203 185.94099426
v 21.39870050 -6.05413008 193.66160583
v 21.39876916 -14.07536983 193.46409607
v 15.37032964 -19.99501991 188.33479309
v 10.82779004 -0.05495995 198.86230469
v 15.37032010 -0.00496995 188.33479309
v 10.88078954 -6.11724997 201.96809387
v 11.52675035 -0.05495995 202.76469421
v 10.82779004 -0.05495995 198.86230469
v 10.82779004 -0.05495995 198.86230469
v 10.76732042 -13.86542034 201.64289856
v 10.88078954 -6.11724997 201.96809387
v 21.47863939 -28.98955917 185.94099426
v 21.47863939 -28.98955917 185.94099426
v -21.49515937 -28.98937035 185.94099426
v 21.12270906 -28.88792992 193.14219666
v -21.49515937 -28.98937035 193.14100647
v -21.49510978 -19.99485016 193.14100647
v -21.49515937 -28.98937035 185.94099426
v -21.49515937 -28.98937035 193.14100647
v -21.49515937 -28.98937035 185.94099426
v 21.47863939 -28.98955917 185.94099426
v 21.12270906 -28.88792992 193.14219666
v 21.12270906 -28.88792992 193.14219666
v 21.47863939 -28.98955917 185.94099426
v 21.39876916 -14.07536983 193.46409607
v -15.38684008 -19.99488068 188.33470154
v 21.47863939 -28.98955917 185.94099426
v -21.49515937 -28.98937035 185.94099426
v 15.37032964 -19.99501991 188.33479309
v -15.38684008 -19.99488068 188.33470154
v -21.49515937 -28.98937035 185.94099426
v -21.49515937 8.98935986 185.94099426
v -21.54216025 -14.07538033 193.46409607
v -21.49515937 8.98935986 185.94099426
v -21.49510978 -19.99485016 193.14100647
v -10.97118972 -0.05496984 198.86230469
v -11.02419017 -6.11724997 201.96809387
v -10.91072009 -13.86542988 201.64289856
v -11.02419017 -6.11724997 201.96809387
v -10.97118972 -0.05496984 198.86230469
v -11.67015002 -0.05495995 202.76469421
v -15.38684008 -19.99488068 188.33470154
v -15.38684962 -0.00512993 188.33470154
v -10.97118972 -0.05496984 198.86230469
v -21.49515937 8.98935986 185.94099426
v -21.54216025 -14.07538033 193.46409607
v -21.54209922 -6.05414009 193.66160583
v -21.49515937 8.98935986 185.94099426
v -21.54209922 -6.05414009 193.66160583
v -21.49511931 -0.00515997 193.14100647
v -26.83845923 -5.97776985 203.18220520
v -26.95328925 -0.00518995 203.19009399
v -29.27701018 -5.93044996 201.23510742
v -26.23440955 -5.95030022 193.49119568
v -21.49511931 -0.00515997 193.14100647
v -21.54209922 -6.05414009 193.66160583
v -11.02419017 -6.11724997 201.96809387
v -21.54209922 -6.05414009 193.66160583
v -21.54216025 -14.07538033 193.46409607
v -11.67015002 -0.05495995 202.76469421
v -26.83845923 -5.97776985 203.18220520
v -11.02419017 -6.11724997 201.96809387
v -26.95328925 -0.00518995 203.19009399
v -26.83845923 -5.97776985 203.18220520
v -11.67015002 -0.05495995 202.76469421
v -15.38684962 -0.00512993 188.33470154
v -27.60911010 -5.92986012 194.22729492
v -26.23440955 -5.95030022 193.49119568
v -26.83845923 -5.97776985 203.18220520
v -29.27701018 -5.93044996 201.23510742
v -29.57037947 -5.92983007 198.28779602
v -27.60911010 -5.92986012 194.22729492
v -29.27701018 -5.93044996 201.23510742
v -26.23440955 -5.95030022 193.49119568
v -21.54209922 -6.05414009 193.66160583
v -11.02419017 -6.11724997 201.96809387
v -26.23440955 -5.95030022 193.49119568
v -11.02419017 -6.11724997 201.96809387
v -26.83845923 -5.97776985 203.18220520
v -28.69932006 -5.93367004 195.33979797
v -27.60911010 -5.92986012 194.22729492
v -29.57037947 -5.92983007 198.28779602
v -10.97118972 -0.05496984 198.86230469
v -10.91072009 -13.86542988 201.64289856
v -10.84871028 -20.04278946 200.90139771
v -10.91072009 -13.86542988 201.64289856
v -12.26268981 -14.04642963 203.06089783
v -11.23147033 -20.04277992 202.32539368
v -11.23147033 -20.04277992 202.32539368
v -10.84871028 -20.04278946 200.90139771
v -10.91072009 -13.86542988 201.64289856
v -27.05053923 -19.99481964 203.06680298
v -26.72158072 -14.08800983 203.14840698
v -28.52974913 -14.16117954 201.17919922
v -10.91072009 -13.86542988 201.64289856
v -11.02419017 -6.11724997 201.96809387
v -21.54216025 -14.07538033 193.46409607
v -12.26268981 -14.04642963 203.06089783
v -27.05053923 -19.99481964 203.06680298
v -11.23147033 -20.04277992 202.32539368
v -12.26268981 -14.04642963 203.06089783
v -26.72158072 -14.08800983 203.14840698
v -27.05053923 -19.99481964 203.06680298
v -21.54216025 -14.07538033 193.46409607
v -26.72158072 -14.08800983 203.14840698
v -12.26268981 -14.04642963 203.06089783
v -10.91072009 -13.86542988 201.64289856
v -21.54216025 -14.07538033 193.46409607
v -12.26268981 -14.04642963 203.06089783
v -27.60922072 -14.16784000 194.22709656
v -28.52974913 -14.16117954 201.17919922
v -26.72158072 -14.08800983 203.14840698
v -29.57058928 -14.16784000 198.28779602
v -28.52974913 -14.16117954 201.17919922
v -28.69944976 -14.16394043 195.33970642
v -10.84871028 -20.04278946 200.90139771
v -15.38684008 -19.99488068 188.33470154
v -10.97118972 -0.05496984 198.86230469
v -26.23435042 -14.14846992 193.49139404
v -27.60922072 -14.16784000 194.22709656
v -26.72158072 -14.08800983 203.14840698
v -27.60922072 -14.16784000 194.22709656
v -28.69944976 -14.16394043 195.33970642
v -28.52974913 -14.16117954 201.17919922
v -21.54216025 -14.07538033 193.46409607
v -21.49510978 -19.99485016 193.14100647
v -26.23435042 -14.14846992 193.49139404
v -21.54216025 -14.07538033 193.46409607
v -28.52974913 -14.16117954 201.17919922
v -28.61985038 -31.02658081 201.17630005
v -27.05053923 -19.99481964 203.06680298
v -27.05053923 -19.99481964 203.06680298
v -28.61985038 -31.02658081 201.17630005
v -11.75492022 -19.99489021 222.46020508
v -29.27701018 -5.93044996 201.23510742
v -26.95328925 -0.00518995 203.19009399
v -28.61985991 11.02657032 201.17630005
v -26.95328925 -0.00518995 203.19009399
v -11.75492976 -0.00510991 222.46020508
v -28.61985991 11.02657032 201.17630005
v -26.95328925 -0.00518995 203.19009399
v -11.67015002 -0.05495995 202.76469421
v -10.97118972 -0.05496984 198.86230469
v 15.37032010 -0.00496995 188.33479309
v -15.38684962 -0.00512993 188.33470154
v -11.23147033 -20.04277992 202.32539368
v -27.05053923 -19.99481964 203.06680298
v -10.84871028 -20.04278946 200.90139771
v -15.38684008 -19.99488068 188.33470154
v -10.84871028 -20.04278946 200.90139771
v 0.30542999 -20.00591087 213.14840698
v 23.13392999 23.71640968 201.66999817
v 18.98076036 24.83241081 199.82800293
v 16.44972017 23.47283936 200.97320557
v 17.12171914 15.64486027 209.27340698
v 23.13392999 23.71640968 201.66999817
v 16.44972017 23.47283936 200.97320557
v 17.12171914 15.64486027 209.27340698
v 18.30974939 13.68389988 210.69590759
v 23.13392999 23.71640968 201.66999817
v -18.99667952 24.95137978 199.29609680
v -22.88443015 24.13721085 201.20799255
v -17.29783080 23.95095062 200.95520020
v -16.56405089 15.84821033 208.96659851
v -17.29783080 23.95095062 200.95520020
v -22.88443015 24.13721085 201.20799255
v -18.46945021 13.78697968 210.56069946
v -16.56405089 15.84821033 208.96659851
v -22.88443015 24.13721085 201.20799255
v 0.49022999 13.58403015 220.12319946
v 0.00481989 14.05591011 212.80209351
v -5.66178010 14.28621006 218.79780579
v 0.49022999 13.58403015 220.12319946
v 5.64505985 14.28627014 218.79780579
v 0.00481989 14.05591011 212.80209351
v 0.49022999 13.58403015 220.12319946
v -5.66178010 14.28621006 218.79780579
v -8.34781955 13.16497993 221.48550415
v -0.00814996 9.95958328 224.84530640
v 0.49022999 13.58403015 220.12319946
v -8.34781955 13.16497993 221.48550415
v -0.00814996 9.95958328 224.84530640
v 9.69377305 11.31000996 222.84899902
v 0.49022999 13.58403015 220.12319946
v 0.49022999 13.58403015 220.12319946
v 9.69377305 11.31000996 222.84899902
v 5.64505985 14.28627014 218.79780579
v -0.00814996 9.95958328 224.84530640
v -8.34781955 13.16497993 221.48550415
v -6.18829987 8.18811989 225.11340332
v -0.00814996 9.95958328 224.84530640
v 6.17158010 8.18819332 225.11349487
v 9.69377305 11.31000996 222.84899902
v -6.18829987 8.18811989 225.11340332
v -8.34781955 13.16497993 221.48550415
v -9.71045993 11.30990028 222.84899902
v -10.60647033 7.42226982 223.74780273
v -6.18829987 8.18811989 225.11340332
v -9.71045993 11.30990028 222.84899902
v 10.52494981 8.08446980 223.68530273
v 9.69377305 11.31000996 222.84899902
v 6.17158010 8.18819332 225.11349487
v -0.00814996 9.95958328 224.84530640
v -0.00836996 8.18815994 226.61610413
v 6.17158010 8.18819332 225.11349487
v -0.00814996 9.95958328 224.84530640
v -6.18829987 8.18811989 225.11340332
v -0.00836996 8.18815994 226.61610413
v 17.12171914 15.64486027 209.27340698
v 16.44972017 23.47283936 200.97320557
v 16.32771089 15.88887978 208.88429260
v 16.32771089 15.88887978 208.88429260
v 16.44972017 23.47283936 200.97320557
v 15.54028012 22.73134995 199.99940491
v 16.32772042 -35.91410828 208.88429260
v 15.54028966 -42.75656891 199.99940491
v 16.44972970 -43.49806976 200.97320557
v 17.12173059 -35.67008972 209.27340698
v 16.32772042 -35.91410828 208.88429260
v 16.44972970 -43.49806976 200.97320557
v -0.00813995 -29.98480988 224.84530640
v -0.00835995 -28.21339035 226.61610413
v -6.18828986 -28.21335983 225.11340332
v -0.00813995 -29.98480988 224.84530640
v 6.17158010 -28.21342087 225.11349487
v -0.00835995 -28.21339035 226.61610413
v 10.52496030 -28.10969925 223.68530273
v 6.17158010 -28.21342087 225.11349487
v 9.69377973 -31.33523941 222.84899902
v -10.60645983 -27.44750023 223.74780273
v -9.71045993 -31.33514023 222.84899902
v -6.18828986 -28.21335983 225.11340332
v -6.18828986 -28.21335983 225.11340332
v -9.71045993 -31.33514023 222.84899902
v -8.34781001 -33.19021988 221.48550415
v -0.00813995 -29.98480988 224.84530640
v 9.69377973 -31.33523941 222.84899902
v 6.17158010 -28.21342087 225.11349487
v -0.00813995 -29.98480988 224.84530640
v -6.18828986 -28.21335983 225.11340332
v -8.34781001 -33.19021988 221.48550415
v 0.49024000 -33.60926056 220.12319946
v 5.64506986 -34.31150055 218.79780579
v 9.69377973 -31.33523941 222.84899902
v -0.00813995 -29.98480988 224.84530640
v 0.49024000 -33.60926056 220.12319946
v 9.69377973 -31.33523941 222.84899902
v -0.00813995 -29.98480988 224.84530640
v -8.34781001 -33.19021988 221.48550415
v 0.49024000 -33.60926056 220.12319946
v 0.49024000 -33.60926056 220.12319946
v -8.34781001 -33.19021988 221.48550415
v -5.66177008 -34.31143951 218.79780579
v 0.49024000 -33.60926056 220.12319946
v 0.00482996 -34.08113861 212.80209351
v 5.64506986 -34.31150055 218.79780579
v 0.49024000 -33.60926056 220.12319946
v -5.66177008 -34.31143951 218.79780579
v 0.00482996 -34.08113861 212.80209351
v -18.46944068 -33.81222153 210.56069946
v -22.88442061 -44.16244888 201.20799255
v -16.56403945 -35.87345123 208.96659851
v -16.56403945 -35.87345123 208.96659851
v -22.88442061 -44.16244888 201.20799255
v -17.29780982 -43.97618103 200.95520020
v -18.99666999 -44.97660828 199.29609680
v -17.29780982 -43.97618103 200.95520020
v -22.88442061 -44.16244888 201.20799255
v 17.12173059 -35.67008972 209.27340698
v 23.13393953 -43.74163818 201.66999817
v 18.30976083 -33.70912170 210.69590759
v 17.12173059 -35.67008972 209.27340698
v 16.44972970 -43.49806976 200.97320557
v 23.13393953 -43.74163818 201.66999817
v 23.13393953 -43.74163818 201.66999817
v 16.44972970 -43.49806976 200.97320557
v 18.98076989 -44.85763931 199.82800293
v 27.21791055 -34.81126022 192.90699768
v 25.48686959 -30.31977081 193.18290710
v 27.11713960 -30.73168945 193.51229858
v 33.88890817 -36.01060104 194.50579834
v 32.11730935 -34.32912064 196.41859436
v 31.19199922 -35.37842941 197.90840149
v -27.91811011 -44.90457916 197.05639648
v -28.20167945 -44.24277878 198.90980530
v -32.11706183 -44.80920029 192.54570007
v -28.20167945 -44.24277878 198.90980530
v -33.37406180 -43.91854095 193.25729370
v -32.11706183 -44.80920029 192.54570007
v -28.20167945 -44.24277878 198.90980530
v -28.60541938 -43.38436890 199.77369690
v -33.37406180 -43.91854095 193.25729370
v -28.60541938 -43.38436890 199.77369690
v -33.77166007 -42.34534073 194.39070129
v -33.37406180 -43.91854095 193.25729370
v -28.60541938 -43.38436890 199.77369690
v -30.21916030 -42.34743118 198.88589478
v -33.77166007 -42.34534073 194.39070129
v -30.21916030 -42.34743118 198.88589478
v -34.17874167 -41.01166916 194.18280029
v -33.77166007 -42.34534073 194.39070129
v 22.49399926 -35.61079025 183.14100647
v 22.85804918 -41.91965103 183.14100647
v 21.49189927 -35.58554840 193.14100647
v 22.85804918 -41.91965103 183.14100647
v 22.47733094 -39.99634933 192.66760254
v 21.49189927 -35.58554840 193.14100647
v -25.20447943 -45.00482178 192.99809265
v -26.32860968 -45.00481033 192.63540649
v -25.04808066 -44.51951981 192.64089966
v -25.04808066 -44.51951981 192.64089966
v -23.89258025 -44.16305161 193.00720215
v -25.20447943 -45.00482178 192.99809265
v -25.04808066 -44.51951981 192.64089966
v -23.93835089 -43.70922089 192.64089966
v -23.89258025 -44.16305161 193.00720215
v -23.93835089 -43.70922089 192.64089966
v -22.86750052 -42.98046875 193.00720215
v -23.89258025 -44.16305161 193.00720215
v -23.93835089 -43.70922089 192.64089966
v -23.08346961 -42.63357925 192.64089966
v -22.86750052 -42.98046875 193.00720215
v -23.08346961 -42.63357925 192.64089966
v -21.95715926 -41.42636871 193.15570068
v -22.86750052 -42.98046875 193.00720215
v -23.08346961 -42.63357925 192.64089966
v -22.54470084 -41.36954880 192.64100647
v -21.95715926 -41.42636871 193.15570068
v -22.54470084 -41.36954880 192.64100647
v -22.25951026 -39.99702072 192.98599243
v -21.95715926 -41.42636871 193.15570068
v -16.56403945 -35.87345123 208.96659851
v -17.29780982 -43.97618103 200.95520020
v -16.12681983 -44.14339066 199.45530701
v -15.98145030 -43.96490097 193.10029602
v -15.57314036 -43.24913025 199.17759705
v -16.12681983 -44.14339066 199.45530701
v 16.12536981 -44.11632919 199.50140381
v 15.54028966 -42.75656891 199.99940491
v 15.59813955 -43.38470078 198.69599915
v 15.54028966 -42.75656891 199.99940491
v 16.12536981 -44.11632919 199.50140381
v 16.44972970 -43.49806976 200.97320557
v 15.79896047 -43.82469177 193.05169678
v 15.59813955 -43.38470078 198.69599915
v 15.54028966 -42.75656891 199.99940491
v 16.12536981 -44.11632919 199.50140381
v 15.59813955 -43.38470078 198.69599915
v 15.79896047 -43.82469177 193.05169678
v -22.88442061 -44.16244888 201.20799255
v -25.76242087 -44.38328934 200.58349609
v -23.93211005 -44.86032867 199.83560181
v -25.76242087 -44.38328934 200.58349609
v -27.91811011 -44.90457916 197.05639648
v -23.93211005 -44.86032867 199.83560181
v -25.76242087 -44.38328934 200.58349609
v -28.20167945 -44.24277878 198.90980530
v -27.91811011 -44.90457916 197.05639648
v -28.60541938 -43.38436890 199.77369690
v -28.20167945 -44.24277878 198.90980530
v -25.76242087 -44.38328934 200.58349609
v -30.61899970 -30.99029922 191.61709595
v -29.93568061 -31.51268005 195.30079651
v -28.63477919 -30.98737907 193.90010071
v -30.61899970 -30.99029922 191.61709595
v -32.04127143 -31.54894066 192.49420166
v -29.93568061 -31.51268005 195.30079651
v -32.04127143 -31.54894066 192.49420166
v -31.17922042 -32.43450165 195.65510559
v -29.93568061 -31.51268005 195.30079651
v -32.04127143 -31.54894066 192.49420166
v -33.12210105 -32.38982010 193.11900330
v -31.17922042 -32.43450165 195.65510559
v -33.12210105 -32.38982010 193.11900330
v -32.14244101 -34.32696915 196.42640686
v -31.17922042 -32.43450165 195.65510559
v -33.12210105 -32.38982010 193.11900330
v -33.74779914 -34.33573914 194.36799622
v -32.14244101 -34.32696915 196.42640686
v -33.74779914 -34.33573914 194.36799622
v -31.22900031 -35.26921082 197.88650513
v -32.14244101 -34.32696915 196.42640686
v -33.74779914 -34.33573914 194.36799622
v -34.60358832 -36.00331116 193.45419312
v -31.22900031 -35.26921082 197.88650513
v -18.46944068 -33.81222153 210.56069946
v -25.76242087 -44.38328934 200.58349609
v -22.88442061 -44.16244888 201.20799255
v -28.60541938 -43.38436890 199.77369690
v -25.76242087 -44.38328934 200.58349609
v -18.46944068 -33.81222153 210.56069946
v -19.56056998 -29.16169930 212.21549988
v -30.21916030 -42.34743118 198.88589478
v -28.60541938 -43.38436890 199.77369690
v 22.47733094 -39.99634933 192.66760254
v 21.50786950 -40.60004044 193.14100647
v 21.49189927 -35.58554840 193.14100647
v 22.85804918 -41.91965103 183.14100647
v 23.03812959 -42.76100922 192.90020752
v 22.45827081 -41.44044113 192.90220642
v 22.85804918 -41.91965103 183.14100647
v 23.91978051 -43.70727158 192.64050293
v 23.03812959 -42.76100922 192.90020752
v 22.85804918 -41.91965103 183.14100647
v 25.56698968 -44.62651825 183.14100647
v 23.91978051 -43.70727158 192.64050293
v 25.56698968 -44.62651825 183.14100647
v 25.02810075 -44.51768112 192.64050293
v 23.91978051 -43.70727158 192.64050293
v 25.56698968 -44.62651825 183.14100647
v 26.31561067 -45.00508881 192.63900757
v 25.02810075 -44.51768112 192.64050293
v 22.45827081 -41.44044113 192.90220642
v 22.47733094 -39.99634933 192.66760254
v 22.85804918 -41.91965103 183.14100647
v 33.84257867 -43.87744904 191.40539551
v 32.70782830 -44.60895920 183.14100647
v 34.57390954 -42.74319839 183.14100647
v 33.84257867 -43.87744904 191.40539551
v 32.35298898 -44.81212997 191.82369995
v 32.70782830 -44.60895920 183.14100647
v 32.35298898 -44.81212997 191.82369995
v 30.97276094 -45.00511169 191.39930725
v 32.70782830 -44.60895920 183.14100647
v 33.84257867 -43.87744904 191.40539551
v 34.57390954 -42.74319839 183.14100647
v 34.79640939 -42.34627151 191.40609741
v 34.57390954 -42.74319839 183.14100647
v 34.98318078 -41.01203918 191.82209778
v 34.79640939 -42.34627151 191.40609741
v 23.13393953 -43.74163818 201.66999817
v 26.59204080 -43.17824936 201.38879395
v 18.30976083 -33.70912170 210.69590759
v 26.59204080 -43.17824936 201.38879395
v 30.25831010 -41.89709091 198.92640686
v 19.45202996 -32.05484009 211.11259460
v -34.60358832 -36.00331116 193.45419312
v -34.87438987 -41.01498032 192.65539551
v -34.17874167 -41.01166916 194.18280029
v -34.60358832 -36.00331116 193.45419312
v -34.99179099 -35.44314957 191.61720276
v -34.87438987 -41.01498032 192.65539551
v -34.99179099 -35.44314957 191.61720276
v -34.98701117 -41.00720978 191.39920044
v -34.87438987 -41.01498032 192.65539551
v 33.88890817 -36.01060104 194.50579834
v 30.25831010 -41.89709091 198.92640686
v 33.88891961 -41.00756073 194.50570679
v 31.19199922 -35.37842941 197.90840149
v 30.25831010 -41.89709091 198.92640686
v 33.88890817 -36.01060104 194.50579834
v 31.19199922 -35.37842941 197.90840149
v 30.32497003 -34.33322144 199.00559998
v 30.25831010 -41.89709091 198.92640686
v 30.32497003 -34.33322144 199.00559998
v 19.13908937 -28.90955925 212.83580017
v 30.25831010 -41.89709091 198.92640686
v 19.13908937 -28.90955925 212.83580017
v 28.61214997 -30.50733948 201.16969299
v -27.12842963 -30.72179031 193.52999878
v -27.20830939 -30.99855042 192.92820740
v -28.63477919 -30.98737907 193.90010071
v -27.12842963 -30.72179031 193.52999878
v -28.63477919 -30.98737907 193.90010071
v -28.13088057 -30.71404076 194.17500305
v -27.01769088 -30.10811043 193.73959351
v -27.12842963 -30.72179031 193.52999878
v -28.13088057 -30.71404076 194.17500305
v -25.58363936 -44.62625122 183.14100647
v -25.04808066 -44.51951981 192.64089966
v -26.32860968 -45.00481033 192.63540649
v -25.58363936 -44.62625122 183.14100647
v -23.93835089 -43.70922089 192.64089966
v -25.04808066 -44.51951981 192.64089966
v -25.58363936 -44.62625122 183.14100647
v -23.34120009 -42.79058075 183.14100647
v -23.93835089 -43.70922089 192.64089966
v -23.34120009 -42.79058075 183.14100647
v -23.08346961 -42.63357925 192.64089966
v -23.93835089 -43.70922089 192.64089966
v -23.08346961 -42.63357925 192.64089966
v -23.34120009 -42.79058075 183.14100647
v -22.54470084 -41.36954880 192.64100647
v -23.34120009 -42.79058075 183.14100647
v -22.25951026 -39.99702072 192.98599243
v -22.54470084 -41.36954880 192.64100647
v 28.41719033 -31.02227020 193.69540405
v 29.83060052 -31.45339012 194.89199829
v 31.64727952 -31.25939941 192.17300415
v 29.83060052 -31.45339012 194.89199829
v 30.84879091 -32.30821991 195.85400391
v 31.64727952 -31.25939941 192.17300415
v 30.84879091 -32.30821991 195.85400391
v 32.41485955 -32.10388184 193.33630371
v 31.64727952 -31.25939941 192.17300415
v 30.84879091 -32.30821991 195.85400391
v 33.33884027 -33.31639862 194.06019592
v 32.41485955 -32.10388184 193.33630371
v 30.84879091 -32.30821991 195.85400391
v 32.11730935 -34.32912064 196.41859436
v 33.33884027 -33.31639862 194.06019592
v 32.11730935 -34.32912064 196.41859436
v 33.79090097 -34.89899063 194.42799377
v 33.33884027 -33.31639862 194.06019592
v 32.11730935 -34.32912064 196.41859436
v 33.88890817 -36.01060104 194.50579834
v 33.79090097 -34.89899063 194.42799377
v 33.76684930 -42.34955978 194.39750671
v 34.40489175 -42.53733063 192.94400024
v 33.88891961 -41.00756073 194.50570679
v 34.40489175 -42.53733063 192.94400024
v 34.58066919 -41.01533890 193.45150757
v 33.88891961 -41.00756073 194.50570679
v 33.84257867 -43.87744904 191.40539551
v 34.40489175 -42.53733063 192.94400024
v 33.34788873 -43.91043854 193.25360107
v 34.40489175 -42.53733063 192.94400024
v 33.76684930 -42.34955978 194.39750671
v 33.34788873 -43.91043854 193.25360107
v 34.58066919 -41.01533890 193.45150757
v 34.79640939 -42.34627151 191.40609741
v 34.98318078 -41.01203918 191.82209778
v 34.58066919 -41.01533890 193.45150757
v 34.40489175 -42.53733063 192.94400024
v 34.79640939 -42.34627151 191.40609741
v 34.40489175 -42.53733063 192.94400024
v 33.84257867 -43.87744904 191.40539551
v 34.79640939 -42.34627151 191.40609741
v 33.34788873 -43.91043854 193.25360107
v 32.35298898 -44.81212997 191.82369995
v 33.84257867 -43.87744904 191.40539551
v -21.50851081 -35.58535004 193.14100647
v -22.25951026 -39.99702072 192.98599243
v -22.51055930 -35.61056900 183.14100647
v -22.25951026 -39.99702072 192.98599243
v -23.34120009 -42.79058075 183.14100647
v -22.51055930 -35.61056900 183.14100647
v 25.18588998 -45.00508118 193.00480652
v 25.02810075 -44.51768112 192.64050293
v 26.31561067 -45.00508881 192.63900757
v 22.45827081 -41.44044113 192.90220642
v 23.03812959 -42.76100922 192.90020752
v 21.85625055 -42.10255051 193.14100647
v 23.03812959 -42.76100922 192.90020752
v 23.87269952 -44.15988922 193.00700378
v 21.85625055 -42.10255051 193.14100647
v 25.18588998 -45.00508118 193.00480652
v 23.87269952 -44.15988922 193.00700378
v 25.02810075 -44.51768112 192.64050293
v 23.87269952 -44.15988922 193.00700378
v 23.91978051 -43.70727158 192.64050293
v 25.02810075 -44.51768112 192.64050293
v 23.87269952 -44.15988922 193.00700378
v 23.03812959 -42.76100922 192.90020752
v 23.91978051 -43.70727158 192.64050293
v 22.47733094 -39.99634933 192.66760254
v 22.45827081 -41.44044113 192.90220642
v 21.50786950 -40.60004044 193.14100647
v 22.45827081 -41.44044113 192.90220642
v 21.85625055 -42.10255051 193.14100647
v 21.50786950 -40.60004044 193.14100647
v -18.99666999 -44.97660828 199.29609680
v -23.93211005 -44.86032867 199.83560181
v -27.91811011 -44.90457916 197.05639648
v -18.99666999 -44.97660828 199.29609680
v -22.88442061 -44.16244888 201.20799255
v -23.93211005 -44.86032867 199.83560181
v -30.21916030 -42.34743118 198.88589478
v -19.56056998 -29.16169930 212.21549988
v -29.67947982 -33.03514099 199.79890442
v -19.56056998 -29.16169930 212.21549988
v -28.61985038 -31.02658081 201.17630005
v -29.67947982 -33.03514099 199.79890442
v -29.67947982 -33.03514099 199.79890442
v -31.22900031 -35.26921082 197.88650513
v -30.21916030 -42.34743118 198.88589478
v -34.17874167 -41.01166916 194.18280029
v -34.60358832 -36.00331116 193.45419312
v -34.17874167 -41.01166916 194.18280029
v -31.22900031 -35.26921082 197.88650513
v 28.41719033 -31.02227020 193.69540405
v 27.11713960 -30.73168945 193.51229858
v 28.15232064 -30.70989990 194.19760132
v 31.26448991 -34.34811020 197.54029846
v 31.19199922 -35.37842941 197.90840149
v 32.11730935 -34.32912064 196.41859436
v 30.32497003 -34.33322144 199.00559998
v 29.74409082 -30.96025085 198.37590027
v 28.61214997 -30.50733948 201.16969299
v 30.00444009 -31.66596985 196.84280396
v 29.12687089 -29.98900986 195.95770264
v 29.74409082 -30.96025085 198.37590027
v 30.00444009 -31.66596985 196.84280396
v 29.19454934 -30.91625977 195.25939941
v 29.12687089 -29.98900986 195.95770264
v 30.32497003 -34.33322144 199.00559998
v 31.26448991 -34.34811020 197.54029846
v 29.74409082 -30.96025085 198.37590027
v 31.26448991 -34.34811020 197.54029846
v 30.00444009 -31.66596985 196.84280396
v 29.74409082 -30.96025085 198.37590027
v 31.19199922 -35.37842941 197.90840149
v 31.26448991 -34.34811020 197.54029846
v 30.32497003 -34.33322144 199.00559998
v 32.11730935 -34.32912064 196.41859436
v 30.00444009 -31.66596985 196.84280396
v 31.26448991 -34.34811020 197.54029846
v 32.11730935 -34.32912064 196.41859436
v 30.84879091 -32.30821991 195.85400391
v 30.00444009 -31.66596985 196.84280396
v 30.84879091 -32.30821991 195.85400391
v 29.19454934 -30.91625977 195.25939941
v 30.00444009 -31.66596985 196.84280396
v 30.84879091 -32.30821991 195.85400391
v 29.83060052 -31.45339012 194.89199829
v 29.19454934 -30.91625977 195.25939941
v 29.83060052 -31.45339012 194.89199829
v 28.41719033 -31.02227020 193.69540405
v 29.19454934 -30.91625977 195.25939941
v 28.41719033 -31.02227020 193.69540405
v 28.15232064 -30.70989990 194.19760132
v 29.19454934 -30.91625977 195.25939941
v 28.15232064 -30.70989990 194.19760132
v 29.12687089 -29.98900986 195.95770264
v 29.19454934 -30.91625977 195.25939941
v 23.13393953 -43.74163818 201.66999817
v 18.98076989 -44.85763931 199.82800293
v 23.33081987 -44.85755920 199.82859802
v 18.98076989 -44.85763931 199.82800293
v 23.94516923 -45.00506973 198.68960571
v 23.33081987 -44.85755920 199.82859802
v 30.97276094 -45.00511169 191.39930725
v 28.25464036 -44.84143829 197.33970642
v 23.94516923 -45.00506973 198.68960571
v 30.97276094 -45.00511169 191.39930725
v 32.35298898 -44.81212997 191.82369995
v 28.25464036 -44.84143829 197.33970642
v 32.35298898 -44.81212997 191.82369995
v 30.25831010 -41.89709091 198.92640686
v 28.25464036 -44.84143829 197.33970642
v 32.35298898 -44.81212997 191.82369995
v 33.34788873 -43.91043854 193.25360107
v 30.25831010 -41.89709091 198.92640686
v 33.34788873 -43.91043854 193.25360107
v 33.76684930 -42.34955978 194.39750671
v 30.25831010 -41.89709091 198.92640686
v 33.76684930 -42.34955978 194.39750671
v 33.88891961 -41.00756073 194.50570679
v 30.25831010 -41.89709091 198.92640686
v 34.96213891 -35.44559097 191.40379333
v 34.53155114 -34.71730042 192.98809814
v 34.86442926 -36.00366974 192.65719604
v 34.86442926 -36.00366974 192.65719604
v 33.79090097 -34.89899063 194.42799377
v 33.88890817 -36.01060104 194.50579834
v 34.86442926 -36.00366974 192.65719604
v 34.53155114 -34.71730042 192.98809814
v 33.79090097 -34.89899063 194.42799377
v 34.53155114 -34.71730042 192.98809814
v 33.33884027 -33.31639862 194.06019592
v 33.79090097 -34.89899063 194.42799377
v 34.53155114 -34.71730042 192.98809814
v 34.27392938 -33.34788895 192.13810730
v 33.33884027 -33.31639862 194.06019592
v 34.27392938 -33.34788895 192.13810730
v 33.26441171 -32.21519852 191.99510193
v 33.33884027 -33.31639862 194.06019592
v 33.26441171 -32.21519852 191.99510193
v 32.41485955 -32.10388184 193.33630371
v 33.33884027 -33.31639862 194.06019592
v 33.26441171 -32.21519852 191.99510193
v 31.64727952 -31.25939941 192.17300415
v 32.41485955 -32.10388184 193.33630371
v 34.53155114 -34.71730042 192.98809814
v 34.96213891 -35.44559097 191.40379333
v 34.27392938 -33.34788895 192.13810730
v -33.85979865 -43.87696075 191.40550232
v -32.72446845 -44.60863113 183.14089966
v -32.11706183 -44.80920029 192.54570007
v -34.88904975 -41.88676834 183.14089966
v -34.82410071 -42.34928894 191.40809631
v -34.98701117 -41.00720978 191.39920044
v -34.88904975 -41.88676834 183.14089966
v -33.85979865 -43.87696075 191.40550232
v -34.82410071 -42.34928894 191.40809631
v -34.88904975 -41.88676834 183.14089966
v -34.11043952 -43.50529099 183.14089966
v -33.85979865 -43.87696075 191.40550232
v -34.11043952 -43.50529099 183.14089966
v -32.72446845 -44.60863113 183.14089966
v -33.85979865 -43.87696075 191.40550232
v 34.96213891 -35.44559097 191.40379333
v 34.86442926 -36.00366974 192.65719604
v 34.98318078 -41.01203918 191.82209778
v 34.86442926 -36.00366974 192.65719604
v 34.58066919 -41.01533890 193.45150757
v 34.98318078 -41.01203918 191.82209778
v 34.86442926 -36.00366974 192.65719604
v 33.88890817 -36.01060104 194.50579834
v 34.58066919 -41.01533890 193.45150757
v 33.88890817 -36.01060104 194.50579834
v 33.88891961 -41.00756073 194.50570679
v 34.58066919 -41.01533890 193.45150757
v -34.60358832 -36.00331116 193.45419312
v -34.43127845 -34.06270981 192.95060730
v -34.99179099 -35.44314957 191.61720276
v -34.43127845 -34.06270981 192.95060730
v -34.27772925 -33.31671143 191.40559387
v -34.99179099 -35.44314957 191.61720276
v -34.43127845 -34.06270981 192.95060730
v -33.12210105 -32.38982010 193.11900330
v -34.27772925 -33.31671143 191.40559387
v -33.12210105 -32.38982010 193.11900330
v -33.10561011 -32.10356140 191.39920044
v -34.27772925 -33.31671143 191.40559387
v -33.12210105 -32.38982010 193.11900330
v -32.04127143 -31.54894066 192.49420166
v -33.10561011 -32.10356140 191.39920044
v -34.43127845 -34.06270981 192.95060730
v -33.74779914 -34.33573914 194.36799622
v -33.12210105 -32.38982010 193.11900330
v -34.43127845 -34.06270981 192.95060730
v -34.60358832 -36.00331116 193.45419312
v -33.74779914 -34.33573914 194.36799622
v -31.22900031 -35.26921082 197.88650513
v -29.67947982 -33.03514099 199.79890442
v -32.14244101 -34.32696915 196.42640686
v -30.50321982 -32.82863998 197.74429321
v -31.17922042 -32.43450165 195.65510559
v -32.14244101 -34.32696915 196.42640686
v -30.50321982 -32.82863998 197.74429321
v -29.81074927 -31.38310051 198.02909851
v -31.17922042 -32.43450165 195.65510559
v -29.20772956 -30.24131012 196.06599426
v -29.81074927 -31.38310051 198.02909851
v -29.68496917 -29.98092079 198.69279480
v -29.81074927 -31.38310051 198.02909851
v -29.58532927 -31.27478981 199.48629761
v -29.68496917 -29.98092079 198.69279480
v -29.81074927 -31.38310051 198.02909851
v -29.93568061 -31.51268005 195.30079651
v -31.17922042 -32.43450165 195.65510559
v -29.20772956 -30.24131012 196.06599426
v -28.63477919 -30.98737907 193.90010071
v -29.93568061 -31.51268005 195.30079651
v -29.20772956 -30.24131012 196.06599426
v -28.13088057 -30.71404076 194.17500305
v -28.63477919 -30.98737907 193.90010071
v -29.58532927 -31.27478981 199.48629761
v -30.50321982 -32.82863998 197.74429321
v -29.67947982 -33.03514099 199.79890442
v -29.58532927 -31.27478981 199.48629761
v -29.81074927 -31.38310051 198.02909851
v -30.50321982 -32.82863998 197.74429321
v -29.81074927 -31.38310051 198.02909851
v -29.20772956 -30.24131012 196.06599426
v -29.93568061 -31.51268005 195.30079651
v -28.61985038 -31.02658081 201.17630005
v -29.58532927 -31.27478981 199.48629761
v -29.67947982 -33.03514099 199.79890442
v -34.82410071 -42.34928894 191.40809631
v -34.42155860 -42.53697968 192.94380188
v -34.98701117 -41.00720978 191.39920044
v -34.42155860 -42.53697968 192.94380188
v -34.87438987 -41.01498032 192.65539551
v -34.98701117 -41.00720978 191.39920044
v -34.42155860 -42.53697968 192.94380188
v -34.82410071 -42.34928894 191.40809631
v -33.37406180 -43.91854095 193.25729370
v -34.87438987 -41.01498032 192.65539551
v -33.77166007 -42.34534073 194.39070129
v -34.17874167 -41.01166916 194.18280029
v -34.87438987 -41.01498032 192.65539551
v -34.42155860 -42.53697968 192.94380188
v -33.77166007 -42.34534073 194.39070129
v -34.42155860 -42.53697968 192.94380188
v -33.37406180 -43.91854095 193.25729370
v -33.77166007 -42.34534073 194.39070129
v -32.11706183 -44.80920029 192.54570007
v -33.37406180 -43.91854095 193.25729370
v -33.85979865 -43.87696075 191.40550232
v -33.37406180 -43.91854095 193.25729370
v -34.82410071 -42.34928894 191.40809631
v -33.85979865 -43.87696075 191.40550232
v 30.25831010 -41.89709091 198.92640686
v 26.64612939 -44.28524017 200.10479736
v 28.25464036 -44.84143829 197.33970642
v 26.59204080 -43.17824936 201.38879395
v 23.33081987 -44.85755920 199.82859802
v 26.64612939 -44.28524017 200.10479736
v 26.59204080 -43.17824936 201.38879395
v 23.13393953 -43.74163818 201.66999817
v 23.33081987 -44.85755920 199.82859802
v 26.64612939 -44.28524017 200.10479736
v 30.25831010 -41.89709091 198.92640686
v 26.59204080 -43.17824936 201.38879395
v 23.94516923 -45.00506973 198.68960571
v 26.64612939 -44.28524017 200.10479736
v 23.33081987 -44.85755920 199.82859802
v 23.94516923 -45.00506973 198.68960571
v 28.25464036 -44.84143829 197.33970642
v 26.64612939 -44.28524017 200.10479736
v 27.44098069 -34.81130981 191.64100647
v 27.56361940 -30.98838997 192.29089355
v 26.57550981 -34.81129837 183.14100647
v 27.56361940 -30.98838997 192.29089355
v 26.96849992 -31.01416969 183.14100647
v 26.57550981 -34.81129837 183.14100647
v 27.44098069 -34.81130981 191.64100647
v 26.57550981 -34.81129837 183.14100647
v 25.77600076 -35.61080933 191.14100647
v 25.77600076 -35.61080933 191.14100647
v 27.21791055 -34.81126022 192.90699768
v 27.44098069 -34.81130981 191.64100647
v 25.77600076 -35.61080933 191.14100647
v 25.77598932 -35.61080933 193.14100647
v 27.21791055 -34.81126022 192.90699768
v 25.56698968 -44.62651825 183.14100647
v 34.57390954 -42.74319839 183.14100647
v 32.70782830 -44.60895920 183.14100647
v 22.85804918 -41.91965103 183.14100647
v 26.57550981 -34.81129837 183.14100647
v 34.97039010 -36.50930023 183.14100647
v 22.49399926 -35.61079025 183.14100647
v 26.96849992 -31.01416969 183.14100647
v 30.97276094 -45.00511169 191.39930725
v 23.94516923 -45.00506973 198.68960571
v 25.18588998 -45.00508118 193.00480652
v 23.94516923 -45.00506973 198.68960571
v 18.98076989 -44.85763931 199.82800293
v 25.18588998 -45.00508118 193.00480652
v 18.98076989 -44.85763931 199.82800293
v 17.70385911 -44.83934021 193.14100647
v 25.18588998 -45.00508118 193.00480652
v 26.31561067 -45.00508881 192.63900757
v 32.70782830 -44.60895920 183.14100647
v 26.31561067 -45.00508881 192.63900757
v 25.56698968 -44.62651825 183.14100647
v 26.31561067 -45.00508881 192.63900757
v 32.70782830 -44.60895920 183.14100647
v 30.97276094 -45.00511169 191.39930725
v -18.36624930 -44.96488190 193.14100647
v -18.99666999 -44.97660828 199.29609680
v -27.91811011 -44.90457916 197.05639648
v -27.91811011 -44.90457916 197.05639648
v -26.32860968 -45.00481033 192.63540649
v -25.20447943 -45.00482178 192.99809265
v -25.20447943 -45.00482178 192.99809265
v -18.36624930 -44.96488190 193.14100647
v -27.91811011 -44.90457916 197.05639648
v -25.58363936 -44.62625122 183.14100647
v -26.32860968 -45.00481033 192.63540649
v -32.11706183 -44.80920029 192.54570007
v -26.32860968 -45.00481033 192.63540649
v -27.91811011 -44.90457916 197.05639648
v -32.11706183 -44.80920029 192.54570007
v -32.72446845 -44.60863113 183.14089966
v -25.58363936 -44.62625122 183.14100647
v -32.11706183 -44.80920029 192.54570007
v 26.96849992 -31.01416969 183.14100647
v 27.47499063 -30.98838043 185.86230469
v 34.97039010 -36.50930023 183.14100647
v 27.47499063 -30.98838043 185.86230469
v 34.91373040 -35.25996017 186.14100647
v 34.97039010 -36.50930023 183.14100647
v -34.99179099 -35.44314957 191.61720276
v -34.88904975 -41.88676834 183.14089966
v -34.98701117 -41.00720978 191.39920044
v -34.88904975 -41.88676834 183.14089966
v -34.99179099 -35.44314957 191.61720276
v -34.98696921 -36.01025009 185.94970703
v -34.98698066 -36.50894928 183.14089966
v -34.98698066 -36.50894928 183.14089966
v -34.98696921 -36.01025009 185.94970703
v -26.98501036 -31.03912926 183.14100647
v -34.98696921 -36.01025009 185.94970703
v -28.03118918 -31.01334000 186.06260681
v -26.98501036 -31.03912926 183.14100647
v -15.23112033 -35.31077957 193.14100647
v -15.57314036 -43.24913025 199.17759705
v -15.98145030 -43.96490097 193.10029602
v -15.23112033 -35.31077957 193.14100647
v -15.50284026 -36.03717041 207.20979309
v -15.57314036 -43.24913025 199.17759705
v -27.20830939 -30.99855042 192.92820740
v -30.61899970 -30.99029922 191.61709595
v -28.63477919 -30.98737907 193.90010071
v -27.20830939 -30.99855042 192.92820740
v -30.99606917 -31.11566925 186.14089966
v -30.61899970 -30.99029922 191.61709595
v -27.20830939 -30.99855042 192.92820740
v -28.03118918 -31.01334000 186.06260681
v -30.99606917 -31.11566925 186.14089966
v 31.64727952 -31.25939941 192.17300415
v 30.98044946 -31.11618042 186.14100647
v 27.47499063 -30.98838043 185.86230469
v 27.47499063 -30.98838043 185.86230469
v 27.56361940 -30.98838997 192.29089355
v 31.64727952 -31.25939941 192.17300415
v 27.56361940 -30.98838997 192.29089355
v 28.41719033 -31.02227020 193.69540405
v 31.64727952 -31.25939941 192.17300415
v 27.56361940 -30.98838997 192.29089355
v 27.11713960 -30.73168945 193.51229858
v 28.41719033 -31.02227020 193.69540405
v 18.98076989 -44.85763931 199.82800293
v 16.44972970 -43.49806976 200.97320557
v 16.12536981 -44.11632919 199.50140381
v -15.23112033 -35.31077957 193.14100647
v -13.91885970 -34.29243851 211.63299561
v -15.50284026 -36.03717041 207.20979309
v -27.23449919 -34.81103134 192.90699768
v -27.20830939 -30.99855042 192.92820740
v -25.83313010 -30.16363907 193.28689575
v -27.23449919 -34.81103134 192.90699768
v -27.23448966 -34.81103134 191.37500000
v -27.20830939 -30.99855042 192.92820740
v 18.98076989 -44.85763931 199.82800293
v 16.12536981 -44.11632919 199.50140381
v 17.70385911 -44.83934021 193.14100647
v 16.12536981 -44.11632919 199.50140381
v 15.79896047 -43.82469177 193.05169678
v 17.70385911 -44.83934021 193.14100647
v -26.98501036 -31.03912926 183.14100647
v -28.03118918 -31.01334000 186.06260681
v -27.20830939 -30.99855042 192.92820740
v -34.99179099 -35.44314957 191.61720276
v -34.67765067 -34.27939987 186.14089966
v -34.98696921 -36.01025009 185.94970703
v -34.99179099 -35.44314957 191.61720276
v -34.27772925 -33.31671143 191.40559387
v -34.67765067 -34.27939987 186.14089966
v -34.27772925 -33.31671143 191.40559387
v -32.84587119 -31.90987968 186.14089966
v -34.67765067 -34.27939987 186.14089966
v -34.27772925 -33.31671143 191.40559387
v -33.10561011 -32.10356140 191.39920044
v -32.84587119 -31.90987968 186.14089966
v -33.10561011 -32.10356140 191.39920044
v -32.04127143 -31.54894066 192.49420166
v -32.84587119 -31.90987968 186.14089966
v -32.04127143 -31.54894066 192.49420166
v -30.99606917 -31.11566925 186.14089966
v -32.84587119 -31.90987968 186.14089966
v -32.04127143 -31.54894066 192.49420166
v -30.61899970 -30.99029922 191.61709595
v -30.99606917 -31.11566925 186.14089966
v -17.63448928 -44.75373840 199.51710510
v -17.29780982 -43.97618103 200.95520020
v -18.99666999 -44.97660828 199.29609680
v -16.12681983 -44.14339066 199.45530701
v -17.29780982 -43.97618103 200.95520020
v -17.63448928 -44.75373840 199.51710510
v 21.49189927 -35.58554840 193.14100647
v 25.77600076 -35.61080933 191.14100647
v 22.49399926 -35.61079025 183.14100647
v 25.77600076 -35.61080933 191.14100647
v 26.57550981 -34.81129837 183.14100647
v 22.49399926 -35.61079025 183.14100647
v 25.77598932 -35.61080933 193.14100647
v 25.77600076 -35.61080933 191.14100647
v 21.49189927 -35.58554840 193.14100647
v -25.83313010 -30.16363907 193.28689575
v -27.12842963 -30.72179031 193.52999878
v -27.01769088 -30.10811043 193.73959351
v -25.83313010 -30.16363907 193.28689575
v -27.20830939 -30.99855042 192.92820740
v -27.12842963 -30.72179031 193.52999878
v -25.79257033 -35.61053085 183.14100647
v -21.50851081 -35.58535004 193.14100647
v -22.51055930 -35.61056900 183.14100647
v -26.13436911 -35.61053848 193.08070374
v -21.50851081 -35.58535004 193.14100647
v -25.79258940 -35.61053848 191.14100647
v -25.79257033 -35.61053085 183.14100647
v 27.44098069 -34.81130981 191.64100647
v 27.21791055 -34.81126022 192.90699768
v 27.56361940 -30.98838997 192.29089355
v 27.21791055 -34.81126022 192.90699768
v 27.11713960 -30.73168945 193.51229858
v 27.56361940 -30.98838997 192.29089355
v 34.97039010 -36.50930023 183.14100647
v 34.98318078 -41.01203918 191.82209778
v 34.57390954 -42.74319839 183.14100647
v 34.98318078 -41.01203918 191.82209778
v 34.97039010 -36.50930023 183.14100647
v 34.91373040 -35.25996017 186.14100647
v 34.96213891 -35.44559097 191.40379333
v 34.98318078 -41.01203918 191.82209778
v 34.91373040 -35.25996017 186.14100647
v -16.12681983 -44.14339066 199.45530701
v -18.36624930 -44.96488190 193.14100647
v -15.98145030 -43.96490097 193.10029602
v -18.36624930 -44.96488190 193.14100647
v -17.63448928 -44.75373840 199.51710510
v -18.99666999 -44.97660828 199.29609680
v -18.36624930 -44.96488190 193.14100647
v -16.12681983 -44.14339066 199.45530701
v -17.63448928 -44.75373840 199.51710510
v -23.34120009 -42.79058075 183.14100647
v -34.88904975 -41.88676834 183.14089966
v -34.98698066 -36.50894928 183.14089966
v -34.11043952 -43.50529099 183.14089966
v -25.58363936 -44.62625122 183.14100647
v -32.72446845 -44.60863113 183.14089966
v -26.98501036 -31.03912926 183.14100647
v -25.79257033 -35.61053085 183.14100647
v -22.51055930 -35.61056900 183.14100647
v -27.20830939 -30.99855042 192.92820740
v -27.23448966 -34.81103134 191.37500000
v -26.98501036 -31.03912926 183.14100647
v -27.23448966 -34.81103134 191.37500000
v -25.79257033 -35.61053085 183.14100647
v -26.98501036 -31.03912926 183.14100647
v -25.79258940 -35.61053848 191.14100647
v -27.23448966 -34.81103134 191.37500000
v -26.13436911 -35.61053848 193.08070374
v 30.98044946 -31.11618042 186.14100647
v 34.91373040 -35.25996017 186.14100647
v 27.47499063 -30.98838043 185.86230469
v 32.83082177 -31.91119957 186.14100647
v 34.91373040 -35.25996017 186.14100647
v 30.98044946 -31.11618042 186.14100647
v 14.48286988 -34.57928085 193.14100647
v 15.13320043 -35.12789917 208.11309814
v 13.68523004 -34.32434082 211.31390381
v -25.83313010 -30.16363907 193.28689575
v -26.13436911 -35.61053848 193.08070374
v -27.23449919 -34.81103134 192.90699768
v -21.50851081 -35.58535004 193.14100647
v -26.13436911 -35.61053848 193.08070374
v -25.83313010 -30.16363907 193.28689575
v -22.86750052 -42.98046875 193.00720215
v -18.36624930 -44.96488190 193.14100647
v -23.89258025 -44.16305161 193.00720215
v -25.20447943 -45.00482178 192.99809265
v -22.25951026 -39.99702072 192.98599243
v -18.36624930 -44.96488190 193.14100647
v -21.95715926 -41.42636871 193.15570068
v -18.36624930 -44.96488190 193.14100647
v -22.86750052 -42.98046875 193.00720215
v -21.95715926 -41.42636871 193.15570068
v -21.49515937 -28.98937035 193.14100647
v -18.36624930 -44.96488190 193.14100647
v -21.50851081 -35.58535004 193.14100647
v -18.36624930 -44.96488190 193.14100647
v -22.25951026 -39.99702072 192.98599243
v -21.50851081 -35.58535004 193.14100647
v 14.48286988 -34.57928085 193.14100647
v 21.49189927 -35.58554840 193.14100647
v 21.50786950 -40.60004044 193.14100647
v -15.23112033 -35.31077957 193.14100647
v 21.12270906 -28.88792992 193.14219666
v -15.98145030 -43.96490097 193.10029602
v -15.98145030 -43.96490097 193.10029602
v -18.36624930 -44.96488190 193.14100647
v -21.49515937 -28.98937035 193.14100647
v 14.48286988 -34.57928085 193.14100647
v 17.70385911 -44.83934021 193.14100647
v 15.79896047 -43.82469177 193.05169678
v 23.87269952 -44.15988922 193.00700378
v 25.18588998 -45.00508118 193.00480652
v 17.70385911 -44.83934021 193.14100647
v 17.70385911 -44.83934021 193.14100647
v 21.85625055 -42.10255051 193.14100647
v 23.87269952 -44.15988922 193.00700378
v 21.85625055 -42.10255051 193.14100647
v 17.70385911 -44.83934021 193.14100647
v 25.77598932 -35.61080933 193.14100647
v 21.49189927 -35.58554840 193.14100647
v 25.48686959 -30.31977081 193.18290710
v 25.48686959 -30.31977081 193.18290710
v 27.21791055 -34.81126022 192.90699768
v 25.77598932 -35.61080933 193.14100647
v -27.23448966 -34.81103134 191.37500000
v -25.79258940 -35.61053848 191.14100647
v -25.79257033 -35.61053085 183.14100647
v 31.64727952 -31.25939941 192.17300415
v 32.83082177 -31.91119957 186.14100647
v 30.98044946 -31.11618042 186.14100647
v 31.64727952 -31.25939941 192.17300415
v 33.26441171 -32.21519852 191.99510193
v 32.83082177 -31.91119957 186.14100647
v 33.26441171 -32.21519852 191.99510193
v 34.27392938 -33.34788895 192.13810730
v 32.83082177 -31.91119957 186.14100647
v 34.27392938 -33.34788895 192.13810730
v 34.91373040 -35.25996017 186.14100647
v 32.83082177 -31.91119957 186.14100647
v 34.27392938 -33.34788895 192.13810730
v 34.96213891 -35.44559097 191.40379333
v 34.91373040 -35.25996017 186.14100647
v -27.23448966 -34.81103134 191.37500000
v -27.23449919 -34.81103134 192.90699768
v -26.13436911 -35.61053848 193.08070374
v -15.23112033 -35.31077957 193.14100647
v 14.48286988 -34.57928085 193.14100647
v 0.00482996 -34.08113861 212.80209351
v 14.48286988 -34.57928085 193.14100647
v 10.59463002 -34.31153107 212.63659668
v 0.00482996 -34.08113861 212.80209351
v -13.91885970 -34.29243851 211.63299561
v -15.23112033 -35.31077957 193.14100647
v 0.00482996 -34.08113861 212.80209351
v 15.79896047 -43.82469177 193.05169678
v 15.13320043 -35.12789917 208.11309814
v 14.48286988 -34.57928085 193.14100647
v 15.13320043 -35.12789917 208.11309814
v -34.67765067 -34.27939987 186.14089966
v -28.03118918 -31.01334000 186.06260681
v -34.98696921 -36.01025009 185.94970703
v -28.03118918 -31.01334000 186.06260681
v -34.67765067 -34.27939987 186.14089966
v -32.84587119 -31.90987968 186.14089966
v -28.03118918 -31.01334000 186.06260681
v -32.84587119 -31.90987968 186.14089966
v -30.99606917 -31.11566925 186.14089966
v -10.07994960 -19.99494934 224.25129700
v -10.60645983 -27.44750023 223.74780273
v -8.13560317 -19.99490929 225.74519348
v 15.56904962 -34.97019958 209.91619873
v 14.47000959 -34.14823151 211.98049927
v 13.68523004 -34.32434082 211.31390381
v -15.50284026 -36.03717041 207.20979309
v -16.56403945 -35.87345123 208.96659851
v -15.57314036 -43.24913025 199.17759705
v -16.56403945 -35.87345123 208.96659851
v -16.12681983 -44.14339066 199.45530701
v -15.57314036 -43.24913025 199.17759705
v -16.56403945 -35.87345123 208.96659851
v -13.91885970 -34.29243851 211.63299561
v -14.86117957 -33.89025116 212.05780029
v -16.56403945 -35.87345123 208.96659851
v -15.50284026 -36.03717041 207.20979309
v -13.91885970 -34.29243851 211.63299561
v 12.05932023 -34.17892075 213.03100586
v 13.68523004 -34.32434082 211.31390381
v 14.47000959 -34.14823151 211.98049927
v 12.05932023 -34.17892075 213.03100586
v 10.59463002 -34.31153107 212.63659668
v 13.68523004 -34.32434082 211.31390381
v 16.32772042 -35.91410828 208.88429260
v 17.12173059 -35.67008972 209.27340698
v 15.56904962 -34.97019958 209.91619873
v 15.56904962 -34.97019958 209.91619873
v 15.13320043 -35.12789917 208.11309814
v 16.32772042 -35.91410828 208.88429260
v 13.68523004 -34.32434082 211.31390381
v 15.13320043 -35.12789917 208.11309814
v 15.56904962 -34.97019958 209.91619873
v 16.32772042 -35.91410828 208.88429260
v 15.13320043 -35.12789917 208.11309814
v 15.54028966 -42.75656891 199.99940491
v -18.46944068 -33.81222153 210.56069946
v -19.33532927 -32.49768066 210.99200439
v -28.60541938 -43.38436890 199.77369690
v -19.33532927 -32.49768066 210.99200439
v -19.56056998 -29.16169930 212.21549988
v -28.60541938 -43.38436890 199.77369690
v 3.46724989 -25.98155975 227.33189392
v 6.74303987 -25.98158073 226.09620667
v 5.95735004 -19.99497986 226.90209961
v 6.74303987 -25.98158073 226.09620667
v 10.52496030 -28.10969925 223.68530273
v 5.95735004 -19.99497986 226.90209961
v 10.52496030 -28.10969925 223.68530273
v 10.06336000 -19.99500084 224.25129700
v 5.95735004 -19.99497986 226.90209961
v -0.00832997 -25.98155022 227.75180054
v 3.46724989 -25.98155975 227.33189392
v 1.21746995 -19.99496078 228.09080505
v 3.46724989 -25.98155975 227.33189392
v 5.95735004 -19.99497986 226.90209961
v 1.21746995 -19.99496078 228.09080505
v 6.74303987 -25.98158073 226.09620667
v 6.17158010 -28.21342087 225.11349487
v 10.52496030 -28.10969925 223.68530273
v 6.74303987 -25.98158073 226.09620667
v 3.46724989 -25.98155975 227.33189392
v 6.17158010 -28.21342087 225.11349487
v 3.46724989 -25.98155975 227.33189392
v -0.00835995 -28.21339035 226.61610413
v 6.17158010 -28.21342087 225.11349487
v 3.46724989 -25.98155975 227.33189392
v -0.00832997 -25.98155022 227.75180054
v -0.00835995 -28.21339035 226.61610413
v -0.00832997 -25.98155022 227.75180054
v -3.48389004 -25.98152924 227.33189392
v -0.00835995 -28.21339035 226.61610413
v -3.48389004 -25.98152924 227.33189392
v -6.18828986 -28.21335983 225.11340332
v -0.00835995 -28.21339035 226.61610413
v -3.48389004 -25.98152924 227.33189392
v -6.75968001 -25.98151970 226.09620667
v -6.18828986 -28.21335983 225.11340332
v -6.75968001 -25.98151970 226.09620667
v -10.60645983 -27.44750023 223.74780273
v -6.18828986 -28.21335983 225.11340332
v -10.60645983 -27.44750023 223.74780273
v -6.75968001 -25.98151970 226.09620667
v -8.13560317 -19.99490929 225.74519348
v 9.69377973 -31.33523941 222.84899902
v 11.60951020 -27.98278046 222.63720703
v 10.52496030 -28.10969925 223.68530273
v 26.59204080 -43.17824936 201.38879395
v 19.45202996 -32.05484009 211.11259460
v 18.30976083 -33.70912170 210.69590759
v 30.25831010 -41.89709091 198.92640686
v 19.13908937 -28.90955925 212.83580017
v 19.45202996 -32.05484009 211.11259460
v -11.76620982 -27.98262024 222.47230530
v -9.71045993 -31.33514023 222.84899902
v -10.60645983 -27.44750023 223.74780273
v -16.56403945 -35.87345123 208.96659851
v -16.29349921 -32.64831161 212.91110229
v -18.46944068 -33.81222153 210.56069946
v -16.56403945 -35.87345123 208.96659851
v -14.86117957 -33.89025116 212.05780029
v -16.29349921 -32.64831161 212.91110229
v -14.86117957 -33.89025116 212.05780029
v -14.33871959 -33.34222031 213.88980103
v -16.29349921 -32.64831161 212.91110229
v -18.46944068 -33.81222153 210.56069946
v -17.75977919 -30.67029953 213.63459778
v -19.33532927 -32.49768066 210.99200439
v -18.46944068 -33.81222153 210.56069946
v -16.29349921 -32.64831161 212.91110229
v -17.75977919 -30.67029953 213.63459778
v -19.33532927 -32.49768066 210.99200439
v -17.75977919 -30.67029953 213.63459778
v -19.56056998 -29.16169930 212.21549988
v 11.60951020 -27.98278046 222.63720703
v 11.73836019 -19.99501038 222.46020508
v 10.52496030 -28.10969925 223.68530273
v 11.73836019 -19.99501038 222.46020508
v 10.06336000 -19.99500084 224.25129700
v 10.52496030 -28.10969925 223.68530273
v 1.21746995 -19.99496078 228.09080505
v -1.23405001 -19.99493980 228.09080505
v -0.00832997 -25.98155022 227.75180054
v -1.23405001 -19.99493980 228.09080505
v -3.48389004 -25.98152924 227.33189392
v -0.00832997 -25.98155022 227.75180054
v -1.23405001 -19.99493980 228.09080505
v -5.97392009 -19.99492073 226.90209961
v -3.48389004 -25.98152924 227.33189392
v -5.97392009 -19.99492073 226.90209961
v -6.75968001 -25.98151970 226.09620667
v -3.48389004 -25.98152924 227.33189392
v -5.97392009 -19.99492073 226.90209961
v -8.13560317 -19.99490929 225.74519348
v -6.75968001 -25.98151970 226.09620667
v -10.07994960 -19.99494934 224.25129700
v -11.75492022 -19.99489021 222.46020508
v -11.76620982 -27.98262024 222.47230530
v -10.07994960 -19.99494934 224.25129700
v -11.76620982 -27.98262024 222.47230530
v -10.60645983 -27.44750023 223.74780273
v 18.30976083 -33.70912170 210.69590759
v 15.97028043 -32.42515182 213.53570557
v 17.12173059 -35.67008972 209.27340698
v 15.97028043 -32.42515182 213.53570557
v 15.56904962 -34.97019958 209.91619873
v 17.12173059 -35.67008972 209.27340698
v 15.97028043 -32.42515182 213.53570557
v 14.47000959 -34.14823151 211.98049927
v 15.56904962 -34.97019958 209.91619873
v 15.97028043 -32.42515182 213.53570557
v 14.31348016 -33.32804108 213.88540649
v 14.47000959 -34.14823151 211.98049927
v 15.97028043 -32.42515182 213.53570557
v 18.30976083 -33.70912170 210.69590759
v 17.88512971 -30.48942947 213.56059265
v 19.45202996 -32.05484009 211.11259460
v 17.88512971 -30.48942947 213.56059265
v 19.45202996 -32.05484009 211.11259460
v 19.13908937 -28.90955925 212.83580017
v 11.60951020 -27.98278046 222.63720703
v 9.69377973 -31.33523941 222.84899902
v 19.13908937 -28.90955925 212.83580017
v 9.69377973 -31.33523941 222.84899902
v 17.88512971 -30.48942947 213.56059265
v 19.13908937 -28.90955925 212.83580017
v 9.69377973 -31.33523941 222.84899902
v 5.64506986 -34.31150055 218.79780579
v 14.31348016 -33.32804108 213.88540649
v 9.69377973 -31.33523941 222.84899902
v 15.97028043 -32.42515182 213.53570557
v 17.88512971 -30.48942947 213.56059265
v 9.69377973 -31.33523941 222.84899902
v 14.31348016 -33.32804108 213.88540649
v 15.97028043 -32.42515182 213.53570557
v 5.64506986 -34.31150055 218.79780579
v 12.05932023 -34.17892075 213.03100586
v 14.31348016 -33.32804108 213.88540649
v 5.64506986 -34.31150055 218.79780579
v 10.59463002 -34.31153107 212.63659668
v 12.05932023 -34.17892075 213.03100586
v 14.31348016 -33.32804108 213.88540649
v 12.05932023 -34.17892075 213.03100586
v 14.47000959 -34.14823151 211.98049927
v -5.66177008 -34.31143951 218.79780579
v -13.91885970 -34.29243851 211.63299561
v 0.00482996 -34.08113861 212.80209351
v 10.59463002 -34.31153107 212.63659668
v 5.64506986 -34.31150055 218.79780579
v 0.00482996 -34.08113861 212.80209351
v -14.33871959 -33.34222031 213.88980103
v -5.66177008 -34.31143951 218.79780579
v -8.34781001 -33.19021988 221.48550415
v -14.33871959 -33.34222031 213.88980103
v -13.91885970 -34.29243851 211.63299561
v -5.66177008 -34.31143951 218.79780579
v -8.34781001 -33.19021988 221.48550415
v -9.71045993 -31.33514023 222.84899902
v -14.33871959 -33.34222031 213.88980103
v -14.33871959 -33.34222031 213.88980103
v -9.71045993 -31.33514023 222.84899902
v -16.29349921 -32.64831161 212.91110229
v -9.71045993 -31.33514023 222.84899902
v -17.75977919 -30.67029953 213.63459778
v -16.29349921 -32.64831161 212.91110229
v -9.71045993 -31.33514023 222.84899902
v -11.76620982 -27.98262024 222.47230530
v -17.75977919 -30.67029953 213.63459778
v -11.76620982 -27.98262024 222.47230530
v -19.56056998 -29.16169930 212.21549988
v -17.75977919 -30.67029953 213.63459778
v -14.86117957 -33.89025116 212.05780029
v -13.91885970 -34.29243851 211.63299561
v -14.33871959 -33.34222031 213.88980103
v 10.59463002 -34.31153107 212.63659668
v 14.48286988 -34.57928085 193.14100647
v 13.68523004 -34.32434082 211.31390381
v -30.50321982 -32.82863998 197.74429321
v -32.14244101 -34.32696915 196.42640686
v -29.67947982 -33.03514099 199.79890442
v 28.38635995 -14.16117001 201.17919922
v 27.08090951 -19.99508095 203.18609619
v 28.61214997 -30.50733948 201.16969299
v 27.08090951 -19.99508095 203.18609619
v 11.60951020 -27.98278046 222.63720703
v 19.13908937 -28.90955925 212.83580017
v 27.08090951 -19.99508095 203.18609619
v 28.61214044 10.50734997 201.16969299
v 26.86416032 -0.00490999 203.22079468
v 29.13360955 -5.93043995 201.40829468
v 19.13907983 8.90956974 212.83580017
v 26.86416032 -0.00490999 203.22079468
v 28.61214044 10.50734997 201.16969299
v 11.60949971 7.98278999 222.63720703
v 26.86416032 -0.00490999 203.22079468
v 19.13907983 8.90956974 212.83580017
v -54.17935944 -40.25973892 125.38590240
v -57.38964844 -35.53416824 125.38590240
v -57.38964844 -35.53416824 79.03710175
v 18.04208946 65.04409027 66.97380066
v 18.44659042 64.93052673 66.73790741
v 18.47224998 64.92324066 15.00000000
v -18.04208946 -65.04409027 66.97380066
v -18.44659042 -64.93052673 66.73790741
v -18.47224998 -64.92324066 15.00000000
v -23.49403000 63.27938080 69.96601105
v -23.08418083 63.43004990 68.30574799
v -30.08733940 60.42351913 15.00000000
v -23.49403000 63.27938080 78.91600800
v -23.49403000 63.27938080 69.96601105
v -30.08733940 60.42351913 79.03710175
v -23.08418083 63.43004990 68.30574799
v -21.94408035 63.83343887 67.02143097
v -30.08733940 60.42351913 15.00000000
v -30.08733940 60.42351913 15.00000000
v -21.94408035 63.83343887 67.02143097
v -20.37948036 64.35002899 66.41957855
v -20.37948036 64.35002899 66.41957855
v -18.47224998 64.92324066 15.00000000
v -21.70595932 63.91479874 82.01303101
v -23.01491928 63.45521164 80.70407867
v -30.08733940 60.42351913 79.03710175
v -30.08733940 60.42351913 79.03710175
v -23.01491928 63.45521164 80.70407867
v -23.49197960 63.28013992 79.03710175
v -23.49197960 63.28013992 79.03710175
v -28.92977905 60.98620987 133.44869995
v -23.39220047 63.31710052 142.31030273
v -20.14016914 64.42533112 134.33709717
v -28.92977905 60.98620987 133.44869995
v -20.14016914 64.42533112 134.33709717
v -30.03421021 60.44995117 131.41000366
v -18.52465057 64.90830231 130.86250305
v -18.47224998 64.92324066 82.18692780
v -20.14016914 64.42533112 134.33709717
v -20.14016914 64.42533112 134.33709717
v -18.47224998 64.92324066 82.18692780
v -19.91789055 64.49440002 82.49214935
v -20.14016914 64.42533112 134.33709717
v -19.91789055 64.49440002 82.49214935
v -30.03421021 60.44995117 131.41000366
v -6.35115194 67.20053864 87.05348206
v -6.83679485 67.15287018 89.04183197
v -6.23782587 67.21115875 114.29489899
v -6.83679485 67.15287018 89.04183197
v -8.08314705 67.01426697 90.44866180
v -6.23782587 67.21115875 114.29489899
v -6.23782587 67.21115875 114.29489899
v -8.08314705 67.01426697 90.44866180
v -9.56053829 66.81951141 91.00827026
v -9.56053829 66.81951141 91.00827026
v -6.45090008 67.19104004 114.43949890
v -6.45090008 67.19104004 114.43949890
v -9.56053829 66.81951141 91.00827026
v -9.95894527 66.76129150 91.03259277
v -6.45090008 67.19104004 114.43949890
v -9.95894527 66.76129150 91.03259277
v -8.88943005 66.91210175 116.44589996
v -8.88943005 66.91210175 116.44589996
v -9.95894527 66.76129150 91.03259277
v -11.44137001 66.52326965 119.24320221
v -11.50216007 66.51278687 90.64778137
v -14.14855003 66.00051880 123.00420380
v -9.95894527 66.76129150 91.03259277
v -9.95894527 66.76129150 91.03259277
v -14.14855003 66.00051880 123.00420380
v -12.68605042 66.29717255 120.86990356
v -9.95894527 66.76129150 91.03259277
v -12.68605042 66.29717255 120.86990356
v -11.44137001 66.52326965 119.24320221
v -13.56674004 66.12255859 87.05348206
v -13.56674004 66.12255859 79.03710175
v -16.34379959 65.49146271 79.03710175
v -16.34379959 65.49146271 79.03710175
v -16.82085991 65.37055206 80.70407867
v -13.56674004 66.12255859 87.05348206
v -13.56674004 66.12255859 87.05348206
v -16.82085991 65.37055206 80.70407867
v -17.39274025 65.22071838 81.44828033
v -17.39274025 65.22071838 81.44828033
v -13.52130032 66.13186646 87.68331146
v -17.39274025 65.22071838 81.44828033
v -18.13161087 65.01918793 82.01406860
v -13.52130032 66.13186646 87.68331146
v -13.52130032 66.13186646 87.68331146
v -18.13161087 65.01918793 82.01406860
v -18.47224998 64.92324066 82.18692780
v -13.52130032 66.13186646 87.68331146
v -18.47224998 64.92324066 82.18692780
v -12.81970978 66.27144623 89.47142029
v -12.81970978 66.27144623 89.47142029
v -18.47224998 64.92324066 82.18692780
v -18.52465057 64.90830231 130.86250305
v -12.81970978 66.27144623 89.47142029
v -18.52465057 64.90830231 130.86250305
v -11.50216007 66.51278687 90.64778137
v -11.50216007 66.51278687 90.64778137
v -18.52465057 64.90830231 130.86250305
v -17.01174927 65.32112885 127.89240265
v -11.50216007 66.51278687 90.64778137
v -17.01174927 65.32112885 127.89240265
v -14.14855003 66.00051880 123.00420380
v -13.08108997 66.22035217 68.38063049
v -16.37145996 65.48455048 69.50441742
v -13.56674004 66.12255859 70.36898041
v -13.56674004 66.12255859 70.36898041
v -16.37145996 65.48455048 69.50441742
v -16.34174919 65.49196625 69.96601105
v -16.34174919 65.49196625 78.91600800
v -20.37948036 64.35002899 66.41957855
v -19.91789055 64.49440002 66.38986969
v -18.47224998 64.92324066 15.00000000
v -18.47224998 64.92324066 15.00000000
v -19.91789055 64.49440002 66.38986969
v -18.25762939 64.98390961 66.79972076
v -18.47224998 64.92324066 15.00000000
v -18.25762939 64.98390961 66.79972076
v -13.08108997 66.22035217 68.38063049
v -13.08108997 66.22035217 68.38063049
v -18.25762939 64.98390961 66.79972076
v -16.97331047 65.33113098 67.93981934
v -16.97331047 65.33113098 67.93981934
v -13.08108997 66.22035217 68.38063049
v -11.83473969 66.45440674 66.97380066
v -18.47224998 64.92324066 15.00000000
v -18.47224998 64.92324066 15.00000000
v -11.83473969 66.45440674 66.97380066
v -10.35735035 66.70063782 66.41419220
v -18.47224998 64.92324066 15.00000000
v -10.35735035 66.70063782 66.41419220
v -6.22811508 67.21205902 15.00000000
v -10.35735035 66.70063782 66.41419220
v -9.95894527 66.76129150 66.38986969
v -6.22811508 67.21205902 15.00000000
v -6.22811508 67.21205902 15.00000000
v -9.95894527 66.76129150 66.38986969
v -8.41572571 66.97332001 66.77468109
v -6.22811508 67.21205902 15.00000000
v -8.41572571 66.97332001 66.77468109
v -7.09817600 67.12574768 67.95104218
v -7.09817600 67.12574768 67.95104218
v -6.39658594 67.19624329 69.73914337
v -6.22811508 67.21205902 15.00000000
v -6.22811508 67.21205902 15.00000000
v -6.39658594 67.19624329 69.73914337
v -6.35115194 67.20053864 70.36898041
v -6.22811508 67.21205902 79.03710175
v -6.35115194 67.20053864 79.03710175
v 23.49403000 -63.27938080 69.96601105
v 23.08418083 -63.43004990 68.30574799
v 30.08733940 -60.42351913 15.00000000
v 23.08418083 -63.43004990 68.30574799
v 21.94408035 -63.83343887 67.02143097
v 30.08733940 -60.42351913 15.00000000
v 30.08733940 -60.42351913 15.00000000
v 21.94408035 -63.83343887 67.02143097
v 20.37948036 -64.35002899 66.41957855
v 20.37948036 -64.35002899 66.41957855
v 18.47224998 -64.92324066 15.00000000
v 28.92977905 -60.98620987 133.44869995
v 23.39220047 -63.31710052 142.31030273
v 20.14016914 -64.42533112 134.33709717
v 28.92977905 -60.98620987 133.44869995
v 20.14016914 -64.42533112 134.33709717
v 30.03421021 -60.44995117 131.41000366
v 21.70595932 -63.91479874 82.81304169
v 30.03421021 -60.44995117 131.41000366
v 19.91789055 -64.49440002 83.29216003
v 19.91789055 -64.49440002 83.29216003
v 30.03421021 -60.44995117 131.41000366
v 20.14016914 -64.42533112 134.33709717
v 19.91789055 -64.49440002 83.29216003
v 20.14016914 -64.42533112 134.33709717
v 18.45388985 -64.92845154 82.97875214
v 18.45388985 -64.92845154 82.97875214
v 20.14016914 -64.42533112 134.33709717
v 18.52465057 -64.90830231 130.86250305
v 23.01491928 -63.45521164 81.50408173
v 23.37138939 -63.32479095 80.64452362
v 30.08733940 -60.42351913 79.03710175
v 23.37138939 -63.32479095 80.64452362
v 23.49403000 -63.27938080 79.71601105
v 30.08733940 -60.42351913 79.03710175
v 30.08733940 -60.42351913 79.03710175
v 23.49403000 -63.27938080 79.71601105
v 23.49403000 -63.27938080 79.03710175
v 23.49403000 -63.27938080 69.96601105
v 6.35115194 -67.20053864 87.05348206
v 6.83679485 -67.15287018 89.04183197
v 6.23782587 -67.21115875 114.29489899
v 6.83679485 -67.15287018 89.04183197
v 8.08314705 -67.01426697 90.44866180
v 6.23782587 -67.21115875 114.29489899
v 6.23782587 -67.21115875 114.29489899
v 8.08314705 -67.01426697 90.44866180
v 9.56053829 -66.81951141 91.00827026
v 9.56053829 -66.81951141 91.00827026
v 6.45090008 -67.19104004 114.43949890
v 6.45090008 -67.19104004 114.43949890
v 9.56053829 -66.81951141 91.00827026
v 9.95894527 -66.76129150 91.03259277
v 6.45090008 -67.19104004 114.43949890
v 9.95894527 -66.76129150 91.03259277
v 8.88943005 -66.91210175 116.44589996
v 8.88943005 -66.91210175 116.44589996
v 9.95894527 -66.76129150 91.03259277
v 11.44137001 -66.52326965 119.24320221
v 11.50216007 -66.51278687 90.64778137
v 14.14855003 -66.00051880 123.00420380
v 9.95894527 -66.76129150 91.03259277
v 9.95894527 -66.76129150 91.03259277
v 14.14855003 -66.00051880 123.00420380
v 12.68605042 -66.29717255 120.86990356
v 9.95894527 -66.76129150 91.03259277
v 12.68605042 -66.29717255 120.86990356
v 11.44137001 -66.52326965 119.24320221
v 16.34174919 -65.49196625 79.71601105
v 16.46446037 -65.46121979 80.64478302
v 13.56674004 -66.12255859 79.03710175
v 13.56674004 -66.12255859 79.03710175
v 16.46446037 -65.46121979 80.64478302
v 13.56674004 -66.12255859 87.05348206
v 16.46446037 -65.46121979 80.64478302
v 16.82085991 -65.37055206 81.50408173
v 13.56674004 -66.12255859 87.05348206
v 13.56674004 -66.12255859 87.05348206
v 16.82085991 -65.37055206 81.50408173
v 17.39270973 -65.22073364 82.24826050
v 13.56674004 -66.12255859 87.05348206
v 17.39270973 -65.22073364 82.24826050
v 13.52130032 -66.13186646 87.68331146
v 17.39270973 -65.22073364 82.24826050
v 18.12981987 -65.01969147 82.81304169
v 13.52130032 -66.13186646 87.68331146
v 13.52130032 -66.13186646 87.68331146
v 18.12981987 -65.01969147 82.81304169
v 18.45388985 -64.92845154 82.97875214
v 13.52130032 -66.13186646 87.68331146
v 18.45388985 -64.92845154 82.97875214
v 12.81970978 -66.27144623 89.47142029
v 12.81970978 -66.27144623 89.47142029
v 18.45388985 -64.92845154 82.97875214
v 18.52465057 -64.90830231 130.86250305
v 12.81970978 -66.27144623 89.47142029
v 18.52465057 -64.90830231 130.86250305
v 11.50216007 -66.51278687 90.64778137
v 11.50216007 -66.51278687 90.64778137
v 18.52465057 -64.90830231 130.86250305
v 17.01174927 -65.32112885 127.89240265
v 11.50216007 -66.51278687 90.64778137
v 17.01174927 -65.32112885 127.89240265
v 14.14855003 -66.00051880 123.00420380
v 13.08108997 -66.22035217 68.38063049
v 16.37145996 -65.48455048 69.50441742
v 13.56674004 -66.12255859 70.36898041
v 13.56674004 -66.12255859 70.36898041
v 16.37145996 -65.48455048 69.50441742
v 16.34174919 -65.49196625 69.96601105
v 16.34174919 -65.49196625 79.03710175
v 20.37948036 -64.35002899 66.41957855
v 19.91789055 -64.49440002 66.38986969
v 18.47224998 -64.92324066 15.00000000
v 18.47224998 -64.92324066 15.00000000
v 19.91789055 -64.49440002 66.38986969
v 18.25762939 -64.98390961 66.79972076
v 18.47224998 -64.92324066 15.00000000
v 18.25762939 -64.98390961 66.79972076
v 13.08108997 -66.22035217 68.38063049
v 13.08108997 -66.22035217 68.38063049
v 18.25762939 -64.98390961 66.79972076
v 16.97331047 -65.33113098 67.93981934
v 16.97331047 -65.33113098 67.93981934
v 13.08108997 -66.22035217 68.38063049
v 11.83473969 -66.45440674 66.97380066
v 18.47224998 -64.92324066 15.00000000
v 18.47224998 -64.92324066 15.00000000
v 11.83473969 -66.45440674 66.97380066
v 10.35735035 -66.70063782 66.41419220
v 18.47224998 -64.92324066 15.00000000
v 10.35735035 -66.70063782 66.41419220
v 6.22811508 -67.21205902 15.00000000
v 10.35735035 -66.70063782 66.41419220
v 9.95894527 -66.76129150 66.38986969
v 6.22811508 -67.21205902 15.00000000
v 6.22811508 -67.21205902 15.00000000
v 9.95894527 -66.76129150 66.38986969
v 8.41572571 -66.97332001 66.77468109
v 6.22811508 -67.21205902 15.00000000
v 8.41572571 -66.97332001 66.77468109
v 7.09817600 -67.12574768 67.95104218
v 7.09817600 -67.12574768 67.95104218
v 6.39658594 -67.19624329 69.73914337
v 6.22811508 -67.21205902 15.00000000
v 6.22811508 -67.21205902 15.00000000
v 6.39658594 -67.19624329 69.73914337
v 6.35115194 -67.20053864 70.36898041
v 6.22811508 -67.21205902 79.03710175
v 6.35115194 -67.20053864 79.03710175
v -18.47224998 -64.92324066 79.03710175
v -13.56674004 -66.12255859 79.03710175
v -13.56674004 -66.12255859 87.05348206
v -18.52400970 -64.90850067 130.86140442
v -13.56674004 -66.12255859 87.05348206
v -13.08108997 -66.22035217 89.04183197
v -18.52400970 -64.90850067 130.86140442
v -18.52400970 -64.90850067 130.86140442
v -13.08108997 -66.22035217 89.04183197
v -11.83473969 -66.45440674 90.44866180
v -18.52400970 -64.90850067 130.86140442
v -11.83473969 -66.45440674 90.44866180
v -10.35735035 -66.70063782 91.00827026
v -11.05461979 -66.58863068 118.77300262
v -11.94758034 -66.43421936 119.88400269
v -10.35735035 -66.70063782 91.00827026
v -10.35735035 -66.70063782 91.00827026
v -11.94758034 -66.43421936 119.88400269
v -14.79609966 -65.85836792 124.02680206
v -14.79609966 -65.85836792 124.02680206
v -15.61131954 -65.66990662 125.38590240
v -10.35735035 -66.70063782 91.00827026
v -10.35735035 -66.70063782 91.00827026
v -15.61131954 -65.66990662 125.38590240
v -17.07484055 -65.30467224 128.01109314
v -10.35735035 -66.70063782 91.00827026
v -17.07484055 -65.30467224 128.01109314
v -18.52400970 -64.90850067 130.86140442
v -11.05461979 -66.58863068 118.77300262
v -10.35735035 -66.70063782 91.00827026
v -8.40801811 -66.97428894 115.99859619
v -8.40801811 -66.97428894 115.99859619
v -10.35735035 -66.70063782 91.00827026
v -9.95894527 -66.76129150 91.03259277
v -8.40801811 -66.97428894 115.99859619
v -9.95894527 -66.76129150 91.03259277
v -6.25256491 -67.20979309 114.30449677
v -6.25256491 -67.20979309 114.30449677
v -9.95894527 -66.76129150 91.03259277
v -8.41572571 -66.97332001 90.64778137
v -8.41572571 -66.97332001 90.64778137
v -7.09817600 -67.12574768 89.47142029
v -7.09817600 -67.12574768 89.47142029
v -6.39658594 -67.19624329 87.68331146
v -6.25256491 -67.20979309 114.30449677
v -6.25256491 -67.20979309 114.30449677
v -6.39658594 -67.19624329 87.68331146
v -6.35115194 -67.20053864 87.05348206
v -6.22811508 -67.21205902 79.03710175
v -13.56674004 -66.12255859 70.36898041
v -16.31010056 -65.49984741 70.36898041
v -13.52130032 -66.13186646 69.73914337
v -13.52130032 -66.13186646 69.73914337
v -16.31010056 -65.49984741 70.36898041
v -16.79574013 -65.37700653 68.38063049
v -6.35115194 -67.20053864 79.03710175
v -6.35115194 -67.20053864 70.36898041
v -6.22811508 -67.21205902 15.00000000
v -6.22811508 -67.21205902 15.00000000
v -6.35115194 -67.20053864 70.36898041
v -6.83679485 -67.15287018 68.38063049
v -6.22811508 -67.21205902 15.00000000
v -6.83679485 -67.15287018 68.38063049
v -8.08314705 -67.01426697 66.97380066
v -8.08314705 -67.01426697 66.97380066
v -9.56053829 -66.81951141 66.41419220
v -6.22811508 -67.21205902 15.00000000
v -6.22811508 -67.21205902 15.00000000
v -9.56053829 -66.81951141 66.41419220
v -9.95894527 -66.76129150 66.38986969
v -6.22811508 -67.21205902 15.00000000
v -9.95894527 -66.76129150 66.38986969
v -11.50216007 -66.51278687 66.77468109
v -18.47224998 -64.92324066 15.00000000
v -6.22811508 -67.21205902 15.00000000
v -18.04208946 -65.04409027 66.97380066
v -18.04208946 -65.04409027 66.97380066
v -6.22811508 -67.21205902 15.00000000
v -11.50216007 -66.51278687 66.77468109
v -18.04208946 -65.04409027 66.97380066
v -11.50216007 -66.51278687 66.77468109
v -16.79574013 -65.37700653 68.38063049
v -16.79574013 -65.37700653 68.38063049
v -11.50216007 -66.51278687 66.77468109
v -12.81970978 -66.27144623 67.95104218
v -16.79574013 -65.37700653 68.38063049
v -12.81970978 -66.27144623 67.95104218
v -13.52130032 -66.13186646 69.73914337
v -1.16723299 -67.48990631 112.28939819
v -0.39840749 -67.49883270 93.80030823
v -0.00024511 -67.50000000 112.28939819
v -0.00024511 -67.50000000 112.28939819
v -0.39840749 -67.49883270 93.80030823
v 0.00000000 -67.50000000 93.82463074
v -0.00024511 -67.50000000 112.28939819
v 0.00000000 -67.50000000 93.82463074
v 1.16955900 -67.48986816 112.28939819
v 5.55408716 -67.27111053 113.86380005
v 4.24417019 -67.36643982 113.17800140
v 1.54321897 -67.48236084 93.43981934
v 1.54321897 -67.48236084 93.43981934
v 4.24417019 -67.36643982 113.17800140
v 2.90683007 -67.43737793 112.66739655
v 1.54321897 -67.48236084 93.43981934
v 2.90683007 -67.43737793 112.66739655
v 0.00000000 -67.50000000 93.82463074
v 2.90683007 -67.43737793 112.66739655
v 1.82309496 -67.47537994 112.39379883
v 0.00000000 -67.50000000 93.82463074
v 1.82309496 -67.47537994 112.39379883
v 1.16955900 -67.48986816 112.28939819
v 5.55408716 -67.27111053 113.86380005
v 1.54321897 -67.48236084 93.43981934
v 6.23782587 -67.21115875 114.29489899
v 6.23782587 -67.21115875 114.29489899
v 1.54321897 -67.48236084 93.43981934
v 2.86076903 -67.43934631 92.26345062
v 6.23782587 -67.21115875 114.29489899
v 2.86076903 -67.43934631 92.26345062
v 3.56235790 -67.40592957 90.47534943
v 6.35115194 -67.20053864 87.05348206
v 6.23782587 -67.21115875 114.29489899
v 6.22811508 -67.21205902 79.03710175
v 6.23782587 -67.21115875 114.29489899
v 3.60779190 -67.40351868 89.84552002
v 3.60779190 -67.40351868 89.84552002
v 6.23782587 -67.21115875 114.29489899
v 3.56235790 -67.40592957 90.47534943
v -3.60779190 -67.40351868 89.84552002
v -3.12214994 -67.42775726 91.83386993
v -6.18344307 -67.21617889 112.28939819
v -6.18344307 -67.21617889 112.28939819
v -3.12214994 -67.42775726 91.83386993
v -1.87579799 -67.47393036 93.24069214
v -6.18344307 -67.21617889 112.28939819
v -1.87579799 -67.47393036 93.24069214
v -6.11125803 -67.22277832 112.28939819
v -6.11125803 -67.22277832 112.28939819
v -1.87579799 -67.47393036 93.24069214
v -0.39840749 -67.49883270 93.80030823
v -0.39840749 -67.49883270 93.80030823
v -6.03906679 -67.22930908 112.28939819
v -6.03906679 -67.22930908 112.28939819
v -0.39840749 -67.49883270 93.80030823
v -1.16723299 -67.48990631 112.28939819
v -6.03906679 -67.22930908 112.28939819
v -1.16723299 -67.48990631 112.28939819
v -2.53478289 -67.45239258 112.55940247
v -2.53478289 -67.45239258 112.55940247
v -3.44649506 -67.41194916 112.85040283
v -6.03906679 -67.22930908 112.28939819
v -6.03906679 -67.22930908 112.28939819
v -3.44649506 -67.41194916 112.85040283
v -5.27365208 -67.29367065 113.70110321
v -6.03906679 -67.22930908 112.28939819
v -5.27365208 -67.29367065 113.70110321
v -6.11135006 -67.22277069 112.29620361
v -3.60779190 -67.40351868 79.03710175
v -3.60779190 -67.40351868 89.84552002
v -6.22811508 -67.21205902 79.03710175
v -6.18344307 -67.21617889 112.28939819
v -6.18344307 -67.21617889 112.28939819
v -5.81087208 -67.24942017 114.01950073
v -5.81087208 -67.24942017 114.01950073
v -6.11135006 -67.22277069 112.29620361
v -5.27365208 -67.29367065 113.70110321
v 3.12214994 -67.42775726 68.38063049
v 6.22811508 -67.21205902 15.00000000
v 3.60779190 -67.40351868 70.36898041
v 3.60779190 -67.40351868 70.36898041
v 6.22811508 -67.21205902 15.00000000
v 3.60779190 -67.40351868 79.03710175
v 3.12214994 -67.42775726 68.38063049
v 1.87579799 -67.47393036 66.97380066
v 6.22811508 -67.21205902 15.00000000
v 6.22811508 -67.21205902 15.00000000
v 1.87579799 -67.47393036 66.97380066
v 0.39840749 -67.49883270 66.41419220
v 6.22811508 -67.21205902 15.00000000
v 0.39840749 -67.49883270 66.41419220
v -6.22811508 -67.21205902 15.00000000
v 0.00000000 -67.50000000 66.38986969
v -6.22811508 -67.21205902 15.00000000
v 0.00000000 -67.50000000 66.38986969
v -1.54321897 -67.48236084 66.77468109
v -1.54321897 -67.48236084 66.77468109
v -2.86076903 -67.43934631 67.95104218
v -6.22811508 -67.21205902 15.00000000
v -6.22811508 -67.21205902 15.00000000
v -2.86076903 -67.43934631 67.95104218
v -3.56235790 -67.40592957 69.73914337
v -6.22811508 -67.21205902 15.00000000
v -3.56235790 -67.40592957 69.73914337
v -6.22811508 -67.21205902 79.03710175
v -3.56235790 -67.40592957 69.73914337
v -3.60779190 -67.40351868 70.36898041
v -3.60779190 -67.40351868 70.36898041
v -64.49440002 -19.91789055 83.28839111
v -65.95397186 -14.36400032 123.34690094
v -66.34539795 -12.43134022 120.51309967
v -64.49440002 -19.91789055 83.28839111
v -66.34539795 -12.43134022 120.51309967
v -64.95092010 -18.37467003 82.90357971
v -63.88494110 -21.79368973 82.70446014
v -62.91778183 -24.44589996 140.79220581
v -64.37001038 -20.31629944 83.26406097
v -64.37001038 -20.31629944 83.26406097
v -62.91778183 -24.44589996 140.79220581
v -63.31710052 -23.39220047 142.31030273
v -63.31710052 -23.39220047 142.31030273
v -64.42533112 -20.14016914 134.33709717
v -64.37001038 -20.31629944 83.26406097
v -64.37001038 -20.31629944 83.26406097
v -64.42533112 -20.14016914 134.33709717
v -65.32112885 -17.01174927 127.89240265
v -64.37001038 -20.31629944 83.26406097
v -65.32112885 -17.01174927 127.89240265
v -64.49440002 -19.91789055 83.28839111
v -64.49440002 -19.91789055 83.28839111
v -65.32112885 -17.01174927 127.89240265
v -65.66990662 -15.61131954 125.38590240
v -64.49440002 -19.91789055 83.28839111
v -65.66990662 -15.61131954 125.38590240
v -65.95397186 -14.36400032 123.34690094
v -63.28450012 -23.48024940 69.73914337
v -63.54040146 -22.77865982 67.95104218
v -62.94187927 -24.38381004 15.00000000
v -63.28450012 -23.48024940 69.73914337
v -62.94187927 -24.38381004 15.00000000
v -63.26763153 -23.52568054 70.36898041
v -63.44609070 -23.04003906 81.29763031
v -63.26763153 -23.52568054 79.30928040
v -62.94187927 -24.38381004 79.03710175
v -62.94187927 -24.38381004 79.03710175
v -63.26763153 -23.52568054 79.30928040
v -63.26763153 -23.52568054 79.03710175
v -63.26763153 -23.52568054 70.36898041
v -63.54040146 -22.77865982 67.95104218
v -63.99742126 -21.46110916 66.77468109
v -62.94187927 -24.38381004 15.00000000
v -62.94187927 -24.38381004 15.00000000
v -63.99742126 -21.46110916 66.77468109
v -64.49440002 -19.91789055 66.38986969
v -62.94187927 -24.38381004 15.00000000
v -64.49440002 -19.91789055 66.38986969
v -66.35069275 -12.40308952 15.00000000
v -65.37700653 -16.79574013 68.38063049
v -66.33956909 -12.46240044 67.50988770
v -65.04409027 -18.04208946 66.97380066
v -65.04409027 -18.04208946 66.97380066
v -66.33956909 -12.46240044 67.50988770
v -66.35069275 -12.40308952 15.00000000
v -65.04409027 -18.04208946 66.97380066
v -66.35069275 -12.40308952 15.00000000
v -64.61609650 -19.51947975 66.41419220
v -64.61609650 -19.51947975 66.41419220
v -66.35069275 -12.40308952 15.00000000
v -64.49440002 -19.91789055 66.38986969
v -65.49984741 -16.31010056 70.36898041
v -65.49984741 -16.31010056 79.03710175
v -66.12255859 -13.56674004 79.03710175
v -66.12255859 -13.56674004 70.36898041
v -66.13186646 -13.52130032 69.73914337
v -65.49984741 -16.31010056 70.36898041
v -66.13186646 -13.52130032 69.73914337
v -65.37700653 -16.79574013 68.38063049
v -65.37700653 -16.79574013 68.38063049
v -66.13186646 -13.52130032 69.73914337
v -66.27144623 -12.81970978 67.95104218
v -66.27144623 -12.81970978 67.95104218
v -65.49984741 -16.31010056 79.30928040
v -65.48853302 -16.35552979 79.93910217
v -66.12255859 -13.56674004 87.05348206
v -66.12255859 -13.56674004 87.05348206
v -65.48853302 -16.35552979 79.93910217
v -65.30931091 -17.05711937 81.72721100
v -66.12255859 -13.56674004 87.05348206
v -65.30931091 -17.05711937 81.72721100
v -66.22035217 -13.08108997 89.04183197
v -66.22035217 -13.08108997 89.04183197
v -65.30931091 -17.05711937 81.72721100
v -64.95092010 -18.37467003 82.90357971
v -66.22035217 -13.08108997 89.04183197
v -64.95092010 -18.37467003 82.90357971
v -66.33482361 -12.48770046 89.88533783
v -66.33482361 -12.48770046 89.88533783
v -64.95092010 -18.37467003 82.90357971
v -66.34539795 -12.43134022 120.51309967
v -66.33482361 -12.48770046 89.88533783
v -66.34539795 -12.43134022 120.51309967
v -67.21617889 -6.18344307 112.28939819
v -67.22277832 -6.11125803 112.28939819
v -67.49883270 -0.39840749 93.80030823
v -67.21617889 -6.18344307 112.28939819
v -67.21617889 -6.18344307 112.28939819
v -67.49883270 -0.39840749 93.80030823
v -67.47393036 -1.87579799 93.24069214
v -67.21617889 -6.18344307 112.28939819
v -67.47393036 -1.87579799 93.24069214
v -67.42775726 -3.12214994 91.83386993
v -67.12574768 -7.09817600 89.47142029
v -66.97332001 -8.41572571 90.64778137
v -67.42775726 -3.12214994 91.83386993
v -67.12574768 -7.09817600 89.47142029
v -67.42775726 -3.12214994 91.83386993
v -67.19624329 -6.39658594 87.68331146
v -67.40351868 -3.60779190 89.84552002
v -67.19624329 -6.39658594 87.68331146
v -67.40351868 -3.60779190 89.84552002
v -67.20053864 -6.35115194 87.05348206
v -66.97332001 -8.41572571 90.64778137
v -66.76129150 -9.95894527 91.03259277
v -67.42775726 -3.12214994 91.83386993
v -67.42775726 -3.12214994 91.83386993
v -66.76129150 -9.95894527 91.03259277
v -66.70063782 -10.35735035 91.00827026
v -67.42775726 -3.12214994 91.83386993
v -66.70063782 -10.35735035 91.00827026
v -67.21617889 -6.18344307 112.28939819
v -67.21617889 -6.18344307 112.28939819
v -66.70063782 -10.35735035 91.00827026
v -66.45440674 -11.83473969 90.44866180
v -67.21617889 -6.18344307 112.28939819
v -66.45440674 -11.83473969 90.44866180
v -66.33482361 -12.48770046 89.88533783
v -67.48990631 -1.16723299 112.28939819
v -67.22930908 -6.03906679 112.28939819
v -67.45239258 -2.53479695 112.55940247
v -67.45239258 -2.53479695 112.55940247
v -67.22930908 -6.03906679 112.28939819
v -67.41081238 -3.46893406 112.85859680
v -66.34539795 -12.43134022 120.51309967
v -66.43421936 -11.94758034 119.88400269
v -67.21617889 -6.18344307 112.28939819
v -67.21617889 -6.18344307 112.28939819
v -66.43421936 -11.94758034 119.88400269
v -66.82285309 -9.53721237 117.08809662
v -67.21617889 -6.18344307 112.28939819
v -66.82285309 -9.53721237 117.08809662
v -66.97679138 -8.38809204 115.98059845
v -66.97679138 -8.38809204 115.98059845
v -67.11338806 -7.21412897 114.99770355
v -67.21617889 -6.18344307 112.28939819
v -67.21617889 -6.18344307 112.28939819
v -67.11338806 -7.21412897 114.99770355
v -67.15840149 -6.78243303 114.67420197
v -67.21617889 -6.18344307 112.28939819
v -67.15840149 -6.78243303 114.67420197
v -67.22277069 -6.11135006 112.29620361
v -67.25167084 -5.78476286 114.00330353
v -67.22930908 -6.03906679 112.28939819
v -67.22930908 -6.03906679 112.28939819
v -67.25167084 -5.78476286 114.00330353
v -67.29367828 -5.27362013 113.70110321
v -67.22930908 -6.03906679 112.28939819
v -67.29367828 -5.27362013 113.70110321
v -67.41081238 -3.46893406 112.85859680
v -66.33956909 -12.46240044 67.50988770
v -66.51278687 -11.50216007 66.77468109
v -66.35069275 -12.40308952 15.00000000
v -66.35069275 -12.40308952 15.00000000
v -66.51278687 -11.50216007 66.77468109
v -66.76129150 -9.95894527 66.38986969
v -66.35069275 -12.40308952 15.00000000
v -66.76129150 -9.95894527 66.38986969
v -67.50000000 0.00000000 15.00000000
v -66.76129150 -9.95894527 66.38986969
v -66.81951141 -9.56053829 66.41419220
v -67.50000000 0.00000000 15.00000000
v -67.50000000 0.00000000 15.00000000
v -66.81951141 -9.56053829 66.41419220
v -67.01426697 -8.08314705 66.97380066
v -67.50000000 0.00000000 15.00000000
v -67.01426697 -8.08314705 66.97380066
v -67.15287018 -6.83679485 68.38063049
v -67.40592957 -3.56235790 69.73914337
v -67.15287018 -6.83679485 68.38063049
v -67.20053864 -6.35115194 70.36898041
v -67.20053864 -6.35115194 87.05348206
v -67.40351868 -3.60779190 89.84552002
v -67.20053864 -6.35115194 79.03710175
v -67.40351868 -3.60779190 79.03710175
v -67.20053864 -6.35115194 70.36898041
v -67.40351868 -3.60779190 70.36898041
v -67.40592957 -3.56235790 69.73914337
v -67.43934631 2.86076903 92.26345062
v -67.48236084 1.54321897 93.43981934
v -67.01426697 8.08314705 90.44866180
v -67.01426697 8.08314705 90.44866180
v -67.48236084 1.54321897 93.43981934
v -66.81951141 9.56053829 91.00827026
v -66.33956909 12.46240044 89.91256714
v -66.51278687 11.50216007 90.64778137
v -66.34278107 12.44536018 120.54209900
v -66.34278107 12.44536018 120.54209900
v -66.51278687 11.50216007 90.64778137
v -66.76129150 9.95894527 91.03259277
v -67.43739319 2.90662193 112.66729736
v -67.36627197 4.24692822 113.17919922
v -67.48236084 1.54321897 93.43981934
v -67.43739319 2.90662193 112.66729736
v -67.48236084 1.54321897 93.43981934
v -67.46884918 2.05006504 112.44059753
v -67.22930908 -6.03906679 112.28939819
v -67.49883270 -0.39840749 93.80030823
v -67.22930908 -6.03906679 112.28939819
v -67.48990631 -1.16723299 112.28939819
v -67.49883270 -0.39840749 93.80030823
v -67.48990631 -1.16723299 112.28939819
v -67.50000000 0.00000000 93.82463074
v -67.50000000 0.00000000 93.82463074
v -67.48990631 -1.16723299 112.28939819
v -67.50000000 0.00000000 112.28939819
v -67.50000000 0.00000000 93.82463074
v -67.50000000 0.00000000 112.28939819
v -67.48236084 1.54321897 93.43981934
v -67.48986816 1.16955900 112.28939819
v -67.48236084 1.54321897 93.43981934
v -67.48986816 1.16955900 112.28939819
v -67.46884918 2.05006504 112.44059753
v -67.36627197 4.24692822 113.17919922
v -67.27111053 5.55414391 113.86380005
v -67.48236084 1.54321897 93.43981934
v -67.48236084 1.54321897 93.43981934
v -67.27111053 5.55414391 113.86380005
v -67.16237640 6.74278021 114.64550018
v -67.48236084 1.54321897 93.43981934
v -67.16237640 6.74278021 114.64550018
v -66.89817047 8.99370480 116.54609680
v -66.76129150 9.95894527 91.03259277
v -66.81951141 9.56053829 91.00827026
v -66.34278107 12.44536018 120.54209900
v -66.34278107 12.44536018 120.54209900
v -66.81951141 9.56053829 91.00827026
v -67.48236084 1.54321897 93.43981934
v -66.34278107 12.44536018 120.54209900
v -67.48236084 1.54321897 93.43981934
v -66.51737976 11.47558022 119.28589630
v -66.51737976 11.47558022 119.28589630
v -67.48236084 1.54321897 93.43981934
v -66.89817047 8.99370480 116.54609680
v -67.43934631 -2.86076903 67.95104218
v -67.15287018 -6.83679485 68.38063049
v -67.43934631 -2.86076903 67.95104218
v -67.48236084 -1.54321897 66.77468109
v -67.15287018 -6.83679485 68.38063049
v -67.48236084 -1.54321897 66.77468109
v -67.50000000 0.00000000 15.00000000
v -67.50000000 0.00000000 15.00000000
v -67.48236084 -1.54321897 66.77468109
v -67.50000000 0.00000000 66.38986969
v -67.50000000 0.00000000 15.00000000
v -67.50000000 0.00000000 66.38986969
v -66.35069275 12.40308952 15.00000000
v -66.35069275 12.40308952 15.00000000
v -67.50000000 0.00000000 66.38986969
v -67.49883270 0.39840749 66.41419220
v -66.35069275 12.40308952 15.00000000
v -67.49883270 0.39840749 66.41419220
v -67.47393036 1.87579799 66.97380066
v -67.47393036 1.87579799 66.97380066
v -67.42775726 3.12214994 68.38063049
v -66.35069275 12.40308952 15.00000000
v -66.35069275 12.40308952 15.00000000
v -67.42775726 3.12214994 68.38063049
v -66.97332001 8.41572571 66.77468109
v -66.35069275 12.40308952 15.00000000
v -66.97332001 8.41572571 66.77468109
v -66.76129150 9.95894527 66.38986969
v -66.76129150 9.95894527 66.38986969
v -66.70063782 10.35735035 66.41419220
v -66.35069275 12.40308952 15.00000000
v -66.35069275 12.40308952 15.00000000
v -66.70063782 10.35735035 66.41419220
v -66.45440674 11.83473969 66.97380066
v -66.35069275 12.40308952 15.00000000
v -66.45440674 11.83473969 66.97380066
v -66.33482361 12.48770046 67.53710938
v -67.40351868 3.60779190 70.36898041
v -67.19624329 6.39658594 69.73914337
v -67.42775726 3.12214994 68.38063049
v -67.12574768 7.09817600 67.95104218
v -67.42775726 3.12214994 68.38063049
v -67.12574768 7.09817600 67.95104218
v -66.97332001 8.41572571 66.77468109
v -67.43934631 2.86076903 92.26345062
v -67.01426697 8.08314705 90.44866180
v -67.40592957 3.56235790 90.47534943
v -67.15287018 6.83679485 89.04183197
v -67.40592957 3.56235790 90.47534943
v -67.15287018 6.83679485 89.04183197
v -67.40351868 3.60779190 89.84552002
v -67.20053864 6.35115194 87.05348206
v -67.40351868 3.60779190 89.84552002
v -67.20053864 6.35115194 87.05348206
v -67.40351868 3.60779190 79.03710175
v -67.20053864 6.35115194 79.03710175
v -67.40351868 3.60779190 70.36898041
v -67.20053864 6.35115194 70.36898041
v -67.19624329 6.39658594 69.73914337
v -66.13186646 13.52130032 87.68331146
v -66.27144623 12.81970978 89.47142029
v -62.91778183 24.44589996 140.79220581
v -66.13186646 13.52130032 87.68331146
v -62.94187927 24.38381004 79.03710175
v -66.12255859 13.56674004 87.05348206
v -66.12255859 13.56674004 87.05348206
v -62.94187927 24.38381004 79.03710175
v -66.12255859 13.56674004 79.03710175
v -66.33956909 12.46240044 89.91256714
v -66.34278107 12.44536018 120.54209900
v -66.27144623 12.81970978 89.47142029
v -66.29720306 12.68595028 120.87000275
v -66.27144623 12.81970978 89.47142029
v -66.29720306 12.68595028 120.87000275
v -65.99694061 14.16532040 123.03009796
v -63.31710052 23.39220047 142.31030273
v -62.91778183 24.44589996 140.79220581
v -64.40789032 20.19592094 134.46270752
v -64.40789032 20.19592094 134.46270752
v -62.91778183 24.44589996 140.79220581
v -66.27144623 12.81970978 89.47142029
v -64.40789032 20.19592094 134.46270752
v -66.27144623 12.81970978 89.47142029
v -65.30467224 17.07484055 128.01109314
v -65.30467224 17.07484055 128.01109314
v -66.27144623 12.81970978 89.47142029
v -65.99694061 14.16532040 123.03009796
v -66.35069275 12.40308952 15.00000000
v -64.49440002 19.91789055 66.38986969
v -62.94187927 24.38381004 15.00000000
v -62.94187927 24.38381004 15.00000000
v -64.49440002 19.91789055 66.38986969
v -64.28749847 20.57589912 66.45066071
v -62.94187927 24.38381004 15.00000000
v -64.28749847 20.57589912 66.45066071
v -63.76338959 22.14678001 67.17218781
v -63.35964966 23.27671051 71.19329834
v -63.51029968 22.86247063 71.99220276
v -62.94187927 24.38381004 79.03710175
v -63.76338959 22.14678001 67.17218781
v -63.62635040 22.53746033 67.53501892
v -62.94187927 24.38381004 15.00000000
v -62.94187927 24.38381004 15.00000000
v -63.62635040 22.53746033 67.53501892
v -63.33150864 23.35317039 68.97165680
v -62.94187927 24.38381004 15.00000000
v -63.33150864 23.35317039 68.97165680
v -63.28536987 23.47789001 70.30687714
v -64.69394684 19.25988007 73.48136139
v -66.12255859 13.56674004 79.03710175
v -64.49440002 19.91789055 73.54216003
v -64.49440002 19.91789055 73.54216003
v -66.12255859 13.56674004 79.03710175
v -62.94187927 24.38381004 79.03710175
v -64.49440002 19.91789055 73.54216003
v -62.94187927 24.38381004 79.03710175
v -63.95806122 21.57814980 73.13230133
v -63.95806122 21.57814980 73.13230133
v -62.94187927 24.38381004 79.03710175
v -63.51029968 22.86247063 71.99220276
v -64.69394684 19.25988007 73.48136139
v -65.14099121 17.68899918 72.75982666
v -66.12255859 13.56674004 79.03710175
v -66.12255859 13.56674004 79.03710175
v -65.14099121 17.68899918 72.75982666
v -65.24582672 17.29832077 72.39700317
v -66.12255859 13.56674004 79.03710175
v -65.24582672 17.29832077 72.39700317
v -66.12255859 13.56674004 70.36898041
v -66.12255859 13.56674004 70.36898041
v -65.24582672 17.29832077 72.39700317
v -65.45664978 16.48261070 70.96035767
v -66.12255859 13.56674004 70.36898041
v -65.45664978 16.48261070 70.96035767
v -66.22035217 13.08108997 68.38063049
v -66.22035217 13.08108997 68.38063049
v -65.45664978 16.48261070 70.96035767
v -65.48793793 16.35788918 69.62513733
v -66.22035217 13.08108997 68.38063049
v -65.48793793 16.35788918 69.62513733
v -66.33482361 12.48770046 67.53710938
v -66.33482361 12.48770046 67.53710938
v -65.48793793 16.35788918 69.62513733
v -65.33113098 16.97331047 67.93981934
v -66.33482361 12.48770046 67.53710938
v -65.33113098 16.97331047 67.93981934
v -66.35069275 12.40308952 15.00000000
v -66.35069275 12.40308952 15.00000000
v -65.33113098 16.97331047 67.93981934
v -64.98390961 18.25762939 66.79972076
v -66.35069275 12.40308952 15.00000000
v -64.98390961 18.25762939 66.79972076
v -64.49440002 19.91789055 66.38986969
v 64.49440002 19.91789055 83.28839111
v 65.95397186 14.36400032 123.34690094
v 66.34539795 12.43134022 120.51309967
v 64.49440002 19.91789055 83.28839111
v 66.34539795 12.43134022 120.51309967
v 64.95092010 18.37467003 82.90357971
v 63.88494110 21.79368973 82.70446014
v 62.91778183 24.44589996 140.79220581
v 64.37001038 20.31629944 83.26406097
v 64.37001038 20.31629944 83.26406097
v 62.91778183 24.44589996 140.79220581
v 63.31710052 23.39220047 142.31030273
v 63.31710052 23.39220047 142.31030273
v 64.42533112 20.14016914 134.33709717
v 64.37001038 20.31629944 83.26406097
v 64.37001038 20.31629944 83.26406097
v 64.42533112 20.14016914 134.33709717
v 65.32112885 17.01174927 127.89240265
v 64.37001038 20.31629944 83.26406097
v 65.32112885 17.01174927 127.89240265
v 64.49440002 19.91789055 83.28839111
v 64.49440002 19.91789055 83.28839111
v 65.32112885 17.01174927 127.89240265
v 65.66990662 15.61131954 125.38590240
v 64.49440002 19.91789055 83.28839111
v 65.66990662 15.61131954 125.38590240
v 65.95397186 14.36400032 123.34690094
v 63.28450012 23.48024940 69.73914337
v 63.54040146 22.77865982 67.95104218
v 62.94187927 24.38381004 15.00000000
v 63.28450012 23.48024940 69.73914337
v 62.94187927 24.38381004 15.00000000
v 63.26763153 23.52568054 70.36898041
v 63.44609070 23.04003906 81.29763031
v 63.26763153 23.52568054 79.30928040
v 62.94187927 24.38381004 79.03710175
v 62.94187927 24.38381004 79.03710175
v 63.26763153 23.52568054 79.30928040
v 63.26763153 23.52568054 79.03710175
v 63.26763153 23.52568054 70.36898041
v 63.54040146 22.77865982 67.95104218
v 63.99742126 21.46110916 66.77468109
v 62.94187927 24.38381004 15.00000000
v 62.94187927 24.38381004 15.00000000
v 63.99742126 21.46110916 66.77468109
v 64.49440002 19.91789055 66.38986969
v 62.94187927 24.38381004 15.00000000
v 64.49440002 19.91789055 66.38986969
v 66.35069275 12.40308952 15.00000000
v 65.37700653 16.79574013 68.38063049
v 66.33956909 12.46240044 67.50988770
v 65.04409027 18.04208946 66.97380066
v 65.04409027 18.04208946 66.97380066
v 66.33956909 12.46240044 67.50988770
v 66.35069275 12.40308952 15.00000000
v 65.04409027 18.04208946 66.97380066
v 66.35069275 12.40308952 15.00000000
v 64.61609650 19.51947975 66.41419220
v 64.61609650 19.51947975 66.41419220
v 66.35069275 12.40308952 15.00000000
v 64.49440002 19.91789055 66.38986969
v 65.49984741 16.31010056 70.36898041
v 65.49984741 16.31010056 79.03710175
v 66.12255859 13.56674004 79.03710175
v 66.12255859 13.56674004 70.36898041
v 66.13186646 13.52130032 69.73914337
v 65.49984741 16.31010056 70.36898041
v 66.13186646 13.52130032 69.73914337
v 65.37700653 16.79574013 68.38063049
v 65.37700653 16.79574013 68.38063049
v 66.13186646 13.52130032 69.73914337
v 66.27144623 12.81970978 67.95104218
v 66.27144623 12.81970978 67.95104218
v 65.49984741 16.31010056 79.30928040
v 65.48853302 16.35552979 79.93910217
v 66.12255859 13.56674004 87.05348206
v 66.12255859 13.56674004 87.05348206
v 65.48853302 16.35552979 79.93910217
v 65.30931091 17.05711937 81.72721100
v 66.12255859 13.56674004 87.05348206
v 65.30931091 17.05711937 81.72721100
v 66.22035217 13.08108997 89.04183197
v 66.22035217 13.08108997 89.04183197
v 65.30931091 17.05711937 81.72721100
v 64.95092010 18.37467003 82.90357971
v 66.22035217 13.08108997 89.04183197
v 64.95092010 18.37467003 82.90357971
v 66.33482361 12.48770046 89.88533783
v 66.33482361 12.48770046 89.88533783
v 64.95092010 18.37467003 82.90357971
v 66.34539795 12.43134022 120.51309967
v 66.33482361 12.48770046 89.88533783
v 66.34539795 12.43134022 120.51309967
v 67.21617889 6.18344307 112.28939819
v 67.22277832 6.11125803 112.28939819
v 67.49883270 0.39840749 93.80030823
v 67.21617889 6.18344307 112.28939819
v 67.21617889 6.18344307 112.28939819
v 67.49883270 0.39840749 93.80030823
v 67.47393036 1.87579799 93.24069214
v 67.21617889 6.18344307 112.28939819
v 67.47393036 1.87579799 93.24069214
v 67.42775726 3.12214994 91.83386993
v 67.12574768 7.09817600 89.47142029
v 66.97332001 8.41572571 90.64778137
v 67.42775726 3.12214994 91.83386993
v 67.12574768 7.09817600 89.47142029
v 67.42775726 3.12214994 91.83386993
v 67.19624329 6.39658594 87.68331146
v 67.40351868 3.60779190 89.84552002
v 67.19624329 6.39658594 87.68331146
v 67.40351868 3.60779190 89.84552002
v 67.20053864 6.35115194 87.05348206
v 66.97332001 8.41572571 90.64778137
v 66.76129150 9.95894527 91.03259277
v 67.42775726 3.12214994 91.83386993
v 67.42775726 3.12214994 91.83386993
v 66.76129150 9.95894527 91.03259277
v 66.70063782 10.35735035 91.00827026
v 67.42775726 3.12214994 91.83386993
v 66.70063782 10.35735035 91.00827026
v 67.21617889 6.18344307 112.28939819
v 67.21617889 6.18344307 112.28939819
v 66.70063782 10.35735035 91.00827026
v 66.45440674 11.83473969 90.44866180
v 67.21617889 6.18344307 112.28939819
v 66.45440674 11.83473969 90.44866180
v 66.33482361 12.48770046 89.88533783
v 67.48990631 1.16723299 112.28939819
v 67.22930908 6.03906679 112.28939819
v 67.45239258 2.53479695 112.55940247
v 67.45239258 2.53479695 112.55940247
v 67.22930908 6.03906679 112.28939819
v 67.41081238 3.46893406 112.85859680
v 66.34539795 12.43134022 120.51309967
v 66.43421936 11.94758034 119.88400269
v 67.21617889 6.18344307 112.28939819
v 67.21617889 6.18344307 112.28939819
v 66.43421936 11.94758034 119.88400269
v 66.82285309 9.53721237 117.08809662
v 67.21617889 6.18344307 112.28939819
v 66.82285309 9.53721237 117.08809662
v 66.97679138 8.38809204 115.98059845
v 66.97679138 8.38809204 115.98059845
v 67.11338806 7.21412897 114.99770355
v 67.21617889 6.18344307 112.28939819
v 67.21617889 6.18344307 112.28939819
v 67.11338806 7.21412897 114.99770355
v 67.15840149 6.78243303 114.67420197
v 67.21617889 6.18344307 112.28939819
v 67.15840149 6.78243303 114.67420197
v 67.22277069 6.11135006 112.29620361
v 67.25167084 5.78476286 114.00330353
v 67.22930908 6.03906679 112.28939819
v 67.22930908 6.03906679 112.28939819
v 67.25167084 5.78476286 114.00330353
v 67.29367828 5.27362013 113.70110321
v 67.22930908 6.03906679 112.28939819
v 67.29367828 5.27362013 113.70110321
v 67.41081238 3.46893406 112.85859680
v 66.33956909 12.46240044 67.50988770
v 66.51278687 11.50216007 66.77468109
v 66.35069275 12.40308952 15.00000000
v 66.35069275 12.40308952 15.00000000
v 66.51278687 11.50216007 66.77468109
v 66.76129150 9.95894527 66.38986969
v 66.35069275 12.40308952 15.00000000
v 66.76129150 9.95894527 66.38986969
v 67.50000000 0.00000000 15.00000000
v 66.76129150 9.95894527 66.38986969
v 66.81951141 9.56053829 66.41419220
v 67.50000000 0.00000000 15.00000000
v 67.50000000 0.00000000 15.00000000
v 66.81951141 9.56053829 66.41419220
v 67.01426697 8.08314705 66.97380066
v 67.50000000 0.00000000 15.00000000
v 67.01426697 8.08314705 66.97380066
v 67.15287018 6.83679485 68.38063049
v 67.40592957 3.56235790 69.73914337
v 67.15287018 6.83679485 68.38063049
v 67.20053864 6.35115194 70.36898041
v 67.20053864 6.35115194 87.05348206
v 67.40351868 3.60779190 89.84552002
v 67.20053864 6.35115194 79.03710175
v 67.40351868 3.60779190 79.03710175
v 67.20053864 6.35115194 70.36898041
v 67.40351868 3.60779190 70.36898041
v 67.40592957 3.56235790 69.73914337
v 67.43934631 -2.86076903 92.26345062
v 67.48236084 -1.54321897 93.43981934
v 67.01426697 -8.08314705 90.44866180
v 67.01426697 -8.08314705 90.44866180
v 67.48236084 -1.54321897 93.43981934
v 66.81951141 -9.56053829 91.00827026
v 66.33956909 -12.46240044 89.91256714
v 66.51278687 -11.50216007 90.64778137
v 66.34278107 -12.44536018 120.54209900
v 66.34278107 -12.44536018 120.54209900
v 66.51278687 -11.50216007 90.64778137
v 66.76129150 -9.95894527 91.03259277
v 67.43739319 -2.90662193 112.66729736
v 67.36627197 -4.24692822 113.17919922
v 67.48236084 -1.54321897 93.43981934
v 67.43739319 -2.90662193 112.66729736
v 67.48236084 -1.54321897 93.43981934
v 67.46884918 -2.05006504 112.44059753
v 67.22930908 6.03906679 112.28939819
v 67.49883270 0.39840749 93.80030823
v 67.22930908 6.03906679 112.28939819
v 67.48990631 1.16723299 112.28939819
v 67.49883270 0.39840749 93.80030823
v 67.48990631 1.16723299 112.28939819
v 67.50000000 0.00000000 93.82463074
v 67.50000000 0.00000000 93.82463074
v 67.48990631 1.16723299 112.28939819
v 67.50000000 0.00000000 112.28939819
v 67.50000000 0.00000000 93.82463074
v 67.50000000 0.00000000 112.28939819
v 67.48236084 -1.54321897 93.43981934
v 67.48986816 -1.16955900 112.28939819
v 67.48236084 -1.54321897 93.43981934
v 67.48986816 -1.16955900 112.28939819
v 67.46884918 -2.05006504 112.44059753
v 67.36627197 -4.24692822 113.17919922
v 67.27111053 -5.55414391 113.86380005
v 67.48236084 -1.54321897 93.43981934
v 67.48236084 -1.54321897 93.43981934
v 67.27111053 -5.55414391 113.86380005
v 67.16237640 -6.74278021 114.64550018
v 67.48236084 -1.54321897 93.43981934
v 67.16237640 -6.74278021 114.64550018
v 66.89817047 -8.99370480 116.54609680
v 66.76129150 -9.95894527 91.03259277
v 66.81951141 -9.56053829 91.00827026
v 66.34278107 -12.44536018 120.54209900
v 66.34278107 -12.44536018 120.54209900
v 66.81951141 -9.56053829 91.00827026
v 67.48236084 -1.54321897 93.43981934
v 66.34278107 -12.44536018 120.54209900
v 67.48236084 -1.54321897 93.43981934
v 66.51737976 -11.47558022 119.28589630
v 66.51737976 -11.47558022 119.28589630
v 67.48236084 -1.54321897 93.43981934
v 66.89817047 -8.99370480 116.54609680
v 67.43934631 2.86076903 67.95104218
v 67.15287018 6.83679485 68.38063049
v 67.43934631 2.86076903 67.95104218
v 67.48236084 1.54321897 66.77468109
v 67.15287018 6.83679485 68.38063049
v 67.48236084 1.54321897 66.77468109
v 67.50000000 0.00000000 15.00000000
v 67.50000000 0.00000000 15.00000000
v 67.48236084 1.54321897 66.77468109
v 67.50000000 0.00000000 66.38986969
v 67.50000000 0.00000000 15.00000000
v 67.50000000 0.00000000 66.38986969
v 66.35069275 -12.40308952 15.00000000
v 66.35069275 -12.40308952 15.00000000
v 67.50000000 0.00000000 66.38986969
v 67.49883270 -0.39840749 66.41419220
v 66.35069275 -12.40308952 15.00000000
v 67.49883270 -0.39840749 66.41419220
v 67.47393036 -1.87579799 66.97380066
v 67.47393036 -1.87579799 66.97380066
v 67.42775726 -3.12214994 68.38063049
v 66.35069275 -12.40308952 15.00000000
v 66.35069275 -12.40308952 15.00000000
v 67.42775726 -3.12214994 68.38063049
v 66.97332001 -8.41572571 66.77468109
v 66.35069275 -12.40308952 15.00000000
v 66.97332001 -8.41572571 66.77468109
v 66.76129150 -9.95894527 66.38986969
v 66.76129150 -9.95894527 66.38986969
v 66.70063782 -10.35735035 66.41419220
v 66.35069275 -12.40308952 15.00000000
v 66.35069275 -12.40308952 15.00000000
v 66.70063782 -10.35735035 66.41419220
v 66.45440674 -11.83473969 66.97380066
v 66.35069275 -12.40308952 15.00000000
v 66.45440674 -11.83473969 66.97380066
v 66.33482361 -12.48770046 67.53710938
v 67.40351868 -3.60779190 70.36898041
v 67.19624329 -6.39658594 69.73914337
v 67.42775726 -3.12214994 68.38063049
v 67.12574768 -7.09817600 67.95104218
v 67.42775726 -3.12214994 68.38063049
v 67.12574768 -7.09817600 67.95104218
v 66.97332001 -8.41572571 66.77468109
v 67.43934631 -2.86076903 92.26345062
v 67.01426697 -8.08314705 90.44866180
v 67.40592957 -3.56235790 90.47534943
v 67.15287018 -6.83679485 89.04183197
v 67.40592957 -3.56235790 90.47534943
v 67.15287018 -6.83679485 89.04183197
v 67.40351868 -3.60779190 89.84552002
v 67.20053864 -6.35115194 87.05348206
v 67.40351868 -3.60779190 89.84552002
v 67.20053864 -6.35115194 87.05348206
v 67.40351868 -3.60779190 79.03710175
v 67.20053864 -6.35115194 79.03710175
v 67.40351868 -3.60779190 70.36898041
v 67.20053864 -6.35115194 70.36898041
v 67.19624329 -6.39658594 69.73914337
v 66.13186646 -13.52130032 87.68331146
v 66.27144623 -12.81970978 89.47142029
v 62.91778183 -24.44589996 140.79220581
v 66.13186646 -13.52130032 87.68331146
v 62.94187927 -24.38381004 79.03710175
v 66.12255859 -13.56674004 87.05348206
v 66.12255859 -13.56674004 87.05348206
v 62.94187927 -24.38381004 79.03710175
v 66.12255859 -13.56674004 79.03710175
v 66.33956909 -12.46240044 89.91256714
v 66.34278107 -12.44536018 120.54209900
v 66.27144623 -12.81970978 89.47142029
v 66.29720306 -12.68595028 120.87000275
v 66.27144623 -12.81970978 89.47142029
v 66.29720306 -12.68595028 120.87000275
v 65.99694061 -14.16532040 123.03009796
v 63.31710052 -23.39220047 142.31030273
v 62.91778183 -24.44589996 140.79220581
v 64.40789032 -20.19592094 134.46270752
v 64.40789032 -20.19592094 134.46270752
v 62.91778183 -24.44589996 140.79220581
v 66.27144623 -12.81970978 89.47142029
v 64.40789032 -20.19592094 134.46270752
v 66.27144623 -12.81970978 89.47142029
v 65.30467224 -17.07484055 128.01109314
v 65.30467224 -17.07484055 128.01109314
v 66.27144623 -12.81970978 89.47142029
v 65.99694061 -14.16532040 123.03009796
v 66.35069275 -12.40308952 15.00000000
v 64.49440002 -19.91789055 66.38986969
v 62.94187927 -24.38381004 15.00000000
v 62.94187927 -24.38381004 15.00000000
v 64.49440002 -19.91789055 66.38986969
v 64.28749847 -20.57589912 66.45066071
v 62.94187927 -24.38381004 15.00000000
v 64.28749847 -20.57589912 66.45066071
v 63.76338959 -22.14678001 67.17218781
v 63.35964966 -23.27671051 71.19329834
v 63.51029968 -22.86247063 71.99220276
v 62.94187927 -24.38381004 79.03710175
v 63.76338959 -22.14678001 67.17218781
v 63.62635040 -22.53746033 67.53501892
v 62.94187927 -24.38381004 15.00000000
v 62.94187927 -24.38381004 15.00000000
v 63.62635040 -22.53746033 67.53501892
v 63.33150864 -23.35317039 68.97165680
v 62.94187927 -24.38381004 15.00000000
v 63.33150864 -23.35317039 68.97165680
v 63.28536987 -23.47789001 70.30687714
v 64.69394684 -19.25988007 73.48136139
v 66.12255859 -13.56674004 79.03710175
v 64.49440002 -19.91789055 73.54216003
v 64.49440002 -19.91789055 73.54216003
v 66.12255859 -13.56674004 79.03710175
v 62.94187927 -24.38381004 79.03710175
v 64.49440002 -19.91789055 73.54216003
v 62.94187927 -24.38381004 79.03710175
v 63.95806122 -21.57814980 73.13230133
v 63.95806122 -21.57814980 73.13230133
v 62.94187927 -24.38381004 79.03710175
v 63.51029968 -22.86247063 71.99220276
v 64.69394684 -19.25988007 73.48136139
v 65.14099121 -17.68899918 72.75982666
v 66.12255859 -13.56674004 79.03710175
v 66.12255859 -13.56674004 79.03710175
v 65.14099121 -17.68899918 72.75982666
v 65.24582672 -17.29832077 72.39700317
v 66.12255859 -13.56674004 79.03710175
v 65.24582672 -17.29832077 72.39700317
v 66.12255859 -13.56674004 70.36898041
v 66.12255859 -13.56674004 70.36898041
v 65.24582672 -17.29832077 72.39700317
v 65.45664978 -16.48261070 70.96035767
v 66.12255859 -13.56674004 70.36898041
v 65.45664978 -16.48261070 70.96035767
v 66.22035217 -13.08108997 68.38063049
v 66.22035217 -13.08108997 68.38063049
v 65.45664978 -16.48261070 70.96035767
v 65.48793793 -16.35788918 69.62513733
v 66.22035217 -13.08108997 68.38063049
v 65.48793793 -16.35788918 69.62513733
v 66.33482361 -12.48770046 67.53710938
v 66.33482361 -12.48770046 67.53710938
v 65.48793793 -16.35788918 69.62513733
v 65.33113098 -16.97331047 67.93981934
v 66.33482361 -12.48770046 67.53710938
v 65.33113098 -16.97331047 67.93981934
v 66.35069275 -12.40308952 15.00000000
v 66.35069275 -12.40308952 15.00000000
v 65.33113098 -16.97331047 67.93981934
v 64.98390961 -18.25762939 66.79972076
v 66.35069275 -12.40308952 15.00000000
v 64.98390961 -18.25762939 66.79972076
v 64.49440002 -19.91789055 66.38986969
v 18.47224998 64.92324066 79.03710175
v 13.56674004 66.12255859 79.03710175
v 13.56674004 66.12255859 87.05348206
v 18.52400970 64.90850067 130.86140442
v 13.56674004 66.12255859 87.05348206
v 13.08108997 66.22035217 89.04183197
v 18.52400970 64.90850067 130.86140442
v 18.52400970 64.90850067 130.86140442
v 13.08108997 66.22035217 89.04183197
v 11.83473969 66.45440674 90.44866180
v 18.52400970 64.90850067 130.86140442
v 11.83473969 66.45440674 90.44866180
v 10.35735035 66.70063782 91.00827026
v 11.05461979 66.58863068 118.77300262
v 11.94758034 66.43421936 119.88400269
v 10.35735035 66.70063782 91.00827026
v 10.35735035 66.70063782 91.00827026
v 11.94758034 66.43421936 119.88400269
v 14.79609966 65.85836792 124.02680206
v 14.79609966 65.85836792 124.02680206
v 15.61131954 65.66990662 125.38590240
v 10.35735035 66.70063782 91.00827026
v 10.35735035 66.70063782 91.00827026
v 15.61131954 65.66990662 125.38590240
v 17.07484055 65.30467224 128.01109314
v 10.35735035 66.70063782 91.00827026
v 17.07484055 65.30467224 128.01109314
v 18.52400970 64.90850067 130.86140442
v 11.05461979 66.58863068 118.77300262
v 10.35735035 66.70063782 91.00827026
v 8.40801811 66.97428894 115.99859619
v 8.40801811 66.97428894 115.99859619
v 10.35735035 66.70063782 91.00827026
v 9.95894527 66.76129150 91.03259277
v 8.40801811 66.97428894 115.99859619
v 9.95894527 66.76129150 91.03259277
v 6.25256491 67.20979309 114.30449677
v 6.25256491 67.20979309 114.30449677
v 9.95894527 66.76129150 91.03259277
v 8.41572571 66.97332001 90.64778137
v 8.41572571 66.97332001 90.64778137
v 7.09817600 67.12574768 89.47142029
v 7.09817600 67.12574768 89.47142029
v 6.39658594 67.19624329 87.68331146
v 6.25256491 67.20979309 114.30449677
v 6.25256491 67.20979309 114.30449677
v 6.39658594 67.19624329 87.68331146
v 6.35115194 67.20053864 87.05348206
v 6.22811508 67.21205902 79.03710175
v 13.56674004 66.12255859 70.36898041
v 13.56674004 66.12255859 79.03710175
v 16.79649925 65.37680817 72.35877228
v 16.79649925 65.37680817 72.35877228
v 16.53582954 65.44322968 71.75148773
v 13.56674004 66.12255859 70.36898041
v 13.56674004 66.12255859 70.36898041
v 16.53582954 65.44322968 71.75148773
v 16.31010056 65.49984741 70.36898041
v 13.52130032 66.13186646 69.73914337
v 13.52130032 66.13186646 69.73914337
v 16.31010056 65.49984741 70.36898041
v 16.79574013 65.37700653 68.38063049
v 6.35115194 67.20053864 79.03710175
v 6.35115194 67.20053864 70.36898041
v 6.22811508 67.21205902 15.00000000
v 6.22811508 67.21205902 15.00000000
v 6.35115194 67.20053864 70.36898041
v 6.83679485 67.15287018 68.38063049
v 6.22811508 67.21205902 15.00000000
v 6.83679485 67.15287018 68.38063049
v 8.08314705 67.01426697 66.97380066
v 8.08314705 67.01426697 66.97380066
v 9.56053829 66.81951141 66.41419220
v 6.22811508 67.21205902 15.00000000
v 6.22811508 67.21205902 15.00000000
v 9.56053829 66.81951141 66.41419220
v 9.95894527 66.76129150 66.38986969
v 6.22811508 67.21205902 15.00000000
v 9.95894527 66.76129150 66.38986969
v 11.50216007 66.51278687 66.77468109
v 18.47224998 64.92324066 15.00000000
v 6.22811508 67.21205902 15.00000000
v 18.04208946 65.04409027 66.97380066
v 18.04208946 65.04409027 66.97380066
v 6.22811508 67.21205902 15.00000000
v 11.50216007 66.51278687 66.77468109
v 18.04208946 65.04409027 66.97380066
v 11.50216007 66.51278687 66.77468109
v 16.79574013 65.37700653 68.38063049
v 16.79574013 65.37700653 68.38063049
v 11.50216007 66.51278687 66.77468109
v 12.81970978 66.27144623 67.95104218
v 16.79574013 65.37700653 68.38063049
v 12.81970978 66.27144623 67.95104218
v 13.52130032 66.13186646 69.73914337
v 1.16723299 67.48990631 112.28939819
v 0.39840749 67.49883270 93.80030823
v 0.00024511 67.50000000 112.28939819
v 0.00024511 67.50000000 112.28939819
v 0.39840749 67.49883270 93.80030823
v 0.00000000 67.50000000 93.82463074
v 0.00024511 67.50000000 112.28939819
v 0.00000000 67.50000000 93.82463074
v -1.16955900 67.48986816 112.28939819
v -5.55408716 67.27111053 113.86380005
v -4.24417019 67.36643982 113.17800140
v -1.54321897 67.48236084 93.43981934
v -1.54321897 67.48236084 93.43981934
v -4.24417019 67.36643982 113.17800140
v -2.90683007 67.43737793 112.66739655
v -1.54321897 67.48236084 93.43981934
v -2.90683007 67.43737793 112.66739655
v 0.00000000 67.50000000 93.82463074
v -2.90683007 67.43737793 112.66739655
v -1.82309496 67.47537994 112.39379883
v 0.00000000 67.50000000 93.82463074
v -1.82309496 67.47537994 112.39379883
v -1.16955900 67.48986816 112.28939819
v -5.55408716 67.27111053 113.86380005
v -1.54321897 67.48236084 93.43981934
v -6.23782587 67.21115875 114.29489899
v -6.23782587 67.21115875 114.29489899
v -1.54321897 67.48236084 93.43981934
v -2.86076903 67.43934631 92.26345062
v -6.23782587 67.21115875 114.29489899
v -2.86076903 67.43934631 92.26345062
v -3.56235790 67.40592957 90.47534943
v -6.35115194 67.20053864 87.05348206
v -6.23782587 67.21115875 114.29489899
v -6.22811508 67.21205902 79.03710175
v -6.23782587 67.21115875 114.29489899
v -3.60779190 67.40351868 89.84552002
v -3.60779190 67.40351868 89.84552002
v -6.23782587 67.21115875 114.29489899
v -3.56235790 67.40592957 90.47534943
v 3.60779190 67.40351868 89.84552002
v 3.12214994 67.42775726 91.83386993
v 6.18344307 67.21617889 112.28939819
v 6.18344307 67.21617889 112.28939819
v 3.12214994 67.42775726 91.83386993
v 1.87579799 67.47393036 93.24069214
v 6.18344307 67.21617889 112.28939819
v 1.87579799 67.47393036 93.24069214
v 6.11125803 67.22277832 112.28939819
v 6.11125803 67.22277832 112.28939819
v 1.87579799 67.47393036 93.24069214
v 0.39840749 67.49883270 93.80030823
v 0.39840749 67.49883270 93.80030823
v 6.03906679 67.22930908 112.28939819
v 6.03906679 67.22930908 112.28939819
v 0.39840749 67.49883270 93.80030823
v 1.16723299 67.48990631 112.28939819
v 6.03906679 67.22930908 112.28939819
v 1.16723299 67.48990631 112.28939819
v 2.53478289 67.45239258 112.55940247
v 2.53478289 67.45239258 112.55940247
v 3.44649506 67.41194916 112.85040283
v 6.03906679 67.22930908 112.28939819
v 6.03906679 67.22930908 112.28939819
v 3.44649506 67.41194916 112.85040283
v 5.27365208 67.29367065 113.70110321
v 6.03906679 67.22930908 112.28939819
v 5.27365208 67.29367065 113.70110321
v 6.11135006 67.22277069 112.29620361
v 3.60779190 67.40351868 79.03710175
v 3.60779190 67.40351868 89.84552002
v 6.22811508 67.21205902 79.03710175
v 6.18344307 67.21617889 112.28939819
v 6.18344307 67.21617889 112.28939819
v 5.81087208 67.24942017 114.01950073
v 5.81087208 67.24942017 114.01950073
v 6.11135006 67.22277069 112.29620361
v 5.27365208 67.29367065 113.70110321
v -3.12214994 67.42775726 68.38063049
v -6.22811508 67.21205902 15.00000000
v -3.60779190 67.40351868 70.36898041
v -3.60779190 67.40351868 70.36898041
v -6.22811508 67.21205902 15.00000000
v -3.60779190 67.40351868 79.03710175
v -3.12214994 67.42775726 68.38063049
v -1.87579799 67.47393036 66.97380066
v -6.22811508 67.21205902 15.00000000
v -6.22811508 67.21205902 15.00000000
v -1.87579799 67.47393036 66.97380066
v -0.39840749 67.49883270 66.41419220
v -6.22811508 67.21205902 15.00000000
v -0.39840749 67.49883270 66.41419220
v 6.22811508 67.21205902 15.00000000
v 0.00000000 67.50000000 66.38986969
v 6.22811508 67.21205902 15.00000000
v 0.00000000 67.50000000 66.38986969
v 1.54321897 67.48236084 66.77468109
v 1.54321897 67.48236084 66.77468109
v 2.86076903 67.43934631 67.95104218
v 6.22811508 67.21205902 15.00000000
v 6.22811508 67.21205902 15.00000000
v 2.86076903 67.43934631 67.95104218
v 3.56235790 67.40592957 69.73914337
v 6.22811508 67.21205902 15.00000000
v 3.56235790 67.40592957 69.73914337
v 6.22811508 67.21205902 79.03710175
v 3.56235790 67.40592957 69.73914337
v 3.60779190 67.40351868 70.36898041
v 3.60779190 67.40351868 70.36898041
v -60.44995117 30.03421021 131.41000366
v -59.67584991 31.54430008 128.66870117
v -62.94187927 24.38381004 79.03710175
v -62.94187927 24.38381004 79.03710175
v -59.67584991 31.54430008 128.66870117
v -59.26321030 32.31287003 127.49720001
v -62.94187927 24.38381004 79.03710175
v -59.26321030 32.31287003 127.49720001
v -58.70201111 33.32152939 126.31369781
v -66.13186646 13.52130032 87.68331146
v -62.91778183 24.44589996 140.79220581
v -62.94187927 24.38381004 79.03710175
v -62.91778183 24.44589996 140.79220581
v -60.98620987 28.92977905 133.44869995
v -62.94187927 24.38381004 79.03710175
v -60.98620987 28.92977905 133.44869995
v -60.44995117 30.03421021 131.41000366
v -58.70201111 33.32152939 126.31369781
v -58.37377167 33.89326096 125.84380341
v -62.94187927 24.38381004 79.03710175
v -62.94187927 24.38381004 79.03710175
v -58.37377167 33.89326096 125.84380341
v -57.84278870 34.79169083 125.38590240
v -62.94187927 24.38381004 79.03710175
v -57.84278870 34.79169083 125.38590240
v -57.38964844 35.53416824 79.03710175
v -57.38964844 -35.53416824 79.03710175
v -57.38964844 -35.53416824 125.38590240
v -62.94187927 -24.38381004 79.03710175
v -57.38964844 -35.53416824 125.38590240
v -57.84278870 -34.79169083 125.38590240
v -62.94187927 -24.38381004 79.03710175
v -62.94187927 -24.38381004 79.03710175
v -57.84278870 -34.79169083 125.38590240
v -58.37377167 -33.89326096 125.84380341
v -62.94187927 -24.38381004 79.03710175
v -58.37377167 -33.89326096 125.84380341
v -58.70201111 -33.32152939 126.31369781
v -58.70201111 -33.32152939 126.31369781
v -59.26321030 -32.31287003 127.49720001
v -62.94187927 -24.38381004 79.03710175
v -62.94187927 -24.38381004 79.03710175
v -59.26321030 -32.31287003 127.49720001
v -59.67584991 -31.54430008 128.66870117
v -62.94187927 -24.38381004 79.03710175
v -59.67584991 -31.54430008 128.66870117
v -60.44995117 -30.03421021 131.41000366
v -63.88494110 -21.79368973 82.70446014
v -63.44609070 -23.04003906 81.29763031
v -62.91778183 -24.44589996 140.79220581
v -63.44609070 -23.04003906 81.29763031
v -62.94187927 -24.38381004 79.03710175
v -62.91778183 -24.44589996 140.79220581
v -62.94187927 -24.38381004 79.03710175
v -60.98620987 -28.92977905 133.44869995
v -60.98620987 -28.92977905 133.44869995
v -62.94187927 -24.38381004 79.03710175
v -60.44995117 -30.03421021 131.41000366
v -54.17935944 -40.25973892 125.38590240
v -57.38964844 -35.53416824 79.03710175
v -51.09123993 -44.11275864 125.38590240
v -51.09123993 -44.11275864 125.38590240
v -57.38964844 -35.53416824 79.03710175
v -49.88309860 -45.47444916 79.03710175
v -51.09123993 -44.11275864 125.38590240
v -49.88309860 -45.47444916 79.03710175
v -49.88309860 -45.47444916 125.38590240
v -49.88309860 -45.47444916 125.38590240
v -49.88309860 -45.47444916 79.03710175
v -47.72970963 -47.72970963 125.38590240
v -47.72970963 -47.72970963 125.38590240
v -49.88309860 -45.47444916 79.03710175
v -40.67784119 -53.86616135 79.03710175
v -47.72970963 -47.72970963 125.38590240
v -40.67784119 -53.86616135 79.03710175
v -44.11275864 -51.09123993 125.38590240
v -33.32152939 -58.70201111 126.31369781
v -33.89326096 -58.37377167 125.84380341
v -30.08733940 -60.42351913 79.03710175
v -30.03421021 -60.44995117 131.41000366
v -31.54430008 -59.67584991 128.66870117
v -30.08733940 -60.42351913 79.03710175
v -30.08733940 -60.42351913 79.03710175
v -31.54430008 -59.67584991 128.66870117
v -32.31287003 -59.26321030 127.49720001
v -30.08733940 -60.42351913 79.03710175
v -32.31287003 -59.26321030 127.49720001
v -33.32152939 -58.70201111 126.31369781
v -33.89326096 -58.37377167 125.84380341
v -34.79169083 -57.84278870 125.38590240
v -30.08733940 -60.42351913 79.03710175
v -30.08733940 -60.42351913 79.03710175
v -34.79169083 -57.84278870 125.38590240
v -40.25973892 -54.17935944 125.38590240
v -30.08733940 -60.42351913 79.03710175
v -40.25973892 -54.17935944 125.38590240
v -40.67784119 -53.86616135 79.03710175
v -40.67784119 -53.86616135 79.03710175
v -40.25973892 -54.17935944 125.38590240
v -40.67784119 -53.86616135 125.38590240
v -40.67784119 -53.86616135 79.03710175
v -40.67784119 -53.86616135 125.38590240
v -44.11275864 -51.09123993 125.38590240
v -23.39220047 -63.31710052 142.31030273
v -28.92977905 -60.98620987 133.44869995
v -20.19592094 -64.40789032 134.46270752
v -20.19592094 -64.40789032 134.46270752
v -28.92977905 -60.98620987 133.44869995
v -30.03421021 -60.44995117 131.41000366
v -20.19592094 -64.40789032 134.46270752
v -30.03421021 -60.44995117 131.41000366
v -18.52400970 -64.90850067 130.86140442
v -18.52400970 -64.90850067 130.86140442
v -30.03421021 -60.44995117 131.41000366
v -30.08733940 -60.42351913 79.03710175
v -18.47224998 -64.92324066 79.03710175
v 34.79169083 -57.84278870 125.38590240
v 30.08733940 -60.42351913 79.03710175
v 40.25973892 -54.17935944 125.38590240
v 40.25973892 -54.17935944 125.38590240
v 30.08733940 -60.42351913 79.03710175
v 40.67784119 -53.86616135 79.03710175
v 34.79169083 -57.84278870 125.38590240
v 33.89326096 -58.37377167 125.84380341
v 30.08733940 -60.42351913 79.03710175
v 30.08733940 -60.42351913 79.03710175
v 33.89326096 -58.37377167 125.84380341
v 33.32152939 -58.70201111 126.31369781
v 30.08733940 -60.42351913 79.03710175
v 33.32152939 -58.70201111 126.31369781
v 32.31287003 -59.26321030 127.49720001
v 21.70595932 -63.91479874 82.81304169
v 23.01491928 -63.45521164 81.50408173
v 30.03421021 -60.44995117 131.41000366
v 30.03421021 -60.44995117 131.41000366
v 23.01491928 -63.45521164 81.50408173
v 30.08733940 -60.42351913 79.03710175
v 30.03421021 -60.44995117 131.41000366
v 30.08733940 -60.42351913 79.03710175
v 31.54430008 -59.67584991 128.66870117
v 31.54430008 -59.67584991 128.66870117
v 30.08733940 -60.42351913 79.03710175
v 32.31287003 -59.26321030 127.49720001
v 49.88309860 -45.47444916 125.38590240
v 47.72970963 -47.72970963 125.38590240
v 49.88309860 -45.47444916 79.03710175
v 49.88309860 -45.47444916 79.03710175
v 47.72970963 -47.72970963 125.38590240
v 44.11275864 -51.09123993 125.38590240
v 49.88309860 -45.47444916 79.03710175
v 44.11275864 -51.09123993 125.38590240
v 40.67784119 -53.86616135 79.03710175
v 40.67784119 -53.86616135 79.03710175
v 44.11275864 -51.09123993 125.38590240
v 40.67784119 -53.86616135 125.38590240
v 40.67784119 -53.86616135 79.03710175
v 40.67784119 -53.86616135 125.38590240
v 40.25973892 -54.17935944 125.38590240
v 57.38964844 -35.53416824 79.03710175
v 54.17935944 -40.25973892 125.38590240
v 49.88309860 -45.47444916 79.03710175
v 49.88309860 -45.47444916 79.03710175
v 54.17935944 -40.25973892 125.38590240
v 51.09123993 -44.11275864 125.38590240
v 49.88309860 -45.47444916 79.03710175
v 51.09123993 -44.11275864 125.38590240
v 49.88309860 -45.47444916 125.38590240
v 60.44995117 -30.03421021 131.41000366
v 59.67584991 -31.54430008 128.66870117
v 62.94187927 -24.38381004 79.03710175
v 62.94187927 -24.38381004 79.03710175
v 59.67584991 -31.54430008 128.66870117
v 59.26321030 -32.31287003 127.49720001
v 62.94187927 -24.38381004 79.03710175
v 59.26321030 -32.31287003 127.49720001
v 58.70201111 -33.32152939 126.31369781
v 66.13186646 -13.52130032 87.68331146
v 62.91778183 -24.44589996 140.79220581
v 62.94187927 -24.38381004 79.03710175
v 62.91778183 -24.44589996 140.79220581
v 60.98620987 -28.92977905 133.44869995
v 62.94187927 -24.38381004 79.03710175
v 60.98620987 -28.92977905 133.44869995
v 60.44995117 -30.03421021 131.41000366
v 58.70201111 -33.32152939 126.31369781
v 58.37377167 -33.89326096 125.84380341
v 62.94187927 -24.38381004 79.03710175
v 62.94187927 -24.38381004 79.03710175
v 58.37377167 -33.89326096 125.84380341
v 57.84278870 -34.79169083 125.38590240
v 62.94187927 -24.38381004 79.03710175
v 57.84278870 -34.79169083 125.38590240
v 57.38964844 -35.53416824 79.03710175
v 57.38964844 -35.53416824 79.03710175
v 57.84278870 -34.79169083 125.38590240
v 57.38964844 -35.53416824 125.38590240
v 57.38964844 -35.53416824 79.03710175
v 57.38964844 -35.53416824 125.38590240
v 54.17935944 -40.25973892 125.38590240
v 62.94187927 24.38381004 79.03710175
v 58.37377167 33.89326096 125.84380341
v 58.70201111 33.32152939 126.31369781
v 58.70201111 33.32152939 126.31369781
v 59.26321030 32.31287003 127.49720001
v 62.94187927 24.38381004 79.03710175
v 62.94187927 24.38381004 79.03710175
v 59.26321030 32.31287003 127.49720001
v 59.67584991 31.54430008 128.66870117
v 62.94187927 24.38381004 79.03710175
v 59.67584991 31.54430008 128.66870117
v 60.44995117 30.03421021 131.41000366
v 63.88494110 21.79368973 82.70446014
v 63.44609070 23.04003906 81.29763031
v 62.91778183 24.44589996 140.79220581
v 63.44609070 23.04003906 81.29763031
v 62.94187927 24.38381004 79.03710175
v 62.91778183 24.44589996 140.79220581
v 62.94187927 24.38381004 79.03710175
v 60.98620987 28.92977905 133.44869995
v 60.98620987 28.92977905 133.44869995
v 62.94187927 24.38381004 79.03710175
v 60.44995117 30.03421021 131.41000366
v 49.88309860 45.47444916 125.38590240
v 51.09123993 44.11275864 125.38590240
v 49.88309860 45.47444916 79.03710175
v 49.88309860 45.47444916 79.03710175
v 51.09123993 44.11275864 125.38590240
v 54.17935944 40.25973892 125.38590240
v 49.88309860 45.47444916 79.03710175
v 54.17935944 40.25973892 125.38590240
v 57.38964844 35.53416824 79.03710175
v 57.38964844 35.53416824 79.03710175
v 54.17935944 40.25973892 125.38590240
v 57.38964844 35.53416824 125.38590240
v 57.38964844 35.53416824 79.03710175
v 57.38964844 35.53416824 125.38590240
v 62.94187927 24.38381004 79.03710175
v 62.94187927 24.38381004 79.03710175
v 57.38964844 35.53416824 125.38590240
v 57.84278870 34.79169083 125.38590240
v 62.94187927 24.38381004 79.03710175
v 57.84278870 34.79169083 125.38590240
v 58.37377167 33.89326096 125.84380341
v 49.88309860 45.47444916 125.38590240
v 49.88309860 45.47444916 79.03710175
v 47.72970963 47.72970963 125.38590240
v 47.72970963 47.72970963 125.38590240
v 49.88309860 45.47444916 79.03710175
v 40.67784119 53.86616135 79.03710175
v 47.72970963 47.72970963 125.38590240
v 40.67784119 53.86616135 79.03710175
v 44.11275864 51.09123993 125.38590240
v 33.32152939 58.70201111 126.31369781
v 33.89326096 58.37377167 125.84380341
v 30.08733940 60.42351913 79.03710175
v 30.03421021 60.44995117 131.41000366
v 31.54430008 59.67584991 128.66870117
v 30.08733940 60.42351913 79.03710175
v 30.08733940 60.42351913 79.03710175
v 31.54430008 59.67584991 128.66870117
v 32.31287003 59.26321030 127.49720001
v 30.08733940 60.42351913 79.03710175
v 32.31287003 59.26321030 127.49720001
v 33.32152939 58.70201111 126.31369781
v 33.89326096 58.37377167 125.84380341
v 34.79169083 57.84278870 125.38590240
v 30.08733940 60.42351913 79.03710175
v 30.08733940 60.42351913 79.03710175
v 34.79169083 57.84278870 125.38590240
v 40.25973892 54.17935944 125.38590240
v 30.08733940 60.42351913 79.03710175
v 40.25973892 54.17935944 125.38590240
v 40.67784119 53.86616135 79.03710175
v 40.67784119 53.86616135 79.03710175
v 40.25973892 54.17935944 125.38590240
v 40.67784119 53.86616135 125.38590240
v 40.67784119 53.86616135 79.03710175
v 40.67784119 53.86616135 125.38590240
v 44.11275864 51.09123993 125.38590240
v 23.39220047 63.31710052 142.31030273
v 28.92977905 60.98620987 133.44869995
v 20.19592094 64.40789032 134.46270752
v 20.19592094 64.40789032 134.46270752
v 28.92977905 60.98620987 133.44869995
v 30.03421021 60.44995117 131.41000366
v 20.19592094 64.40789032 134.46270752
v 30.03421021 60.44995117 131.41000366
v 18.52400970 64.90850067 130.86140442
v 18.52400970 64.90850067 130.86140442
v 30.03421021 60.44995117 131.41000366
v 30.08733940 60.42351913 79.03710175
v 18.47224998 64.92324066 79.03710175
v -34.79169083 57.84278870 125.38590240
v -30.08733940 60.42351913 79.03710175
v -40.25973892 54.17935944 125.38590240
v -40.25973892 54.17935944 125.38590240
v -30.08733940 60.42351913 79.03710175
v -40.67784119 53.86616135 79.03710175
v -34.79169083 57.84278870 125.38590240
v -33.89326096 58.37377167 125.84380341
v -30.08733940 60.42351913 79.03710175
v -30.08733940 60.42351913 79.03710175
v -33.89326096 58.37377167 125.84380341
v -33.32152939 58.70201111 126.31369781
v -30.08733940 60.42351913 79.03710175
v -33.32152939 58.70201111 126.31369781
v -32.31287003 59.26321030 127.49720001
v -19.91789055 64.49440002 82.49214935
v -21.70595932 63.91479874 82.01303101
v -30.03421021 60.44995117 131.41000366
v -30.03421021 60.44995117 131.41000366
v -21.70595932 63.91479874 82.01303101
v -30.08733940 60.42351913 79.03710175
v -30.03421021 60.44995117 131.41000366
v -30.08733940 60.42351913 79.03710175
v -31.54430008 59.67584991 128.66870117
v -31.54430008 59.67584991 128.66870117
v -30.08733940 60.42351913 79.03710175
v -32.31287003 59.26321030 127.49720001
v -49.88309860 45.47444916 125.38590240
v -47.72970963 47.72970963 125.38590240
v -49.88309860 45.47444916 79.03710175
v -49.88309860 45.47444916 79.03710175
v -47.72970963 47.72970963 125.38590240
v -44.11275864 51.09123993 125.38590240
v -49.88309860 45.47444916 79.03710175
v -44.11275864 51.09123993 125.38590240
v -40.67784119 53.86616135 79.03710175
v -40.67784119 53.86616135 79.03710175
v -44.11275864 51.09123993 125.38590240
v -40.67784119 53.86616135 125.38590240
v -40.67784119 53.86616135 79.03710175
v -40.67784119 53.86616135 125.38590240
v -40.25973892 54.17935944 125.38590240
v -57.84278870 34.79169083 125.38590240
v -57.38964844 35.53416824 125.38590240
v -57.38964844 35.53416824 79.03710175
v -57.38964844 35.53416824 79.03710175
v -57.38964844 35.53416824 125.38590240
v -54.17935944 40.25973892 125.38590240
v -57.38964844 35.53416824 79.03710175
v -54.17935944 40.25973892 125.38590240
v -49.88309860 45.47444916 79.03710175
v -49.88309860 45.47444916 79.03710175
v -54.17935944 40.25973892 125.38590240
v -51.09123993 44.11275864 125.38590240
v -49.88309860 45.47444916 79.03710175
v -51.09123993 44.11275864 125.38590240
v -49.88309860 45.47444916 125.38590240
v -18.44659042 -64.93052673 66.73790741
v -19.51947975 -64.61609650 66.41419220
v -18.47224998 -64.92324066 15.00000000
v -18.47224998 -64.92324066 15.00000000
v -19.51947975 -64.61609650 66.41419220
v -19.91789055 -64.49440002 66.38986969
v -18.47224998 -64.92324066 15.00000000
v -19.91789055 -64.49440002 66.38986969
v -30.08733940 -60.42351913 15.00000000
v -19.91789055 -64.49440002 66.38986969
v -21.46110916 -63.99742126 66.77468109
v -30.08733940 -60.42351913 15.00000000
v -30.08733940 -60.42351913 15.00000000
v -21.46110916 -63.99742126 66.77468109
v -22.77865982 -63.54040146 67.95104218
v -30.08733940 -60.42351913 15.00000000
v -22.77865982 -63.54040146 67.95104218
v -23.48024940 -63.28450012 69.73914337
v -23.52568054 -63.26763153 70.36898041
v -23.31172943 -63.34677124 71.71618652
v -30.08733940 -60.42351913 79.03710175
v -30.08733940 -60.42351913 79.03710175
v -23.31172943 -63.34677124 71.71618652
v -23.03883934 -63.44652939 72.35961151
v -19.91789055 -64.49440002 74.34809113
v -19.34997940 -64.66706085 74.29843140
v -18.47224998 -64.92324066 79.03710175
v -18.47224998 -64.92324066 79.03710175
v -19.34997940 -64.66706085 74.29843140
v -18.19425011 -65.00169373 73.86145020
v -18.19425011 -65.00169373 73.86145020
v -13.56674004 -66.12255859 79.03710175
v -18.19425011 -65.00169373 73.86145020
v -17.19824982 -65.27227783 72.97701263
v -13.56674004 -66.12255859 79.03710175
v -17.19824982 -65.27227783 72.97701263
v -13.56674004 -66.12255859 70.36898041
v -13.56674004 -66.12255859 70.36898041
v -17.19824982 -65.27227783 72.97701263
v -16.53582954 -65.44322968 71.75148773
v -16.53582954 -65.44322968 71.75148773
v -23.03883934 -63.44652939 72.35961151
v -22.68824959 -63.57273865 72.91137695
v -30.08733940 -60.42351913 79.03710175
v -30.08733940 -60.42351913 79.03710175
v -22.68824959 -63.57273865 72.91137695
v -21.72583961 -63.90803909 73.80889130
v -18.47224998 -64.92324066 79.03710175
v -18.47224998 -64.92324066 79.03710175
v -21.72583961 -63.90803909 73.80889130
v -20.55555916 -64.29400635 74.28533936
v -18.47224998 -64.92324066 79.03710175
v -20.55555916 -64.29400635 74.28533936
v -19.91789055 -64.49440002 74.34809113
v 18.44659042 64.93052673 66.73790741
v 19.51947975 64.61609650 66.41419220
v 18.47224998 64.92324066 15.00000000
v 18.47224998 64.92324066 15.00000000
v 19.51947975 64.61609650 66.41419220
v 19.91789055 64.49440002 66.38986969
v 18.47224998 64.92324066 15.00000000
v 19.91789055 64.49440002 66.38986969
v 30.08733940 60.42351913 15.00000000
v 23.31172943 63.34677124 71.71618652
v 22.68824959 63.57273865 72.91137695
v 30.08733940 60.42351913 79.03710175
v 23.31172943 63.34677124 71.71618652
v 30.08733940 60.42351913 79.03710175
v 23.52568054 63.26763153 70.36898041
v 19.91789055 64.49440002 66.38986969
v 21.46110916 63.99742126 66.77468109
v 30.08733940 60.42351913 15.00000000
v 30.08733940 60.42351913 15.00000000
v 21.46110916 63.99742126 66.77468109
v 22.77865982 63.54040146 67.95104218
v 30.08733940 60.42351913 15.00000000
v 22.77865982 63.54040146 67.95104218
v 23.48024940 63.28450012 69.73914337
v 19.91789055 64.49440002 74.34809113
v 19.34997940 64.66706085 74.29843140
v 18.47224998 64.92324066 79.03710175
v 18.47224998 64.92324066 79.03710175
v 19.34997940 64.66706085 74.29843140
v 18.19425011 65.00169373 73.86145020
v 18.19425011 65.00169373 73.86145020
v 13.56674004 66.12255859 79.03710175
v 18.19425011 65.00169373 73.86145020
v 17.19824982 65.27227783 72.97701263
v 13.56674004 66.12255859 79.03710175
v 17.19824982 65.27227783 72.97701263
v 16.79649925 65.37680817 72.35877228
v 22.68824959 63.57273865 72.91137695
v 21.72583961 63.90803909 73.80889130
v 30.08733940 60.42351913 79.03710175
v 30.08733940 60.42351913 79.03710175
v 21.72583961 63.90803909 73.80889130
v 21.46014023 63.99774933 73.96379089
v 21.46014023 63.99774933 73.96379089
v 18.47224998 64.92324066 79.03710175
v 18.47224998 64.92324066 79.03710175
v 21.46014023 63.99774933 73.96379089
v 20.55555916 64.29400635 74.28533936
v 18.47224998 64.92324066 79.03710175
v 20.55555916 64.29400635 74.28533936
v 19.91789055 64.49440002 74.34809113
v 30.08733940 -60.42351913 15.00000000
v 30.08733940 -60.42351913 15.00000000
v 40.67784119 -53.86616135 15.00000000
v 40.67784119 -53.86616135 79.03710175
v 40.67784119 -53.86616135 15.00000000
v 49.88309860 -45.47444916 15.00000000
v 49.88309860 -45.47444916 79.03710175
v 49.88309860 -45.47444916 79.03710175
v 49.88309860 -45.47444916 15.00000000
v 57.38964844 -35.53416824 15.00000000
v 57.38964844 -35.53416824 79.03710175
v 57.38964844 -35.53416824 15.00000000
v 62.94187927 -24.38381004 15.00000000
v 62.94187927 -24.38381004 79.03710175
v 63.35964966 -23.27671051 71.19329834
v -62.94187927 -24.38381004 15.00000000
v -62.94187927 -24.38381004 15.00000000
v -57.38964844 -35.53416824 15.00000000
v -57.38964844 -35.53416824 15.00000000
v -49.88309860 -45.47444916 15.00000000
v -49.88309860 -45.47444916 15.00000000
v -40.67784119 -53.86616135 15.00000000
v -40.67784119 -53.86616135 15.00000000
v -30.08733940 -60.42351913 15.00000000
v -30.08733940 -60.42351913 79.03710175
v -30.08733940 -60.42351913 15.00000000
v -23.48024940 -63.28450012 69.73914337
v -23.52568054 -63.26763153 70.36898041
v -30.08733940 60.42351913 15.00000000
v -30.08733940 60.42351913 15.00000000
v -40.67784119 53.86616135 15.00000000
v -40.67784119 53.86616135 79.03710175
v -40.67784119 53.86616135 15.00000000
v -49.88309860 45.47444916 15.00000000
v -49.88309860 45.47444916 79.03710175
v -49.88309860 45.47444916 79.03710175
v -49.88309860 45.47444916 15.00000000
v -57.38964844 35.53416824 15.00000000
v -57.38964844 35.53416824 79.03710175
v -57.38964844 35.53416824 15.00000000
v -62.94187927 24.38381004 15.00000000
v -62.94187927 24.38381004 79.03710175
v -63.35964966 23.27671051 71.19329834
v 62.94187927 24.38381004 15.00000000
v 62.94187927 24.38381004 15.00000000
v 57.38964844 35.53416824 15.00000000
v 57.38964844 35.53416824 79.03710175
v 57.38964844 35.53416824 15.00000000
v 49.88309860 45.47444916 15.00000000
v 49.88309860 45.47444916 79.03710175
v 49.88309860 45.47444916 15.00000000
v 40.67784119 53.86616135 15.00000000
v 40.67784119 53.86616135 15.00000000
v 30.08733940 60.42351913 15.00000000
v 30.08733940 60.42351913 79.03710175
v 30.08733940 60.42351913 15.00000000
v 23.48024940 63.28450012 69.73914337
v 23.52568054 63.26763153 70.36898041
v -19.91789055 64.49440002 66.38986969
v -19.91789055 61.34759140 66.38986969
v -18.25762939 61.86201096 66.79972076
v -18.25762939 64.98390961 66.79972076
v -18.25762939 64.98390961 66.79972076
v -18.25762939 61.86201096 66.79972076
v -16.97331047 62.22666168 67.93981934
v -16.97331047 65.33113098 67.93981934
v -16.97331047 65.33113098 67.93981934
v -16.97331047 62.22666168 67.93981934
v -16.37145996 62.38769913 69.50441742
v -16.37145996 65.48455048 69.50441742
v -16.37145996 65.48455048 69.50441742
v -16.37145996 62.38769913 69.50441742
v -16.34174919 62.39548874 69.96601105
v -16.34174919 65.49196625 69.96601105
v 23.52568054 60.05656815 70.36898041
v 16.31010056 62.40377045 70.36898041
v 16.79574013 62.27481842 72.35733032
v 16.79574013 62.27481842 72.35733032
v 18.04208946 61.92522049 73.76416016
v 23.52568054 60.05656815 70.36898041
v 19.51947975 61.47552109 74.32376862
v 23.52568054 60.05656815 70.36898041
v 19.51947975 61.47552109 74.32376862
v 21.73138046 60.72888184 72.35852814
v 21.73138046 60.72888184 72.35852814
v 19.51947975 61.47552109 74.32376862
v 19.91789055 61.34759140 74.34809113
v 19.91789055 61.34759140 74.34809113
v 21.46110916 60.82492065 73.96327972
v 21.73138046 60.72888184 72.35852814
v 21.73138046 60.72888184 72.35852814
v 21.46110916 60.82492065 73.96327972
v 22.77865982 60.34386826 72.78691101
v 21.73138046 60.72888184 72.35852814
v 22.77865982 60.34386826 72.78691101
v 23.52568054 60.05656815 70.36898041
v 23.52568054 60.05656815 70.36898041
v 22.77865982 60.34386826 72.78691101
v 23.48024940 60.07434845 70.99880981
v 23.48024940 60.07434845 69.73914337
v 21.73138046 60.72888184 68.37943268
v 21.73138046 60.72888184 68.37943268
v 23.48024940 60.07434845 69.73914337
v 22.77865982 60.34386826 67.95104218
v 16.79574013 62.27481842 68.38063049
v 16.31010056 62.40377045 70.36898041
v 18.04208946 61.92522049 66.97380066
v 18.04208946 61.92522049 66.97380066
v 16.31010056 62.40377045 70.36898041
v 23.52568054 60.05656815 70.36898041
v 18.04208946 61.92522049 66.97380066
v 23.52568054 60.05656815 70.36898041
v 19.51947975 61.47552109 66.41419220
v 19.51947975 61.47552109 66.41419220
v 23.52568054 60.05656815 70.36898041
v 21.73138046 60.72888184 68.37943268
v 19.51947975 61.47552109 66.41419220
v 21.73138046 60.72888184 68.37943268
v 19.91789055 61.34759140 66.38986969
v 19.91789055 61.34759140 66.38986969
v 21.73138046 60.72888184 68.37943268
v 22.77865982 60.34386826 67.95104218
v 19.91789055 61.34759140 66.38986969
v 22.77865982 60.34386826 67.95104218
v 21.46110916 60.82492065 66.77468109
v 19.91789055 -64.49440002 66.38986969
v 19.91789055 -61.34759140 66.38986969
v 18.25762939 -61.86201096 66.79972076
v 18.25762939 -64.98390961 66.79972076
v 18.25762939 -64.98390961 66.79972076
v 18.25762939 -61.86201096 66.79972076
v 16.97331047 -62.22666168 67.93981934
v 16.97331047 -65.33113098 67.93981934
v 16.97331047 -65.33113098 67.93981934
v 16.97331047 -62.22666168 67.93981934
v 16.37145996 -62.38769913 69.50441742
v 16.37145996 -65.48455048 69.50441742
v 16.37145996 -65.48455048 69.50441742
v 16.37145996 -62.38769913 69.50441742
v 16.34174919 -62.39548874 69.96601105
v 16.34174919 -65.49196625 69.96601105
v 31.78346062 60.38682175 163.09880066
v 31.55347061 60.50772095 162.97810364
v 31.28062057 60.03408051 163.72940063
v 31.28062057 60.03408051 163.72940063
v 31.55347061 60.50772095 162.97810364
v 31.06068039 60.15167999 163.60450745
v 31.28062057 60.03408051 163.72940063
v 31.06068039 60.15167999 163.60450745
v 30.87702942 60.02381897 164.51170349
v 30.87702942 60.02381897 164.51170349
v 31.06068039 60.15167999 163.60450745
v 30.66176987 60.13317108 164.38079834
v 35.32075119 63.98178101 158.40840149
v 35.30440140 63.58478165 158.86120605
v 36.09204102 63.13451004 158.86120605
v 35.32075119 63.98178101 158.40840149
v 36.09204102 63.13451004 158.86120605
v 35.45714951 64.71302032 157.06320190
v 35.45714951 64.71302032 157.06320190
v 36.09204102 63.13451004 158.86120605
v 36.68735123 64.17587280 156.62770081
v 35.45714951 64.71302032 157.06320190
v 36.68735123 64.17587280 156.62770081
v 35.53744888 64.91110229 156.37620544
v 35.53744888 64.91110229 156.37620544
v 36.68735123 64.17587280 156.62770081
v 36.72098160 64.23468018 156.37600708
v 35.53744888 64.91110229 156.37620544
v 36.72098160 64.23468018 156.37600708
v 35.57064819 64.96788788 156.08099365
v 35.57064819 64.96788788 156.08099365
v 36.72098160 64.23468018 156.37600708
v 35.62046051 65.02684784 155.60839844
v 35.62046051 65.02684784 155.60839844
v 36.72098160 64.23468018 156.37600708
v 36.79262161 64.36000061 154.01269531
v 35.62046051 65.02684784 155.60839844
v 36.79262161 64.36000061 154.01269531
v 35.74411011 64.94371796 153.90780640
v 35.74411011 64.94371796 153.90780640
v 36.79262161 64.36000061 154.01269531
v 35.75244141 64.88056946 153.59370422
v 35.75244141 64.88056946 153.59370422
v 36.79262161 64.36000061 154.01269531
v 36.72977066 64.25006866 153.29640198
v 35.75244141 64.88056946 153.59370422
v 36.72977066 64.25006866 153.29640198
v 35.75524139 64.80696106 153.29640198
v 36.09204102 63.13451004 158.86120605
v 35.30440140 63.58478165 158.86120605
v 35.30440140 61.75672150 160.69299316
v 34.41382980 58.06880188 165.59779358
v 34.50201035 58.17895126 164.89990234
v 32.74604034 59.21495056 164.47349548
v 34.50201035 58.17895126 164.89990234
v 34.69797897 58.47666931 164.31669617
v 33.14228058 59.53355026 163.83729553
v 34.41276169 58.06903076 165.63519287
v 34.41382980 58.06880188 165.59779358
v 32.46221161 59.18154144 165.23599243
v 32.46221161 59.18154144 165.23599243
v 34.41382980 58.06880188 165.59779358
v 32.74604034 59.21495056 164.47349548
v 32.46221161 59.18154144 165.23599243
v 32.74604034 59.21495056 164.47349548
v 30.87702942 60.02381897 164.51170349
v 30.87702942 60.02381897 164.51170349
v 32.74604034 59.21495056 164.47349548
v 31.28062057 60.03408051 163.72940063
v 34.50201035 58.17895126 164.89990234
v 33.14228058 59.53355026 163.83729553
v 32.74604034 59.21495056 164.47349548
v 32.74604034 59.21495056 164.47349548
v 33.14228058 59.53355026 163.83729553
v 31.78346062 60.38682175 163.09880066
v 32.74604034 59.21495056 164.47349548
v 31.78346062 60.38682175 163.09880066
v 31.28062057 60.03408051 163.72940063
v 36.72977066 64.25006866 153.29640198
v 35.75532913 62.54550934 144.94560242
v 35.75524139 64.80696106 153.29640198
v 32.82767105 58.84352875 169.39120483
v 31.15954018 59.00040054 172.42379761
v 33.09008026 58.29441833 171.72540283
v 33.09008026 58.29441833 171.72540283
v 31.15954018 59.00040054 172.42379761
v 30.18882942 58.64704895 174.55209351
v 33.09008026 58.29441833 171.72540283
v 30.18882942 58.64704895 174.55209351
v 32.93175888 57.50651169 174.59500122
v 27.41091919 59.50946045 172.96609497
v 27.29727936 59.50672150 172.97700500
v 27.27444077 59.11188126 174.28010559
v 27.01029968 59.90026855 171.67820740
v 27.01029968 59.90026855 171.67820740
v 27.41091919 59.50946045 172.96609497
v 29.39521980 59.38835907 172.72399902
v 27.01029968 59.90026855 171.67820740
v 29.39521980 59.38835907 172.72399902
v 30.02370071 59.77579117 170.62170410
v 32.82767105 58.84352875 169.39120483
v 30.02370071 59.77579117 170.62170410
v 31.15954018 59.00040054 172.42379761
v 31.15954018 59.00040054 172.42379761
v 30.02370071 59.77579117 170.62170410
v 29.39521980 59.38835907 172.72399902
v 31.15954018 59.00040054 172.42379761
v 29.39521980 59.38835907 172.72399902
v 30.18882942 58.64704895 174.55209351
v 30.18882942 58.64704895 174.55209351
v 29.39521980 59.38835907 172.72399902
v 27.41091919 59.50946045 172.96609497
v 30.18882942 58.64704895 174.55209351
v 27.41091919 59.50946045 172.96609497
v 27.38759041 59.10691071 174.29460144
v 27.38759041 59.10691071 174.29460144
v 30.39361954 59.90346909 169.34109497
v 30.02370071 59.77579117 170.62170410
v 32.57001114 59.08860016 168.19509888
v 32.57001114 59.08860016 168.19509888
v 30.02370071 59.77579117 170.62170410
v 32.82767105 58.84352875 169.39120483
v 30.39361954 59.90346909 169.34109497
v 28.74720955 60.16313171 170.10290527
v 30.02370071 59.77579117 170.62170410
v 30.02370071 59.77579117 170.62170410
v 28.74720955 60.16313171 170.10290527
v 26.89570045 60.13811111 170.86849976
v 30.02370071 59.77579117 170.62170410
v 26.89570045 60.13811111 170.86849976
v 27.01029968 59.90026855 171.67820740
v 26.61948013 60.35329819 170.09449768
v 26.51206017 60.34035110 170.14450073
v 26.78428078 60.12715149 170.90890503
v 32.57001114 59.08860016 168.19509888
v 32.24440002 59.30049896 167.00549316
v 30.39361954 59.90346909 169.34109497
v 30.39361954 59.90346909 169.34109497
v 32.24440002 59.30049896 167.00549316
v 29.49382019 60.26657104 168.63830566
v 30.39361954 59.90346909 169.34109497
v 29.49382019 60.26657104 168.63830566
v 28.74720955 60.16313171 170.10290527
v 28.74720955 60.16313171 170.10290527
v 29.49382019 60.26657104 168.63830566
v 26.61948013 60.35329819 170.09449768
v 28.74720955 60.16313171 170.10290527
v 26.61948013 60.35329819 170.09449768
v 26.89570045 60.13811111 170.86849976
v 26.89570045 60.13811111 170.86849976
v 26.61948013 60.35329819 170.09449768
v 26.78428078 60.12715149 170.90890503
v 26.89570045 60.13811111 170.86849976
v 26.78428078 60.12715149 170.90890503
v 27.01029968 59.90026855 171.67820740
v 24.20895004 61.86204910 162.23150635
v 25.03869057 61.33388901 165.76469421
v 27.71583939 61.11264038 165.30990601
v 30.87702942 60.02381897 164.51170349
v 30.66176987 60.13317108 164.38079834
v 27.71583939 61.11264038 165.30990601
v 27.71583939 61.11264038 165.30990601
v 30.66176987 60.13317108 164.38079834
v 29.66787910 60.60060120 163.81669617
v 29.66787910 60.60060120 163.81669617
v 27.66045952 61.33747864 162.91700745
v 27.71583939 61.11264038 165.30990601
v 27.71583939 61.11264038 165.30990601
v 27.66045952 61.33747864 162.91700745
v 25.94140053 61.72346115 162.43179321
v 27.71583939 61.11264038 165.30990601
v 25.94140053 61.72346115 162.43179321
v 24.20895004 61.86204910 162.23150635
v 32.24440002 59.30049896 167.00549316
v 30.87702942 60.02381897 164.51170349
v 29.49382019 60.26657104 168.63830566
v 29.49382019 60.26657104 168.63830566
v 30.87702942 60.02381897 164.51170349
v 27.71583939 61.11264038 165.30990601
v 29.49382019 60.26657104 168.63830566
v 27.71583939 61.11264038 165.30990601
v 26.61948013 60.35329819 170.09449768
v 26.61948013 60.35329819 170.09449768
v 27.71583939 61.11264038 165.30990601
v 25.03869057 61.33388901 165.76469421
v 26.61948013 60.35329819 170.09449768
v 25.03869057 61.33388901 165.76469421
v 26.51206017 60.34035110 170.14450073
v 30.44586945 61.02664948 162.45809937
v 30.66176987 60.13317108 164.38079834
v 31.06068039 60.15167999 163.60450745
v 30.02029037 60.66044998 163.06840515
v 31.06068039 60.15167999 163.60450745
v 30.44586945 61.02664948 162.45809937
v 30.02029037 60.66044998 163.06840515
v 30.02029037 60.66044998 163.06840515
v 30.44586945 61.02664948 162.45809937
v 28.17790031 61.84941101 161.63369751
v 30.02029037 60.66044998 163.06840515
v 28.17790031 61.84941101 161.63369751
v 27.89956093 61.46664047 162.21690369
v 27.89956093 61.46664047 162.21690369
v 28.17790031 61.84941101 161.63369751
v 26.20969963 62.28137970 161.20080566
v 27.89956093 61.46664047 162.21690369
v 26.20969963 62.28137970 161.20080566
v 26.06681061 61.89194870 161.76429749
v 26.06681061 61.89194870 161.76429749
v 26.20969963 62.28137970 161.20080566
v 24.20895004 62.43313980 161.04879761
v 26.06681061 61.89194870 161.76429749
v 24.20895004 62.43313980 161.04879761
v 24.20895004 62.04774857 161.59190369
v 30.66176987 60.13317108 164.38079834
v 30.02029037 60.66044998 163.06840515
v 29.66787910 60.60060120 163.81669617
v 29.66787910 60.60060120 163.81669617
v 30.02029037 60.66044998 163.06840515
v 27.89956093 61.46664047 162.21690369
v 29.66787910 60.60060120 163.81669617
v 27.89956093 61.46664047 162.21690369
v 27.66045952 61.33747864 162.91700745
v 27.66045952 61.33747864 162.91700745
v 27.89956093 61.46664047 162.21690369
v 26.06681061 61.89194870 161.76429749
v 27.66045952 61.33747864 162.91700745
v 26.06681061 61.89194870 161.76429749
v 25.94140053 61.72346115 162.43179321
v 25.94140053 61.72346115 162.43179321
v 26.06681061 61.89194870 161.76429749
v 24.20895004 62.04774857 161.59190369
v 25.94140053 61.72346115 162.43179321
v 24.20895004 62.04774857 161.59190369
v 24.20895004 61.86204910 162.23150635
v 35.25986099 61.62379837 160.85169983
v 31.55347061 64.10159302 159.37699890
v 31.55347061 60.50772095 162.97810364
v 31.55347061 60.50772095 162.97810364
v 31.78346062 60.38682175 163.09880066
v 35.25986099 61.62379837 160.85169983
v 35.25986099 61.62379837 160.85169983
v 31.78346062 60.38682175 163.09880066
v 33.14228058 59.53355026 163.83729553
v 35.25986099 61.62379837 160.85169983
v 33.14228058 59.53355026 163.83729553
v 34.69797897 58.47666931 164.31669617
v 31.55347061 64.10159302 159.37699890
v 35.25986099 61.62379837 160.85169983
v 33.77476883 63.96089172 159.22850037
v 33.77476883 63.96089172 159.22850037
v 35.25986099 61.62379837 160.85169983
v 35.30440140 61.75672150 160.69299316
v 33.77476883 63.96089172 159.22850037
v 35.30440140 61.75672150 160.69299316
v 35.30440140 63.58478165 158.86120605
v 33.77476883 63.96089172 159.22850037
v 35.30440140 63.58478165 158.86120605
v 35.32075119 63.98178101 158.40840149
v 35.32075119 63.98178101 158.40840149
v 33.51736069 64.49611664 158.77549744
v 33.77476883 63.96089172 159.22850037
v 33.77476883 63.96089172 159.22850037
v 33.51736069 64.49611664 158.77549744
v 31.53376007 64.61627197 158.86120605
v 33.77476883 63.96089172 159.22850037
v 31.53376007 64.61627197 158.86120605
v 31.55347061 64.10159302 159.37699890
v 33.51280975 66.03775787 154.80870056
v 33.43301010 65.86785126 153.35040283
v 32.94176865 65.96964264 153.32550049
v 33.54008102 65.85172272 156.26950073
v 33.53007889 65.33203888 157.63349915
v 35.45714951 64.71302032 157.06320190
v 35.75244141 64.88056946 153.59370422
v 34.83744812 65.35347748 153.47740173
v 35.74411011 64.94371796 153.90780640
v 35.74411011 64.94371796 153.90780640
v 34.83744812 65.35347748 153.47740173
v 33.43301010 65.86785126 153.35040283
v 35.74411011 64.94371796 153.90780640
v 33.43301010 65.86785126 153.35040283
v 35.62046051 65.02684784 155.60839844
v 35.62046051 65.02684784 155.60839844
v 33.43301010 65.86785126 153.35040283
v 33.51280975 66.03775787 154.80870056
v 35.62046051 65.02684784 155.60839844
v 33.51280975 66.03775787 154.80870056
v 35.57064819 64.96788788 156.08099365
v 35.57064819 64.96788788 156.08099365
v 33.51280975 66.03775787 154.80870056
v 33.54008102 65.85172272 156.26950073
v 35.57064819 64.96788788 156.08099365
v 33.54008102 65.85172272 156.26950073
v 35.53744888 64.91110229 156.37620544
v 35.53744888 64.91110229 156.37620544
v 33.54008102 65.85172272 156.26950073
v 35.45714951 64.71302032 157.06320190
v 31.47326088 65.14685059 158.24870300
v 31.53376007 64.61627197 158.86120605
v 33.51736069 64.49611664 158.77549744
v 35.32075119 63.98178101 158.40840149
v 35.45714951 64.71302032 157.06320190
v 33.51736069 64.49611664 158.77549744
v 33.51736069 64.49611664 158.77549744
v 35.45714951 64.71302032 157.06320190
v 33.53007889 65.33203888 157.63349915
v 33.51736069 64.49611664 158.77549744
v 33.53007889 65.33203888 157.63349915
v 31.47326088 65.14685059 158.24870300
v 31.47326088 65.14685059 158.24870300
v 33.53007889 65.33203888 157.63349915
v 33.54008102 65.85172272 156.26950073
v 31.47326088 65.14685059 158.24870300
v 33.54008102 65.85172272 156.26950073
v 31.27499008 65.94998169 156.76480103
v 31.27499008 65.94998169 156.76480103
v 33.54008102 65.85172272 156.26950073
v 33.51280975 66.03775787 154.80870056
v 31.27499008 65.94998169 156.76480103
v 33.51280975 66.03775787 154.80870056
v 31.05907059 66.28945160 155.07980347
v 31.05907059 66.28945160 155.07980347
v 33.51280975 66.03775787 154.80870056
v 32.94176865 65.96964264 153.32550049
v 31.05907059 66.28945160 155.07980347
v 32.94176865 65.96964264 153.32550049
v 30.92848969 66.09626770 153.29640198
v 35.75244141 64.88056946 153.59370422
v 35.75524139 64.80696106 153.29640198
v 34.83744812 65.35347748 153.47740173
v 34.83744812 65.35347748 153.47740173
v 35.75524139 64.80696106 153.29640198
v 33.43893051 65.78018188 153.03559875
v 34.83744812 65.35347748 153.47740173
v 33.43893051 65.78018188 153.03559875
v 33.43301010 65.86785126 153.35040283
v 33.43301010 65.86785126 153.35040283
v 33.43893051 65.78018188 153.03559875
v 32.94176865 65.96964264 153.32550049
v 32.94176865 65.96964264 153.32550049
v 33.43893051 65.78018188 153.03559875
v 30.92411041 66.00833130 152.97099304
v 32.94176865 65.96964264 153.32550049
v 30.92411041 66.00833130 152.97099304
v 30.92848969 66.09626770 153.29640198
v 27.13137054 58.80585861 175.29010010
v 26.98826981 58.49983978 176.30000305
v 29.94330025 58.11685944 176.30000305
v 29.94330025 58.11685944 176.30000305
v 32.69881058 56.98495865 176.30000305
v 32.81539154 57.24568176 175.44749451
v 27.13137054 58.80585861 175.29010010
v 27.38759041 59.10691071 174.29460144
v 27.13137054 58.80585861 175.29010010
v 29.94330025 58.11685944 176.30000305
v 27.38759041 59.10691071 174.29460144
v 29.94330025 58.11685944 176.30000305
v 30.18882942 58.64706039 174.55209351
v 30.18882942 58.64706039 174.55209351
v 32.93175888 57.50651169 174.59500122
v 58.94332123 42.59445190 158.86120605
v 63.13451004 36.09204102 158.86120605
v 64.17587280 36.68735123 156.62770081
v 54.08510971 48.61484909 158.86120605
v 58.94332123 42.59445190 158.86120605
v 59.91553879 43.29700851 156.62770081
v 36.68735123 64.17587280 156.62770081
v 36.09204102 63.13451004 158.86120605
v 43.29700851 59.91553879 156.62770081
v 42.59445190 58.94332123 158.86120605
v 43.29700851 59.91553879 156.62770081
v 42.59445190 58.94332123 158.86120605
v 49.41670990 54.97718811 156.62770081
v 48.61484909 54.08510971 158.86120605
v 49.41670990 54.97718811 156.62770081
v 48.61484909 54.08510971 158.86120605
v 54.97718811 49.41670990 156.62770081
v 54.97718811 49.41670990 156.62770081
v 48.61484909 54.08510971 158.86120605
v 51.42277145 51.42277145 158.86120605
v 54.97718811 49.41670990 156.62770081
v 55.13492966 49.55849838 154.01269531
v 49.55849838 55.13492966 154.01269531
v 43.42124176 60.08744812 154.01269531
v 36.79262161 64.36000061 154.01269531
v 36.72098160 64.23468018 156.37600708
v 49.41670990 54.97718811 156.62770081
v 49.41670990 54.97718811 156.62770081
v 49.55849838 55.13492966 154.01269531
v 43.42124176 60.08744812 154.01269531
v 43.29700851 59.91553879 156.62770081
v 43.29700851 59.91553879 156.62770081
v 43.42124176 60.08744812 154.01269531
v 36.72098160 64.23468018 156.37600708
v 43.29700851 59.91553879 156.62770081
v 36.72098160 64.23468018 156.37600708
v 36.68735123 64.17587280 156.62770081
v 59.91553879 43.29700851 156.62770081
v 59.91553879 43.29700851 156.62770081
v 64.17587280 36.68735123 156.62770081
v 64.23468018 36.72098160 156.37600708
v 59.91553879 43.29700851 156.62770081
v 64.23468018 36.72098160 156.37600708
v 60.08744812 43.42124176 154.01269531
v 60.08744812 43.42124176 154.01269531
v 64.23468018 36.72098160 156.37600708
v 64.36000061 36.79262161 154.01269531
v 60.08744812 43.42124176 154.01269531
v 64.36000061 36.79262161 154.01269531
v 64.25006866 36.72977066 153.29640198
v 59.98480988 43.34706879 153.29640198
v 60.08744812 43.42124176 154.01269531
v 59.98480988 43.34706879 153.29640198
v 55.13492966 49.55849838 154.01269531
v 60.08744812 43.42124176 154.01269531
v 55.13492966 49.55849838 154.01269531
v 59.91553879 43.29700851 156.62770081
v 54.97718811 49.41670990 156.62770081
v 54.97718811 49.41670990 156.62770081
v 54.08510971 48.61484909 158.86120605
v 54.97718811 49.41670990 156.62770081
v 51.42277145 51.42277145 158.86120605
v 36.72977066 64.25006866 153.29640198
v 36.79262161 64.36000061 154.01269531
v 43.34706879 59.98480988 153.29640198
v 43.42124176 60.08744812 154.01269531
v 43.34706879 59.98480988 153.29640198
v 43.42124176 60.08744812 154.01269531
v 49.47385025 55.04076004 153.29640198
v 49.55849838 55.13492966 154.01269531
v 49.47385025 55.04076004 153.29640198
v 49.55849838 55.13492966 154.01269531
v 52.33137894 52.33137894 153.29640198
v 52.33137894 52.33137894 153.29640198
v 49.55849838 55.13492966 154.01269531
v 55.13492966 49.55849838 154.01269531
v 52.33137894 52.33137894 153.29640198
v 55.13492966 49.55849838 154.01269531
v 55.04076004 49.47385025 153.29640198
v 55.04076004 49.47385025 153.29640198
v 35.25986099 61.62379837 160.85169983
v 34.69797897 58.47666931 164.31669617
v 40.55105972 54.57139969 164.32550049
v 42.59445190 58.94332123 158.86120605
v 36.09204102 63.13451004 158.86120605
v 35.30440140 61.75672150 160.69299316
v 58.47666931 34.69797897 164.31669617
v 61.36949158 35.19147110 161.14559937
v 58.94332123 42.59445190 158.86120605
v 61.75672150 35.30440140 160.69299316
v 63.13451004 36.09204102 158.86120605
v 35.25986099 61.62379837 160.85169983
v 42.59445190 58.94332123 158.86120605
v 35.25986099 61.62379837 160.85169983
v 40.55105972 54.57139969 164.32550049
v 42.59445190 58.94332123 158.86120605
v 40.55105972 54.57139969 164.32550049
v 48.61484909 54.08510971 158.86120605
v 44.43194962 51.46094131 164.32550049
v 48.61484909 54.08510971 158.86120605
v 44.43194962 51.46094131 164.32550049
v 51.42277145 51.42277145 158.86120605
v 51.42277145 51.42277145 158.86120605
v 44.43194962 51.46094131 164.32550049
v 48.07508087 48.07508087 164.32550049
v 51.42277145 51.42277145 158.86120605
v 48.07508087 48.07508087 164.32550049
v 54.08510971 48.61484909 158.86120605
v 54.08510971 48.61484909 158.86120605
v 48.07508087 48.07508087 164.32550049
v 51.46094131 44.43194962 164.32550049
v 54.08510971 48.61484909 158.86120605
v 51.46094131 44.43194962 164.32550049
v 58.94332123 42.59445190 158.86120605
v 58.94332123 42.59445190 158.86120605
v 51.46094131 44.43194962 164.32550049
v 54.57139969 40.55105972 164.32550049
v 58.94332123 42.59445190 158.86120605
v 54.57139969 40.55105972 164.32550049
v 58.47666931 34.69797897 164.31669617
v 58.06880188 34.41382980 165.59779358
v 58.17895126 34.50201035 164.89990234
v 54.28055954 40.33494186 164.93629456
v 34.41382980 58.06880188 165.59779358
v 34.41276169 58.06903076 165.63519287
v 40.25973892 54.17935944 165.63519287
v 34.41382980 58.06880188 165.59779358
v 40.25973892 54.17935944 165.63519287
v 34.50201035 58.17895126 164.89990234
v 58.06903076 34.41276169 165.63519287
v 58.06880188 34.41382980 165.59779358
v 54.17935944 40.25973892 165.63519287
v 54.17935944 40.25973892 165.63519287
v 58.06880188 34.41382980 165.59779358
v 54.28055954 40.33494186 164.93629456
v 54.17935944 40.25973892 165.63519287
v 54.28055954 40.33494186 164.93629456
v 51.09123993 44.11275864 165.63519287
v 51.18666840 44.19514847 164.93629456
v 51.09123993 44.11275864 165.63519287
v 51.18666840 44.19514847 164.93629456
v 47.72970963 47.72970963 165.63519287
v 47.81885910 47.81885910 164.93629456
v 47.72970963 47.72970963 165.63519287
v 47.81885910 47.81885910 164.93629456
v 44.11275864 51.09123993 165.63519287
v 44.19514847 51.18666840 164.93629456
v 44.11275864 51.09123993 165.63519287
v 44.19514847 51.18666840 164.93629456
v 40.25973892 54.17935944 165.63519287
v 40.33494186 54.28055954 164.93629456
v 40.25973892 54.17935944 165.63519287
v 40.33494186 54.28055954 164.93629456
v 34.50201035 58.17895126 164.89990234
v 34.69797897 58.47666931 164.31669617
v 34.50201035 58.17895126 164.89990234
v 40.55105972 54.57139969 164.32550049
v 40.55105972 54.57139969 164.32550049
v 34.50201035 58.17895126 164.89990234
v 40.33494186 54.28055954 164.93629456
v 40.55105972 54.57139969 164.32550049
v 40.33494186 54.28055954 164.93629456
v 44.43194962 51.46094131 164.32550049
v 44.19514847 51.18666840 164.93629456
v 44.43194962 51.46094131 164.32550049
v 44.19514847 51.18666840 164.93629456
v 48.07508087 48.07508087 164.32550049
v 47.81885910 47.81885910 164.93629456
v 48.07508087 48.07508087 164.32550049
v 47.81885910 47.81885910 164.93629456
v 51.46094131 44.43194962 164.32550049
v 51.18666840 44.19514847 164.93629456
v 51.46094131 44.43194962 164.32550049
v 51.18666840 44.19514847 164.93629456
v 54.57139969 40.55105972 164.32550049
v 54.28055954 40.33494186 164.93629456
v 54.57139969 40.55105972 164.32550049
v 54.28055954 40.33494186 164.93629456
v 58.47666931 34.69797897 164.31669617
v 58.47666931 34.69797897 164.31669617
v 54.28055954 40.33494186 164.93629456
v 58.17895126 34.50201035 164.89990234
v 32.46221161 59.18154144 165.23599243
v 30.87702942 60.02381897 164.51170349
v 32.24440002 59.30049896 167.00549316
v 32.46221161 59.18154144 165.23599243
v 32.24440002 59.30049896 167.00549316
v 34.41276169 58.06903076 165.63519287
v 34.65184021 57.92668152 167.00549316
v 34.41276169 58.06903076 165.63519287
v 34.65184021 57.92668152 167.00549316
v 40.25973892 54.17935944 165.63519287
v 40.25973892 54.17935944 165.63519287
v 34.65184021 57.92668152 167.00549316
v 38.81745148 55.22187042 167.00549316
v 40.25973892 54.17935944 165.63519287
v 38.81745148 55.22187042 167.00549316
v 44.11275864 51.09123993 165.63519287
v 44.11275864 51.09123993 165.63519287
v 38.81745148 55.22187042 167.00549316
v 43.43542099 51.66830826 167.00549316
v 44.11275864 51.09123993 165.63519287
v 43.43542099 51.66830826 167.00549316
v 47.72970963 47.72970963 165.63519287
v 47.72970963 47.72970963 165.63519287
v 43.43542099 51.66830826 167.00549316
v 47.72970963 47.72970963 167.00549316
v 47.72970963 47.72970963 165.63519287
v 47.72970963 47.72970963 167.00549316
v 51.09123993 44.11275864 165.63519287
v 51.09123993 44.11275864 165.63519287
v 47.72970963 47.72970963 167.00549316
v 51.66830826 43.43542099 167.00549316
v 51.09123993 44.11275864 165.63519287
v 51.66830826 43.43542099 167.00549316
v 54.17935944 40.25973892 165.63519287
v 54.17935944 40.25973892 165.63519287
v 51.66830826 43.43542099 167.00549316
v 55.22187042 38.81745148 167.00549316
v 54.17935944 40.25973892 165.63519287
v 55.22187042 38.81745148 167.00549316
v 58.06903076 34.41276169 165.63519287
v 58.06903076 34.41276169 165.63519287
v 55.22187042 38.81745148 167.00549316
v 57.92668152 34.65184021 167.00549316
v 58.06903076 34.41276169 165.63519287
v 57.92668152 34.65184021 167.00549316
v 59.18154144 32.46221161 165.23599243
v 59.18154144 32.46221161 165.23599243
v 57.92668152 34.65184021 167.00549316
v 59.30049896 32.24440002 167.00549316
v 59.18154144 32.46221161 165.23599243
v 59.30049896 32.24440002 167.00549316
v 60.02381897 30.87702942 164.51170349
v 58.29190063 33.09074020 171.73480225
v 58.84352875 32.82767105 169.39120483
v 57.92668152 34.65184021 167.00549316
v 57.92668152 34.65184021 167.00549316
v 58.84352875 32.82767105 169.39120483
v 59.08860016 32.57001114 168.19509888
v 57.92668152 34.65184021 167.00549316
v 59.08860016 32.57001114 168.19509888
v 59.30049896 32.24440002 167.00549316
v 56.86975098 34.01958084 174.59500122
v 57.50651169 32.93175888 174.59500122
v 58.29190063 33.09074020 171.73480225
v 58.29190063 33.09074020 171.73480225
v 57.65753174 34.49084091 170.87280273
v 56.86975098 34.01958084 174.59500122
v 56.86975098 34.01958084 174.59500122
v 57.65753174 34.49084091 170.87280273
v 54.96529007 38.63710022 170.87280273
v 54.21429062 38.10919189 174.59500122
v 54.21429062 38.10919189 174.59500122
v 54.96529007 38.63710022 170.87280273
v 51.42824173 43.23360825 170.87280273
v 50.72557068 42.64289856 174.59500122
v 50.72557068 42.64289856 174.59500122
v 51.42824173 43.23360825 170.87280273
v 47.50793839 47.50793839 170.87280273
v 46.85882950 46.85882950 174.59500122
v 46.85882950 46.85882950 174.59500122
v 47.50793839 47.50793839 170.87280273
v 43.23360825 51.42824173 170.87280273
v 42.64289856 50.72557068 174.59500122
v 42.64289856 50.72557068 174.59500122
v 43.23360825 51.42824173 170.87280273
v 38.63710022 54.96529007 170.87280273
v 38.10919189 54.21429062 174.59500122
v 38.10919189 54.21429062 174.59500122
v 38.63710022 54.96529007 170.87280273
v 34.49084091 57.65753174 170.87280273
v 34.01958084 56.86975098 174.59500122
v 34.01958084 56.86975098 174.59500122
v 34.49084091 57.65753174 170.87280273
v 33.09008026 58.29441833 171.72540283
v 34.01958084 56.86975098 174.59500122
v 33.09008026 58.29441833 171.72540283
v 32.93175888 57.50651169 174.59500122
v 32.82767105 58.84352875 169.39120483
v 34.65184021 57.92668152 167.00549316
v 32.57001114 59.08860016 168.19509888
v 32.57001114 59.08860016 168.19509888
v 34.65184021 57.92668152 167.00549316
v 32.24440002 59.30049896 167.00549316
v 58.29190063 33.09074020 171.73480225
v 57.92668152 34.65184021 167.00549316
v 57.65753174 34.49084091 170.87280273
v 57.65753174 34.49084091 170.87280273
v 57.92668152 34.65184021 167.00549316
v 55.22187042 38.81745148 167.00549316
v 54.96529007 38.63710022 170.87280273
v 54.96529007 38.63710022 170.87280273
v 55.22187042 38.81745148 167.00549316
v 51.66830826 43.43542099 167.00549316
v 51.42824173 43.23360825 170.87280273
v 51.42824173 43.23360825 170.87280273
v 51.66830826 43.43542099 167.00549316
v 47.72970963 47.72970963 167.00549316
v 47.50793839 47.50793839 170.87280273
v 47.50793839 47.50793839 170.87280273
v 47.72970963 47.72970963 167.00549316
v 43.43542099 51.66830826 167.00549316
v 43.23360825 51.42824173 170.87280273
v 43.23360825 51.42824173 170.87280273
v 43.43542099 51.66830826 167.00549316
v 38.81745148 55.22187042 167.00549316
v 38.63710022 54.96529007 170.87280273
v 38.63710022 54.96529007 170.87280273
v 38.81745148 55.22187042 167.00549316
v 34.65184021 57.92668152 167.00549316
v 34.49084091 57.65753174 170.87280273
v 34.49084091 57.65753174 170.87280273
v 34.65184021 57.92668152 167.00549316
v 32.82767105 58.84352875 169.39120483
v 34.49084091 57.65753174 170.87280273
v 32.82767105 58.84352875 169.39120483
v 33.09008026 58.29441833 171.72540283
v 32.81539154 57.24568176 175.44749451
v 32.69881058 56.98495865 176.30000305
v 42.11854935 50.42345810 176.30000305
v 34.01958084 56.86975098 174.59500122
v 32.93175888 57.50651169 174.59500122
v 32.81539154 57.24568176 175.44749451
v 57.50651169 32.93175888 174.59500122
v 56.86975098 34.01958084 174.59500122
v 57.24568176 32.81539154 175.44749451
v 57.24568176 32.81539154 175.44749451
v 56.86975098 34.01958084 174.59500122
v 54.21429062 38.10919189 174.59500122
v 57.24568176 32.81539154 175.44749451
v 54.21429062 38.10919189 174.59500122
v 50.72557068 42.64289856 174.59500122
v 42.11854935 50.42345810 176.30000305
v 50.42345810 42.11854935 176.30000305
v 50.72557068 42.64289856 174.59500122
v 50.72557068 42.64289856 174.59500122
v 50.42345810 42.11854935 176.30000305
v 56.98495865 32.69881058 176.30000305
v 57.24568176 32.81539154 175.44749451
v 50.72557068 42.64289856 174.59500122
v 46.85882950 46.85882950 174.59500122
v 42.11854935 50.42345810 176.30000305
v 42.11854935 50.42345810 176.30000305
v 46.85882950 46.85882950 174.59500122
v 42.64289856 50.72557068 174.59500122
v 42.64289856 50.72557068 174.59500122
v 32.81539154 57.24568176 175.44749451
v 42.64289856 50.72557068 174.59500122
v 38.10919189 54.21429062 174.59500122
v 32.81539154 57.24568176 175.44749451
v 38.10919189 54.21429062 174.59500122
v 34.01958084 56.86975098 174.59500122
v 23.20244980 63.53451920 143.83680725
v 24.08530998 63.26271057 142.83309937
v 23.73024940 63.24322891 142.57809448
v 19.50971031 63.88027954 144.57260132
v 19.50971031 63.93688965 145.32249451
v 20.86253929 63.89125061 145.15400696
v 19.50971031 63.88027954 144.57260132
v 20.86253929 63.89125061 145.15400696
v 20.67897034 63.83750916 144.46000671
v 20.67897034 63.83750916 144.46000671
v 20.86253929 63.89125061 145.15400696
v 22.11971092 63.75252151 144.64169312
v 20.67897034 63.83750916 144.46000671
v 22.11971092 63.75252151 144.64169312
v 21.75208092 63.72027969 144.00619507
v 21.75208092 63.72027969 144.00619507
v 22.11971092 63.75252151 144.64169312
v 23.20244980 63.53451920 143.83680725
v 21.75208092 63.72027969 144.00619507
v 23.20244980 63.53451920 143.83680725
v 22.66268921 63.53997040 143.25909424
v 22.66268921 63.53997040 143.25909424
v 23.20244980 63.53451920 143.83680725
v 23.73024940 63.24322891 142.57809448
v 22.66268921 63.53997040 143.25909424
v 23.73024940 63.24322891 142.57809448
v 23.39220047 63.31710052 142.31030273
v 23.39220047 63.31710052 142.31030273
v 23.73024940 63.24322891 142.57809448
v 29.34396935 60.86169052 133.71890259
v 30.46326065 60.31380081 131.68069458
v 30.03421021 60.44995117 131.41000366
v 29.34396935 60.86169052 133.71890259
v 29.34396935 60.86169052 133.71890259
v 30.03421021 60.44995117 131.41000366
v 28.92977905 60.98620987 133.44869995
v 29.34396935 60.86169052 133.71890259
v 28.92977905 60.98620987 133.44869995
v 23.39220047 63.31710052 142.31030273
v 30.92411041 60.31060028 131.93280029
v 30.46326065 60.31380081 131.68069458
v 29.78696060 60.86275101 133.97160339
v 29.78696060 60.86275101 133.97160339
v 30.46326065 60.31380081 131.68069458
v 29.34396935 60.86169052 133.71890259
v 29.78696060 60.86275101 133.97160339
v 29.34396935 60.86169052 133.71890259
v 24.08530998 63.26271057 142.83309937
v 24.08530998 63.26271057 142.83309937
v 29.34396935 60.86169052 133.71890259
v 23.73024940 63.24322891 142.57809448
v 30.92411041 60.31060028 131.93280029
v 30.92411041 66.00833130 152.97099304
v 32.29798126 59.52148819 129.18940735
v 32.29798126 59.52148819 129.18940735
v 30.92411041 66.00833130 152.97099304
v 33.43893051 65.78018188 153.03559875
v 32.29798126 59.52148819 129.18940735
v 33.43893051 65.78018188 153.03559875
v 32.92630005 59.11746979 128.01220703
v 32.92630005 59.11746979 128.01220703
v 33.43893051 65.78018188 153.03559875
v 33.72264862 58.59563828 126.81359863
v 35.75524139 64.80696106 153.29640198
v 35.75532913 62.54550934 144.94560242
v 33.43893051 65.78018188 153.03559875
v 33.43893051 65.78018188 153.03559875
v 35.75532913 62.54550934 144.94560242
v 35.30989075 60.54994965 136.64799500
v 33.43893051 65.78018188 153.03559875
v 35.30989075 60.54994965 136.64799500
v 33.72264862 58.59563828 126.81359863
v 33.72264862 58.59563828 126.81359863
v 35.30989075 60.54994965 136.64799500
v 35.00453949 58.68064880 129.14010620
v 33.72264862 58.59563828 126.81359863
v 35.00453949 58.68064880 129.14010620
v 34.18051147 58.30121994 126.33190155
v 34.18051147 58.30121994 126.33190155
v 35.00453949 58.68064880 129.14010620
v 34.87965012 57.86140060 125.87860107
v 34.02798080 58.31922150 126.09030151
v 34.87482834 57.85469818 125.84359741
v 34.79169083 57.84278870 125.38590240
v 34.18051147 58.30121994 126.33190155
v 34.87965012 57.86140060 125.87860107
v 34.87482834 57.85469818 125.84359741
v 34.79169083 57.84278870 125.38590240
v 33.89326096 58.37377167 125.84380341
v 34.02798080 58.31922150 126.09030151
v 34.02798080 58.31922150 126.09030151
v 33.89326096 58.37377167 125.84380341
v 33.32152939 58.70201111 126.31369781
v 34.02798080 58.31922150 126.09030151
v 33.32152939 58.70201111 126.31369781
v 33.51150131 58.62471008 126.56700134
v 33.51150131 58.62471008 126.56700134
v 33.32152939 58.70201111 126.31369781
v 32.31287003 59.26321030 127.49720001
v 33.51150131 58.62471008 126.56700134
v 32.31287003 59.26321030 127.49720001
v 32.60567093 59.15124130 127.76020050
v 32.60567093 59.15124130 127.76020050
v 32.31287003 59.26321030 127.49720001
v 31.54430008 59.67584991 128.66870117
v 32.60567093 59.15124130 127.76020050
v 31.54430008 59.67584991 128.66870117
v 31.90546036 59.54679108 128.93640137
v 31.90546036 59.54679108 128.93640137
v 31.54430008 59.67584991 128.66870117
v 30.03421021 60.44995117 131.41000366
v 31.90546036 59.54679108 128.93640137
v 30.03421021 60.44995117 131.41000366
v 30.46326065 60.31380081 131.68069458
v 34.87482834 57.85469818 125.84359741
v 34.02798080 58.31922150 126.09030151
v 34.18051147 58.30121994 126.33190155
v 34.18051147 58.30121994 126.33190155
v 34.02798080 58.31922150 126.09030151
v 33.51150131 58.62471008 126.56700134
v 34.18051147 58.30121994 126.33190155
v 33.51150131 58.62471008 126.56700134
v 33.72264862 58.59563828 126.81359863
v 33.72264862 58.59563828 126.81359863
v 33.51150131 58.62471008 126.56700134
v 32.60567093 59.15124130 127.76020050
v 33.72264862 58.59563828 126.81359863
v 32.60567093 59.15124130 127.76020050
v 32.92630005 59.11746979 128.01220703
v 32.92630005 59.11746979 128.01220703
v 32.60567093 59.15124130 127.76020050
v 31.90546036 59.54679108 128.93640137
v 32.92630005 59.11746979 128.01220703
v 31.90546036 59.54679108 128.93640137
v 32.29798126 59.52148819 129.18940735
v 32.29798126 59.52148819 129.18940735
v 31.90546036 59.54679108 128.93640137
v 30.46326065 60.31380081 131.68069458
v 32.29798126 59.52148819 129.18940735
v 30.46326065 60.31380081 131.68069458
v 30.92411041 60.31060028 131.93280029
v 57.86140060 34.87965012 125.87860107
v 57.85469818 34.87482834 125.84359741
v 54.22198105 40.29140091 125.84359741
v 35.75532913 62.54550934 144.94560242
v 36.72977066 64.25006866 153.29640198
v 43.34706879 59.98480988 153.29640198
v 34.87482834 57.85469818 125.84359741
v 34.87965012 57.86140060 125.87860107
v 40.29140091 54.22198105 125.84359741
v 40.29140091 54.22198105 125.84359741
v 34.87965012 57.86140060 125.87860107
v 35.00453949 58.68064880 129.14010620
v 35.75532913 62.54550934 144.94560242
v 43.34706879 59.98480988 153.29640198
v 35.30989075 60.54994965 136.64799500
v 62.54550934 35.75532913 144.94560242
v 60.24983978 35.25804901 135.43460083
v 54.22198105 40.29140091 125.84359741
v 58.68064880 35.00453949 129.14010620
v 57.86140060 34.87965012 125.87860107
v 35.30989075 60.54994965 136.64799500
v 40.29140091 54.22198105 125.84359741
v 35.30989075 60.54994965 136.64799500
v 43.34706879 59.98480988 153.29640198
v 40.29140091 54.22198105 125.84359741
v 43.34706879 59.98480988 153.29640198
v 44.14744949 51.13142014 125.84359741
v 49.47385025 55.04076004 153.29640198
v 44.14744949 51.13142014 125.84359741
v 49.47385025 55.04076004 153.29640198
v 47.76725006 47.76725006 125.84359741
v 47.76725006 47.76725006 125.84359741
v 49.47385025 55.04076004 153.29640198
v 52.33137894 52.33137894 153.29640198
v 47.76725006 47.76725006 125.84359741
v 52.33137894 52.33137894 153.29640198
v 51.13142014 44.14744949 125.84359741
v 51.13142014 44.14744949 125.84359741
v 52.33137894 52.33137894 153.29640198
v 55.04076004 49.47385025 153.29640198
v 51.13142014 44.14744949 125.84359741
v 55.04076004 49.47385025 153.29640198
v 54.22198105 40.29140091 125.84359741
v 59.98480988 43.34706879 153.29640198
v 54.22198105 40.29140091 125.84359741
v 59.98480988 43.34706879 153.29640198
v 62.54550934 35.75532913 144.94560242
v 64.25006866 36.72977066 153.29640198
v -26.98826981 58.49983978 176.30000305
v 26.98826981 58.49983978 176.30000305
v -27.13137054 58.80585861 175.29010010
v -27.27444077 59.11188126 174.28010559
v -27.01029968 59.90026855 171.67820740
v -27.29727936 59.50672150 172.97700500
v -27.01029968 59.90026855 171.67820740
v 27.01029968 59.90026855 171.67820740
v 26.78428078 60.12715149 170.90890503
v 24.20895004 61.86204910 162.23150635
v -24.20895004 61.86204910 162.23150635
v 25.03869057 61.33388901 165.76469421
v -25.05304909 61.32455826 165.81550598
v 25.03869057 61.33388901 165.76469421
v -25.05304909 61.32455826 165.81550598
v -26.51206017 60.34035110 170.14450073
v 26.51206017 60.34035110 170.14450073
v -27.01029968 59.90026855 171.67820740
v -27.01029968 59.90026855 171.67820740
v 26.51206017 60.34035110 170.14450073
v -27.01029968 59.90026855 171.67820740
v 25.03869057 61.33388901 165.76469421
v -26.78428078 60.12715149 170.90890503
v -26.78428078 60.12715149 170.90890503
v 25.03869057 61.33388901 165.76469421
v -26.51206017 60.34035110 170.14450073
v 24.20895004 62.43313980 161.04879761
v -24.20895004 62.43313980 161.04879761
v 24.20895004 62.04774857 161.59190369
v -24.20895004 62.04774857 161.59190369
v 24.20895004 62.04774857 161.59190369
v -24.20895004 62.04774857 161.59190369
v 24.20895004 61.86204910 162.23150635
v -24.20895004 61.86204910 162.23150635
v -31.55347061 60.50772095 162.97810364
v -30.44586945 61.02664948 162.45809937
v -31.55347061 64.10159302 159.37699890
v -28.17790031 61.84941101 161.63369751
v -31.53376007 64.61627197 158.86120605
v 24.20895004 62.43313980 161.04879761
v 31.53376007 64.61627197 158.86120605
v -24.20895004 62.43313980 161.04879761
v -26.20969963 62.28137970 161.20080566
v 26.20969963 62.28137970 161.20080566
v 28.17790031 61.84941101 161.63369751
v 31.55347061 64.10159302 159.37699890
v 30.44586945 61.02664948 162.45809937
v 31.55347061 60.50772095 162.97810364
v -31.53376007 64.61627197 158.86120605
v 31.53376007 64.61627197 158.86120605
v 31.47326088 65.14685059 158.24870300
v -31.46270943 65.21907806 158.15029907
v -31.46270943 65.21907806 158.15029907
v 31.47326088 65.14685059 158.24870300
v 31.27499008 65.94998169 156.76480103
v -31.46270943 65.21907806 158.15029907
v 31.27499008 65.94998169 156.76480103
v -31.27000999 65.96112823 156.73410034
v -31.27000999 65.96112823 156.73410034
v 31.27499008 65.94998169 156.76480103
v 31.05907059 66.28945160 155.07980347
v -31.27000999 65.96112823 156.73410034
v 31.05907059 66.28945160 155.07980347
v -31.04290962 66.29547882 154.89990234
v -31.04290962 66.29547882 154.89990234
v 31.05907059 66.28945160 155.07980347
v 30.92848969 66.09626770 153.29640198
v -31.04290962 66.29547882 154.89990234
v 30.92848969 66.09626770 153.29640198
v -30.92848969 66.09626770 153.29640198
v 22.11971092 63.75252151 144.64169312
v 30.92848969 66.09626770 153.29640198
v 23.20244980 63.53451920 143.83680725
v 30.92411041 66.00833130 152.97099304
v 30.92411041 60.31060028 131.93280029
v 29.78696060 60.86275101 133.97160339
v 24.08530998 63.26271057 142.83309937
v -19.50971031 63.93688965 145.32249451
v -30.92848969 66.09626770 153.29640198
v 19.50971031 63.93688965 145.32249451
v 20.86253929 63.89125061 145.15400696
v -20.86253929 63.89125061 145.15400696
v -22.11971092 63.75252151 144.64169312
v -30.92411041 66.00833130 152.97099304
v -23.20244980 63.53451920 143.83680725
v -24.08530998 63.26271057 142.83309937
v -29.78696060 60.86275101 133.97160339
v -30.92411041 60.31060028 131.93280029
v 19.50971031 63.88027954 144.57260132
v -19.50971031 63.88027954 144.57260132
v 19.50971031 63.93688965 145.32249451
v -19.50971031 63.93688965 145.32249451
v -19.50971031 63.88027954 144.57260132
v 19.50971031 63.88027954 144.57260132
v 17.30949974 64.65409088 137.80180359
v 12.16378021 66.07303619 125.38590240
v 12.02585983 66.10384369 125.11640167
v -17.94182014 64.44230652 139.65480042
v 15.83876038 65.11434174 133.77450562
v -11.03617954 66.31405640 123.27700043
v -14.01747990 65.62306213 129.32330322
v -15.04125977 65.34532928 131.75329590
v -7.62206602 66.89653015 118.18039703
v -10.43085003 66.43338776 122.23290253
v 8.21115780 66.81163025 118.92330170
v 9.70930958 66.56651306 121.06809998
v -7.27255392 66.94384766 117.76629639
v 6.89683390 66.99221039 117.34320068
v 4.76790524 67.21721649 115.37439728
v -1.17993104 67.40985107 113.68890381
v 4.33575678 67.25277710 115.06320190
v 0.00019259 67.42240143 113.57910156
v 1.90243495 67.38977051 113.86450195
v -2.38974905 67.37091064 114.02950287
v -4.15867710 67.26637268 114.94429779
v -4.56659985 67.23419952 115.22570038
v 34.79169083 57.84278870 125.38590240
v 34.87482834 57.85469818 125.84359741
v 40.25973892 54.17935944 125.38590240
v 40.29140091 54.22198105 125.84359741
v 40.25973892 54.17935944 125.38590240
v 40.29140091 54.22198105 125.84359741
v 40.67784119 53.86616135 125.38590240
v 40.67784119 53.86616135 125.38590240
v 40.29140091 54.22198105 125.84359741
v 44.11275864 51.09123993 125.38590240
v 44.11275864 51.09123993 125.38590240
v 40.29140091 54.22198105 125.84359741
v 44.14744949 51.13142014 125.84359741
v 44.11275864 51.09123993 125.38590240
v 44.14744949 51.13142014 125.84359741
v 47.72970963 47.72970963 125.38590240
v 47.76725006 47.76725006 125.84359741
v 47.72970963 47.72970963 125.38590240
v 47.76725006 47.76725006 125.84359741
v 49.88309860 45.47444916 125.38590240
v 49.88309860 45.47444916 125.38590240
v 47.76725006 47.76725006 125.84359741
v 51.13142014 44.14744949 125.84359741
v 49.88309860 45.47444916 125.38590240
v 51.13142014 44.14744949 125.84359741
v 51.09123993 44.11275864 125.38590240
v 51.09123993 44.11275864 125.38590240
v 51.13142014 44.14744949 125.84359741
v 54.17935944 40.25973892 125.38590240
v 54.22198105 40.29140091 125.84359741
v 54.17935944 40.25973892 125.38590240
v 54.22198105 40.29140091 125.84359741
v 57.38964844 35.53416824 125.38590240
v 57.38964844 35.53416824 125.38590240
v 54.22198105 40.29140091 125.84359741
v 57.85469818 34.87482834 125.84359741
v 57.38964844 35.53416824 125.38590240
v 57.85469818 34.87482834 125.84359741
v 57.84278870 34.79169083 125.38590240
v 20.67897034 63.83750916 144.46000671
v 21.75208092 63.72027969 144.00619507
v 19.40906906 64.53044891 137.05670166
v 19.40906906 64.53044891 137.05670166
v 21.75208092 63.72027969 144.00619507
v 22.66268921 63.53997040 143.25909424
v 15.61131954 65.66990662 125.38590240
v 14.61839962 65.87026978 125.38590240
v 17.07484055 65.30467224 128.01109314
v 17.91459084 64.99813080 132.96449280
v 17.07484055 65.30467224 128.01109314
v 17.91459084 64.99813080 132.96449280
v 18.52400970 64.90850067 130.86140442
v 18.52400970 64.90850067 130.86140442
v 17.91459084 64.99813080 132.96449280
v 19.40906906 64.53044891 137.05670166
v 18.52400970 64.90850067 130.86140442
v 19.40906906 64.53044891 137.05670166
v 20.19592094 64.40789032 134.46270752
v 22.66268921 63.53997040 143.25909424
v 20.19592094 64.40789032 134.46270752
v 22.66268921 63.53997040 143.25909424
v 23.39220047 63.31710052 142.31030273
v 14.61839962 65.87026978 125.38590240
v 12.16378021 66.07303619 125.38590240
v 17.91459084 64.99813080 132.96449280
v 17.91459084 64.99813080 132.96449280
v 12.16378021 66.07303619 125.38590240
v 15.83876038 65.11434174 133.77450562
v 19.40906906 64.53044891 137.05670166
v 17.30949974 64.65409088 137.80180359
v 20.67897034 63.83750916 144.46000671
v 20.67897034 63.83750916 144.46000671
v 17.30949974 64.65409088 137.80180359
v 19.50971031 63.88027954 144.57260132
v -30.87702942 60.02381897 164.51170349
v -30.66176987 60.13317108 164.38079834
v -31.28062057 60.03408051 163.72940063
v -31.28062057 60.03408051 163.72940063
v -30.66176987 60.13317108 164.38079834
v -31.06068039 60.15167999 163.60450745
v -31.28062057 60.03408051 163.72940063
v -31.06068039 60.15167999 163.60450745
v -31.78346062 60.38682175 163.09880066
v -31.78346062 60.38682175 163.09880066
v -31.06068039 60.15167999 163.60450745
v -31.55347061 60.50772095 162.97810364
v -35.75524139 64.80696106 153.29640198
v -36.72977066 64.25006866 153.29640198
v -35.75244141 64.88056946 153.59370422
v -35.75244141 64.88056946 153.59370422
v -36.72977066 64.25006866 153.29640198
v -36.79262161 64.36000061 154.01269531
v -35.75244141 64.88056946 153.59370422
v -36.79262161 64.36000061 154.01269531
v -35.64012146 65.03868103 155.42599487
v -35.64012146 65.03868103 155.42599487
v -36.79262161 64.36000061 154.01269531
v -36.72098160 64.23468018 156.37600708
v -35.64012146 65.03868103 155.42599487
v -36.72098160 64.23468018 156.37600708
v -35.53733063 64.91136169 156.37590027
v -35.53733063 64.91136169 156.37590027
v -36.72098160 64.23468018 156.37600708
v -36.68735123 64.17587280 156.62770081
v -35.53733063 64.91136169 156.37590027
v -36.68735123 64.17587280 156.62770081
v -35.47148132 64.75640869 156.93910217
v -35.47148132 64.75640869 156.93910217
v -36.68735123 64.17587280 156.62770081
v -35.32075119 63.98178101 158.40840149
v -35.32075119 63.98178101 158.40840149
v -36.68735123 64.17587280 156.62770081
v -36.09204102 63.13451004 158.86120605
v -35.32075119 63.98178101 158.40840149
v -36.09204102 63.13451004 158.86120605
v -35.30440140 63.58478165 158.86120605
v -35.30440140 61.75672150 160.69299316
v -35.30440140 63.58478165 158.86120605
v -36.09204102 63.13451004 158.86120605
v -34.41382980 58.06880188 165.59779358
v -34.41276169 58.06903076 165.63519287
v -32.46221161 59.18154144 165.23599243
v -34.50201035 58.17895126 164.89990234
v -32.74604034 59.21495056 164.47349548
v -34.69797897 58.47666931 164.31669617
v -34.69797897 58.47666931 164.31669617
v -32.74604034 59.21495056 164.47349548
v -33.14228058 59.53355026 163.83729553
v -32.46221161 59.18154144 165.23599243
v -30.87702942 60.02381897 164.51170349
v -31.28062057 60.03408051 163.72940063
v -31.78346062 60.38682175 163.09880066
v -33.14228058 59.53355026 163.83729553
v -31.28062057 60.03408051 163.72940063
v -31.28062057 60.03408051 163.72940063
v -33.14228058 59.53355026 163.83729553
v -32.74604034 59.21495056 164.47349548
v -31.28062057 60.03408051 163.72940063
v -32.74604034 59.21495056 164.47349548
v -32.46221161 59.18154144 165.23599243
v -32.46221161 59.18154144 165.23599243
v -32.74604034 59.21495056 164.47349548
v -34.50201035 58.17895126 164.89990234
v -32.46221161 59.18154144 165.23599243
v -34.50201035 58.17895126 164.89990234
v -34.41382980 58.06880188 165.59779358
v -35.75524139 64.80696106 153.29640198
v -35.75532913 62.54550934 144.94560242
v -36.72977066 64.25006866 153.29640198
v -27.38759041 59.10691071 174.29460144
v -31.15954018 59.00040054 172.42379761
v -30.02370071 59.77579117 170.62170410
v -33.09074020 58.29190063 171.73480225
v -33.09074020 58.29190063 171.73480225
v -30.02370071 59.77579117 170.62170410
v -32.82767105 58.84352875 169.39120483
v -31.15954018 59.00040054 172.42379761
v -29.39521980 59.38835907 172.72399902
v -30.02370071 59.77579117 170.62170410
v -30.02370071 59.77579117 170.62170410
v -29.39521980 59.38835907 172.72399902
v -27.41091919 59.50946045 172.96609497
v -30.02370071 59.77579117 170.62170410
v -27.41091919 59.50946045 172.96609497
v -27.01029968 59.90026855 171.67820740
v -33.09074020 58.29190063 171.73480225
v -32.93175888 57.50651169 174.59500122
v -31.15954018 59.00040054 172.42379761
v -31.15954018 59.00040054 172.42379761
v -32.93175888 57.50651169 174.59500122
v -30.18882942 58.64704895 174.55209351
v -31.15954018 59.00040054 172.42379761
v -30.18882942 58.64704895 174.55209351
v -29.39521980 59.38835907 172.72399902
v -29.39521980 59.38835907 172.72399902
v -30.18882942 58.64704895 174.55209351
v -27.38759041 59.10691071 174.29460144
v -29.39521980 59.38835907 172.72399902
v -27.38759041 59.10691071 174.29460144
v -27.41091919 59.50946045 172.96609497
v -27.41091919 59.50946045 172.96609497
v -28.74720955 60.16313171 170.10290527
v -30.02370071 59.77579117 170.62170410
v -27.01029968 59.90026855 171.67820740
v -30.39361954 59.90346909 169.34109497
v -29.49382019 60.26657104 168.63830566
v -32.57001114 59.08860016 168.19509888
v -32.57001114 59.08860016 168.19509888
v -29.49382019 60.26657104 168.63830566
v -32.24440002 59.30049896 167.00549316
v -28.74720955 60.16313171 170.10290527
v -27.01029968 59.90026855 171.67820740
v -26.89570045 60.13811111 170.86849976
v -26.89570045 60.13811111 170.86849976
v -27.01029968 59.90026855 171.67820740
v -26.78428078 60.12715149 170.90890503
v -26.89570045 60.13811111 170.86849976
v -26.51206017 60.34035110 170.14450073
v -26.61948013 60.35329819 170.09449768
v -26.89570045 60.13811111 170.86849976
v -26.89570045 60.13811111 170.86849976
v -26.61948013 60.35329819 170.09449768
v -29.49382019 60.26657104 168.63830566
v -26.89570045 60.13811111 170.86849976
v -29.49382019 60.26657104 168.63830566
v -28.74720955 60.16313171 170.10290527
v -28.74720955 60.16313171 170.10290527
v -29.49382019 60.26657104 168.63830566
v -30.39361954 59.90346909 169.34109497
v -28.74720955 60.16313171 170.10290527
v -30.39361954 59.90346909 169.34109497
v -30.02370071 59.77579117 170.62170410
v -30.02370071 59.77579117 170.62170410
v -30.39361954 59.90346909 169.34109497
v -32.57001114 59.08860016 168.19509888
v -30.02370071 59.77579117 170.62170410
v -32.57001114 59.08860016 168.19509888
v -32.82767105 58.84352875 169.39120483
v -26.61948013 60.35329819 170.09449768
v -26.51206017 60.34035110 170.14450073
v -25.05304909 61.32455826 165.81550598
v -27.71583939 61.11264038 165.30990601
v -30.66176987 60.13317108 164.38079834
v -29.49382019 60.26657104 168.63830566
v -29.49382019 60.26657104 168.63830566
v -30.66176987 60.13317108 164.38079834
v -30.87702942 60.02381897 164.51170349
v -30.87702942 60.02381897 164.51170349
v -25.94140053 61.72346115 162.43179321
v -27.66045952 61.33747864 162.91700745
v -27.71583939 61.11264038 165.30990601
v -27.71583939 61.11264038 165.30990601
v -27.66045952 61.33747864 162.91700745
v -29.66787910 60.60060120 163.81669617
v -27.71583939 61.11264038 165.30990601
v -29.66787910 60.60060120 163.81669617
v -30.66176987 60.13317108 164.38079834
v -29.49382019 60.26657104 168.63830566
v -26.61948013 60.35329819 170.09449768
v -27.71583939 61.11264038 165.30990601
v -27.71583939 61.11264038 165.30990601
v -26.61948013 60.35329819 170.09449768
v -25.05304909 61.32455826 165.81550598
v -27.71583939 61.11264038 165.30990601
v -25.05304909 61.32455826 165.81550598
v -25.94140053 61.72346115 162.43179321
v -25.94140053 61.72346115 162.43179321
v -25.05304909 61.32455826 165.81550598
v -24.20895004 61.86204910 162.23150635
v -31.06068039 60.15167999 163.60450745
v -30.66176987 60.13317108 164.38079834
v -29.66787910 60.60060120 163.81669617
v -31.55347061 60.50772095 162.97810364
v -31.06068039 60.15167999 163.60450745
v -30.02029037 60.66044998 163.06840515
v -31.06068039 60.15167999 163.60450745
v -29.66787910 60.60060120 163.81669617
v -30.02029037 60.66044998 163.06840515
v -30.02029037 60.66044998 163.06840515
v -29.66787910 60.60060120 163.81669617
v -27.66045952 61.33747864 162.91700745
v -30.02029037 60.66044998 163.06840515
v -27.66045952 61.33747864 162.91700745
v -27.89956093 61.46664047 162.21690369
v -27.89956093 61.46664047 162.21690369
v -27.66045952 61.33747864 162.91700745
v -25.94140053 61.72346115 162.43179321
v -27.89956093 61.46664047 162.21690369
v -25.94140053 61.72346115 162.43179321
v -26.06681061 61.89194870 161.76429749
v -26.06681061 61.89194870 161.76429749
v -25.94140053 61.72346115 162.43179321
v -24.20895004 61.86204910 162.23150635
v -26.06681061 61.89194870 161.76429749
v -24.20895004 61.86204910 162.23150635
v -24.20895004 62.04774857 161.59190369
v -31.55347061 60.50772095 162.97810364
v -30.02029037 60.66044998 163.06840515
v -30.44586945 61.02664948 162.45809937
v -30.44586945 61.02664948 162.45809937
v -30.02029037 60.66044998 163.06840515
v -27.89956093 61.46664047 162.21690369
v -30.44586945 61.02664948 162.45809937
v -27.89956093 61.46664047 162.21690369
v -28.17790031 61.84941101 161.63369751
v -28.17790031 61.84941101 161.63369751
v -27.89956093 61.46664047 162.21690369
v -26.06681061 61.89194870 161.76429749
v -28.17790031 61.84941101 161.63369751
v -26.06681061 61.89194870 161.76429749
v -26.20969963 62.28137970 161.20080566
v -26.20969963 62.28137970 161.20080566
v -26.06681061 61.89194870 161.76429749
v -24.20895004 62.04774857 161.59190369
v -26.20969963 62.28137970 161.20080566
v -24.20895004 62.04774857 161.59190369
v -24.20895004 62.43313980 161.04879761
v -31.78346062 60.38682175 163.09880066
v -35.19147110 61.36949158 161.14559937
v -33.14228058 59.53355026 163.83729553
v -33.14228058 59.53355026 163.83729553
v -35.19147110 61.36949158 161.14559937
v -34.69797897 58.47666931 164.31669617
v -35.30440140 63.58478165 158.86120605
v -35.30440140 61.75672150 160.69299316
v -33.86106110 63.94409180 159.21490479
v -33.86106110 63.94409180 159.21490479
v -35.30440140 61.75672150 160.69299316
v -35.19147110 61.36949158 161.14559937
v -33.86106110 63.94409180 159.21490479
v -35.19147110 61.36949158 161.14559937
v -31.55347061 64.10159302 159.37699890
v -31.55347061 64.10159302 159.37699890
v -35.19147110 61.36949158 161.14559937
v -31.78346062 60.38682175 163.09880066
v -31.78346062 60.38682175 163.09880066
v -33.86106110 63.94409180 159.21490479
v -31.55347061 64.10159302 159.37699890
v -31.53376007 64.61627197 158.86120605
v -31.53376007 64.61627197 158.86120605
v -33.51734924 64.49607086 158.77540588
v -33.86106110 63.94409180 159.21490479
v -33.86106110 63.94409180 159.21490479
v -33.51734924 64.49607086 158.77540588
v -35.32075119 63.98178101 158.40840149
v -33.86106110 63.94409180 159.21490479
v -35.32075119 63.98178101 158.40840149
v -35.30440140 63.58478165 158.86120605
v -33.53007889 65.33203888 157.63349915
v -33.51734924 64.49607086 158.77540588
v -31.53376007 64.61627197 158.86120605
v -33.43305969 65.86829376 153.35169983
v -34.78544998 65.37866211 153.47369385
v -33.51280975 66.03775787 154.80870056
v -33.51280975 66.03775787 154.80870056
v -34.78544998 65.37866211 153.47369385
v -33.54008102 65.85172272 156.26950073
v -35.32075119 63.98178101 158.40840149
v -33.51734924 64.49607086 158.77540588
v -35.47148132 64.75640869 156.93910217
v -35.47148132 64.75640869 156.93910217
v -33.51734924 64.49607086 158.77540588
v -33.53007889 65.33203888 157.63349915
v -35.47148132 64.75640869 156.93910217
v -33.53007889 65.33203888 157.63349915
v -35.53733063 64.91136169 156.37590027
v -35.53733063 64.91136169 156.37590027
v -33.53007889 65.33203888 157.63349915
v -33.54008102 65.85172272 156.26950073
v -35.53733063 64.91136169 156.37590027
v -33.54008102 65.85172272 156.26950073
v -35.64012146 65.03868103 155.42599487
v -35.64012146 65.03868103 155.42599487
v -33.54008102 65.85172272 156.26950073
v -34.78544998 65.37866211 153.47369385
v -34.78544998 65.37866211 153.47369385
v -31.04290962 66.29547882 154.89990234
v -30.92848969 66.09626770 153.29640198
v -32.92477036 65.97260284 153.32479858
v -31.53376007 64.61627197 158.86120605
v -31.46270943 65.21907806 158.15029907
v -33.53007889 65.33203888 157.63349915
v -33.53007889 65.33203888 157.63349915
v -31.46270943 65.21907806 158.15029907
v -31.27000999 65.96112823 156.73410034
v -33.53007889 65.33203888 157.63349915
v -31.27000999 65.96112823 156.73410034
v -33.54008102 65.85172272 156.26950073
v -33.54008102 65.85172272 156.26950073
v -31.27000999 65.96112823 156.73410034
v -31.04290962 66.29547882 154.89990234
v -33.54008102 65.85172272 156.26950073
v -31.04290962 66.29547882 154.89990234
v -33.51280975 66.03775787 154.80870056
v -33.51280975 66.03775787 154.80870056
v -31.04290962 66.29547882 154.89990234
v -32.92477036 65.97260284 153.32479858
v -33.51280975 66.03775787 154.80870056
v -32.92477036 65.97260284 153.32479858
v -33.43305969 65.86829376 153.35169983
v -30.92848969 66.09626770 153.29640198
v -30.92411041 66.00833130 152.97099304
v -32.92477036 65.97260284 153.32479858
v -32.92477036 65.97260284 153.32479858
v -30.92411041 66.00833130 152.97099304
v -33.43893051 65.78018188 153.03559875
v -32.92477036 65.97260284 153.32479858
v -33.43893051 65.78018188 153.03559875
v -33.43305969 65.86829376 153.35169983
v -33.43305969 65.86829376 153.35169983
v -33.43893051 65.78018188 153.03559875
v -34.78544998 65.37866211 153.47369385
v -34.78544998 65.37866211 153.47369385
v -33.43893051 65.78018188 153.03559875
v -35.75524139 64.80696106 153.29640198
v -34.78544998 65.37866211 153.47369385
v -35.75524139 64.80696106 153.29640198
v -35.75244141 64.88056946 153.59370422
v -29.93231964 58.11977005 176.30000305
v -26.98826981 58.49983978 176.30000305
v -27.13137054 58.80585861 175.29010010
v -30.18882942 58.64706039 174.55209351
v -32.93175888 57.50651169 174.59500122
v -32.81539154 57.24568176 175.44749451
v -27.13137054 58.80585861 175.29010010
v -27.38759041 59.10691071 174.29460144
v -29.93231964 58.11977005 176.30000305
v -29.93231964 58.11977005 176.30000305
v -27.38759041 59.10691071 174.29460144
v -30.18882942 58.64706039 174.55209351
v -29.93231964 58.11977005 176.30000305
v -30.18882942 58.64706039 174.55209351
v -29.94330025 58.11685944 176.30000305
v -29.94330025 58.11685944 176.30000305
v -32.69881058 56.98495865 176.30000305
v -42.59445190 58.94332123 158.86120605
v -36.09204102 63.13451004 158.86120605
v -36.68735123 64.17587280 156.62770081
v -48.61484909 54.08510971 158.86120605
v -42.59445190 58.94332123 158.86120605
v -43.29700851 59.91553879 156.62770081
v -64.17587280 36.68735123 156.62770081
v -63.13451004 36.09204102 158.86120605
v -59.91553879 43.29700851 156.62770081
v -58.94332123 42.59445190 158.86120605
v -59.91553879 43.29700851 156.62770081
v -58.94332123 42.59445190 158.86120605
v -54.97718811 49.41670990 156.62770081
v -54.08510971 48.61484909 158.86120605
v -54.97718811 49.41670990 156.62770081
v -54.08510971 48.61484909 158.86120605
v -49.41670990 54.97718811 156.62770081
v -49.41670990 54.97718811 156.62770081
v -54.08510971 48.61484909 158.86120605
v -51.42277145 51.42277145 158.86120605
v -49.41670990 54.97718811 156.62770081
v -49.55849838 55.13492966 154.01269531
v -55.13492966 49.55849838 154.01269531
v -60.08744812 43.42124176 154.01269531
v -64.36000061 36.79262161 154.01269531
v -64.23468018 36.72098160 156.37600708
v -54.97718811 49.41670990 156.62770081
v -54.97718811 49.41670990 156.62770081
v -55.13492966 49.55849838 154.01269531
v -60.08744812 43.42124176 154.01269531
v -59.91553879 43.29700851 156.62770081
v -59.91553879 43.29700851 156.62770081
v -60.08744812 43.42124176 154.01269531
v -64.23468018 36.72098160 156.37600708
v -59.91553879 43.29700851 156.62770081
v -64.23468018 36.72098160 156.37600708
v -64.17587280 36.68735123 156.62770081
v -43.29700851 59.91553879 156.62770081
v -43.29700851 59.91553879 156.62770081
v -36.68735123 64.17587280 156.62770081
v -36.72098160 64.23468018 156.37600708
v -43.29700851 59.91553879 156.62770081
v -36.72098160 64.23468018 156.37600708
v -43.42124176 60.08744812 154.01269531
v -43.42124176 60.08744812 154.01269531
v -36.72098160 64.23468018 156.37600708
v -36.79262161 64.36000061 154.01269531
v -43.42124176 60.08744812 154.01269531
v -36.79262161 64.36000061 154.01269531
v -36.72977066 64.25006866 153.29640198
v -43.34706879 59.98480988 153.29640198
v -43.42124176 60.08744812 154.01269531
v -43.34706879 59.98480988 153.29640198
v -49.55849838 55.13492966 154.01269531
v -43.42124176 60.08744812 154.01269531
v -49.55849838 55.13492966 154.01269531
v -43.29700851 59.91553879 156.62770081
v -49.41670990 54.97718811 156.62770081
v -49.41670990 54.97718811 156.62770081
v -48.61484909 54.08510971 158.86120605
v -49.41670990 54.97718811 156.62770081
v -51.42277145 51.42277145 158.86120605
v -64.25006866 36.72977066 153.29640198
v -64.36000061 36.79262161 154.01269531
v -59.98480988 43.34706879 153.29640198
v -60.08744812 43.42124176 154.01269531
v -59.98480988 43.34706879 153.29640198
v -60.08744812 43.42124176 154.01269531
v -55.04076004 49.47385025 153.29640198
v -55.13492966 49.55849838 154.01269531
v -55.04076004 49.47385025 153.29640198
v -55.13492966 49.55849838 154.01269531
v -52.33137894 52.33137894 153.29640198
v -52.33137894 52.33137894 153.29640198
v -55.13492966 49.55849838 154.01269531
v -49.55849838 55.13492966 154.01269531
v -52.33137894 52.33137894 153.29640198
v -49.55849838 55.13492966 154.01269531
v -49.47385025 55.04076004 153.29640198
v -49.47385025 55.04076004 153.29640198
v -61.62379837 35.25986099 160.85169983
v -58.47666931 34.69797897 164.31669617
v -54.57139969 40.55105972 164.32550049
v -34.69797897 58.47666931 164.31669617
v -35.19147110 61.36949158 161.14559937
v -42.59445190 58.94332123 158.86120605
v -35.30440140 61.75672150 160.69299316
v -36.09204102 63.13451004 158.86120605
v -58.94332123 42.59445190 158.86120605
v -63.13451004 36.09204102 158.86120605
v -61.75672150 35.30440140 160.69299316
v -61.62379837 35.25986099 160.85169983
v -58.94332123 42.59445190 158.86120605
v -61.62379837 35.25986099 160.85169983
v -54.57139969 40.55105972 164.32550049
v -58.94332123 42.59445190 158.86120605
v -54.57139969 40.55105972 164.32550049
v -54.08510971 48.61484909 158.86120605
v -51.46094131 44.43194962 164.32550049
v -54.08510971 48.61484909 158.86120605
v -51.46094131 44.43194962 164.32550049
v -51.42277145 51.42277145 158.86120605
v -51.42277145 51.42277145 158.86120605
v -51.46094131 44.43194962 164.32550049
v -48.07508087 48.07508087 164.32550049
v -51.42277145 51.42277145 158.86120605
v -48.07508087 48.07508087 164.32550049
v -48.61484909 54.08510971 158.86120605
v -48.61484909 54.08510971 158.86120605
v -48.07508087 48.07508087 164.32550049
v -44.43194962 51.46094131 164.32550049
v -48.61484909 54.08510971 158.86120605
v -44.43194962 51.46094131 164.32550049
v -42.59445190 58.94332123 158.86120605
v -42.59445190 58.94332123 158.86120605
v -44.43194962 51.46094131 164.32550049
v -40.55105972 54.57139969 164.32550049
v -42.59445190 58.94332123 158.86120605
v -40.55105972 54.57139969 164.32550049
v -34.69797897 58.47666931 164.31669617
v -58.06880188 34.41382980 165.59779358
v -58.06903076 34.41276169 165.63519287
v -54.17935944 40.25973892 165.63519287
v -34.41382980 58.06880188 165.59779358
v -34.50201035 58.17895126 164.89990234
v -40.33494186 54.28055954 164.93629456
v -58.06880188 34.41382980 165.59779358
v -54.17935944 40.25973892 165.63519287
v -58.17895126 34.50201035 164.89990234
v -34.41276169 58.06903076 165.63519287
v -34.41382980 58.06880188 165.59779358
v -40.25973892 54.17935944 165.63519287
v -40.25973892 54.17935944 165.63519287
v -34.41382980 58.06880188 165.59779358
v -40.33494186 54.28055954 164.93629456
v -40.25973892 54.17935944 165.63519287
v -40.33494186 54.28055954 164.93629456
v -44.11275864 51.09123993 165.63519287
v -44.19514847 51.18666840 164.93629456
v -44.11275864 51.09123993 165.63519287
v -44.19514847 51.18666840 164.93629456
v -47.72970963 47.72970963 165.63519287
v -47.81885910 47.81885910 164.93629456
v -47.72970963 47.72970963 165.63519287
v -47.81885910 47.81885910 164.93629456
v -51.09123993 44.11275864 165.63519287
v -51.18666840 44.19514847 164.93629456
v -51.09123993 44.11275864 165.63519287
v -51.18666840 44.19514847 164.93629456
v -54.17935944 40.25973892 165.63519287
v -54.28055954 40.33494186 164.93629456
v -54.17935944 40.25973892 165.63519287
v -54.28055954 40.33494186 164.93629456
v -58.17895126 34.50201035 164.89990234
v -58.47666931 34.69797897 164.31669617
v -58.17895126 34.50201035 164.89990234
v -54.57139969 40.55105972 164.32550049
v -54.57139969 40.55105972 164.32550049
v -58.17895126 34.50201035 164.89990234
v -54.28055954 40.33494186 164.93629456
v -54.57139969 40.55105972 164.32550049
v -54.28055954 40.33494186 164.93629456
v -51.46094131 44.43194962 164.32550049
v -51.18666840 44.19514847 164.93629456
v -51.46094131 44.43194962 164.32550049
v -51.18666840 44.19514847 164.93629456
v -48.07508087 48.07508087 164.32550049
v -47.81885910 47.81885910 164.93629456
v -48.07508087 48.07508087 164.32550049
v -47.81885910 47.81885910 164.93629456
v -44.43194962 51.46094131 164.32550049
v -44.19514847 51.18666840 164.93629456
v -44.43194962 51.46094131 164.32550049
v -44.19514847 51.18666840 164.93629456
v -40.55105972 54.57139969 164.32550049
v -40.33494186 54.28055954 164.93629456
v -40.55105972 54.57139969 164.32550049
v -40.33494186 54.28055954 164.93629456
v -34.69797897 58.47666931 164.31669617
v -34.69797897 58.47666931 164.31669617
v -40.33494186 54.28055954 164.93629456
v -34.50201035 58.17895126 164.89990234
v -59.18154144 32.46221161 165.23599243
v -60.02381897 30.87702942 164.51170349
v -59.30049896 32.24440002 167.00549316
v -59.18154144 32.46221161 165.23599243
v -59.30049896 32.24440002 167.00549316
v -58.06903076 34.41276169 165.63519287
v -57.92668152 34.65184021 167.00549316
v -58.06903076 34.41276169 165.63519287
v -57.92668152 34.65184021 167.00549316
v -54.17935944 40.25973892 165.63519287
v -54.17935944 40.25973892 165.63519287
v -57.92668152 34.65184021 167.00549316
v -55.22187042 38.81745148 167.00549316
v -54.17935944 40.25973892 165.63519287
v -55.22187042 38.81745148 167.00549316
v -51.09123993 44.11275864 165.63519287
v -51.09123993 44.11275864 165.63519287
v -55.22187042 38.81745148 167.00549316
v -51.66830826 43.43542099 167.00549316
v -51.09123993 44.11275864 165.63519287
v -51.66830826 43.43542099 167.00549316
v -47.72970963 47.72970963 165.63519287
v -47.72970963 47.72970963 165.63519287
v -51.66830826 43.43542099 167.00549316
v -47.72970963 47.72970963 167.00549316
v -47.72970963 47.72970963 165.63519287
v -47.72970963 47.72970963 167.00549316
v -44.11275864 51.09123993 165.63519287
v -44.11275864 51.09123993 165.63519287
v -47.72970963 47.72970963 167.00549316
v -43.43542099 51.66830826 167.00549316
v -44.11275864 51.09123993 165.63519287
v -43.43542099 51.66830826 167.00549316
v -40.25973892 54.17935944 165.63519287
v -40.25973892 54.17935944 165.63519287
v -43.43542099 51.66830826 167.00549316
v -38.81745148 55.22187042 167.00549316
v -40.25973892 54.17935944 165.63519287
v -38.81745148 55.22187042 167.00549316
v -34.41276169 58.06903076 165.63519287
v -34.41276169 58.06903076 165.63519287
v -38.81745148 55.22187042 167.00549316
v -34.65184021 57.92668152 167.00549316
v -34.41276169 58.06903076 165.63519287
v -34.65184021 57.92668152 167.00549316
v -32.46221161 59.18154144 165.23599243
v -32.46221161 59.18154144 165.23599243
v -34.65184021 57.92668152 167.00549316
v -32.24440002 59.30049896 167.00549316
v -32.46221161 59.18154144 165.23599243
v -32.24440002 59.30049896 167.00549316
v -30.87702942 60.02381897 164.51170349
v -33.09074020 58.29190063 171.73480225
v -32.82767105 58.84352875 169.39120483
v -34.65184021 57.92668152 167.00549316
v -34.65184021 57.92668152 167.00549316
v -32.82767105 58.84352875 169.39120483
v -32.57001114 59.08860016 168.19509888
v -34.65184021 57.92668152 167.00549316
v -32.57001114 59.08860016 168.19509888
v -32.24440002 59.30049896 167.00549316
v -34.01958084 56.86975098 174.59500122
v -32.93175888 57.50651169 174.59500122
v -33.09074020 58.29190063 171.73480225
v -33.09074020 58.29190063 171.73480225
v -34.49084091 57.65753174 170.87280273
v -34.01958084 56.86975098 174.59500122
v -34.01958084 56.86975098 174.59500122
v -34.49084091 57.65753174 170.87280273
v -38.63710022 54.96529007 170.87280273
v -38.10919189 54.21429062 174.59500122
v -38.10919189 54.21429062 174.59500122
v -38.63710022 54.96529007 170.87280273
v -43.23360825 51.42824173 170.87280273
v -42.64289856 50.72557068 174.59500122
v -42.64289856 50.72557068 174.59500122
v -43.23360825 51.42824173 170.87280273
v -47.50793839 47.50793839 170.87280273
v -46.85882950 46.85882950 174.59500122
v -46.85882950 46.85882950 174.59500122
v -47.50793839 47.50793839 170.87280273
v -51.42824173 43.23360825 170.87280273
v -50.72557068 42.64289856 174.59500122
v -50.72557068 42.64289856 174.59500122
v -51.42824173 43.23360825 170.87280273
v -54.96529007 38.63710022 170.87280273
v -54.21429062 38.10919189 174.59500122
v -54.21429062 38.10919189 174.59500122
v -54.96529007 38.63710022 170.87280273
v -57.65753174 34.49084091 170.87280273
v -56.86975098 34.01958084 174.59500122
v -56.86975098 34.01958084 174.59500122
v -57.65753174 34.49084091 170.87280273
v -58.29441833 33.09008026 171.72540283
v -56.86975098 34.01958084 174.59500122
v -58.29441833 33.09008026 171.72540283
v -57.50651169 32.93175888 174.59500122
v -58.84352875 32.82767105 169.39120483
v -57.92668152 34.65184021 167.00549316
v -59.08860016 32.57001114 168.19509888
v -59.08860016 32.57001114 168.19509888
v -57.92668152 34.65184021 167.00549316
v -59.30049896 32.24440002 167.00549316
v -33.09074020 58.29190063 171.73480225
v -34.65184021 57.92668152 167.00549316
v -34.49084091 57.65753174 170.87280273
v -34.49084091 57.65753174 170.87280273
v -34.65184021 57.92668152 167.00549316
v -38.81745148 55.22187042 167.00549316
v -38.63710022 54.96529007 170.87280273
v -38.63710022 54.96529007 170.87280273
v -38.81745148 55.22187042 167.00549316
v -43.43542099 51.66830826 167.00549316
v -43.23360825 51.42824173 170.87280273
v -43.23360825 51.42824173 170.87280273
v -43.43542099 51.66830826 167.00549316
v -47.72970963 47.72970963 167.00549316
v -47.50793839 47.50793839 170.87280273
v -47.50793839 47.50793839 170.87280273
v -47.72970963 47.72970963 167.00549316
v -51.66830826 43.43542099 167.00549316
v -51.42824173 43.23360825 170.87280273
v -51.42824173 43.23360825 170.87280273
v -51.66830826 43.43542099 167.00549316
v -55.22187042 38.81745148 167.00549316
v -54.96529007 38.63710022 170.87280273
v -54.96529007 38.63710022 170.87280273
v -55.22187042 38.81745148 167.00549316
v -57.92668152 34.65184021 167.00549316
v -57.65753174 34.49084091 170.87280273
v -57.65753174 34.49084091 170.87280273
v -57.92668152 34.65184021 167.00549316
v -58.84352875 32.82767105 169.39120483
v -57.65753174 34.49084091 170.87280273
v -58.84352875 32.82767105 169.39120483
v -58.29441833 33.09008026 171.72540283
v -57.24568176 32.81539154 175.44749451
v -56.98495865 32.69881058 176.30000305
v -50.42345810 42.11854935 176.30000305
v -32.93175888 57.50651169 174.59500122
v -34.01958084 56.86975098 174.59500122
v -32.81539154 57.24568176 175.44749451
v -32.81539154 57.24568176 175.44749451
v -34.01958084 56.86975098 174.59500122
v -38.10919189 54.21429062 174.59500122
v -32.81539154 57.24568176 175.44749451
v -38.10919189 54.21429062 174.59500122
v -42.64289856 50.72557068 174.59500122
v -56.86975098 34.01958084 174.59500122
v -57.50651169 32.93175888 174.59500122
v -57.24568176 32.81539154 175.44749451
v -56.86975098 34.01958084 174.59500122
v -57.24568176 32.81539154 175.44749451
v -54.21429062 38.10919189 174.59500122
v -54.21429062 38.10919189 174.59500122
v -57.24568176 32.81539154 175.44749451
v -50.72557068 42.64289856 174.59500122
v -50.72557068 42.64289856 174.59500122
v -50.72557068 42.64289856 174.59500122
v -50.42345810 42.11854935 176.30000305
v -46.85882950 46.85882950 174.59500122
v -46.85882950 46.85882950 174.59500122
v -50.42345810 42.11854935 176.30000305
v -42.11854935 50.42345810 176.30000305
v -46.85882950 46.85882950 174.59500122
v -42.11854935 50.42345810 176.30000305
v -42.64289856 50.72557068 174.59500122
v -42.64289856 50.72557068 174.59500122
v -42.11854935 50.42345810 176.30000305
v -32.69881058 56.98495865 176.30000305
v -32.81539154 57.24568176 175.44749451
v -23.73024940 63.24324036 142.57809448
v -24.08530998 63.26271057 142.83309937
v -23.20244980 63.53451920 143.83680725
v -19.50971031 63.93688965 145.32249451
v -19.50971031 63.88027954 144.57260132
v -20.67897034 63.83750916 144.46000671
v -19.50971031 63.93688965 145.32249451
v -20.67897034 63.83750916 144.46000671
v -20.86253929 63.89125061 145.15400696
v -20.86253929 63.89125061 145.15400696
v -20.67897034 63.83750916 144.46000671
v -21.75208092 63.72027969 144.00619507
v -22.11971092 63.75252151 144.64169312
v -22.11971092 63.75252151 144.64169312
v -21.75208092 63.72027969 144.00619507
v -22.66268921 63.53997040 143.25909424
v -22.11971092 63.75252151 144.64169312
v -22.66268921 63.53997040 143.25909424
v -23.20244980 63.53451920 143.83680725
v -23.20244980 63.53451920 143.83680725
v -22.66268921 63.53997040 143.25909424
v -23.39220047 63.31710052 142.31030273
v -23.20244980 63.53451920 143.83680725
v -23.39220047 63.31710052 142.31030273
v -23.73024940 63.24324036 142.57809448
v -29.78696060 60.86275101 133.97160339
v -29.34396935 60.86169052 133.71890259
v -30.92411041 60.31060028 131.93280029
v -30.92411041 60.31060028 131.93280029
v -29.34396935 60.86169052 133.71890259
v -30.46326065 60.31380081 131.68069458
v -23.73024940 63.24324036 142.57809448
v -23.39220047 63.31710052 142.31030273
v -28.92977905 60.98620987 133.44869995
v -30.03421021 60.44995117 131.41000366
v -30.46326065 60.31380081 131.68069458
v -28.92977905 60.98620987 133.44869995
v -28.92977905 60.98620987 133.44869995
v -30.46326065 60.31380081 131.68069458
v -29.34396935 60.86169052 133.71890259
v -28.92977905 60.98620987 133.44869995
v -29.34396935 60.86169052 133.71890259
v -23.73024940 63.24324036 142.57809448
v -23.73024940 63.24324036 142.57809448
v -29.34396935 60.86169052 133.71890259
v -29.78696060 60.86275101 133.97160339
v -23.73024940 63.24324036 142.57809448
v -29.78696060 60.86275101 133.97160339
v -24.08530998 63.26271057 142.83309937
v -33.43893051 65.78018188 153.03559875
v -30.92411041 66.00833130 152.97099304
v -30.92411041 60.31060028 131.93280029
v -30.92411041 60.31060028 131.93280029
v -32.29798126 59.52148819 129.18940735
v -33.43893051 65.78018188 153.03559875
v -33.43893051 65.78018188 153.03559875
v -32.29798126 59.52148819 129.18940735
v -32.92630005 59.11746979 128.01220703
v -33.43893051 65.78018188 153.03559875
v -32.92630005 59.11746979 128.01220703
v -33.72264862 58.59563828 126.81359863
v -34.18051147 58.30121994 126.33190155
v -34.87965012 57.86140060 125.87860107
v -35.00453949 58.68064880 129.14010620
v -34.18051147 58.30121994 126.33190155
v -35.00453949 58.68064880 129.14010620
v -33.72264862 58.59563828 126.81359863
v -33.72264862 58.59563828 126.81359863
v -35.00453949 58.68064880 129.14010620
v -35.25804901 60.24983978 135.43460083
v -33.72264862 58.59563828 126.81359863
v -35.25804901 60.24983978 135.43460083
v -33.43893051 65.78018188 153.03559875
v -33.43893051 65.78018188 153.03559875
v -35.25804901 60.24983978 135.43460083
v -35.75532913 62.54550934 144.94560242
v -33.43893051 65.78018188 153.03559875
v -35.75532913 62.54550934 144.94560242
v -35.75524139 64.80696106 153.29640198
v -34.02798080 58.31922150 126.09030151
v -34.87482834 57.85469818 125.84359741
v -34.87965012 57.86140060 125.87860107
v -33.89326096 58.37377167 125.84380341
v -34.79169083 57.84278870 125.38590240
v -34.87482834 57.85469818 125.84359741
v -34.87965012 57.86140060 125.87860107
v -34.18051147 58.30121994 126.33190155
v -34.02798080 58.31922150 126.09030151
v -34.02798080 58.31922150 126.09030151
v -34.18051147 58.30121994 126.33190155
v -33.72264862 58.59563828 126.81359863
v -34.02798080 58.31922150 126.09030151
v -33.72264862 58.59563828 126.81359863
v -33.51150131 58.62471008 126.56700134
v -33.51150131 58.62471008 126.56700134
v -33.72264862 58.59563828 126.81359863
v -32.92630005 59.11746979 128.01220703
v -33.51150131 58.62471008 126.56700134
v -32.92630005 59.11746979 128.01220703
v -32.60567093 59.15124130 127.76020050
v -32.60567093 59.15124130 127.76020050
v -32.92630005 59.11746979 128.01220703
v -32.29798126 59.52148819 129.18940735
v -32.60567093 59.15124130 127.76020050
v -32.29798126 59.52148819 129.18940735
v -31.90546036 59.54679108 128.93640137
v -31.90546036 59.54679108 128.93640137
v -32.29798126 59.52148819 129.18940735
v -30.92411041 60.31060028 131.93280029
v -31.90546036 59.54679108 128.93640137
v -30.92411041 60.31060028 131.93280029
v -30.46326065 60.31380081 131.68069458
v -34.87482834 57.85469818 125.84359741
v -34.02798080 58.31922150 126.09030151
v -33.89326096 58.37377167 125.84380341
v -33.51150131 58.62471008 126.56700134
v -33.89326096 58.37377167 125.84380341
v -33.51150131 58.62471008 126.56700134
v -33.32152939 58.70201111 126.31369781
v -33.32152939 58.70201111 126.31369781
v -33.51150131 58.62471008 126.56700134
v -32.60567093 59.15124130 127.76020050
v -33.32152939 58.70201111 126.31369781
v -32.60567093 59.15124130 127.76020050
v -32.31287003 59.26321030 127.49720001
v -32.31287003 59.26321030 127.49720001
v -32.60567093 59.15124130 127.76020050
v -31.90546036 59.54679108 128.93640137
v -32.31287003 59.26321030 127.49720001
v -31.90546036 59.54679108 128.93640137
v -31.54430008 59.67584991 128.66870117
v -31.54430008 59.67584991 128.66870117
v -31.90546036 59.54679108 128.93640137
v -30.46326065 60.31380081 131.68069458
v -31.54430008 59.67584991 128.66870117
v -30.46326065 60.31380081 131.68069458
v -30.03421021 60.44995117 131.41000366
v -62.54550934 35.75532913 144.94560242
v -64.25006866 36.72977066 153.29640198
v -59.98480988 43.34706879 153.29640198
v -34.87965012 57.86140060 125.87860107
v -34.87482834 57.85469818 125.84359741
v -40.29140091 54.22198105 125.84359741
v -35.75532913 62.54550934 144.94560242
v -35.25804901 60.24983978 135.43460083
v -40.29140091 54.22198105 125.84359741
v -35.00453949 58.68064880 129.14010620
v -34.87965012 57.86140060 125.87860107
v -57.85469818 34.87482834 125.84359741
v -57.86140060 34.87965012 125.87860107
v -54.22198105 40.29140091 125.84359741
v -54.22198105 40.29140091 125.84359741
v -57.86140060 34.87965012 125.87860107
v -58.68064880 35.00453949 129.14010620
v -62.54550934 35.75532913 144.94560242
v -59.98480988 43.34706879 153.29640198
v -60.54994965 35.30989075 136.64799500
v -60.54994965 35.30989075 136.64799500
v -54.22198105 40.29140091 125.84359741
v -60.54994965 35.30989075 136.64799500
v -59.98480988 43.34706879 153.29640198
v -54.22198105 40.29140091 125.84359741
v -59.98480988 43.34706879 153.29640198
v -51.13142014 44.14744949 125.84359741
v -55.04076004 49.47385025 153.29640198
v -51.13142014 44.14744949 125.84359741
v -55.04076004 49.47385025 153.29640198
v -47.76725006 47.76725006 125.84359741
v -47.76725006 47.76725006 125.84359741
v -55.04076004 49.47385025 153.29640198
v -52.33137894 52.33137894 153.29640198
v -47.76725006 47.76725006 125.84359741
v -52.33137894 52.33137894 153.29640198
v -44.14744949 51.13142014 125.84359741
v -44.14744949 51.13142014 125.84359741
v -52.33137894 52.33137894 153.29640198
v -49.47385025 55.04076004 153.29640198
v -44.14744949 51.13142014 125.84359741
v -49.47385025 55.04076004 153.29640198
v -40.29140091 54.22198105 125.84359741
v -43.34706879 59.98480988 153.29640198
v -40.29140091 54.22198105 125.84359741
v -43.34706879 59.98480988 153.29640198
v -35.75532913 62.54550934 144.94560242
v -36.72977066 64.25006866 153.29640198
v -40.29140091 54.22198105 125.84359741
v -34.87482834 57.85469818 125.84359741
v -34.79169083 57.84278870 125.38590240
v -47.76725006 47.76725006 125.84359741
v -49.88309860 45.47444916 125.38590240
v -51.13142014 44.14744949 125.84359741
v -51.13142014 44.14744949 125.84359741
v -49.88309860 45.47444916 125.38590240
v -51.09123993 44.11275864 125.38590240
v -51.13142014 44.14744949 125.84359741
v -51.09123993 44.11275864 125.38590240
v -54.22198105 40.29140091 125.84359741
v -54.17935944 40.25973892 125.38590240
v -54.22198105 40.29140091 125.84359741
v -54.17935944 40.25973892 125.38590240
v -57.85469818 34.87482834 125.84359741
v -57.85469818 34.87482834 125.84359741
v -54.17935944 40.25973892 125.38590240
v -57.38964844 35.53416824 125.38590240
v -57.85469818 34.87482834 125.84359741
v -57.38964844 35.53416824 125.38590240
v -57.84278870 34.79169083 125.38590240
v -34.79169083 57.84278870 125.38590240
v -40.25973892 54.17935944 125.38590240
v -40.29140091 54.22198105 125.84359741
v -40.29140091 54.22198105 125.84359741
v -40.25973892 54.17935944 125.38590240
v -40.67784119 53.86616135 125.38590240
v -40.29140091 54.22198105 125.84359741
v -40.67784119 53.86616135 125.38590240
v -44.14744949 51.13142014 125.84359741
v -44.14744949 51.13142014 125.84359741
v -40.67784119 53.86616135 125.38590240
v -44.11275864 51.09123993 125.38590240
v -44.14744949 51.13142014 125.84359741
v -44.11275864 51.09123993 125.38590240
v -47.76725006 47.76725006 125.84359741
v -47.72970963 47.72970963 125.38590240
v -47.76725006 47.76725006 125.84359741
v -47.72970963 47.72970963 125.38590240
v -49.88309860 45.47444916 125.38590240
v 11.58133984 66.49623871 119.85590363
v -18.52465057 64.90830231 130.86250305
v -20.14016914 64.42533112 134.33709717
v -20.05005074 64.31578064 138.93499756
v -20.05005074 64.31578064 138.93499756
v -21.75208092 63.72027969 144.00619507
v -20.67897034 63.83750916 144.46000671
v -20.14016914 64.42533112 134.33709717
v -23.39220047 63.31710052 142.31030273
v -20.05005074 64.31578064 138.93499756
v -20.05005074 64.31578064 138.93499756
v -23.39220047 63.31710052 142.31030273
v -22.66268921 63.53997040 143.25909424
v -20.05005074 64.31578064 138.93499756
v -22.66268921 63.53997040 143.25909424
v -21.75208092 63.72027969 144.00619507
v -17.01174927 65.32112885 127.89240265
v -16.05471992 65.51757812 128.41929626
v -14.14855003 66.00051880 123.00420380
v -14.14855003 66.00051880 123.00420380
v -16.05471992 65.51757812 128.41929626
v -12.34144974 66.35601044 121.08290100
v -14.14855003 66.00051880 123.00420380
v -12.34144974 66.35601044 121.08290100
v -12.68605042 66.29717255 120.86990356
v -10.43085003 66.43338776 122.23290253
v -8.88943005 66.91210175 116.44589996
v -12.34144974 66.35601044 121.08290100
v -12.34144974 66.35601044 121.08290100
v -8.88943005 66.91210175 116.44589996
v -11.44137001 66.52326965 119.24320221
v -12.34144974 66.35601044 121.08290100
v -11.44137001 66.52326965 119.24320221
v -12.68605042 66.29717255 120.86990356
v -10.43085003 66.43338776 122.23290253
v -7.62206602 66.89653015 118.18039703
v -8.88943005 66.91210175 116.44589996
v -7.27255392 66.94384766 117.76629639
v -6.45090008 67.19104004 114.43949890
v -6.45090008 67.19104004 114.43949890
v -7.27255392 66.94384766 117.76629639
v -4.56659985 67.23419952 115.22570038
v -2.38974905 67.37091064 114.02950287
v -4.24417019 67.36643982 113.17800140
v -4.15867710 67.26637268 114.94429779
v -4.15867710 67.26637268 114.94429779
v -4.24417019 67.36643982 113.17800140
v -5.55408716 67.27111053 113.86380005
v -4.56659985 67.23419952 115.22570038
v -5.55408716 67.27111053 113.86380005
v -6.23782587 67.21115875 114.29489899
v -4.56659985 67.23419952 115.22570038
v -6.23782587 67.21115875 114.29489899
v -6.45090008 67.19104004 114.43949890
v -1.17993104 67.40985107 113.68890381
v -1.82309496 67.47537994 112.39379883
v -2.38974905 67.37091064 114.02950287
v -2.90683007 67.43737793 112.66739655
v -2.90683007 67.43737793 112.66739655
v 3.44649506 67.41194916 112.85040283
v 2.53478289 67.45239258 112.55940247
v 1.90243495 67.38977051 113.86450195
v 1.90243495 67.38977051 113.86450195
v 2.53478289 67.45239258 112.55940247
v 1.16723299 67.48990631 112.28939819
v 1.90243495 67.38977051 113.86450195
v 1.16723299 67.48990631 112.28939819
v 0.00019259 67.42240143 113.57910156
v 0.00024511 67.50000000 112.28939819
v 0.00019259 67.42240143 113.57910156
v 0.00024511 67.50000000 112.28939819
v -1.17993104 67.40985107 113.68890381
v -1.16955900 67.48986816 112.28939819
v -1.82309496 67.47537994 112.39379883
v 3.44649506 67.41194916 112.85040283
v 1.90243495 67.38977051 113.86450195
v 5.27365208 67.29367065 113.70110321
v 5.27365208 67.29367065 113.70110321
v 1.90243495 67.38977051 113.86450195
v 4.33575678 67.25277710 115.06320190
v 5.27365208 67.29367065 113.70110321
v 4.33575678 67.25277710 115.06320190
v 5.81087208 67.24942017 114.01950073
v 5.81087208 67.24942017 114.01950073
v 4.33575678 67.25277710 115.06320190
v 4.76790524 67.21721649 115.37439728
v 4.76790524 67.21721649 115.37439728
v 6.25256491 67.20979309 114.30449677
v 6.89683390 66.99221039 117.34320068
v 6.25256491 67.20979309 114.30449677
v 6.89683390 66.99221039 117.34320068
v 8.40801811 66.97428894 115.99859619
v 11.94758034 66.43421936 119.88400269
v 11.58133984 66.49623871 119.85590363
v 14.79609966 65.85836792 124.02680206
v 14.79609966 65.85836792 124.02680206
v 11.58133984 66.49623871 119.85590363
v 14.61839962 65.87026978 125.38590240
v 14.79609966 65.85836792 124.02680206
v 14.61839962 65.87026978 125.38590240
v 15.61131954 65.66990662 125.38590240
v 8.40801811 66.97428894 115.99859619
v 6.89683390 66.99221039 117.34320068
v 11.05461979 66.58863068 118.77300262
v 11.05461979 66.58863068 118.77300262
v 6.89683390 66.99221039 117.34320068
v 8.21115780 66.81163025 118.92330170
v 11.58133984 66.49623871 119.85590363
v 11.58133984 66.49623871 119.85590363
v 8.21115780 66.81163025 118.92330170
v 9.70930958 66.56651306 121.06809998
v 11.58133984 66.49623871 119.85590363
v 9.70930958 66.56651306 121.06809998
v 14.61839962 65.87026978 125.38590240
v 12.02585983 66.10384369 125.11640167
v 12.16378021 66.07303619 125.38590240
v -17.01174927 65.32112885 127.89240265
v -18.52465057 64.90830231 130.86250305
v -16.05471992 65.51757812 128.41929626
v -20.05005074 64.31578064 138.93499756
v -16.05471992 65.51757812 128.41929626
v -20.05005074 64.31578064 138.93499756
v -17.94182014 64.44230652 139.65480042
v -20.67897034 63.83750916 144.46000671
v -17.94182014 64.44230652 139.65480042
v -20.67897034 63.83750916 144.46000671
v -19.50971031 63.88027954 144.57260132
v -15.04125977 65.34532928 131.75329590
v -14.01747990 65.62306213 129.32330322
v -16.05471992 65.51757812 128.41929626
v -14.01747990 65.62306213 129.32330322
v -12.34144974 66.35601044 121.08290100
v -12.34144974 66.35601044 121.08290100
v -14.01747990 65.62306213 129.32330322
v -11.03617954 66.31405640 123.27700043
v -11.03617954 66.31405640 123.27700043
v -10.43085003 66.43338776 122.23290253
v -67.50000000 0.00000000 15.00000000
v -66.35069275 12.40308952 15.00000000
v 0.00000000 0.00000000 15.00000000
v -57.38964844 -35.53416824 15.00000000
v -62.94187927 -24.38381004 15.00000000
v -66.35069275 -12.40308952 15.00000000
v -30.08733940 -60.42351913 15.00000000
v -40.67784119 -53.86616135 15.00000000
v -49.88309860 -45.47444916 15.00000000
v 6.22811508 -67.21205902 15.00000000
v -6.22811508 -67.21205902 15.00000000
v -18.47224998 -64.92324066 15.00000000
v 40.67784119 -53.86616135 15.00000000
v 30.08733940 -60.42351913 15.00000000
v 18.47224998 -64.92324066 15.00000000
v 62.94187927 -24.38381004 15.00000000
v 57.38964844 -35.53416824 15.00000000
v 49.88309860 -45.47444916 15.00000000
v 66.35069275 12.40308952 15.00000000
v 67.50000000 0.00000000 15.00000000
v 66.35069275 -12.40308952 15.00000000
v 49.88309860 45.47444916 15.00000000
v 57.38964844 35.53416824 15.00000000
v 62.94187927 24.38381004 15.00000000
v 18.47224998 64.92324066 15.00000000
v 30.08733940 60.42351913 15.00000000
v 40.67784119 53.86616135 15.00000000
v -18.47224998 64.92324066 15.00000000
v -6.22811508 67.21205902 15.00000000
v 6.22811508 67.21205902 15.00000000
v -49.88309860 45.47444916 15.00000000
v -40.67784119 53.86616135 15.00000000
v -30.08733940 60.42351913 15.00000000
v -62.94187927 24.38381004 15.00000000
v -57.38964844 35.53416824 15.00000000
v 6.03906679 65.72312927 112.28939819
v 6.11135006 65.71645355 112.29620361
v 6.11125803 65.71646118 112.28939819
v 6.18344307 65.70970154 112.28939819
v 6.03906679 67.22930908 112.28939819
v 6.03906679 65.72312927 112.28939819
v 6.11125803 67.22277832 112.28939819
v 6.11125803 65.71646118 112.28939819
v 6.18344307 67.21617889 112.28939819
v 6.18344307 65.70970154 112.28939819
v 6.18344307 67.21617889 112.28939819
v 6.18344307 65.70970154 112.28939819
v 6.11135006 65.71645355 112.29620361
v 6.11135006 67.22277069 112.29620361
v 6.11135006 67.22277069 112.29620361
v 6.11135006 65.71645355 112.29620361
v 6.03906679 65.72312927 112.28939819
v 6.03906679 67.22930908 112.28939819
v -23.49403000 63.27938080 69.96601105
v -23.49403000 60.06895828 69.96601105
v -23.08418083 60.22766113 68.30574799
v -23.08418083 63.43004990 68.30574799
v -23.08418083 63.43004990 68.30574799
v -23.08418083 60.22766113 68.30574799
v -21.94408035 60.65235138 67.02143097
v -21.94408035 63.83343887 67.02143097
v -21.94408035 63.83343887 67.02143097
v -21.94408035 60.65235138 67.02143097
v -20.37948036 61.19580078 66.41957855
v -20.37948036 64.35002899 66.41957855
v -20.37948036 64.35002899 66.41957855
v -20.37948036 61.19580078 66.41957855
v -19.91789055 61.34759140 66.38986969
v -19.91789055 64.49440002 66.38986969
v -19.91789055 61.34759140 82.49214935
v -18.12981987 61.89958954 82.01303101
v -19.95182991 61.33657074 78.91600800
v -19.95182991 61.33657074 78.91600800
v -18.12981987 61.89958954 82.01303101
v -17.39304924 62.11064148 81.44859314
v -16.82085991 62.26802826 80.70407867
v -16.46450996 62.36320877 79.84497070
v -19.95182991 61.33657074 78.91600800
v -16.46450996 62.36320877 79.84497070
v -16.34174919 62.39548874 78.91600800
v -21.70595932 60.73796844 82.01303101
v -19.91789055 61.34759140 82.49214935
v -23.01491928 60.25416183 80.70407867
v -23.01491928 60.25416183 80.70407867
v -19.91789055 61.34759140 82.49214935
v -19.95182991 61.33657074 78.91600800
v -23.01491928 60.25416183 80.70407867
v -19.95182991 61.33657074 78.91600800
v -23.37128067 60.11682892 79.84494019
v -23.37128067 60.11682892 79.84494019
v -19.95182991 61.33657074 78.91600800
v -23.49403000 60.06895828 78.91600800
v -16.34174919 62.39548874 69.96601105
v -19.95182991 61.33657074 78.91600800
v -16.34174919 62.39548874 69.96601105
v -23.49403000 60.06895828 69.96601105
v -23.49403000 60.06895828 69.96601105
v -16.97331047 62.22666168 67.93981934
v -18.13739014 61.89736938 68.17794037
v -16.37145996 62.38769913 69.50441742
v -16.37145996 62.38769913 69.50441742
v -18.13739014 61.89736938 68.17794037
v -16.34174919 62.39548874 69.96601105
v -23.08418083 60.22766113 68.30574799
v -21.94408035 60.65235138 67.02143097
v -21.94408035 60.65235138 67.02143097
v -23.49403000 60.06895828 69.96601105
v -16.34174919 62.39548874 69.96601105
v -21.94408035 60.65235138 67.02143097
v -16.34174919 62.39548874 69.96601105
v -20.37948036 61.19580078 66.41957855
v -20.37948036 61.19580078 66.41957855
v -16.34174919 62.39548874 69.96601105
v -18.13739014 61.89736938 68.17794037
v -20.37948036 61.19580078 66.41957855
v -18.13739014 61.89736938 68.17794037
v -19.91789055 61.34759140 66.38986969
v -19.91789055 61.34759140 66.38986969
v -18.13739014 61.89736938 68.17794037
v -16.97331047 62.22666168 67.93981934
v -19.91789055 61.34759140 66.38986969
v -16.97331047 62.22666168 67.93981934
v -18.25762939 61.86201096 66.79972076
v -13.56674004 63.05706024 70.36898041
v -13.56674004 66.12255859 70.36898041
v -13.56674004 63.05706024 87.05348206
v -13.56674004 66.12255859 79.03710175
v -13.56674004 66.12255859 87.05348206
v -9.95894527 66.76129150 91.03259277
v -9.95894527 63.72652054 91.03259277
v -11.50216007 63.46612930 90.64778137
v -11.50216007 66.51278687 90.64778137
v -11.50216007 66.51278687 90.64778137
v -11.50216007 63.46612930 90.64778137
v -12.81970978 63.21316910 89.47142029
v -12.81970978 66.27144623 89.47142029
v -12.81970978 66.27144623 89.47142029
v -12.81970978 63.21316910 89.47142029
v -13.52130032 63.06681824 87.68331146
v -13.52130032 66.13186646 87.68331146
v -13.52130032 66.13186646 87.68331146
v -13.52130032 63.06681824 87.68331146
v -13.56674004 63.05706024 87.05348206
v -13.56674004 66.12255859 87.05348206
v -6.35115194 67.20053864 87.05348206
v -6.35115194 64.18656158 87.05348206
v -6.83679485 64.13665009 89.04183197
v -6.83679485 67.15287018 89.04183197
v -6.83679485 67.15287018 89.04183197
v -6.83679485 64.13665009 89.04183197
v -8.08314705 63.99150085 90.44866180
v -8.08314705 67.01426697 90.44866180
v -8.08314705 67.01426697 90.44866180
v -8.08314705 63.99150085 90.44866180
v -9.56053829 63.78749847 91.00827026
v -9.56053829 66.81951141 91.00827026
v -9.56053829 66.81951141 91.00827026
v -9.56053829 63.78749847 91.00827026
v -9.95894527 63.72652054 91.03259277
v -9.95894527 66.76129150 91.03259277
v -6.35115194 67.20053864 70.36898041
v -6.35115194 64.18656158 70.36898041
v -6.35115194 67.20053864 79.03710175
v -6.35115194 64.18656158 87.05348206
v -6.35115194 67.20053864 87.05348206
v -9.95894527 66.76129150 66.38986969
v -9.95894527 63.72652054 66.38986969
v -8.41572571 63.94860840 66.77468109
v -8.41572571 66.97332001 66.77468109
v -8.41572571 66.97332001 66.77468109
v -8.41572571 63.94860840 66.77468109
v -7.09817600 64.10823822 67.95104218
v -7.09817600 67.12574768 67.95104218
v -7.09817600 67.12574768 67.95104218
v -7.09817600 64.10823822 67.95104218
v -6.39658594 64.18203735 69.73914337
v -6.39658594 67.19624329 69.73914337
v -6.39658594 67.19624329 69.73914337
v -6.39658594 64.18203735 69.73914337
v -6.35115194 64.18656158 70.36898041
v -6.35115194 67.20053864 70.36898041
v -13.56674004 66.12255859 70.36898041
v -13.56674004 63.05706024 70.36898041
v -13.08108997 63.15959930 68.38063049
v -13.08108997 66.22035217 68.38063049
v -13.08108997 66.22035217 68.38063049
v -13.08108997 63.15959930 68.38063049
v -11.83473969 63.40496063 66.97380066
v -11.83473969 66.45440674 66.97380066
v -11.83473969 66.45440674 66.97380066
v -11.83473969 63.40496063 66.97380066
v -10.35735035 63.66297913 66.41419220
v -10.35735035 66.70063782 66.41419220
v -10.35735035 66.70063782 66.41419220
v -10.35735035 63.66297913 66.41419220
v -9.95894527 63.72652054 66.38986969
v -9.95894527 66.76129150 66.38986969
v -6.35115194 64.18656158 70.36898041
v -13.56674004 63.05706024 70.36898041
v -6.35115194 64.18656158 87.05348206
v -13.56674004 63.05706024 87.05348206
v -12.81970978 63.21316910 89.47142029
v -11.76760006 63.41746140 89.04302979
v -13.52130032 63.06681824 87.68331146
v -13.52130032 63.06681824 87.68331146
v -11.76760006 63.41746140 89.04302979
v -13.56674004 63.05706024 87.05348206
v -6.83679485 64.13665009 89.04183197
v -6.35115194 64.18656158 87.05348206
v -8.08314705 63.99150085 90.44866180
v -8.08314705 63.99150085 90.44866180
v -6.35115194 64.18656158 87.05348206
v -13.56674004 63.05706024 87.05348206
v -8.08314705 63.99150085 90.44866180
v -13.56674004 63.05706024 87.05348206
v -9.56053829 63.78749847 91.00827026
v -9.56053829 63.78749847 91.00827026
v -13.56674004 63.05706024 87.05348206
v -11.76760006 63.41746140 89.04302979
v -9.56053829 63.78749847 91.00827026
v -11.76760006 63.41746140 89.04302979
v -9.95894527 63.72652054 91.03259277
v -9.95894527 63.72652054 91.03259277
v -11.76760006 63.41746140 89.04302979
v -12.81970978 63.21316910 89.47142029
v -9.95894527 63.72652054 91.03259277
v -12.81970978 63.21316910 89.47142029
v -11.50216007 63.46612930 90.64778137
v -7.09817600 64.10823822 67.95104218
v -8.15829182 63.98196030 68.37943268
v -6.39658594 64.18203735 69.73914337
v -6.39658594 64.18203735 69.73914337
v -8.15829182 63.98196030 68.37943268
v -6.35115194 64.18656158 70.36898041
v -13.08108997 63.15959930 68.38063049
v -13.56674004 63.05706024 70.36898041
v -11.83473969 63.40496063 66.97380066
v -11.83473969 63.40496063 66.97380066
v -13.56674004 63.05706024 70.36898041
v -6.35115194 64.18656158 70.36898041
v -11.83473969 63.40496063 66.97380066
v -6.35115194 64.18656158 70.36898041
v -10.35735035 63.66297913 66.41419220
v -10.35735035 63.66297913 66.41419220
v -6.35115194 64.18656158 70.36898041
v -8.15829182 63.98196030 68.37943268
v -10.35735035 63.66297913 66.41419220
v -8.15829182 63.98196030 68.37943268
v -9.95894527 63.72652054 66.38986969
v -9.95894527 63.72652054 66.38986969
v -8.15829182 63.98196030 68.37943268
v -7.09817600 64.10823822 67.95104218
v -9.95894527 63.72652054 66.38986969
v -7.09817600 64.10823822 67.95104218
v -8.41572571 63.94860840 66.77468109
v -3.60779190 67.40351868 89.84552002
v -3.60779190 64.39901733 89.84552002
v -3.60779190 67.40351868 79.03710175
v -3.60779190 64.39901733 70.36898041
v -3.60779190 67.40351868 70.36898041
v 0.00000000 67.50000000 93.82463074
v 0.00000000 64.50000000 93.82463074
v -1.54321897 64.48153687 93.43981934
v -1.54321897 67.48236084 93.43981934
v -1.54321897 67.48236084 93.43981934
v -1.54321897 64.48153687 93.43981934
v -2.86076903 64.43653107 92.26345062
v -2.86076903 67.43934631 92.26345062
v -2.86076903 67.43934631 92.26345062
v -2.86076903 64.43653107 92.26345062
v -3.56235790 64.40155029 90.47534943
v -3.56235790 67.40592957 90.47534943
v -3.56235790 67.40592957 90.47534943
v -3.56235790 64.40155029 90.47534943
v -3.60779190 64.39901733 89.84552002
v -3.60779190 67.40351868 89.84552002
v 3.60779190 67.40351868 89.84552002
v 3.60779190 64.39901733 89.84552002
v 3.12214994 64.42439270 91.83386993
v 3.12214994 67.42775726 91.83386993
v 3.12214994 67.42775726 91.83386993
v 3.12214994 64.42439270 91.83386993
v 1.87579799 64.47271729 93.24069214
v 1.87579799 67.47393036 93.24069214
v 1.87579799 67.47393036 93.24069214
v 1.87579799 64.47271729 93.24069214
v 0.39840749 64.49877167 93.80030823
v 0.39840749 67.49883270 93.80030823
v 0.39840749 67.49883270 93.80030823
v 0.39840749 64.49877167 93.80030823
v 0.00000000 64.50000000 93.82463074
v 0.00000000 67.50000000 93.82463074
v 3.60779190 64.39901733 89.84552002
v 3.60779190 67.40351868 89.84552002
v 3.60779190 64.39901733 70.36898041
v 3.60779190 67.40351868 79.03710175
v 3.60779190 67.40351868 70.36898041
v 0.00000000 67.50000000 66.38986969
v 0.00000000 64.50000000 66.38986969
v 1.54321897 64.48153687 66.77468109
v 1.54321897 67.48236084 66.77468109
v 1.54321897 67.48236084 66.77468109
v 1.54321897 64.48153687 66.77468109
v 2.86076903 64.43653107 67.95104218
v 2.86076903 67.43934631 67.95104218
v 2.86076903 67.43934631 67.95104218
v 2.86076903 64.43653107 67.95104218
v 3.56235790 64.40155029 69.73914337
v 3.56235790 67.40592957 69.73914337
v 3.56235790 67.40592957 69.73914337
v 3.56235790 64.40155029 69.73914337
v 3.60779190 64.39901733 70.36898041
v 3.60779190 67.40351868 70.36898041
v -3.60779190 67.40351868 70.36898041
v -3.60779190 64.39901733 70.36898041
v -3.12214994 64.42439270 68.38063049
v -3.12214994 67.42775726 68.38063049
v -3.12214994 67.42775726 68.38063049
v -3.12214994 64.42439270 68.38063049
v -1.87579799 64.47271729 66.97380066
v -1.87579799 67.47393036 66.97380066
v -1.87579799 67.47393036 66.97380066
v -1.87579799 64.47271729 66.97380066
v -0.39840749 64.49877167 66.41419220
v -0.39840749 67.49883270 66.41419220
v -0.39840749 67.49883270 66.41419220
v -0.39840749 64.49877167 66.41419220
v 0.00000000 64.50000000 66.38986969
v 0.00000000 67.50000000 66.38986969
v -3.60779190 64.39901733 89.84552002
v 3.60779190 64.39901733 89.84552002
v -3.60779190 64.39901733 70.36898041
v 3.60779190 64.39901733 70.36898041
v 3.56235790 64.40155029 69.73914337
v 2.86076903 64.43653107 67.95104218
v 1.54321897 64.48153687 66.77468109
v -3.12214994 64.42439270 68.38063049
v -3.60779190 64.39901733 70.36898041
v -1.87579799 64.47271729 66.97380066
v -1.87579799 64.47271729 66.97380066
v -3.60779190 64.39901733 70.36898041
v 3.60779190 64.39901733 70.36898041
v -1.87579799 64.47271729 66.97380066
v 3.60779190 64.39901733 70.36898041
v -0.39840749 64.49877167 66.41419220
v -0.39840749 64.49877167 66.41419220
v 3.60779190 64.39901733 70.36898041
v 3.56235790 64.40155029 69.73914337
v -0.39840749 64.49877167 66.41419220
v 3.56235790 64.40155029 69.73914337
v 0.00000000 64.50000000 66.38986969
v 0.00000000 64.50000000 66.38986969
v 3.56235790 64.40155029 69.73914337
v 1.54321897 64.48153687 66.77468109
v -3.56235790 64.40155029 90.47534943
v -2.86076903 64.43653107 92.26345062
v -1.54321897 64.48153687 93.43981934
v 3.12214994 64.42439270 91.83386993
v 3.60779190 64.39901733 89.84552002
v 1.87579799 64.47271729 93.24069214
v 1.87579799 64.47271729 93.24069214
v 3.60779190 64.39901733 89.84552002
v -3.60779190 64.39901733 89.84552002
v 1.87579799 64.47271729 93.24069214
v -3.60779190 64.39901733 89.84552002
v 0.39840749 64.49877167 93.80030823
v 0.39840749 64.49877167 93.80030823
v -3.60779190 64.39901733 89.84552002
v -3.56235790 64.40155029 90.47534943
v 0.39840749 64.49877167 93.80030823
v -3.56235790 64.40155029 90.47534943
v 0.00000000 64.50000000 93.82463074
v 0.00000000 64.50000000 93.82463074
v -3.56235790 64.40155029 90.47534943
v -1.54321897 64.48153687 93.43981934
v 6.35115194 64.18656158 70.36898041
v 6.35115194 67.20053864 70.36898041
v 6.35115194 64.18656158 87.05348206
v 6.35115194 67.20053864 79.03710175
v 6.35115194 67.20053864 87.05348206
v 9.95894527 66.76129150 91.03259277
v 9.95894527 63.72652054 91.03259277
v 8.41572571 63.94860840 90.64778137
v 8.41572571 66.97332001 90.64778137
v 8.41572571 66.97332001 90.64778137
v 8.41572571 63.94860840 90.64778137
v 7.09817600 64.10823822 89.47142029
v 7.09817600 67.12574768 89.47142029
v 7.09817600 67.12574768 89.47142029
v 7.09817600 64.10823822 89.47142029
v 6.39658594 64.18203735 87.68331146
v 6.39658594 67.19624329 87.68331146
v 6.39658594 67.19624329 87.68331146
v 6.39658594 64.18203735 87.68331146
v 6.35115194 64.18656158 87.05348206
v 6.35115194 67.20053864 87.05348206
v 13.56674004 66.12255859 87.05348206
v 13.56674004 63.05706024 87.05348206
v 13.08108997 63.15959930 89.04183197
v 13.08108997 66.22035217 89.04183197
v 13.08108997 66.22035217 89.04183197
v 13.08108997 63.15959930 89.04183197
v 11.83473969 63.40496063 90.44866180
v 11.83473969 66.45440674 90.44866180
v 11.83473969 66.45440674 90.44866180
v 11.83473969 63.40496063 90.44866180
v 10.35735035 63.66297913 91.00827026
v 10.35735035 66.70063782 91.00827026
v 10.35735035 66.70063782 91.00827026
v 10.35735035 63.66297913 91.00827026
v 9.95894527 63.72652054 91.03259277
v 9.95894527 66.76129150 91.03259277
v 13.56674004 66.12255859 70.36898041
v 13.56674004 63.05706024 70.36898041
v 13.56674004 66.12255859 79.03710175
v 13.56674004 63.05706024 87.05348206
v 13.56674004 66.12255859 87.05348206
v 9.95894527 66.76129150 66.38986969
v 9.95894527 63.72652054 66.38986969
v 11.50216007 63.46612930 66.77468109
v 11.50216007 66.51278687 66.77468109
v 11.50216007 66.51278687 66.77468109
v 11.50216007 63.46612930 66.77468109
v 12.81970978 63.21316910 67.95104218
v 12.81970978 66.27144623 67.95104218
v 12.81970978 66.27144623 67.95104218
v 12.81970978 63.21316910 67.95104218
v 13.52130032 63.06681824 69.73914337
v 13.52130032 66.13186646 69.73914337
v 13.52130032 66.13186646 69.73914337
v 13.52130032 63.06681824 69.73914337
v 13.56674004 63.05706024 70.36898041
v 13.56674004 66.12255859 70.36898041
v 6.35115194 67.20053864 70.36898041
v 6.35115194 64.18656158 70.36898041
v 6.83679485 64.13665009 68.38063049
v 6.83679485 67.15287018 68.38063049
v 6.83679485 67.15287018 68.38063049
v 6.83679485 64.13665009 68.38063049
v 8.08314705 63.99150085 66.97380066
v 8.08314705 67.01426697 66.97380066
v 8.08314705 67.01426697 66.97380066
v 8.08314705 63.99150085 66.97380066
v 9.56053829 63.78749847 66.41419220
v 9.56053829 66.81951141 66.41419220
v 9.56053829 66.81951141 66.41419220
v 9.56053829 63.78749847 66.41419220
v 9.95894527 63.72652054 66.38986969
v 9.95894527 66.76129150 66.38986969
v 6.35115194 64.18656158 87.05348206
v 13.56674004 63.05706024 87.05348206
v 6.35115194 64.18656158 70.36898041
v 13.56674004 63.05706024 70.36898041
v 12.81970978 63.21316910 67.95104218
v 11.76760006 63.41746140 68.37943268
v 13.52130032 63.06681824 69.73914337
v 13.52130032 63.06681824 69.73914337
v 11.76760006 63.41746140 68.37943268
v 13.56674004 63.05706024 70.36898041
v 6.83679485 64.13665009 68.38063049
v 6.35115194 64.18656158 70.36898041
v 8.08314705 63.99150085 66.97380066
v 8.08314705 63.99150085 66.97380066
v 6.35115194 64.18656158 70.36898041
v 13.56674004 63.05706024 70.36898041
v 8.08314705 63.99150085 66.97380066
v 13.56674004 63.05706024 70.36898041
v 9.56053829 63.78749847 66.41419220
v 9.56053829 63.78749847 66.41419220
v 13.56674004 63.05706024 70.36898041
v 11.76760006 63.41746140 68.37943268
v 9.56053829 63.78749847 66.41419220
v 11.76760006 63.41746140 68.37943268
v 9.95894527 63.72652054 66.38986969
v 9.95894527 63.72652054 66.38986969
v 11.76760006 63.41746140 68.37943268
v 12.81970978 63.21316910 67.95104218
v 9.95894527 63.72652054 66.38986969
v 12.81970978 63.21316910 67.95104218
v 11.50216007 63.46612930 66.77468109
v 7.09817600 64.10823822 89.47142029
v 8.15829182 63.98196030 89.04302979
v 6.39658594 64.18203735 87.68331146
v 6.39658594 64.18203735 87.68331146
v 8.15829182 63.98196030 89.04302979
v 6.35115194 64.18656158 87.05348206
v 13.08108997 63.15959930 89.04183197
v 13.56674004 63.05706024 87.05348206
v 11.83473969 63.40496063 90.44866180
v 11.83473969 63.40496063 90.44866180
v 13.56674004 63.05706024 87.05348206
v 6.35115194 64.18656158 87.05348206
v 11.83473969 63.40496063 90.44866180
v 6.35115194 64.18656158 87.05348206
v 10.35735035 63.66297913 91.00827026
v 10.35735035 63.66297913 91.00827026
v 6.35115194 64.18656158 87.05348206
v 8.15829182 63.98196030 89.04302979
v 10.35735035 63.66297913 91.00827026
v 8.15829182 63.98196030 89.04302979
v 9.95894527 63.72652054 91.03259277
v 9.95894527 63.72652054 91.03259277
v 8.15829182 63.98196030 89.04302979
v 7.09817600 64.10823822 89.47142029
v 9.95894527 63.72652054 91.03259277
v 7.09817600 64.10823822 89.47142029
v 8.41572571 63.94860840 90.64778137
v 19.91789055 64.49440002 66.38986969
v 19.91789055 61.34759140 66.38986969
v 21.46110916 60.82492065 66.77468109
v 21.46110916 63.99742126 66.77468109
v 21.46110916 63.99742126 66.77468109
v 21.46110916 60.82492065 66.77468109
v 22.77865982 60.34386826 67.95104218
v 22.77865982 63.54040146 67.95104218
v 22.77865982 63.54040146 67.95104218
v 22.77865982 60.34386826 67.95104218
v 23.48024940 60.07434845 69.73914337
v 23.48024940 63.28450012 69.73914337
v 23.48024940 63.28450012 69.73914337
v 23.48024940 60.07434845 69.73914337
v 23.52568054 60.05656815 70.36898041
v 23.52568054 63.26763153 70.36898041
v 16.31010056 65.49984741 70.36898041
v 16.31010056 62.40377045 70.36898041
v 16.79574013 62.27481842 68.38063049
v 16.79574013 65.37700653 68.38063049
v 16.79574013 65.37700653 68.38063049
v 16.79574013 62.27481842 68.38063049
v 18.04208946 61.92522049 66.97380066
v 18.04208946 65.04409027 66.97380066
v 18.04208946 65.04409027 66.97380066
v 18.04208946 61.92522049 66.97380066
v 18.44659042 64.93052673 66.73790741
v 18.44659042 64.93052673 66.73790741
v 18.04208946 61.92522049 66.97380066
v 19.51947975 61.47552109 66.41419220
v 18.44659042 64.93052673 66.73790741
v 19.51947975 61.47552109 66.41419220
v 19.51947975 64.61609650 66.41419220
v 19.51947975 64.61609650 66.41419220
v 19.51947975 61.47552109 66.41419220
v 19.91789055 61.34759140 66.38986969
v 19.91789055 64.49440002 66.38986969
v 60.02381897 30.87702942 164.51170349
v 60.13317108 30.66176987 164.38079834
v 60.03408051 31.28062057 163.72940063
v 60.03408051 31.28062057 163.72940063
v 60.13317108 30.66176987 164.38079834
v 60.15167999 31.06068039 163.60450745
v 60.03408051 31.28062057 163.72940063
v 60.15167999 31.06068039 163.60450745
v 60.38682175 31.78346062 163.09880066
v 60.38682175 31.78346062 163.09880066
v 60.15167999 31.06068039 163.60450745
v 60.50772095 31.55347061 162.97810364
v 64.80696106 35.75524139 153.29640198
v 64.25006866 36.72977066 153.29640198
v 64.88056946 35.75244141 153.59370422
v 64.88056946 35.75244141 153.59370422
v 64.25006866 36.72977066 153.29640198
v 64.36000061 36.79262161 154.01269531
v 64.88056946 35.75244141 153.59370422
v 64.36000061 36.79262161 154.01269531
v 65.03868103 35.64012146 155.42599487
v 65.03868103 35.64012146 155.42599487
v 64.36000061 36.79262161 154.01269531
v 64.23468018 36.72098160 156.37600708
v 65.03868103 35.64012146 155.42599487
v 64.23468018 36.72098160 156.37600708
v 64.91136169 35.53733063 156.37590027
v 64.91136169 35.53733063 156.37590027
v 64.23468018 36.72098160 156.37600708
v 64.17587280 36.68735123 156.62770081
v 64.91136169 35.53733063 156.37590027
v 64.17587280 36.68735123 156.62770081
v 64.75640869 35.47148132 156.93910217
v 64.75640869 35.47148132 156.93910217
v 64.17587280 36.68735123 156.62770081
v 63.98178101 35.32075119 158.40840149
v 63.98178101 35.32075119 158.40840149
v 64.17587280 36.68735123 156.62770081
v 63.13451004 36.09204102 158.86120605
v 63.98178101 35.32075119 158.40840149
v 63.13451004 36.09204102 158.86120605
v 63.58478165 35.30440140 158.86120605
v 61.75672150 35.30440140 160.69299316
v 63.58478165 35.30440140 158.86120605
v 63.13451004 36.09204102 158.86120605
v 58.06880188 34.41382980 165.59779358
v 58.06903076 34.41276169 165.63519287
v 59.18154144 32.46221161 165.23599243
v 58.17895126 34.50201035 164.89990234
v 59.21495056 32.74604034 164.47349548
v 58.47666931 34.69797897 164.31669617
v 58.47666931 34.69797897 164.31669617
v 59.21495056 32.74604034 164.47349548
v 59.53355026 33.14228058 163.83729553
v 59.18154144 32.46221161 165.23599243
v 60.02381897 30.87702942 164.51170349
v 60.03408051 31.28062057 163.72940063
v 60.38682175 31.78346062 163.09880066
v 59.53355026 33.14228058 163.83729553
v 60.03408051 31.28062057 163.72940063
v 60.03408051 31.28062057 163.72940063
v 59.53355026 33.14228058 163.83729553
v 59.21495056 32.74604034 164.47349548
v 60.03408051 31.28062057 163.72940063
v 59.21495056 32.74604034 164.47349548
v 59.18154144 32.46221161 165.23599243
v 59.18154144 32.46221161 165.23599243
v 59.21495056 32.74604034 164.47349548
v 58.17895126 34.50201035 164.89990234
v 59.18154144 32.46221161 165.23599243
v 58.17895126 34.50201035 164.89990234
v 58.06880188 34.41382980 165.59779358
v 64.80696106 35.75524139 153.29640198
v 62.54550934 35.75532913 144.94560242
v 64.25006866 36.72977066 153.29640198
v 59.10691071 27.38759041 174.29460144
v 59.11188126 27.27444077 174.28010559
v 59.50672150 27.29727936 172.97700500
v 59.00040054 31.15954018 172.42379761
v 59.77579117 30.02370071 170.62170410
v 58.29190063 33.09074020 171.73480225
v 58.29190063 33.09074020 171.73480225
v 59.77579117 30.02370071 170.62170410
v 58.84352875 32.82767105 169.39120483
v 59.00040054 31.15954018 172.42379761
v 59.38835907 29.39521980 172.72399902
v 59.77579117 30.02370071 170.62170410
v 59.77579117 30.02370071 170.62170410
v 59.38835907 29.39521980 172.72399902
v 59.50946045 27.41091919 172.96609497
v 59.77579117 30.02370071 170.62170410
v 59.50946045 27.41091919 172.96609497
v 59.90026855 27.01029968 171.67820740
v 58.29190063 33.09074020 171.73480225
v 57.50651169 32.93175888 174.59500122
v 59.00040054 31.15954018 172.42379761
v 59.00040054 31.15954018 172.42379761
v 57.50651169 32.93175888 174.59500122
v 58.64704895 30.18882942 174.55209351
v 59.00040054 31.15954018 172.42379761
v 58.64704895 30.18882942 174.55209351
v 59.38835907 29.39521980 172.72399902
v 59.38835907 29.39521980 172.72399902
v 58.64704895 30.18882942 174.55209351
v 59.10691071 27.38759041 174.29460144
v 59.38835907 29.39521980 172.72399902
v 59.10691071 27.38759041 174.29460144
v 59.50946045 27.41091919 172.96609497
v 59.50946045 27.41091919 172.96609497
v 59.90026855 27.01029968 171.67820740
v 60.16313171 28.74720955 170.10290527
v 59.77579117 30.02370071 170.62170410
v 59.90026855 27.01029968 171.67820740
v 59.90346909 30.39361954 169.34109497
v 60.26657104 29.49382019 168.63830566
v 59.08860016 32.57001114 168.19509888
v 59.08860016 32.57001114 168.19509888
v 60.26657104 29.49382019 168.63830566
v 59.30049896 32.24440002 167.00549316
v 60.16313171 28.74720955 170.10290527
v 59.90026855 27.01029968 171.67820740
v 60.13811111 26.89570045 170.86849976
v 60.13811111 26.89570045 170.86849976
v 59.90026855 27.01029968 171.67820740
v 60.12715149 26.78428078 170.90890503
v 60.13811111 26.89570045 170.86849976
v 60.12715149 26.78428078 170.90890503
v 60.34035110 26.51206017 170.14450073
v 60.34035110 26.51206017 170.14450073
v 60.35329819 26.61948013 170.09449768
v 60.13811111 26.89570045 170.86849976
v 60.13811111 26.89570045 170.86849976
v 60.35329819 26.61948013 170.09449768
v 60.26657104 29.49382019 168.63830566
v 60.13811111 26.89570045 170.86849976
v 60.26657104 29.49382019 168.63830566
v 60.16313171 28.74720955 170.10290527
v 60.16313171 28.74720955 170.10290527
v 60.26657104 29.49382019 168.63830566
v 59.90346909 30.39361954 169.34109497
v 60.16313171 28.74720955 170.10290527
v 59.90346909 30.39361954 169.34109497
v 59.77579117 30.02370071 170.62170410
v 59.77579117 30.02370071 170.62170410
v 59.90346909 30.39361954 169.34109497
v 59.08860016 32.57001114 168.19509888
v 59.77579117 30.02370071 170.62170410
v 59.08860016 32.57001114 168.19509888
v 58.84352875 32.82767105 169.39120483
v 60.35329819 26.61948013 170.09449768
v 60.34035110 26.51206017 170.14450073
v 61.32455826 25.05304909 165.81550598
v 61.11264038 27.71583939 165.30990601
v 60.13317108 30.66176987 164.38079834
v 60.26657104 29.49382019 168.63830566
v 60.26657104 29.49382019 168.63830566
v 60.13317108 30.66176987 164.38079834
v 60.02381897 30.87702942 164.51170349
v 60.02381897 30.87702942 164.51170349
v 61.72346115 25.94140053 162.43179321
v 61.33747864 27.66045952 162.91700745
v 61.11264038 27.71583939 165.30990601
v 61.11264038 27.71583939 165.30990601
v 61.33747864 27.66045952 162.91700745
v 60.60060120 29.66787910 163.81669617
v 61.11264038 27.71583939 165.30990601
v 60.60060120 29.66787910 163.81669617
v 60.13317108 30.66176987 164.38079834
v 60.26657104 29.49382019 168.63830566
v 60.35329819 26.61948013 170.09449768
v 61.11264038 27.71583939 165.30990601
v 61.11264038 27.71583939 165.30990601
v 60.35329819 26.61948013 170.09449768
v 61.32455826 25.05304909 165.81550598
v 61.11264038 27.71583939 165.30990601
v 61.32455826 25.05304909 165.81550598
v 61.72346115 25.94140053 162.43179321
v 61.72346115 25.94140053 162.43179321
v 61.32455826 25.05304909 165.81550598
v 61.86204910 24.20895004 162.23150635
v 60.15167999 31.06068039 163.60450745
v 60.13317108 30.66176987 164.38079834
v 60.60060120 29.66787910 163.81669617
v 60.50772095 31.55347061 162.97810364
v 60.15167999 31.06068039 163.60450745
v 60.66044998 30.02029037 163.06840515
v 60.15167999 31.06068039 163.60450745
v 60.60060120 29.66787910 163.81669617
v 60.66044998 30.02029037 163.06840515
v 60.66044998 30.02029037 163.06840515
v 60.60060120 29.66787910 163.81669617
v 61.33747864 27.66045952 162.91700745
v 60.66044998 30.02029037 163.06840515
v 61.33747864 27.66045952 162.91700745
v 61.46664047 27.89956093 162.21690369
v 61.46664047 27.89956093 162.21690369
v 61.33747864 27.66045952 162.91700745
v 61.72346115 25.94140053 162.43179321
v 61.46664047 27.89956093 162.21690369
v 61.72346115 25.94140053 162.43179321
v 61.89194870 26.06681061 161.76429749
v 61.89194870 26.06681061 161.76429749
v 61.72346115 25.94140053 162.43179321
v 61.86204910 24.20895004 162.23150635
v 61.89194870 26.06681061 161.76429749
v 61.86204910 24.20895004 162.23150635
v 62.04774857 24.20895004 161.59190369
v 60.50772095 31.55347061 162.97810364
v 60.66044998 30.02029037 163.06840515
v 61.02664948 30.44586945 162.45809937
v 61.02664948 30.44586945 162.45809937
v 60.66044998 30.02029037 163.06840515
v 61.46664047 27.89956093 162.21690369
v 61.02664948 30.44586945 162.45809937
v 61.46664047 27.89956093 162.21690369
v 61.84941101 28.17790031 161.63369751
v 61.84941101 28.17790031 161.63369751
v 61.46664047 27.89956093 162.21690369
v 61.89194870 26.06681061 161.76429749
v 61.84941101 28.17790031 161.63369751
v 61.89194870 26.06681061 161.76429749
v 62.28137970 26.20969963 161.20080566
v 62.28137970 26.20969963 161.20080566
v 61.89194870 26.06681061 161.76429749
v 62.04774857 24.20895004 161.59190369
v 62.28137970 26.20969963 161.20080566
v 62.04774857 24.20895004 161.59190369
v 62.43313980 24.20895004 161.04879761
v 60.38682175 31.78346062 163.09880066
v 61.36949158 35.19147110 161.14559937
v 59.53355026 33.14228058 163.83729553
v 59.53355026 33.14228058 163.83729553
v 61.36949158 35.19147110 161.14559937
v 58.47666931 34.69797897 164.31669617
v 63.58478165 35.30440140 158.86120605
v 61.75672150 35.30440140 160.69299316
v 63.94409180 33.86106110 159.21490479
v 63.94409180 33.86106110 159.21490479
v 61.75672150 35.30440140 160.69299316
v 61.36949158 35.19147110 161.14559937
v 63.94409180 33.86106110 159.21490479
v 61.36949158 35.19147110 161.14559937
v 64.10159302 31.55347061 159.37699890
v 64.10159302 31.55347061 159.37699890
v 61.36949158 35.19147110 161.14559937
v 60.38682175 31.78346062 163.09880066
v 64.10159302 31.55347061 159.37699890
v 60.38682175 31.78346062 163.09880066
v 60.50772095 31.55347061 162.97810364
v 63.94409180 33.86106110 159.21490479
v 64.10159302 31.55347061 159.37699890
v 64.61627197 31.53376007 158.86120605
v 64.61627197 31.53376007 158.86120605
v 64.49607086 33.51734924 158.77540588
v 63.94409180 33.86106110 159.21490479
v 63.94409180 33.86106110 159.21490479
v 64.49607086 33.51734924 158.77540588
v 63.98178101 35.32075119 158.40840149
v 63.94409180 33.86106110 159.21490479
v 63.98178101 35.32075119 158.40840149
v 63.58478165 35.30440140 158.86120605
v 65.33203888 33.53007889 157.63349915
v 64.49607086 33.51734924 158.77540588
v 64.61627197 31.53376007 158.86120605
v 65.86829376 33.43305969 153.35169983
v 65.37866211 34.78544998 153.47369385
v 66.03775787 33.51280975 154.80870056
v 66.03775787 33.51280975 154.80870056
v 65.37866211 34.78544998 153.47369385
v 65.85172272 33.54008102 156.26950073
v 63.98178101 35.32075119 158.40840149
v 64.49607086 33.51734924 158.77540588
v 64.75640869 35.47148132 156.93910217
v 64.75640869 35.47148132 156.93910217
v 64.49607086 33.51734924 158.77540588
v 65.33203888 33.53007889 157.63349915
v 64.75640869 35.47148132 156.93910217
v 65.33203888 33.53007889 157.63349915
v 64.91136169 35.53733063 156.37590027
v 64.91136169 35.53733063 156.37590027
v 65.33203888 33.53007889 157.63349915
v 65.85172272 33.54008102 156.26950073
v 64.91136169 35.53733063 156.37590027
v 65.85172272 33.54008102 156.26950073
v 65.03868103 35.64012146 155.42599487
v 65.03868103 35.64012146 155.42599487
v 65.85172272 33.54008102 156.26950073
v 65.37866211 34.78544998 153.47369385
v 65.37866211 34.78544998 153.47369385
v 66.29547882 31.04290962 154.89990234
v 66.09626770 30.92848969 153.29640198
v 65.97260284 32.92477036 153.32479858
v 64.61627197 31.53376007 158.86120605
v 65.21907806 31.46270943 158.15029907
v 65.33203888 33.53007889 157.63349915
v 65.33203888 33.53007889 157.63349915
v 65.21907806 31.46270943 158.15029907
v 65.96112823 31.27000999 156.73410034
v 65.33203888 33.53007889 157.63349915
v 65.96112823 31.27000999 156.73410034
v 65.85172272 33.54008102 156.26950073
v 65.85172272 33.54008102 156.26950073
v 65.96112823 31.27000999 156.73410034
v 66.29547882 31.04290962 154.89990234
v 65.85172272 33.54008102 156.26950073
v 66.29547882 31.04290962 154.89990234
v 66.03775787 33.51280975 154.80870056
v 66.03775787 33.51280975 154.80870056
v 66.29547882 31.04290962 154.89990234
v 65.97260284 32.92477036 153.32479858
v 66.03775787 33.51280975 154.80870056
v 65.97260284 32.92477036 153.32479858
v 65.86829376 33.43305969 153.35169983
v 66.09626770 30.92848969 153.29640198
v 66.00833130 30.92411041 152.97099304
v 65.97260284 32.92477036 153.32479858
v 65.97260284 32.92477036 153.32479858
v 66.00833130 30.92411041 152.97099304
v 65.78018188 33.43893051 153.03559875
v 65.97260284 32.92477036 153.32479858
v 65.78018188 33.43893051 153.03559875
v 65.86829376 33.43305969 153.35169983
v 65.86829376 33.43305969 153.35169983
v 65.78018188 33.43893051 153.03559875
v 65.37866211 34.78544998 153.47369385
v 65.37866211 34.78544998 153.47369385
v 65.78018188 33.43893051 153.03559875
v 64.80696106 35.75524139 153.29640198
v 65.37866211 34.78544998 153.47369385
v 64.80696106 35.75524139 153.29640198
v 64.88056946 35.75244141 153.59370422
v 58.11977005 29.93231964 176.30000305
v 58.49983978 26.98826981 176.30000305
v 58.80585861 27.13137054 175.29010010
v 58.80585861 27.13137054 175.29010010
v 58.64706039 30.18882942 174.55209351
v 57.50651169 32.93175888 174.59500122
v 57.24568176 32.81539154 175.44749451
v 58.80585861 27.13137054 175.29010010
v 59.10691071 27.38759041 174.29460144
v 58.11977005 29.93231964 176.30000305
v 58.11977005 29.93231964 176.30000305
v 59.10691071 27.38759041 174.29460144
v 58.64706039 30.18882942 174.55209351
v 58.11977005 29.93231964 176.30000305
v 58.64706039 30.18882942 174.55209351
v 58.11685944 29.94330025 176.30000305
v 58.11685944 29.94330025 176.30000305
v 56.98495865 32.69881058 176.30000305
v 63.24324036 23.73024940 142.57809448
v 63.26271057 24.08530998 142.83309937
v 63.53451920 23.20244980 143.83680725
v 63.93688965 19.50971031 145.32249451
v 63.88027954 19.50971031 144.57260132
v 63.83750916 20.67897034 144.46000671
v 63.93688965 19.50971031 145.32249451
v 63.83750916 20.67897034 144.46000671
v 63.89125061 20.86253929 145.15400696
v 63.89125061 20.86253929 145.15400696
v 63.83750916 20.67897034 144.46000671
v 63.72027969 21.75208092 144.00619507
v 63.75252151 22.11971092 144.64169312
v 63.75252151 22.11971092 144.64169312
v 63.72027969 21.75208092 144.00619507
v 63.53997040 22.66268921 143.25909424
v 63.75252151 22.11971092 144.64169312
v 63.53997040 22.66268921 143.25909424
v 63.53451920 23.20244980 143.83680725
v 63.53451920 23.20244980 143.83680725
v 63.53997040 22.66268921 143.25909424
v 63.31710052 23.39220047 142.31030273
v 63.53451920 23.20244980 143.83680725
v 63.31710052 23.39220047 142.31030273
v 63.24324036 23.73024940 142.57809448
v 60.44995117 30.03421021 131.41000366
v 60.31380081 30.46326065 131.68069458
v 60.98620987 28.92977905 133.44869995
v 60.98620987 28.92977905 133.44869995
v 60.31380081 30.46326065 131.68069458
v 60.86169052 29.34396935 133.71890259
v 60.98620987 28.92977905 133.44869995
v 60.86169052 29.34396935 133.71890259
v 62.91778183 24.44589996 140.79220581
v 62.91778183 24.44589996 140.79220581
v 60.86169052 29.34396935 133.71890259
v 63.24324036 23.73024940 142.57809448
v 62.91778183 24.44589996 140.79220581
v 63.24324036 23.73024940 142.57809448
v 63.31710052 23.39220047 142.31030273
v 60.31380081 30.46326065 131.68069458
v 60.31060028 30.92411041 131.93280029
v 60.86169052 29.34396935 133.71890259
v 60.86169052 29.34396935 133.71890259
v 60.31060028 30.92411041 131.93280029
v 60.86275101 29.78696060 133.97160339
v 60.86169052 29.34396935 133.71890259
v 60.86275101 29.78696060 133.97160339
v 63.24324036 23.73024940 142.57809448
v 63.24324036 23.73024940 142.57809448
v 60.86275101 29.78696060 133.97160339
v 63.26271057 24.08530998 142.83309937
v 65.78018188 33.43893051 153.03559875
v 66.00833130 30.92411041 152.97099304
v 60.31060028 30.92411041 131.93280029
v 60.31060028 30.92411041 131.93280029
v 59.52148819 32.29798126 129.18940735
v 65.78018188 33.43893051 153.03559875
v 65.78018188 33.43893051 153.03559875
v 59.52148819 32.29798126 129.18940735
v 59.11746979 32.92630005 128.01220703
v 65.78018188 33.43893051 153.03559875
v 59.11746979 32.92630005 128.01220703
v 58.59563828 33.72264862 126.81359863
v 58.30121994 34.18051147 126.33190155
v 57.86140060 34.87965012 125.87860107
v 58.68064880 35.00453949 129.14010620
v 58.30121994 34.18051147 126.33190155
v 58.68064880 35.00453949 129.14010620
v 58.59563828 33.72264862 126.81359863
v 58.59563828 33.72264862 126.81359863
v 58.68064880 35.00453949 129.14010620
v 60.24983978 35.25804901 135.43460083
v 58.59563828 33.72264862 126.81359863
v 60.24983978 35.25804901 135.43460083
v 65.78018188 33.43893051 153.03559875
v 65.78018188 33.43893051 153.03559875
v 60.24983978 35.25804901 135.43460083
v 62.54550934 35.75532913 144.94560242
v 65.78018188 33.43893051 153.03559875
v 62.54550934 35.75532913 144.94560242
v 64.80696106 35.75524139 153.29640198
v 58.31922150 34.02798080 126.09030151
v 57.85469818 34.87482834 125.84359741
v 57.86140060 34.87965012 125.87860107
v 58.37377167 33.89326096 125.84380341
v 57.84278870 34.79169083 125.38590240
v 57.85469818 34.87482834 125.84359741
v 57.86140060 34.87965012 125.87860107
v 58.30121994 34.18051147 126.33190155
v 58.31922150 34.02798080 126.09030151
v 58.31922150 34.02798080 126.09030151
v 58.30121994 34.18051147 126.33190155
v 58.59563828 33.72264862 126.81359863
v 58.31922150 34.02798080 126.09030151
v 58.59563828 33.72264862 126.81359863
v 58.62471008 33.51150131 126.56700134
v 58.62471008 33.51150131 126.56700134
v 58.59563828 33.72264862 126.81359863
v 59.11746979 32.92630005 128.01220703
v 58.62471008 33.51150131 126.56700134
v 59.11746979 32.92630005 128.01220703
v 59.15124130 32.60567093 127.76020050
v 59.15124130 32.60567093 127.76020050
v 59.11746979 32.92630005 128.01220703
v 59.52148819 32.29798126 129.18940735
v 59.15124130 32.60567093 127.76020050
v 59.52148819 32.29798126 129.18940735
v 59.54679108 31.90546036 128.93640137
v 59.54679108 31.90546036 128.93640137
v 59.52148819 32.29798126 129.18940735
v 60.31060028 30.92411041 131.93280029
v 59.54679108 31.90546036 128.93640137
v 60.31060028 30.92411041 131.93280029
v 60.31380081 30.46326065 131.68069458
v 57.85469818 34.87482834 125.84359741
v 58.31922150 34.02798080 126.09030151
v 58.37377167 33.89326096 125.84380341
v 58.62471008 33.51150131 126.56700134
v 58.37377167 33.89326096 125.84380341
v 58.62471008 33.51150131 126.56700134
v 58.70201111 33.32152939 126.31369781
v 58.70201111 33.32152939 126.31369781
v 58.62471008 33.51150131 126.56700134
v 59.15124130 32.60567093 127.76020050
v 58.70201111 33.32152939 126.31369781
v 59.15124130 32.60567093 127.76020050
v 59.26321030 32.31287003 127.49720001
v 59.26321030 32.31287003 127.49720001
v 59.15124130 32.60567093 127.76020050
v 59.54679108 31.90546036 128.93640137
v 59.26321030 32.31287003 127.49720001
v 59.54679108 31.90546036 128.93640137
v 59.67584991 31.54430008 128.66870117
v 59.67584991 31.54430008 128.66870117
v 59.54679108 31.90546036 128.93640137
v 60.31380081 30.46326065 131.68069458
v 59.67584991 31.54430008 128.66870117
v 60.31380081 30.46326065 131.68069458
v 60.44995117 30.03421021 131.41000366
v 58.49983978 26.98826981 176.30000305
v 58.49983978 -26.98826981 176.30000305
v 58.80585861 -27.13137054 175.29010010
v 59.90026855 -27.01029968 171.67820740
v 59.50672150 -27.29727936 172.97700500
v 59.11188126 -27.27444077 174.28010559
v 59.90026855 27.01029968 171.67820740
v 59.90026855 -27.01029968 171.67820740
v 60.12715149 -26.78428078 170.90890503
v 61.86204910 -24.20895004 162.23150635
v 61.86204910 24.20895004 162.23150635
v 61.33388901 -25.03869057 165.76469421
v 61.32455826 25.05304909 165.81550598
v 61.33388901 -25.03869057 165.76469421
v 61.32455826 25.05304909 165.81550598
v 60.34035110 26.51206017 170.14450073
v 60.12715149 -26.78428078 170.90890503
v 60.34035110 -26.51206017 170.14450073
v 59.90026855 27.01029968 171.67820740
v 59.90026855 27.01029968 171.67820740
v 60.34035110 -26.51206017 170.14450073
v 59.90026855 27.01029968 171.67820740
v 61.33388901 -25.03869057 165.76469421
v 60.12715149 26.78428078 170.90890503
v 61.33388901 -25.03869057 165.76469421
v 62.43313980 -24.20895004 161.04879761
v 62.43313980 24.20895004 161.04879761
v 62.04774857 -24.20895004 161.59190369
v 62.04774857 24.20895004 161.59190369
v 62.04774857 -24.20895004 161.59190369
v 62.04774857 24.20895004 161.59190369
v 61.86204910 -24.20895004 162.23150635
v 61.86204910 24.20895004 162.23150635
v 64.61627197 -31.53376007 158.86120605
v 62.28137970 -26.20969963 161.20080566
v 61.84941101 -28.17790031 161.63369751
v 64.10159302 -31.55347061 159.37699890
v 61.02664948 -30.44586945 162.45809937
v 60.50772095 -31.55347061 162.97810364
v 61.02664948 30.44586945 162.45809937
v 61.84941101 28.17790031 161.63369751
v 64.61627197 31.53376007 158.86120605
v 62.28137970 26.20969963 161.20080566
v 62.43313980 24.20895004 161.04879761
v 62.43313980 -24.20895004 161.04879761
v 64.61627197 31.53376007 158.86120605
v 64.61627197 -31.53376007 158.86120605
v 65.14685059 -31.47326088 158.24870300
v 65.21907806 31.46270943 158.15029907
v 65.21907806 31.46270943 158.15029907
v 65.14685059 -31.47326088 158.24870300
v 65.94998169 -31.27499008 156.76480103
v 65.21907806 31.46270943 158.15029907
v 65.94998169 -31.27499008 156.76480103
v 65.96112823 31.27000999 156.73410034
v 65.96112823 31.27000999 156.73410034
v 65.94998169 -31.27499008 156.76480103
v 66.28945160 -31.05907059 155.07980347
v 65.96112823 31.27000999 156.73410034
v 66.28945160 -31.05907059 155.07980347
v 66.29547882 31.04290962 154.89990234
v 66.29547882 31.04290962 154.89990234
v 66.28945160 -31.05907059 155.07980347
v 66.09626770 -30.92848969 153.29640198
v 66.29547882 31.04290962 154.89990234
v 66.09626770 -30.92848969 153.29640198
v 66.09626770 30.92848969 153.29640198
v 63.53451920 23.20244980 143.83680725
v 66.00833130 30.92411041 152.97099304
v 63.75252151 22.11971092 144.64169312
v 66.09626770 30.92848969 153.29640198
v 63.89125061 20.86253929 145.15400696
v 63.75252151 -22.11971092 144.64169312
v 66.09626770 -30.92848969 153.29640198
v 63.53451920 -23.20244980 143.83680725
v 66.00833130 -30.92411041 152.97099304
v 63.89125061 -20.86253929 145.15400696
v 63.93688965 -19.50971031 145.32249451
v 63.93688965 19.50971031 145.32249451
v 63.26271057 24.08530998 142.83309937
v 60.86275101 29.78696060 133.97160339
v 60.31060028 30.92411041 131.93280029
v 60.31060028 -30.92411041 131.93280029
v 60.86275101 -29.78696060 133.97160339
v 63.26271057 -24.08530998 142.83309937
v 63.93688965 19.50971031 145.32249451
v 63.93688965 -19.50971031 145.32249451
v 63.88027954 19.50971031 144.57260132
v 63.88027954 -19.50971031 144.57260132
v 66.07303619 12.16378021 125.38590240
v 64.44230652 -17.94182014 139.65480042
v 66.10384369 12.02585983 125.11640167
v 65.34532928 -15.04125977 131.75329590
v 65.62306213 -14.01747990 129.32330322
v 63.88027954 19.50971031 144.57260132
v 63.88027954 -19.50971031 144.57260132
v 64.65409088 17.30949974 137.80180359
v 65.11434174 15.83876038 133.77450562
v 66.31405640 -11.03617954 123.27700043
v 66.43338776 -10.43085003 122.23290253
v 66.56651306 9.70930958 121.06809998
v 66.81163025 8.21115780 118.92330170
v 66.89653015 -7.62206602 118.18039703
v 66.94384766 -7.27255392 117.76629639
v 66.99221039 6.89683390 117.34320068
v 67.21721649 4.76790524 115.37439728
v 67.23419952 -4.56659985 115.22570038
v 67.26637268 -4.15867710 114.94429779
v 67.25277710 4.33575678 115.06320190
v 67.37091064 -2.38974905 114.02950287
v 67.40985107 -1.17993104 113.68890381
v 67.42240143 0.00019259 113.57910156
v 67.38977051 1.90243495 113.86450195
v 63.53997040 22.66268921 143.25909424
v 63.72027969 21.75208092 144.00619507
v 64.53044891 19.40906906 137.05670166
v 63.83750916 20.67897034 144.46000671
v 63.88027954 19.50971031 144.57260132
v 64.65409088 17.30949974 137.80180359
v 64.99813080 17.91459084 132.96449280
v 65.87026978 14.61839962 125.38590240
v 65.66990662 15.61131954 125.38590240
v 65.66990662 15.61131954 125.38590240
v 65.32112885 17.01174927 127.89240265
v 64.99813080 17.91459084 132.96449280
v 64.99813080 17.91459084 132.96449280
v 65.32112885 17.01174927 127.89240265
v 64.42533112 20.14016914 134.33709717
v 64.99813080 17.91459084 132.96449280
v 64.42533112 20.14016914 134.33709717
v 64.53044891 19.40906906 137.05670166
v 64.53044891 19.40906906 137.05670166
v 64.42533112 20.14016914 134.33709717
v 63.31710052 23.39220047 142.31030273
v 64.53044891 19.40906906 137.05670166
v 63.31710052 23.39220047 142.31030273
v 63.53997040 22.66268921 143.25909424
v 66.07303619 12.16378021 125.38590240
v 65.87026978 14.61839962 125.38590240
v 65.11434174 15.83876038 133.77450562
v 65.11434174 15.83876038 133.77450562
v 65.87026978 14.61839962 125.38590240
v 64.99813080 17.91459084 132.96449280
v 64.65409088 17.30949974 137.80180359
v 64.53044891 19.40906906 137.05670166
v 63.83750916 20.67897034 144.46000671
v 63.83750916 20.67897034 144.46000671
v 64.53044891 19.40906906 137.05670166
v 63.72027969 21.75208092 144.00619507
v 60.38682175 -31.78346062 163.09880066
v 60.50772095 -31.55347061 162.97810364
v 60.03408051 -31.28062057 163.72940063
v 60.03408051 -31.28062057 163.72940063
v 60.50772095 -31.55347061 162.97810364
v 60.15167999 -31.06068039 163.60450745
v 60.03408051 -31.28062057 163.72940063
v 60.15167999 -31.06068039 163.60450745
v 60.02381897 -30.87702942 164.51170349
v 60.02381897 -30.87702942 164.51170349
v 60.15167999 -31.06068039 163.60450745
v 60.13317108 -30.66176987 164.38079834
v 63.98178101 -35.32075119 158.40840149
v 63.58478165 -35.30440140 158.86120605
v 63.13451004 -36.09204102 158.86120605
v 63.98178101 -35.32075119 158.40840149
v 63.13451004 -36.09204102 158.86120605
v 64.71302032 -35.45714951 157.06320190
v 64.71302032 -35.45714951 157.06320190
v 63.13451004 -36.09204102 158.86120605
v 64.17587280 -36.68735123 156.62770081
v 64.71302032 -35.45714951 157.06320190
v 64.17587280 -36.68735123 156.62770081
v 64.91110229 -35.53744888 156.37620544
v 64.91110229 -35.53744888 156.37620544
v 64.17587280 -36.68735123 156.62770081
v 64.23468018 -36.72098160 156.37600708
v 64.91110229 -35.53744888 156.37620544
v 64.23468018 -36.72098160 156.37600708
v 64.96788788 -35.57064819 156.08099365
v 64.96788788 -35.57064819 156.08099365
v 64.23468018 -36.72098160 156.37600708
v 65.02684784 -35.62046051 155.60839844
v 65.02684784 -35.62046051 155.60839844
v 64.23468018 -36.72098160 156.37600708
v 64.36000061 -36.79262161 154.01269531
v 65.02684784 -35.62046051 155.60839844
v 64.36000061 -36.79262161 154.01269531
v 64.94371796 -35.74411011 153.90780640
v 64.94371796 -35.74411011 153.90780640
v 64.36000061 -36.79262161 154.01269531
v 64.88056946 -35.75244141 153.59370422
v 64.88056946 -35.75244141 153.59370422
v 64.36000061 -36.79262161 154.01269531
v 64.25006866 -36.72977066 153.29640198
v 64.88056946 -35.75244141 153.59370422
v 64.25006866 -36.72977066 153.29640198
v 64.80696106 -35.75524139 153.29640198
v 63.13451004 -36.09204102 158.86120605
v 63.58478165 -35.30440140 158.86120605
v 61.75672150 -35.30440140 160.69299316
v 58.06880188 -34.41382980 165.59779358
v 58.17895126 -34.50201035 164.89990234
v 59.21495056 -32.74604034 164.47349548
v 58.17895126 -34.50201035 164.89990234
v 58.47666931 -34.69797897 164.31669617
v 59.53355026 -33.14228058 163.83729553
v 58.06903076 -34.41276169 165.63519287
v 58.06880188 -34.41382980 165.59779358
v 59.18154144 -32.46221161 165.23599243
v 59.18154144 -32.46221161 165.23599243
v 58.06880188 -34.41382980 165.59779358
v 59.21495056 -32.74604034 164.47349548
v 59.18154144 -32.46221161 165.23599243
v 59.21495056 -32.74604034 164.47349548
v 60.02381897 -30.87702942 164.51170349
v 60.02381897 -30.87702942 164.51170349
v 59.21495056 -32.74604034 164.47349548
v 60.03408051 -31.28062057 163.72940063
v 58.17895126 -34.50201035 164.89990234
v 59.53355026 -33.14228058 163.83729553
v 59.21495056 -32.74604034 164.47349548
v 59.21495056 -32.74604034 164.47349548
v 59.53355026 -33.14228058 163.83729553
v 60.38682175 -31.78346062 163.09880066
v 59.21495056 -32.74604034 164.47349548
v 60.38682175 -31.78346062 163.09880066
v 60.03408051 -31.28062057 163.72940063
v 64.25006866 -36.72977066 153.29640198
v 62.54550934 -35.75532913 144.94560242
v 64.80696106 -35.75524139 153.29640198
v 58.84352875 -32.82767105 169.39120483
v 59.00040054 -31.15954018 172.42379761
v 58.29441833 -33.09008026 171.72540283
v 58.29441833 -33.09008026 171.72540283
v 59.00040054 -31.15954018 172.42379761
v 58.64704895 -30.18882942 174.55209351
v 58.29441833 -33.09008026 171.72540283
v 58.64704895 -30.18882942 174.55209351
v 57.50651169 -32.93175888 174.59500122
v 59.50946045 -27.41091919 172.96609497
v 59.90026855 -27.01029968 171.67820740
v 59.50946045 -27.41091919 172.96609497
v 59.38835907 -29.39521980 172.72399902
v 59.90026855 -27.01029968 171.67820740
v 59.38835907 -29.39521980 172.72399902
v 59.77579117 -30.02370071 170.62170410
v 58.84352875 -32.82767105 169.39120483
v 59.77579117 -30.02370071 170.62170410
v 59.00040054 -31.15954018 172.42379761
v 59.00040054 -31.15954018 172.42379761
v 59.77579117 -30.02370071 170.62170410
v 59.38835907 -29.39521980 172.72399902
v 59.00040054 -31.15954018 172.42379761
v 59.38835907 -29.39521980 172.72399902
v 58.64704895 -30.18882942 174.55209351
v 58.64704895 -30.18882942 174.55209351
v 59.38835907 -29.39521980 172.72399902
v 59.50946045 -27.41091919 172.96609497
v 58.64704895 -30.18882942 174.55209351
v 59.50946045 -27.41091919 172.96609497
v 59.10691071 -27.38759041 174.29460144
v 59.10691071 -27.38759041 174.29460144
v 59.90346909 -30.39361954 169.34109497
v 59.77579117 -30.02370071 170.62170410
v 59.08860016 -32.57001114 168.19509888
v 59.08860016 -32.57001114 168.19509888
v 59.77579117 -30.02370071 170.62170410
v 58.84352875 -32.82767105 169.39120483
v 59.90346909 -30.39361954 169.34109497
v 60.16313171 -28.74720955 170.10290527
v 59.77579117 -30.02370071 170.62170410
v 59.77579117 -30.02370071 170.62170410
v 60.16313171 -28.74720955 170.10290527
v 60.13811111 -26.89570045 170.86849976
v 59.77579117 -30.02370071 170.62170410
v 60.13811111 -26.89570045 170.86849976
v 59.90026855 -27.01029968 171.67820740
v 60.35329819 -26.61948013 170.09449768
v 60.34035110 -26.51206017 170.14450073
v 60.12715149 -26.78428078 170.90890503
v 59.08860016 -32.57001114 168.19509888
v 59.30049896 -32.24440002 167.00549316
v 59.90346909 -30.39361954 169.34109497
v 59.90346909 -30.39361954 169.34109497
v 59.30049896 -32.24440002 167.00549316
v 60.26657104 -29.49382019 168.63830566
v 59.90346909 -30.39361954 169.34109497
v 60.26657104 -29.49382019 168.63830566
v 60.16313171 -28.74720955 170.10290527
v 60.16313171 -28.74720955 170.10290527
v 60.26657104 -29.49382019 168.63830566
v 60.35329819 -26.61948013 170.09449768
v 60.16313171 -28.74720955 170.10290527
v 60.35329819 -26.61948013 170.09449768
v 60.13811111 -26.89570045 170.86849976
v 60.13811111 -26.89570045 170.86849976
v 60.35329819 -26.61948013 170.09449768
v 60.13811111 -26.89570045 170.86849976
v 60.12715149 -26.78428078 170.90890503
v 59.90026855 -27.01029968 171.67820740
v 61.86204910 -24.20895004 162.23150635
v 61.33388901 -25.03869057 165.76469421
v 61.11264038 -27.71583939 165.30990601
v 60.02381897 -30.87702942 164.51170349
v 60.13317108 -30.66176987 164.38079834
v 61.11264038 -27.71583939 165.30990601
v 61.11264038 -27.71583939 165.30990601
v 60.13317108 -30.66176987 164.38079834
v 60.60060120 -29.66787910 163.81669617
v 60.60060120 -29.66787910 163.81669617
v 61.33747864 -27.66045952 162.91700745
v 61.11264038 -27.71583939 165.30990601
v 61.11264038 -27.71583939 165.30990601
v 61.33747864 -27.66045952 162.91700745
v 61.72346115 -25.94140053 162.43179321
v 61.11264038 -27.71583939 165.30990601
v 61.72346115 -25.94140053 162.43179321
v 61.86204910 -24.20895004 162.23150635
v 59.30049896 -32.24440002 167.00549316
v 60.02381897 -30.87702942 164.51170349
v 60.26657104 -29.49382019 168.63830566
v 60.26657104 -29.49382019 168.63830566
v 60.02381897 -30.87702942 164.51170349
v 61.11264038 -27.71583939 165.30990601
v 60.26657104 -29.49382019 168.63830566
v 61.11264038 -27.71583939 165.30990601
v 60.35329819 -26.61948013 170.09449768
v 60.35329819 -26.61948013 170.09449768
v 61.11264038 -27.71583939 165.30990601
v 61.33388901 -25.03869057 165.76469421
v 60.35329819 -26.61948013 170.09449768
v 61.33388901 -25.03869057 165.76469421
v 60.34035110 -26.51206017 170.14450073
v 61.02664948 -30.44586945 162.45809937
v 60.13317108 -30.66176987 164.38079834
v 60.15167999 -31.06068039 163.60450745
v 60.66044998 -30.02029037 163.06840515
v 60.15167999 -31.06068039 163.60450745
v 61.02664948 -30.44586945 162.45809937
v 60.66044998 -30.02029037 163.06840515
v 60.66044998 -30.02029037 163.06840515
v 61.02664948 -30.44586945 162.45809937
v 61.84941101 -28.17790031 161.63369751
v 60.66044998 -30.02029037 163.06840515
v 61.84941101 -28.17790031 161.63369751
v 61.46664047 -27.89956093 162.21690369
v 61.46664047 -27.89956093 162.21690369
v 61.84941101 -28.17790031 161.63369751
v 62.28137970 -26.20969963 161.20080566
v 61.46664047 -27.89956093 162.21690369
v 62.28137970 -26.20969963 161.20080566
v 61.89194870 -26.06681061 161.76429749
v 61.89194870 -26.06681061 161.76429749
v 62.28137970 -26.20969963 161.20080566
v 62.43313980 -24.20895004 161.04879761
v 61.89194870 -26.06681061 161.76429749
v 62.43313980 -24.20895004 161.04879761
v 62.04774857 -24.20895004 161.59190369
v 60.13317108 -30.66176987 164.38079834
v 60.66044998 -30.02029037 163.06840515
v 60.60060120 -29.66787910 163.81669617
v 60.60060120 -29.66787910 163.81669617
v 60.66044998 -30.02029037 163.06840515
v 61.46664047 -27.89956093 162.21690369
v 60.60060120 -29.66787910 163.81669617
v 61.46664047 -27.89956093 162.21690369
v 61.33747864 -27.66045952 162.91700745
v 61.33747864 -27.66045952 162.91700745
v 61.46664047 -27.89956093 162.21690369
v 61.89194870 -26.06681061 161.76429749
v 61.33747864 -27.66045952 162.91700745
v 61.89194870 -26.06681061 161.76429749
v 61.72346115 -25.94140053 162.43179321
v 61.72346115 -25.94140053 162.43179321
v 61.89194870 -26.06681061 161.76429749
v 62.04774857 -24.20895004 161.59190369
v 61.72346115 -25.94140053 162.43179321
v 62.04774857 -24.20895004 161.59190369
v 61.86204910 -24.20895004 162.23150635
v 61.62379837 -35.25986099 160.85169983
v 64.10159302 -31.55347061 159.37699890
v 60.50772095 -31.55347061 162.97810364
v 60.50772095 -31.55347061 162.97810364
v 60.38682175 -31.78346062 163.09880066
v 61.62379837 -35.25986099 160.85169983
v 61.62379837 -35.25986099 160.85169983
v 60.38682175 -31.78346062 163.09880066
v 59.53355026 -33.14228058 163.83729553
v 61.62379837 -35.25986099 160.85169983
v 59.53355026 -33.14228058 163.83729553
v 58.47666931 -34.69797897 164.31669617
v 64.10159302 -31.55347061 159.37699890
v 61.62379837 -35.25986099 160.85169983
v 63.96089172 -33.77476883 159.22850037
v 63.96089172 -33.77476883 159.22850037
v 61.62379837 -35.25986099 160.85169983
v 61.75672150 -35.30440140 160.69299316
v 63.96089172 -33.77476883 159.22850037
v 61.75672150 -35.30440140 160.69299316
v 63.58478165 -35.30440140 158.86120605
v 63.96089172 -33.77476883 159.22850037
v 63.58478165 -35.30440140 158.86120605
v 63.98178101 -35.32075119 158.40840149
v 63.98178101 -35.32075119 158.40840149
v 64.49611664 -33.51736069 158.77549744
v 63.96089172 -33.77476883 159.22850037
v 63.96089172 -33.77476883 159.22850037
v 64.49611664 -33.51736069 158.77549744
v 64.61627197 -31.53376007 158.86120605
v 63.96089172 -33.77476883 159.22850037
v 64.61627197 -31.53376007 158.86120605
v 64.10159302 -31.55347061 159.37699890
v 66.03775787 -33.51280975 154.80870056
v 65.86785126 -33.43301010 153.35040283
v 65.96964264 -32.94176865 153.32550049
v 65.85172272 -33.54008102 156.26950073
v 65.33203888 -33.53007889 157.63349915
v 64.71302032 -35.45714951 157.06320190
v 64.88056946 -35.75244141 153.59370422
v 65.35347748 -34.83744812 153.47740173
v 64.94371796 -35.74411011 153.90780640
v 64.94371796 -35.74411011 153.90780640
v 65.35347748 -34.83744812 153.47740173
v 65.86785126 -33.43301010 153.35040283
v 64.94371796 -35.74411011 153.90780640
v 65.86785126 -33.43301010 153.35040283
v 65.02684784 -35.62046051 155.60839844
v 65.02684784 -35.62046051 155.60839844
v 65.86785126 -33.43301010 153.35040283
v 66.03775787 -33.51280975 154.80870056
v 65.02684784 -35.62046051 155.60839844
v 66.03775787 -33.51280975 154.80870056
v 64.96788788 -35.57064819 156.08099365
v 64.96788788 -35.57064819 156.08099365
v 66.03775787 -33.51280975 154.80870056
v 65.85172272 -33.54008102 156.26950073
v 64.96788788 -35.57064819 156.08099365
v 65.85172272 -33.54008102 156.26950073
v 64.91110229 -35.53744888 156.37620544
v 64.91110229 -35.53744888 156.37620544
v 65.85172272 -33.54008102 156.26950073
v 64.71302032 -35.45714951 157.06320190
v 65.14685059 -31.47326088 158.24870300
v 64.61627197 -31.53376007 158.86120605
v 64.49611664 -33.51736069 158.77549744
v 63.98178101 -35.32075119 158.40840149
v 64.71302032 -35.45714951 157.06320190
v 64.49611664 -33.51736069 158.77549744
v 64.49611664 -33.51736069 158.77549744
v 64.71302032 -35.45714951 157.06320190
v 65.33203888 -33.53007889 157.63349915
v 64.49611664 -33.51736069 158.77549744
v 65.33203888 -33.53007889 157.63349915
v 65.14685059 -31.47326088 158.24870300
v 65.14685059 -31.47326088 158.24870300
v 65.33203888 -33.53007889 157.63349915
v 65.85172272 -33.54008102 156.26950073
v 65.14685059 -31.47326088 158.24870300
v 65.85172272 -33.54008102 156.26950073
v 65.94998169 -31.27499008 156.76480103
v 65.94998169 -31.27499008 156.76480103
v 65.85172272 -33.54008102 156.26950073
v 66.03775787 -33.51280975 154.80870056
v 65.94998169 -31.27499008 156.76480103
v 66.03775787 -33.51280975 154.80870056
v 66.28945160 -31.05907059 155.07980347
v 66.28945160 -31.05907059 155.07980347
v 66.03775787 -33.51280975 154.80870056
v 65.96964264 -32.94176865 153.32550049
v 66.28945160 -31.05907059 155.07980347
v 65.96964264 -32.94176865 153.32550049
v 66.09626770 -30.92848969 153.29640198
v 64.88056946 -35.75244141 153.59370422
v 64.80696106 -35.75524139 153.29640198
v 65.35347748 -34.83744812 153.47740173
v 65.35347748 -34.83744812 153.47740173
v 64.80696106 -35.75524139 153.29640198
v 65.78018188 -33.43893051 153.03559875
v 65.35347748 -34.83744812 153.47740173
v 65.78018188 -33.43893051 153.03559875
v 65.86785126 -33.43301010 153.35040283
v 65.86785126 -33.43301010 153.35040283
v 65.78018188 -33.43893051 153.03559875
v 65.96964264 -32.94176865 153.32550049
v 65.96964264 -32.94176865 153.32550049
v 65.78018188 -33.43893051 153.03559875
v 66.00833130 -30.92411041 152.97099304
v 65.96964264 -32.94176865 153.32550049
v 66.00833130 -30.92411041 152.97099304
v 66.09626770 -30.92848969 153.29640198
v 58.80585861 -27.13137054 175.29010010
v 58.49983978 -26.98826981 176.30000305
v 58.11685944 -29.94330025 176.30000305
v 58.11685944 -29.94330025 176.30000305
v 56.98495865 -32.69881058 176.30000305
v 57.24568176 -32.81539154 175.44749451
v 59.10691071 -27.38759041 174.29460144
v 58.80585861 -27.13137054 175.29010010
v 58.11685944 -29.94330025 176.30000305
v 59.10691071 -27.38759041 174.29460144
v 58.11685944 -29.94330025 176.30000305
v 58.64706039 -30.18882942 174.55209351
v 58.64706039 -30.18882942 174.55209351
v 57.50651169 -32.93175888 174.59500122
v 42.59445190 -58.94332123 158.86120605
v 36.09204102 -63.13451004 158.86120605
v 36.68735123 -64.17587280 156.62770081
v 48.61484909 -54.08510971 158.86120605
v 42.59445190 -58.94332123 158.86120605
v 43.29700851 -59.91553879 156.62770081
v 64.17587280 -36.68735123 156.62770081
v 63.13451004 -36.09204102 158.86120605
v 59.91553879 -43.29700851 156.62770081
v 58.94332123 -42.59445190 158.86120605
v 59.91553879 -43.29700851 156.62770081
v 58.94332123 -42.59445190 158.86120605
v 54.97718811 -49.41670990 156.62770081
v 54.08510971 -48.61484909 158.86120605
v 54.97718811 -49.41670990 156.62770081
v 54.08510971 -48.61484909 158.86120605
v 49.41670990 -54.97718811 156.62770081
v 49.41670990 -54.97718811 156.62770081
v 54.08510971 -48.61484909 158.86120605
v 51.42277145 -51.42277145 158.86120605
v 49.41670990 -54.97718811 156.62770081
v 49.55849838 -55.13492966 154.01269531
v 55.13492966 -49.55849838 154.01269531
v 60.08744812 -43.42124176 154.01269531
v 64.36000061 -36.79262161 154.01269531
v 64.23468018 -36.72098160 156.37600708
v 54.97718811 -49.41670990 156.62770081
v 54.97718811 -49.41670990 156.62770081
v 55.13492966 -49.55849838 154.01269531
v 60.08744812 -43.42124176 154.01269531
v 59.91553879 -43.29700851 156.62770081
v 59.91553879 -43.29700851 156.62770081
v 60.08744812 -43.42124176 154.01269531
v 64.23468018 -36.72098160 156.37600708
v 59.91553879 -43.29700851 156.62770081
v 64.23468018 -36.72098160 156.37600708
v 64.17587280 -36.68735123 156.62770081
v 43.29700851 -59.91553879 156.62770081
v 43.29700851 -59.91553879 156.62770081
v 36.68735123 -64.17587280 156.62770081
v 36.72098160 -64.23468018 156.37600708
v 43.29700851 -59.91553879 156.62770081
v 36.72098160 -64.23468018 156.37600708
v 43.42124176 -60.08744812 154.01269531
v 43.42124176 -60.08744812 154.01269531
v 36.72098160 -64.23468018 156.37600708
v 36.79262161 -64.36000061 154.01269531
v 43.42124176 -60.08744812 154.01269531
v 36.79262161 -64.36000061 154.01269531
v 36.72977066 -64.25006866 153.29640198
v 43.34706879 -59.98480988 153.29640198
v 43.42124176 -60.08744812 154.01269531
v 43.34706879 -59.98480988 153.29640198
v 49.55849838 -55.13492966 154.01269531
v 43.42124176 -60.08744812 154.01269531
v 49.55849838 -55.13492966 154.01269531
v 43.29700851 -59.91553879 156.62770081
v 49.41670990 -54.97718811 156.62770081
v 49.41670990 -54.97718811 156.62770081
v 48.61484909 -54.08510971 158.86120605
v 49.41670990 -54.97718811 156.62770081
v 51.42277145 -51.42277145 158.86120605
v 64.25006866 -36.72977066 153.29640198
v 64.36000061 -36.79262161 154.01269531
v 59.98480988 -43.34706879 153.29640198
v 60.08744812 -43.42124176 154.01269531
v 59.98480988 -43.34706879 153.29640198
v 60.08744812 -43.42124176 154.01269531
v 55.04076004 -49.47385025 153.29640198
v 55.13492966 -49.55849838 154.01269531
v 55.04076004 -49.47385025 153.29640198
v 55.13492966 -49.55849838 154.01269531
v 52.33137894 -52.33137894 153.29640198
v 52.33137894 -52.33137894 153.29640198
v 55.13492966 -49.55849838 154.01269531
v 49.55849838 -55.13492966 154.01269531
v 52.33137894 -52.33137894 153.29640198
v 49.55849838 -55.13492966 154.01269531
v 49.47385025 -55.04076004 153.29640198
v 49.47385025 -55.04076004 153.29640198
v 61.62379837 -35.25986099 160.85169983
v 58.47666931 -34.69797897 164.31669617
v 54.57139969 -40.55105972 164.32550049
v 58.94332123 -42.59445190 158.86120605
v 63.13451004 -36.09204102 158.86120605
v 61.75672150 -35.30440140 160.69299316
v 34.69797897 -58.47666931 164.31669617
v 35.19147110 -61.36949158 161.14559937
v 42.59445190 -58.94332123 158.86120605
v 35.30440140 -61.75672150 160.69299316
v 36.09204102 -63.13451004 158.86120605
v 61.62379837 -35.25986099 160.85169983
v 58.94332123 -42.59445190 158.86120605
v 61.62379837 -35.25986099 160.85169983
v 54.57139969 -40.55105972 164.32550049
v 58.94332123 -42.59445190 158.86120605
v 54.57139969 -40.55105972 164.32550049
v 54.08510971 -48.61484909 158.86120605
v 51.46094131 -44.43194962 164.32550049
v 54.08510971 -48.61484909 158.86120605
v 51.46094131 -44.43194962 164.32550049
v 51.42277145 -51.42277145 158.86120605
v 51.42277145 -51.42277145 158.86120605
v 51.46094131 -44.43194962 164.32550049
v 48.07508087 -48.07508087 164.32550049
v 51.42277145 -51.42277145 158.86120605
v 48.07508087 -48.07508087 164.32550049
v 48.61484909 -54.08510971 158.86120605
v 48.61484909 -54.08510971 158.86120605
v 48.07508087 -48.07508087 164.32550049
v 44.43194962 -51.46094131 164.32550049
v 48.61484909 -54.08510971 158.86120605
v 44.43194962 -51.46094131 164.32550049
v 42.59445190 -58.94332123 158.86120605
v 42.59445190 -58.94332123 158.86120605
v 44.43194962 -51.46094131 164.32550049
v 40.55105972 -54.57139969 164.32550049
v 42.59445190 -58.94332123 158.86120605
v 40.55105972 -54.57139969 164.32550049
v 34.69797897 -58.47666931 164.31669617
v 34.41382980 -58.06880188 165.59779358
v 34.50201035 -58.17895126 164.89990234
v 40.33494186 -54.28055954 164.93629456
v 58.06880188 -34.41382980 165.59779358
v 58.06903076 -34.41276169 165.63519287
v 54.17935944 -40.25973892 165.63519287
v 58.06880188 -34.41382980 165.59779358
v 54.17935944 -40.25973892 165.63519287
v 58.17895126 -34.50201035 164.89990234
v 34.41276169 -58.06903076 165.63519287
v 34.41382980 -58.06880188 165.59779358
v 40.25973892 -54.17935944 165.63519287
v 40.25973892 -54.17935944 165.63519287
v 34.41382980 -58.06880188 165.59779358
v 40.33494186 -54.28055954 164.93629456
v 40.25973892 -54.17935944 165.63519287
v 40.33494186 -54.28055954 164.93629456
v 44.11275864 -51.09123993 165.63519287
v 44.19514847 -51.18666840 164.93629456
v 44.11275864 -51.09123993 165.63519287
v 44.19514847 -51.18666840 164.93629456
v 47.72970963 -47.72970963 165.63519287
v 47.81885910 -47.81885910 164.93629456
v 47.72970963 -47.72970963 165.63519287
v 47.81885910 -47.81885910 164.93629456
v 51.09123993 -44.11275864 165.63519287
v 51.18666840 -44.19514847 164.93629456
v 51.09123993 -44.11275864 165.63519287
v 51.18666840 -44.19514847 164.93629456
v 54.17935944 -40.25973892 165.63519287
v 54.28055954 -40.33494186 164.93629456
v 54.17935944 -40.25973892 165.63519287
v 54.28055954 -40.33494186 164.93629456
v 58.17895126 -34.50201035 164.89990234
v 58.47666931 -34.69797897 164.31669617
v 58.17895126 -34.50201035 164.89990234
v 54.57139969 -40.55105972 164.32550049
v 54.57139969 -40.55105972 164.32550049
v 58.17895126 -34.50201035 164.89990234
v 54.28055954 -40.33494186 164.93629456
v 54.57139969 -40.55105972 164.32550049
v 54.28055954 -40.33494186 164.93629456
v 51.46094131 -44.43194962 164.32550049
v 51.18666840 -44.19514847 164.93629456
v 51.46094131 -44.43194962 164.32550049
v 51.18666840 -44.19514847 164.93629456
v 48.07508087 -48.07508087 164.32550049
v 47.81885910 -47.81885910 164.93629456
v 48.07508087 -48.07508087 164.32550049
v 47.81885910 -47.81885910 164.93629456
v 44.43194962 -51.46094131 164.32550049
v 44.19514847 -51.18666840 164.93629456
v 44.43194962 -51.46094131 164.32550049
v 44.19514847 -51.18666840 164.93629456
v 40.55105972 -54.57139969 164.32550049
v 40.33494186 -54.28055954 164.93629456
v 40.55105972 -54.57139969 164.32550049
v 40.33494186 -54.28055954 164.93629456
v 34.69797897 -58.47666931 164.31669617
v 34.69797897 -58.47666931 164.31669617
v 40.33494186 -54.28055954 164.93629456
v 34.50201035 -58.17895126 164.89990234
v 59.18154144 -32.46221161 165.23599243
v 60.02381897 -30.87702942 164.51170349
v 59.30049896 -32.24440002 167.00549316
v 59.18154144 -32.46221161 165.23599243
v 59.30049896 -32.24440002 167.00549316
v 58.06903076 -34.41276169 165.63519287
v 57.92668152 -34.65184021 167.00549316
v 58.06903076 -34.41276169 165.63519287
v 57.92668152 -34.65184021 167.00549316
v 54.17935944 -40.25973892 165.63519287
v 54.17935944 -40.25973892 165.63519287
v 57.92668152 -34.65184021 167.00549316
v 55.22187042 -38.81745148 167.00549316
v 54.17935944 -40.25973892 165.63519287
v 55.22187042 -38.81745148 167.00549316
v 51.09123993 -44.11275864 165.63519287
v 51.09123993 -44.11275864 165.63519287
v 55.22187042 -38.81745148 167.00549316
v 51.66830826 -43.43542099 167.00549316
v 51.09123993 -44.11275864 165.63519287
v 51.66830826 -43.43542099 167.00549316
v 47.72970963 -47.72970963 165.63519287
v 47.72970963 -47.72970963 165.63519287
v 51.66830826 -43.43542099 167.00549316
v 47.72970963 -47.72970963 167.00549316
v 47.72970963 -47.72970963 165.63519287
v 47.72970963 -47.72970963 167.00549316
v 44.11275864 -51.09123993 165.63519287
v 44.11275864 -51.09123993 165.63519287
v 47.72970963 -47.72970963 167.00549316
v 43.43542099 -51.66830826 167.00549316
v 44.11275864 -51.09123993 165.63519287
v 43.43542099 -51.66830826 167.00549316
v 40.25973892 -54.17935944 165.63519287
v 40.25973892 -54.17935944 165.63519287
v 43.43542099 -51.66830826 167.00549316
v 38.81745148 -55.22187042 167.00549316
v 40.25973892 -54.17935944 165.63519287
v 38.81745148 -55.22187042 167.00549316
v 34.41276169 -58.06903076 165.63519287
v 34.41276169 -58.06903076 165.63519287
v 38.81745148 -55.22187042 167.00549316
v 34.65184021 -57.92668152 167.00549316
v 34.41276169 -58.06903076 165.63519287
v 34.65184021 -57.92668152 167.00549316
v 32.46221161 -59.18154144 165.23599243
v 32.46221161 -59.18154144 165.23599243
v 34.65184021 -57.92668152 167.00549316
v 32.24440002 -59.30049896 167.00549316
v 32.46221161 -59.18154144 165.23599243
v 32.24440002 -59.30049896 167.00549316
v 30.87702942 -60.02381897 164.51170349
v 33.09074020 -58.29190063 171.73480225
v 32.82767105 -58.84352875 169.39120483
v 34.65184021 -57.92668152 167.00549316
v 34.65184021 -57.92668152 167.00549316
v 32.82767105 -58.84352875 169.39120483
v 32.57001114 -59.08860016 168.19509888
v 34.65184021 -57.92668152 167.00549316
v 32.57001114 -59.08860016 168.19509888
v 32.24440002 -59.30049896 167.00549316
v 34.01958084 -56.86975098 174.59500122
v 32.93175888 -57.50651169 174.59500122
v 33.09074020 -58.29190063 171.73480225
v 33.09074020 -58.29190063 171.73480225
v 34.49084091 -57.65753174 170.87280273
v 34.01958084 -56.86975098 174.59500122
v 34.01958084 -56.86975098 174.59500122
v 34.49084091 -57.65753174 170.87280273
v 38.63710022 -54.96529007 170.87280273
v 38.10919189 -54.21429062 174.59500122
v 38.10919189 -54.21429062 174.59500122
v 38.63710022 -54.96529007 170.87280273
v 43.23360825 -51.42824173 170.87280273
v 42.64289856 -50.72557068 174.59500122
v 42.64289856 -50.72557068 174.59500122
v 43.23360825 -51.42824173 170.87280273
v 47.50793839 -47.50793839 170.87280273
v 46.85882950 -46.85882950 174.59500122
v 46.85882950 -46.85882950 174.59500122
v 47.50793839 -47.50793839 170.87280273
v 51.42824173 -43.23360825 170.87280273
v 50.72557068 -42.64289856 174.59500122
v 50.72557068 -42.64289856 174.59500122
v 51.42824173 -43.23360825 170.87280273
v 54.96529007 -38.63710022 170.87280273
v 54.21429062 -38.10919189 174.59500122
v 54.21429062 -38.10919189 174.59500122
v 54.96529007 -38.63710022 170.87280273
v 57.65753174 -34.49084091 170.87280273
v 56.86975098 -34.01958084 174.59500122
v 56.86975098 -34.01958084 174.59500122
v 57.65753174 -34.49084091 170.87280273
v 58.29441833 -33.09008026 171.72540283
v 56.86975098 -34.01958084 174.59500122
v 58.29441833 -33.09008026 171.72540283
v 57.50651169 -32.93175888 174.59500122
v 58.84352875 -32.82767105 169.39120483
v 57.92668152 -34.65184021 167.00549316
v 59.08860016 -32.57001114 168.19509888
v 59.08860016 -32.57001114 168.19509888
v 57.92668152 -34.65184021 167.00549316
v 59.30049896 -32.24440002 167.00549316
v 33.09074020 -58.29190063 171.73480225
v 34.65184021 -57.92668152 167.00549316
v 34.49084091 -57.65753174 170.87280273
v 34.49084091 -57.65753174 170.87280273
v 34.65184021 -57.92668152 167.00549316
v 38.81745148 -55.22187042 167.00549316
v 38.63710022 -54.96529007 170.87280273
v 38.63710022 -54.96529007 170.87280273
v 38.81745148 -55.22187042 167.00549316
v 43.43542099 -51.66830826 167.00549316
v 43.23360825 -51.42824173 170.87280273
v 43.23360825 -51.42824173 170.87280273
v 43.43542099 -51.66830826 167.00549316
v 47.72970963 -47.72970963 167.00549316
v 47.50793839 -47.50793839 170.87280273
v 47.50793839 -47.50793839 170.87280273
v 47.72970963 -47.72970963 167.00549316
v 51.66830826 -43.43542099 167.00549316
v 51.42824173 -43.23360825 170.87280273
v 51.42824173 -43.23360825 170.87280273
v 51.66830826 -43.43542099 167.00549316
v 55.22187042 -38.81745148 167.00549316
v 54.96529007 -38.63710022 170.87280273
v 54.96529007 -38.63710022 170.87280273
v 55.22187042 -38.81745148 167.00549316
v 57.92668152 -34.65184021 167.00549316
v 57.65753174 -34.49084091 170.87280273
v 57.65753174 -34.49084091 170.87280273
v 57.92668152 -34.65184021 167.00549316
v 58.84352875 -32.82767105 169.39120483
v 57.65753174 -34.49084091 170.87280273
v 58.84352875 -32.82767105 169.39120483
v 58.29441833 -33.09008026 171.72540283
v 57.24568176 -32.81539154 175.44749451
v 56.98495865 -32.69881058 176.30000305
v 50.42345810 -42.11854935 176.30000305
v 56.86975098 -34.01958084 174.59500122
v 57.50651169 -32.93175888 174.59500122
v 57.24568176 -32.81539154 175.44749451
v 32.93175888 -57.50651169 174.59500122
v 34.01958084 -56.86975098 174.59500122
v 32.81539154 -57.24568176 175.44749451
v 32.81539154 -57.24568176 175.44749451
v 34.01958084 -56.86975098 174.59500122
v 38.10919189 -54.21429062 174.59500122
v 32.81539154 -57.24568176 175.44749451
v 38.10919189 -54.21429062 174.59500122
v 42.64289856 -50.72557068 174.59500122
v 50.42345810 -42.11854935 176.30000305
v 42.11854935 -50.42345810 176.30000305
v 42.64289856 -50.72557068 174.59500122
v 42.64289856 -50.72557068 174.59500122
v 42.11854935 -50.42345810 176.30000305
v 32.69881058 -56.98495865 176.30000305
v 32.81539154 -57.24568176 175.44749451
v 42.64289856 -50.72557068 174.59500122
v 46.85882950 -46.85882950 174.59500122
v 50.42345810 -42.11854935 176.30000305
v 50.42345810 -42.11854935 176.30000305
v 46.85882950 -46.85882950 174.59500122
v 50.72557068 -42.64289856 174.59500122
v 50.72557068 -42.64289856 174.59500122
v 57.24568176 -32.81539154 175.44749451
v 50.72557068 -42.64289856 174.59500122
v 54.21429062 -38.10919189 174.59500122
v 57.24568176 -32.81539154 175.44749451
v 54.21429062 -38.10919189 174.59500122
v 56.86975098 -34.01958084 174.59500122
v 63.53451920 -23.20244980 143.83680725
v 63.26271057 -24.08530998 142.83309937
v 63.24322891 -23.73024940 142.57809448
v 63.88027954 -19.50971031 144.57260132
v 63.93688965 -19.50971031 145.32249451
v 63.89125061 -20.86253929 145.15400696
v 63.88027954 -19.50971031 144.57260132
v 63.89125061 -20.86253929 145.15400696
v 63.83750916 -20.67897034 144.46000671
v 63.83750916 -20.67897034 144.46000671
v 63.89125061 -20.86253929 145.15400696
v 63.75252151 -22.11971092 144.64169312
v 63.83750916 -20.67897034 144.46000671
v 63.75252151 -22.11971092 144.64169312
v 63.72027969 -21.75208092 144.00619507
v 63.72027969 -21.75208092 144.00619507
v 63.75252151 -22.11971092 144.64169312
v 63.53451920 -23.20244980 143.83680725
v 63.72027969 -21.75208092 144.00619507
v 63.53451920 -23.20244980 143.83680725
v 63.53997040 -22.66268921 143.25909424
v 63.53997040 -22.66268921 143.25909424
v 63.53451920 -23.20244980 143.83680725
v 63.24322891 -23.73024940 142.57809448
v 63.53997040 -22.66268921 143.25909424
v 63.24322891 -23.73024940 142.57809448
v 63.31710052 -23.39220047 142.31030273
v 63.31710052 -23.39220047 142.31030273
v 63.24322891 -23.73024940 142.57809448
v 62.91778183 -24.44589996 140.79220581
v 62.91778183 -24.44589996 140.79220581
v 63.24322891 -23.73024940 142.57809448
v 60.86169052 -29.34396935 133.71890259
v 60.31380081 -30.46326065 131.68069458
v 60.44995117 -30.03421021 131.41000366
v 60.86169052 -29.34396935 133.71890259
v 60.86169052 -29.34396935 133.71890259
v 60.44995117 -30.03421021 131.41000366
v 60.98620987 -28.92977905 133.44869995
v 60.86169052 -29.34396935 133.71890259
v 60.98620987 -28.92977905 133.44869995
v 62.91778183 -24.44589996 140.79220581
v 60.31060028 -30.92411041 131.93280029
v 60.31380081 -30.46326065 131.68069458
v 60.86275101 -29.78696060 133.97160339
v 60.86275101 -29.78696060 133.97160339
v 60.31380081 -30.46326065 131.68069458
v 60.86169052 -29.34396935 133.71890259
v 60.86275101 -29.78696060 133.97160339
v 60.86169052 -29.34396935 133.71890259
v 63.26271057 -24.08530998 142.83309937
v 63.26271057 -24.08530998 142.83309937
v 60.86169052 -29.34396935 133.71890259
v 63.24322891 -23.73024940 142.57809448
v 60.31060028 -30.92411041 131.93280029
v 66.00833130 -30.92411041 152.97099304
v 59.52148819 -32.29798126 129.18940735
v 59.52148819 -32.29798126 129.18940735
v 66.00833130 -30.92411041 152.97099304
v 65.78018188 -33.43893051 153.03559875
v 59.52148819 -32.29798126 129.18940735
v 65.78018188 -33.43893051 153.03559875
v 59.11746979 -32.92630005 128.01220703
v 59.11746979 -32.92630005 128.01220703
v 65.78018188 -33.43893051 153.03559875
v 58.59563828 -33.72264862 126.81359863
v 64.80696106 -35.75524139 153.29640198
v 62.54550934 -35.75532913 144.94560242
v 65.78018188 -33.43893051 153.03559875
v 65.78018188 -33.43893051 153.03559875
v 62.54550934 -35.75532913 144.94560242
v 60.54994965 -35.30989075 136.64799500
v 65.78018188 -33.43893051 153.03559875
v 60.54994965 -35.30989075 136.64799500
v 58.59563828 -33.72264862 126.81359863
v 58.59563828 -33.72264862 126.81359863
v 60.54994965 -35.30989075 136.64799500
v 58.68064880 -35.00453949 129.14010620
v 58.59563828 -33.72264862 126.81359863
v 58.68064880 -35.00453949 129.14010620
v 58.30121994 -34.18051147 126.33190155
v 58.30121994 -34.18051147 126.33190155
v 58.68064880 -35.00453949 129.14010620
v 57.86140060 -34.87965012 125.87860107
v 58.31922150 -34.02798080 126.09030151
v 57.85469818 -34.87482834 125.84359741
v 57.84278870 -34.79169083 125.38590240
v 58.30121994 -34.18051147 126.33190155
v 57.86140060 -34.87965012 125.87860107
v 57.85469818 -34.87482834 125.84359741
v 57.84278870 -34.79169083 125.38590240
v 58.37377167 -33.89326096 125.84380341
v 58.31922150 -34.02798080 126.09030151
v 58.31922150 -34.02798080 126.09030151
v 58.37377167 -33.89326096 125.84380341
v 58.70201111 -33.32152939 126.31369781
v 58.31922150 -34.02798080 126.09030151
v 58.70201111 -33.32152939 126.31369781
v 58.62471008 -33.51150131 126.56700134
v 58.62471008 -33.51150131 126.56700134
v 58.70201111 -33.32152939 126.31369781
v 59.26321030 -32.31287003 127.49720001
v 58.62471008 -33.51150131 126.56700134
v 59.26321030 -32.31287003 127.49720001
v 59.15124130 -32.60567093 127.76020050
v 59.15124130 -32.60567093 127.76020050
v 59.26321030 -32.31287003 127.49720001
v 59.67584991 -31.54430008 128.66870117
v 59.15124130 -32.60567093 127.76020050
v 59.67584991 -31.54430008 128.66870117
v 59.54679108 -31.90546036 128.93640137
v 59.54679108 -31.90546036 128.93640137
v 59.67584991 -31.54430008 128.66870117
v 60.44995117 -30.03421021 131.41000366
v 59.54679108 -31.90546036 128.93640137
v 60.44995117 -30.03421021 131.41000366
v 60.31380081 -30.46326065 131.68069458
v 57.85469818 -34.87482834 125.84359741
v 58.31922150 -34.02798080 126.09030151
v 58.30121994 -34.18051147 126.33190155
v 58.30121994 -34.18051147 126.33190155
v 58.31922150 -34.02798080 126.09030151
v 58.62471008 -33.51150131 126.56700134
v 58.30121994 -34.18051147 126.33190155
v 58.62471008 -33.51150131 126.56700134
v 58.59563828 -33.72264862 126.81359863
v 58.59563828 -33.72264862 126.81359863
v 58.62471008 -33.51150131 126.56700134
v 59.15124130 -32.60567093 127.76020050
v 58.59563828 -33.72264862 126.81359863
v 59.15124130 -32.60567093 127.76020050
v 59.11746979 -32.92630005 128.01220703
v 59.11746979 -32.92630005 128.01220703
v 59.15124130 -32.60567093 127.76020050
v 59.54679108 -31.90546036 128.93640137
v 59.11746979 -32.92630005 128.01220703
v 59.54679108 -31.90546036 128.93640137
v 59.52148819 -32.29798126 129.18940735
v 59.52148819 -32.29798126 129.18940735
v 59.54679108 -31.90546036 128.93640137
v 60.31380081 -30.46326065 131.68069458
v 59.52148819 -32.29798126 129.18940735
v 60.31380081 -30.46326065 131.68069458
v 60.31060028 -30.92411041 131.93280029
v 34.87965012 -57.86140060 125.87860107
v 34.87482834 -57.85469818 125.84359741
v 40.29140091 -54.22198105 125.84359741
v 62.54550934 -35.75532913 144.94560242
v 64.25006866 -36.72977066 153.29640198
v 59.98480988 -43.34706879 153.29640198
v 57.85469818 -34.87482834 125.84359741
v 57.86140060 -34.87965012 125.87860107
v 54.22198105 -40.29140091 125.84359741
v 54.22198105 -40.29140091 125.84359741
v 57.86140060 -34.87965012 125.87860107
v 58.68064880 -35.00453949 129.14010620
v 62.54550934 -35.75532913 144.94560242
v 59.98480988 -43.34706879 153.29640198
v 60.54994965 -35.30989075 136.64799500
v 35.75532913 -62.54550934 144.94560242
v 35.25804901 -60.24983978 135.43460083
v 40.29140091 -54.22198105 125.84359741
v 35.00453949 -58.68064880 129.14010620
v 34.87965012 -57.86140060 125.87860107
v 60.54994965 -35.30989075 136.64799500
v 54.22198105 -40.29140091 125.84359741
v 60.54994965 -35.30989075 136.64799500
v 59.98480988 -43.34706879 153.29640198
v 54.22198105 -40.29140091 125.84359741
v 59.98480988 -43.34706879 153.29640198
v 51.13142014 -44.14744949 125.84359741
v 55.04076004 -49.47385025 153.29640198
v 51.13142014 -44.14744949 125.84359741
v 55.04076004 -49.47385025 153.29640198
v 47.76725006 -47.76725006 125.84359741
v 47.76725006 -47.76725006 125.84359741
v 55.04076004 -49.47385025 153.29640198
v 52.33137894 -52.33137894 153.29640198
v 47.76725006 -47.76725006 125.84359741
v 52.33137894 -52.33137894 153.29640198
v 44.14744949 -51.13142014 125.84359741
v 44.14744949 -51.13142014 125.84359741
v 52.33137894 -52.33137894 153.29640198
v 49.47385025 -55.04076004 153.29640198
v 44.14744949 -51.13142014 125.84359741
v 49.47385025 -55.04076004 153.29640198
v 40.29140091 -54.22198105 125.84359741
v 43.34706879 -59.98480988 153.29640198
v 40.29140091 -54.22198105 125.84359741
v 43.34706879 -59.98480988 153.29640198
v 35.75532913 -62.54550934 144.94560242
v 36.72977066 -64.25006866 153.29640198
v 40.29140091 -54.22198105 125.84359741
v 34.87482834 -57.85469818 125.84359741
v 34.79169083 -57.84278870 125.38590240
v 47.76725006 -47.76725006 125.84359741
v 49.88309860 -45.47444916 125.38590240
v 51.13142014 -44.14744949 125.84359741
v 51.13142014 -44.14744949 125.84359741
v 49.88309860 -45.47444916 125.38590240
v 51.09123993 -44.11275864 125.38590240
v 51.13142014 -44.14744949 125.84359741
v 51.09123993 -44.11275864 125.38590240
v 54.22198105 -40.29140091 125.84359741
v 54.17935944 -40.25973892 125.38590240
v 54.22198105 -40.29140091 125.84359741
v 54.17935944 -40.25973892 125.38590240
v 57.85469818 -34.87482834 125.84359741
v 57.85469818 -34.87482834 125.84359741
v 54.17935944 -40.25973892 125.38590240
v 57.38964844 -35.53416824 125.38590240
v 57.85469818 -34.87482834 125.84359741
v 57.38964844 -35.53416824 125.38590240
v 57.84278870 -34.79169083 125.38590240
v 34.79169083 -57.84278870 125.38590240
v 40.25973892 -54.17935944 125.38590240
v 40.29140091 -54.22198105 125.84359741
v 40.29140091 -54.22198105 125.84359741
v 40.25973892 -54.17935944 125.38590240
v 40.67784119 -53.86616135 125.38590240
v 40.29140091 -54.22198105 125.84359741
v 40.67784119 -53.86616135 125.38590240
v 44.14744949 -51.13142014 125.84359741
v 44.14744949 -51.13142014 125.84359741
v 40.67784119 -53.86616135 125.38590240
v 44.11275864 -51.09123993 125.38590240
v 44.14744949 -51.13142014 125.84359741
v 44.11275864 -51.09123993 125.38590240
v 47.76725006 -47.76725006 125.84359741
v 47.72970963 -47.72970963 125.38590240
v 47.76725006 -47.76725006 125.84359741
v 47.72970963 -47.72970963 125.38590240
v 49.88309860 -45.47444916 125.38590240
v 66.82285309 9.53721237 117.08809662
v 66.43421936 11.94758034 119.88400269
v 66.49623871 11.58133984 119.85590363
v 66.49623871 11.58133984 119.85590363
v 66.43421936 11.94758034 119.88400269
v 66.34539795 12.43134022 120.51309967
v 66.49623871 11.58133984 119.85590363
v 66.34539795 12.43134022 120.51309967
v 65.87026978 14.61839962 125.38590240
v 65.87026978 14.61839962 125.38590240
v 66.34539795 12.43134022 120.51309967
v 65.95397186 14.36400032 123.34690094
v 65.87026978 14.61839962 125.38590240
v 65.95397186 14.36400032 123.34690094
v 65.66990662 15.61131954 125.38590240
v 66.99221039 6.89683390 117.34320068
v 67.21721649 4.76790524 115.37439728
v 67.15840149 6.78243303 114.67420197
v 67.15840149 6.78243303 114.67420197
v 67.11338806 7.21412897 114.99770355
v 66.99221039 6.89683390 117.34320068
v 66.99221039 6.89683390 117.34320068
v 67.11338806 7.21412897 114.99770355
v 66.97679138 8.38809204 115.98059845
v 66.97679138 8.38809204 115.98059845
v 66.81163025 8.21115780 118.92330170
v 66.81163025 8.21115780 118.92330170
v 66.97679138 8.38809204 115.98059845
v 66.82285309 9.53721237 117.08809662
v 66.56651306 9.70930958 121.06809998
v 66.49623871 11.58133984 119.85590363
v 66.56651306 9.70930958 121.06809998
v 66.49623871 11.58133984 119.85590363
v 66.10384369 12.02585983 125.11640167
v 65.87026978 14.61839962 125.38590240
v 66.07303619 12.16378021 125.38590240
v 67.38977051 1.90243495 113.86450195
v 67.41081238 3.46893406 112.85859680
v 67.25277710 4.33575678 115.06320190
v 67.25277710 4.33575678 115.06320190
v 67.41081238 3.46893406 112.85859680
v 67.29367828 5.27362013 113.70110321
v 67.21721649 4.76790524 115.37439728
v 67.29367828 5.27362013 113.70110321
v 67.25167084 5.78476286 114.00330353
v 67.42240143 0.00019259 113.57910156
v 67.48990631 1.16723299 112.28939819
v 67.38977051 1.90243495 113.86450195
v 67.38977051 1.90243495 113.86450195
v 67.48990631 1.16723299 112.28939819
v 67.45239258 2.53479695 112.55940247
v 67.45239258 2.53479695 112.55940247
v 67.37091064 -2.38974905 114.02950287
v 67.46884918 -2.05006504 112.44059753
v 67.40985107 -1.17993104 113.68890381
v 67.40985107 -1.17993104 113.68890381
v 67.46884918 -2.05006504 112.44059753
v 67.48986816 -1.16955900 112.28939819
v 67.42240143 0.00019259 113.57910156
v 67.50000000 0.00000000 112.28939819
v 67.50000000 0.00000000 112.28939819
v 67.23419952 -4.56659985 115.22570038
v 66.94384766 -7.27255392 117.76629639
v 66.89817047 -8.99370480 116.54609680
v 66.89817047 -8.99370480 116.54609680
v 67.16237640 -6.74278021 114.64550018
v 67.23419952 -4.56659985 115.22570038
v 67.23419952 -4.56659985 115.22570038
v 67.16237640 -6.74278021 114.64550018
v 67.27111053 -5.55414391 113.86380005
v 67.23419952 -4.56659985 115.22570038
v 67.27111053 -5.55414391 113.86380005
v 67.26637268 -4.15867710 114.94429779
v 67.36627197 -4.24692822 113.17919922
v 67.26637268 -4.15867710 114.94429779
v 67.36627197 -4.24692822 113.17919922
v 67.37091064 -2.38974905 114.02950287
v 67.43739319 -2.90662193 112.66729736
v 67.43739319 -2.90662193 112.66729736
v 66.35601044 -12.34144974 121.08290100
v 66.29720306 -12.68595028 120.87000275
v 66.34278107 -12.44536018 120.54209900
v 66.94384766 -7.27255392 117.76629639
v 66.89653015 -7.62206602 118.18039703
v 66.89817047 -8.99370480 116.54609680
v 66.35601044 -12.34144974 121.08290100
v 66.89817047 -8.99370480 116.54609680
v 66.35601044 -12.34144974 121.08290100
v 66.51737976 -11.47558022 119.28589630
v 66.51737976 -11.47558022 119.28589630
v 66.35601044 -12.34144974 121.08290100
v 66.34278107 -12.44536018 120.54209900
v 63.83750916 -20.67897034 144.46000671
v 63.72027969 -21.75208092 144.00619507
v 64.31578064 -20.05005074 138.93499756
v 64.31578064 -20.05005074 138.93499756
v 63.72027969 -21.75208092 144.00619507
v 63.53997040 -22.66268921 143.25909424
v 66.29720306 -12.68595028 120.87000275
v 66.35601044 -12.34144974 121.08290100
v 65.99694061 -14.16532040 123.03009796
v 65.99694061 -14.16532040 123.03009796
v 66.35601044 -12.34144974 121.08290100
v 65.51757812 -16.05471992 128.41929626
v 65.99694061 -14.16532040 123.03009796
v 65.51757812 -16.05471992 128.41929626
v 65.30467224 -17.07484055 128.01109314
v 65.30467224 -17.07484055 128.01109314
v 65.51757812 -16.05471992 128.41929626
v 64.31578064 -20.05005074 138.93499756
v 65.30467224 -17.07484055 128.01109314
v 64.31578064 -20.05005074 138.93499756
v 64.40789032 -20.19592094 134.46270752
v 64.40789032 -20.19592094 134.46270752
v 64.31578064 -20.05005074 138.93499756
v 63.53997040 -22.66268921 143.25909424
v 64.40789032 -20.19592094 134.46270752
v 63.53997040 -22.66268921 143.25909424
v 63.31710052 -23.39220047 142.31030273
v 63.88027954 -19.50971031 144.57260132
v 63.83750916 -20.67897034 144.46000671
v 64.44230652 -17.94182014 139.65480042
v 64.44230652 -17.94182014 139.65480042
v 63.83750916 -20.67897034 144.46000671
v 64.31578064 -20.05005074 138.93499756
v 65.34532928 -15.04125977 131.75329590
v 65.51757812 -16.05471992 128.41929626
v 66.89653015 -7.62206602 118.18039703
v 66.43338776 -10.43085003 122.23290253
v 66.35601044 -12.34144974 121.08290100
v 66.35601044 -12.34144974 121.08290100
v 66.43338776 -10.43085003 122.23290253
v 66.31405640 -11.03617954 123.27700043
v 66.35601044 -12.34144974 121.08290100
v 66.31405640 -11.03617954 123.27700043
v 65.51757812 -16.05471992 128.41929626
v 65.51757812 -16.05471992 128.41929626
v 65.62306213 -14.01747990 129.32330322
v 65.62306213 -14.01747990 129.32330322
v 65.70970154 6.18344307 112.28939819
v 65.71645355 6.11135006 112.29620361
v 65.71646118 6.11125803 112.28939819
v 65.72312927 6.03906679 112.28939819
v 67.21617889 6.18344307 112.28939819
v 65.70970154 6.18344307 112.28939819
v 65.71646118 6.11125803 112.28939819
v 67.22277832 6.11125803 112.28939819
v 65.72312927 6.03906679 112.28939819
v 67.22930908 6.03906679 112.28939819
v 67.22930908 6.03906679 112.28939819
v 65.72312927 6.03906679 112.28939819
v 67.22277069 6.11135006 112.29620361
v 65.71645355 6.11135006 112.29620361
v 67.22277069 6.11135006 112.29620361
v 65.71645355 6.11135006 112.29620361
v 67.21617889 6.18344307 112.28939819
v 65.70970154 6.18344307 112.28939819
v 61.34759140 -19.91789055 66.38986969
v 64.49440002 -19.91789055 66.38986969
v 64.98390961 -18.25762939 66.79972076
v 61.86201096 -18.25762939 66.79972076
v 61.86201096 -18.25762939 66.79972076
v 64.98390961 -18.25762939 66.79972076
v 65.33113098 -16.97331047 67.93981934
v 62.22666168 -16.97331047 67.93981934
v 62.22666168 -16.97331047 67.93981934
v 65.33113098 -16.97331047 67.93981934
v 65.48793793 -16.35788918 69.62513733
v 62.39125824 -16.35788918 69.62513733
v 62.39125824 -16.35788918 69.62513733
v 65.48793793 -16.35788918 69.62513733
v 65.45664978 -16.48261070 70.96035767
v 62.35842896 -16.48261070 70.96035767
v 62.35842896 -16.48261070 70.96035767
v 65.45664978 -16.48261070 70.96035767
v 65.24582672 -17.29832077 72.39700317
v 62.13708878 -17.29832077 72.39700317
v 62.13708878 -17.29832077 72.39700317
v 65.24582672 -17.29832077 72.39700317
v 65.14099121 -17.68899918 72.75982666
v 62.02700043 -17.68899918 72.75982666
v 62.02700043 -17.68899918 72.75982666
v 65.14099121 -17.68899918 72.75982666
v 64.69394684 -19.25988007 73.48136139
v 61.55735016 -19.25988007 73.48136139
v 61.55735016 -19.25988007 73.48136139
v 64.69394684 -19.25988007 73.48136139
v 64.49440002 -19.91789055 73.54216003
v 61.34759140 -19.91789055 73.54216003
v 61.34759140 -19.91789055 73.54216003
v 64.49440002 -19.91789055 73.54216003
v 63.95806122 -21.57814980 73.13230133
v 60.78350067 -21.57814980 73.13230133
v 60.78350067 -21.57814980 73.13230133
v 63.95806122 -21.57814980 73.13230133
v 63.51029968 -22.86247063 71.99220276
v 60.31216812 -22.86247063 71.99220276
v 60.31216812 -22.86247063 71.99220276
v 63.51029968 -22.86247063 71.99220276
v 60.15354919 -23.27660942 71.19358063
v 63.35964966 -23.27671051 71.19329834
v 60.15354919 -23.27660942 71.19358063
v 63.35964966 -23.27671051 71.19329834
v 60.07527161 -23.47789001 70.30687714
v 63.28536987 -23.47789001 70.30687714
v 60.07527161 -23.47789001 70.30687714
v 63.28536987 -23.47789001 70.30687714
v 63.33150864 -23.35317039 68.97165680
v 60.12387085 -23.35317039 68.97165680
v 60.12387085 -23.35317039 68.97165680
v 63.33150864 -23.35317039 68.97165680
v 63.62635040 -22.53746033 67.53501892
v 60.43436813 -22.53746033 67.53501892
v 60.43436813 -22.53746033 67.53501892
v 63.62635040 -22.53746033 67.53501892
v 63.76338959 -22.14678001 67.17218781
v 60.57862854 -22.14678001 67.17218781
v 60.57862854 -22.14678001 67.17218781
v 63.76338959 -22.14678001 67.17218781
v 64.28749847 -20.57589912 66.45066071
v 61.13003922 -20.57589912 66.45066071
v 61.13003922 -20.57589912 66.45066071
v 64.28749847 -20.57589912 66.45066071
v 64.49440002 -19.91789055 66.38986969
v 61.34759140 -19.91789055 66.38986969
v 61.34759140 -19.91789055 66.38986969
v 61.86201096 -18.25762939 66.79972076
v 62.22666168 -16.97331047 67.93981934
v 62.35842896 -16.48261070 70.96035767
v 62.13708878 -17.29832077 72.39700317
v 60.15354919 -23.27660942 71.19358063
v 60.15354919 -23.27660942 71.19358063
v 62.13708878 -17.29832077 72.39700317
v 62.02700043 -17.68899918 72.75982666
v 60.78350067 -21.57814980 73.13230133
v 60.31216812 -22.86247063 71.99220276
v 61.34759140 -19.91789055 73.54216003
v 61.34759140 -19.91789055 73.54216003
v 60.31216812 -22.86247063 71.99220276
v 60.15354919 -23.27660942 71.19358063
v 61.55735016 -19.25988007 73.48136139
v 61.55735016 -19.25988007 73.48136139
v 60.15354919 -23.27660942 71.19358063
v 62.02700043 -17.68899918 72.75982666
v 60.15354919 -23.27660942 71.19358063
v 60.07527161 -23.47789001 70.30687714
v 60.36872864 -22.71269035 69.18289185
v 60.12387085 -23.35317039 68.97165680
v 60.43436813 -22.53746033 67.53501892
v 60.36872864 -22.71269035 69.18289185
v 60.43436813 -22.53746033 67.53501892
v 60.57862854 -22.14678001 67.17218781
v 60.36872864 -22.71269035 69.18289185
v 60.57862854 -22.14678001 67.17218781
v 61.13003922 -20.57589912 66.45066071
v 61.13003922 -20.57589912 66.45066071
v 61.34759140 -19.91789055 66.38986969
v 60.36872864 -22.71269035 69.18289185
v 60.36872864 -22.71269035 69.18289185
v 61.34759140 -19.91789055 66.38986969
v 62.22666168 -16.97331047 67.93981934
v 60.36872864 -22.71269035 69.18289185
v 62.22666168 -16.97331047 67.93981934
v 60.15354919 -23.27660942 71.19358063
v 62.39125824 -16.35788918 69.62513733
v 60.15354919 -23.27660942 71.19358063
v 62.39125824 -16.35788918 69.62513733
v 62.35842896 -16.48261070 70.96035767
v 66.12255859 -13.56674004 70.36898041
v 63.05706024 -13.56674004 70.36898041
v 66.12255859 -13.56674004 79.03710175
v 63.05706024 -13.56674004 87.05348206
v 66.12255859 -13.56674004 87.05348206
v 63.72652054 -9.95894527 91.03259277
v 66.76129150 -9.95894527 91.03259277
v 66.51278687 -11.50216007 90.64778137
v 63.46612930 -11.50216007 90.64778137
v 63.46612930 -11.50216007 90.64778137
v 66.51278687 -11.50216007 90.64778137
v 66.33956909 -12.46240044 89.91256714
v 63.46612930 -11.50216007 90.64778137
v 66.33956909 -12.46240044 89.91256714
v 63.21316910 -12.81970978 89.47142029
v 66.33956909 -12.46240044 89.91256714
v 66.27144623 -12.81970978 89.47142029
v 63.21316910 -12.81970978 89.47142029
v 63.21316910 -12.81970978 89.47142029
v 66.27144623 -12.81970978 89.47142029
v 66.13186646 -13.52130032 87.68331146
v 63.06681824 -13.52130032 87.68331146
v 63.06681824 -13.52130032 87.68331146
v 66.13186646 -13.52130032 87.68331146
v 66.12255859 -13.56674004 87.05348206
v 63.05706024 -13.56674004 87.05348206
v 64.18656158 -6.35115194 87.05348206
v 67.20053864 -6.35115194 87.05348206
v 67.15287018 -6.83679485 89.04183197
v 64.13665009 -6.83679485 89.04183197
v 64.13665009 -6.83679485 89.04183197
v 67.15287018 -6.83679485 89.04183197
v 67.01426697 -8.08314705 90.44866180
v 63.99150085 -8.08314705 90.44866180
v 63.99150085 -8.08314705 90.44866180
v 67.01426697 -8.08314705 90.44866180
v 66.81951141 -9.56053829 91.00827026
v 63.78749847 -9.56053829 91.00827026
v 63.78749847 -9.56053829 91.00827026
v 66.81951141 -9.56053829 91.00827026
v 66.76129150 -9.95894527 91.03259277
v 63.72652054 -9.95894527 91.03259277
v 64.18656158 -6.35115194 70.36898041
v 67.20053864 -6.35115194 70.36898041
v 64.18656158 -6.35115194 87.05348206
v 67.20053864 -6.35115194 79.03710175
v 67.20053864 -6.35115194 87.05348206
v 63.72652054 -9.95894527 66.38986969
v 66.76129150 -9.95894527 66.38986969
v 66.97332001 -8.41572571 66.77468109
v 63.94860840 -8.41572571 66.77468109
v 63.94860840 -8.41572571 66.77468109
v 66.97332001 -8.41572571 66.77468109
v 67.12574768 -7.09817600 67.95104218
v 64.10823822 -7.09817600 67.95104218
v 64.10823822 -7.09817600 67.95104218
v 67.12574768 -7.09817600 67.95104218
v 67.19624329 -6.39658594 69.73914337
v 64.18203735 -6.39658594 69.73914337
v 64.18203735 -6.39658594 69.73914337
v 67.19624329 -6.39658594 69.73914337
v 67.20053864 -6.35115194 70.36898041
v 64.18656158 -6.35115194 70.36898041
v 63.05706024 -13.56674004 70.36898041
v 66.12255859 -13.56674004 70.36898041
v 66.22035217 -13.08108997 68.38063049
v 66.33482361 -12.48770046 67.53710938
v 63.40496063 -11.83473969 66.97380066
v 66.22035217 -13.08108997 68.38063049
v 66.22035217 -13.08108997 68.38063049
v 63.40496063 -11.83473969 66.97380066
v 63.15959930 -13.08108997 68.38063049
v 63.15959930 -13.08108997 68.38063049
v 66.33482361 -12.48770046 67.53710938
v 66.45440674 -11.83473969 66.97380066
v 63.40496063 -11.83473969 66.97380066
v 63.40496063 -11.83473969 66.97380066
v 66.45440674 -11.83473969 66.97380066
v 66.70063782 -10.35735035 66.41419220
v 63.66297913 -10.35735035 66.41419220
v 63.66297913 -10.35735035 66.41419220
v 66.70063782 -10.35735035 66.41419220
v 66.76129150 -9.95894527 66.38986969
v 63.72652054 -9.95894527 66.38986969
v 63.05706024 -13.56674004 70.36898041
v 63.15959930 -13.08108997 68.38063049
v 64.18656158 -6.35115194 70.36898041
v 64.18656158 -6.35115194 70.36898041
v 63.15959930 -13.08108997 68.38063049
v 63.40496063 -11.83473969 66.97380066
v 63.66297913 -10.35735035 66.41419220
v 63.72652054 -9.95894527 66.38986969
v 63.98196030 -8.15829182 68.37943268
v 63.66297913 -10.35735035 66.41419220
v 64.18656158 -6.35115194 70.36898041
v 63.66297913 -10.35735035 66.41419220
v 63.98196030 -8.15829182 68.37943268
v 64.18656158 -6.35115194 70.36898041
v 63.98196030 -8.15829182 68.37943268
v 64.18203735 -6.39658594 69.73914337
v 63.72652054 -9.95894527 66.38986969
v 63.94860840 -8.41572571 66.77468109
v 63.98196030 -8.15829182 68.37943268
v 63.98196030 -8.15829182 68.37943268
v 63.94860840 -8.41572571 66.77468109
v 64.10823822 -7.09817600 67.95104218
v 64.18203735 -6.39658594 69.73914337
v 64.13665009 -6.83679485 89.04183197
v 63.99150085 -8.08314705 90.44866180
v 63.05706024 -13.56674004 87.05348206
v 63.78749847 -9.56053829 91.00827026
v 63.72652054 -9.95894527 91.03259277
v 63.41746140 -11.76760006 89.04302979
v 63.78749847 -9.56053829 91.00827026
v 63.05706024 -13.56674004 87.05348206
v 63.78749847 -9.56053829 91.00827026
v 63.41746140 -11.76760006 89.04302979
v 63.05706024 -13.56674004 87.05348206
v 63.41746140 -11.76760006 89.04302979
v 63.06681824 -13.52130032 87.68331146
v 63.72652054 -9.95894527 91.03259277
v 63.46612930 -11.50216007 90.64778137
v 63.41746140 -11.76760006 89.04302979
v 63.41746140 -11.76760006 89.04302979
v 63.46612930 -11.50216007 90.64778137
v 63.21316910 -12.81970978 89.47142029
v 63.06681824 -13.52130032 87.68331146
v 63.05706024 -13.56674004 70.36898041
v 64.18656158 -6.35115194 70.36898041
v 63.05706024 -13.56674004 87.05348206
v 64.18656158 -6.35115194 87.05348206
v 63.05706024 -13.56674004 87.05348206
v 64.18656158 -6.35115194 87.05348206
v 64.13665009 -6.83679485 89.04183197
v 64.39901733 -3.60779190 89.84552002
v 67.40351868 -3.60779190 89.84552002
v 64.39901733 -3.60779190 70.36898041
v 67.40351868 -3.60779190 79.03710175
v 67.40351868 -3.60779190 70.36898041
v 64.50000000 0.00000000 93.82463074
v 67.50000000 0.00000000 93.82463074
v 67.48236084 -1.54321897 93.43981934
v 64.48153687 -1.54321897 93.43981934
v 64.48153687 -1.54321897 93.43981934
v 67.48236084 -1.54321897 93.43981934
v 67.43934631 -2.86076903 92.26345062
v 64.43653107 -2.86076903 92.26345062
v 64.43653107 -2.86076903 92.26345062
v 67.43934631 -2.86076903 92.26345062
v 67.40592957 -3.56235790 90.47534943
v 64.40155029 -3.56235790 90.47534943
v 64.40155029 -3.56235790 90.47534943
v 67.40592957 -3.56235790 90.47534943
v 67.40351868 -3.60779190 89.84552002
v 64.39901733 -3.60779190 89.84552002
v 64.39901733 3.60779190 89.84552002
v 67.40351868 3.60779190 89.84552002
v 67.42775726 3.12214994 91.83386993
v 64.42439270 3.12214994 91.83386993
v 64.42439270 3.12214994 91.83386993
v 67.42775726 3.12214994 91.83386993
v 67.47393036 1.87579799 93.24069214
v 64.47271729 1.87579799 93.24069214
v 64.47271729 1.87579799 93.24069214
v 67.47393036 1.87579799 93.24069214
v 67.49883270 0.39840749 93.80030823
v 64.49877167 0.39840749 93.80030823
v 64.49877167 0.39840749 93.80030823
v 67.49883270 0.39840749 93.80030823
v 67.50000000 0.00000000 93.82463074
v 64.50000000 0.00000000 93.82463074
v 67.40351868 3.60779190 89.84552002
v 64.39901733 3.60779190 89.84552002
v 67.40351868 3.60779190 79.03710175
v 64.39901733 3.60779190 70.36898041
v 67.40351868 3.60779190 70.36898041
v 64.50000000 0.00000000 66.38986969
v 67.50000000 0.00000000 66.38986969
v 67.48236084 1.54321897 66.77468109
v 64.48153687 1.54321897 66.77468109
v 64.48153687 1.54321897 66.77468109
v 67.48236084 1.54321897 66.77468109
v 67.43934631 2.86076903 67.95104218
v 64.43653107 2.86076903 67.95104218
v 64.43653107 2.86076903 67.95104218
v 67.43934631 2.86076903 67.95104218
v 67.40592957 3.56235790 69.73914337
v 64.40155029 3.56235790 69.73914337
v 64.40155029 3.56235790 69.73914337
v 67.40592957 3.56235790 69.73914337
v 67.40351868 3.60779190 70.36898041
v 64.39901733 3.60779190 70.36898041
v 64.39901733 -3.60779190 70.36898041
v 67.40351868 -3.60779190 70.36898041
v 67.42775726 -3.12214994 68.38063049
v 64.42439270 -3.12214994 68.38063049
v 64.42439270 -3.12214994 68.38063049
v 67.42775726 -3.12214994 68.38063049
v 67.47393036 -1.87579799 66.97380066
v 64.47271729 -1.87579799 66.97380066
v 64.47271729 -1.87579799 66.97380066
v 67.47393036 -1.87579799 66.97380066
v 67.49883270 -0.39840749 66.41419220
v 64.49877167 -0.39840749 66.41419220
v 64.49877167 -0.39840749 66.41419220
v 67.49883270 -0.39840749 66.41419220
v 67.50000000 0.00000000 66.38986969
v 64.50000000 0.00000000 66.38986969
v 64.39901733 -3.60779190 89.84552002
v 64.39901733 3.60779190 89.84552002
v 64.42439270 3.12214994 91.83386993
v 64.48153687 -1.54321897 93.43981934
v 64.43653107 -2.86076903 92.26345062
v 64.50000000 0.00000000 93.82463074
v 64.50000000 0.00000000 93.82463074
v 64.43653107 -2.86076903 92.26345062
v 64.40155029 -3.56235790 90.47534943
v 64.40155029 -3.56235790 90.47534943
v 64.49877167 0.39840749 93.80030823
v 64.49877167 0.39840749 93.80030823
v 64.40155029 -3.56235790 90.47534943
v 64.39901733 -3.60779190 89.84552002
v 64.49877167 0.39840749 93.80030823
v 64.39901733 -3.60779190 89.84552002
v 64.47271729 1.87579799 93.24069214
v 64.42439270 3.12214994 91.83386993
v 64.48153687 1.54321897 66.77468109
v 64.43653107 2.86076903 67.95104218
v 64.50000000 0.00000000 66.38986969
v 64.50000000 0.00000000 66.38986969
v 64.43653107 2.86076903 67.95104218
v 64.40155029 3.56235790 69.73914337
v 64.40155029 3.56235790 69.73914337
v 64.49877167 -0.39840749 66.41419220
v 64.49877167 -0.39840749 66.41419220
v 64.40155029 3.56235790 69.73914337
v 64.39901733 3.60779190 70.36898041
v 64.49877167 -0.39840749 66.41419220
v 64.39901733 3.60779190 70.36898041
v 64.47271729 -1.87579799 66.97380066
v 64.42439270 -3.12214994 68.38063049
v 64.39901733 3.60779190 89.84552002
v 64.39901733 -3.60779190 89.84552002
v 64.39901733 3.60779190 70.36898041
v 64.39901733 -3.60779190 70.36898041
v 64.39901733 3.60779190 70.36898041
v 64.39901733 -3.60779190 70.36898041
v 64.42439270 -3.12214994 68.38063049
v 67.20053864 6.35115194 70.36898041
v 64.18656158 6.35115194 70.36898041
v 67.20053864 6.35115194 79.03710175
v 64.18656158 6.35115194 87.05348206
v 67.20053864 6.35115194 87.05348206
v 63.72652054 9.95894527 91.03259277
v 66.76129150 9.95894527 91.03259277
v 66.97332001 8.41572571 90.64778137
v 63.94860840 8.41572571 90.64778137
v 63.94860840 8.41572571 90.64778137
v 66.97332001 8.41572571 90.64778137
v 67.12574768 7.09817600 89.47142029
v 64.10823822 7.09817600 89.47142029
v 64.10823822 7.09817600 89.47142029
v 67.12574768 7.09817600 89.47142029
v 67.19624329 6.39658594 87.68331146
v 64.18203735 6.39658594 87.68331146
v 64.18203735 6.39658594 87.68331146
v 67.19624329 6.39658594 87.68331146
v 67.20053864 6.35115194 87.05348206
v 64.18656158 6.35115194 87.05348206
v 63.05706024 13.56674004 87.05348206
v 66.12255859 13.56674004 87.05348206
v 66.22035217 13.08108997 89.04183197
v 66.33482361 12.48770046 89.88533783
v 63.40496063 11.83473969 90.44866180
v 66.22035217 13.08108997 89.04183197
v 66.22035217 13.08108997 89.04183197
v 63.40496063 11.83473969 90.44866180
v 63.15959930 13.08108997 89.04183197
v 63.15959930 13.08108997 89.04183197
v 66.33482361 12.48770046 89.88533783
v 66.45440674 11.83473969 90.44866180
v 63.40496063 11.83473969 90.44866180
v 63.40496063 11.83473969 90.44866180
v 66.45440674 11.83473969 90.44866180
v 66.70063782 10.35735035 91.00827026
v 63.66297913 10.35735035 91.00827026
v 63.66297913 10.35735035 91.00827026
v 66.70063782 10.35735035 91.00827026
v 66.76129150 9.95894527 91.03259277
v 63.72652054 9.95894527 91.03259277
v 63.05706024 13.56674004 70.36898041
v 66.12255859 13.56674004 70.36898041
v 63.05706024 13.56674004 87.05348206
v 66.12255859 13.56674004 79.03710175
v 66.12255859 13.56674004 87.05348206
v 63.72652054 9.95894527 66.38986969
v 66.76129150 9.95894527 66.38986969
v 66.51278687 11.50216007 66.77468109
v 63.46612930 11.50216007 66.77468109
v 63.46612930 11.50216007 66.77468109
v 66.51278687 11.50216007 66.77468109
v 66.33956909 12.46240044 67.50988770
v 63.46612930 11.50216007 66.77468109
v 66.33956909 12.46240044 67.50988770
v 63.21316910 12.81970978 67.95104218
v 66.33956909 12.46240044 67.50988770
v 66.27144623 12.81970978 67.95104218
v 63.21316910 12.81970978 67.95104218
v 63.21316910 12.81970978 67.95104218
v 66.27144623 12.81970978 67.95104218
v 66.13186646 13.52130032 69.73914337
v 63.06681824 13.52130032 69.73914337
v 63.06681824 13.52130032 69.73914337
v 66.13186646 13.52130032 69.73914337
v 66.12255859 13.56674004 70.36898041
v 63.05706024 13.56674004 70.36898041
v 64.18656158 6.35115194 70.36898041
v 67.20053864 6.35115194 70.36898041
v 67.15287018 6.83679485 68.38063049
v 64.13665009 6.83679485 68.38063049
v 64.13665009 6.83679485 68.38063049
v 67.15287018 6.83679485 68.38063049
v 67.01426697 8.08314705 66.97380066
v 63.99150085 8.08314705 66.97380066
v 63.99150085 8.08314705 66.97380066
v 67.01426697 8.08314705 66.97380066
v 66.81951141 9.56053829 66.41419220
v 63.78749847 9.56053829 66.41419220
v 63.78749847 9.56053829 66.41419220
v 66.81951141 9.56053829 66.41419220
v 66.76129150 9.95894527 66.38986969
v 63.72652054 9.95894527 66.38986969
v 63.05706024 13.56674004 87.05348206
v 63.15959930 13.08108997 89.04183197
v 64.18656158 6.35115194 87.05348206
v 64.18656158 6.35115194 87.05348206
v 63.15959930 13.08108997 89.04183197
v 63.40496063 11.83473969 90.44866180
v 63.66297913 10.35735035 91.00827026
v 63.72652054 9.95894527 91.03259277
v 63.98196030 8.15829182 89.04302979
v 63.66297913 10.35735035 91.00827026
v 64.18656158 6.35115194 87.05348206
v 63.66297913 10.35735035 91.00827026
v 63.98196030 8.15829182 89.04302979
v 64.18656158 6.35115194 87.05348206
v 63.98196030 8.15829182 89.04302979
v 64.18203735 6.39658594 87.68331146
v 63.72652054 9.95894527 91.03259277
v 63.94860840 8.41572571 90.64778137
v 63.98196030 8.15829182 89.04302979
v 63.98196030 8.15829182 89.04302979
v 63.94860840 8.41572571 90.64778137
v 64.10823822 7.09817600 89.47142029
v 64.18203735 6.39658594 87.68331146
v 64.13665009 6.83679485 68.38063049
v 63.99150085 8.08314705 66.97380066
v 63.05706024 13.56674004 70.36898041
v 63.78749847 9.56053829 66.41419220
v 63.72652054 9.95894527 66.38986969
v 63.41746140 11.76760006 68.37943268
v 63.78749847 9.56053829 66.41419220
v 63.05706024 13.56674004 70.36898041
v 63.78749847 9.56053829 66.41419220
v 63.41746140 11.76760006 68.37943268
v 63.05706024 13.56674004 70.36898041
v 63.41746140 11.76760006 68.37943268
v 63.06681824 13.52130032 69.73914337
v 63.72652054 9.95894527 66.38986969
v 63.46612930 11.50216007 66.77468109
v 63.41746140 11.76760006 68.37943268
v 63.41746140 11.76760006 68.37943268
v 63.46612930 11.50216007 66.77468109
v 63.21316910 12.81970978 67.95104218
v 63.06681824 13.52130032 69.73914337
v 63.05706024 13.56674004 87.05348206
v 64.18656158 6.35115194 87.05348206
v 63.05706024 13.56674004 70.36898041
v 64.18656158 6.35115194 70.36898041
v 63.05706024 13.56674004 70.36898041
v 64.18656158 6.35115194 70.36898041
v 64.13665009 6.83679485 68.38063049
v 65.49984741 16.31010056 70.36898041
v 62.40377045 16.31010056 70.36898041
v 65.49984741 16.31010056 79.03710175
v 62.40377045 16.31010056 79.30928040
v 65.49984741 16.31010056 79.30928040
v 61.34759140 19.91789055 83.28839111
v 64.49440002 19.91789055 83.28839111
v 64.95092010 18.37467003 82.90357971
v 61.82735062 18.37467003 82.90357971
v 61.82735062 18.37467003 82.90357971
v 64.95092010 18.37467003 82.90357971
v 65.30931091 17.05711937 81.72721100
v 62.20373154 17.05711937 81.72721100
v 62.20373154 17.05711937 81.72721100
v 65.30931091 17.05711937 81.72721100
v 65.48853302 16.35552979 79.93910217
v 62.39188004 16.35552979 79.93910217
v 62.39188004 16.35552979 79.93910217
v 65.48853302 16.35552979 79.93910217
v 65.49984741 16.31010056 79.30928040
v 62.40377045 16.31010056 79.30928040
v 60.05656815 23.52568054 79.30928040
v 63.26763153 23.52568054 79.30928040
v 63.44609070 23.04003906 81.29763031
v 60.24456024 23.04003906 81.29763031
v 60.24456024 23.04003906 81.29763031
v 63.44609070 23.04003906 81.29763031
v 63.88494110 21.79368973 82.70446014
v 60.70655060 21.79368973 82.70446014
v 60.70655060 21.79368973 82.70446014
v 63.88494110 21.79368973 82.70446014
v 64.37001038 20.31629944 83.26406097
v 61.21680832 20.31629944 83.26406097
v 61.21680832 20.31629944 83.26406097
v 64.37001038 20.31629944 83.26406097
v 64.49440002 19.91789055 83.28839111
v 61.34759140 19.91789055 83.28839111
v 63.26763153 23.52568054 79.30928040
v 60.05656815 23.52568054 79.30928040
v 63.26763153 23.52568054 79.03710175
v 60.05656815 23.52568054 70.36898041
v 63.26763153 23.52568054 70.36898041
v 61.34759140 19.91789055 66.38986969
v 64.49440002 19.91789055 66.38986969
v 63.99742126 21.46110916 66.77468109
v 60.82492065 21.46110916 66.77468109
v 60.82492065 21.46110916 66.77468109
v 63.99742126 21.46110916 66.77468109
v 63.54040146 22.77865982 67.95104218
v 60.34386826 22.77865982 67.95104218
v 60.34386826 22.77865982 67.95104218
v 63.54040146 22.77865982 67.95104218
v 63.28450012 23.48024940 69.73914337
v 60.07434845 23.48024940 69.73914337
v 60.07434845 23.48024940 69.73914337
v 63.28450012 23.48024940 69.73914337
v 63.26763153 23.52568054 70.36898041
v 60.05656815 23.52568054 70.36898041
v 62.40377045 16.31010056 70.36898041
v 65.49984741 16.31010056 70.36898041
v 65.37700653 16.79574013 68.38063049
v 62.27481842 16.79574013 68.38063049
v 62.27481842 16.79574013 68.38063049
v 65.37700653 16.79574013 68.38063049
v 65.04409027 18.04208946 66.97380066
v 61.92522049 18.04208946 66.97380066
v 61.92522049 18.04208946 66.97380066
v 65.04409027 18.04208946 66.97380066
v 64.61609650 19.51947975 66.41419220
v 61.47552109 19.51947975 66.41419220
v 61.47552109 19.51947975 66.41419220
v 64.61609650 19.51947975 66.41419220
v 64.49440002 19.91789055 66.38986969
v 61.34759140 19.91789055 66.38986969
v 60.05656815 23.52568054 79.30928040
v 60.24456024 23.04003906 81.29763031
v 62.40377045 16.31010056 79.30928040
v 62.40377045 16.31010056 79.30928040
v 60.24456024 23.04003906 81.29763031
v 60.70655060 21.79368973 82.70446014
v 61.21680832 20.31629944 83.26406097
v 61.34759140 19.91789055 83.28839111
v 61.90196991 18.12169075 81.29882812
v 61.21680832 20.31629944 83.26406097
v 62.40377045 16.31010056 79.30928040
v 61.21680832 20.31629944 83.26406097
v 61.90196991 18.12169075 81.29882812
v 62.40377045 16.31010056 79.30928040
v 61.90196991 18.12169075 81.29882812
v 62.39188004 16.35552979 79.93910217
v 61.34759140 19.91789055 83.28839111
v 61.82735062 18.37467003 82.90357971
v 61.90196991 18.12169075 81.29882812
v 61.82735062 18.37467003 82.90357971
v 62.20373154 17.05711937 81.72721100
v 62.27481842 16.79574013 68.38063049
v 61.92522049 18.04208946 66.97380066
v 60.05656815 23.52568054 70.36898041
v 61.47552109 19.51947975 66.41419220
v 60.05656815 23.52568054 70.36898041
v 61.47552109 19.51947975 66.41419220
v 60.72888184 21.73138046 68.37943268
v 60.72888184 21.73138046 68.37943268
v 61.47552109 19.51947975 66.41419220
v 61.34759140 19.91789055 66.38986969
v 61.34759140 19.91789055 66.38986969
v 60.82492065 21.46110916 66.77468109
v 60.72888184 21.73138046 68.37943268
v 60.72888184 21.73138046 68.37943268
v 60.82492065 21.46110916 66.77468109
v 60.34386826 22.77865982 67.95104218
v 60.72888184 21.73138046 68.37943268
v 60.34386826 22.77865982 67.95104218
v 60.05656815 23.52568054 70.36898041
v 60.05656815 23.52568054 70.36898041
v 60.34386826 22.77865982 67.95104218
v 60.07434845 23.48024940 69.73914337
v 60.05656815 23.52568054 79.30928040
v 62.40377045 16.31010056 79.30928040
v 60.05656815 23.52568054 70.36898041
v 62.40377045 16.31010056 70.36898041
v 60.05656815 23.52568054 70.36898041
v 62.40377045 16.31010056 70.36898041
v 62.27481842 16.79574013 68.38063049
v -60.02381897 -30.87702942 164.51170349
v -60.13317108 -30.66176987 164.38079834
v -60.03408051 -31.28062057 163.72940063
v -60.03408051 -31.28062057 163.72940063
v -60.13317108 -30.66176987 164.38079834
v -60.15167999 -31.06068039 163.60450745
v -60.03408051 -31.28062057 163.72940063
v -60.15167999 -31.06068039 163.60450745
v -60.38682175 -31.78346062 163.09880066
v -60.38682175 -31.78346062 163.09880066
v -60.15167999 -31.06068039 163.60450745
v -60.50772095 -31.55347061 162.97810364
v -64.80696106 -35.75524139 153.29640198
v -64.25006866 -36.72977066 153.29640198
v -64.88056946 -35.75244141 153.59370422
v -64.88056946 -35.75244141 153.59370422
v -64.25006866 -36.72977066 153.29640198
v -64.36000061 -36.79262161 154.01269531
v -64.88056946 -35.75244141 153.59370422
v -64.36000061 -36.79262161 154.01269531
v -65.03868103 -35.64012146 155.42599487
v -65.03868103 -35.64012146 155.42599487
v -64.36000061 -36.79262161 154.01269531
v -64.23468018 -36.72098160 156.37600708
v -65.03868103 -35.64012146 155.42599487
v -64.23468018 -36.72098160 156.37600708
v -64.91136169 -35.53733063 156.37590027
v -64.91136169 -35.53733063 156.37590027
v -64.23468018 -36.72098160 156.37600708
v -64.17587280 -36.68735123 156.62770081
v -64.91136169 -35.53733063 156.37590027
v -64.17587280 -36.68735123 156.62770081
v -64.75640869 -35.47148132 156.93910217
v -64.75640869 -35.47148132 156.93910217
v -64.17587280 -36.68735123 156.62770081
v -63.98178101 -35.32075119 158.40840149
v -63.98178101 -35.32075119 158.40840149
v -64.17587280 -36.68735123 156.62770081
v -63.13451004 -36.09204102 158.86120605
v -63.98178101 -35.32075119 158.40840149
v -63.13451004 -36.09204102 158.86120605
v -63.58478165 -35.30440140 158.86120605
v -61.75672150 -35.30440140 160.69299316
v -63.58478165 -35.30440140 158.86120605
v -63.13451004 -36.09204102 158.86120605
v -58.06880188 -34.41382980 165.59779358
v -58.06903076 -34.41276169 165.63519287
v -59.18154144 -32.46221161 165.23599243
v -58.17895126 -34.50201035 164.89990234
v -59.21495056 -32.74604034 164.47349548
v -58.47666931 -34.69797897 164.31669617
v -58.47666931 -34.69797897 164.31669617
v -59.21495056 -32.74604034 164.47349548
v -59.53355026 -33.14228058 163.83729553
v -59.18154144 -32.46221161 165.23599243
v -60.02381897 -30.87702942 164.51170349
v -60.03408051 -31.28062057 163.72940063
v -60.38682175 -31.78346062 163.09880066
v -59.53355026 -33.14228058 163.83729553
v -60.03408051 -31.28062057 163.72940063
v -60.03408051 -31.28062057 163.72940063
v -59.53355026 -33.14228058 163.83729553
v -59.21495056 -32.74604034 164.47349548
v -60.03408051 -31.28062057 163.72940063
v -59.21495056 -32.74604034 164.47349548
v -59.18154144 -32.46221161 165.23599243
v -59.18154144 -32.46221161 165.23599243
v -59.21495056 -32.74604034 164.47349548
v -58.17895126 -34.50201035 164.89990234
v -59.18154144 -32.46221161 165.23599243
v -58.17895126 -34.50201035 164.89990234
v -58.06880188 -34.41382980 165.59779358
v -64.80696106 -35.75524139 153.29640198
v -62.54550934 -35.75532913 144.94560242
v -64.25006866 -36.72977066 153.29640198
v -59.10691071 -27.38759041 174.29460144
v -59.11188126 -27.27444077 174.28010559
v -59.50672150 -27.29727936 172.97700500
v -59.00040054 -31.15954018 172.42379761
v -59.77579117 -30.02370071 170.62170410
v -58.29190063 -33.09074020 171.73480225
v -58.29190063 -33.09074020 171.73480225
v -59.77579117 -30.02370071 170.62170410
v -58.84352875 -32.82767105 169.39120483
v -59.00040054 -31.15954018 172.42379761
v -59.38835907 -29.39521980 172.72399902
v -59.77579117 -30.02370071 170.62170410
v -59.77579117 -30.02370071 170.62170410
v -59.38835907 -29.39521980 172.72399902
v -59.50946045 -27.41091919 172.96609497
v -59.77579117 -30.02370071 170.62170410
v -59.50946045 -27.41091919 172.96609497
v -59.90026855 -27.01029968 171.67820740
v -58.29190063 -33.09074020 171.73480225
v -57.50651169 -32.93175888 174.59500122
v -59.00040054 -31.15954018 172.42379761
v -59.00040054 -31.15954018 172.42379761
v -57.50651169 -32.93175888 174.59500122
v -58.64704895 -30.18882942 174.55209351
v -59.00040054 -31.15954018 172.42379761
v -58.64704895 -30.18882942 174.55209351
v -59.38835907 -29.39521980 172.72399902
v -59.38835907 -29.39521980 172.72399902
v -58.64704895 -30.18882942 174.55209351
v -59.10691071 -27.38759041 174.29460144
v -59.38835907 -29.39521980 172.72399902
v -59.10691071 -27.38759041 174.29460144
v -59.50946045 -27.41091919 172.96609497
v -59.50946045 -27.41091919 172.96609497
v -59.90026855 -27.01029968 171.67820740
v -60.16313171 -28.74720955 170.10290527
v -59.77579117 -30.02370071 170.62170410
v -59.90026855 -27.01029968 171.67820740
v -59.90346909 -30.39361954 169.34109497
v -60.26657104 -29.49382019 168.63830566
v -59.08860016 -32.57001114 168.19509888
v -59.08860016 -32.57001114 168.19509888
v -60.26657104 -29.49382019 168.63830566
v -59.30049896 -32.24440002 167.00549316
v -60.16313171 -28.74720955 170.10290527
v -59.90026855 -27.01029968 171.67820740
v -60.13811111 -26.89570045 170.86849976
v -60.13811111 -26.89570045 170.86849976
v -59.90026855 -27.01029968 171.67820740
v -60.12715149 -26.78428078 170.90890503
v -60.13811111 -26.89570045 170.86849976
v -60.12715149 -26.78428078 170.90890503
v -60.34035110 -26.51206017 170.14450073
v -60.34035110 -26.51206017 170.14450073
v -60.35329819 -26.61948013 170.09449768
v -60.13811111 -26.89570045 170.86849976
v -60.13811111 -26.89570045 170.86849976
v -60.35329819 -26.61948013 170.09449768
v -60.26657104 -29.49382019 168.63830566
v -60.13811111 -26.89570045 170.86849976
v -60.26657104 -29.49382019 168.63830566
v -60.16313171 -28.74720955 170.10290527
v -60.16313171 -28.74720955 170.10290527
v -60.26657104 -29.49382019 168.63830566
v -59.90346909 -30.39361954 169.34109497
v -60.16313171 -28.74720955 170.10290527
v -59.90346909 -30.39361954 169.34109497
v -59.77579117 -30.02370071 170.62170410
v -59.77579117 -30.02370071 170.62170410
v -59.90346909 -30.39361954 169.34109497
v -59.08860016 -32.57001114 168.19509888
v -59.77579117 -30.02370071 170.62170410
v -59.08860016 -32.57001114 168.19509888
v -58.84352875 -32.82767105 169.39120483
v -60.35329819 -26.61948013 170.09449768
v -60.34035110 -26.51206017 170.14450073
v -61.32455826 -25.05304909 165.81550598
v -61.11264038 -27.71583939 165.30990601
v -60.13317108 -30.66176987 164.38079834
v -60.26657104 -29.49382019 168.63830566
v -60.26657104 -29.49382019 168.63830566
v -60.13317108 -30.66176987 164.38079834
v -60.02381897 -30.87702942 164.51170349
v -60.02381897 -30.87702942 164.51170349
v -61.72346115 -25.94140053 162.43179321
v -61.33747864 -27.66045952 162.91700745
v -61.11264038 -27.71583939 165.30990601
v -61.11264038 -27.71583939 165.30990601
v -61.33747864 -27.66045952 162.91700745
v -60.60060120 -29.66787910 163.81669617
v -61.11264038 -27.71583939 165.30990601
v -60.60060120 -29.66787910 163.81669617
v -60.13317108 -30.66176987 164.38079834
v -60.26657104 -29.49382019 168.63830566
v -60.35329819 -26.61948013 170.09449768
v -61.11264038 -27.71583939 165.30990601
v -61.11264038 -27.71583939 165.30990601
v -60.35329819 -26.61948013 170.09449768
v -61.32455826 -25.05304909 165.81550598
v -61.11264038 -27.71583939 165.30990601
v -61.32455826 -25.05304909 165.81550598
v -61.72346115 -25.94140053 162.43179321
v -61.72346115 -25.94140053 162.43179321
v -61.32455826 -25.05304909 165.81550598
v -61.86204910 -24.20895004 162.23150635
v -60.15167999 -31.06068039 163.60450745
v -60.13317108 -30.66176987 164.38079834
v -60.60060120 -29.66787910 163.81669617
v -60.50772095 -31.55347061 162.97810364
v -60.15167999 -31.06068039 163.60450745
v -60.66044998 -30.02029037 163.06840515
v -60.15167999 -31.06068039 163.60450745
v -60.60060120 -29.66787910 163.81669617
v -60.66044998 -30.02029037 163.06840515
v -60.66044998 -30.02029037 163.06840515
v -60.60060120 -29.66787910 163.81669617
v -61.33747864 -27.66045952 162.91700745
v -60.66044998 -30.02029037 163.06840515
v -61.33747864 -27.66045952 162.91700745
v -61.46664047 -27.89956093 162.21690369
v -61.46664047 -27.89956093 162.21690369
v -61.33747864 -27.66045952 162.91700745
v -61.72346115 -25.94140053 162.43179321
v -61.46664047 -27.89956093 162.21690369
v -61.72346115 -25.94140053 162.43179321
v -61.89194870 -26.06681061 161.76429749
v -61.89194870 -26.06681061 161.76429749
v -61.72346115 -25.94140053 162.43179321
v -61.86204910 -24.20895004 162.23150635
v -61.89194870 -26.06681061 161.76429749
v -61.86204910 -24.20895004 162.23150635
v -62.04774857 -24.20895004 161.59190369
v -60.50772095 -31.55347061 162.97810364
v -60.66044998 -30.02029037 163.06840515
v -61.02664948 -30.44586945 162.45809937
v -61.02664948 -30.44586945 162.45809937
v -60.66044998 -30.02029037 163.06840515
v -61.46664047 -27.89956093 162.21690369
v -61.02664948 -30.44586945 162.45809937
v -61.46664047 -27.89956093 162.21690369
v -61.84941101 -28.17790031 161.63369751
v -61.84941101 -28.17790031 161.63369751
v -61.46664047 -27.89956093 162.21690369
v -61.89194870 -26.06681061 161.76429749
v -61.84941101 -28.17790031 161.63369751
v -61.89194870 -26.06681061 161.76429749
v -62.28137970 -26.20969963 161.20080566
v -62.28137970 -26.20969963 161.20080566
v -61.89194870 -26.06681061 161.76429749
v -62.04774857 -24.20895004 161.59190369
v -62.28137970 -26.20969963 161.20080566
v -62.04774857 -24.20895004 161.59190369
v -62.43313980 -24.20895004 161.04879761
v -60.38682175 -31.78346062 163.09880066
v -61.36949158 -35.19147110 161.14559937
v -59.53355026 -33.14228058 163.83729553
v -59.53355026 -33.14228058 163.83729553
v -61.36949158 -35.19147110 161.14559937
v -58.47666931 -34.69797897 164.31669617
v -63.58478165 -35.30440140 158.86120605
v -61.75672150 -35.30440140 160.69299316
v -63.94409180 -33.86106110 159.21490479
v -63.94409180 -33.86106110 159.21490479
v -61.75672150 -35.30440140 160.69299316
v -61.36949158 -35.19147110 161.14559937
v -63.94409180 -33.86106110 159.21490479
v -61.36949158 -35.19147110 161.14559937
v -64.10159302 -31.55347061 159.37699890
v -64.10159302 -31.55347061 159.37699890
v -61.36949158 -35.19147110 161.14559937
v -60.38682175 -31.78346062 163.09880066
v -64.10159302 -31.55347061 159.37699890
v -60.38682175 -31.78346062 163.09880066
v -60.50772095 -31.55347061 162.97810364
v -63.94409180 -33.86106110 159.21490479
v -64.10159302 -31.55347061 159.37699890
v -64.61627197 -31.53376007 158.86120605
v -64.61627197 -31.53376007 158.86120605
v -64.49607086 -33.51734924 158.77540588
v -63.94409180 -33.86106110 159.21490479
v -63.94409180 -33.86106110 159.21490479
v -64.49607086 -33.51734924 158.77540588
v -63.98178101 -35.32075119 158.40840149
v -63.94409180 -33.86106110 159.21490479
v -63.98178101 -35.32075119 158.40840149
v -63.58478165 -35.30440140 158.86120605
v -65.33203888 -33.53007889 157.63349915
v -64.49607086 -33.51734924 158.77540588
v -64.61627197 -31.53376007 158.86120605
v -65.86829376 -33.43305969 153.35169983
v -65.37866211 -34.78544998 153.47369385
v -66.03775787 -33.51280975 154.80870056
v -66.03775787 -33.51280975 154.80870056
v -65.37866211 -34.78544998 153.47369385
v -65.85172272 -33.54008102 156.26950073
v -63.98178101 -35.32075119 158.40840149
v -64.49607086 -33.51734924 158.77540588
v -64.75640869 -35.47148132 156.93910217
v -64.75640869 -35.47148132 156.93910217
v -64.49607086 -33.51734924 158.77540588
v -65.33203888 -33.53007889 157.63349915
v -64.75640869 -35.47148132 156.93910217
v -65.33203888 -33.53007889 157.63349915
v -64.91136169 -35.53733063 156.37590027
v -64.91136169 -35.53733063 156.37590027
v -65.33203888 -33.53007889 157.63349915
v -65.85172272 -33.54008102 156.26950073
v -64.91136169 -35.53733063 156.37590027
v -65.85172272 -33.54008102 156.26950073
v -65.03868103 -35.64012146 155.42599487
v -65.03868103 -35.64012146 155.42599487
v -65.85172272 -33.54008102 156.26950073
v -65.37866211 -34.78544998 153.47369385
v -65.37866211 -34.78544998 153.47369385
v -66.29547882 -31.04290962 154.89990234
v -66.09626770 -30.92848969 153.29640198
v -65.97260284 -32.92477036 153.32479858
v -64.61627197 -31.53376007 158.86120605
v -65.21907806 -31.46270943 158.15029907
v -65.33203888 -33.53007889 157.63349915
v -65.33203888 -33.53007889 157.63349915
v -65.21907806 -31.46270943 158.15029907
v -65.96112823 -31.27000999 156.73410034
v -65.33203888 -33.53007889 157.63349915
v -65.96112823 -31.27000999 156.73410034
v -65.85172272 -33.54008102 156.26950073
v -65.85172272 -33.54008102 156.26950073
v -65.96112823 -31.27000999 156.73410034
v -66.29547882 -31.04290962 154.89990234
v -65.85172272 -33.54008102 156.26950073
v -66.29547882 -31.04290962 154.89990234
v -66.03775787 -33.51280975 154.80870056
v -66.03775787 -33.51280975 154.80870056
v -66.29547882 -31.04290962 154.89990234
v -65.97260284 -32.92477036 153.32479858
v -66.03775787 -33.51280975 154.80870056
v -65.97260284 -32.92477036 153.32479858
v -65.86829376 -33.43305969 153.35169983
v -66.09626770 -30.92848969 153.29640198
v -66.00833130 -30.92411041 152.97099304
v -65.97260284 -32.92477036 153.32479858
v -65.97260284 -32.92477036 153.32479858
v -66.00833130 -30.92411041 152.97099304
v -65.78018188 -33.43893051 153.03559875
v -65.97260284 -32.92477036 153.32479858
v -65.78018188 -33.43893051 153.03559875
v -65.86829376 -33.43305969 153.35169983
v -65.86829376 -33.43305969 153.35169983
v -65.78018188 -33.43893051 153.03559875
v -65.37866211 -34.78544998 153.47369385
v -65.37866211 -34.78544998 153.47369385
v -65.78018188 -33.43893051 153.03559875
v -64.80696106 -35.75524139 153.29640198
v -65.37866211 -34.78544998 153.47369385
v -64.80696106 -35.75524139 153.29640198
v -64.88056946 -35.75244141 153.59370422
v -58.11977005 -29.93231964 176.30000305
v -58.49983978 -26.98826981 176.30000305
v -58.80585861 -27.13137054 175.29010010
v -58.80585861 -27.13137054 175.29010010
v -58.64706039 -30.18882942 174.55209351
v -57.50651169 -32.93175888 174.59500122
v -57.24568176 -32.81539154 175.44749451
v -58.80585861 -27.13137054 175.29010010
v -59.10691071 -27.38759041 174.29460144
v -58.11977005 -29.93231964 176.30000305
v -58.11977005 -29.93231964 176.30000305
v -59.10691071 -27.38759041 174.29460144
v -58.64706039 -30.18882942 174.55209351
v -58.11977005 -29.93231964 176.30000305
v -58.64706039 -30.18882942 174.55209351
v -58.11685944 -29.94330025 176.30000305
v -58.11685944 -29.94330025 176.30000305
v -56.98495865 -32.69881058 176.30000305
v -58.94332123 -42.59445190 158.86120605
v -63.13451004 -36.09204102 158.86120605
v -64.17587280 -36.68735123 156.62770081
v -54.08510971 -48.61484909 158.86120605
v -58.94332123 -42.59445190 158.86120605
v -59.91553879 -43.29700851 156.62770081
v -54.97718811 -49.41670990 156.62770081
v -49.41670990 -54.97718811 156.62770081
v -51.42277145 -51.42277145 158.86120605
v -36.68735123 -64.17587280 156.62770081
v -36.09204102 -63.13451004 158.86120605
v -43.29700851 -59.91553879 156.62770081
v -42.59445190 -58.94332123 158.86120605
v -43.29700851 -59.91553879 156.62770081
v -42.59445190 -58.94332123 158.86120605
v -49.41670990 -54.97718811 156.62770081
v -48.61484909 -54.08510971 158.86120605
v -49.41670990 -54.97718811 156.62770081
v -48.61484909 -54.08510971 158.86120605
v -51.42277145 -51.42277145 158.86120605
v -54.97718811 -49.41670990 156.62770081
v -55.13492966 -49.55849838 154.01269531
v -49.55849838 -55.13492966 154.01269531
v -43.42124176 -60.08744812 154.01269531
v -36.79262161 -64.36000061 154.01269531
v -36.72098160 -64.23468018 156.37600708
v -49.41670990 -54.97718811 156.62770081
v -49.41670990 -54.97718811 156.62770081
v -49.55849838 -55.13492966 154.01269531
v -43.42124176 -60.08744812 154.01269531
v -43.29700851 -59.91553879 156.62770081
v -43.29700851 -59.91553879 156.62770081
v -43.42124176 -60.08744812 154.01269531
v -36.72098160 -64.23468018 156.37600708
v -43.29700851 -59.91553879 156.62770081
v -36.72098160 -64.23468018 156.37600708
v -36.68735123 -64.17587280 156.62770081
v -59.91553879 -43.29700851 156.62770081
v -59.91553879 -43.29700851 156.62770081
v -64.17587280 -36.68735123 156.62770081
v -64.23468018 -36.72098160 156.37600708
v -59.91553879 -43.29700851 156.62770081
v -64.23468018 -36.72098160 156.37600708
v -60.08744812 -43.42124176 154.01269531
v -60.08744812 -43.42124176 154.01269531
v -64.23468018 -36.72098160 156.37600708
v -64.36000061 -36.79262161 154.01269531
v -60.08744812 -43.42124176 154.01269531
v -64.36000061 -36.79262161 154.01269531
v -64.25006866 -36.72977066 153.29640198
v -59.98480988 -43.34706879 153.29640198
v -60.08744812 -43.42124176 154.01269531
v -59.98480988 -43.34706879 153.29640198
v -55.13492966 -49.55849838 154.01269531
v -60.08744812 -43.42124176 154.01269531
v -55.13492966 -49.55849838 154.01269531
v -59.91553879 -43.29700851 156.62770081
v -54.97718811 -49.41670990 156.62770081
v -54.97718811 -49.41670990 156.62770081
v -54.08510971 -48.61484909 158.86120605
v -54.97718811 -49.41670990 156.62770081
v -51.42277145 -51.42277145 158.86120605
v -36.72977066 -64.25006866 153.29640198
v -36.79262161 -64.36000061 154.01269531
v -43.34706879 -59.98480988 153.29640198
v -43.42124176 -60.08744812 154.01269531
v -43.34706879 -59.98480988 153.29640198
v -43.42124176 -60.08744812 154.01269531
v -49.47385025 -55.04076004 153.29640198
v -49.55849838 -55.13492966 154.01269531
v -49.47385025 -55.04076004 153.29640198
v -49.55849838 -55.13492966 154.01269531
v -52.33137894 -52.33137894 153.29640198
v -52.33137894 -52.33137894 153.29640198
v -49.55849838 -55.13492966 154.01269531
v -55.13492966 -49.55849838 154.01269531
v -52.33137894 -52.33137894 153.29640198
v -55.13492966 -49.55849838 154.01269531
v -55.04076004 -49.47385025 153.29640198
v -55.04076004 -49.47385025 153.29640198
v -35.25986099 -61.62379837 160.85169983
v -34.69797897 -58.47666931 164.31669617
v -40.55105972 -54.57139969 164.32550049
v -42.59445190 -58.94332123 158.86120605
v -36.09204102 -63.13451004 158.86120605
v -35.30440140 -61.75672150 160.69299316
v -58.47666931 -34.69797897 164.31669617
v -61.36949158 -35.19147110 161.14559937
v -58.94332123 -42.59445190 158.86120605
v -61.75672150 -35.30440140 160.69299316
v -63.13451004 -36.09204102 158.86120605
v -35.25986099 -61.62379837 160.85169983
v -42.59445190 -58.94332123 158.86120605
v -35.25986099 -61.62379837 160.85169983
v -40.55105972 -54.57139969 164.32550049
v -42.59445190 -58.94332123 158.86120605
v -40.55105972 -54.57139969 164.32550049
v -48.61484909 -54.08510971 158.86120605
v -44.43194962 -51.46094131 164.32550049
v -48.61484909 -54.08510971 158.86120605
v -44.43194962 -51.46094131 164.32550049
v -51.42277145 -51.42277145 158.86120605
v -51.42277145 -51.42277145 158.86120605
v -44.43194962 -51.46094131 164.32550049
v -48.07508087 -48.07508087 164.32550049
v -51.42277145 -51.42277145 158.86120605
v -48.07508087 -48.07508087 164.32550049
v -54.08510971 -48.61484909 158.86120605
v -54.08510971 -48.61484909 158.86120605
v -48.07508087 -48.07508087 164.32550049
v -51.46094131 -44.43194962 164.32550049
v -54.08510971 -48.61484909 158.86120605
v -51.46094131 -44.43194962 164.32550049
v -58.94332123 -42.59445190 158.86120605
v -58.94332123 -42.59445190 158.86120605
v -51.46094131 -44.43194962 164.32550049
v -54.57139969 -40.55105972 164.32550049
v -58.94332123 -42.59445190 158.86120605
v -54.57139969 -40.55105972 164.32550049
v -58.47666931 -34.69797897 164.31669617
v -58.06880188 -34.41382980 165.59779358
v -58.17895126 -34.50201035 164.89990234
v -54.28055954 -40.33494186 164.93629456
v -34.41382980 -58.06880188 165.59779358
v -34.41276169 -58.06903076 165.63519287
v -40.25973892 -54.17935944 165.63519287
v -34.41382980 -58.06880188 165.59779358
v -40.25973892 -54.17935944 165.63519287
v -34.50201035 -58.17895126 164.89990234
v -58.06903076 -34.41276169 165.63519287
v -58.06880188 -34.41382980 165.59779358
v -54.17935944 -40.25973892 165.63519287
v -54.17935944 -40.25973892 165.63519287
v -58.06880188 -34.41382980 165.59779358
v -54.28055954 -40.33494186 164.93629456
v -54.17935944 -40.25973892 165.63519287
v -54.28055954 -40.33494186 164.93629456
v -51.09123993 -44.11275864 165.63519287
v -51.18666840 -44.19514847 164.93629456
v -51.09123993 -44.11275864 165.63519287
v -51.18666840 -44.19514847 164.93629456
v -47.72970963 -47.72970963 165.63519287
v -47.81885910 -47.81885910 164.93629456
v -47.72970963 -47.72970963 165.63519287
v -47.81885910 -47.81885910 164.93629456
v -44.11275864 -51.09123993 165.63519287
v -44.19514847 -51.18666840 164.93629456
v -44.11275864 -51.09123993 165.63519287
v -44.19514847 -51.18666840 164.93629456
v -40.25973892 -54.17935944 165.63519287
v -40.33494186 -54.28055954 164.93629456
v -40.25973892 -54.17935944 165.63519287
v -40.33494186 -54.28055954 164.93629456
v -34.50201035 -58.17895126 164.89990234
v -34.69797897 -58.47666931 164.31669617
v -34.50201035 -58.17895126 164.89990234
v -40.55105972 -54.57139969 164.32550049
v -40.55105972 -54.57139969 164.32550049
v -34.50201035 -58.17895126 164.89990234
v -40.33494186 -54.28055954 164.93629456
v -40.55105972 -54.57139969 164.32550049
v -40.33494186 -54.28055954 164.93629456
v -44.43194962 -51.46094131 164.32550049
v -44.19514847 -51.18666840 164.93629456
v -44.43194962 -51.46094131 164.32550049
v -44.19514847 -51.18666840 164.93629456
v -48.07508087 -48.07508087 164.32550049
v -47.81885910 -47.81885910 164.93629456
v -48.07508087 -48.07508087 164.32550049
v -47.81885910 -47.81885910 164.93629456
v -51.46094131 -44.43194962 164.32550049
v -51.18666840 -44.19514847 164.93629456
v -51.46094131 -44.43194962 164.32550049
v -51.18666840 -44.19514847 164.93629456
v -54.57139969 -40.55105972 164.32550049
v -54.28055954 -40.33494186 164.93629456
v -54.57139969 -40.55105972 164.32550049
v -54.28055954 -40.33494186 164.93629456
v -58.47666931 -34.69797897 164.31669617
v -58.47666931 -34.69797897 164.31669617
v -54.28055954 -40.33494186 164.93629456
v -58.17895126 -34.50201035 164.89990234
v -32.46221161 -59.18154144 165.23599243
v -30.87702942 -60.02381897 164.51170349
v -32.24440002 -59.30049896 167.00549316
v -32.46221161 -59.18154144 165.23599243
v -32.24440002 -59.30049896 167.00549316
v -34.41276169 -58.06903076 165.63519287
v -34.65184021 -57.92668152 167.00549316
v -34.41276169 -58.06903076 165.63519287
v -34.65184021 -57.92668152 167.00549316
v -40.25973892 -54.17935944 165.63519287
v -40.25973892 -54.17935944 165.63519287
v -34.65184021 -57.92668152 167.00549316
v -38.81745148 -55.22187042 167.00549316
v -40.25973892 -54.17935944 165.63519287
v -38.81745148 -55.22187042 167.00549316
v -44.11275864 -51.09123993 165.63519287
v -44.11275864 -51.09123993 165.63519287
v -38.81745148 -55.22187042 167.00549316
v -43.43542099 -51.66830826 167.00549316
v -44.11275864 -51.09123993 165.63519287
v -43.43542099 -51.66830826 167.00549316
v -47.72970963 -47.72970963 165.63519287
v -47.72970963 -47.72970963 165.63519287
v -43.43542099 -51.66830826 167.00549316
v -47.72970963 -47.72970963 167.00549316
v -47.72970963 -47.72970963 165.63519287
v -47.72970963 -47.72970963 167.00549316
v -51.09123993 -44.11275864 165.63519287
v -51.09123993 -44.11275864 165.63519287
v -47.72970963 -47.72970963 167.00549316
v -51.66830826 -43.43542099 167.00549316
v -51.09123993 -44.11275864 165.63519287
v -51.66830826 -43.43542099 167.00549316
v -54.17935944 -40.25973892 165.63519287
v -54.17935944 -40.25973892 165.63519287
v -51.66830826 -43.43542099 167.00549316
v -55.22187042 -38.81745148 167.00549316
v -54.17935944 -40.25973892 165.63519287
v -55.22187042 -38.81745148 167.00549316
v -58.06903076 -34.41276169 165.63519287
v -58.06903076 -34.41276169 165.63519287
v -55.22187042 -38.81745148 167.00549316
v -57.92668152 -34.65184021 167.00549316
v -58.06903076 -34.41276169 165.63519287
v -57.92668152 -34.65184021 167.00549316
v -59.18154144 -32.46221161 165.23599243
v -59.18154144 -32.46221161 165.23599243
v -57.92668152 -34.65184021 167.00549316
v -59.30049896 -32.24440002 167.00549316
v -59.18154144 -32.46221161 165.23599243
v -59.30049896 -32.24440002 167.00549316
v -60.02381897 -30.87702942 164.51170349
v -58.29190063 -33.09074020 171.73480225
v -58.84352875 -32.82767105 169.39120483
v -57.92668152 -34.65184021 167.00549316
v -57.92668152 -34.65184021 167.00549316
v -58.84352875 -32.82767105 169.39120483
v -59.08860016 -32.57001114 168.19509888
v -57.92668152 -34.65184021 167.00549316
v -59.08860016 -32.57001114 168.19509888
v -59.30049896 -32.24440002 167.00549316
v -56.86975098 -34.01958084 174.59500122
v -57.50651169 -32.93175888 174.59500122
v -58.29190063 -33.09074020 171.73480225
v -58.29190063 -33.09074020 171.73480225
v -57.65753174 -34.49084091 170.87280273
v -56.86975098 -34.01958084 174.59500122
v -56.86975098 -34.01958084 174.59500122
v -57.65753174 -34.49084091 170.87280273
v -54.96529007 -38.63710022 170.87280273
v -54.21429062 -38.10919189 174.59500122
v -54.21429062 -38.10919189 174.59500122
v -54.96529007 -38.63710022 170.87280273
v -51.42824173 -43.23360825 170.87280273
v -50.72557068 -42.64289856 174.59500122
v -50.72557068 -42.64289856 174.59500122
v -51.42824173 -43.23360825 170.87280273
v -47.50793839 -47.50793839 170.87280273
v -46.85882950 -46.85882950 174.59500122
v -46.85882950 -46.85882950 174.59500122
v -47.50793839 -47.50793839 170.87280273
v -43.23360825 -51.42824173 170.87280273
v -42.64289856 -50.72557068 174.59500122
v -42.64289856 -50.72557068 174.59500122
v -43.23360825 -51.42824173 170.87280273
v -38.63710022 -54.96529007 170.87280273
v -38.10919189 -54.21429062 174.59500122
v -38.10919189 -54.21429062 174.59500122
v -38.63710022 -54.96529007 170.87280273
v -34.49084091 -57.65753174 170.87280273
v -34.01958084 -56.86975098 174.59500122
v -34.01958084 -56.86975098 174.59500122
v -34.49084091 -57.65753174 170.87280273
v -33.09008026 -58.29441833 171.72540283
v -34.01958084 -56.86975098 174.59500122
v -33.09008026 -58.29441833 171.72540283
v -32.93175888 -57.50651169 174.59500122
v -32.82767105 -58.84352875 169.39120483
v -34.65184021 -57.92668152 167.00549316
v -32.57001114 -59.08860016 168.19509888
v -32.57001114 -59.08860016 168.19509888
v -34.65184021 -57.92668152 167.00549316
v -32.24440002 -59.30049896 167.00549316
v -58.29190063 -33.09074020 171.73480225
v -57.92668152 -34.65184021 167.00549316
v -57.65753174 -34.49084091 170.87280273
v -57.65753174 -34.49084091 170.87280273
v -57.92668152 -34.65184021 167.00549316
v -55.22187042 -38.81745148 167.00549316
v -54.96529007 -38.63710022 170.87280273
v -54.96529007 -38.63710022 170.87280273
v -55.22187042 -38.81745148 167.00549316
v -51.66830826 -43.43542099 167.00549316
v -51.42824173 -43.23360825 170.87280273
v -51.42824173 -43.23360825 170.87280273
v -51.66830826 -43.43542099 167.00549316
v -47.72970963 -47.72970963 167.00549316
v -47.50793839 -47.50793839 170.87280273
v -47.50793839 -47.50793839 170.87280273
v -47.72970963 -47.72970963 167.00549316
v -43.43542099 -51.66830826 167.00549316
v -43.23360825 -51.42824173 170.87280273
v -43.23360825 -51.42824173 170.87280273
v -43.43542099 -51.66830826 167.00549316
v -38.81745148 -55.22187042 167.00549316
v -38.63710022 -54.96529007 170.87280273
v -38.63710022 -54.96529007 170.87280273
v -38.81745148 -55.22187042 167.00549316
v -34.65184021 -57.92668152 167.00549316
v -34.49084091 -57.65753174 170.87280273
v -34.49084091 -57.65753174 170.87280273
v -34.65184021 -57.92668152 167.00549316
v -32.82767105 -58.84352875 169.39120483
v -34.49084091 -57.65753174 170.87280273
v -32.82767105 -58.84352875 169.39120483
v -33.09008026 -58.29441833 171.72540283
v -32.81539154 -57.24568176 175.44749451
v -32.69881058 -56.98495865 176.30000305
v -42.11854935 -50.42345810 176.30000305
v -34.01958084 -56.86975098 174.59500122
v -32.93175888 -57.50651169 174.59500122
v -32.81539154 -57.24568176 175.44749451
v -34.01958084 -56.86975098 174.59500122
v -32.81539154 -57.24568176 175.44749451
v -38.10919189 -54.21429062 174.59500122
v -57.50651169 -32.93175888 174.59500122
v -56.86975098 -34.01958084 174.59500122
v -57.24568176 -32.81539154 175.44749451
v -57.24568176 -32.81539154 175.44749451
v -56.86975098 -34.01958084 174.59500122
v -54.21429062 -38.10919189 174.59500122
v -57.24568176 -32.81539154 175.44749451
v -54.21429062 -38.10919189 174.59500122
v -50.72557068 -42.64289856 174.59500122
v -38.10919189 -54.21429062 174.59500122
v -32.81539154 -57.24568176 175.44749451
v -42.64289856 -50.72557068 174.59500122
v -42.64289856 -50.72557068 174.59500122
v -42.64289856 -50.72557068 174.59500122
v -42.11854935 -50.42345810 176.30000305
v -46.85882950 -46.85882950 174.59500122
v -46.85882950 -46.85882950 174.59500122
v -42.11854935 -50.42345810 176.30000305
v -50.42345810 -42.11854935 176.30000305
v -46.85882950 -46.85882950 174.59500122
v -50.42345810 -42.11854935 176.30000305
v -50.72557068 -42.64289856 174.59500122
v -50.72557068 -42.64289856 174.59500122
v -50.42345810 -42.11854935 176.30000305
v -56.98495865 -32.69881058 176.30000305
v -57.24568176 -32.81539154 175.44749451
v -63.24324036 -23.73024940 142.57809448
v -63.26271057 -24.08530998 142.83309937
v -63.53451920 -23.20244980 143.83680725
v -63.93688965 -19.50971031 145.32249451
v -63.88027954 -19.50971031 144.57260132
v -63.83750916 -20.67897034 144.46000671
v -63.93688965 -19.50971031 145.32249451
v -63.83750916 -20.67897034 144.46000671
v -63.89125061 -20.86253929 145.15400696
v -63.89125061 -20.86253929 145.15400696
v -63.83750916 -20.67897034 144.46000671
v -63.72027969 -21.75208092 144.00619507
v -63.75252151 -22.11971092 144.64169312
v -63.75252151 -22.11971092 144.64169312
v -63.72027969 -21.75208092 144.00619507
v -63.53997040 -22.66268921 143.25909424
v -63.75252151 -22.11971092 144.64169312
v -63.53997040 -22.66268921 143.25909424
v -63.53451920 -23.20244980 143.83680725
v -63.53451920 -23.20244980 143.83680725
v -63.53997040 -22.66268921 143.25909424
v -63.31710052 -23.39220047 142.31030273
v -63.53451920 -23.20244980 143.83680725
v -63.31710052 -23.39220047 142.31030273
v -63.24324036 -23.73024940 142.57809448
v -60.44995117 -30.03421021 131.41000366
v -60.31380081 -30.46326065 131.68069458
v -60.98620987 -28.92977905 133.44869995
v -60.98620987 -28.92977905 133.44869995
v -60.31380081 -30.46326065 131.68069458
v -60.86169052 -29.34396935 133.71890259
v -60.98620987 -28.92977905 133.44869995
v -60.86169052 -29.34396935 133.71890259
v -62.91778183 -24.44589996 140.79220581
v -62.91778183 -24.44589996 140.79220581
v -60.86169052 -29.34396935 133.71890259
v -63.24324036 -23.73024940 142.57809448
v -62.91778183 -24.44589996 140.79220581
v -63.24324036 -23.73024940 142.57809448
v -63.31710052 -23.39220047 142.31030273
v -60.31380081 -30.46326065 131.68069458
v -60.31060028 -30.92411041 131.93280029
v -60.86169052 -29.34396935 133.71890259
v -60.86169052 -29.34396935 133.71890259
v -60.31060028 -30.92411041 131.93280029
v -60.86275101 -29.78696060 133.97160339
v -60.86169052 -29.34396935 133.71890259
v -60.86275101 -29.78696060 133.97160339
v -63.24324036 -23.73024940 142.57809448
v -63.24324036 -23.73024940 142.57809448
v -60.86275101 -29.78696060 133.97160339
v -63.26271057 -24.08530998 142.83309937
v -65.78018188 -33.43893051 153.03559875
v -66.00833130 -30.92411041 152.97099304
v -60.31060028 -30.92411041 131.93280029
v -60.31060028 -30.92411041 131.93280029
v -59.52148819 -32.29798126 129.18940735
v -65.78018188 -33.43893051 153.03559875
v -65.78018188 -33.43893051 153.03559875
v -59.52148819 -32.29798126 129.18940735
v -59.11746979 -32.92630005 128.01220703
v -65.78018188 -33.43893051 153.03559875
v -59.11746979 -32.92630005 128.01220703
v -58.59563828 -33.72264862 126.81359863
v -58.30121994 -34.18051147 126.33190155
v -57.86140060 -34.87965012 125.87860107
v -58.68064880 -35.00453949 129.14010620
v -58.30121994 -34.18051147 126.33190155
v -58.68064880 -35.00453949 129.14010620
v -58.59563828 -33.72264862 126.81359863
v -58.59563828 -33.72264862 126.81359863
v -58.68064880 -35.00453949 129.14010620
v -60.24983978 -35.25804901 135.43460083
v -58.59563828 -33.72264862 126.81359863
v -60.24983978 -35.25804901 135.43460083
v -65.78018188 -33.43893051 153.03559875
v -65.78018188 -33.43893051 153.03559875
v -60.24983978 -35.25804901 135.43460083
v -62.54550934 -35.75532913 144.94560242
v -65.78018188 -33.43893051 153.03559875
v -62.54550934 -35.75532913 144.94560242
v -64.80696106 -35.75524139 153.29640198
v -58.31922150 -34.02798080 126.09030151
v -57.85469818 -34.87482834 125.84359741
v -57.86140060 -34.87965012 125.87860107
v -58.37377167 -33.89326096 125.84380341
v -57.84278870 -34.79169083 125.38590240
v -57.85469818 -34.87482834 125.84359741
v -57.86140060 -34.87965012 125.87860107
v -58.30121994 -34.18051147 126.33190155
v -58.31922150 -34.02798080 126.09030151
v -58.31922150 -34.02798080 126.09030151
v -58.30121994 -34.18051147 126.33190155
v -58.59563828 -33.72264862 126.81359863
v -58.31922150 -34.02798080 126.09030151
v -58.59563828 -33.72264862 126.81359863
v -58.62471008 -33.51150131 126.56700134
v -58.62471008 -33.51150131 126.56700134
v -58.59563828 -33.72264862 126.81359863
v -59.11746979 -32.92630005 128.01220703
v -58.62471008 -33.51150131 126.56700134
v -59.11746979 -32.92630005 128.01220703
v -59.15124130 -32.60567093 127.76020050
v -59.15124130 -32.60567093 127.76020050
v -59.11746979 -32.92630005 128.01220703
v -59.52148819 -32.29798126 129.18940735
v -59.15124130 -32.60567093 127.76020050
v -59.52148819 -32.29798126 129.18940735
v -59.54679108 -31.90546036 128.93640137
v -59.54679108 -31.90546036 128.93640137
v -59.52148819 -32.29798126 129.18940735
v -60.31060028 -30.92411041 131.93280029
v -59.54679108 -31.90546036 128.93640137
v -60.31060028 -30.92411041 131.93280029
v -60.31380081 -30.46326065 131.68069458
v -57.85469818 -34.87482834 125.84359741
v -58.31922150 -34.02798080 126.09030151
v -58.37377167 -33.89326096 125.84380341
v -58.62471008 -33.51150131 126.56700134
v -58.37377167 -33.89326096 125.84380341
v -58.62471008 -33.51150131 126.56700134
v -58.70201111 -33.32152939 126.31369781
v -58.70201111 -33.32152939 126.31369781
v -58.62471008 -33.51150131 126.56700134
v -59.15124130 -32.60567093 127.76020050
v -58.70201111 -33.32152939 126.31369781
v -59.15124130 -32.60567093 127.76020050
v -59.26321030 -32.31287003 127.49720001
v -59.26321030 -32.31287003 127.49720001
v -59.15124130 -32.60567093 127.76020050
v -59.54679108 -31.90546036 128.93640137
v -59.26321030 -32.31287003 127.49720001
v -59.54679108 -31.90546036 128.93640137
v -59.67584991 -31.54430008 128.66870117
v -59.67584991 -31.54430008 128.66870117
v -59.54679108 -31.90546036 128.93640137
v -60.31380081 -30.46326065 131.68069458
v -59.67584991 -31.54430008 128.66870117
v -60.31380081 -30.46326065 131.68069458
v -60.44995117 -30.03421021 131.41000366
v -35.75532913 -62.54550934 144.94560242
v -36.72977066 -64.25006866 153.29640198
v -43.34706879 -59.98480988 153.29640198
v -57.86140060 -34.87965012 125.87860107
v -57.85469818 -34.87482834 125.84359741
v -54.22198105 -40.29140091 125.84359741
v -62.54550934 -35.75532913 144.94560242
v -60.24983978 -35.25804901 135.43460083
v -54.22198105 -40.29140091 125.84359741
v -58.68064880 -35.00453949 129.14010620
v -57.86140060 -34.87965012 125.87860107
v -34.87482834 -57.85469818 125.84359741
v -34.87965012 -57.86140060 125.87860107
v -40.29140091 -54.22198105 125.84359741
v -40.29140091 -54.22198105 125.84359741
v -34.87965012 -57.86140060 125.87860107
v -35.00453949 -58.68064880 129.14010620
v -35.75532913 -62.54550934 144.94560242
v -43.34706879 -59.98480988 153.29640198
v -35.30989075 -60.54994965 136.64799500
v -35.30989075 -60.54994965 136.64799500
v -40.29140091 -54.22198105 125.84359741
v -35.30989075 -60.54994965 136.64799500
v -43.34706879 -59.98480988 153.29640198
v -40.29140091 -54.22198105 125.84359741
v -43.34706879 -59.98480988 153.29640198
v -44.14744949 -51.13142014 125.84359741
v -49.47385025 -55.04076004 153.29640198
v -44.14744949 -51.13142014 125.84359741
v -49.47385025 -55.04076004 153.29640198
v -47.76725006 -47.76725006 125.84359741
v -47.76725006 -47.76725006 125.84359741
v -49.47385025 -55.04076004 153.29640198
v -52.33137894 -52.33137894 153.29640198
v -47.76725006 -47.76725006 125.84359741
v -52.33137894 -52.33137894 153.29640198
v -51.13142014 -44.14744949 125.84359741
v -51.13142014 -44.14744949 125.84359741
v -52.33137894 -52.33137894 153.29640198
v -55.04076004 -49.47385025 153.29640198
v -51.13142014 -44.14744949 125.84359741
v -55.04076004 -49.47385025 153.29640198
v -54.22198105 -40.29140091 125.84359741
v -59.98480988 -43.34706879 153.29640198
v -54.22198105 -40.29140091 125.84359741
v -59.98480988 -43.34706879 153.29640198
v -62.54550934 -35.75532913 144.94560242
v -64.25006866 -36.72977066 153.29640198
v -58.49983978 -26.98826981 176.30000305
v -58.49983978 26.98826981 176.30000305
v -58.80585861 27.13137054 175.29010010
v -59.90026855 27.01029968 171.67820740
v -59.50672150 27.29727936 172.97700500
v -59.11188126 27.27444077 174.28010559
v -59.90026855 -27.01029968 171.67820740
v -59.90026855 27.01029968 171.67820740
v -60.12715149 26.78428078 170.90890503
v -61.86204910 24.20895004 162.23150635
v -61.86204910 -24.20895004 162.23150635
v -61.33388901 25.03869057 165.76469421
v -61.32455826 -25.05304909 165.81550598
v -61.33388901 25.03869057 165.76469421
v -61.32455826 -25.05304909 165.81550598
v -60.34035110 -26.51206017 170.14450073
v -60.12715149 26.78428078 170.90890503
v -60.34035110 26.51206017 170.14450073
v -59.90026855 -27.01029968 171.67820740
v -59.90026855 -27.01029968 171.67820740
v -60.34035110 26.51206017 170.14450073
v -59.90026855 -27.01029968 171.67820740
v -61.33388901 25.03869057 165.76469421
v -60.12715149 -26.78428078 170.90890503
v -61.33388901 25.03869057 165.76469421
v -62.43313980 24.20895004 161.04879761
v -62.43313980 -24.20895004 161.04879761
v -62.04774857 24.20895004 161.59190369
v -62.04774857 -24.20895004 161.59190369
v -62.04774857 24.20895004 161.59190369
v -62.04774857 -24.20895004 161.59190369
v -61.86204910 24.20895004 162.23150635
v -61.86204910 -24.20895004 162.23150635
v -64.61627197 31.53376007 158.86120605
v -62.28137970 26.20969963 161.20080566
v -61.84941101 28.17790031 161.63369751
v -64.10159302 31.55347061 159.37699890
v -61.02664948 30.44586945 162.45809937
v -60.50772095 31.55347061 162.97810364
v -61.02664948 -30.44586945 162.45809937
v -61.84941101 -28.17790031 161.63369751
v -64.61627197 -31.53376007 158.86120605
v -62.28137970 -26.20969963 161.20080566
v -62.43313980 -24.20895004 161.04879761
v -62.43313980 24.20895004 161.04879761
v -64.61627197 -31.53376007 158.86120605
v -64.61627197 31.53376007 158.86120605
v -65.14685059 31.47326088 158.24870300
v -65.21907806 -31.46270943 158.15029907
v -65.21907806 -31.46270943 158.15029907
v -65.14685059 31.47326088 158.24870300
v -65.94998169 31.27499008 156.76480103
v -65.21907806 -31.46270943 158.15029907
v -65.94998169 31.27499008 156.76480103
v -65.96112823 -31.27000999 156.73410034
v -65.96112823 -31.27000999 156.73410034
v -65.94998169 31.27499008 156.76480103
v -66.28945160 31.05907059 155.07980347
v -65.96112823 -31.27000999 156.73410034
v -66.28945160 31.05907059 155.07980347
v -66.29547882 -31.04290962 154.89990234
v -66.29547882 -31.04290962 154.89990234
v -66.28945160 31.05907059 155.07980347
v -66.09626770 30.92848969 153.29640198
v -66.29547882 -31.04290962 154.89990234
v -66.09626770 30.92848969 153.29640198
v -66.09626770 -30.92848969 153.29640198
v -63.53451920 -23.20244980 143.83680725
v -66.00833130 -30.92411041 152.97099304
v -63.75252151 -22.11971092 144.64169312
v -66.09626770 -30.92848969 153.29640198
v -63.89125061 -20.86253929 145.15400696
v -63.75252151 22.11971092 144.64169312
v -66.09626770 30.92848969 153.29640198
v -63.53451920 23.20244980 143.83680725
v -66.00833130 30.92411041 152.97099304
v -63.89125061 20.86253929 145.15400696
v -63.93688965 19.50971031 145.32249451
v -63.93688965 -19.50971031 145.32249451
v -63.26271057 -24.08530998 142.83309937
v -60.86275101 -29.78696060 133.97160339
v -60.31060028 -30.92411041 131.93280029
v -60.31060028 30.92411041 131.93280029
v -60.86275101 29.78696060 133.97160339
v -63.26271057 24.08530998 142.83309937
v -63.93688965 -19.50971031 145.32249451
v -63.93688965 19.50971031 145.32249451
v -63.88027954 -19.50971031 144.57260132
v -63.88027954 19.50971031 144.57260132
v -66.07303619 -12.16378021 125.38590240
v -64.44230652 17.94182014 139.65480042
v -66.10384369 -12.02585983 125.11640167
v -65.34532928 15.04125977 131.75329590
v -65.62306213 14.01747990 129.32330322
v -63.88027954 -19.50971031 144.57260132
v -63.88027954 19.50971031 144.57260132
v -64.65409088 -17.30949974 137.80180359
v -65.11434174 -15.83876038 133.77450562
v -66.31405640 11.03617954 123.27700043
v -66.43338776 10.43085003 122.23290253
v -66.56651306 -9.70930958 121.06809998
v -66.81163025 -8.21115780 118.92330170
v -66.89653015 7.62206602 118.18039703
v -66.94384766 7.27255392 117.76629639
v -66.99221039 -6.89683390 117.34320068
v -67.21721649 -4.76790524 115.37439728
v -67.23419952 4.56659985 115.22570038
v -67.26637268 4.15867710 114.94429779
v -67.25277710 -4.33575678 115.06320190
v -67.37091064 2.38974905 114.02950287
v -67.40985107 1.17993104 113.68890381
v -67.42240143 -0.00019259 113.57910156
v -67.38977051 -1.90243495 113.86450195
v -34.79169083 -57.84278870 125.38590240
v -34.87482834 -57.85469818 125.84359741
v -40.25973892 -54.17935944 125.38590240
v -40.29140091 -54.22198105 125.84359741
v -40.25973892 -54.17935944 125.38590240
v -40.29140091 -54.22198105 125.84359741
v -40.67784119 -53.86616135 125.38590240
v -40.67784119 -53.86616135 125.38590240
v -40.29140091 -54.22198105 125.84359741
v -44.11275864 -51.09123993 125.38590240
v -44.11275864 -51.09123993 125.38590240
v -40.29140091 -54.22198105 125.84359741
v -44.14744949 -51.13142014 125.84359741
v -44.11275864 -51.09123993 125.38590240
v -44.14744949 -51.13142014 125.84359741
v -47.72970963 -47.72970963 125.38590240
v -47.76725006 -47.76725006 125.84359741
v -47.72970963 -47.72970963 125.38590240
v -47.76725006 -47.76725006 125.84359741
v -49.88309860 -45.47444916 125.38590240
v -49.88309860 -45.47444916 125.38590240
v -47.76725006 -47.76725006 125.84359741
v -51.13142014 -44.14744949 125.84359741
v -49.88309860 -45.47444916 125.38590240
v -51.13142014 -44.14744949 125.84359741
v -51.09123993 -44.11275864 125.38590240
v -51.09123993 -44.11275864 125.38590240
v -51.13142014 -44.14744949 125.84359741
v -54.17935944 -40.25973892 125.38590240
v -54.22198105 -40.29140091 125.84359741
v -54.17935944 -40.25973892 125.38590240
v -54.22198105 -40.29140091 125.84359741
v -57.38964844 -35.53416824 125.38590240
v -57.38964844 -35.53416824 125.38590240
v -54.22198105 -40.29140091 125.84359741
v -57.85469818 -34.87482834 125.84359741
v -57.38964844 -35.53416824 125.38590240
v -57.85469818 -34.87482834 125.84359741
v -57.84278870 -34.79169083 125.38590240
v -63.53997040 -22.66268921 143.25909424
v -63.72027969 -21.75208092 144.00619507
v -64.53044891 -19.40906906 137.05670166
v -63.83750916 -20.67897034 144.46000671
v -63.88027954 -19.50971031 144.57260132
v -64.65409088 -17.30949974 137.80180359
v -64.99813080 -17.91459084 132.96449280
v -65.87026978 -14.61839962 125.38590240
v -65.66990662 -15.61131954 125.38590240
v -65.66990662 -15.61131954 125.38590240
v -65.32112885 -17.01174927 127.89240265
v -64.99813080 -17.91459084 132.96449280
v -64.99813080 -17.91459084 132.96449280
v -65.32112885 -17.01174927 127.89240265
v -64.42533112 -20.14016914 134.33709717
v -64.99813080 -17.91459084 132.96449280
v -64.42533112 -20.14016914 134.33709717
v -64.53044891 -19.40906906 137.05670166
v -64.53044891 -19.40906906 137.05670166
v -64.42533112 -20.14016914 134.33709717
v -63.31710052 -23.39220047 142.31030273
v -64.53044891 -19.40906906 137.05670166
v -63.31710052 -23.39220047 142.31030273
v -63.53997040 -22.66268921 143.25909424
v -66.07303619 -12.16378021 125.38590240
v -65.87026978 -14.61839962 125.38590240
v -65.11434174 -15.83876038 133.77450562
v -65.11434174 -15.83876038 133.77450562
v -65.87026978 -14.61839962 125.38590240
v -64.99813080 -17.91459084 132.96449280
v -64.65409088 -17.30949974 137.80180359
v -64.53044891 -19.40906906 137.05670166
v -63.83750916 -20.67897034 144.46000671
v -63.83750916 -20.67897034 144.46000671
v -64.53044891 -19.40906906 137.05670166
v -63.72027969 -21.75208092 144.00619507
v -60.38682175 31.78346062 163.09880066
v -60.50772095 31.55347061 162.97810364
v -60.03408051 31.28062057 163.72940063
v -60.03408051 31.28062057 163.72940063
v -60.50772095 31.55347061 162.97810364
v -60.15167999 31.06068039 163.60450745
v -60.03408051 31.28062057 163.72940063
v -60.15167999 31.06068039 163.60450745
v -60.02381897 30.87702942 164.51170349
v -60.02381897 30.87702942 164.51170349
v -60.15167999 31.06068039 163.60450745
v -60.13317108 30.66176987 164.38079834
v -63.98178101 35.32075119 158.40840149
v -63.58478165 35.30440140 158.86120605
v -63.13451004 36.09204102 158.86120605
v -63.98178101 35.32075119 158.40840149
v -63.13451004 36.09204102 158.86120605
v -64.71302032 35.45714951 157.06320190
v -64.71302032 35.45714951 157.06320190
v -63.13451004 36.09204102 158.86120605
v -64.17587280 36.68735123 156.62770081
v -64.71302032 35.45714951 157.06320190
v -64.17587280 36.68735123 156.62770081
v -64.91110229 35.53744888 156.37620544
v -64.91110229 35.53744888 156.37620544
v -64.17587280 36.68735123 156.62770081
v -64.23468018 36.72098160 156.37600708
v -64.91110229 35.53744888 156.37620544
v -64.23468018 36.72098160 156.37600708
v -64.96788788 35.57064819 156.08099365
v -64.96788788 35.57064819 156.08099365
v -64.23468018 36.72098160 156.37600708
v -65.02684784 35.62046051 155.60839844
v -65.02684784 35.62046051 155.60839844
v -64.23468018 36.72098160 156.37600708
v -64.36000061 36.79262161 154.01269531
v -65.02684784 35.62046051 155.60839844
v -64.36000061 36.79262161 154.01269531
v -64.94371796 35.74411011 153.90780640
v -64.94371796 35.74411011 153.90780640
v -64.36000061 36.79262161 154.01269531
v -64.88056946 35.75244141 153.59370422
v -64.88056946 35.75244141 153.59370422
v -64.36000061 36.79262161 154.01269531
v -64.25006866 36.72977066 153.29640198
v -64.88056946 35.75244141 153.59370422
v -64.25006866 36.72977066 153.29640198
v -64.80696106 35.75524139 153.29640198
v -63.13451004 36.09204102 158.86120605
v -63.58478165 35.30440140 158.86120605
v -61.75672150 35.30440140 160.69299316
v -58.06880188 34.41382980 165.59779358
v -58.17895126 34.50201035 164.89990234
v -59.21495056 32.74604034 164.47349548
v -58.17895126 34.50201035 164.89990234
v -58.47666931 34.69797897 164.31669617
v -59.53355026 33.14228058 163.83729553
v -58.06903076 34.41276169 165.63519287
v -58.06880188 34.41382980 165.59779358
v -59.18154144 32.46221161 165.23599243
v -59.18154144 32.46221161 165.23599243
v -58.06880188 34.41382980 165.59779358
v -59.21495056 32.74604034 164.47349548
v -59.18154144 32.46221161 165.23599243
v -59.21495056 32.74604034 164.47349548
v -60.02381897 30.87702942 164.51170349
v -60.02381897 30.87702942 164.51170349
v -59.21495056 32.74604034 164.47349548
v -60.03408051 31.28062057 163.72940063
v -58.17895126 34.50201035 164.89990234
v -59.53355026 33.14228058 163.83729553
v -59.21495056 32.74604034 164.47349548
v -59.21495056 32.74604034 164.47349548
v -59.53355026 33.14228058 163.83729553
v -60.38682175 31.78346062 163.09880066
v -59.21495056 32.74604034 164.47349548
v -60.38682175 31.78346062 163.09880066
v -60.03408051 31.28062057 163.72940063
v -64.25006866 36.72977066 153.29640198
v -62.54550934 35.75532913 144.94560242
v -64.80696106 35.75524139 153.29640198
v -58.84352875 32.82767105 169.39120483
v -59.00040054 31.15954018 172.42379761
v -58.29441833 33.09008026 171.72540283
v -58.29441833 33.09008026 171.72540283
v -59.00040054 31.15954018 172.42379761
v -58.64704895 30.18882942 174.55209351
v -58.29441833 33.09008026 171.72540283
v -58.64704895 30.18882942 174.55209351
v -57.50651169 32.93175888 174.59500122
v -59.50946045 27.41091919 172.96609497
v -59.90026855 27.01029968 171.67820740
v -59.50946045 27.41091919 172.96609497
v -59.38835907 29.39521980 172.72399902
v -59.90026855 27.01029968 171.67820740
v -59.38835907 29.39521980 172.72399902
v -59.77579117 30.02370071 170.62170410
v -58.84352875 32.82767105 169.39120483
v -59.77579117 30.02370071 170.62170410
v -59.00040054 31.15954018 172.42379761
v -59.00040054 31.15954018 172.42379761
v -59.77579117 30.02370071 170.62170410
v -59.38835907 29.39521980 172.72399902
v -59.00040054 31.15954018 172.42379761
v -59.38835907 29.39521980 172.72399902
v -58.64704895 30.18882942 174.55209351
v -58.64704895 30.18882942 174.55209351
v -59.38835907 29.39521980 172.72399902
v -59.50946045 27.41091919 172.96609497
v -58.64704895 30.18882942 174.55209351
v -59.50946045 27.41091919 172.96609497
v -59.10691071 27.38759041 174.29460144
v -59.10691071 27.38759041 174.29460144
v -59.90346909 30.39361954 169.34109497
v -59.77579117 30.02370071 170.62170410
v -59.08860016 32.57001114 168.19509888
v -59.08860016 32.57001114 168.19509888
v -59.77579117 30.02370071 170.62170410
v -58.84352875 32.82767105 169.39120483
v -59.90346909 30.39361954 169.34109497
v -60.16313171 28.74720955 170.10290527
v -59.77579117 30.02370071 170.62170410
v -59.77579117 30.02370071 170.62170410
v -60.16313171 28.74720955 170.10290527
v -60.13811111 26.89570045 170.86849976
v -59.77579117 30.02370071 170.62170410
v -60.13811111 26.89570045 170.86849976
v -59.90026855 27.01029968 171.67820740
v -60.35329819 26.61948013 170.09449768
v -60.34035110 26.51206017 170.14450073
v -60.12715149 26.78428078 170.90890503
v -59.08860016 32.57001114 168.19509888
v -59.30049896 32.24440002 167.00549316
v -59.90346909 30.39361954 169.34109497
v -59.90346909 30.39361954 169.34109497
v -59.30049896 32.24440002 167.00549316
v -60.26657104 29.49382019 168.63830566
v -59.90346909 30.39361954 169.34109497
v -60.26657104 29.49382019 168.63830566
v -60.16313171 28.74720955 170.10290527
v -60.16313171 28.74720955 170.10290527
v -60.26657104 29.49382019 168.63830566
v -60.35329819 26.61948013 170.09449768
v -60.16313171 28.74720955 170.10290527
v -60.35329819 26.61948013 170.09449768
v -60.13811111 26.89570045 170.86849976
v -60.13811111 26.89570045 170.86849976
v -60.35329819 26.61948013 170.09449768
v -60.13811111 26.89570045 170.86849976
v -60.12715149 26.78428078 170.90890503
v -59.90026855 27.01029968 171.67820740
v -61.86204910 24.20895004 162.23150635
v -61.33388901 25.03869057 165.76469421
v -61.11264038 27.71583939 165.30990601
v -60.02381897 30.87702942 164.51170349
v -60.13317108 30.66176987 164.38079834
v -61.11264038 27.71583939 165.30990601
v -61.11264038 27.71583939 165.30990601
v -60.13317108 30.66176987 164.38079834
v -60.60060120 29.66787910 163.81669617
v -60.60060120 29.66787910 163.81669617
v -61.33747864 27.66045952 162.91700745
v -61.11264038 27.71583939 165.30990601
v -61.11264038 27.71583939 165.30990601
v -61.33747864 27.66045952 162.91700745
v -61.72346115 25.94140053 162.43179321
v -61.11264038 27.71583939 165.30990601
v -61.72346115 25.94140053 162.43179321
v -61.86204910 24.20895004 162.23150635
v -59.30049896 32.24440002 167.00549316
v -60.02381897 30.87702942 164.51170349
v -60.26657104 29.49382019 168.63830566
v -60.26657104 29.49382019 168.63830566
v -60.02381897 30.87702942 164.51170349
v -61.11264038 27.71583939 165.30990601
v -60.26657104 29.49382019 168.63830566
v -61.11264038 27.71583939 165.30990601
v -60.35329819 26.61948013 170.09449768
v -60.35329819 26.61948013 170.09449768
v -61.11264038 27.71583939 165.30990601
v -61.33388901 25.03869057 165.76469421
v -60.35329819 26.61948013 170.09449768
v -61.33388901 25.03869057 165.76469421
v -60.34035110 26.51206017 170.14450073
v -61.02664948 30.44586945 162.45809937
v -60.13317108 30.66176987 164.38079834
v -60.15167999 31.06068039 163.60450745
v -60.66044998 30.02029037 163.06840515
v -60.15167999 31.06068039 163.60450745
v -61.02664948 30.44586945 162.45809937
v -60.66044998 30.02029037 163.06840515
v -60.66044998 30.02029037 163.06840515
v -61.02664948 30.44586945 162.45809937
v -61.84941101 28.17790031 161.63369751
v -60.66044998 30.02029037 163.06840515
v -61.84941101 28.17790031 161.63369751
v -61.46664047 27.89956093 162.21690369
v -61.46664047 27.89956093 162.21690369
v -61.84941101 28.17790031 161.63369751
v -62.28137970 26.20969963 161.20080566
v -61.46664047 27.89956093 162.21690369
v -62.28137970 26.20969963 161.20080566
v -61.89194870 26.06681061 161.76429749
v -61.89194870 26.06681061 161.76429749
v -62.28137970 26.20969963 161.20080566
v -62.43313980 24.20895004 161.04879761
v -61.89194870 26.06681061 161.76429749
v -62.43313980 24.20895004 161.04879761
v -62.04774857 24.20895004 161.59190369
v -60.13317108 30.66176987 164.38079834
v -60.66044998 30.02029037 163.06840515
v -60.60060120 29.66787910 163.81669617
v -60.60060120 29.66787910 163.81669617
v -60.66044998 30.02029037 163.06840515
v -61.46664047 27.89956093 162.21690369
v -60.60060120 29.66787910 163.81669617
v -61.46664047 27.89956093 162.21690369
v -61.33747864 27.66045952 162.91700745
v -61.33747864 27.66045952 162.91700745
v -61.46664047 27.89956093 162.21690369
v -61.89194870 26.06681061 161.76429749
v -61.33747864 27.66045952 162.91700745
v -61.89194870 26.06681061 161.76429749
v -61.72346115 25.94140053 162.43179321
v -61.72346115 25.94140053 162.43179321
v -61.89194870 26.06681061 161.76429749
v -62.04774857 24.20895004 161.59190369
v -61.72346115 25.94140053 162.43179321
v -62.04774857 24.20895004 161.59190369
v -61.86204910 24.20895004 162.23150635
v -61.62379837 35.25986099 160.85169983
v -64.10159302 31.55347061 159.37699890
v -60.50772095 31.55347061 162.97810364
v -60.50772095 31.55347061 162.97810364
v -60.38682175 31.78346062 163.09880066
v -61.62379837 35.25986099 160.85169983
v -61.62379837 35.25986099 160.85169983
v -60.38682175 31.78346062 163.09880066
v -59.53355026 33.14228058 163.83729553
v -61.62379837 35.25986099 160.85169983
v -59.53355026 33.14228058 163.83729553
v -58.47666931 34.69797897 164.31669617
v -64.10159302 31.55347061 159.37699890
v -61.62379837 35.25986099 160.85169983
v -63.96089172 33.77476883 159.22850037
v -63.96089172 33.77476883 159.22850037
v -61.62379837 35.25986099 160.85169983
v -61.75672150 35.30440140 160.69299316
v -63.96089172 33.77476883 159.22850037
v -61.75672150 35.30440140 160.69299316
v -63.58478165 35.30440140 158.86120605
v -63.96089172 33.77476883 159.22850037
v -63.58478165 35.30440140 158.86120605
v -63.98178101 35.32075119 158.40840149
v -63.98178101 35.32075119 158.40840149
v -64.49611664 33.51736069 158.77549744
v -63.96089172 33.77476883 159.22850037
v -63.96089172 33.77476883 159.22850037
v -64.49611664 33.51736069 158.77549744
v -64.61627197 31.53376007 158.86120605
v -63.96089172 33.77476883 159.22850037
v -64.61627197 31.53376007 158.86120605
v -64.10159302 31.55347061 159.37699890
v -66.03775787 33.51280975 154.80870056
v -65.86785126 33.43301010 153.35040283
v -65.96964264 32.94176865 153.32550049
v -65.85172272 33.54008102 156.26950073
v -65.33203888 33.53007889 157.63349915
v -64.71302032 35.45714951 157.06320190
v -64.88056946 35.75244141 153.59370422
v -65.35347748 34.83744812 153.47740173
v -64.94371796 35.74411011 153.90780640
v -64.94371796 35.74411011 153.90780640
v -65.35347748 34.83744812 153.47740173
v -65.86785126 33.43301010 153.35040283
v -64.94371796 35.74411011 153.90780640
v -65.86785126 33.43301010 153.35040283
v -65.02684784 35.62046051 155.60839844
v -65.02684784 35.62046051 155.60839844
v -65.86785126 33.43301010 153.35040283
v -66.03775787 33.51280975 154.80870056
v -65.02684784 35.62046051 155.60839844
v -66.03775787 33.51280975 154.80870056
v -64.96788788 35.57064819 156.08099365
v -64.96788788 35.57064819 156.08099365
v -66.03775787 33.51280975 154.80870056
v -65.85172272 33.54008102 156.26950073
v -64.96788788 35.57064819 156.08099365
v -65.85172272 33.54008102 156.26950073
v -64.91110229 35.53744888 156.37620544
v -64.91110229 35.53744888 156.37620544
v -65.85172272 33.54008102 156.26950073
v -64.71302032 35.45714951 157.06320190
v -65.14685059 31.47326088 158.24870300
v -64.61627197 31.53376007 158.86120605
v -64.49611664 33.51736069 158.77549744
v -63.98178101 35.32075119 158.40840149
v -64.71302032 35.45714951 157.06320190
v -64.49611664 33.51736069 158.77549744
v -64.49611664 33.51736069 158.77549744
v -64.71302032 35.45714951 157.06320190
v -65.33203888 33.53007889 157.63349915
v -64.49611664 33.51736069 158.77549744
v -65.33203888 33.53007889 157.63349915
v -65.14685059 31.47326088 158.24870300
v -65.14685059 31.47326088 158.24870300
v -65.33203888 33.53007889 157.63349915
v -65.85172272 33.54008102 156.26950073
v -65.14685059 31.47326088 158.24870300
v -65.85172272 33.54008102 156.26950073
v -65.94998169 31.27499008 156.76480103
v -65.94998169 31.27499008 156.76480103
v -65.85172272 33.54008102 156.26950073
v -66.03775787 33.51280975 154.80870056
v -65.94998169 31.27499008 156.76480103
v -66.03775787 33.51280975 154.80870056
v -66.28945160 31.05907059 155.07980347
v -66.28945160 31.05907059 155.07980347
v -66.03775787 33.51280975 154.80870056
v -65.96964264 32.94176865 153.32550049
v -66.28945160 31.05907059 155.07980347
v -65.96964264 32.94176865 153.32550049
v -66.09626770 30.92848969 153.29640198
v -64.88056946 35.75244141 153.59370422
v -64.80696106 35.75524139 153.29640198
v -65.35347748 34.83744812 153.47740173
v -65.35347748 34.83744812 153.47740173
v -64.80696106 35.75524139 153.29640198
v -65.78018188 33.43893051 153.03559875
v -65.35347748 34.83744812 153.47740173
v -65.78018188 33.43893051 153.03559875
v -65.86785126 33.43301010 153.35040283
v -65.86785126 33.43301010 153.35040283
v -65.78018188 33.43893051 153.03559875
v -65.96964264 32.94176865 153.32550049
v -65.96964264 32.94176865 153.32550049
v -65.78018188 33.43893051 153.03559875
v -66.00833130 30.92411041 152.97099304
v -65.96964264 32.94176865 153.32550049
v -66.00833130 30.92411041 152.97099304
v -66.09626770 30.92848969 153.29640198
v -58.80585861 27.13137054 175.29010010
v -58.49983978 26.98826981 176.30000305
v -58.11685944 29.94330025 176.30000305
v -58.11685944 29.94330025 176.30000305
v -56.98495865 32.69881058 176.30000305
v -57.24568176 32.81539154 175.44749451
v -59.10691071 27.38759041 174.29460144
v -58.80585861 27.13137054 175.29010010
v -58.11685944 29.94330025 176.30000305
v -59.10691071 27.38759041 174.29460144
v -58.11685944 29.94330025 176.30000305
v -58.64706039 30.18882942 174.55209351
v -58.64706039 30.18882942 174.55209351
v -57.50651169 32.93175888 174.59500122
v -63.53451920 23.20244980 143.83680725
v -63.26271057 24.08530998 142.83309937
v -63.24322891 23.73024940 142.57809448
v -63.88027954 19.50971031 144.57260132
v -63.93688965 19.50971031 145.32249451
v -63.89125061 20.86253929 145.15400696
v -63.88027954 19.50971031 144.57260132
v -63.89125061 20.86253929 145.15400696
v -63.83750916 20.67897034 144.46000671
v -63.83750916 20.67897034 144.46000671
v -63.89125061 20.86253929 145.15400696
v -63.75252151 22.11971092 144.64169312
v -63.83750916 20.67897034 144.46000671
v -63.75252151 22.11971092 144.64169312
v -63.72027969 21.75208092 144.00619507
v -63.72027969 21.75208092 144.00619507
v -63.75252151 22.11971092 144.64169312
v -63.53451920 23.20244980 143.83680725
v -63.72027969 21.75208092 144.00619507
v -63.53451920 23.20244980 143.83680725
v -63.53997040 22.66268921 143.25909424
v -63.53997040 22.66268921 143.25909424
v -63.53451920 23.20244980 143.83680725
v -63.24322891 23.73024940 142.57809448
v -63.53997040 22.66268921 143.25909424
v -63.24322891 23.73024940 142.57809448
v -63.31710052 23.39220047 142.31030273
v -63.31710052 23.39220047 142.31030273
v -63.24322891 23.73024940 142.57809448
v -62.91778183 24.44589996 140.79220581
v -62.91778183 24.44589996 140.79220581
v -63.24322891 23.73024940 142.57809448
v -60.86169052 29.34396935 133.71890259
v -60.31380081 30.46326065 131.68069458
v -60.44995117 30.03421021 131.41000366
v -60.86169052 29.34396935 133.71890259
v -60.86169052 29.34396935 133.71890259
v -60.44995117 30.03421021 131.41000366
v -60.98620987 28.92977905 133.44869995
v -60.86169052 29.34396935 133.71890259
v -60.98620987 28.92977905 133.44869995
v -62.91778183 24.44589996 140.79220581
v -60.31060028 30.92411041 131.93280029
v -60.31380081 30.46326065 131.68069458
v -60.86275101 29.78696060 133.97160339
v -60.86275101 29.78696060 133.97160339
v -60.31380081 30.46326065 131.68069458
v -60.86169052 29.34396935 133.71890259
v -60.86275101 29.78696060 133.97160339
v -60.86169052 29.34396935 133.71890259
v -63.26271057 24.08530998 142.83309937
v -63.26271057 24.08530998 142.83309937
v -60.86169052 29.34396935 133.71890259
v -63.24322891 23.73024940 142.57809448
v -60.31060028 30.92411041 131.93280029
v -66.00833130 30.92411041 152.97099304
v -59.52148819 32.29798126 129.18940735
v -59.52148819 32.29798126 129.18940735
v -66.00833130 30.92411041 152.97099304
v -65.78018188 33.43893051 153.03559875
v -59.52148819 32.29798126 129.18940735
v -65.78018188 33.43893051 153.03559875
v -59.11746979 32.92630005 128.01220703
v -59.11746979 32.92630005 128.01220703
v -65.78018188 33.43893051 153.03559875
v -58.59563828 33.72264862 126.81359863
v -64.80696106 35.75524139 153.29640198
v -62.54550934 35.75532913 144.94560242
v -65.78018188 33.43893051 153.03559875
v -65.78018188 33.43893051 153.03559875
v -62.54550934 35.75532913 144.94560242
v -60.54994965 35.30989075 136.64799500
v -65.78018188 33.43893051 153.03559875
v -60.54994965 35.30989075 136.64799500
v -58.59563828 33.72264862 126.81359863
v -58.59563828 33.72264862 126.81359863
v -60.54994965 35.30989075 136.64799500
v -58.68064880 35.00453949 129.14010620
v -58.59563828 33.72264862 126.81359863
v -58.68064880 35.00453949 129.14010620
v -58.30121994 34.18051147 126.33190155
v -58.30121994 34.18051147 126.33190155
v -58.68064880 35.00453949 129.14010620
v -57.86140060 34.87965012 125.87860107
v -58.31922150 34.02798080 126.09030151
v -57.85469818 34.87482834 125.84359741
v -57.84278870 34.79169083 125.38590240
v -58.30121994 34.18051147 126.33190155
v -57.86140060 34.87965012 125.87860107
v -57.85469818 34.87482834 125.84359741
v -57.84278870 34.79169083 125.38590240
v -58.37377167 33.89326096 125.84380341
v -58.31922150 34.02798080 126.09030151
v -58.31922150 34.02798080 126.09030151
v -58.37377167 33.89326096 125.84380341
v -58.70201111 33.32152939 126.31369781
v -58.31922150 34.02798080 126.09030151
v -58.70201111 33.32152939 126.31369781
v -58.62471008 33.51150131 126.56700134
v -58.62471008 33.51150131 126.56700134
v -58.70201111 33.32152939 126.31369781
v -59.26321030 32.31287003 127.49720001
v -58.62471008 33.51150131 126.56700134
v -59.26321030 32.31287003 127.49720001
v -59.15124130 32.60567093 127.76020050
v -59.15124130 32.60567093 127.76020050
v -59.26321030 32.31287003 127.49720001
v -59.67584991 31.54430008 128.66870117
v -59.15124130 32.60567093 127.76020050
v -59.67584991 31.54430008 128.66870117
v -59.54679108 31.90546036 128.93640137
v -59.54679108 31.90546036 128.93640137
v -59.67584991 31.54430008 128.66870117
v -60.44995117 30.03421021 131.41000366
v -59.54679108 31.90546036 128.93640137
v -60.44995117 30.03421021 131.41000366
v -60.31380081 30.46326065 131.68069458
v -57.85469818 34.87482834 125.84359741
v -58.31922150 34.02798080 126.09030151
v -58.30121994 34.18051147 126.33190155
v -58.30121994 34.18051147 126.33190155
v -58.31922150 34.02798080 126.09030151
v -58.62471008 33.51150131 126.56700134
v -58.30121994 34.18051147 126.33190155
v -58.62471008 33.51150131 126.56700134
v -58.59563828 33.72264862 126.81359863
v -58.59563828 33.72264862 126.81359863
v -58.62471008 33.51150131 126.56700134
v -59.15124130 32.60567093 127.76020050
v -58.59563828 33.72264862 126.81359863
v -59.15124130 32.60567093 127.76020050
v -59.11746979 32.92630005 128.01220703
v -59.11746979 32.92630005 128.01220703
v -59.15124130 32.60567093 127.76020050
v -59.54679108 31.90546036 128.93640137
v -59.11746979 32.92630005 128.01220703
v -59.54679108 31.90546036 128.93640137
v -59.52148819 32.29798126 129.18940735
v -59.52148819 32.29798126 129.18940735
v -59.54679108 31.90546036 128.93640137
v -60.31380081 30.46326065 131.68069458
v -59.52148819 32.29798126 129.18940735
v -60.31380081 30.46326065 131.68069458
v -60.31060028 30.92411041 131.93280029
v -66.82285309 -9.53721237 117.08809662
v -66.43421936 -11.94758034 119.88400269
v -66.49623871 -11.58133984 119.85590363
v -66.49623871 -11.58133984 119.85590363
v -66.43421936 -11.94758034 119.88400269
v -66.34539795 -12.43134022 120.51309967
v -66.49623871 -11.58133984 119.85590363
v -66.34539795 -12.43134022 120.51309967
v -65.87026978 -14.61839962 125.38590240
v -65.87026978 -14.61839962 125.38590240
v -66.34539795 -12.43134022 120.51309967
v -65.95397186 -14.36400032 123.34690094
v -65.87026978 -14.61839962 125.38590240
v -65.95397186 -14.36400032 123.34690094
v -65.66990662 -15.61131954 125.38590240
v -66.99221039 -6.89683390 117.34320068
v -67.21721649 -4.76790524 115.37439728
v -67.15840149 -6.78243303 114.67420197
v -67.15840149 -6.78243303 114.67420197
v -67.11338806 -7.21412897 114.99770355
v -66.99221039 -6.89683390 117.34320068
v -66.99221039 -6.89683390 117.34320068
v -67.11338806 -7.21412897 114.99770355
v -66.97679138 -8.38809204 115.98059845
v -66.97679138 -8.38809204 115.98059845
v -66.81163025 -8.21115780 118.92330170
v -66.81163025 -8.21115780 118.92330170
v -66.97679138 -8.38809204 115.98059845
v -66.82285309 -9.53721237 117.08809662
v -66.56651306 -9.70930958 121.06809998
v -66.49623871 -11.58133984 119.85590363
v -66.56651306 -9.70930958 121.06809998
v -66.49623871 -11.58133984 119.85590363
v -66.10384369 -12.02585983 125.11640167
v -65.87026978 -14.61839962 125.38590240
v -66.07303619 -12.16378021 125.38590240
v -67.38977051 -1.90243495 113.86450195
v -67.41081238 -3.46893406 112.85859680
v -67.25277710 -4.33575678 115.06320190
v -67.25277710 -4.33575678 115.06320190
v -67.41081238 -3.46893406 112.85859680
v -67.29367828 -5.27362013 113.70110321
v -67.21721649 -4.76790524 115.37439728
v -67.29367828 -5.27362013 113.70110321
v -67.25167084 -5.78476286 114.00330353
v -67.42240143 -0.00019259 113.57910156
v -67.48990631 -1.16723299 112.28939819
v -67.38977051 -1.90243495 113.86450195
v -67.38977051 -1.90243495 113.86450195
v -67.48990631 -1.16723299 112.28939819
v -67.45239258 -2.53479695 112.55940247
v -67.45239258 -2.53479695 112.55940247
v -67.37091064 2.38974905 114.02950287
v -67.46884918 2.05006504 112.44059753
v -67.40985107 1.17993104 113.68890381
v -67.40985107 1.17993104 113.68890381
v -67.46884918 2.05006504 112.44059753
v -67.48986816 1.16955900 112.28939819
v -67.42240143 -0.00019259 113.57910156
v -67.50000000 0.00000000 112.28939819
v -67.50000000 0.00000000 112.28939819
v -67.23419952 4.56659985 115.22570038
v -66.94384766 7.27255392 117.76629639
v -66.89817047 8.99370480 116.54609680
v -66.89817047 8.99370480 116.54609680
v -67.16237640 6.74278021 114.64550018
v -67.23419952 4.56659985 115.22570038
v -67.23419952 4.56659985 115.22570038
v -67.16237640 6.74278021 114.64550018
v -67.27111053 5.55414391 113.86380005
v -67.23419952 4.56659985 115.22570038
v -67.27111053 5.55414391 113.86380005
v -67.26637268 4.15867710 114.94429779
v -67.36627197 4.24692822 113.17919922
v -67.26637268 4.15867710 114.94429779
v -67.36627197 4.24692822 113.17919922
v -67.37091064 2.38974905 114.02950287
v -67.43739319 2.90662193 112.66729736
v -67.43739319 2.90662193 112.66729736
v -66.35601044 12.34144974 121.08290100
v -66.29720306 12.68595028 120.87000275
v -66.34278107 12.44536018 120.54209900
v -66.94384766 7.27255392 117.76629639
v -66.89653015 7.62206602 118.18039703
v -66.89817047 8.99370480 116.54609680
v -66.35601044 12.34144974 121.08290100
v -66.89817047 8.99370480 116.54609680
v -66.35601044 12.34144974 121.08290100
v -66.51737976 11.47558022 119.28589630
v -66.51737976 11.47558022 119.28589630
v -66.35601044 12.34144974 121.08290100
v -66.34278107 12.44536018 120.54209900
v -63.83750916 20.67897034 144.46000671
v -63.72027969 21.75208092 144.00619507
v -64.31578064 20.05005074 138.93499756
v -64.31578064 20.05005074 138.93499756
v -63.72027969 21.75208092 144.00619507
v -63.53997040 22.66268921 143.25909424
v -66.29720306 12.68595028 120.87000275
v -66.35601044 12.34144974 121.08290100
v -65.99694061 14.16532040 123.03009796
v -65.99694061 14.16532040 123.03009796
v -66.35601044 12.34144974 121.08290100
v -65.51757812 16.05471992 128.41929626
v -65.99694061 14.16532040 123.03009796
v -65.51757812 16.05471992 128.41929626
v -65.30467224 17.07484055 128.01109314
v -65.30467224 17.07484055 128.01109314
v -65.51757812 16.05471992 128.41929626
v -64.31578064 20.05005074 138.93499756
v -65.30467224 17.07484055 128.01109314
v -64.31578064 20.05005074 138.93499756
v -64.40789032 20.19592094 134.46270752
v -64.40789032 20.19592094 134.46270752
v -64.31578064 20.05005074 138.93499756
v -63.53997040 22.66268921 143.25909424
v -64.40789032 20.19592094 134.46270752
v -63.53997040 22.66268921 143.25909424
v -63.31710052 23.39220047 142.31030273
v -63.88027954 19.50971031 144.57260132
v -63.83750916 20.67897034 144.46000671
v -64.44230652 17.94182014 139.65480042
v -64.44230652 17.94182014 139.65480042
v -63.83750916 20.67897034 144.46000671
v -64.31578064 20.05005074 138.93499756
v -65.34532928 15.04125977 131.75329590
v -65.51757812 16.05471992 128.41929626
v -66.89653015 7.62206602 118.18039703
v -66.43338776 10.43085003 122.23290253
v -66.35601044 12.34144974 121.08290100
v -66.35601044 12.34144974 121.08290100
v -66.43338776 10.43085003 122.23290253
v -66.31405640 11.03617954 123.27700043
v -66.35601044 12.34144974 121.08290100
v -66.31405640 11.03617954 123.27700043
v -65.51757812 16.05471992 128.41929626
v -65.51757812 16.05471992 128.41929626
v -65.62306213 14.01747990 129.32330322
v -65.62306213 14.01747990 129.32330322
v -65.70970154 -6.18344307 112.28939819
v -65.71645355 -6.11135006 112.29620361
v -65.71646118 -6.11125803 112.28939819
v -65.72312927 -6.03906679 112.28939819
v -67.21617889 -6.18344307 112.28939819
v -65.70970154 -6.18344307 112.28939819
v -65.71646118 -6.11125803 112.28939819
v -67.22277832 -6.11125803 112.28939819
v -65.72312927 -6.03906679 112.28939819
v -67.22930908 -6.03906679 112.28939819
v -67.22930908 -6.03906679 112.28939819
v -65.72312927 -6.03906679 112.28939819
v -67.22277069 -6.11135006 112.29620361
v -65.71645355 -6.11135006 112.29620361
v -67.22277069 -6.11135006 112.29620361
v -65.71645355 -6.11135006 112.29620361
v -67.21617889 -6.18344307 112.28939819
v -65.70970154 -6.18344307 112.28939819
v -61.34759140 19.91789055 66.38986969
v -64.49440002 19.91789055 66.38986969
v -64.98390961 18.25762939 66.79972076
v -61.86201096 18.25762939 66.79972076
v -61.86201096 18.25762939 66.79972076
v -64.98390961 18.25762939 66.79972076
v -65.33113098 16.97331047 67.93981934
v -62.22666168 16.97331047 67.93981934
v -62.22666168 16.97331047 67.93981934
v -65.33113098 16.97331047 67.93981934
v -65.48793793 16.35788918 69.62513733
v -62.39125824 16.35788918 69.62513733
v -62.39125824 16.35788918 69.62513733
v -65.48793793 16.35788918 69.62513733
v -65.45664978 16.48261070 70.96035767
v -62.35842896 16.48261070 70.96035767
v -62.35842896 16.48261070 70.96035767
v -65.45664978 16.48261070 70.96035767
v -65.24582672 17.29832077 72.39700317
v -62.13708878 17.29832077 72.39700317
v -62.13708878 17.29832077 72.39700317
v -65.24582672 17.29832077 72.39700317
v -65.14099121 17.68899918 72.75982666
v -62.02700043 17.68899918 72.75982666
v -62.02700043 17.68899918 72.75982666
v -65.14099121 17.68899918 72.75982666
v -64.69394684 19.25988007 73.48136139
v -61.55735016 19.25988007 73.48136139
v -61.55735016 19.25988007 73.48136139
v -64.69394684 19.25988007 73.48136139
v -64.49440002 19.91789055 73.54216003
v -61.34759140 19.91789055 73.54216003
v -61.34759140 19.91789055 73.54216003
v -64.49440002 19.91789055 73.54216003
v -63.95806122 21.57814980 73.13230133
v -60.78350067 21.57814980 73.13230133
v -60.78350067 21.57814980 73.13230133
v -63.95806122 21.57814980 73.13230133
v -63.51029968 22.86247063 71.99220276
v -60.31216812 22.86247063 71.99220276
v -60.31216812 22.86247063 71.99220276
v -63.51029968 22.86247063 71.99220276
v -60.15354919 23.27660942 71.19358063
v -63.35964966 23.27671051 71.19329834
v -60.15354919 23.27660942 71.19358063
v -63.35964966 23.27671051 71.19329834
v -60.07527161 23.47789001 70.30687714
v -63.28536987 23.47789001 70.30687714
v -60.07527161 23.47789001 70.30687714
v -63.28536987 23.47789001 70.30687714
v -63.33150864 23.35317039 68.97165680
v -60.12387085 23.35317039 68.97165680
v -60.12387085 23.35317039 68.97165680
v -63.33150864 23.35317039 68.97165680
v -63.62635040 22.53746033 67.53501892
v -60.43436813 22.53746033 67.53501892
v -60.43436813 22.53746033 67.53501892
v -63.62635040 22.53746033 67.53501892
v -63.76338959 22.14678001 67.17218781
v -60.57862854 22.14678001 67.17218781
v -60.57862854 22.14678001 67.17218781
v -63.76338959 22.14678001 67.17218781
v -64.28749847 20.57589912 66.45066071
v -61.13003922 20.57589912 66.45066071
v -61.13003922 20.57589912 66.45066071
v -64.28749847 20.57589912 66.45066071
v -64.49440002 19.91789055 66.38986969
v -61.34759140 19.91789055 66.38986969
v -61.34759140 19.91789055 66.38986969
v -61.86201096 18.25762939 66.79972076
v -62.22666168 16.97331047 67.93981934
v -62.35842896 16.48261070 70.96035767
v -62.13708878 17.29832077 72.39700317
v -60.15354919 23.27660942 71.19358063
v -60.15354919 23.27660942 71.19358063
v -62.13708878 17.29832077 72.39700317
v -62.02700043 17.68899918 72.75982666
v -60.78350067 21.57814980 73.13230133
v -60.31216812 22.86247063 71.99220276
v -61.34759140 19.91789055 73.54216003
v -61.34759140 19.91789055 73.54216003
v -60.31216812 22.86247063 71.99220276
v -60.15354919 23.27660942 71.19358063
v -61.55735016 19.25988007 73.48136139
v -61.55735016 19.25988007 73.48136139
v -60.15354919 23.27660942 71.19358063
v -62.02700043 17.68899918 72.75982666
v -60.15354919 23.27660942 71.19358063
v -60.07527161 23.47789001 70.30687714
v -60.36872864 22.71269035 69.18289185
v -60.12387085 23.35317039 68.97165680
v -60.43436813 22.53746033 67.53501892
v -60.36872864 22.71269035 69.18289185
v -60.43436813 22.53746033 67.53501892
v -60.57862854 22.14678001 67.17218781
v -60.36872864 22.71269035 69.18289185
v -60.57862854 22.14678001 67.17218781
v -61.13003922 20.57589912 66.45066071
v -61.13003922 20.57589912 66.45066071
v -61.34759140 19.91789055 66.38986969
v -60.36872864 22.71269035 69.18289185
v -60.36872864 22.71269035 69.18289185
v -61.34759140 19.91789055 66.38986969
v -62.22666168 16.97331047 67.93981934
v -60.36872864 22.71269035 69.18289185
v -62.22666168 16.97331047 67.93981934
v -60.15354919 23.27660942 71.19358063
v -62.39125824 16.35788918 69.62513733
v -60.15354919 23.27660942 71.19358063
v -62.39125824 16.35788918 69.62513733
v -62.35842896 16.48261070 70.96035767
v -66.12255859 13.56674004 70.36898041
v -63.05706024 13.56674004 70.36898041
v -66.12255859 13.56674004 79.03710175
v -63.05706024 13.56674004 87.05348206
v -66.12255859 13.56674004 87.05348206
v -63.72652054 9.95894527 91.03259277
v -66.76129150 9.95894527 91.03259277
v -66.51278687 11.50216007 90.64778137
v -63.46612930 11.50216007 90.64778137
v -63.46612930 11.50216007 90.64778137
v -66.51278687 11.50216007 90.64778137
v -66.33956909 12.46240044 89.91256714
v -63.46612930 11.50216007 90.64778137
v -66.33956909 12.46240044 89.91256714
v -63.21316910 12.81970978 89.47142029
v -66.33956909 12.46240044 89.91256714
v -66.27144623 12.81970978 89.47142029
v -63.21316910 12.81970978 89.47142029
v -63.21316910 12.81970978 89.47142029
v -66.27144623 12.81970978 89.47142029
v -66.13186646 13.52130032 87.68331146
v -63.06681824 13.52130032 87.68331146
v -63.06681824 13.52130032 87.68331146
v -66.13186646 13.52130032 87.68331146
v -66.12255859 13.56674004 87.05348206
v -63.05706024 13.56674004 87.05348206
v -64.18656158 6.35115194 87.05348206
v -67.20053864 6.35115194 87.05348206
v -67.15287018 6.83679485 89.04183197
v -64.13665009 6.83679485 89.04183197
v -64.13665009 6.83679485 89.04183197
v -67.15287018 6.83679485 89.04183197
v -67.01426697 8.08314705 90.44866180
v -63.99150085 8.08314705 90.44866180
v -63.99150085 8.08314705 90.44866180
v -67.01426697 8.08314705 90.44866180
v -66.81951141 9.56053829 91.00827026
v -63.78749847 9.56053829 91.00827026
v -63.78749847 9.56053829 91.00827026
v -66.81951141 9.56053829 91.00827026
v -66.76129150 9.95894527 91.03259277
v -63.72652054 9.95894527 91.03259277
v -64.18656158 6.35115194 70.36898041
v -67.20053864 6.35115194 70.36898041
v -64.18656158 6.35115194 87.05348206
v -67.20053864 6.35115194 79.03710175
v -67.20053864 6.35115194 87.05348206
v -63.72652054 9.95894527 66.38986969
v -66.76129150 9.95894527 66.38986969
v -66.97332001 8.41572571 66.77468109
v -63.94860840 8.41572571 66.77468109
v -63.94860840 8.41572571 66.77468109
v -66.97332001 8.41572571 66.77468109
v -67.12574768 7.09817600 67.95104218
v -64.10823822 7.09817600 67.95104218
v -64.10823822 7.09817600 67.95104218
v -67.12574768 7.09817600 67.95104218
v -67.19624329 6.39658594 69.73914337
v -64.18203735 6.39658594 69.73914337
v -64.18203735 6.39658594 69.73914337
v -67.19624329 6.39658594 69.73914337
v -67.20053864 6.35115194 70.36898041
v -64.18656158 6.35115194 70.36898041
v -63.05706024 13.56674004 70.36898041
v -66.12255859 13.56674004 70.36898041
v -66.22035217 13.08108997 68.38063049
v -66.33482361 12.48770046 67.53710938
v -63.40496063 11.83473969 66.97380066
v -66.22035217 13.08108997 68.38063049
v -66.22035217 13.08108997 68.38063049
v -63.40496063 11.83473969 66.97380066
v -63.15959930 13.08108997 68.38063049
v -63.15959930 13.08108997 68.38063049
v -66.33482361 12.48770046 67.53710938
v -66.45440674 11.83473969 66.97380066
v -63.40496063 11.83473969 66.97380066
v -63.40496063 11.83473969 66.97380066
v -66.45440674 11.83473969 66.97380066
v -66.70063782 10.35735035 66.41419220
v -63.66297913 10.35735035 66.41419220
v -63.66297913 10.35735035 66.41419220
v -66.70063782 10.35735035 66.41419220
v -66.76129150 9.95894527 66.38986969
v -63.72652054 9.95894527 66.38986969
v -63.05706024 13.56674004 70.36898041
v -63.15959930 13.08108997 68.38063049
v -64.18656158 6.35115194 70.36898041
v -64.18656158 6.35115194 70.36898041
v -63.15959930 13.08108997 68.38063049
v -63.40496063 11.83473969 66.97380066
v -63.66297913 10.35735035 66.41419220
v -63.72652054 9.95894527 66.38986969
v -63.98196030 8.15829182 68.37943268
v -63.66297913 10.35735035 66.41419220
v -64.18656158 6.35115194 70.36898041
v -63.66297913 10.35735035 66.41419220
v -63.98196030 8.15829182 68.37943268
v -64.18656158 6.35115194 70.36898041
v -63.98196030 8.15829182 68.37943268
v -64.18203735 6.39658594 69.73914337
v -63.72652054 9.95894527 66.38986969
v -63.94860840 8.41572571 66.77468109
v -63.98196030 8.15829182 68.37943268
v -63.98196030 8.15829182 68.37943268
v -63.94860840 8.41572571 66.77468109
v -64.10823822 7.09817600 67.95104218
v -64.18203735 6.39658594 69.73914337
v -64.13665009 6.83679485 89.04183197
v -63.99150085 8.08314705 90.44866180
v -63.05706024 13.56674004 87.05348206
v -63.78749847 9.56053829 91.00827026
v -63.72652054 9.95894527 91.03259277
v -63.41746140 11.76760006 89.04302979
v -63.78749847 9.56053829 91.00827026
v -63.05706024 13.56674004 87.05348206
v -63.78749847 9.56053829 91.00827026
v -63.41746140 11.76760006 89.04302979
v -63.05706024 13.56674004 87.05348206
v -63.41746140 11.76760006 89.04302979
v -63.06681824 13.52130032 87.68331146
v -63.72652054 9.95894527 91.03259277
v -63.46612930 11.50216007 90.64778137
v -63.41746140 11.76760006 89.04302979
v -63.41746140 11.76760006 89.04302979
v -63.46612930 11.50216007 90.64778137
v -63.21316910 12.81970978 89.47142029
v -63.06681824 13.52130032 87.68331146
v -63.05706024 13.56674004 70.36898041
v -64.18656158 6.35115194 70.36898041
v -63.05706024 13.56674004 87.05348206
v -64.18656158 6.35115194 87.05348206
v -63.05706024 13.56674004 87.05348206
v -64.18656158 6.35115194 87.05348206
v -64.13665009 6.83679485 89.04183197
v -64.39901733 3.60779190 89.84552002
v -67.40351868 3.60779190 89.84552002
v -64.39901733 3.60779190 70.36898041
v -67.40351868 3.60779190 79.03710175
v -67.40351868 3.60779190 70.36898041
v -64.50000000 0.00000000 93.82463074
v -67.50000000 0.00000000 93.82463074
v -67.48236084 1.54321897 93.43981934
v -64.48153687 1.54321897 93.43981934
v -64.48153687 1.54321897 93.43981934
v -67.48236084 1.54321897 93.43981934
v -67.43934631 2.86076903 92.26345062
v -64.43653107 2.86076903 92.26345062
v -64.43653107 2.86076903 92.26345062
v -67.43934631 2.86076903 92.26345062
v -67.40592957 3.56235790 90.47534943
v -64.40155029 3.56235790 90.47534943
v -64.40155029 3.56235790 90.47534943
v -67.40592957 3.56235790 90.47534943
v -67.40351868 3.60779190 89.84552002
v -64.39901733 3.60779190 89.84552002
v -64.39901733 -3.60779190 89.84552002
v -67.40351868 -3.60779190 89.84552002
v -67.42775726 -3.12214994 91.83386993
v -64.42439270 -3.12214994 91.83386993
v -64.42439270 -3.12214994 91.83386993
v -67.42775726 -3.12214994 91.83386993
v -67.47393036 -1.87579799 93.24069214
v -64.47271729 -1.87579799 93.24069214
v -64.47271729 -1.87579799 93.24069214
v -67.47393036 -1.87579799 93.24069214
v -67.49883270 -0.39840749 93.80030823
v -64.49877167 -0.39840749 93.80030823
v -64.49877167 -0.39840749 93.80030823
v -67.49883270 -0.39840749 93.80030823
v -67.50000000 0.00000000 93.82463074
v -64.50000000 0.00000000 93.82463074
v -67.40351868 -3.60779190 89.84552002
v -64.39901733 -3.60779190 89.84552002
v -67.40351868 -3.60779190 79.03710175
v -64.39901733 -3.60779190 70.36898041
v -67.40351868 -3.60779190 70.36898041
v -64.50000000 0.00000000 66.38986969
v -67.50000000 0.00000000 66.38986969
v -67.48236084 -1.54321897 66.77468109
v -64.48153687 -1.54321897 66.77468109
v -64.48153687 -1.54321897 66.77468109
v -67.48236084 -1.54321897 66.77468109
v -67.43934631 -2.86076903 67.95104218
v -64.43653107 -2.86076903 67.95104218
v -64.43653107 -2.86076903 67.95104218
v -67.43934631 -2.86076903 67.95104218
v -67.40592957 -3.56235790 69.73914337
v -64.40155029 -3.56235790 69.73914337
v -64.40155029 -3.56235790 69.73914337
v -67.40592957 -3.56235790 69.73914337
v -67.40351868 -3.60779190 70.36898041
v -64.39901733 -3.60779190 70.36898041
v -64.39901733 3.60779190 70.36898041
v -67.40351868 3.60779190 70.36898041
v -67.42775726 3.12214994 68.38063049
v -64.42439270 3.12214994 68.38063049
v -64.42439270 3.12214994 68.38063049
v -67.42775726 3.12214994 68.38063049
v -67.47393036 1.87579799 66.97380066
v -64.47271729 1.87579799 66.97380066
v -64.47271729 1.87579799 66.97380066
v -67.47393036 1.87579799 66.97380066
v -67.49883270 0.39840749 66.41419220
v -64.49877167 0.39840749 66.41419220
v -64.49877167 0.39840749 66.41419220
v -67.49883270 0.39840749 66.41419220
v -67.50000000 0.00000000 66.38986969
v -64.50000000 0.00000000 66.38986969
v -64.39901733 3.60779190 89.84552002
v -64.39901733 -3.60779190 89.84552002
v -64.42439270 -3.12214994 91.83386993
v -64.48153687 1.54321897 93.43981934
v -64.43653107 2.86076903 92.26345062
v -64.50000000 0.00000000 93.82463074
v -64.50000000 0.00000000 93.82463074
v -64.43653107 2.86076903 92.26345062
v -64.40155029 3.56235790 90.47534943
v -64.40155029 3.56235790 90.47534943
v -64.49877167 -0.39840749 93.80030823
v -64.49877167 -0.39840749 93.80030823
v -64.40155029 3.56235790 90.47534943
v -64.39901733 3.60779190 89.84552002
v -64.49877167 -0.39840749 93.80030823
v -64.39901733 3.60779190 89.84552002
v -64.47271729 -1.87579799 93.24069214
v -64.42439270 -3.12214994 91.83386993
v -64.48153687 -1.54321897 66.77468109
v -64.43653107 -2.86076903 67.95104218
v -64.50000000 0.00000000 66.38986969
v -64.50000000 0.00000000 66.38986969
v -64.43653107 -2.86076903 67.95104218
v -64.40155029 -3.56235790 69.73914337
v -64.40155029 -3.56235790 69.73914337
v -64.49877167 0.39840749 66.41419220
v -64.49877167 0.39840749 66.41419220
v -64.40155029 -3.56235790 69.73914337
v -64.39901733 -3.60779190 70.36898041
v -64.49877167 0.39840749 66.41419220
v -64.39901733 -3.60779190 70.36898041
v -64.47271729 1.87579799 66.97380066
v -64.42439270 3.12214994 68.38063049
v -64.39901733 -3.60779190 89.84552002
v -64.39901733 3.60779190 89.84552002
v -64.39901733 -3.60779190 70.36898041
v -64.39901733 3.60779190 70.36898041
v -64.39901733 -3.60779190 70.36898041
v -64.39901733 3.60779190 70.36898041
v -64.42439270 3.12214994 68.38063049
v -67.20053864 -6.35115194 70.36898041
v -64.18656158 -6.35115194 70.36898041
v -67.20053864 -6.35115194 79.03710175
v -64.18656158 -6.35115194 87.05348206
v -67.20053864 -6.35115194 87.05348206
v -63.72652054 -9.95894527 91.03259277
v -66.76129150 -9.95894527 91.03259277
v -66.97332001 -8.41572571 90.64778137
v -63.94860840 -8.41572571 90.64778137
v -63.94860840 -8.41572571 90.64778137
v -66.97332001 -8.41572571 90.64778137
v -67.12574768 -7.09817600 89.47142029
v -64.10823822 -7.09817600 89.47142029
v -64.10823822 -7.09817600 89.47142029
v -67.12574768 -7.09817600 89.47142029
v -67.19624329 -6.39658594 87.68331146
v -64.18203735 -6.39658594 87.68331146
v -64.18203735 -6.39658594 87.68331146
v -67.19624329 -6.39658594 87.68331146
v -67.20053864 -6.35115194 87.05348206
v -64.18656158 -6.35115194 87.05348206
v -63.05706024 -13.56674004 87.05348206
v -66.12255859 -13.56674004 87.05348206
v -66.22035217 -13.08108997 89.04183197
v -66.33482361 -12.48770046 89.88533783
v -63.40496063 -11.83473969 90.44866180
v -66.22035217 -13.08108997 89.04183197
v -66.22035217 -13.08108997 89.04183197
v -63.40496063 -11.83473969 90.44866180
v -63.15959930 -13.08108997 89.04183197
v -63.15959930 -13.08108997 89.04183197
v -66.33482361 -12.48770046 89.88533783
v -66.45440674 -11.83473969 90.44866180
v -63.40496063 -11.83473969 90.44866180
v -63.40496063 -11.83473969 90.44866180
v -66.45440674 -11.83473969 90.44866180
v -66.70063782 -10.35735035 91.00827026
v -63.66297913 -10.35735035 91.00827026
v -63.66297913 -10.35735035 91.00827026
v -66.70063782 -10.35735035 91.00827026
v -66.76129150 -9.95894527 91.03259277
v -63.72652054 -9.95894527 91.03259277
v -63.05706024 -13.56674004 70.36898041
v -66.12255859 -13.56674004 70.36898041
v -63.05706024 -13.56674004 87.05348206
v -66.12255859 -13.56674004 79.03710175
v -66.12255859 -13.56674004 87.05348206
v -63.72652054 -9.95894527 66.38986969
v -66.76129150 -9.95894527 66.38986969
v -66.51278687 -11.50216007 66.77468109
v -63.46612930 -11.50216007 66.77468109
v -63.46612930 -11.50216007 66.77468109
v -66.51278687 -11.50216007 66.77468109
v -66.33956909 -12.46240044 67.50988770
v -63.46612930 -11.50216007 66.77468109
v -66.33956909 -12.46240044 67.50988770
v -63.21316910 -12.81970978 67.95104218
v -66.33956909 -12.46240044 67.50988770
v -66.27144623 -12.81970978 67.95104218
v -63.21316910 -12.81970978 67.95104218
v -63.21316910 -12.81970978 67.95104218
v -66.27144623 -12.81970978 67.95104218
v -66.13186646 -13.52130032 69.73914337
v -63.06681824 -13.52130032 69.73914337
v -63.06681824 -13.52130032 69.73914337
v -66.13186646 -13.52130032 69.73914337
v -66.12255859 -13.56674004 70.36898041
v -63.05706024 -13.56674004 70.36898041
v -64.18656158 -6.35115194 70.36898041
v -67.20053864 -6.35115194 70.36898041
v -67.15287018 -6.83679485 68.38063049
v -64.13665009 -6.83679485 68.38063049
v -64.13665009 -6.83679485 68.38063049
v -67.15287018 -6.83679485 68.38063049
v -67.01426697 -8.08314705 66.97380066
v -63.99150085 -8.08314705 66.97380066
v -63.99150085 -8.08314705 66.97380066
v -67.01426697 -8.08314705 66.97380066
v -66.81951141 -9.56053829 66.41419220
v -63.78749847 -9.56053829 66.41419220
v -63.78749847 -9.56053829 66.41419220
v -66.81951141 -9.56053829 66.41419220
v -66.76129150 -9.95894527 66.38986969
v -63.72652054 -9.95894527 66.38986969
v -63.05706024 -13.56674004 87.05348206
v -63.15959930 -13.08108997 89.04183197
v -64.18656158 -6.35115194 87.05348206
v -64.18656158 -6.35115194 87.05348206
v -63.15959930 -13.08108997 89.04183197
v -63.40496063 -11.83473969 90.44866180
v -63.66297913 -10.35735035 91.00827026
v -63.72652054 -9.95894527 91.03259277
v -63.98196030 -8.15829182 89.04302979
v -63.66297913 -10.35735035 91.00827026
v -64.18656158 -6.35115194 87.05348206
v -63.66297913 -10.35735035 91.00827026
v -63.98196030 -8.15829182 89.04302979
v -64.18656158 -6.35115194 87.05348206
v -63.98196030 -8.15829182 89.04302979
v -64.18203735 -6.39658594 87.68331146
v -63.72652054 -9.95894527 91.03259277
v -63.94860840 -8.41572571 90.64778137
v -63.98196030 -8.15829182 89.04302979
v -63.98196030 -8.15829182 89.04302979
v -63.94860840 -8.41572571 90.64778137
v -64.10823822 -7.09817600 89.47142029
v -64.18203735 -6.39658594 87.68331146
v -64.13665009 -6.83679485 68.38063049
v -63.99150085 -8.08314705 66.97380066
v -63.05706024 -13.56674004 70.36898041
v -63.78749847 -9.56053829 66.41419220
v -63.72652054 -9.95894527 66.38986969
v -63.41746140 -11.76760006 68.37943268
v -63.78749847 -9.56053829 66.41419220
v -63.05706024 -13.56674004 70.36898041
v -63.78749847 -9.56053829 66.41419220
v -63.41746140 -11.76760006 68.37943268
v -63.05706024 -13.56674004 70.36898041
v -63.41746140 -11.76760006 68.37943268
v -63.06681824 -13.52130032 69.73914337
v -63.72652054 -9.95894527 66.38986969
v -63.46612930 -11.50216007 66.77468109
v -63.41746140 -11.76760006 68.37943268
v -63.41746140 -11.76760006 68.37943268
v -63.46612930 -11.50216007 66.77468109
v -63.21316910 -12.81970978 67.95104218
v -63.06681824 -13.52130032 69.73914337
v -63.05706024 -13.56674004 87.05348206
v -64.18656158 -6.35115194 87.05348206
v -63.05706024 -13.56674004 70.36898041
v -64.18656158 -6.35115194 70.36898041
v -63.05706024 -13.56674004 70.36898041
v -64.18656158 -6.35115194 70.36898041
v -64.13665009 -6.83679485 68.38063049
v -65.49984741 -16.31010056 70.36898041
v -62.40377045 -16.31010056 70.36898041
v -65.49984741 -16.31010056 79.03710175
v -62.40377045 -16.31010056 79.30928040
v -65.49984741 -16.31010056 79.30928040
v -61.34759140 -19.91789055 83.28839111
v -64.49440002 -19.91789055 83.28839111
v -64.95092010 -18.37467003 82.90357971
v -61.82735062 -18.37467003 82.90357971
v -61.82735062 -18.37467003 82.90357971
v -64.95092010 -18.37467003 82.90357971
v -65.30931091 -17.05711937 81.72721100
v -62.20373154 -17.05711937 81.72721100
v -62.20373154 -17.05711937 81.72721100
v -65.30931091 -17.05711937 81.72721100
v -65.48853302 -16.35552979 79.93910217
v -62.39188004 -16.35552979 79.93910217
v -62.39188004 -16.35552979 79.93910217
v -65.48853302 -16.35552979 79.93910217
v -65.49984741 -16.31010056 79.30928040
v -62.40377045 -16.31010056 79.30928040
v -60.05656815 -23.52568054 79.30928040
v -63.26763153 -23.52568054 79.30928040
v -63.44609070 -23.04003906 81.29763031
v -60.24456024 -23.04003906 81.29763031
v -60.24456024 -23.04003906 81.29763031
v -63.44609070 -23.04003906 81.29763031
v -63.88494110 -21.79368973 82.70446014
v -60.70655060 -21.79368973 82.70446014
v -60.70655060 -21.79368973 82.70446014
v -63.88494110 -21.79368973 82.70446014
v -64.37001038 -20.31629944 83.26406097
v -61.21680832 -20.31629944 83.26406097
v -61.21680832 -20.31629944 83.26406097
v -64.37001038 -20.31629944 83.26406097
v -64.49440002 -19.91789055 83.28839111
v -61.34759140 -19.91789055 83.28839111
v -63.26763153 -23.52568054 79.30928040
v -60.05656815 -23.52568054 79.30928040
v -63.26763153 -23.52568054 79.03710175
v -60.05656815 -23.52568054 70.36898041
v -63.26763153 -23.52568054 70.36898041
v -61.34759140 -19.91789055 66.38986969
v -64.49440002 -19.91789055 66.38986969
v -63.99742126 -21.46110916 66.77468109
v -60.82492065 -21.46110916 66.77468109
v -60.82492065 -21.46110916 66.77468109
v -63.99742126 -21.46110916 66.77468109
v -63.54040146 -22.77865982 67.95104218
v -60.34386826 -22.77865982 67.95104218
v -60.34386826 -22.77865982 67.95104218
v -63.54040146 -22.77865982 67.95104218
v -63.28450012 -23.48024940 69.73914337
v -60.07434845 -23.48024940 69.73914337
v -60.07434845 -23.48024940 69.73914337
v -63.28450012 -23.48024940 69.73914337
v -63.26763153 -23.52568054 70.36898041
v -60.05656815 -23.52568054 70.36898041
v -62.40377045 -16.31010056 70.36898041
v -65.49984741 -16.31010056 70.36898041
v -65.37700653 -16.79574013 68.38063049
v -62.27481842 -16.79574013 68.38063049
v -62.27481842 -16.79574013 68.38063049
v -65.37700653 -16.79574013 68.38063049
v -65.04409027 -18.04208946 66.97380066
v -61.92522049 -18.04208946 66.97380066
v -61.92522049 -18.04208946 66.97380066
v -65.04409027 -18.04208946 66.97380066
v -64.61609650 -19.51947975 66.41419220
v -61.47552109 -19.51947975 66.41419220
v -61.47552109 -19.51947975 66.41419220
v -64.61609650 -19.51947975 66.41419220
v -64.49440002 -19.91789055 66.38986969
v -61.34759140 -19.91789055 66.38986969
v -60.05656815 -23.52568054 79.30928040
v -60.24456024 -23.04003906 81.29763031
v -62.40377045 -16.31010056 79.30928040
v -62.40377045 -16.31010056 79.30928040
v -60.24456024 -23.04003906 81.29763031
v -60.70655060 -21.79368973 82.70446014
v -61.21680832 -20.31629944 83.26406097
v -61.34759140 -19.91789055 83.28839111
v -61.90196991 -18.12169075 81.29882812
v -61.21680832 -20.31629944 83.26406097
v -62.40377045 -16.31010056 79.30928040
v -61.21680832 -20.31629944 83.26406097
v -61.90196991 -18.12169075 81.29882812
v -62.40377045 -16.31010056 79.30928040
v -61.90196991 -18.12169075 81.29882812
v -62.39188004 -16.35552979 79.93910217
v -61.34759140 -19.91789055 83.28839111
v -61.82735062 -18.37467003 82.90357971
v -61.90196991 -18.12169075 81.29882812
v -61.82735062 -18.37467003 82.90357971
v -62.20373154 -17.05711937 81.72721100
v -62.27481842 -16.79574013 68.38063049
v -61.92522049 -18.04208946 66.97380066
v -60.05656815 -23.52568054 70.36898041
v -61.47552109 -19.51947975 66.41419220
v -60.05656815 -23.52568054 70.36898041
v -61.47552109 -19.51947975 66.41419220
v -60.72888184 -21.73138046 68.37943268
v -60.72888184 -21.73138046 68.37943268
v -61.47552109 -19.51947975 66.41419220
v -61.34759140 -19.91789055 66.38986969
v -61.34759140 -19.91789055 66.38986969
v -60.82492065 -21.46110916 66.77468109
v -60.72888184 -21.73138046 68.37943268
v -60.72888184 -21.73138046 68.37943268
v -60.82492065 -21.46110916 66.77468109
v -60.34386826 -22.77865982 67.95104218
v -60.72888184 -21.73138046 68.37943268
v -60.34386826 -22.77865982 67.95104218
v -60.05656815 -23.52568054 70.36898041
v -60.05656815 -23.52568054 70.36898041
v -60.34386826 -22.77865982 67.95104218
v -60.07434845 -23.48024940 69.73914337
v -60.05656815 -23.52568054 79.30928040
v -62.40377045 -16.31010056 79.30928040
v -60.05656815 -23.52568054 70.36898041
v -62.40377045 -16.31010056 70.36898041
v -60.05656815 -23.52568054 70.36898041
v -62.40377045 -16.31010056 70.36898041
v -62.27481842 -16.79574013 68.38063049
v -31.78346062 -60.38682175 163.09880066
v -31.55347061 -60.50772095 162.97810364
v -31.28062057 -60.03408051 163.72940063
v -31.28062057 -60.03408051 163.72940063
v -31.55347061 -60.50772095 162.97810364
v -31.06068039 -60.15167999 163.60450745
v -31.28062057 -60.03408051 163.72940063
v -31.06068039 -60.15167999 163.60450745
v -30.87702942 -60.02381897 164.51170349
v -30.87702942 -60.02381897 164.51170349
v -31.06068039 -60.15167999 163.60450745
v -30.66176987 -60.13317108 164.38079834
v -35.32075119 -63.98178101 158.40840149
v -35.30440140 -63.58478165 158.86120605
v -36.09204102 -63.13451004 158.86120605
v -35.32075119 -63.98178101 158.40840149
v -36.09204102 -63.13451004 158.86120605
v -35.45714951 -64.71302032 157.06320190
v -35.45714951 -64.71302032 157.06320190
v -36.09204102 -63.13451004 158.86120605
v -36.68735123 -64.17587280 156.62770081
v -35.45714951 -64.71302032 157.06320190
v -36.68735123 -64.17587280 156.62770081
v -35.53744888 -64.91110229 156.37620544
v -35.53744888 -64.91110229 156.37620544
v -36.68735123 -64.17587280 156.62770081
v -36.72098160 -64.23468018 156.37600708
v -35.53744888 -64.91110229 156.37620544
v -36.72098160 -64.23468018 156.37600708
v -35.57064819 -64.96788788 156.08099365
v -35.57064819 -64.96788788 156.08099365
v -36.72098160 -64.23468018 156.37600708
v -35.62046051 -65.02684784 155.60839844
v -35.62046051 -65.02684784 155.60839844
v -36.72098160 -64.23468018 156.37600708
v -36.79262161 -64.36000061 154.01269531
v -35.62046051 -65.02684784 155.60839844
v -36.79262161 -64.36000061 154.01269531
v -35.74411011 -64.94371796 153.90780640
v -35.74411011 -64.94371796 153.90780640
v -36.79262161 -64.36000061 154.01269531
v -35.75244141 -64.88056946 153.59370422
v -35.75244141 -64.88056946 153.59370422
v -36.79262161 -64.36000061 154.01269531
v -36.72977066 -64.25006866 153.29640198
v -35.75244141 -64.88056946 153.59370422
v -36.72977066 -64.25006866 153.29640198
v -35.75524139 -64.80696106 153.29640198
v -36.09204102 -63.13451004 158.86120605
v -35.30440140 -63.58478165 158.86120605
v -35.30440140 -61.75672150 160.69299316
v -34.41382980 -58.06880188 165.59779358
v -34.50201035 -58.17895126 164.89990234
v -32.74604034 -59.21495056 164.47349548
v -34.50201035 -58.17895126 164.89990234
v -34.69797897 -58.47666931 164.31669617
v -33.14228058 -59.53355026 163.83729553
v -34.41276169 -58.06903076 165.63519287
v -34.41382980 -58.06880188 165.59779358
v -32.46221161 -59.18154144 165.23599243
v -32.46221161 -59.18154144 165.23599243
v -34.41382980 -58.06880188 165.59779358
v -32.74604034 -59.21495056 164.47349548
v -32.46221161 -59.18154144 165.23599243
v -32.74604034 -59.21495056 164.47349548
v -30.87702942 -60.02381897 164.51170349
v -30.87702942 -60.02381897 164.51170349
v -32.74604034 -59.21495056 164.47349548
v -31.28062057 -60.03408051 163.72940063
v -34.50201035 -58.17895126 164.89990234
v -33.14228058 -59.53355026 163.83729553
v -32.74604034 -59.21495056 164.47349548
v -32.74604034 -59.21495056 164.47349548
v -33.14228058 -59.53355026 163.83729553
v -31.78346062 -60.38682175 163.09880066
v -32.74604034 -59.21495056 164.47349548
v -31.78346062 -60.38682175 163.09880066
v -31.28062057 -60.03408051 163.72940063
v -36.72977066 -64.25006866 153.29640198
v -35.75532913 -62.54550934 144.94560242
v -35.75524139 -64.80696106 153.29640198
v -32.82767105 -58.84352875 169.39120483
v -31.15954018 -59.00040054 172.42379761
v -33.09008026 -58.29441833 171.72540283
v -33.09008026 -58.29441833 171.72540283
v -31.15954018 -59.00040054 172.42379761
v -30.18882942 -58.64704895 174.55209351
v -33.09008026 -58.29441833 171.72540283
v -30.18882942 -58.64704895 174.55209351
v -32.93175888 -57.50651169 174.59500122
v -27.41091919 -59.50946045 172.96609497
v -27.29727936 -59.50672150 172.97700500
v -27.27444077 -59.11188126 174.28010559
v -27.01029968 -59.90026855 171.67820740
v -27.01029968 -59.90026855 171.67820740
v -27.41091919 -59.50946045 172.96609497
v -29.39521980 -59.38835907 172.72399902
v -27.01029968 -59.90026855 171.67820740
v -29.39521980 -59.38835907 172.72399902
v -30.02370071 -59.77579117 170.62170410
v -32.82767105 -58.84352875 169.39120483
v -30.02370071 -59.77579117 170.62170410
v -31.15954018 -59.00040054 172.42379761
v -31.15954018 -59.00040054 172.42379761
v -30.02370071 -59.77579117 170.62170410
v -29.39521980 -59.38835907 172.72399902
v -31.15954018 -59.00040054 172.42379761
v -29.39521980 -59.38835907 172.72399902
v -30.18882942 -58.64704895 174.55209351
v -30.18882942 -58.64704895 174.55209351
v -29.39521980 -59.38835907 172.72399902
v -27.41091919 -59.50946045 172.96609497
v -30.18882942 -58.64704895 174.55209351
v -27.41091919 -59.50946045 172.96609497
v -27.38759041 -59.10691071 174.29460144
v -27.38759041 -59.10691071 174.29460144
v -30.39361954 -59.90346909 169.34109497
v -30.02370071 -59.77579117 170.62170410
v -32.57001114 -59.08860016 168.19509888
v -32.57001114 -59.08860016 168.19509888
v -30.02370071 -59.77579117 170.62170410
v -32.82767105 -58.84352875 169.39120483
v -30.39361954 -59.90346909 169.34109497
v -28.74720955 -60.16313171 170.10290527
v -30.02370071 -59.77579117 170.62170410
v -30.02370071 -59.77579117 170.62170410
v -28.74720955 -60.16313171 170.10290527
v -26.89570045 -60.13811111 170.86849976
v -30.02370071 -59.77579117 170.62170410
v -26.89570045 -60.13811111 170.86849976
v -27.01029968 -59.90026855 171.67820740
v -26.61948013 -60.35329819 170.09449768
v -26.51206017 -60.34035110 170.14450073
v -26.78428078 -60.12715149 170.90890503
v -32.57001114 -59.08860016 168.19509888
v -32.24440002 -59.30049896 167.00549316
v -30.39361954 -59.90346909 169.34109497
v -30.39361954 -59.90346909 169.34109497
v -32.24440002 -59.30049896 167.00549316
v -29.49382019 -60.26657104 168.63830566
v -30.39361954 -59.90346909 169.34109497
v -29.49382019 -60.26657104 168.63830566
v -28.74720955 -60.16313171 170.10290527
v -28.74720955 -60.16313171 170.10290527
v -29.49382019 -60.26657104 168.63830566
v -26.61948013 -60.35329819 170.09449768
v -28.74720955 -60.16313171 170.10290527
v -26.61948013 -60.35329819 170.09449768
v -26.89570045 -60.13811111 170.86849976
v -26.89570045 -60.13811111 170.86849976
v -26.61948013 -60.35329819 170.09449768
v -26.78428078 -60.12715149 170.90890503
v -26.89570045 -60.13811111 170.86849976
v -26.78428078 -60.12715149 170.90890503
v -27.01029968 -59.90026855 171.67820740
v -24.20895004 -61.86204910 162.23150635
v -25.03869057 -61.33388901 165.76469421
v -27.71583939 -61.11264038 165.30990601
v -30.87702942 -60.02381897 164.51170349
v -30.66176987 -60.13317108 164.38079834
v -27.71583939 -61.11264038 165.30990601
v -27.71583939 -61.11264038 165.30990601
v -30.66176987 -60.13317108 164.38079834
v -29.66787910 -60.60060120 163.81669617
v -29.66787910 -60.60060120 163.81669617
v -27.66045952 -61.33747864 162.91700745
v -27.71583939 -61.11264038 165.30990601
v -27.71583939 -61.11264038 165.30990601
v -27.66045952 -61.33747864 162.91700745
v -25.94140053 -61.72346115 162.43179321
v -27.71583939 -61.11264038 165.30990601
v -25.94140053 -61.72346115 162.43179321
v -24.20895004 -61.86204910 162.23150635
v -32.24440002 -59.30049896 167.00549316
v -30.87702942 -60.02381897 164.51170349
v -29.49382019 -60.26657104 168.63830566
v -29.49382019 -60.26657104 168.63830566
v -30.87702942 -60.02381897 164.51170349
v -27.71583939 -61.11264038 165.30990601
v -29.49382019 -60.26657104 168.63830566
v -27.71583939 -61.11264038 165.30990601
v -26.61948013 -60.35329819 170.09449768
v -26.61948013 -60.35329819 170.09449768
v -27.71583939 -61.11264038 165.30990601
v -25.03869057 -61.33388901 165.76469421
v -26.61948013 -60.35329819 170.09449768
v -25.03869057 -61.33388901 165.76469421
v -26.51206017 -60.34035110 170.14450073
v -30.44586945 -61.02664948 162.45809937
v -30.66176987 -60.13317108 164.38079834
v -31.06068039 -60.15167999 163.60450745
v -30.02029037 -60.66044998 163.06840515
v -31.06068039 -60.15167999 163.60450745
v -30.44586945 -61.02664948 162.45809937
v -30.02029037 -60.66044998 163.06840515
v -30.02029037 -60.66044998 163.06840515
v -30.44586945 -61.02664948 162.45809937
v -28.17790031 -61.84941101 161.63369751
v -30.02029037 -60.66044998 163.06840515
v -28.17790031 -61.84941101 161.63369751
v -27.89956093 -61.46664047 162.21690369
v -27.89956093 -61.46664047 162.21690369
v -28.17790031 -61.84941101 161.63369751
v -26.20969963 -62.28137970 161.20080566
v -27.89956093 -61.46664047 162.21690369
v -26.20969963 -62.28137970 161.20080566
v -26.06681061 -61.89194870 161.76429749
v -26.06681061 -61.89194870 161.76429749
v -26.20969963 -62.28137970 161.20080566
v -24.20895004 -62.43313980 161.04879761
v -26.06681061 -61.89194870 161.76429749
v -24.20895004 -62.43313980 161.04879761
v -24.20895004 -62.04774857 161.59190369
v -30.66176987 -60.13317108 164.38079834
v -30.02029037 -60.66044998 163.06840515
v -29.66787910 -60.60060120 163.81669617
v -29.66787910 -60.60060120 163.81669617
v -30.02029037 -60.66044998 163.06840515
v -27.89956093 -61.46664047 162.21690369
v -29.66787910 -60.60060120 163.81669617
v -27.89956093 -61.46664047 162.21690369
v -27.66045952 -61.33747864 162.91700745
v -27.66045952 -61.33747864 162.91700745
v -27.89956093 -61.46664047 162.21690369
v -26.06681061 -61.89194870 161.76429749
v -27.66045952 -61.33747864 162.91700745
v -26.06681061 -61.89194870 161.76429749
v -25.94140053 -61.72346115 162.43179321
v -25.94140053 -61.72346115 162.43179321
v -26.06681061 -61.89194870 161.76429749
v -24.20895004 -62.04774857 161.59190369
v -25.94140053 -61.72346115 162.43179321
v -24.20895004 -62.04774857 161.59190369
v -24.20895004 -61.86204910 162.23150635
v -35.25986099 -61.62379837 160.85169983
v -31.55347061 -64.10159302 159.37699890
v -31.55347061 -60.50772095 162.97810364
v -31.55347061 -60.50772095 162.97810364
v -31.78346062 -60.38682175 163.09880066
v -35.25986099 -61.62379837 160.85169983
v -35.25986099 -61.62379837 160.85169983
v -31.78346062 -60.38682175 163.09880066
v -33.14228058 -59.53355026 163.83729553
v -35.25986099 -61.62379837 160.85169983
v -33.14228058 -59.53355026 163.83729553
v -34.69797897 -58.47666931 164.31669617
v -31.55347061 -64.10159302 159.37699890
v -35.25986099 -61.62379837 160.85169983
v -33.77476883 -63.96089172 159.22850037
v -33.77476883 -63.96089172 159.22850037
v -35.25986099 -61.62379837 160.85169983
v -35.30440140 -61.75672150 160.69299316
v -33.77476883 -63.96089172 159.22850037
v -35.30440140 -61.75672150 160.69299316
v -35.30440140 -63.58478165 158.86120605
v -33.77476883 -63.96089172 159.22850037
v -35.30440140 -63.58478165 158.86120605
v -35.32075119 -63.98178101 158.40840149
v -35.32075119 -63.98178101 158.40840149
v -33.51736069 -64.49611664 158.77549744
v -33.77476883 -63.96089172 159.22850037
v -33.77476883 -63.96089172 159.22850037
v -33.51736069 -64.49611664 158.77549744
v -31.53376007 -64.61627197 158.86120605
v -33.77476883 -63.96089172 159.22850037
v -31.53376007 -64.61627197 158.86120605
v -31.55347061 -64.10159302 159.37699890
v -33.51280975 -66.03775787 154.80870056
v -33.43301010 -65.86785126 153.35040283
v -32.94176865 -65.96964264 153.32550049
v -33.54008102 -65.85172272 156.26950073
v -33.53007889 -65.33203888 157.63349915
v -35.45714951 -64.71302032 157.06320190
v -35.75244141 -64.88056946 153.59370422
v -34.83744812 -65.35347748 153.47740173
v -35.74411011 -64.94371796 153.90780640
v -35.74411011 -64.94371796 153.90780640
v -34.83744812 -65.35347748 153.47740173
v -33.43301010 -65.86785126 153.35040283
v -35.74411011 -64.94371796 153.90780640
v -33.43301010 -65.86785126 153.35040283
v -35.62046051 -65.02684784 155.60839844
v -35.62046051 -65.02684784 155.60839844
v -33.43301010 -65.86785126 153.35040283
v -33.51280975 -66.03775787 154.80870056
v -35.62046051 -65.02684784 155.60839844
v -33.51280975 -66.03775787 154.80870056
v -35.57064819 -64.96788788 156.08099365
v -35.57064819 -64.96788788 156.08099365
v -33.51280975 -66.03775787 154.80870056
v -33.54008102 -65.85172272 156.26950073
v -35.57064819 -64.96788788 156.08099365
v -33.54008102 -65.85172272 156.26950073
v -35.53744888 -64.91110229 156.37620544
v -35.53744888 -64.91110229 156.37620544
v -33.54008102 -65.85172272 156.26950073
v -35.45714951 -64.71302032 157.06320190
v -31.47326088 -65.14685059 158.24870300
v -31.53376007 -64.61627197 158.86120605
v -33.51736069 -64.49611664 158.77549744
v -35.32075119 -63.98178101 158.40840149
v -35.45714951 -64.71302032 157.06320190
v -33.51736069 -64.49611664 158.77549744
v -33.51736069 -64.49611664 158.77549744
v -35.45714951 -64.71302032 157.06320190
v -33.53007889 -65.33203888 157.63349915
v -33.51736069 -64.49611664 158.77549744
v -33.53007889 -65.33203888 157.63349915
v -31.47326088 -65.14685059 158.24870300
v -31.47326088 -65.14685059 158.24870300
v -33.53007889 -65.33203888 157.63349915
v -33.54008102 -65.85172272 156.26950073
v -31.47326088 -65.14685059 158.24870300
v -33.54008102 -65.85172272 156.26950073
v -31.27499008 -65.94998169 156.76480103
v -31.27499008 -65.94998169 156.76480103
v -33.54008102 -65.85172272 156.26950073
v -33.51280975 -66.03775787 154.80870056
v -31.27499008 -65.94998169 156.76480103
v -33.51280975 -66.03775787 154.80870056
v -31.05907059 -66.28945160 155.07980347
v -31.05907059 -66.28945160 155.07980347
v -33.51280975 -66.03775787 154.80870056
v -32.94176865 -65.96964264 153.32550049
v -31.05907059 -66.28945160 155.07980347
v -32.94176865 -65.96964264 153.32550049
v -30.92848969 -66.09626770 153.29640198
v -35.75244141 -64.88056946 153.59370422
v -35.75524139 -64.80696106 153.29640198
v -34.83744812 -65.35347748 153.47740173
v -34.83744812 -65.35347748 153.47740173
v -35.75524139 -64.80696106 153.29640198
v -33.43893051 -65.78018188 153.03559875
v -34.83744812 -65.35347748 153.47740173
v -33.43893051 -65.78018188 153.03559875
v -33.43301010 -65.86785126 153.35040283
v -33.43301010 -65.86785126 153.35040283
v -33.43893051 -65.78018188 153.03559875
v -32.94176865 -65.96964264 153.32550049
v -32.94176865 -65.96964264 153.32550049
v -33.43893051 -65.78018188 153.03559875
v -30.92411041 -66.00833130 152.97099304
v -32.94176865 -65.96964264 153.32550049
v -30.92411041 -66.00833130 152.97099304
v -30.92848969 -66.09626770 153.29640198
v -27.13137054 -58.80585861 175.29010010
v -26.98826981 -58.49983978 176.30000305
v -29.94330025 -58.11685944 176.30000305
v -29.94330025 -58.11685944 176.30000305
v -32.69881058 -56.98495865 176.30000305
v -32.81539154 -57.24568176 175.44749451
v -27.13137054 -58.80585861 175.29010010
v -27.38759041 -59.10691071 174.29460144
v -27.13137054 -58.80585861 175.29010010
v -29.94330025 -58.11685944 176.30000305
v -27.38759041 -59.10691071 174.29460144
v -29.94330025 -58.11685944 176.30000305
v -30.18882942 -58.64706039 174.55209351
v -30.18882942 -58.64706039 174.55209351
v -32.93175888 -57.50651169 174.59500122
v -23.20244980 -63.53451920 143.83680725
v -24.08530998 -63.26271057 142.83309937
v -23.73024940 -63.24322891 142.57809448
v -19.50971031 -63.88027954 144.57260132
v -19.50971031 -63.93688965 145.32249451
v -20.86253929 -63.89125061 145.15400696
v -19.50971031 -63.88027954 144.57260132
v -20.86253929 -63.89125061 145.15400696
v -20.67897034 -63.83750916 144.46000671
v -20.67897034 -63.83750916 144.46000671
v -20.86253929 -63.89125061 145.15400696
v -22.11971092 -63.75252151 144.64169312
v -20.67897034 -63.83750916 144.46000671
v -22.11971092 -63.75252151 144.64169312
v -21.75208092 -63.72027969 144.00619507
v -21.75208092 -63.72027969 144.00619507
v -22.11971092 -63.75252151 144.64169312
v -23.20244980 -63.53451920 143.83680725
v -21.75208092 -63.72027969 144.00619507
v -23.20244980 -63.53451920 143.83680725
v -22.66268921 -63.53997040 143.25909424
v -22.66268921 -63.53997040 143.25909424
v -23.20244980 -63.53451920 143.83680725
v -23.73024940 -63.24322891 142.57809448
v -22.66268921 -63.53997040 143.25909424
v -23.73024940 -63.24322891 142.57809448
v -23.39220047 -63.31710052 142.31030273
v -23.39220047 -63.31710052 142.31030273
v -23.73024940 -63.24322891 142.57809448
v -29.34396935 -60.86169052 133.71890259
v -30.46326065 -60.31380081 131.68069458
v -30.03421021 -60.44995117 131.41000366
v -29.34396935 -60.86169052 133.71890259
v -29.34396935 -60.86169052 133.71890259
v -30.03421021 -60.44995117 131.41000366
v -28.92977905 -60.98620987 133.44869995
v -29.34396935 -60.86169052 133.71890259
v -28.92977905 -60.98620987 133.44869995
v -23.39220047 -63.31710052 142.31030273
v -30.92411041 -60.31060028 131.93280029
v -30.46326065 -60.31380081 131.68069458
v -29.78696060 -60.86275101 133.97160339
v -29.78696060 -60.86275101 133.97160339
v -30.46326065 -60.31380081 131.68069458
v -29.34396935 -60.86169052 133.71890259
v -29.78696060 -60.86275101 133.97160339
v -29.34396935 -60.86169052 133.71890259
v -24.08530998 -63.26271057 142.83309937
v -24.08530998 -63.26271057 142.83309937
v -29.34396935 -60.86169052 133.71890259
v -23.73024940 -63.24322891 142.57809448
v -30.92411041 -60.31060028 131.93280029
v -30.92411041 -66.00833130 152.97099304
v -32.29798126 -59.52148819 129.18940735
v -32.29798126 -59.52148819 129.18940735
v -30.92411041 -66.00833130 152.97099304
v -33.43893051 -65.78018188 153.03559875
v -32.29798126 -59.52148819 129.18940735
v -33.43893051 -65.78018188 153.03559875
v -32.92630005 -59.11746979 128.01220703
v -32.92630005 -59.11746979 128.01220703
v -33.43893051 -65.78018188 153.03559875
v -33.72264862 -58.59563828 126.81359863
v -35.75524139 -64.80696106 153.29640198
v -35.75532913 -62.54550934 144.94560242
v -33.43893051 -65.78018188 153.03559875
v -33.43893051 -65.78018188 153.03559875
v -35.75532913 -62.54550934 144.94560242
v -35.30989075 -60.54994965 136.64799500
v -33.43893051 -65.78018188 153.03559875
v -35.30989075 -60.54994965 136.64799500
v -33.72264862 -58.59563828 126.81359863
v -33.72264862 -58.59563828 126.81359863
v -35.30989075 -60.54994965 136.64799500
v -35.00453949 -58.68064880 129.14010620
v -33.72264862 -58.59563828 126.81359863
v -35.00453949 -58.68064880 129.14010620
v -34.18051147 -58.30121994 126.33190155
v -34.18051147 -58.30121994 126.33190155
v -35.00453949 -58.68064880 129.14010620
v -34.87965012 -57.86140060 125.87860107
v -34.02798080 -58.31922150 126.09030151
v -34.87482834 -57.85469818 125.84359741
v -34.79169083 -57.84278870 125.38590240
v -34.18051147 -58.30121994 126.33190155
v -34.87965012 -57.86140060 125.87860107
v -34.87482834 -57.85469818 125.84359741
v -34.79169083 -57.84278870 125.38590240
v -33.89326096 -58.37377167 125.84380341
v -34.02798080 -58.31922150 126.09030151
v -34.02798080 -58.31922150 126.09030151
v -33.89326096 -58.37377167 125.84380341
v -33.32152939 -58.70201111 126.31369781
v -34.02798080 -58.31922150 126.09030151
v -33.32152939 -58.70201111 126.31369781
v -33.51150131 -58.62471008 126.56700134
v -33.51150131 -58.62471008 126.56700134
v -33.32152939 -58.70201111 126.31369781
v -32.31287003 -59.26321030 127.49720001
v -33.51150131 -58.62471008 126.56700134
v -32.31287003 -59.26321030 127.49720001
v -32.60567093 -59.15124130 127.76020050
v -32.60567093 -59.15124130 127.76020050
v -32.31287003 -59.26321030 127.49720001
v -31.54430008 -59.67584991 128.66870117
v -32.60567093 -59.15124130 127.76020050
v -31.54430008 -59.67584991 128.66870117
v -31.90546036 -59.54679108 128.93640137
v -31.90546036 -59.54679108 128.93640137
v -31.54430008 -59.67584991 128.66870117
v -30.03421021 -60.44995117 131.41000366
v -31.90546036 -59.54679108 128.93640137
v -30.03421021 -60.44995117 131.41000366
v -30.46326065 -60.31380081 131.68069458
v -34.87482834 -57.85469818 125.84359741
v -34.02798080 -58.31922150 126.09030151
v -34.18051147 -58.30121994 126.33190155
v -34.18051147 -58.30121994 126.33190155
v -34.02798080 -58.31922150 126.09030151
v -33.51150131 -58.62471008 126.56700134
v -34.18051147 -58.30121994 126.33190155
v -33.51150131 -58.62471008 126.56700134
v -33.72264862 -58.59563828 126.81359863
v -33.72264862 -58.59563828 126.81359863
v -33.51150131 -58.62471008 126.56700134
v -32.60567093 -59.15124130 127.76020050
v -33.72264862 -58.59563828 126.81359863
v -32.60567093 -59.15124130 127.76020050
v -32.92630005 -59.11746979 128.01220703
v -32.92630005 -59.11746979 128.01220703
v -32.60567093 -59.15124130 127.76020050
v -31.90546036 -59.54679108 128.93640137
v -32.92630005 -59.11746979 128.01220703
v -31.90546036 -59.54679108 128.93640137
v -32.29798126 -59.52148819 129.18940735
v -32.29798126 -59.52148819 129.18940735
v -31.90546036 -59.54679108 128.93640137
v -30.46326065 -60.31380081 131.68069458
v -32.29798126 -59.52148819 129.18940735
v -30.46326065 -60.31380081 131.68069458
v -30.92411041 -60.31060028 131.93280029
v 26.98826981 -58.49983978 176.30000305
v -26.98826981 -58.49983978 176.30000305
v 27.13137054 -58.80585861 175.29010010
v 27.27444077 -59.11188126 174.28010559
v 27.01029968 -59.90026855 171.67820740
v 27.29727936 -59.50672150 172.97700500
v 27.01029968 -59.90026855 171.67820740
v -27.01029968 -59.90026855 171.67820740
v -26.78428078 -60.12715149 170.90890503
v -24.20895004 -61.86204910 162.23150635
v 24.20895004 -61.86204910 162.23150635
v -25.03869057 -61.33388901 165.76469421
v 25.05304909 -61.32455826 165.81550598
v -25.03869057 -61.33388901 165.76469421
v 25.05304909 -61.32455826 165.81550598
v 26.51206017 -60.34035110 170.14450073
v -26.51206017 -60.34035110 170.14450073
v 27.01029968 -59.90026855 171.67820740
v 27.01029968 -59.90026855 171.67820740
v -26.51206017 -60.34035110 170.14450073
v 27.01029968 -59.90026855 171.67820740
v -25.03869057 -61.33388901 165.76469421
v 26.78428078 -60.12715149 170.90890503
v 26.78428078 -60.12715149 170.90890503
v -25.03869057 -61.33388901 165.76469421
v 26.51206017 -60.34035110 170.14450073
v -24.20895004 -62.43313980 161.04879761
v 24.20895004 -62.43313980 161.04879761
v -24.20895004 -62.04774857 161.59190369
v 24.20895004 -62.04774857 161.59190369
v -24.20895004 -62.04774857 161.59190369
v 24.20895004 -62.04774857 161.59190369
v -24.20895004 -61.86204910 162.23150635
v 24.20895004 -61.86204910 162.23150635
v 31.55347061 -60.50772095 162.97810364
v 30.44586945 -61.02664948 162.45809937
v 31.55347061 -64.10159302 159.37699890
v 28.17790031 -61.84941101 161.63369751
v 31.53376007 -64.61627197 158.86120605
v -24.20895004 -62.43313980 161.04879761
v -31.53376007 -64.61627197 158.86120605
v 24.20895004 -62.43313980 161.04879761
v 26.20969963 -62.28137970 161.20080566
v -26.20969963 -62.28137970 161.20080566
v -28.17790031 -61.84941101 161.63369751
v -31.55347061 -64.10159302 159.37699890
v -30.44586945 -61.02664948 162.45809937
v -31.55347061 -60.50772095 162.97810364
v 31.53376007 -64.61627197 158.86120605
v -31.53376007 -64.61627197 158.86120605
v -31.47326088 -65.14685059 158.24870300
v 31.46270943 -65.21907806 158.15029907
v 31.46270943 -65.21907806 158.15029907
v -31.47326088 -65.14685059 158.24870300
v -31.27499008 -65.94998169 156.76480103
v 31.46270943 -65.21907806 158.15029907
v -31.27499008 -65.94998169 156.76480103
v 31.27000999 -65.96112823 156.73410034
v 31.27000999 -65.96112823 156.73410034
v -31.27499008 -65.94998169 156.76480103
v -31.05907059 -66.28945160 155.07980347
v 31.27000999 -65.96112823 156.73410034
v -31.05907059 -66.28945160 155.07980347
v 31.04290962 -66.29547882 154.89990234
v 31.04290962 -66.29547882 154.89990234
v -31.05907059 -66.28945160 155.07980347
v -30.92848969 -66.09626770 153.29640198
v 31.04290962 -66.29547882 154.89990234
v -30.92848969 -66.09626770 153.29640198
v 30.92848969 -66.09626770 153.29640198
v -22.11971092 -63.75252151 144.64169312
v -30.92848969 -66.09626770 153.29640198
v -23.20244980 -63.53451920 143.83680725
v -30.92411041 -66.00833130 152.97099304
v -30.92411041 -60.31060028 131.93280029
v -29.78696060 -60.86275101 133.97160339
v -24.08530998 -63.26271057 142.83309937
v 19.50971031 -63.93688965 145.32249451
v 30.92848969 -66.09626770 153.29640198
v -19.50971031 -63.93688965 145.32249451
v -20.86253929 -63.89125061 145.15400696
v 20.86253929 -63.89125061 145.15400696
v 22.11971092 -63.75252151 144.64169312
v 30.92411041 -66.00833130 152.97099304
v 23.20244980 -63.53451920 143.83680725
v 24.08530998 -63.26271057 142.83309937
v 29.78696060 -60.86275101 133.97160339
v 30.92411041 -60.31060028 131.93280029
v -19.50971031 -63.88027954 144.57260132
v 19.50971031 -63.88027954 144.57260132
v -19.50971031 -63.93688965 145.32249451
v 19.50971031 -63.93688965 145.32249451
v 19.50971031 -63.88027954 144.57260132
v -19.50971031 -63.88027954 144.57260132
v -17.30949974 -64.65409088 137.80180359
v -12.16378021 -66.07303619 125.38590240
v -12.02585983 -66.10384369 125.11640167
v 17.94182014 -64.44230652 139.65480042
v -15.83876038 -65.11434174 133.77450562
v 11.03617954 -66.31405640 123.27700043
v 14.01747990 -65.62306213 129.32330322
v 15.04125977 -65.34532928 131.75329590
v 7.62206602 -66.89653015 118.18039703
v 10.43085003 -66.43338776 122.23290253
v -8.21115780 -66.81163025 118.92330170
v -9.70930958 -66.56651306 121.06809998
v 7.27255392 -66.94384766 117.76629639
v -6.89683390 -66.99221039 117.34320068
v -4.76790524 -67.21721649 115.37439728
v 1.17993104 -67.40985107 113.68890381
v -4.33575678 -67.25277710 115.06320190
v -0.00019259 -67.42240143 113.57910156
v -1.90243495 -67.38977051 113.86450195
v 2.38974905 -67.37091064 114.02950287
v 4.15867710 -67.26637268 114.94429779
v 4.56659985 -67.23419952 115.22570038
v -20.67897034 -63.83750916 144.46000671
v -21.75208092 -63.72027969 144.00619507
v -19.40906906 -64.53044891 137.05670166
v -19.40906906 -64.53044891 137.05670166
v -21.75208092 -63.72027969 144.00619507
v -22.66268921 -63.53997040 143.25909424
v -15.61131954 -65.66990662 125.38590240
v -14.61839962 -65.87026978 125.38590240
v -17.07484055 -65.30467224 128.01109314
v -17.91459084 -64.99813080 132.96449280
v -17.07484055 -65.30467224 128.01109314
v -17.91459084 -64.99813080 132.96449280
v -18.52400970 -64.90850067 130.86140442
v -18.52400970 -64.90850067 130.86140442
v -17.91459084 -64.99813080 132.96449280
v -19.40906906 -64.53044891 137.05670166
v -18.52400970 -64.90850067 130.86140442
v -19.40906906 -64.53044891 137.05670166
v -20.19592094 -64.40789032 134.46270752
v -22.66268921 -63.53997040 143.25909424
v -20.19592094 -64.40789032 134.46270752
v -22.66268921 -63.53997040 143.25909424
v -23.39220047 -63.31710052 142.31030273
v -14.61839962 -65.87026978 125.38590240
v -12.16378021 -66.07303619 125.38590240
v -17.91459084 -64.99813080 132.96449280
v -17.91459084 -64.99813080 132.96449280
v -12.16378021 -66.07303619 125.38590240
v -15.83876038 -65.11434174 133.77450562
v -19.40906906 -64.53044891 137.05670166
v -17.30949974 -64.65409088 137.80180359
v -20.67897034 -63.83750916 144.46000671
v -20.67897034 -63.83750916 144.46000671
v -17.30949974 -64.65409088 137.80180359
v -19.50971031 -63.88027954 144.57260132
v 30.87702942 -60.02381897 164.51170349
v 30.66176987 -60.13317108 164.38079834
v 31.28062057 -60.03408051 163.72940063
v 31.28062057 -60.03408051 163.72940063
v 30.66176987 -60.13317108 164.38079834
v 31.06068039 -60.15167999 163.60450745
v 31.28062057 -60.03408051 163.72940063
v 31.06068039 -60.15167999 163.60450745
v 31.78346062 -60.38682175 163.09880066
v 31.78346062 -60.38682175 163.09880066
v 31.06068039 -60.15167999 163.60450745
v 31.55347061 -60.50772095 162.97810364
v 35.75524139 -64.80696106 153.29640198
v 36.72977066 -64.25006866 153.29640198
v 35.75244141 -64.88056946 153.59370422
v 35.75244141 -64.88056946 153.59370422
v 36.72977066 -64.25006866 153.29640198
v 36.79262161 -64.36000061 154.01269531
v 35.75244141 -64.88056946 153.59370422
v 36.79262161 -64.36000061 154.01269531
v 35.64012146 -65.03868103 155.42599487
v 35.64012146 -65.03868103 155.42599487
v 36.79262161 -64.36000061 154.01269531
v 36.72098160 -64.23468018 156.37600708
v 35.64012146 -65.03868103 155.42599487
v 36.72098160 -64.23468018 156.37600708
v 35.53733063 -64.91136169 156.37590027
v 35.53733063 -64.91136169 156.37590027
v 36.72098160 -64.23468018 156.37600708
v 36.68735123 -64.17587280 156.62770081
v 35.53733063 -64.91136169 156.37590027
v 36.68735123 -64.17587280 156.62770081
v 35.47148132 -64.75640869 156.93910217
v 35.47148132 -64.75640869 156.93910217
v 36.68735123 -64.17587280 156.62770081
v 35.32075119 -63.98178101 158.40840149
v 35.32075119 -63.98178101 158.40840149
v 36.68735123 -64.17587280 156.62770081
v 36.09204102 -63.13451004 158.86120605
v 35.32075119 -63.98178101 158.40840149
v 36.09204102 -63.13451004 158.86120605
v 35.30440140 -63.58478165 158.86120605
v 35.30440140 -61.75672150 160.69299316
v 35.30440140 -63.58478165 158.86120605
v 36.09204102 -63.13451004 158.86120605
v 34.41382980 -58.06880188 165.59779358
v 34.41276169 -58.06903076 165.63519287
v 32.46221161 -59.18154144 165.23599243
v 34.50201035 -58.17895126 164.89990234
v 32.74604034 -59.21495056 164.47349548
v 34.69797897 -58.47666931 164.31669617
v 34.69797897 -58.47666931 164.31669617
v 32.74604034 -59.21495056 164.47349548
v 33.14228058 -59.53355026 163.83729553
v 32.46221161 -59.18154144 165.23599243
v 30.87702942 -60.02381897 164.51170349
v 31.28062057 -60.03408051 163.72940063
v 31.78346062 -60.38682175 163.09880066
v 33.14228058 -59.53355026 163.83729553
v 31.28062057 -60.03408051 163.72940063
v 31.28062057 -60.03408051 163.72940063
v 33.14228058 -59.53355026 163.83729553
v 32.74604034 -59.21495056 164.47349548
v 31.28062057 -60.03408051 163.72940063
v 32.74604034 -59.21495056 164.47349548
v 32.46221161 -59.18154144 165.23599243
v 32.46221161 -59.18154144 165.23599243
v 32.74604034 -59.21495056 164.47349548
v 34.50201035 -58.17895126 164.89990234
v 32.46221161 -59.18154144 165.23599243
v 34.50201035 -58.17895126 164.89990234
v 34.41382980 -58.06880188 165.59779358
v 35.75524139 -64.80696106 153.29640198
v 35.75532913 -62.54550934 144.94560242
v 36.72977066 -64.25006866 153.29640198
v 27.38759041 -59.10691071 174.29460144
v 31.15954018 -59.00040054 172.42379761
v 30.02370071 -59.77579117 170.62170410
v 33.09074020 -58.29190063 171.73480225
v 33.09074020 -58.29190063 171.73480225
v 30.02370071 -59.77579117 170.62170410
v 32.82767105 -58.84352875 169.39120483
v 31.15954018 -59.00040054 172.42379761
v 29.39521980 -59.38835907 172.72399902
v 30.02370071 -59.77579117 170.62170410
v 30.02370071 -59.77579117 170.62170410
v 29.39521980 -59.38835907 172.72399902
v 27.41091919 -59.50946045 172.96609497
v 30.02370071 -59.77579117 170.62170410
v 27.41091919 -59.50946045 172.96609497
v 27.01029968 -59.90026855 171.67820740
v 33.09074020 -58.29190063 171.73480225
v 32.93175888 -57.50651169 174.59500122
v 31.15954018 -59.00040054 172.42379761
v 31.15954018 -59.00040054 172.42379761
v 32.93175888 -57.50651169 174.59500122
v 30.18882942 -58.64704895 174.55209351
v 31.15954018 -59.00040054 172.42379761
v 30.18882942 -58.64704895 174.55209351
v 29.39521980 -59.38835907 172.72399902
v 29.39521980 -59.38835907 172.72399902
v 30.18882942 -58.64704895 174.55209351
v 27.38759041 -59.10691071 174.29460144
v 29.39521980 -59.38835907 172.72399902
v 27.38759041 -59.10691071 174.29460144
v 27.41091919 -59.50946045 172.96609497
v 27.41091919 -59.50946045 172.96609497
v 28.74720955 -60.16313171 170.10290527
v 30.02370071 -59.77579117 170.62170410
v 27.01029968 -59.90026855 171.67820740
v 30.39361954 -59.90346909 169.34109497
v 29.49382019 -60.26657104 168.63830566
v 32.57001114 -59.08860016 168.19509888
v 32.57001114 -59.08860016 168.19509888
v 29.49382019 -60.26657104 168.63830566
v 32.24440002 -59.30049896 167.00549316
v 28.74720955 -60.16313171 170.10290527
v 27.01029968 -59.90026855 171.67820740
v 26.89570045 -60.13811111 170.86849976
v 26.89570045 -60.13811111 170.86849976
v 27.01029968 -59.90026855 171.67820740
v 26.78428078 -60.12715149 170.90890503
v 26.89570045 -60.13811111 170.86849976
v 26.51206017 -60.34035110 170.14450073
v 26.61948013 -60.35329819 170.09449768
v 26.89570045 -60.13811111 170.86849976
v 26.89570045 -60.13811111 170.86849976
v 26.61948013 -60.35329819 170.09449768
v 29.49382019 -60.26657104 168.63830566
v 26.89570045 -60.13811111 170.86849976
v 29.49382019 -60.26657104 168.63830566
v 28.74720955 -60.16313171 170.10290527
v 28.74720955 -60.16313171 170.10290527
v 29.49382019 -60.26657104 168.63830566
v 30.39361954 -59.90346909 169.34109497
v 28.74720955 -60.16313171 170.10290527
v 30.39361954 -59.90346909 169.34109497
v 30.02370071 -59.77579117 170.62170410
v 30.02370071 -59.77579117 170.62170410
v 30.39361954 -59.90346909 169.34109497
v 32.57001114 -59.08860016 168.19509888
v 30.02370071 -59.77579117 170.62170410
v 32.57001114 -59.08860016 168.19509888
v 32.82767105 -58.84352875 169.39120483
v 26.61948013 -60.35329819 170.09449768
v 26.51206017 -60.34035110 170.14450073
v 25.05304909 -61.32455826 165.81550598
v 27.71583939 -61.11264038 165.30990601
v 30.66176987 -60.13317108 164.38079834
v 29.49382019 -60.26657104 168.63830566
v 29.49382019 -60.26657104 168.63830566
v 30.66176987 -60.13317108 164.38079834
v 30.87702942 -60.02381897 164.51170349
v 30.87702942 -60.02381897 164.51170349
v 25.94140053 -61.72346115 162.43179321
v 27.66045952 -61.33747864 162.91700745
v 27.71583939 -61.11264038 165.30990601
v 27.71583939 -61.11264038 165.30990601
v 27.66045952 -61.33747864 162.91700745
v 29.66787910 -60.60060120 163.81669617
v 27.71583939 -61.11264038 165.30990601
v 29.66787910 -60.60060120 163.81669617
v 30.66176987 -60.13317108 164.38079834
v 29.49382019 -60.26657104 168.63830566
v 26.61948013 -60.35329819 170.09449768
v 27.71583939 -61.11264038 165.30990601
v 27.71583939 -61.11264038 165.30990601
v 26.61948013 -60.35329819 170.09449768
v 25.05304909 -61.32455826 165.81550598
v 27.71583939 -61.11264038 165.30990601
v 25.05304909 -61.32455826 165.81550598
v 25.94140053 -61.72346115 162.43179321
v 25.94140053 -61.72346115 162.43179321
v 25.05304909 -61.32455826 165.81550598
v 24.20895004 -61.86204910 162.23150635
v 31.06068039 -60.15167999 163.60450745
v 30.66176987 -60.13317108 164.38079834
v 29.66787910 -60.60060120 163.81669617
v 31.55347061 -60.50772095 162.97810364
v 31.06068039 -60.15167999 163.60450745
v 30.02029037 -60.66044998 163.06840515
v 31.06068039 -60.15167999 163.60450745
v 29.66787910 -60.60060120 163.81669617
v 30.02029037 -60.66044998 163.06840515
v 30.02029037 -60.66044998 163.06840515
v 29.66787910 -60.60060120 163.81669617
v 27.66045952 -61.33747864 162.91700745
v 30.02029037 -60.66044998 163.06840515
v 27.66045952 -61.33747864 162.91700745
v 27.89956093 -61.46664047 162.21690369
v 27.89956093 -61.46664047 162.21690369
v 27.66045952 -61.33747864 162.91700745
v 25.94140053 -61.72346115 162.43179321
v 27.89956093 -61.46664047 162.21690369
v 25.94140053 -61.72346115 162.43179321
v 26.06681061 -61.89194870 161.76429749
v 26.06681061 -61.89194870 161.76429749
v 25.94140053 -61.72346115 162.43179321
v 24.20895004 -61.86204910 162.23150635
v 26.06681061 -61.89194870 161.76429749
v 24.20895004 -61.86204910 162.23150635
v 24.20895004 -62.04774857 161.59190369
v 31.55347061 -60.50772095 162.97810364
v 30.02029037 -60.66044998 163.06840515
v 30.44586945 -61.02664948 162.45809937
v 30.44586945 -61.02664948 162.45809937
v 30.02029037 -60.66044998 163.06840515
v 27.89956093 -61.46664047 162.21690369
v 30.44586945 -61.02664948 162.45809937
v 27.89956093 -61.46664047 162.21690369
v 28.17790031 -61.84941101 161.63369751
v 28.17790031 -61.84941101 161.63369751
v 27.89956093 -61.46664047 162.21690369
v 26.06681061 -61.89194870 161.76429749
v 28.17790031 -61.84941101 161.63369751
v 26.06681061 -61.89194870 161.76429749
v 26.20969963 -62.28137970 161.20080566
v 26.20969963 -62.28137970 161.20080566
v 26.06681061 -61.89194870 161.76429749
v 24.20895004 -62.04774857 161.59190369
v 26.20969963 -62.28137970 161.20080566
v 24.20895004 -62.04774857 161.59190369
v 24.20895004 -62.43313980 161.04879761
v 31.78346062 -60.38682175 163.09880066
v 35.19147110 -61.36949158 161.14559937
v 33.14228058 -59.53355026 163.83729553
v 33.14228058 -59.53355026 163.83729553
v 35.19147110 -61.36949158 161.14559937
v 34.69797897 -58.47666931 164.31669617
v 35.30440140 -63.58478165 158.86120605
v 35.30440140 -61.75672150 160.69299316
v 33.86106110 -63.94409180 159.21490479
v 33.86106110 -63.94409180 159.21490479
v 35.30440140 -61.75672150 160.69299316
v 35.19147110 -61.36949158 161.14559937
v 33.86106110 -63.94409180 159.21490479
v 35.19147110 -61.36949158 161.14559937
v 31.55347061 -64.10159302 159.37699890
v 31.55347061 -64.10159302 159.37699890
v 35.19147110 -61.36949158 161.14559937
v 31.78346062 -60.38682175 163.09880066
v 31.78346062 -60.38682175 163.09880066
v 33.86106110 -63.94409180 159.21490479
v 31.55347061 -64.10159302 159.37699890
v 31.53376007 -64.61627197 158.86120605
v 31.53376007 -64.61627197 158.86120605
v 33.51734924 -64.49607086 158.77540588
v 33.86106110 -63.94409180 159.21490479
v 33.86106110 -63.94409180 159.21490479
v 33.51734924 -64.49607086 158.77540588
v 35.32075119 -63.98178101 158.40840149
v 33.86106110 -63.94409180 159.21490479
v 35.32075119 -63.98178101 158.40840149
v 35.30440140 -63.58478165 158.86120605
v 33.53007889 -65.33203888 157.63349915
v 33.51734924 -64.49607086 158.77540588
v 31.53376007 -64.61627197 158.86120605
v 33.43305969 -65.86829376 153.35169983
v 34.78544998 -65.37866211 153.47369385
v 33.51280975 -66.03775787 154.80870056
v 33.51280975 -66.03775787 154.80870056
v 34.78544998 -65.37866211 153.47369385
v 33.54008102 -65.85172272 156.26950073
v 35.32075119 -63.98178101 158.40840149
v 33.51734924 -64.49607086 158.77540588
v 35.47148132 -64.75640869 156.93910217
v 35.47148132 -64.75640869 156.93910217
v 33.51734924 -64.49607086 158.77540588
v 33.53007889 -65.33203888 157.63349915
v 35.47148132 -64.75640869 156.93910217
v 33.53007889 -65.33203888 157.63349915
v 35.53733063 -64.91136169 156.37590027
v 35.53733063 -64.91136169 156.37590027
v 33.53007889 -65.33203888 157.63349915
v 33.54008102 -65.85172272 156.26950073
v 35.53733063 -64.91136169 156.37590027
v 33.54008102 -65.85172272 156.26950073
v 35.64012146 -65.03868103 155.42599487
v 35.64012146 -65.03868103 155.42599487
v 33.54008102 -65.85172272 156.26950073
v 34.78544998 -65.37866211 153.47369385
v 34.78544998 -65.37866211 153.47369385
v 31.04290962 -66.29547882 154.89990234
v 30.92848969 -66.09626770 153.29640198
v 32.92477036 -65.97260284 153.32479858
v 31.53376007 -64.61627197 158.86120605
v 31.46270943 -65.21907806 158.15029907
v 33.53007889 -65.33203888 157.63349915
v 33.53007889 -65.33203888 157.63349915
v 31.46270943 -65.21907806 158.15029907
v 31.27000999 -65.96112823 156.73410034
v 33.53007889 -65.33203888 157.63349915
v 31.27000999 -65.96112823 156.73410034
v 33.54008102 -65.85172272 156.26950073
v 33.54008102 -65.85172272 156.26950073
v 31.27000999 -65.96112823 156.73410034
v 31.04290962 -66.29547882 154.89990234
v 33.54008102 -65.85172272 156.26950073
v 31.04290962 -66.29547882 154.89990234
v 33.51280975 -66.03775787 154.80870056
v 33.51280975 -66.03775787 154.80870056
v 31.04290962 -66.29547882 154.89990234
v 32.92477036 -65.97260284 153.32479858
v 33.51280975 -66.03775787 154.80870056
v 32.92477036 -65.97260284 153.32479858
v 33.43305969 -65.86829376 153.35169983
v 30.92848969 -66.09626770 153.29640198
v 30.92411041 -66.00833130 152.97099304
v 32.92477036 -65.97260284 153.32479858
v 32.92477036 -65.97260284 153.32479858
v 30.92411041 -66.00833130 152.97099304
v 33.43893051 -65.78018188 153.03559875
v 32.92477036 -65.97260284 153.32479858
v 33.43893051 -65.78018188 153.03559875
v 33.43305969 -65.86829376 153.35169983
v 33.43305969 -65.86829376 153.35169983
v 33.43893051 -65.78018188 153.03559875
v 34.78544998 -65.37866211 153.47369385
v 34.78544998 -65.37866211 153.47369385
v 33.43893051 -65.78018188 153.03559875
v 35.75524139 -64.80696106 153.29640198
v 34.78544998 -65.37866211 153.47369385
v 35.75524139 -64.80696106 153.29640198
v 35.75244141 -64.88056946 153.59370422
v 29.93231964 -58.11977005 176.30000305
v 26.98826981 -58.49983978 176.30000305
v 27.13137054 -58.80585861 175.29010010
v 30.18882942 -58.64706039 174.55209351
v 32.93175888 -57.50651169 174.59500122
v 32.81539154 -57.24568176 175.44749451
v 27.13137054 -58.80585861 175.29010010
v 27.38759041 -59.10691071 174.29460144
v 29.93231964 -58.11977005 176.30000305
v 29.93231964 -58.11977005 176.30000305
v 27.38759041 -59.10691071 174.29460144
v 30.18882942 -58.64706039 174.55209351
v 29.93231964 -58.11977005 176.30000305
v 30.18882942 -58.64706039 174.55209351
v 29.94330025 -58.11685944 176.30000305
v 29.94330025 -58.11685944 176.30000305
v 32.69881058 -56.98495865 176.30000305
v 23.73024940 -63.24324036 142.57809448
v 24.08530998 -63.26271057 142.83309937
v 23.20244980 -63.53451920 143.83680725
v 19.50971031 -63.93688965 145.32249451
v 19.50971031 -63.88027954 144.57260132
v 20.67897034 -63.83750916 144.46000671
v 19.50971031 -63.93688965 145.32249451
v 20.67897034 -63.83750916 144.46000671
v 20.86253929 -63.89125061 145.15400696
v 20.86253929 -63.89125061 145.15400696
v 20.67897034 -63.83750916 144.46000671
v 21.75208092 -63.72027969 144.00619507
v 22.11971092 -63.75252151 144.64169312
v 22.11971092 -63.75252151 144.64169312
v 21.75208092 -63.72027969 144.00619507
v 22.66268921 -63.53997040 143.25909424
v 22.11971092 -63.75252151 144.64169312
v 22.66268921 -63.53997040 143.25909424
v 23.20244980 -63.53451920 143.83680725
v 23.20244980 -63.53451920 143.83680725
v 22.66268921 -63.53997040 143.25909424
v 23.39220047 -63.31710052 142.31030273
v 23.20244980 -63.53451920 143.83680725
v 23.39220047 -63.31710052 142.31030273
v 23.73024940 -63.24324036 142.57809448
v 29.78696060 -60.86275101 133.97160339
v 29.34396935 -60.86169052 133.71890259
v 30.92411041 -60.31060028 131.93280029
v 30.92411041 -60.31060028 131.93280029
v 29.34396935 -60.86169052 133.71890259
v 30.46326065 -60.31380081 131.68069458
v 23.73024940 -63.24324036 142.57809448
v 23.39220047 -63.31710052 142.31030273
v 28.92977905 -60.98620987 133.44869995
v 30.03421021 -60.44995117 131.41000366
v 30.46326065 -60.31380081 131.68069458
v 28.92977905 -60.98620987 133.44869995
v 28.92977905 -60.98620987 133.44869995
v 30.46326065 -60.31380081 131.68069458
v 29.34396935 -60.86169052 133.71890259
v 28.92977905 -60.98620987 133.44869995
v 29.34396935 -60.86169052 133.71890259
v 23.73024940 -63.24324036 142.57809448
v 23.73024940 -63.24324036 142.57809448
v 29.34396935 -60.86169052 133.71890259
v 29.78696060 -60.86275101 133.97160339
v 23.73024940 -63.24324036 142.57809448
v 29.78696060 -60.86275101 133.97160339
v 24.08530998 -63.26271057 142.83309937
v 33.43893051 -65.78018188 153.03559875
v 30.92411041 -66.00833130 152.97099304
v 30.92411041 -60.31060028 131.93280029
v 30.92411041 -60.31060028 131.93280029
v 32.29798126 -59.52148819 129.18940735
v 33.43893051 -65.78018188 153.03559875
v 33.43893051 -65.78018188 153.03559875
v 32.29798126 -59.52148819 129.18940735
v 32.92630005 -59.11746979 128.01220703
v 33.43893051 -65.78018188 153.03559875
v 32.92630005 -59.11746979 128.01220703
v 33.72264862 -58.59563828 126.81359863
v 34.18051147 -58.30121994 126.33190155
v 34.87965012 -57.86140060 125.87860107
v 35.00453949 -58.68064880 129.14010620
v 34.18051147 -58.30121994 126.33190155
v 35.00453949 -58.68064880 129.14010620
v 33.72264862 -58.59563828 126.81359863
v 33.72264862 -58.59563828 126.81359863
v 35.00453949 -58.68064880 129.14010620
v 35.25804901 -60.24983978 135.43460083
v 33.72264862 -58.59563828 126.81359863
v 35.25804901 -60.24983978 135.43460083
v 33.43893051 -65.78018188 153.03559875
v 33.43893051 -65.78018188 153.03559875
v 35.25804901 -60.24983978 135.43460083
v 35.75532913 -62.54550934 144.94560242
v 33.43893051 -65.78018188 153.03559875
v 35.75532913 -62.54550934 144.94560242
v 35.75524139 -64.80696106 153.29640198
v 34.02798080 -58.31922150 126.09030151
v 34.87482834 -57.85469818 125.84359741
v 34.87965012 -57.86140060 125.87860107
v 33.89326096 -58.37377167 125.84380341
v 34.79169083 -57.84278870 125.38590240
v 34.87482834 -57.85469818 125.84359741
v 34.87965012 -57.86140060 125.87860107
v 34.18051147 -58.30121994 126.33190155
v 34.02798080 -58.31922150 126.09030151
v 34.02798080 -58.31922150 126.09030151
v 34.18051147 -58.30121994 126.33190155
v 33.72264862 -58.59563828 126.81359863
v 34.02798080 -58.31922150 126.09030151
v 33.72264862 -58.59563828 126.81359863
v 33.51150131 -58.62471008 126.56700134
v 33.51150131 -58.62471008 126.56700134
v 33.72264862 -58.59563828 126.81359863
v 32.92630005 -59.11746979 128.01220703
v 33.51150131 -58.62471008 126.56700134
v 32.92630005 -59.11746979 128.01220703
v 32.60567093 -59.15124130 127.76020050
v 32.60567093 -59.15124130 127.76020050
v 32.92630005 -59.11746979 128.01220703
v 32.29798126 -59.52148819 129.18940735
v 32.60567093 -59.15124130 127.76020050
v 32.29798126 -59.52148819 129.18940735
v 31.90546036 -59.54679108 128.93640137
v 31.90546036 -59.54679108 128.93640137
v 32.29798126 -59.52148819 129.18940735
v 30.92411041 -60.31060028 131.93280029
v 31.90546036 -59.54679108 128.93640137
v 30.92411041 -60.31060028 131.93280029
v 30.46326065 -60.31380081 131.68069458
v 34.87482834 -57.85469818 125.84359741
v 34.02798080 -58.31922150 126.09030151
v 33.89326096 -58.37377167 125.84380341
v 33.51150131 -58.62471008 126.56700134
v 33.89326096 -58.37377167 125.84380341
v 33.51150131 -58.62471008 126.56700134
v 33.32152939 -58.70201111 126.31369781
v 33.32152939 -58.70201111 126.31369781
v 33.51150131 -58.62471008 126.56700134
v 32.60567093 -59.15124130 127.76020050
v 33.32152939 -58.70201111 126.31369781
v 32.60567093 -59.15124130 127.76020050
v 32.31287003 -59.26321030 127.49720001
v 32.31287003 -59.26321030 127.49720001
v 32.60567093 -59.15124130 127.76020050
v 31.90546036 -59.54679108 128.93640137
v 32.31287003 -59.26321030 127.49720001
v 31.90546036 -59.54679108 128.93640137
v 31.54430008 -59.67584991 128.66870117
v 31.54430008 -59.67584991 128.66870117
v 31.90546036 -59.54679108 128.93640137
v 30.46326065 -60.31380081 131.68069458
v 31.54430008 -59.67584991 128.66870117
v 30.46326065 -60.31380081 131.68069458
v 30.03421021 -60.44995117 131.41000366
v -11.58133984 -66.49623871 119.85590363
v 18.52465057 -64.90830231 130.86250305
v 20.14016914 -64.42533112 134.33709717
v 20.05005074 -64.31578064 138.93499756
v 20.05005074 -64.31578064 138.93499756
v 21.75208092 -63.72027969 144.00619507
v 20.67897034 -63.83750916 144.46000671
v 20.14016914 -64.42533112 134.33709717
v 23.39220047 -63.31710052 142.31030273
v 20.05005074 -64.31578064 138.93499756
v 20.05005074 -64.31578064 138.93499756
v 23.39220047 -63.31710052 142.31030273
v 22.66268921 -63.53997040 143.25909424
v 20.05005074 -64.31578064 138.93499756
v 22.66268921 -63.53997040 143.25909424
v 21.75208092 -63.72027969 144.00619507
v 17.01174927 -65.32112885 127.89240265
v 16.05471992 -65.51757812 128.41929626
v 14.14855003 -66.00051880 123.00420380
v 14.14855003 -66.00051880 123.00420380
v 16.05471992 -65.51757812 128.41929626
v 12.34144974 -66.35601044 121.08290100
v 14.14855003 -66.00051880 123.00420380
v 12.34144974 -66.35601044 121.08290100
v 12.68605042 -66.29717255 120.86990356
v 10.43085003 -66.43338776 122.23290253
v 8.88943005 -66.91210175 116.44589996
v 12.34144974 -66.35601044 121.08290100
v 12.34144974 -66.35601044 121.08290100
v 8.88943005 -66.91210175 116.44589996
v 11.44137001 -66.52326965 119.24320221
v 12.34144974 -66.35601044 121.08290100
v 11.44137001 -66.52326965 119.24320221
v 12.68605042 -66.29717255 120.86990356
v 10.43085003 -66.43338776 122.23290253
v 7.62206602 -66.89653015 118.18039703
v 8.88943005 -66.91210175 116.44589996
v 7.27255392 -66.94384766 117.76629639
v 6.45090008 -67.19104004 114.43949890
v 6.45090008 -67.19104004 114.43949890
v 7.27255392 -66.94384766 117.76629639
v 4.56659985 -67.23419952 115.22570038
v 2.38974905 -67.37091064 114.02950287
v 4.24417019 -67.36643982 113.17800140
v 4.15867710 -67.26637268 114.94429779
v 4.15867710 -67.26637268 114.94429779
v 4.24417019 -67.36643982 113.17800140
v 5.55408716 -67.27111053 113.86380005
v 4.56659985 -67.23419952 115.22570038
v 5.55408716 -67.27111053 113.86380005
v 6.23782587 -67.21115875 114.29489899
v 4.56659985 -67.23419952 115.22570038
v 6.23782587 -67.21115875 114.29489899
v 6.45090008 -67.19104004 114.43949890
v 1.17993104 -67.40985107 113.68890381
v 1.82309496 -67.47537994 112.39379883
v 2.38974905 -67.37091064 114.02950287
v 2.90683007 -67.43737793 112.66739655
v 2.90683007 -67.43737793 112.66739655
v -3.44649506 -67.41194916 112.85040283
v -2.53478289 -67.45239258 112.55940247
v -1.90243495 -67.38977051 113.86450195
v -1.90243495 -67.38977051 113.86450195
v -2.53478289 -67.45239258 112.55940247
v -1.16723299 -67.48990631 112.28939819
v -1.90243495 -67.38977051 113.86450195
v -1.16723299 -67.48990631 112.28939819
v -0.00019259 -67.42240143 113.57910156
v -0.00024511 -67.50000000 112.28939819
v -0.00019259 -67.42240143 113.57910156
v -0.00024511 -67.50000000 112.28939819
v 1.17993104 -67.40985107 113.68890381
v 1.16955900 -67.48986816 112.28939819
v 1.82309496 -67.47537994 112.39379883
v -3.44649506 -67.41194916 112.85040283
v -1.90243495 -67.38977051 113.86450195
v -5.27365208 -67.29367065 113.70110321
v -5.27365208 -67.29367065 113.70110321
v -1.90243495 -67.38977051 113.86450195
v -4.33575678 -67.25277710 115.06320190
v -5.27365208 -67.29367065 113.70110321
v -4.33575678 -67.25277710 115.06320190
v -5.81087208 -67.24942017 114.01950073
v -5.81087208 -67.24942017 114.01950073
v -4.33575678 -67.25277710 115.06320190
v -4.76790524 -67.21721649 115.37439728
v -4.76790524 -67.21721649 115.37439728
v -6.25256491 -67.20979309 114.30449677
v -6.89683390 -66.99221039 117.34320068
v -6.25256491 -67.20979309 114.30449677
v -6.89683390 -66.99221039 117.34320068
v -8.40801811 -66.97428894 115.99859619
v -11.94758034 -66.43421936 119.88400269
v -11.58133984 -66.49623871 119.85590363
v -14.79609966 -65.85836792 124.02680206
v -14.79609966 -65.85836792 124.02680206
v -11.58133984 -66.49623871 119.85590363
v -14.61839962 -65.87026978 125.38590240
v -14.79609966 -65.85836792 124.02680206
v -14.61839962 -65.87026978 125.38590240
v -15.61131954 -65.66990662 125.38590240
v -8.40801811 -66.97428894 115.99859619
v -6.89683390 -66.99221039 117.34320068
v -11.05461979 -66.58863068 118.77300262
v -11.05461979 -66.58863068 118.77300262
v -6.89683390 -66.99221039 117.34320068
v -8.21115780 -66.81163025 118.92330170
v -11.58133984 -66.49623871 119.85590363
v -11.58133984 -66.49623871 119.85590363
v -8.21115780 -66.81163025 118.92330170
v -9.70930958 -66.56651306 121.06809998
v -11.58133984 -66.49623871 119.85590363
v -9.70930958 -66.56651306 121.06809998
v -14.61839962 -65.87026978 125.38590240
v -12.02585983 -66.10384369 125.11640167
v -12.16378021 -66.07303619 125.38590240
v 17.01174927 -65.32112885 127.89240265
v 18.52465057 -64.90830231 130.86250305
v 16.05471992 -65.51757812 128.41929626
v 20.05005074 -64.31578064 138.93499756
v 16.05471992 -65.51757812 128.41929626
v 20.05005074 -64.31578064 138.93499756
v 17.94182014 -64.44230652 139.65480042
v 20.67897034 -63.83750916 144.46000671
v 17.94182014 -64.44230652 139.65480042
v 20.67897034 -63.83750916 144.46000671
v 19.50971031 -63.88027954 144.57260132
v 15.04125977 -65.34532928 131.75329590
v 14.01747990 -65.62306213 129.32330322
v 16.05471992 -65.51757812 128.41929626
v 14.01747990 -65.62306213 129.32330322
v 12.34144974 -66.35601044 121.08290100
v 12.34144974 -66.35601044 121.08290100
v 14.01747990 -65.62306213 129.32330322
v 11.03617954 -66.31405640 123.27700043
v 11.03617954 -66.31405640 123.27700043
v 10.43085003 -66.43338776 122.23290253
v -6.03906679 -65.72312927 112.28939819
v -6.11135006 -65.71645355 112.29620361
v -6.11125803 -65.71646118 112.28939819
v -6.18344307 -65.70970154 112.28939819
v -6.03906679 -67.22930908 112.28939819
v -6.03906679 -65.72312927 112.28939819
v -6.11125803 -67.22277832 112.28939819
v -6.11125803 -65.71646118 112.28939819
v -6.18344307 -67.21617889 112.28939819
v -6.18344307 -65.70970154 112.28939819
v -6.18344307 -67.21617889 112.28939819
v -6.18344307 -65.70970154 112.28939819
v -6.11135006 -65.71645355 112.29620361
v -6.11135006 -67.22277069 112.29620361
v -6.11135006 -67.22277069 112.29620361
v -6.11135006 -65.71645355 112.29620361
v -6.03906679 -65.72312927 112.28939819
v -6.03906679 -67.22930908 112.28939819
v 23.49403000 -63.27938080 69.96601105
v 23.49403000 -60.06895828 69.96601105
v 23.08418083 -60.22766113 68.30574799
v 23.08418083 -63.43004990 68.30574799
v 23.08418083 -63.43004990 68.30574799
v 23.08418083 -60.22766113 68.30574799
v 21.94408035 -60.65235138 67.02143097
v 21.94408035 -63.83343887 67.02143097
v 21.94408035 -63.83343887 67.02143097
v 21.94408035 -60.65235138 67.02143097
v 20.37948036 -61.19580078 66.41957855
v 20.37948036 -64.35002899 66.41957855
v 20.37948036 -64.35002899 66.41957855
v 20.37948036 -61.19580078 66.41957855
v 19.91789055 -61.34759140 66.38986969
v 19.91789055 -64.49440002 66.38986969
v 19.91789055 -61.34759140 83.29216003
v 18.12981987 -61.89958954 82.81304169
v 19.95182991 -61.33657074 79.71601105
v 19.95182991 -61.33657074 79.71601105
v 18.12981987 -61.89958954 82.81304169
v 17.39306068 -62.11064148 82.24859619
v 16.82085991 -62.26802826 81.50408173
v 16.46393013 -62.36336136 80.64279175
v 19.95182991 -61.33657074 79.71601105
v 16.46393013 -62.36336136 80.64279175
v 16.34174919 -62.39548874 79.71601105
v 21.70595932 -60.73796844 82.81304169
v 19.91789055 -61.34759140 83.29216003
v 23.01491928 -60.25416183 81.50408173
v 23.01491928 -60.25416183 81.50408173
v 19.91789055 -61.34759140 83.29216003
v 19.95182991 -61.33657074 79.71601105
v 23.01491928 -60.25416183 81.50408173
v 19.95182991 -61.33657074 79.71601105
v 23.37079048 -60.11701965 80.64675140
v 23.37079048 -60.11701965 80.64675140
v 19.95182991 -61.33657074 79.71601105
v 23.49403000 -60.06895828 79.71601105
v 16.34174919 -62.39548874 69.96601105
v 19.95182991 -61.33657074 79.71601105
v 16.34174919 -62.39548874 69.96601105
v 23.49403000 -60.06895828 69.96601105
v 23.49403000 -60.06895828 69.96601105
v 16.97331047 -62.22666168 67.93981934
v 18.13739014 -61.89736938 68.17794037
v 16.37145996 -62.38769913 69.50441742
v 16.37145996 -62.38769913 69.50441742
v 18.13739014 -61.89736938 68.17794037
v 16.34174919 -62.39548874 69.96601105
v 23.08418083 -60.22766113 68.30574799
v 21.94408035 -60.65235138 67.02143097
v 21.94408035 -60.65235138 67.02143097
v 23.49403000 -60.06895828 69.96601105
v 16.34174919 -62.39548874 69.96601105
v 21.94408035 -60.65235138 67.02143097
v 16.34174919 -62.39548874 69.96601105
v 20.37948036 -61.19580078 66.41957855
v 20.37948036 -61.19580078 66.41957855
v 16.34174919 -62.39548874 69.96601105
v 18.13739014 -61.89736938 68.17794037
v 20.37948036 -61.19580078 66.41957855
v 18.13739014 -61.89736938 68.17794037
v 19.91789055 -61.34759140 66.38986969
v 19.91789055 -61.34759140 66.38986969
v 18.13739014 -61.89736938 68.17794037
v 16.97331047 -62.22666168 67.93981934
v 19.91789055 -61.34759140 66.38986969
v 16.97331047 -62.22666168 67.93981934
v 18.25762939 -61.86201096 66.79972076
v 13.56674004 -63.05706024 70.36898041
v 13.56674004 -66.12255859 70.36898041
v 13.56674004 -63.05706024 87.05348206
v 13.56674004 -66.12255859 79.03710175
v 13.56674004 -66.12255859 87.05348206
v 9.95894527 -66.76129150 91.03259277
v 9.95894527 -63.72652054 91.03259277
v 11.50216007 -63.46612930 90.64778137
v 11.50216007 -66.51278687 90.64778137
v 11.50216007 -66.51278687 90.64778137
v 11.50216007 -63.46612930 90.64778137
v 12.81970978 -63.21316910 89.47142029
v 12.81970978 -66.27144623 89.47142029
v 12.81970978 -66.27144623 89.47142029
v 12.81970978 -63.21316910 89.47142029
v 13.52130032 -63.06681824 87.68331146
v 13.52130032 -66.13186646 87.68331146
v 13.52130032 -66.13186646 87.68331146
v 13.52130032 -63.06681824 87.68331146
v 13.56674004 -63.05706024 87.05348206
v 13.56674004 -66.12255859 87.05348206
v 6.35115194 -67.20053864 87.05348206
v 6.35115194 -64.18656158 87.05348206
v 6.83679485 -64.13665009 89.04183197
v 6.83679485 -67.15287018 89.04183197
v 6.83679485 -67.15287018 89.04183197
v 6.83679485 -64.13665009 89.04183197
v 8.08314705 -63.99150085 90.44866180
v 8.08314705 -67.01426697 90.44866180
v 8.08314705 -67.01426697 90.44866180
v 8.08314705 -63.99150085 90.44866180
v 9.56053829 -63.78749847 91.00827026
v 9.56053829 -66.81951141 91.00827026
v 9.56053829 -66.81951141 91.00827026
v 9.56053829 -63.78749847 91.00827026
v 9.95894527 -63.72652054 91.03259277
v 9.95894527 -66.76129150 91.03259277
v 6.35115194 -67.20053864 70.36898041
v 6.35115194 -64.18656158 70.36898041
v 6.35115194 -67.20053864 79.03710175
v 6.35115194 -64.18656158 87.05348206
v 6.35115194 -67.20053864 87.05348206
v 9.95894527 -66.76129150 66.38986969
v 9.95894527 -63.72652054 66.38986969
v 8.41572571 -63.94860840 66.77468109
v 8.41572571 -66.97332001 66.77468109
v 8.41572571 -66.97332001 66.77468109
v 8.41572571 -63.94860840 66.77468109
v 7.09817600 -64.10823822 67.95104218
v 7.09817600 -67.12574768 67.95104218
v 7.09817600 -67.12574768 67.95104218
v 7.09817600 -64.10823822 67.95104218
v 6.39658594 -64.18203735 69.73914337
v 6.39658594 -67.19624329 69.73914337
v 6.39658594 -67.19624329 69.73914337
v 6.39658594 -64.18203735 69.73914337
v 6.35115194 -64.18656158 70.36898041
v 6.35115194 -67.20053864 70.36898041
v 13.56674004 -66.12255859 70.36898041
v 13.56674004 -63.05706024 70.36898041
v 13.08108997 -63.15959930 68.38063049
v 13.08108997 -66.22035217 68.38063049
v 13.08108997 -66.22035217 68.38063049
v 13.08108997 -63.15959930 68.38063049
v 11.83473969 -63.40496063 66.97380066
v 11.83473969 -66.45440674 66.97380066
v 11.83473969 -66.45440674 66.97380066
v 11.83473969 -63.40496063 66.97380066
v 10.35735035 -63.66297913 66.41419220
v 10.35735035 -66.70063782 66.41419220
v 10.35735035 -66.70063782 66.41419220
v 10.35735035 -63.66297913 66.41419220
v 9.95894527 -63.72652054 66.38986969
v 9.95894527 -66.76129150 66.38986969
v 6.35115194 -64.18656158 70.36898041
v 13.56674004 -63.05706024 70.36898041
v 6.35115194 -64.18656158 87.05348206
v 13.56674004 -63.05706024 87.05348206
v 12.81970978 -63.21316910 89.47142029
v 11.76760006 -63.41746140 89.04302979
v 13.52130032 -63.06681824 87.68331146
v 13.52130032 -63.06681824 87.68331146
v 11.76760006 -63.41746140 89.04302979
v 13.56674004 -63.05706024 87.05348206
v 6.83679485 -64.13665009 89.04183197
v 6.35115194 -64.18656158 87.05348206
v 8.08314705 -63.99150085 90.44866180
v 8.08314705 -63.99150085 90.44866180
v 6.35115194 -64.18656158 87.05348206
v 13.56674004 -63.05706024 87.05348206
v 8.08314705 -63.99150085 90.44866180
v 13.56674004 -63.05706024 87.05348206
v 9.56053829 -63.78749847 91.00827026
v 9.56053829 -63.78749847 91.00827026
v 13.56674004 -63.05706024 87.05348206
v 11.76760006 -63.41746140 89.04302979
v 9.56053829 -63.78749847 91.00827026
v 11.76760006 -63.41746140 89.04302979
v 9.95894527 -63.72652054 91.03259277
v 9.95894527 -63.72652054 91.03259277
v 11.76760006 -63.41746140 89.04302979
v 12.81970978 -63.21316910 89.47142029
v 9.95894527 -63.72652054 91.03259277
v 12.81970978 -63.21316910 89.47142029
v 11.50216007 -63.46612930 90.64778137
v 7.09817600 -64.10823822 67.95104218
v 8.15829182 -63.98196030 68.37943268
v 6.39658594 -64.18203735 69.73914337
v 6.39658594 -64.18203735 69.73914337
v 8.15829182 -63.98196030 68.37943268
v 6.35115194 -64.18656158 70.36898041
v 13.08108997 -63.15959930 68.38063049
v 13.56674004 -63.05706024 70.36898041
v 11.83473969 -63.40496063 66.97380066
v 11.83473969 -63.40496063 66.97380066
v 13.56674004 -63.05706024 70.36898041
v 6.35115194 -64.18656158 70.36898041
v 11.83473969 -63.40496063 66.97380066
v 6.35115194 -64.18656158 70.36898041
v 10.35735035 -63.66297913 66.41419220
v 10.35735035 -63.66297913 66.41419220
v 6.35115194 -64.18656158 70.36898041
v 8.15829182 -63.98196030 68.37943268
v 10.35735035 -63.66297913 66.41419220
v 8.15829182 -63.98196030 68.37943268
v 9.95894527 -63.72652054 66.38986969
v 9.95894527 -63.72652054 66.38986969
v 8.15829182 -63.98196030 68.37943268
v 7.09817600 -64.10823822 67.95104218
v 9.95894527 -63.72652054 66.38986969
v 7.09817600 -64.10823822 67.95104218
v 8.41572571 -63.94860840 66.77468109
v 3.60779190 -67.40351868 89.84552002
v 3.60779190 -64.39901733 89.84552002
v 3.60779190 -67.40351868 79.03710175
v 3.60779190 -64.39901733 70.36898041
v 3.60779190 -67.40351868 70.36898041
v 0.00000000 -67.50000000 93.82463074
v 0.00000000 -64.50000000 93.82463074
v 1.54321897 -64.48153687 93.43981934
v 1.54321897 -67.48236084 93.43981934
v 1.54321897 -67.48236084 93.43981934
v 1.54321897 -64.48153687 93.43981934
v 2.86076903 -64.43653107 92.26345062
v 2.86076903 -67.43934631 92.26345062
v 2.86076903 -67.43934631 92.26345062
v 2.86076903 -64.43653107 92.26345062
v 3.56235790 -64.40155029 90.47534943
v 3.56235790 -67.40592957 90.47534943
v 3.56235790 -67.40592957 90.47534943
v 3.56235790 -64.40155029 90.47534943
v 3.60779190 -64.39901733 89.84552002
v 3.60779190 -67.40351868 89.84552002
v -3.60779190 -67.40351868 89.84552002
v -3.60779190 -64.39901733 89.84552002
v -3.12214994 -64.42439270 91.83386993
v -3.12214994 -67.42775726 91.83386993
v -3.12214994 -67.42775726 91.83386993
v -3.12214994 -64.42439270 91.83386993
v -1.87579799 -64.47271729 93.24069214
v -1.87579799 -67.47393036 93.24069214
v -1.87579799 -67.47393036 93.24069214
v -1.87579799 -64.47271729 93.24069214
v -0.39840749 -64.49877167 93.80030823
v -0.39840749 -67.49883270 93.80030823
v -0.39840749 -67.49883270 93.80030823
v -0.39840749 -64.49877167 93.80030823
v 0.00000000 -64.50000000 93.82463074
v 0.00000000 -67.50000000 93.82463074
v -3.60779190 -64.39901733 89.84552002
v -3.60779190 -67.40351868 89.84552002
v -3.60779190 -64.39901733 70.36898041
v -3.60779190 -67.40351868 79.03710175
v -3.60779190 -67.40351868 70.36898041
v 0.00000000 -67.50000000 66.38986969
v 0.00000000 -64.50000000 66.38986969
v -1.54321897 -64.48153687 66.77468109
v -1.54321897 -67.48236084 66.77468109
v -1.54321897 -67.48236084 66.77468109
v -1.54321897 -64.48153687 66.77468109
v -2.86076903 -64.43653107 67.95104218
v -2.86076903 -67.43934631 67.95104218
v -2.86076903 -67.43934631 67.95104218
v -2.86076903 -64.43653107 67.95104218
v -3.56235790 -64.40155029 69.73914337
v -3.56235790 -67.40592957 69.73914337
v -3.56235790 -67.40592957 69.73914337
v -3.56235790 -64.40155029 69.73914337
v -3.60779190 -64.39901733 70.36898041
v -3.60779190 -67.40351868 70.36898041
v 3.60779190 -67.40351868 70.36898041
v 3.60779190 -64.39901733 70.36898041
v 3.12214994 -64.42439270 68.38063049
v 3.12214994 -67.42775726 68.38063049
v 3.12214994 -67.42775726 68.38063049
v 3.12214994 -64.42439270 68.38063049
v 1.87579799 -64.47271729 66.97380066
v 1.87579799 -67.47393036 66.97380066
v 1.87579799 -67.47393036 66.97380066
v 1.87579799 -64.47271729 66.97380066
v 0.39840749 -64.49877167 66.41419220
v 0.39840749 -67.49883270 66.41419220
v 0.39840749 -67.49883270 66.41419220
v 0.39840749 -64.49877167 66.41419220
v 0.00000000 -64.50000000 66.38986969
v 0.00000000 -67.50000000 66.38986969
v 3.60779190 -64.39901733 89.84552002
v -3.60779190 -64.39901733 89.84552002
v 3.60779190 -64.39901733 70.36898041
v -3.60779190 -64.39901733 70.36898041
v -3.56235790 -64.40155029 69.73914337
v -2.86076903 -64.43653107 67.95104218
v -1.54321897 -64.48153687 66.77468109
v 3.12214994 -64.42439270 68.38063049
v 3.60779190 -64.39901733 70.36898041
v 1.87579799 -64.47271729 66.97380066
v 1.87579799 -64.47271729 66.97380066
v 3.60779190 -64.39901733 70.36898041
v -3.60779190 -64.39901733 70.36898041
v 1.87579799 -64.47271729 66.97380066
v -3.60779190 -64.39901733 70.36898041
v 0.39840749 -64.49877167 66.41419220
v 0.39840749 -64.49877167 66.41419220
v -3.60779190 -64.39901733 70.36898041
v -3.56235790 -64.40155029 69.73914337
v 0.39840749 -64.49877167 66.41419220
v -3.56235790 -64.40155029 69.73914337
v 0.00000000 -64.50000000 66.38986969
v 0.00000000 -64.50000000 66.38986969
v -3.56235790 -64.40155029 69.73914337
v -1.54321897 -64.48153687 66.77468109
v 3.56235790 -64.40155029 90.47534943
v 2.86076903 -64.43653107 92.26345062
v 1.54321897 -64.48153687 93.43981934
v -3.12214994 -64.42439270 91.83386993
v -3.60779190 -64.39901733 89.84552002
v -1.87579799 -64.47271729 93.24069214
v -1.87579799 -64.47271729 93.24069214
v -3.60779190 -64.39901733 89.84552002
v 3.60779190 -64.39901733 89.84552002
v -1.87579799 -64.47271729 93.24069214
v 3.60779190 -64.39901733 89.84552002
v -0.39840749 -64.49877167 93.80030823
v -0.39840749 -64.49877167 93.80030823
v 3.60779190 -64.39901733 89.84552002
v 3.56235790 -64.40155029 90.47534943
v -0.39840749 -64.49877167 93.80030823
v 3.56235790 -64.40155029 90.47534943
v 0.00000000 -64.50000000 93.82463074
v 0.00000000 -64.50000000 93.82463074
v 3.56235790 -64.40155029 90.47534943
v 1.54321897 -64.48153687 93.43981934
v -6.35115194 -64.18656158 70.36898041
v -6.35115194 -67.20053864 70.36898041
v -6.35115194 -64.18656158 87.05348206
v -6.35115194 -67.20053864 79.03710175
v -6.35115194 -67.20053864 87.05348206
v -9.95894527 -66.76129150 91.03259277
v -9.95894527 -63.72652054 91.03259277
v -8.41572571 -63.94860840 90.64778137
v -8.41572571 -66.97332001 90.64778137
v -8.41572571 -66.97332001 90.64778137
v -8.41572571 -63.94860840 90.64778137
v -7.09817600 -64.10823822 89.47142029
v -7.09817600 -67.12574768 89.47142029
v -7.09817600 -67.12574768 89.47142029
v -7.09817600 -64.10823822 89.47142029
v -6.39658594 -64.18203735 87.68331146
v -6.39658594 -67.19624329 87.68331146
v -6.39658594 -67.19624329 87.68331146
v -6.39658594 -64.18203735 87.68331146
v -6.35115194 -64.18656158 87.05348206
v -6.35115194 -67.20053864 87.05348206
v -13.56674004 -66.12255859 87.05348206
v -13.56674004 -63.05706024 87.05348206
v -13.08108997 -63.15959930 89.04183197
v -13.08108997 -66.22035217 89.04183197
v -13.08108997 -66.22035217 89.04183197
v -13.08108997 -63.15959930 89.04183197
v -11.83473969 -63.40496063 90.44866180
v -11.83473969 -66.45440674 90.44866180
v -11.83473969 -66.45440674 90.44866180
v -11.83473969 -63.40496063 90.44866180
v -10.35735035 -63.66297913 91.00827026
v -10.35735035 -66.70063782 91.00827026
v -10.35735035 -66.70063782 91.00827026
v -10.35735035 -63.66297913 91.00827026
v -9.95894527 -63.72652054 91.03259277
v -9.95894527 -66.76129150 91.03259277
v -13.56674004 -66.12255859 70.36898041
v -13.56674004 -63.05706024 70.36898041
v -13.56674004 -66.12255859 79.03710175
v -13.56674004 -63.05706024 87.05348206
v -13.56674004 -66.12255859 87.05348206
v -9.95894527 -66.76129150 66.38986969
v -9.95894527 -63.72652054 66.38986969
v -11.50216007 -63.46612930 66.77468109
v -11.50216007 -66.51278687 66.77468109
v -11.50216007 -66.51278687 66.77468109
v -11.50216007 -63.46612930 66.77468109
v -12.81970978 -63.21316910 67.95104218
v -12.81970978 -66.27144623 67.95104218
v -12.81970978 -66.27144623 67.95104218
v -12.81970978 -63.21316910 67.95104218
v -13.52130032 -63.06681824 69.73914337
v -13.52130032 -66.13186646 69.73914337
v -13.52130032 -66.13186646 69.73914337
v -13.52130032 -63.06681824 69.73914337
v -13.56674004 -63.05706024 70.36898041
v -13.56674004 -66.12255859 70.36898041
v -6.35115194 -67.20053864 70.36898041
v -6.35115194 -64.18656158 70.36898041
v -6.83679485 -64.13665009 68.38063049
v -6.83679485 -67.15287018 68.38063049
v -6.83679485 -67.15287018 68.38063049
v -6.83679485 -64.13665009 68.38063049
v -8.08314705 -63.99150085 66.97380066
v -8.08314705 -67.01426697 66.97380066
v -8.08314705 -67.01426697 66.97380066
v -8.08314705 -63.99150085 66.97380066
v -9.56053829 -63.78749847 66.41419220
v -9.56053829 -66.81951141 66.41419220
v -9.56053829 -66.81951141 66.41419220
v -9.56053829 -63.78749847 66.41419220
v -9.95894527 -63.72652054 66.38986969
v -9.95894527 -66.76129150 66.38986969
v -6.35115194 -64.18656158 87.05348206
v -13.56674004 -63.05706024 87.05348206
v -6.35115194 -64.18656158 70.36898041
v -13.56674004 -63.05706024 70.36898041
v -12.81970978 -63.21316910 67.95104218
v -11.76760006 -63.41746140 68.37943268
v -13.52130032 -63.06681824 69.73914337
v -13.52130032 -63.06681824 69.73914337
v -11.76760006 -63.41746140 68.37943268
v -13.56674004 -63.05706024 70.36898041
v -6.83679485 -64.13665009 68.38063049
v -6.35115194 -64.18656158 70.36898041
v -8.08314705 -63.99150085 66.97380066
v -8.08314705 -63.99150085 66.97380066
v -6.35115194 -64.18656158 70.36898041
v -13.56674004 -63.05706024 70.36898041
v -8.08314705 -63.99150085 66.97380066
v -13.56674004 -63.05706024 70.36898041
v -9.56053829 -63.78749847 66.41419220
v -9.56053829 -63.78749847 66.41419220
v -13.56674004 -63.05706024 70.36898041
v -11.76760006 -63.41746140 68.37943268
v -9.56053829 -63.78749847 66.41419220
v -11.76760006 -63.41746140 68.37943268
v -9.95894527 -63.72652054 66.38986969
v -9.95894527 -63.72652054 66.38986969
v -11.76760006 -63.41746140 68.37943268
v -12.81970978 -63.21316910 67.95104218
v -9.95894527 -63.72652054 66.38986969
v -12.81970978 -63.21316910 67.95104218
v -11.50216007 -63.46612930 66.77468109
v -7.09817600 -64.10823822 89.47142029
v -8.15829182 -63.98196030 89.04302979
v -6.39658594 -64.18203735 87.68331146
v -6.39658594 -64.18203735 87.68331146
v -8.15829182 -63.98196030 89.04302979
v -6.35115194 -64.18656158 87.05348206
v -13.08108997 -63.15959930 89.04183197
v -13.56674004 -63.05706024 87.05348206
v -11.83473969 -63.40496063 90.44866180
v -11.83473969 -63.40496063 90.44866180
v -13.56674004 -63.05706024 87.05348206
v -6.35115194 -64.18656158 87.05348206
v -11.83473969 -63.40496063 90.44866180
v -6.35115194 -64.18656158 87.05348206
v -10.35735035 -63.66297913 91.00827026
v -10.35735035 -63.66297913 91.00827026
v -6.35115194 -64.18656158 87.05348206
v -8.15829182 -63.98196030 89.04302979
v -10.35735035 -63.66297913 91.00827026
v -8.15829182 -63.98196030 89.04302979
v -9.95894527 -63.72652054 91.03259277
v -9.95894527 -63.72652054 91.03259277
v -8.15829182 -63.98196030 89.04302979
v -7.09817600 -64.10823822 89.47142029
v -9.95894527 -63.72652054 91.03259277
v -7.09817600 -64.10823822 89.47142029
v -8.41572571 -63.94860840 90.64778137
v -19.91789055 -64.49440002 66.38986969
v -19.91789055 -61.34759140 66.38986969
v -21.46110916 -60.82492065 66.77468109
v -21.46110916 -63.99742126 66.77468109
v -21.46110916 -63.99742126 66.77468109
v -21.46110916 -60.82492065 66.77468109
v -22.77865982 -60.34386826 67.95104218
v -22.77865982 -63.54040146 67.95104218
v -22.77865982 -63.54040146 67.95104218
v -22.77865982 -60.34386826 67.95104218
v -23.48024940 -60.07434845 69.73914337
v -23.48024940 -63.28450012 69.73914337
v -23.48024940 -63.28450012 69.73914337
v -23.48024940 -60.07434845 69.73914337
v -23.52568054 -60.05656815 70.36898041
v -23.52568054 -63.26763153 70.36898041
v -16.31010056 -65.49984741 70.36898041
v -16.31010056 -62.40377045 70.36898041
v -16.79574013 -62.27481842 68.38063049
v -16.79574013 -65.37700653 68.38063049
v -16.79574013 -65.37700653 68.38063049
v -16.79574013 -62.27481842 68.38063049
v -18.04208946 -61.92522049 66.97380066
v -18.04208946 -65.04409027 66.97380066
v -18.04208946 -65.04409027 66.97380066
v -18.04208946 -61.92522049 66.97380066
v -18.44659042 -64.93052673 66.73790741
v -18.44659042 -64.93052673 66.73790741
v -18.04208946 -61.92522049 66.97380066
v -19.51947975 -61.47552109 66.41419220
v -18.44659042 -64.93052673 66.73790741
v -19.51947975 -61.47552109 66.41419220
v -19.51947975 -64.61609650 66.41419220
v -19.51947975 -64.61609650 66.41419220
v -19.51947975 -61.47552109 66.41419220
v -19.91789055 -61.34759140 66.38986969
v -19.91789055 -64.49440002 66.38986969
v -19.91789055 -61.34759140 66.38986969
v -19.51947975 -61.47552109 66.41419220
v -20.31629944 -61.21680832 74.32376862
v -19.91789055 -61.34759140 74.34809113
v -18.04208946 -61.92522049 66.97380066
v -16.79574013 -62.27481842 68.38063049
v -19.51947975 -61.47552109 66.41419220
v -19.51947975 -61.47552109 66.41419220
v -16.79574013 -62.27481842 68.38063049
v -16.31010056 -62.40377045 70.36898041
v -18.37467003 -61.82735062 73.96327972
v -19.91789055 -61.34759140 74.34809113
v -17.05711937 -62.20373154 72.78691101
v -17.05711937 -62.20373154 72.78691101
v -19.91789055 -61.34759140 74.34809113
v -19.51947975 -61.47552109 66.41419220
v -17.05711937 -62.20373154 72.78691101
v -19.51947975 -61.47552109 66.41419220
v -16.35552979 -62.39188004 70.99880981
v -16.35552979 -62.39188004 70.99880981
v -19.51947975 -61.47552109 66.41419220
v -16.31010056 -62.40377045 70.36898041
v -21.79368973 -60.70655060 73.76416016
v -23.04003906 -60.24456024 72.35733032
v -20.31629944 -61.21680832 74.32376862
v -20.31629944 -61.21680832 74.32376862
v -23.04003906 -60.24456024 72.35733032
v -23.52568054 -60.05656815 70.36898041
v -20.31629944 -61.21680832 74.32376862
v -23.52568054 -60.05656815 70.36898041
v -23.48024940 -60.07434845 69.73914337
v -23.48024940 -60.07434845 69.73914337
v -22.77865982 -60.34386826 67.95104218
v -20.31629944 -61.21680832 74.32376862
v -22.77865982 -60.34386826 67.95104218
v -21.46110916 -60.82492065 66.77468109
v -20.31629944 -61.21680832 74.32376862
v -21.46110916 -60.82492065 66.77468109
v -19.91789055 -61.34759140 66.38986969
v -19.91789055 -64.49440002 74.34809113
v -19.91789055 -61.34759140 74.34809113
v -19.34997940 -64.66706085 74.29843140
v -19.34997940 -64.66706085 74.29843140
v -19.91789055 -61.34759140 74.34809113
v -18.37467003 -61.82735062 73.96327972
v -19.34997940 -64.66706085 74.29843140
v -18.37467003 -61.82735062 73.96327972
v -18.19425011 -65.00169373 73.86145020
v -18.19425011 -65.00169373 73.86145020
v -18.37467003 -61.82735062 73.96327972
v -17.05711937 -62.20373154 72.78691101
v -18.19425011 -65.00169373 73.86145020
v -17.05711937 -62.20373154 72.78691101
v -17.19824982 -65.27227783 72.97701263
v -17.19824982 -65.27227783 72.97701263
v -17.05711937 -62.20373154 72.78691101
v -16.35552979 -62.39188004 70.99880981
v -17.19824982 -65.27227783 72.97701263
v -16.35552979 -62.39188004 70.99880981
v -16.53582954 -65.44322968 71.75148773
v -16.53582954 -65.44322968 71.75148773
v -16.35552979 -62.39188004 70.99880981
v -16.31010056 -62.40377045 70.36898041
v -16.53582954 -65.44322968 71.75148773
v -16.31010056 -62.40377045 70.36898041
v -16.31010056 -65.49984741 70.36898041
v -23.52568054 -63.26763153 70.36898041
v -23.52568054 -60.05656815 70.36898041
v -23.31172943 -63.34677124 71.71618652
v -23.31172943 -63.34677124 71.71618652
v -23.52568054 -60.05656815 70.36898041
v -23.04003906 -60.24456024 72.35733032
v -23.31172943 -63.34677124 71.71618652
v -23.04003906 -60.24456024 72.35733032
v -23.03883934 -63.44652939 72.35961151
v -23.03883934 -63.44652939 72.35961151
v -23.04003906 -60.24456024 72.35733032
v -22.68824959 -63.57273865 72.91137695
v -22.68824959 -63.57273865 72.91137695
v -23.04003906 -60.24456024 72.35733032
v -21.79368973 -60.70655060 73.76416016
v -22.68824959 -63.57273865 72.91137695
v -21.79368973 -60.70655060 73.76416016
v -21.72583961 -63.90803909 73.80889130
v -21.72583961 -63.90803909 73.80889130
v -21.79368973 -60.70655060 73.76416016
v -20.31629944 -61.21680832 74.32376862
v -21.72583961 -63.90803909 73.80889130
v -20.31629944 -61.21680832 74.32376862
v -20.55555916 -64.29400635 74.28533936
v -20.55555916 -64.29400635 74.28533936
v -20.31629944 -61.21680832 74.32376862
v -19.91789055 -61.34759140 74.34809113
v -20.55555916 -64.29400635 74.28533936
v -19.91789055 -61.34759140 74.34809113
v -19.91789055 -64.49440002 74.34809113
v 16.34174919 -65.49196625 69.96601105
v 16.34174919 -62.39548874 69.96601105
v 16.34174919 -65.49196625 79.03710175
v 16.34174919 -62.39548874 79.71601105
v 16.34174919 -65.49196625 79.71601105
v 23.49403000 -60.06895828 79.71601105
v 23.49403000 -63.27938080 79.71601105
v 23.37079048 -60.11701965 80.64675140
v 23.37138939 -63.32479095 80.64452362
v 23.37079048 -60.11701965 80.64675140
v 23.37138939 -63.32479095 80.64452362
v 23.01491928 -60.25416183 81.50408173
v 23.01491928 -63.45521164 81.50408173
v 23.01491928 -60.25416183 81.50408173
v 23.01491928 -63.45521164 81.50408173
v 21.70595932 -63.91479874 82.81304169
v 21.70595932 -60.73796844 82.81304169
v 21.70595932 -60.73796844 82.81304169
v 21.70595932 -63.91479874 82.81304169
v 19.91789055 -64.49440002 83.29216003
v 19.91789055 -61.34759140 83.29216003
v 19.91789055 -61.34759140 83.29216003
v 19.91789055 -64.49440002 83.29216003
v 18.45388985 -64.92845154 82.97875214
v 19.91789055 -61.34759140 83.29216003
v 18.45388985 -64.92845154 82.97875214
v 18.12981987 -61.89958954 82.81304169
v 18.12981987 -61.89958954 82.81304169
v 18.45388985 -64.92845154 82.97875214
v 18.12981987 -65.01969147 82.81304169
v 18.12981987 -61.89958954 82.81304169
v 18.12981987 -65.01969147 82.81304169
v 17.39306068 -62.11064148 82.24859619
v 17.39270973 -65.22073364 82.24826050
v 17.39306068 -62.11064148 82.24859619
v 17.39270973 -65.22073364 82.24826050
v 16.82085991 -62.26802826 81.50408173
v 16.82085991 -65.37055206 81.50408173
v 16.82085991 -62.26802826 81.50408173
v 16.82085991 -65.37055206 81.50408173
v 16.46393013 -62.36336136 80.64279175
v 16.46446037 -65.46121979 80.64478302
v 16.46393013 -62.36336136 80.64279175
v 16.46446037 -65.46121979 80.64478302
v 16.34174919 -62.39548874 79.71601105
v 16.34174919 -65.49196625 79.71601105
v 23.49403000 -63.27938080 79.71601105
v 23.49403000 -60.06895828 79.71601105
v 23.49403000 -63.27938080 79.03710175
v 23.49403000 -60.06895828 69.96601105
v 23.49403000 -63.27938080 69.96601105
v 23.52568054 63.26763153 70.36898041
v 23.52568054 60.05656815 70.36898041
v 23.48024940 60.07434845 70.99880981
v 23.52568054 63.26763153 70.36898041
v 23.48024940 60.07434845 70.99880981
v 23.31172943 63.34677124 71.71618652
v 23.31172943 63.34677124 71.71618652
v 23.48024940 60.07434845 70.99880981
v 22.77865982 60.34386826 72.78691101
v 23.31172943 63.34677124 71.71618652
v 22.77865982 60.34386826 72.78691101
v 22.68824959 63.57273865 72.91137695
v 22.68824959 63.57273865 72.91137695
v 22.77865982 60.34386826 72.78691101
v 21.72583961 63.90803909 73.80889130
v 21.72583961 63.90803909 73.80889130
v 22.77865982 60.34386826 72.78691101
v 21.46110916 60.82492065 73.96327972
v 21.72583961 63.90803909 73.80889130
v 21.46110916 60.82492065 73.96327972
v 21.46014023 63.99774933 73.96379089
v 21.46014023 63.99774933 73.96379089
v 21.46110916 60.82492065 73.96327972
v 20.55555916 64.29400635 74.28533936
v 20.55555916 64.29400635 74.28533936
v 21.46110916 60.82492065 73.96327972
v 19.91789055 61.34759140 74.34809113
v 20.55555916 64.29400635 74.28533936
v 19.91789055 61.34759140 74.34809113
v 19.91789055 64.49440002 74.34809113
v 19.91789055 64.49440002 74.34809113
v 19.91789055 61.34759140 74.34809113
v 19.51947975 61.47552109 74.32376862
v 19.91789055 64.49440002 74.34809113
v 19.51947975 61.47552109 74.32376862
v 19.34997940 64.66706085 74.29843140
v 19.34997940 64.66706085 74.29843140
v 19.51947975 61.47552109 74.32376862
v 18.04208946 61.92522049 73.76416016
v 18.19425011 65.00169373 73.86145020
v 18.19425011 65.00169373 73.86145020
v 18.04208946 61.92522049 73.76416016
v 17.19824982 65.27227783 72.97701263
v 17.19824982 65.27227783 72.97701263
v 18.04208946 61.92522049 73.76416016
v 16.79574013 62.27481842 72.35733032
v 17.19824982 65.27227783 72.97701263
v 16.79574013 62.27481842 72.35733032
v 16.79649925 65.37680817 72.35877228
v 16.79649925 65.37680817 72.35877228
v 16.79574013 62.27481842 72.35733032
v 16.53582954 65.44322968 71.75148773
v 16.53582954 65.44322968 71.75148773
v 16.79574013 62.27481842 72.35733032
v 16.31010056 62.40377045 70.36898041
v 16.53582954 65.44322968 71.75148773
v 16.31010056 62.40377045 70.36898041
v 16.31010056 65.49984741 70.36898041
v -16.34174919 62.39548874 78.91600800
v -16.34174919 65.49196625 78.91600800
v -16.34174919 62.39548874 69.96601105
v -16.34174919 65.49196625 69.96601105
v -16.34174919 65.49196625 78.91600800
v -16.34174919 62.39548874 78.91600800
v -16.34379959 65.49146271 79.03710175
v -16.34379959 65.49146271 79.03710175
v -16.34174919 62.39548874 78.91600800
v -16.46450996 62.36320877 79.84497070
v -16.34379959 65.49146271 79.03710175
v -16.46450996 62.36320877 79.84497070
v -16.82085991 65.37055206 80.70407867
v -16.82085991 65.37055206 80.70407867
v -16.46450996 62.36320877 79.84497070
v -16.82085991 62.26802826 80.70407867
v -16.82085991 65.37055206 80.70407867
v -16.82085991 62.26802826 80.70407867
v -17.39274025 65.22071838 81.44828033
v -17.39304924 62.11064148 81.44859314
v -17.39274025 65.22071838 81.44828033
v -17.39304924 62.11064148 81.44859314
v -18.13161087 65.01918793 82.01406860
v -18.12981987 61.89958954 82.01303101
v -18.13161087 65.01918793 82.01406860
v -18.12981987 61.89958954 82.01303101
v -18.47224998 64.92324066 82.18692780
v -18.47224998 64.92324066 82.18692780
v -18.12981987 61.89958954 82.01303101
v -19.91789055 61.34759140 82.49214935
v -18.47224998 64.92324066 82.18692780
v -19.91789055 61.34759140 82.49214935
v -19.91789055 64.49440002 82.49214935
v -19.91789055 64.49440002 82.49214935
v -19.91789055 61.34759140 82.49214935
v -21.70595932 60.73796844 82.01303101
v -21.70595932 63.91479874 82.01303101
v -21.70595932 63.91479874 82.01303101
v -21.70595932 60.73796844 82.01303101
v -23.01491928 60.25416183 80.70407867
v -23.01491928 63.45521164 80.70407867
v -23.01491928 63.45521164 80.70407867
v -23.01491928 60.25416183 80.70407867
v -23.37128067 60.11682892 79.84494019
v -23.01491928 63.45521164 80.70407867
v -23.37128067 60.11682892 79.84494019
v -23.49197960 63.28013992 79.03710175
v -23.49197960 63.28013992 79.03710175
v -23.37128067 60.11682892 79.84494019
v -23.49403000 60.06895828 78.91600800
v -23.49197960 63.28013992 79.03710175
v -23.49403000 60.06895828 78.91600800
v -23.49403000 63.27938080 78.91600800
v -23.49403000 60.06895828 78.91600800
v -23.49403000 60.06895828 69.96601105
v -23.49403000 63.27938080 78.91600800
v -23.49403000 63.27938080 69.96601105
v -32.69881058 56.98495865 176.30000305
v -32.69881058 56.98495865 183.00000000
v -29.94330025 58.11685944 183.00000000
v -26.98826981 58.49983978 183.00000000
v -26.98826981 58.49983978 176.30000305
v -29.93231964 58.11977005 176.30000305
v -29.94330025 58.11685944 183.00000000
v -29.94330025 58.11685944 183.00000000
v -29.93231964 58.11977005 176.30000305
v -29.94330025 58.11685944 176.30000305
v -29.94330025 58.11685944 176.30000305
v -32.69881058 56.98495865 183.00000000
v -32.69881058 56.98495865 176.30000305
v -42.11854935 50.42345810 176.30000305
v -42.18661880 50.36653137 183.00000000
v -42.18661880 50.36653137 183.00000000
v -42.11854935 50.42345810 176.30000305
v -50.42345810 42.11854935 176.30000305
v -50.36653137 42.18661880 183.00000000
v -50.36653137 42.18661880 183.00000000
v -50.42345810 42.11854935 176.30000305
v -56.98495865 32.69881058 176.30000305
v -56.98495865 32.69881058 183.00000000
v -56.98495865 32.69881058 183.00000000
v -56.98495865 32.69881058 176.30000305
v -58.11685944 29.94330025 176.30000305
v -58.11685944 29.94330025 183.00000000
v -58.11685944 29.94330025 183.00000000
v -58.11685944 29.94330025 176.30000305
v -58.49983978 26.98826981 176.30000305
v -58.49983978 26.98826981 183.00000000
v -58.49983978 -26.98826981 183.00000000
v -58.49983978 26.98826981 183.00000000
v -58.49983978 -26.98826981 176.30000305
v -58.49983978 26.98826981 176.30000305
v -56.98495865 -32.69881058 176.30000305
v -56.98495865 -32.69881058 183.00000000
v -58.11685944 -29.94330025 183.00000000
v -58.49983978 -26.98826981 183.00000000
v -58.49983978 -26.98826981 176.30000305
v -58.11977005 -29.93231964 176.30000305
v -58.11685944 -29.94330025 183.00000000
v -58.11685944 -29.94330025 183.00000000
v -58.11977005 -29.93231964 176.30000305
v -58.11685944 -29.94330025 176.30000305
v -58.11685944 -29.94330025 176.30000305
v -56.98495865 -32.69881058 183.00000000
v -56.98495865 -32.69881058 176.30000305
v -50.42345810 -42.11854935 176.30000305
v -50.36653137 -42.18661880 183.00000000
v -50.36653137 -42.18661880 183.00000000
v -50.42345810 -42.11854935 176.30000305
v -42.11854935 -50.42345810 176.30000305
v -42.18661880 -50.36653137 183.00000000
v -42.18661880 -50.36653137 183.00000000
v -42.11854935 -50.42345810 176.30000305
v -32.69881058 -56.98495865 176.30000305
v -32.69881058 -56.98495865 183.00000000
v -32.69881058 -56.98495865 183.00000000
v -32.69881058 -56.98495865 176.30000305
v -29.94330025 -58.11685944 176.30000305
v -29.94330025 -58.11685944 183.00000000
v -29.94330025 -58.11685944 183.00000000
v -29.94330025 -58.11685944 176.30000305
v -26.98826981 -58.49983978 176.30000305
v -26.98826981 -58.49983978 183.00000000
v 26.98826981 -58.49983978 183.00000000
v -26.98826981 -58.49983978 183.00000000
v 26.98826981 -58.49983978 176.30000305
v -26.98826981 -58.49983978 176.30000305
v 32.69881058 -56.98495865 176.30000305
v 32.69881058 -56.98495865 183.00000000
v 29.94330025 -58.11685944 183.00000000
v 26.98826981 -58.49983978 183.00000000
v 26.98826981 -58.49983978 176.30000305
v 29.93231964 -58.11977005 176.30000305
v 29.94330025 -58.11685944 183.00000000
v 29.94330025 -58.11685944 183.00000000
v 29.93231964 -58.11977005 176.30000305
v 29.94330025 -58.11685944 176.30000305
v 29.94330025 -58.11685944 176.30000305
v 32.69881058 -56.98495865 183.00000000
v 32.69881058 -56.98495865 176.30000305
v 42.11854935 -50.42345810 176.30000305
v 42.18661880 -50.36653137 183.00000000
v 42.18661880 -50.36653137 183.00000000
v 42.11854935 -50.42345810 176.30000305
v 50.42345810 -42.11854935 176.30000305
v 50.36653137 -42.18661880 183.00000000
v 50.36653137 -42.18661880 183.00000000
v 50.42345810 -42.11854935 176.30000305
v 56.98495865 -32.69881058 176.30000305
v 56.98495865 -32.69881058 183.00000000
v 56.98495865 -32.69881058 183.00000000
v 56.98495865 -32.69881058 176.30000305
v 58.11685944 -29.94330025 176.30000305
v 58.11685944 -29.94330025 183.00000000
v 58.11685944 -29.94330025 183.00000000
v 58.11685944 -29.94330025 176.30000305
v 58.49983978 -26.98826981 176.30000305
v 58.49983978 -26.98826981 183.00000000
v 58.49983978 26.98826981 183.00000000
v 58.49983978 -26.98826981 183.00000000
v 58.49983978 26.98826981 176.30000305
v 58.49983978 -26.98826981 176.30000305
v 56.98495865 32.69881058 176.30000305
v 56.98495865 32.69881058 183.00000000
v 58.11685944 29.94330025 183.00000000
v 58.49983978 26.98826981 183.00000000
v 58.49983978 26.98826981 176.30000305
v 58.11977005 29.93231964 176.30000305
v 58.11685944 29.94330025 183.00000000
v 58.11685944 29.94330025 183.00000000
v 58.11977005 29.93231964 176.30000305
v 58.11685944 29.94330025 176.30000305
v 58.11685944 29.94330025 176.30000305
v 56.98495865 32.69881058 183.00000000
v 56.98495865 32.69881058 176.30000305
v 50.42345810 42.11854935 176.30000305
v 50.36653137 42.18661880 183.00000000
v 50.36653137 42.18661880 183.00000000
v 50.42345810 42.11854935 176.30000305
v 42.11854935 50.42345810 176.30000305
v 42.18661880 50.36653137 183.00000000
v 42.18661880 50.36653137 183.00000000
v 42.11854935 50.42345810 176.30000305
v 32.69881058 56.98495865 176.30000305
v 32.69881058 56.98495865 183.00000000
v 32.69881058 56.98495865 183.00000000
v 32.69881058 56.98495865 176.30000305
v 29.94330025 58.11685944 176.30000305
v 29.94330025 58.11685944 183.00000000
v 29.94330025 58.11685944 183.00000000
v 29.94330025 58.11685944 176.30000305
v 26.98826981 58.49983978 176.30000305
v 26.98826981 58.49983978 183.00000000
v -26.98826981 58.49983978 183.00000000
v 26.98826981 58.49983978 183.00000000
v -26.98826981 58.49983978 176.30000305
v 26.98826981 58.49983978 176.30000305
v -29.73204994 -37.00000000 183.00000000
v -29.00000000 -36.26794815 183.00000000
v -58.49983978 26.98826981 183.00000000
v -58.49983978 -26.98826981 183.00000000
v -58.11685944 -29.94330025 183.00000000
v -30.00000000 -38.00000000 183.00000000
v 29.00000000 -36.26794815 183.00000000
v 30.00000000 18.00000000 183.00000000
v 28.00000000 -36.00000000 183.00000000
v 27.00000000 -36.26794815 183.00000000
v -26.26795006 19.00000000 183.00000000
v 28.00000000 16.00000000 183.00000000
v -27.00000000 19.73204994 183.00000000
v 27.00000000 16.26795006 183.00000000
v -28.00000000 20.00000000 183.00000000
v 26.26795006 17.00000000 183.00000000
v 26.00000000 18.00000000 183.00000000
v -30.00000000 18.00000000 183.00000000
v -58.11685944 29.94330025 183.00000000
v -29.73204994 19.00000000 183.00000000
v 29.73204994 -39.00000000 183.00000000
v 50.36653137 -42.18661880 183.00000000
v 30.00000000 -38.00000000 183.00000000
v 56.98495865 -32.69881058 183.00000000
v 29.73204994 -37.00000000 183.00000000
v -29.00000000 19.73204994 183.00000000
v -50.36653137 42.18661880 183.00000000
v -56.98495865 32.69881058 183.00000000
v 58.11685944 -29.94330025 183.00000000
v 58.49983978 -26.98826981 183.00000000
v 58.49983978 26.98826981 183.00000000
v 58.11685944 29.94330025 183.00000000
v 29.73204994 19.00000000 183.00000000
v 27.00000000 -39.73205185 183.00000000
v 26.98826981 -58.49983978 183.00000000
v 28.00000000 -40.00000000 183.00000000
v 29.94330025 -58.11685944 183.00000000
v 29.00000000 -39.73205185 183.00000000
v 32.69881058 -56.98495865 183.00000000
v 42.18661880 -50.36653137 183.00000000
v 26.26795006 -39.00000000 183.00000000
v 26.00000000 -38.00000000 183.00000000
v -27.00000000 -36.26794815 183.00000000
v -28.00000000 -36.00000000 183.00000000
v 26.26795006 19.00000000 183.00000000
v -32.69881058 56.98495865 183.00000000
v -42.18661880 50.36653137 183.00000000
v 56.98495865 32.69881058 183.00000000
v 50.36653137 42.18661880 183.00000000
v 29.00000000 19.73204994 183.00000000
v 42.18661880 50.36653137 183.00000000
v 28.00000000 20.00000000 183.00000000
v 32.69881058 56.98495865 183.00000000
v 29.94330025 58.11685944 183.00000000
v 26.98826981 58.49983978 183.00000000
v 27.00000000 19.73204994 183.00000000
v -26.98826981 58.49983978 183.00000000
v -29.94330025 58.11685944 183.00000000
v -26.26795006 -37.00000000 183.00000000
v 26.26795006 -37.00000000 183.00000000
v 29.73204994 17.00000000 183.00000000
v 29.00000000 16.26795006 183.00000000
v -26.00000000 -38.00000000 183.00000000
v -26.26795006 -39.00000000 183.00000000
v -26.98826981 -58.49983978 183.00000000
v -27.00000000 -39.73205185 183.00000000
v -28.00000000 -40.00000000 183.00000000
v -29.94330025 -58.11685944 183.00000000
v -29.00000000 -39.73205185 183.00000000
v -26.00000000 18.00000000 183.00000000
v -26.26795006 17.00000000 183.00000000
v -27.00000000 16.26795006 183.00000000
v -28.00000000 16.00000000 183.00000000
v -29.00000000 16.26795006 183.00000000
v -29.73204994 17.00000000 183.00000000
v -56.98495865 -32.69881058 183.00000000
v -50.36653137 -42.18661880 183.00000000
v -29.73204994 -39.00000000 183.00000000
v -42.18661880 -50.36653137 183.00000000
v -32.69881058 -56.98495865 183.00000000
v 30.00000000 -38.00000000 183.00000000
v 29.73204994 -39.00000000 184.00000000
v 29.73204994 -39.00000000 183.00000000
v 29.73204994 -39.00000000 183.00000000
v 29.73204994 -39.00000000 184.00000000
v 29.00000000 -39.73205185 184.00000000
v 29.00000000 -39.73205185 183.00000000
v 29.00000000 -39.73205185 183.00000000
v 29.00000000 -39.73205185 184.00000000
v 28.00000000 -40.00000000 184.00000000
v 28.00000000 -40.00000000 183.00000000
v 28.00000000 -40.00000000 183.00000000
v 28.00000000 -40.00000000 184.00000000
v 27.00000000 -39.73205185 184.00000000
v 27.00000000 -39.73205185 183.00000000
v 27.00000000 -39.73205185 183.00000000
v 27.00000000 -39.73205185 184.00000000
v 26.26795006 -39.00000000 184.00000000
v 26.26795006 -39.00000000 183.00000000
v 26.26795006 -39.00000000 183.00000000
v 26.26795006 -39.00000000 184.00000000
v 26.00000000 -38.00000000 184.00000000
v 26.00000000 -38.00000000 183.00000000
v 26.00000000 -38.00000000 183.00000000
v 26.00000000 -38.00000000 184.00000000
v 26.26795006 -37.00000000 184.00000000
v 26.26795006 -37.00000000 183.00000000
v 26.26795006 -37.00000000 183.00000000
v 26.26795006 -37.00000000 184.00000000
v 27.00000000 -36.26794815 184.00000000
v 27.00000000 -36.26794815 183.00000000
v 27.00000000 -36.26794815 183.00000000
v 27.00000000 -36.26794815 184.00000000
v 28.00000000 -36.00000000 184.00000000
v 28.00000000 -36.00000000 183.00000000
v 28.00000000 -36.00000000 183.00000000
v 28.00000000 -36.00000000 184.00000000
v 29.00000000 -36.26794815 184.00000000
v 29.00000000 -36.26794815 183.00000000
v 29.00000000 -36.26794815 183.00000000
v 29.00000000 -36.26794815 184.00000000
v 29.73204994 -37.00000000 184.00000000
v 29.73204994 -37.00000000 183.00000000
v 29.73204994 -37.00000000 183.00000000
v 29.73204994 -37.00000000 184.00000000
v 30.00000000 -38.00000000 184.00000000
v 30.00000000 -38.00000000 183.00000000
v 30.00000000 -38.00000000 184.00000000
v 27.00000000 -36.26794815 184.00000000
v 26.26795006 -37.00000000 184.00000000
v 28.00000000 -38.00000000 184.00000000
v 26.00000000 -38.00000000 184.00000000
v 26.26795006 -39.00000000 184.00000000
v 29.73204994 -37.00000000 184.00000000
v 29.00000000 -36.26794815 184.00000000
v 28.00000000 -36.00000000 184.00000000
v 29.00000000 -39.73205185 184.00000000
v 29.73204994 -39.00000000 184.00000000
v 30.00000000 -38.00000000 184.00000000
v 27.00000000 -39.73205185 184.00000000
v 28.00000000 -40.00000000 184.00000000
v -26.00000000 -38.00000000 183.00000000
v -26.26795006 -39.00000000 184.00000000
v -26.26795006 -39.00000000 183.00000000
v -26.26795006 -39.00000000 183.00000000
v -26.26795006 -39.00000000 184.00000000
v -27.00000000 -39.73205185 184.00000000
v -27.00000000 -39.73205185 183.00000000
v -27.00000000 -39.73205185 183.00000000
v -27.00000000 -39.73205185 184.00000000
v -28.00000000 -40.00000000 184.00000000
v -28.00000000 -40.00000000 183.00000000
v -28.00000000 -40.00000000 183.00000000
v -28.00000000 -40.00000000 184.00000000
v -29.00000000 -39.73205185 184.00000000
v -29.00000000 -39.73205185 183.00000000
v -29.00000000 -39.73205185 183.00000000
v -29.00000000 -39.73205185 184.00000000
v -29.73204994 -39.00000000 184.00000000
v -29.73204994 -39.00000000 183.00000000
v -29.73204994 -39.00000000 183.00000000
v -29.73204994 -39.00000000 184.00000000
v -30.00000000 -38.00000000 184.00000000
v -30.00000000 -38.00000000 183.00000000
v -30.00000000 -38.00000000 183.00000000
v -30.00000000 -38.00000000 184.00000000
v -29.73204994 -37.00000000 184.00000000
v -29.73204994 -37.00000000 183.00000000
v -29.73204994 -37.00000000 183.00000000
v -29.73204994 -37.00000000 184.00000000
v -29.00000000 -36.26794815 184.00000000
v -29.00000000 -36.26794815 183.00000000
v -29.00000000 -36.26794815 183.00000000
v -29.00000000 -36.26794815 184.00000000
v -28.00000000 -36.00000000 184.00000000
v -28.00000000 -36.00000000 183.00000000
v -28.00000000 -36.00000000 183.00000000
v -28.00000000 -36.00000000 184.00000000
v -27.00000000 -36.26794815 184.00000000
v -27.00000000 -36.26794815 183.00000000
v -27.00000000 -36.26794815 183.00000000
v -27.00000000 -36.26794815 184.00000000
v -26.26795006 -37.00000000 184.00000000
v -26.26795006 -37.00000000 183.00000000
v -26.26795006 -37.00000000 183.00000000
v -26.26795006 -37.00000000 184.00000000
v -26.00000000 -38.00000000 184.00000000
v -26.00000000 -38.00000000 183.00000000
v -26.00000000 -38.00000000 184.00000000
v -29.00000000 -36.26794815 184.00000000
v -29.73204994 -37.00000000 184.00000000
v -28.00000000 -38.00000000 184.00000000
v -30.00000000 -38.00000000 184.00000000
v -29.73204994 -39.00000000 184.00000000
v -26.26795006 -37.00000000 184.00000000
v -27.00000000 -36.26794815 184.00000000
v -28.00000000 -36.00000000 184.00000000
v -27.00000000 -39.73205185 184.00000000
v -26.26795006 -39.00000000 184.00000000
v -26.00000000 -38.00000000 184.00000000
v -29.00000000 -39.73205185 184.00000000
v -28.00000000 -40.00000000 184.00000000
v 30.00000000 18.00000000 183.00000000
v 29.73204994 17.00000000 184.00000000
v 29.73204994 17.00000000 183.00000000
v 29.73204994 17.00000000 183.00000000
v 29.73204994 17.00000000 184.00000000
v 29.00000000 16.26795006 184.00000000
v 29.00000000 16.26795006 183.00000000
v 29.00000000 16.26795006 183.00000000
v 29.00000000 16.26795006 184.00000000
v 28.00000000 16.00000000 184.00000000
v 28.00000000 16.00000000 183.00000000
v 28.00000000 16.00000000 183.00000000
v 28.00000000 16.00000000 184.00000000
v 27.00000000 16.26795006 184.00000000
v 27.00000000 16.26795006 183.00000000
v 27.00000000 16.26795006 183.00000000
v 27.00000000 16.26795006 184.00000000
v 26.26795006 17.00000000 184.00000000
v 26.26795006 17.00000000 183.00000000
v 26.26795006 17.00000000 183.00000000
v 26.26795006 17.00000000 184.00000000
v 26.00000000 18.00000000 184.00000000
v 26.00000000 18.00000000 183.00000000
v 26.00000000 18.00000000 183.00000000
v 26.00000000 18.00000000 184.00000000
v 26.26795006 19.00000000 184.00000000
v 26.26795006 19.00000000 183.00000000
v 26.26795006 19.00000000 183.00000000
v 26.26795006 19.00000000 184.00000000
v 27.00000000 19.73204994 184.00000000
v 27.00000000 19.73204994 183.00000000
v 27.00000000 19.73204994 183.00000000
v 27.00000000 19.73204994 184.00000000
v 28.00000000 20.00000000 184.00000000
v 28.00000000 20.00000000 183.00000000
v 28.00000000 20.00000000 183.00000000
v 28.00000000 20.00000000 184.00000000
v 29.00000000 19.73204994 184.00000000
v 29.00000000 19.73204994 183.00000000
v 29.00000000 19.73204994 183.00000000
v 29.00000000 19.73204994 184.00000000
v 29.73204994 19.00000000 184.00000000
v 29.73204994 19.00000000 183.00000000
v 29.73204994 19.00000000 183.00000000
v 29.73204994 19.00000000 184.00000000
v 30.00000000 18.00000000 184.00000000
v 30.00000000 18.00000000 183.00000000
v 30.00000000 18.00000000 184.00000000
v 27.00000000 19.73204994 184.00000000
v 26.26795006 19.00000000 184.00000000
v 28.00000000 18.00000000 184.00000000
v 26.00000000 18.00000000 184.00000000
v 26.26795006 17.00000000 184.00000000
v 29.73204994 19.00000000 184.00000000
v 29.00000000 19.73204994 184.00000000
v 28.00000000 20.00000000 184.00000000
v 29.00000000 16.26795006 184.00000000
v 29.73204994 17.00000000 184.00000000
v 30.00000000 18.00000000 184.00000000
v 27.00000000 16.26795006 184.00000000
v 28.00000000 16.00000000 184.00000000
v -26.00000000 18.00000000 183.00000000
v -26.26795006 17.00000000 184.00000000
v -26.26795006 17.00000000 183.00000000
v -26.26795006 17.00000000 183.00000000
v -26.26795006 17.00000000 184.00000000
v -27.00000000 16.26795006 184.00000000
v -27.00000000 16.26795006 183.00000000
v -27.00000000 16.26795006 183.00000000
v -27.00000000 16.26795006 184.00000000
v -28.00000000 16.00000000 184.00000000
v -28.00000000 16.00000000 183.00000000
v -28.00000000 16.00000000 183.00000000
v -28.00000000 16.00000000 184.00000000
v -29.00000000 16.26795006 184.00000000
v -29.00000000 16.26795006 183.00000000
v -29.00000000 16.26795006 183.00000000
v -29.00000000 16.26795006 184.00000000
v -29.73204994 17.00000000 184.00000000
v -29.73204994 17.00000000 183.00000000
v -29.73204994 17.00000000 183.00000000
v -29.73204994 17.00000000 184.00000000
v -30.00000000 18.00000000 184.00000000
v -30.00000000 18.00000000 183.00000000
v -30.00000000 18.00000000 183.00000000
v -30.00000000 18.00000000 184.00000000
v -29.73204994 19.00000000 184.00000000
v -29.73204994 19.00000000 183.00000000
v -29.73204994 19.00000000 183.00000000
v -29.73204994 19.00000000 184.00000000
v -29.00000000 19.73204994 184.00000000
v -29.00000000 19.73204994 183.00000000
v -29.00000000 19.73204994 183.00000000
v -29.00000000 19.73204994 184.00000000
v -28.00000000 20.00000000 184.00000000
v -28.00000000 20.00000000 183.00000000
v -28.00000000 20.00000000 183.00000000
v -28.00000000 20.00000000 184.00000000
v -27.00000000 19.73204994 184.00000000
v -27.00000000 19.73204994 183.00000000
v -27.00000000 19.73204994 183.00000000
v -27.00000000 19.73204994 184.00000000
v -26.26795006 19.00000000 184.00000000
v -26.26795006 19.00000000 183.00000000
v -26.26795006 19.00000000 183.00000000
v -26.26795006 19.00000000 184.00000000
v -26.00000000 18.00000000 184.00000000
v -26.00000000 18.00000000 183.00000000
v -26.00000000 18.00000000 184.00000000
v -29.00000000 19.73204994 184.00000000
v -29.73204994 19.00000000 184.00000000
v -28.00000000 18.00000000 184.00000000
v -30.00000000 18.00000000 184.00000000
v -29.73204994 17.00000000 184.00000000
v -26.26795006 19.00000000 184.00000000
v -27.00000000 19.73204994 184.00000000
v -28.00000000 20.00000000 184.00000000
v -27.00000000 16.26795006 184.00000000
v -26.26795006 17.00000000 184.00000000
v -26.00000000 18.00000000 184.00000000
v -29.00000000 16.26795006 184.00000000
v -28.00000000 16.00000000 184.00000000
f 1 2 3
f 3 4 5
f 6 3 5
f 1 3 6
f 7 8 9
f 10 11 12
f 13 14 15
f 16 17 18
f 19 20 21
f 22 23 24
f 25 26 27
f 28 29 30
f 31 32 33
f 34 35 36
f 37 38 39
f 40 41 42
f 43 44 45
f 46 47 48
f 49 50 51
f 49 52 50
f 53 54 55
f 56 57 58
f 59 60 61
f 62 63 64
f 65 66 67
f 68 69 70
f 71 72 73
f 74 75 76
f 77 78 79
f 80 81 82
f 83 84 85
f 86 87 88
f 89 90 91
f 92 93 94
f 95 96 97
f 98 99 100
f 101 102 103
f 104 105 106
f 107 108 109
f 110 111 112
f 113 114 115
f 116 117 118
f 119 120 121
f 122 123 124
f 125 126 127
f 128 129 130
f 131 132 133
f 134 135 136
f 134 137 135
f 138 139 140
f 141 142 143
f 144 145 146
f 147 148 149
f 150 151 152
f 153 154 155
f 156 157 158
f 159 160 161
f 162 163 164
f 165 166 167
f 168 169 170
f 171 172 173
f 174 175 176
f 177 178 179
f 180 181 182
f 183 184 185
f 186 187 188
f 189 190 191
f 192 193 194
f 195 196 197
f 198 199 200
f 201 202 203
f 204 205 206
f 207 208 209
f 210 211 212
f 213 214 215
f 216 217 218
f 219 217 216
f 220 221 222
f 223 224 225
f 226 227 228
f 229 230 231
f 232 233 234
f 235 236 237
f 238 239 240
f 241 242 243
f 244 245 246
f 247 248 249
f 250 251 252
f 253 254 255
f 256 257 258
f 259 260 261
f 262 263 264
f 265 266 267
f 268 269 270
f 271 272 273
f 274 275 276
f 277 278 279
f 280 281 282
f 283 284 285
f 286 287 288
f 289 290 291
f 292 293 294
f 295 296 297
f 298 299 300
f 301 302 303
f 304 305 306
f 307 308 309
f 310 311 312
f 310 313 311
f 314 315 316
f 314 317 315
f 318 319 320
f 321 322 323
f 324 325 326
f 327 328 329
f 330 331 332
f 333 334 335
f 336 337 338
f 339 340 341
f 342 343 344
f 345 346 347
f 348 349 350
f 351 352 353
f 354 355 356
f 357 358 359
f 360 361 362
f 363 364 365
f 366 367 368
f 369 370 371
f 372 373 374
f 375 376 377
f 378 379 380
f 381 382 383
f 384 385 386
f 387 388 389
f 390 391 392
f 393 394 395
f 396 397 398
f 399 400 401
f 402 403 404
f 405 406 407
f 408 409 410
f 411 412 413
f 414 415 416
f 417 418 419
f 420 421 422
f 423 424 425
f 426 427 428
f 429 430 431
f 432 433 434
f 435 436 437
f 438 439 440
f 441 442 443
f 444 445 446
f 447 448 449
f 450 451 452
f 453 454 455
f 456 457 458
f 459 460 461
f 462 463 464
f 465 466 467
f 468 469 470
f 471 472 473
f 474 475 476
f 477 478 479
f 480 481 482
f 483 484 485
f 486 487 488
f 489 490 491
f 492 493 494
f 495 496 497
f 498 499 500
f 501 502 503
f 504 505 506
f 507 508 509
f 510 511 512
f 513 514 515
f 516 517 518
f 519 520 521
f 522 523 524
f 525 526 527
f 528 529 530
f 531 532 533
f 534 535 536
f 537 538 539
f 540 541 542
f 543 544 545
f 546 547 548
f 549 547 546
f 550 551 548
f 547 552 548
f 550 548 552
f 553 554 555
f 556 557 558
f 559 560 561
f 562 563 564
f 565 566 567
f 568 569 570
f 571 572 573
f 574 575 576
f 577 578 579
f 580 581 582
f 583 584 585
f 586 587 588
f 589 590 591
f 592 593 594
f 595 596 597
f 598 599 600
f 601 602 603
f 604 605 606
f 607 608 609
f 610 611 612
f 613 614 615
f 616 617 618
f 619 620 621
f 622 623 624
f 625 626 627
f 628 629 630
f 631 632 633
f 634 635 636
f 637 638 639
f 640 641 642
f 643 644 645
f 644 643 646
f 647 646 648
f 647 644 646
f 649 650 651
f 652 647 653
f 654 655 656
f 657 658 659
f 660 658 657
f 647 648 661
f 662 647 661
f 653 647 662
f 663 664 665
f 663 666 664
f 664 666 667
f 668 669 670
f 670 669 671
f 664 672 665
f 673 669 668
f 674 669 673
f 672 664 675
f 676 677 678
f 664 679 675
f 678 677 680
f 681 682 683
f 681 683 684
f 678 680 685
f 681 686 687
f 688 689 690
f 687 682 681
f 691 692 693
f 694 695 696
f 695 697 698
f 699 697 695
f 695 700 699
f 701 5 702
f 701 702 703
f 701 703 704
f 705 704 703
f 705 703 706
f 703 707 706
f 708 706 707
f 708 707 709
f 709 707 710
f 710 707 711
f 712 710 711
f 712 711 713
f 713 711 714
f 714 711 715
f 714 715 716
f 715 717 716
f 718 717 715
f 718 719 717
f 720 719 718
f 720 721 719
f 720 722 721
f 720 723 722
f 724 722 723
f 725 724 723
f 726 724 725
f 726 725 727
f 725 728 727
f 729 727 728
f 729 728 730
f 730 728 731
f 728 732 731
f 733 731 732
f 734 733 732
f 735 734 732
f 735 732 736
f 735 736 737
f 738 737 736
f 739 738 736
f 739 736 547
f 739 547 549
f 551 740 548
f 741 740 551
f 741 742 740
f 741 743 742
f 744 743 741
f 744 745 743
f 744 746 745
f 745 746 747
f 747 746 748
f 747 748 749
f 750 749 748
f 750 748 751
f 750 751 752
f 752 751 753
f 754 753 751
f 755 753 754
f 755 756 753
f 757 753 756
f 757 758 753
f 759 758 757
f 759 760 758
f 761 760 759
f 761 759 762
f 761 762 763
f 764 763 762
f 764 765 763
f 764 766 765
f 766 767 765
f 766 768 767
f 767 768 769
f 770 769 768
f 770 771 769
f 770 772 771
f 770 773 772
f 774 772 773
f 775 774 773
f 775 773 8
f 775 8 776
f 776 8 7
f 777 776 7
f 777 7 778
f 779 777 778
f 779 778 780
f 779 780 781
f 781 780 782
f 781 782 783
f 782 784 783
f 782 785 784
f 786 784 785
f 786 785 787
f 786 787 788
f 3 788 787
f 3 789 788
f 3 2 789
f 790 791 792
f 793 792 791
f 793 794 792
f 657 795 660
f 695 694 796
f 695 796 797
f 695 797 798
f 695 798 799
f 695 799 800
f 695 800 801
f 695 801 802
f 695 802 803
f 695 803 804
f 695 804 805
f 695 805 806
f 695 806 807
f 695 807 808
f 695 808 700
f 5 4 809
f 5 809 810
f 5 810 702
f 811 812 813
f 814 815 816
f 43 817 44
f 818 46 48
f 819 820 821
f 822 823 824
f 825 826 827
f 828 829 830
f 831 832 833
f 834 835 836
f 220 837 221
f 838 839 840
f 841 842 843
f 844 845 846
f 847 848 849
f 850 851 852
f 849 848 853
f 854 855 856
f 857 858 859
f 860 861 862
f 863 864 865
f 866 867 868
f 869 870 871
f 872 873 874
f 875 876 877
f 878 879 880
f 881 882 883
f 884 885 886
f 887 888 889
f 890 891 892
f 893 894 895
f 896 897 898
f 899 900 901
f 902 903 904
f 905 891 890
f 906 907 908
f 909 910 911
f 912 913 914
f 915 916 917
f 887 889 918
f 919 887 918
f 919 918 920
f 919 920 921
f 922 923 924
f 925 920 918
f 926 925 918
f 927 926 918
f 928 927 918
f 929 928 918
f 930 929 918
f 931 930 918
f 932 931 918
f 933 934 935
f 936 937 938
f 939 940 941
f 942 943 944
f 945 946 947
f 948 949 950
f 951 952 953
f 954 955 956
f 957 958 959
f 960 961 962
f 963 964 965
f 966 967 968
f 969 970 971
f 972 973 974
f 975 976 977
f 978 979 980
f 981 982 983
f 984 985 986
f 987 988 989
f 990 991 992
f 993 994 995
f 996 997 998
f 999 1000 1001
f 1001 1000 1002
f 1001 1002 1003
f 1004 1005 1006
f 1007 1008 1009
f 1010 1011 1012
f 1010 1013 1011
f 1014 1015 1016
f 1017 1018 1019
f 1020 1021 1022
f 1023 1024 1025
f 1026 1027 1028
f 1029 1030 1031
f 1032 1033 1034
f 1035 1036 1037
f 1038 1039 1040
f 1041 1042 1043
f 1044 1045 1046
f 1047 1048 1049
f 1050 1051 1052
f 1053 1054 1055
f 1056 1057 1058
f 1059 1002 1000
f 1060 1002 1059
f 1061 1002 1060
f 1062 1002 1061
f 1063 1002 1062
f 1064 1002 1063
f 1065 1002 1064
f 1066 1002 1065
f 1067 1068 1069
f 1070 1071 1072
f 1073 1074 1075
f 1076 1077 1078
f 1079 1080 1081
f 1082 1083 1084
f 1085 1086 1087
f 1088 1089 1090
f 1091 1092 1093
f 1094 1095 1096
f 1097 1098 1099
f 1100 1101 1102
f 1103 1104 1105
f 1106 1107 1108
f 1109 1110 1111
f 1112 1113 1114
f 1115 1116 1117
f 1118 1119 1120
f 1121 1122 1123
f 1124 1122 1121
f 1125 1126 1127
f 1128 1129 1130
f 1131 1132 1133
f 1134 1135 1136
f 1137 1138 1139
f 1140 1141 1142
f 1143 1144 1145
f 1146 1147 1148
f 1149 1150 1151
f 1152 1153 1154
f 1155 1156 1157
f 1158 1159 1160
f 1161 1162 1163
f 1164 1165 1166
f 1167 1168 1169
f 1170 1171 1172
f 1173 1174 1175
f 1176 1177 1178
f 1179 1180 1181
f 1182 1183 1184
f 1185 1186 1187
f 1188 1189 1190
f 1191 1192 1193
f 1194 1195 1196
f 1197 1198 1199
f 1200 1201 1202
f 1203 1204 1205
f 1206 1207 1208
f 1209 1210 1211
f 1212 1213 1214
f 1215 1216 1217
f 1218 1219 1220
f 1221 1222 1223
f 1224 1225 1226
f 1227 1228 1229
f 1230 1231 1232
f 1233 1234 1235
f 1236 1237 1238
f 1239 1240 1241
f 1242 1243 1244
f 1245 1246 1247
f 1248 1249 1250
f 1251 1252 1253
f 1254 1255 1256
f 1257 1258 1259
f 1260 1261 1262
f 1263 1264 1265
f 1266 1267 1268
f 1269 1270 1271
f 1272 1273 1274
f 1275 1276 1277
f 1278 1279 1280
f 1281 1282 1283
f 1284 1285 1286
f 1287 1288 1289
f 1290 1291 1292
f 1293 1294 1295
f 1296 1297 1298
f 1299 1300 1301
f 1302 1303 1304
f 1305 1306 1307
f 1308 1309 1310
f 1311 1312 1313
f 1314 1315 1316
f 1317 1318 1319
f 1320 1321 1322
f 1323 1324 1325
f 1326 1327 1328
f 1329 1330 1331
f 1332 1333 1334
f 1335 1336 1337
f 1338 1339 1340
f 1334 1341 1342
f 1341 1334 1343
f 1344 1345 1346
f 1347 1348 1349
f 1350 1351 1352
f 1353 1354 1355
f 1356 1357 1358
f 1358 1333 1356
f 1334 1333 1358
f 1334 1342 1332
f 1359 1360 1361
f 1356 1362 1363
f 1364 1365 1366
f 1367 1368 1369
f 1370 1371 1372
f 1373 1371 1370
f 1374 1375 1376
f 1377 1020 1022
f 1378 1379 1380
f 1381 1382 1383
f 1384 1385 1386
f 1387 1388 1389
f 1390 1391 1392
f 1393 1394 1395
f 1396 1397 1398
f 1399 1400 1401
f 1402 1403 1404
f 1405 1406 1407
f 1405 1407 1408
f 1405 1408 1409
f 1410 1411 1412
f 1406 1411 1410
f 1406 1413 1411
f 1406 1405 1413
f 1414 1415 1416
f 1417 1418 1419
f 1420 1421 1422
f 1423 1424 1425
f 1426 1427 1428
f 1429 1430 1431
f 1432 1433 1434
f 1435 1436 1437
f 1438 1439 1440
f 1441 1439 1438
f 1440 1442 1438
f 1443 1444 1445
f 1446 1447 1448
f 1449 1450 1451
f 1452 1453 1454
f 1450 1455 1451
f 1456 1457 1458
f 1459 1460 1461
f 1462 1463 1464
f 1465 1466 1467
f 1468 1469 1470
f 1471 1472 1473
f 1474 1475 1476
f 1477 1478 1479
f 1480 1481 1482
f 1483 1484 1485
f 1486 1487 1488
f 1489 1490 1491
f 1492 1493 1494
f 1495 1496 1497
f 1498 1499 1500
f 1501 1502 1503
f 1504 1505 1506
f 1507 1508 1509
f 1510 1511 1512
f 1513 1514 1515
f 1516 1517 1518
f 1519 1520 1521
f 1522 1523 1524
f 1525 1526 1527
f 1528 1529 1530
f 1531 1532 1533
f 1534 1535 1536
f 1537 1538 1539
f 1540 1541 1542
f 1542 1541 1543
f 1544 1545 1546
f 1547 1548 1549
f 1550 1551 1552
f 1553 1554 1555
f 1556 1557 1558
f 1559 1560 1561
f 1562 1563 1564
f 1565 1566 1567
f 1568 1569 1570
f 1571 1572 1573
f 1574 1575 1576
f 1577 1578 1579
f 1580 1581 1582
f 1583 1584 1585
f 1577 1579 1586
f 1587 1588 1589
f 1588 1590 1591
f 1588 1592 1590
f 1588 1591 1589
f 1593 1591 1590
f 1593 1594 1591
f 1595 1596 1597
f 1598 1599 1600
f 1601 1602 1603
f 1604 1605 1606
f 1607 1608 1609
f 1610 1611 1612
f 1613 1614 1615
f 1616 1617 1618
f 1619 1620 1621
f 1622 1623 1624
f 1625 1626 1627
f 1628 1629 1630
f 1631 1632 1633
f 1634 1635 1636
f 1637 1638 1639
f 1640 1641 1642
f 1643 1644 1645
f 1646 1647 1648
f 1649 1650 1651
f 1652 1653 1654
f 1655 1656 1657
f 1658 1659 1660
f 1661 1662 1663
f 1664 1665 1666
f 1667 1668 1669
f 1670 1671 1672
f 1673 1674 1675
f 1676 1677 1678
f 1679 1680 1681
f 1682 1683 1684
f 1685 1686 1687
f 1688 1689 1690
f 1691 1692 1693
f 1694 1695 1696
f 1697 1698 1699
f 1700 1701 1702
f 1703 1704 1705
f 1706 1707 1708
f 1709 1710 1711
f 1712 1713 1714
f 1715 1716 1717
f 1718 1719 1720
f 1721 1722 1723
f 1724 1725 1726
f 1727 1728 1729
f 1730 1731 1732
f 1733 1734 1735
f 1736 1737 1738
f 1739 1740 1741
f 1742 1743 1744
f 1745 1746 1747
f 1748 1749 1750
f 1751 1752 1753
f 1754 1755 1756
f 1757 1758 1759
f 1760 1761 1762
f 1763 1764 1765
f 1766 1767 1768
f 1769 1770 1771
f 1772 1773 1774
f 1775 1776 1777
f 1778 1779 1780
f 1781 1782 1783
f 1784 1785 1786
f 1787 1788 1789
f 1790 1791 1792
f 1793 1794 1795
f 1796 1797 1798
f 1799 1800 1801
f 1802 1803 1804
f 1805 1806 1807
f 1808 1809 1810
f 1811 1812 1813
f 1814 1815 1816
f 1817 1818 1819
f 1820 1821 1822
f 1823 1824 1825
f 1826 1827 1828
f 1829 1830 1831
f 1832 1833 1834
f 1835 1836 1837
f 1838 1839 1840
f 1841 1842 1843
f 1844 1842 1841
f 1845 1846 1847
f 1848 1849 1850
f 1851 1852 1853
f 1854 1855 1856
f 1857 1858 1859
f 1860 1861 1862
f 1863 1864 1865
f 1866 1867 1868
f 1869 1870 1871
f 1872 1873 1874
f 1875 1876 1877
f 1878 1879 1880
f 1881 1882 1883
f 1884 1885 1886
f 1887 1888 1889
f 1890 1891 1892
f 1893 1894 1895
f 1896 1897 1898
f 1899 1900 1901
f 1902 1903 1904
f 1905 1906 1907
f 1908 1909 1910
f 1911 1912 1913
f 1914 1915 1916
f 1917 1918 1919
f 1920 1921 1922
f 1923 1924 1925
f 1926 1927 1928
f 1929 1930 1931
f 1932 1933 1934
f 1935 1936 1937
f 1938 1939 1940
f 1941 1942 1943
f 1944 1945 1946
f 1947 1948 1949
f 1950 1951 1952
f 1953 1954 1955
f 1956 1957 1958
f 1959 1960 1961
f 1962 1963 1964
f 1965 1966 1961
f 1967 1968 1969
f 1970 1971 1972
f 1973 1974 1975
f 1976 1977 1978
f 1979 1980 1981
f 1982 1983 1984
f 1985 1986 1987
f 1988 1989 1990
f 1991 1992 1993
f 1994 1995 1996
f 1997 1998 1999
f 2000 2001 2002
f 2003 2004 2005
f 2006 2007 2008
f 2009 2010 2011
f 2012 2013 2014
f 2015 2016 2017
f 2018 2019 2020
f 2021 2022 2023
f 2024 2025 2026
f 2027 2028 2029
f 2030 2031 2032
f 2033 2034 2035
f 2036 2037 2038
f 2039 2040 2041
f 2042 2043 2044
f 2045 2046 2047
f 2048 2049 2050
f 2051 2052 2053
f 2054 2055 2056
f 2057 2058 2059
f 2060 2061 2062
f 2063 2064 2065
f 2066 2067 2068
f 2069 2070 2071
f 1294 1293 2072
f 2073 2074 2075
f 2076 2077 2078
f 2079 2080 2081
f 2082 2083 2084
f 2085 2086 2087
f 2088 2089 2090
f 2091 2092 2093
f 2094 2095 2096
f 2097 2098 2099
f 2100 2101 2102
f 2103 2104 2105
f 2106 2107 2108
f 2109 2110 2111
f 2112 2113 2114
f 2115 2116 2117
f 2118 2119 2120
f 2121 2122 2123
f 2124 2125 2126
f 2127 2128 2129
f 2130 2131 2132
f 2133 2134 2135
f 2136 2137 2138
f 2139 2140 2141
f 2142 2143 2144
f 2145 2146 2147
f 2148 2149 2150
f 2151 2152 2153
f 2154 2155 2156
f 2157 2158 2159
f 2160 2161 2162
f 2163 2164 2165
f 2166 2167 2168
f 2169 2170 2171
f 2172 2173 2174
f 2175 2176 2177
f 2178 2179 2180
f 2181 2182 2183
f 2184 2185 2186
f 2187 2188 2189
f 2187 2189 2190
f 2191 2192 2193
f 2194 2195 2196
f 2197 2198 2199
f 2200 2201 2202
f 2203 2204 2205
f 2206 2207 2208
f 2209 2210 2211
f 2212 2213 2214
f 2215 2216 2217
f 2208 2218 2206
f 2191 2193 2219
f 2220 2221 2222
f 2223 2224 2225
f 2226 2227 2228
f 2229 2230 2231
f 2232 2233 2234
f 2232 2235 2233
f 2236 2237 2238
f 2223 1040 2224
f 2239 2240 2241
f 2242 2243 2244
f 2245 2246 2247
f 2248 2249 2250
f 2251 2252 2253
f 2254 2255 2256
f 2257 2258 2259
f 2260 2261 2262
f 2263 2264 2265
f 2266 2267 2268
f 2269 2270 2271
f 2236 2238 2272
f 2273 2274 2275
f 2273 2275 2276
f 2277 2278 2279
f 2280 2281 2282
f 2283 2284 2285
f 2286 2287 2288
f 2289 2290 2291
f 2292 2293 2294
f 2295 2296 2297
f 2298 2299 2300
f 2301 2302 2303
f 2304 2305 2306
f 2307 2308 2309
f 2310 2311 2312
f 2313 2314 2315
f 2316 2317 2318
f 2319 2320 2321
f 2322 2323 2324
f 2325 2326 2327
f 2328 2329 2330
f 2331 2325 2327
f 2332 2333 2334
f 2335 2336 2337
f 2338 2339 2340
f 2341 2342 2343
f 2344 2345 2346
f 1066 2347 2348
f 1066 2348 1002
f 1002 2348 2349
f 2350 1002 2349
f 2351 2350 2349
f 932 2352 2353
f 932 918 2352
f 918 2354 2352
f 2355 2356 2357
f 2358 2359 2360
f 2361 2362 2363
f 2364 2365 2366
f 2367 2368 2369
f 2370 2371 2372
f 2373 2374 2375
f 2376 2377 2378
f 2379 2380 2381
f 2382 2383 2384
f 2385 2386 2387
f 2388 2389 2390
f 2391 2392 2393
f 2394 2395 2396
f 2397 2398 2399
f 2400 2401 2402
f 2403 2404 2405
f 2406 2407 2408
f 2409 2410 2411
f 2412 2413 2414
f 2415 2416 2417
f 2418 2419 2420
f 2421 2422 2423
f 2424 2425 2426
f 2427 2428 2429
f 2430 2431 2432
f 2433 2434 2435
f 2436 2437 2438
f 2439 2440 2441
f 2442 2443 2444
f 2445 2446 2447
f 2448 2449 2450
f 2451 2452 2453
f 2454 2455 2456
f 2457 2458 2459
f 2460 2461 2462
f 2463 2464 2465
f 2466 2467 2468
f 2469 2470 2471
f 2472 2473 2474
f 2475 2476 2477
f 2478 2479 2480
f 2481 2482 2483
f 2484 2485 2486
f 2487 2488 2489
f 2490 2491 2492
f 2493 2494 2495
f 2496 2497 2498
f 2499 2500 2501
f 2502 2503 2504
f 2505 2506 2507
f 2508 2509 2510
f 2511 2512 2513
f 2514 2515 2516
f 2517 2518 2519
f 2520 2521 2522
f 2523 2524 2525
f 2526 2527 2528
f 2529 2530 2531
f 2532 2533 2534
f 2535 2536 2537
f 2538 2539 2540
f 2541 2542 2543
f 2544 2545 2546
f 2547 2548 2549
f 2550 2551 2552
f 2553 2554 2555
f 2556 2557 2558
f 2559 2560 2561
f 2562 2563 2564
f 2565 2566 2567
f 2568 2569 2570
f 2571 2572 2573
f 2574 2575 2576
f 2577 2578 2579
f 2580 2581 2582
f 2583 2584 2585
f 2586 2587 2588
f 2589 2590 2591
f 2592 2593 2594
f 2595 2596 2597
f 2598 2599 2600
f 2601 2602 2603
f 2604 2605 2606
f 2607 2608 2609
f 2610 2611 2612
f 2613 2614 2615
f 2616 2617 2618
f 2619 2620 2621
f 2622 2623 2624
f 2625 2626 2627
f 2628 2629 2630
f 2631 2632 2633
f 2634 2635 2636
f 2637 2638 2639
f 2640 2641 2642
f 2643 2644 2645
f 2646 2647 2648
f 2649 2650 2651
f 2652 2653 2654
f 2655 2656 2657
f 2658 2659 2660
f 2661 2662 2663
f 2664 2659 2665
f 2666 2667 2668
f 2669 2670 2671
f 2672 2673 2674
f 2675 2676 2677
f 2678 2679 2680
f 2681 2682 2683
f 2684 2685 2686
f 2687 2688 2689
f 2690 2691 2692
f 2693 2694 2695
f 2696 2697 2698
f 2699 2700 2701
f 2702 2703 2704
f 2705 2706 2707
f 2708 2709 2710
f 2711 2712 2713
f 2714 2715 2716
f 2717 2718 2719
f 2720 2721 2722
f 2723 2724 2725
f 2726 2727 2728
f 2729 2730 2731
f 2732 2733 2734
f 2735 2736 2737
f 2738 2739 2740
f 2741 2742 2743
f 2744 2745 2746
f 2747 2748 2749
f 2750 2751 2752
f 2753 2754 2755
f 2756 2757 2758
f 2759 2760 2761
f 2762 2763 2764
f 2765 2766 2767
f 2768 2769 2770
f 2771 2772 2773
f 2774 2775 2776
f 2777 2778 2779
f 2780 2781 2782
f 2781 2783 2782
f 2784 2785 2786
f 2787 2788 2789
f 2790 2791 2792
f 2793 2794 2795
f 2796 2797 2798
f 2799 2800 2801
f 2802 2803 2804
f 2805 2806 2807
f 2808 2809 2810
f 2811 2812 2813
f 2814 2815 2816
f 2817 2818 2819
f 2820 2821 2822
f 2823 2824 2825
f 2826 2827 2828
f 2829 2830 2831
f 2832 2833 2834
f 2835 2836 2837
f 2838 2839 2840
f 2841 2842 2843
f 2844 2845 2846
f 2847 2848 2849
f 2850 2851 2852
f 2853 2854 2855
f 2856 2857 2858
f 2859 2860 2861
f 2862 2863 2864
f 2865 2866 2867
f 2868 2869 2870
f 2871 2872 2873
f 2874 2875 2876
f 2877 2878 2879
f 2880 2881 2882
f 2883 2884 2885
f 2886 2887 2888
f 2889 2890 2891
f 2892 2893 2894
f 2895 2896 2897
f 2898 2899 2900
f 2901 2902 2903
f 2904 2905 2906
f 2907 2908 2909
f 2910 2911 2912
f 2913 2914 2915
f 2916 2917 2918
f 2919 2920 2921
f 2922 2923 2924
f 2925 2926 2927
f 2928 2929 2930
f 2931 2932 2933
f 2934 2935 2936
f 2937 2938 2939
f 2940 2941 2942
f 2943 2944 2945
f 2946 2947 2948
f 2949 2950 2951
f 2952 2953 2954
f 2955 2956 2957
f 2958 2959 2960
f 2961 2962 2963
f 2964 2965 2966
f 2967 2968 2969
f 2970 2971 2972
f 2973 2974 2975
f 2976 2977 2978
f 2979 2980 2981
f 2982 2983 2984
f 2985 2986 2987
f 2988 2989 2990
f 2991 2992 2993
f 2994 2995 2996
f 2997 2998 2999
f 3000 3001 3002
f 3003 3004 3005
f 3006 3007 3008
f 3009 3010 3011
f 3012 3013 3014
f 3015 3016 3017
f 3018 3019 3020
f 3021 3022 3023
f 3024 3025 3026
f 3024 3027 3025
f 3028 3029 3025
f 3028 3027 3030
f 3028 3025 3027
f 3031 3029 3028
f 3032 3033 3034
f 3035 3036 3037
f 3038 3039 3040
f 3032 3034 3041
f 3042 3043 3044
f 3045 3046 3047
f 3048 3049 3050
f 3051 3052 3053
f 3054 3055 3056
f 3057 3058 3059
f 3060 3061 3062
f 3063 3064 3065
f 3066 3067 3068
f 3069 3070 3071
f 3072 3073 3074
f 3075 3076 3077
f 3078 3075 3077
f 3079 3080 3081
f 3082 3083 3084
f 3085 3086 3087
f 3088 3089 3090
f 3091 3092 3093
f 3094 3095 3096
f 3097 3098 3099
f 3100 3101 3102
f 3103 3104 3105
f 3106 3107 3108
f 3109 3110 3111
f 3112 3113 3114
f 3115 3116 3117
f 3118 3119 3120
f 3121 3122 3123
f 3124 3125 3126
f 3127 3128 3129
f 3130 3131 3132
f 3133 3134 3135
f 3136 3137 3138
f 3139 3140 3141
f 3142 3143 3144
f 3145 3146 3147
f 3148 3149 3150
f 3151 3152 3153
f 3154 3155 3156
f 3157 3158 3159
f 3160 3161 3162
f 3163 3164 3165
f 3166 3167 3168
f 3169 3170 3171
f 3172 3173 3174
f 3175 3176 3177
f 3178 3179 3180
f 3179 3181 3180
f 3182 3183 3184
f 3185 3186 3187
f 3188 3189 3190
f 3191 3192 3193
f 3194 3195 3196
f 3197 3198 3199
f 3200 3201 3202
f 3203 3204 3205
f 3206 3207 3208
f 3206 3209 3207
f 3206 3210 3209
f 3210 3211 3209
f 3208 3212 3213
f 3208 3213 3214
f 3208 3214 3206
f 3215 3216 3217
f 3218 3219 3220
f 3221 3222 3223
f 3224 3225 3226
f 3227 3228 3229
f 3230 3231 3232
f 3233 3234 3235
f 3236 3237 3238
f 3239 3240 3241
f 3240 3242 3241
f 3243 3244 3245
f 3246 3247 3248
f 3249 3250 3251
f 3252 3253 3254
f 3255 3256 3257
f 3255 3258 3259
f 3258 3249 3259
f 3249 3258 3260
f 3261 3262 3263
f 3264 3265 3266
f 3267 3268 3269
f 3270 3271 3272
f 3273 3274 3255
f 3255 3257 3273
f 3275 3276 3277
f 3256 3255 3259
f 3278 3279 3280
f 3281 3282 3283
f 3284 3285 3286
f 3287 3288 3289
f 3290 3291 3292
f 3293 3294 3295
f 3296 3297 3298
f 3299 3300 3301
f 3302 3303 3304
f 3305 3306 3307
f 3308 3309 3310
f 3311 3312 3313
f 2552 3314 2550
f 3315 3316 3317
f 3318 3319 3320
f 3321 3322 3323
f 3324 3325 3326
f 3327 3328 3329
f 3330 3331 3332
f 3333 3334 3335
f 3336 3337 3338
f 3339 3340 3341
f 3342 3343 3344
f 3345 3346 3347
f 3348 3349 3350
f 3351 3352 3353
f 3354 3355 3356
f 3357 3358 3359
f 3360 3361 3362
f 3363 3364 3365
f 3366 3367 3368
f 3369 3370 3371
f 3372 3373 3374
f 3375 3376 3377
f 3378 3379 3380
f 3381 3382 3383
f 3384 3385 3386
f 3387 3388 3389
f 3390 3391 3392
f 3393 3394 3395
f 3396 3397 3398
f 3399 3400 3401
f 3402 3403 3404
f 3405 3406 3407
f 3408 3409 3410
f 3411 3412 3413
f 3414 3415 3416
f 3417 3418 3419
f 3420 3421 3422
f 3423 3424 3425
f 3426 3427 3428
f 3429 3430 3431
f 3432 3433 3434
f 3435 3436 3437
f 3438 3439 3440
f 3441 3442 3443
f 3444 3445 3446
f 3447 3448 3449
f 3450 3451 3452
f 3453 3454 3455
f 3456 3457 3458
f 3459 3460 3461
f 3462 3463 3464
f 3465 3466 3467
f 3468 3469 3470
f 3471 3472 3473
f 3474 3475 3476
f 3477 3478 3479
f 3478 3480 3479
f 3481 3482 3483
f 3484 3485 3486
f 3487 3488 3489
f 3490 3491 3492
f 3493 3494 3495
f 3496 3497 3498
f 3499 3500 3501
f 3502 3503 3504
f 3505 3506 3507
f 3508 3509 3510
f 3511 3512 3513
f 3514 3515 3516
f 3517 3518 3519
f 3520 3521 3522
f 3523 3524 3525
f 3526 3527 3528
f 3529 3530 3531
f 3532 3533 3534
f 3535 3536 3537
f 3538 3539 3540
f 3541 3542 3543
f 3544 3545 3546
f 2664 2665 3547
f 3548 3549 3550
f 3551 3552 3553
f 3554 3555 3556
f 3557 3558 3559
f 3560 3561 3562
f 3563 3564 3565
f 3566 3567 3568
f 3569 3570 3571
f 3572 3573 3574
f 3575 3576 3577
f 3578 3579 3580
f 3571 3581 3582
f 3583 3584 3585
f 3586 3587 3588
f 3574 3589 3572
f 3590 3591 3592
f 3593 3594 3595
f 3596 3597 3598
f 3599 3600 3601
f 3602 3603 3604
f 3605 3606 3607
f 3608 3609 3610
f 3611 3612 3613
f 3607 3614 3615
f 3616 3617 3618
f 3619 3620 3621
f 3622 3623 3624
f 3625 3626 3627
f 3628 3629 3630
f 3631 3632 3633
f 3634 3635 3636
f 3637 3638 3639
f 3640 3641 3642
f 3639 3643 3644
f 3645 3646 3647
f 3648 3649 3650
f 3651 3652 3653
f 3654 3655 3656
f 3657 3658 3659
f 3660 3661 3662
f 3663 3664 3665
f 3666 3667 3668
f 3669 3670 3671
f 3669 3671 3635
f 3635 3671 3672
f 3635 3672 3636
f 3673 3674 3675
f 3676 3677 3678
f 3679 3680 3681
f 3682 3683 3684
f 3666 3685 3667
f 3686 3687 3688
f 3689 3690 3691
f 3692 3693 3694
f 3695 3696 3697
f 3698 3699 3700
f 3701 3702 3703
f 3704 3705 3706
f 3707 3708 3709
f 3707 3709 3710
f 3710 3709 3711
f 3712 3713 3714
f 3715 3716 3717
f 3718 3719 3720
f 3714 3721 3722
f 3723 3724 3725
f 3726 3727 3728
f 3729 3730 3731
f 3732 3733 3734
f 3735 3736 3737
f 3738 3739 3740
f 3741 3742 3743
f 3744 3745 3746
f 3747 3748 3749
f 3747 3749 3750
f 3751 3752 3753
f 3754 3755 3756
f 3757 3758 3759
f 3753 3760 3761
f 3762 3763 3764
f 3765 3766 3767
f 3768 3769 3770
f 3771 3772 3773
f 3774 3775 3776
f 3777 3778 3779
f 3780 3781 3782
f 3783 3784 3785
f 3786 3787 3788
f 3789 3790 3791
f 3792 3793 3794
f 3795 3796 3797
f 3798 3799 3800
f 3801 3802 3803
f 3804 3805 3806
f 3807 3808 3809
f 3810 3811 3812
f 3813 3814 3815
f 3816 3817 3818
f 3819 3820 3821
f 3819 3821 3782
f 3782 3821 3822
f 3782 3822 3780
f 3823 3824 3825
f 3826 3827 3828
f 3829 3830 3831
f 3832 3833 3834
f 3816 3835 3817
f 3836 3837 3838
f 3839 3840 3841
f 3842 3843 3844
f 3845 3846 3847
f 3848 3849 3850
f 3851 3852 3853
f 3854 3855 3856
f 3857 3858 3859
f 3857 3859 3860
f 3860 3859 3861
f 3862 3863 3864
f 3862 3864 3865
f 3866 3867 3868
f 3869 3870 3871
f 3872 3873 3874
f 3875 3876 3877
f 3878 3879 3880
f 3881 3882 3883
f 3884 3885 3886
f 3887 3888 3889
f 3890 3891 3892
f 3893 3894 3895
f 3896 3897 3898
f 3899 3900 3901
f 3898 3902 3903
f 3904 3905 3906
f 3907 3908 3909
f 3907 3909 3910
f 3911 3912 3913
f 3914 3915 3916
f 3909 3917 3910
f 3910 3917 3918
f 3910 3918 3919
f 3920 3921 3922
f 3923 3924 3925
f 3926 3927 3928
f 3929 3930 3931
f 3932 3933 3934
f 3935 3936 3937
f 3938 3939 3940
f 3941 3942 3943
f 3944 3945 3946
f 3947 3948 3949
f 3950 3951 3952
f 3953 3954 3955
f 3956 3957 3958
f 3959 3960 3961
f 3962 3963 3964
f 3965 3966 3957
f 3967 3968 3969
f 3970 3971 3972
f 3973 3974 3975
f 3976 3977 3978
f 3979 3980 3981
f 3861 3982 3860
f 3860 3982 3983
f 3984 3985 3986
f 3987 3988 3989
f 3990 3991 3992
f 3993 3994 3995
f 3996 3997 3998
f 3999 4000 4001
f 3998 4002 4003
f 4004 4005 4006
f 4007 4008 4009
f 4010 4011 4012
f 4013 4014 4015
f 4016 4017 4018
f 4019 4020 4021
f 4021 4020 4022
f 3910 4023 3907
f 3907 4023 4018
f 3907 4018 4024
f 4025 4026 4027
f 4028 4029 4030
f 4031 4032 3984
f 4031 3984 4033
f 4033 3984 3986
f 4034 4035 4036
f 4037 4038 4039
f 4040 4041 4042
f 4042 4041 4043
f 4044 4045 4046
f 4047 4048 4049
f 4050 4051 4052
f 4053 4054 4021
f 4055 4056 4057
f 4021 4058 4019
f 4059 4060 4061
f 4062 4063 4064
f 4065 4066 4067
f 4068 4069 4070
f 4071 4072 4073
f 4074 4075 4076
f 4077 4078 4079
f 4080 4081 4082
f 4083 4084 4085
f 4086 4087 4088
f 4089 4090 4091
f 4092 4093 4094
f 4095 4096 4097
f 4095 4097 4098
f 4099 4100 4101
f 4102 4103 4104
f 4105 4106 4107
f 4108 4109 4110
f 4111 4112 4113
f 4114 4115 4116
f 4117 4118 4119
f 4120 4121 4122
f 4122 4123 4120
f 4120 4123 4124
f 4125 4126 4127
f 4128 4129 4130
f 4108 4131 4109
f 4121 4132 4122
f 4122 4132 4133
f 4122 4133 4134
f 4135 4136 4137
f 4138 4139 4140
f 4141 4142 4143
f 4144 4145 4146
f 4147 4148 4149
f 4150 4151 4152
f 4153 4154 4155
f 4156 4157 4158
f 4159 4160 4161
f 4162 4163 4164
f 4165 4166 4167
f 4167 4166 4168
f 4169 4170 4171
f 4172 4173 4174
f 4175 4176 4177
f 4178 4179 4180
f 4181 4182 4183
f 4184 4185 4186
f 4187 4188 4189
f 4190 4191 4192
f 4193 4194 4195
f 4196 4197 4198
f 4199 4200 4201
f 4202 4203 4204
f 4205 4206 4207
f 4208 4209 4210
f 4210 4209 4211
f 4210 4211 4212
f 4213 4214 4215
f 4216 4217 4218
f 4219 4220 4221
f 4222 4223 4224
f 4225 4226 4227
f 4228 4229 4230
f 4231 4232 4233
f 4234 4235 4236
f 4237 4238 4239
f 4240 4241 4242
f 4242 4241 4243
f 4242 4243 4244
f 4244 4243 4245
f 4244 4245 4246
f 4247 4248 4249
f 4250 4251 4252
f 4253 4254 4255
f 4256 4257 4258
f 4259 4260 4261
f 4262 4263 4264
f 4153 4265 4154
f 4266 4267 4268
f 4269 4270 4271
f 4272 4273 4274
f 4275 4276 4277
f 4277 4276 4278
f 4279 4280 4281
f 4282 4283 4284
f 4285 4286 4287
f 4288 4289 4290
f 4291 4292 4293
f 4294 4295 4296
f 4297 4298 4299
f 4300 4301 4302
f 4237 4303 4238
f 4304 4305 4306
f 4307 4308 4309
f 4310 4311 4312
f 4313 4314 4315
f 4316 4317 4318
f 4319 4320 4321
f 4322 4323 4324
f 4325 4326 4327
f 4328 4329 4330
f 4331 4332 4333
f 4334 4335 4336
f 4337 4338 4339
f 4340 4341 4342
f 4342 4341 4343
f 4344 4345 4346
f 4347 4348 4349
f 4349 4348 4350
f 4351 4352 4353
f 4353 4352 4354
f 4355 4356 4357
f 4357 4356 4358
f 4357 4358 4359
f 4359 4358 4360
f 4359 4360 4361
f 4362 4363 4364
f 4365 4366 4367
f 4368 4369 4370
f 4371 4372 4373
f 4373 4372 4374
f 4375 4376 4377
f 4378 4379 4380
f 4381 4382 4383
f 4384 4385 4386
f 4387 4388 4389
f 4390 4391 4392
f 4393 4394 4395
f 4396 4397 4398
f 4399 4400 4401
f 4402 4403 4404
f 4405 4406 4407
f 4408 4409 4410
f 4411 4412 4413
f 4414 4415 4416
f 4417 4418 4419
f 4420 4421 4422
f 4423 4424 4425
f 4426 4427 4428
f 4429 4430 4431
f 4432 4433 4434
f 4435 4436 4437
f 4438 4439 4440
f 4441 4442 4443
f 4444 4445 4446
f 4447 4448 4449
f 4450 4451 4452
f 4453 4454 4455
f 4456 4457 4458
f 4459 4460 4461
f 4462 4463 4464
f 4465 4466 4467
f 4468 4469 4470
f 4471 4472 4473
f 4474 4475 4476
f 4477 4478 4479
f 4480 4481 4482
f 4483 4484 4485
f 4486 4487 4488
f 4489 4490 4491
f 4492 4493 4494
f 4492 4494 4495
f 4496 4497 4498
f 4499 4500 4501
f 4502 4503 4504
f 4505 4506 4507
f 4508 4509 4510
f 4511 4512 4513
f 4514 4515 4516
f 4517 4518 4519
f 4519 4520 4517
f 4517 4520 4521
f 4522 4523 4524
f 4525 4526 4527
f 4505 4528 4506
f 4518 4529 4519
f 4519 4529 4530
f 4519 4530 4531
f 4532 4533 4534
f 4535 4536 4537
f 4538 4539 4540
f 4541 4542 4543
f 4544 4545 4546
f 4547 4548 4549
f 4550 4551 4552
f 4553 4554 4555
f 4556 4557 4558
f 4559 4560 4561
f 4562 4563 4564
f 4564 4563 4565
f 4566 4567 4568
f 4569 4570 4571
f 4572 4573 4574
f 4575 4576 4577
f 4578 4579 4580
f 4581 4582 4583
f 4584 4585 4586
f 4587 4588 4589
f 4590 4591 4592
f 4593 4594 4595
f 4596 4597 4598
f 4599 4600 4601
f 4602 4603 4604
f 4605 4606 4607
f 4607 4606 4608
f 4607 4608 4609
f 4610 4611 4612
f 4613 4614 4615
f 4616 4617 4618
f 4619 4620 4621
f 4622 4623 4624
f 4625 4626 4627
f 4628 4629 4630
f 4631 4632 4633
f 4634 4635 4636
f 4637 4638 4639
f 4639 4638 4640
f 4639 4640 4641
f 4641 4640 4642
f 4641 4642 4643
f 4644 4645 4646
f 4647 4648 4649
f 4650 4651 4652
f 4653 4654 4655
f 4656 4657 4658
f 4659 4660 4661
f 4550 4662 4551
f 4663 4664 4665
f 4666 4667 4668
f 4669 4670 4671
f 4672 4673 4674
f 4674 4673 4675
f 4676 4677 4678
f 4679 4680 4681
f 4682 4683 4684
f 4685 4686 4687
f 4688 4689 4690
f 4691 4692 4693
f 4694 4695 4696
f 4697 4698 4699
f 4634 4700 4635
f 4701 4702 4703
f 4704 4705 4706
f 4707 4708 4709
f 4710 4711 4712
f 4713 4714 4715
f 4716 4717 4718
f 4719 4720 4721
f 4722 4723 4724
f 4725 4726 4727
f 4728 4729 4730
f 4731 4732 4733
f 4734 4735 4736
f 4737 4738 4739
f 4739 4738 4740
f 4741 4742 4743
f 4744 4745 4746
f 4746 4745 4747
f 4748 4749 4750
f 4750 4749 4751
f 4752 4753 4754
f 4754 4753 4755
f 4754 4755 4756
f 4756 4755 4757
f 4756 4757 4758
f 4759 4760 4761
f 4762 4763 4764
f 4765 4766 4767
f 4768 4769 4770
f 4770 4769 4771
f 4772 4773 4774
f 4775 4776 4777
f 4778 4779 4780
f 4781 4782 4783
f 4784 4785 4786
f 4787 4788 4789
f 4790 4791 4792
f 4793 4794 4795
f 4796 4797 4798
f 4799 4800 4801
f 4802 4803 4804
f 4805 4806 4807
f 4808 4809 4810
f 4811 4812 4813
f 4814 4815 4816
f 4817 4818 4819
f 4820 4821 4822
f 4823 4824 4825
f 4826 4827 4828
f 4829 4830 4831
f 4832 4833 4834
f 4835 4836 4837
f 4838 4839 4840
f 4841 4842 4843
f 4844 4845 4846
f 4847 4848 4849
f 4850 4851 4852
f 4853 4854 4855
f 4853 4855 4856
f 4857 4858 4859
f 4860 4861 4862
f 4863 4864 4865
f 4866 4867 4868
f 4869 4870 4871
f 4872 4873 4874
f 4875 4876 4877
f 4878 4879 4880
f 4881 4882 4883
f 4884 4885 4886
f 4887 4888 4889
f 4890 4891 4892
f 4889 4893 4894
f 4895 4896 4897
f 4898 4899 4900
f 4898 4900 4901
f 4902 4903 4904
f 4905 4906 4907
f 4908 4909 4910
f 4908 4910 4911
f 4912 4913 4914
f 4900 4915 4901
f 4901 4915 4916
f 4901 4916 4917
f 4918 4919 4920
f 4921 4922 4923
f 4924 4925 4926
f 4927 4928 4929
f 4930 4931 4932
f 4933 4934 4935
f 4936 4937 4938
f 4939 4940 4941
f 4942 4943 4944
f 4945 4946 4947
f 4948 4949 4950
f 4951 4952 4953
f 4954 4955 4956
f 4957 4958 4959
f 4960 4961 4962
f 4963 4964 4955
f 4965 4966 4967
f 4968 4969 4970
f 4971 4972 4973
f 4974 4975 4976
f 4977 4978 4979
f 3711 4980 3710
f 3710 4980 4981
f 4982 4983 4984
f 4985 4986 4987
f 4988 4989 4990
f 4991 4992 4993
f 4994 4995 4996
f 4997 4998 4999
f 4996 5000 5001
f 5002 5003 5004
f 5005 5006 5007
f 5008 5009 5010
f 5011 5012 5013
f 5014 5015 5016
f 5017 5018 5019
f 5019 5018 5020
f 4901 5021 4898
f 4898 5021 5016
f 4898 5016 5022
f 5023 5024 5025
f 5026 5027 5028
f 5029 5030 4982
f 5029 4982 5031
f 5031 4982 4984
f 5032 5033 5034
f 5035 5036 5037
f 5038 5039 5040
f 5040 5039 5041
f 5042 5043 5044
f 5045 5046 5047
f 5048 5049 5050
f 5051 5052 5019
f 5053 5054 5055
f 5019 5056 5017
f 5057 5058 5059
f 5060 5061 5062
f 5063 5064 5065
f 5066 5067 4369
f 5068 5069 5070
f 5071 5072 5073
f 5074 5075 5076
f 5077 5078 5079
f 5080 5081 5082
f 5083 5084 5085
f 5086 5087 5088
f 5089 5090 5091
f 5092 5093 5094
f 5095 5096 5097
f 5098 5099 5100
f 5101 5102 5103
f 5104 5105 5106
f 4069 5107 5108
f 5109 5110 5111
f 5112 5113 5114
f 5115 5116 5117
f 5118 5119 5120
f 5121 5122 5123
f 5124 5125 5126
f 5127 5128 5129
f 5130 5131 5132
f 5133 5134 5135
f 5136 5137 5138
f 5139 5140 5141
f 5142 5143 5144
f 5145 5146 5147
f 5148 5149 5150
f 5151 5152 5153
f 5154 5155 5156
f 5157 5158 5159
f 5160 5161 5162
f 5163 5164 5165
f 5166 5167 5168
f 5169 5170 5171
f 5169 5171 5172
f 5173 5174 5175
f 5176 5177 5178
f 5179 5180 5181
f 5182 5183 5184
f 5185 5186 5187
f 5188 5189 5190
f 5191 5192 5193
f 5194 5195 5196
f 5197 5198 5199
f 5200 5201 5202
f 5203 5204 5205
f 5206 5207 5208
f 5209 5210 5211
f 5212 5213 5214
f 5215 5216 5217
f 5218 5219 5220
f 5221 5222 5223
f 5224 5225 5226
f 5227 5228 5229
f 5230 5231 5232
f 5233 5234 4766
f 5235 5236 5237
f 5238 5239 5240
f 5241 5242 5243
f 5244 5245 5246
f 5247 5248 5249
f 5250 5251 5252
f 5253 5254 5255
f 5256 5257 5258
f 5259 5260 5261
f 5262 5263 5264
f 5265 5266 5267
f 5268 5269 5270
f 4466 5271 5272
f 5273 5274 5275
f 5276 5277 5278
f 5279 5280 5281
f 5282 5283 5284
f 5285 5286 5287
f 5288 5289 5290
f 5291 5292 5293
f 5294 5295 5296
f 5297 5298 5299
f 5300 5301 5302
f 5303 5304 5305
f 5306 5307 5308
f 5309 5310 5311
f 5312 5313 5314
f 5315 5316 5317
f 5318 5319 5320
f 5321 5322 5323
f 5324 5325 5326
f 5327 5328 5329
f 5330 5331 5332
f 5333 5334 5335
f 5336 5337 5338
f 5339 5340 5341
f 5342 5343 5344
f 5345 5346 5347
f 5345 5347 5348
f 5349 5350 5351
f 5352 5353 5354
f 5355 5356 5357
f 5358 5359 5360
f 5361 5362 5363
f 5364 5365 5366
f 5367 5368 5369
f 5370 5371 5372
f 5373 5374 5375
f 5376 5377 5378
f 5379 5380 5381
f 5382 5383 5384
f 5385 5386 5387
f 5388 5389 5390
f 5391 5392 5393
f 5394 5395 5396
f 5397 5398 5399
f 5400 5401 5402
f 5403 5404 5405
f 5406 5407 5408
f 5409 5410 5411
f 5412 5413 5414
f 5415 5416 5417
f 5418 5419 5420
f 5421 5422 5423
f 5424 5425 5426
f 5427 5428 5429
f 5430 5431 5432
f 5433 5434 5435
f 3862 5436 3863
f 5437 5438 5439
f 5440 5441 5442
f 5443 5444 5445
f 3911 5446 3912
f 5447 5448 5449
f 5450 5451 5452
f 5450 5452 5453
f 5454 5455 5456
f 5457 5458 5459
f 5460 5461 5462
f 5463 5464 5465
f 5466 5467 5468
f 5469 5470 5471
f 5472 5473 5474
f 5475 5476 5477
f 5478 5479 5480
f 5481 5482 5483
f 5484 5485 5486
f 5487 5488 5489
f 4853 5490 4854
f 5491 5492 5493
f 5494 5495 5496
f 5497 5498 5499
f 5500 5501 5502
f 5499 5503 5504
f 5505 5506 5507
f 5508 5509 5510
f 3750 5511 3747
f 5177 5512 5513
f 5177 5513 5178
f 5514 5515 5516
f 5514 5516 5517
f 5518 5519 5520
f 5518 5520 5521
f 5249 5522 5523
f 5249 5523 5247
f 5524 4805 4807
f 5524 4807 5525
f 4098 5526 4095
f 5085 5527 5528
f 5085 5528 5083
f 5119 5529 5530
f 5119 5530 5120
f 5128 5531 5532
f 5128 5532 5129
f 5153 5533 5534
f 5153 5534 5151
f 5535 5536 5537
f 5535 5537 5538
f 3573 5539 3574
f 5353 5540 5541
f 5353 5541 5354
f 5542 5543 5544
f 5542 5544 5545
f 5546 5547 5548
f 5546 5548 5549
f 5082 5550 5551
f 5082 5551 5080
f 5552 4408 4410
f 5552 4410 5553
f 4495 5554 4492
f 5293 5555 5556
f 5293 5556 5291
f 5557 5558 5559
f 5557 5559 5560
f 5304 5561 5562
f 5304 5562 5305
f 5329 5563 5564
f 5329 5564 5327
f 5565 5566 5567
f 5565 5567 5568
f 5569 5570 5571
f 5569 5571 5572
f 5573 5574 5575
f 5573 5575 5576
f 5577 5578 5579
f 5577 5579 5580
f 5581 5582 5583
f 5581 5583 5584
f 5585 5586 5587
f 5588 5589 5590
f 5590 5589 5591
f 5592 5593 5594
f 5595 5596 5597
f 5598 5599 5600
f 5601 5602 5603
f 5604 5605 5606
f 5607 5608 5609
f 5606 5610 5611
f 5612 5613 5614
f 5615 5616 5617
f 5618 5619 5620
f 5621 5622 5623
f 5624 5625 5626
f 5627 5628 5629
f 5630 5631 5632
f 5633 5634 5635
f 5636 5637 5638
f 5636 5638 5639
f 5640 5641 5642
f 5640 5642 5643
f 5644 5645 5646
f 5644 5646 5647
f 5648 5649 5650
f 5648 5650 5651
f 5652 5653 5654
f 5655 5656 5657
f 5658 5659 5660
f 5661 5662 5663
f 5664 5665 5666
f 5667 5668 5669
f 5670 5671 5672
f 5673 5674 5675
f 5676 5677 5678
f 5679 5680 5681
f 5682 5683 5684
f 5685 5686 5687
f 5688 5689 5690
f 5691 5692 5693
f 5694 5695 5696
f 5697 5698 5699
f 5700 5701 5702
f 5703 5704 5705
f 5706 5707 5708
f 5709 5710 5711
f 5712 5713 5714
f 5715 5716 5717
f 5718 5719 5720
f 5721 5722 5723
f 5724 5725 5726
f 5727 5728 5729
f 5730 5731 5732
f 5733 5734 5735
f 5736 5737 5738
f 5739 5740 5741
f 5742 5743 5744
f 5743 5742 5745
f 5746 5747 5748
f 5749 5750 5751
f 5752 5753 5754
f 5755 5756 5757
f 5758 5759 5760
f 5761 5762 5763
f 5764 5765 5766
f 5767 5742 5744
f 5768 5769 5770
f 5771 5772 5773
f 5774 5775 5776
f 5777 5778 5779
f 5780 5781 5782
f 5783 5784 5785
f 5786 5787 5788
f 5789 5790 5791
f 5792 5793 5794
f 5795 5796 5797
f 5798 5799 5800
f 5801 5802 5803
f 5804 5805 5806
f 5807 5808 5809
f 5810 5811 5812
f 5813 5814 5815
f 5816 5817 5818
f 5819 5820 5821
f 5822 5823 5824
f 5825 5826 5827
f 5828 5829 5830
f 5831 5832 5833
f 5834 5835 5836
f 5837 5838 5839
f 5657 5656 5840
f 5841 5842 5843
f 5844 5845 5846
f 5847 5848 5849
f 5850 5851 5852
f 5853 5854 5855
f 5856 5857 5858
f 5859 5860 5861
f 5862 5863 5864
f 5865 5866 5867
f 5868 5869 5870
f 5871 5872 5873
f 5874 5875 5876
f 5877 5878 5879
f 5880 5881 5882
f 5883 5884 5885
f 5886 5887 5888
f 5889 5890 5891
f 5892 5893 5894
f 5895 5896 5897
f 5898 5899 5900
f 5901 5902 5903
f 5904 5905 5906
f 5907 5908 5909
f 5910 5911 5912
f 5913 5914 5915
f 5916 5917 5918
f 5919 5920 5921
f 5922 5923 5924
f 5925 5926 5927
f 5928 5929 5930
f 5931 5932 5933
f 5934 5935 5936
f 5937 5938 5939
f 5940 5941 5942
f 5943 5944 5945
f 5946 5947 5948
f 5949 5950 5951
f 5952 5953 5954
f 5955 5956 5957
f 5958 5959 5960
f 5961 5962 5963
f 5964 5965 5966
f 5967 5968 5969
f 5970 5971 5972
f 5973 5974 5975
f 5976 5977 5978
f 5979 5980 5981
f 5982 5983 5984
f 5985 5986 5987
f 5988 5989 5990
f 5991 5992 5993
f 5994 5995 5996
f 5997 5998 5999
f 6000 6001 6002
f 5744 6003 5767
f 6004 6005 6006
f 6007 6008 6009
f 6010 6000 6002
f 6010 6002 6011
f 6012 6013 6014
f 6015 6016 6017
f 6018 6019 6020
f 6020 6019 6021
f 6022 6023 6024
f 6024 6023 6025
f 6026 6027 6028
f 6029 6030 6031
f 6032 6033 6034
f 6035 6036 6037
f 6032 6034 6038
f 6039 6040 6041
f 6039 6041 6042
f 6043 6044 6045
f 6046 6047 6048
f 6012 6014 6049
f 6050 6051 6052
f 6053 6054 6055
f 6056 6057 6058
f 6059 6060 6061
f 6061 6062 6059
f 6063 6064 6065
f 6066 6067 6068
f 6068 6067 6069
f 6017 6070 6015
f 6071 6072 6073
f 6074 6075 6076
f 6076 6075 6077
f 6078 6079 6080
f 6080 6079 6081
f 6082 6083 6084
f 6085 6086 6087
f 6088 6089 6090
f 6091 6065 6064
f 6092 6093 6094
f 6095 6096 6097
f 6098 6099 6100
f 6100 6099 6101
f 6100 6101 6102
f 6097 6103 6095
f 6104 6105 6106
f 6107 6108 6109
f 6109 6108 6110
f 6111 6112 6113
f 6114 6115 6116
f 6117 6118 6119
f 6120 6121 6122
f 6123 6124 6125
f 6126 6127 6128
f 6129 6130 6131
f 6132 6133 6134
f 6135 6136 6137
f 6138 6139 6140
f 6141 6142 6143
f 6144 6145 6146
f 6147 6148 6149
f 6149 6148 6150
f 6151 6152 6153
f 6153 6152 6154
f 6155 6156 6157
f 6157 6156 6158
f 6159 6160 6161
f 6161 6160 6162
f 6163 6164 6165
f 6166 6167 6168
f 6169 6170 6171
f 6172 6173 6174
f 6174 6173 6175
f 6176 6177 6178
f 6178 6177 6179
f 6180 6181 6182
f 6182 6181 6183
f 6184 6185 6186
f 6186 6185 6187
f 6188 6189 6190
f 6191 6192 6193
f 6194 6195 6196
f 6197 6198 6199
f 6199 6198 6200
f 6201 6202 6203
f 6204 6205 6206
f 6207 6208 6209
f 6210 6211 6212
f 6213 6214 6215
f 6216 6217 6218
f 6219 6220 6221
f 6222 6223 6224
f 6225 6226 6227
f 6228 6229 6230
f 6231 6232 6233
f 6234 6235 6236
f 6237 6238 6239
f 6240 6241 6242
f 6243 6244 6245
f 6246 6247 6248
f 6249 6250 6251
f 6252 6253 6254
f 6255 6256 6257
f 6258 6259 6260
f 6261 6262 6263
f 6261 6263 6264
f 6265 6266 6267
f 6265 6267 6268
f 6269 6270 6271
f 6269 6271 6272
f 6273 6274 6275
f 6273 6275 6276
f 6277 6278 6279
f 6277 6279 6280
f 6281 6282 6283
f 6281 6283 6284
f 6285 6286 6287
f 6288 6289 6290
f 6291 6292 6293
f 6294 6295 6296
f 6297 6298 6299
f 6300 6301 6302
f 6300 6302 6303
f 6304 6305 6306
f 6304 6306 6307
f 6308 6309 6310
f 6308 6310 6311
f 6312 6313 6314
f 6312 6314 6315
f 6316 6317 6318
f 6316 6318 6319
f 6320 6321 6322
f 6320 6322 6323
f 6324 6325 6326
f 6327 6328 6329
f 6330 6331 6332
f 6333 6334 6335
f 6336 6337 6338
f 6339 6340 6341
f 6342 6343 6344
f 6345 6346 6347
f 6348 6349 6350
f 6348 6350 6351
f 6352 6353 6354
f 6355 6356 6357
f 6332 6358 6330
f 6359 6360 6361
f 6362 6363 6364
f 6365 6366 6367
f 6368 6369 6370
f 6371 6372 6373
f 6374 6375 6376
f 6377 6378 6379
f 6380 6381 6382
f 6383 6384 6385
f 6386 6387 6388
f 6389 6390 6391
f 6392 6393 6394
f 6395 6396 6397
f 6398 6399 6400
f 6401 6402 6403
f 6404 6405 6406
f 6407 6408 6409
f 6410 6411 6412
f 6413 6414 6415
f 6416 6417 6418
f 6419 6420 6421
f 6422 6423 6424
f 6425 6426 6427
f 6428 6429 6430
f 6431 6432 6433
f 6434 6435 6436
f 6437 6438 6439
f 6440 6441 6442
f 6443 6444 6445
f 6446 6447 6448
f 6449 6450 6451
f 6452 6453 6454
f 6455 6456 6457
f 6458 6459 6460
f 6461 6462 6463
f 6464 6465 6466
f 6467 6468 6469
f 6470 6471 6472
f 6473 6474 6475
f 6476 6477 6478
f 6479 6480 6481
f 6482 6483 6484
f 6485 6486 6487
f 6488 6489 6490
f 6491 6492 6493
f 6494 6495 6496
f 6497 6498 6499
f 6500 6501 6502
f 6503 6504 6505
f 6506 6507 6508
f 6509 6510 6511
f 6512 6513 6514
f 6515 6516 6517
f 6518 6519 6520
f 6521 6522 6523
f 6523 6522 6524
f 6523 6524 6525
f 6517 6526 6515
f 6527 6528 6529
f 6530 6531 6532
f 6532 6531 6533
f 6534 6535 6536
f 6537 6538 6539
f 6540 6541 6542
f 6543 6544 6545
f 6546 6547 6548
f 6548 6547 6549
f 6550 6551 6552
f 6552 6551 6553
f 6554 6555 6556
f 6556 6555 6003
f 6556 6003 6557
f 5745 6558 5743
f 5743 6558 5744
f 5744 6558 6003
f 6003 6558 6559
f 6003 6559 6557
f 6560 6561 6562
f 6563 6564 6565
f 6565 6564 6566
f 6567 6568 6569
f 5803 6570 6571
f 6572 6573 6567
f 6574 6575 6576
f 6577 6578 6579
f 6580 6581 6582
f 6582 6581 6583
f 6584 6585 6586
f 6586 6585 6587
f 6588 6589 6590
f 6590 6589 6591
f 6590 6591 6592
f 6593 6594 6595
f 6595 6594 6592
f 6595 6592 6596
f 6596 6592 6591
f 6593 6597 6594
f 6594 6597 6598
f 6594 6598 6599
f 6599 6598 6600
f 6599 6600 6601
f 6602 6603 6604
f 6602 6604 6605
f 6606 6607 6608
f 6609 6610 6611
f 6612 6613 6614
f 6615 6616 6617
f 6618 6619 6620
f 6621 6622 6623
f 6624 6625 6626
f 6626 6625 6627
f 6628 6629 6627
f 6627 6629 6630
f 6627 6630 6626
f 6631 6632 6633
f 6633 6632 6625
f 6633 6625 6634
f 6634 6625 6624
f 6631 6635 6632
f 6632 6635 6636
f 6632 6636 6637
f 6637 6636 6638
f 6638 6639 6637
f 6637 6639 6640
f 6637 6640 6641
f 6642 6643 6644
f 6644 6643 6645
f 6646 6647 6648
f 6649 6650 6651
f 6646 6648 6651
f 6651 6648 6652
f 6651 6652 6649
f 6653 6654 6650
f 6650 6654 6655
f 6650 6655 6651
f 6656 6657 6658
f 6653 6650 6657
f 6657 6650 6659
f 6657 6659 6658
f 6656 6658 6660
f 6660 6658 6661
f 6660 6661 6662
f 6663 6664 6665
f 6665 6664 6666
f 6663 6667 6664
f 6664 6667 6668
f 6664 6668 6662
f 6662 6668 6669
f 6662 6669 6660
f 6670 6671 6672
f 6672 6671 6673
f 6674 6675 6676
f 6677 6678 6679
f 6680 6681 6682
f 6683 6684 6685
f 6685 6684 6686
f 6687 6688 6689
f 6690 6691 6692
f 6693 6694 6695
f 6696 6697 6698
f 6698 6697 6699
f 6700 6701 6702
f 6703 6704 6705
f 6706 6707 6708
f 6709 6710 6711
f 6712 6713 6714
f 6715 6716 6717
f 6717 6716 6718
f 6719 6720 6721
f 6722 6723 6724
f 6725 6726 6727
f 6727 6726 6728
f 6729 6730 6731
f 6732 6733 6734
f 6735 6736 6737
f 6735 6737 6738
f 6738 6737 6739
f 6738 6739 6740
f 6741 6742 6743
f 6744 6745 6746
f 6747 6748 6749
f 6750 6751 6752
f 6753 6754 6755
f 6756 6757 6758
f 6759 6760 6761
f 6762 6763 6764
f 6765 6766 6767
f 6768 6769 6770
f 6771 6772 6773
f 6774 6775 6776
f 6777 6778 6779
f 6780 6781 6782
f 6783 6784 6785
f 6786 6787 6788
f 6789 6790 6791
f 6792 6793 6794
f 6795 6796 6797
f 6798 6799 6800
f 6801 6802 6803
f 6804 6805 6806
f 6807 6808 6809
f 6810 6811 6812
f 6813 6814 6815
f 6816 6817 6818
f 6819 6557 6559
f 6820 6821 6822
f 6823 6824 6825
f 6826 6827 6828
f 6829 6830 6831
f 6832 6833 6834
f 6835 6836 6837
f 6838 6839 6840
f 6841 6842 6843
f 6844 6845 6846
f 6847 6848 6849
f 6850 6819 6559
f 6850 6559 6558
f 6851 6852 6853
f 6854 6855 6856
f 6857 6858 6859
f 6860 6861 6862
f 6863 6864 6865
f 6866 6577 6579
f 6867 6868 6869
f 6870 6871 6872
f 6873 6874 6875
f 6876 6877 6878
f 6879 6880 6881
f 6882 6883 6884
f 6885 6886 6887
f 6888 6889 6890
f 6891 6892 6893
f 6894 6895 6896
f 6858 6897 6859
f 6898 6899 6900
f 6901 6902 6903
f 6904 6905 6906
f 6907 6908 6909
f 6910 6911 6912
f 6913 6914 6915
f 6916 6917 6918
f 6919 6920 6921
f 6922 6923 6924
f 6925 6926 6927
f 6928 6929 6930
f 6931 6932 6933
f 6934 6935 6936
f 6937 6938 6939
f 6940 6941 6942
f 6943 6944 6945
f 6946 6947 6948
f 6949 6950 6951
f 6952 6953 6954
f 6955 6956 6957
f 6958 6959 6960
f 6961 6962 6963
f 6964 6965 6966
f 6967 6968 6969
f 6970 6971 6972
f 6973 6974 6975
f 6976 6977 6978
f 6979 6980 6981
f 6982 6983 6984
f 6590 6985 6588
f 6986 6987 6988
f 6989 6990 6991
f 6992 6993 6994
f 6995 6996 6997
f 6998 6999 7000
f 7001 7002 7003
f 7004 7005 7006
f 7007 7008 7009
f 7010 7011 7012
f 7013 7014 7015
f 7016 7017 7018
f 7019 7020 7021
f 7022 7023 7024
f 6764 7025 6762
f 7026 7027 7028
f 7029 7030 7031
f 7032 7033 7034
f 7035 7036 7037
f 7038 7039 7040
f 7041 7042 7043
f 7044 7045 7046
f 7047 7048 7049
f 7050 7051 7052
f 7053 7054 7055
f 7056 7057 7058
f 7059 7060 7061
f 7062 7063 7064
f 7065 7066 7067
f 7068 7069 7070
f 6556 6557 6819
f 7071 7072 7073
f 7074 7075 7076
f 7077 7078 7079
f 7080 7081 7082
f 7083 7071 7073
f 7083 7073 7084
f 7085 7086 7087
f 7088 7089 7090
f 7091 7092 7093
f 7093 7092 7094
f 7095 7096 7097
f 7097 7096 7098
f 7099 7100 7101
f 7102 7103 7104
f 7105 7106 7107
f 7108 7109 7110
f 7105 7107 7111
f 7112 7113 7114
f 7112 7114 7115
f 7116 7117 7118
f 7119 7120 7121
f 7085 7087 7122
f 7123 7124 7125
f 7126 7127 7128
f 7129 7130 7131
f 7132 7133 7134
f 7134 7135 7132
f 7136 7137 7138
f 7139 7140 7141
f 7141 7140 7142
f 7090 7143 7088
f 7144 7145 7146
f 7147 7148 7149
f 7149 7148 7150
f 7151 7152 7153
f 7153 7152 7154
f 7155 7156 7157
f 7158 7159 7160
f 7161 7162 7163
f 7164 7138 7137
f 7165 7166 7167
f 7168 7169 7170
f 7170 7169 7171
f 7170 7171 7172
f 7173 7174 7175
f 7175 7176 7173
f 7177 7178 7179
f 7180 7181 7182
f 7182 7181 7183
f 7184 7185 7186
f 7187 7188 7189
f 7190 7191 7192
f 7193 7194 7195
f 7196 7197 7198
f 7199 7200 7201
f 7202 7203 7204
f 7205 7206 7207
f 7208 7209 7210
f 7211 7212 7213
f 7214 7215 7216
f 7217 7218 7219
f 7220 7221 7222
f 7222 7221 7223
f 7224 7225 7226
f 7226 7225 7227
f 7228 7229 7230
f 7230 7229 7231
f 7232 7233 7234
f 7234 7233 7235
f 7236 7237 7238
f 7239 7240 7241
f 7242 7243 7244
f 7245 7246 7247
f 7247 7246 7248
f 7249 7250 7251
f 7251 7250 7252
f 7253 7254 7255
f 7255 7254 7256
f 7257 7258 7259
f 7259 7258 7260
f 7261 7262 7263
f 7264 7265 7266
f 7267 7268 7269
f 7270 7271 7272
f 7272 7271 7273
f 7274 7275 7276
f 7277 7278 7279
f 7280 7281 7282
f 7283 7284 7285
f 7286 7287 7288
f 7289 7290 7291
f 7292 7293 7294
f 7295 7296 7297
f 7298 7299 7300
f 7301 7302 7303
f 7304 7305 7306
f 7307 7308 7309
f 7310 7311 7312
f 7313 7314 7315
f 7316 7317 7318
f 7319 7320 7321
f 7322 7323 7324
f 7325 7326 7327
f 7328 7329 7330
f 7331 7332 7333
f 7334 7335 7336
f 7334 7336 7337
f 7338 7339 7340
f 7338 7340 7341
f 7342 7343 7344
f 7342 7344 7345
f 7346 7347 7348
f 7346 7348 7349
f 7350 7351 7352
f 7350 7352 7353
f 7354 7355 7356
f 7354 7356 7357
f 7358 7359 7360
f 7361 7362 7363
f 7364 7365 7366
f 7367 7368 7369
f 7370 7371 7372
f 7373 7374 7375
f 7373 7375 7376
f 7377 7378 7379
f 7377 7379 7380
f 7381 7382 7383
f 7381 7383 7384
f 7385 7386 7387
f 7385 7387 7388
f 7389 7390 7391
f 7389 7391 7392
f 7393 7394 7395
f 7393 7395 7396
f 7397 7398 7399
f 7400 7401 7402
f 7403 7404 7405
f 7406 7407 7408
f 7409 7410 7411
f 7412 7413 7414
f 7415 7416 7417
f 7418 7419 7420
f 7421 7422 7423
f 7424 7403 7405
f 7425 7426 7427
f 7428 7429 7430
f 7431 7432 7433
f 7434 7435 7436
f 7434 7436 7437
f 7438 7439 7440
f 7441 7442 7443
f 7444 7445 7446
f 7447 7448 7449
f 7447 7449 7450
f 7451 7452 7453
f 7454 7455 7456
f 7457 7458 7459
f 7460 7461 7462
f 7463 7464 7465
f 7466 7467 7468
f 7469 7470 7471
f 7472 7473 7474
f 7475 7476 7477
f 7478 7479 7480
f 7481 7482 7483
f 7484 7485 7486
f 7487 7488 7489
f 7490 7491 7492
f 7493 7494 7495
f 7496 7497 7498
f 7499 7500 7501
f 7502 7503 7504
f 7505 7506 7507
f 7508 7509 7510
f 7511 7512 7513
f 7514 7515 7516
f 7517 7518 7519
f 7520 7521 7522
f 7523 7524 7525
f 7526 7527 7528
f 7529 7530 7531
f 7532 7533 7534
f 7535 7536 7537
f 7538 7539 7540
f 7541 7542 7543
f 7544 7545 7546
f 7547 7548 7549
f 7550 7551 7552
f 7552 7551 7553
f 7554 7555 7556
f 7557 7558 7559
f 7560 7561 7562
f 7563 7564 7565
f 7566 7567 7568
f 7569 7570 7571
f 7572 7573 7574
f 7575 7576 7577
f 7578 7579 7580
f 7581 7582 7583
f 7583 7582 7584
f 7583 7584 7585
f 7586 7587 7588
f 7589 7590 7591
f 7592 7593 7594
f 7591 7595 7589
f 7596 7597 7598
f 7599 7600 7601
f 7601 7600 7602
f 7603 7604 7605
f 7606 7607 7608
f 7609 7610 7611
f 7612 7613 7614
f 7615 7616 7617
f 7617 7616 7618
f 7619 7620 7621
f 7621 7620 7622
f 7623 7624 7625
f 7626 7627 7628
f 7629 7630 7631
f 7632 7633 7634
f 7634 7633 7635
f 7636 7637 7638
f 7639 7640 7641
f 7642 7643 7644
f 7645 7646 7647
f 7648 7649 7650
f 7651 7652 7653
f 7654 7655 7656
f 7657 7658 7659
f 7659 7658 7660
f 7661 7662 7663
f 4866 7664 4867
f 7665 7666 7667
f 7668 7669 7670
f 7671 7672 7673
f 7674 7675 7676
f 7677 7678 7679
f 7680 7681 7682
f 7683 7684 7685
f 7686 7687 7688
f 7689 7690 7691
f 7692 7693 7694
f 7695 7696 7697
f 7698 7699 7700
f 7700 7699 7701
f 7700 7701 7702
f 7703 7704 7705
f 7706 7707 7708
f 7709 7710 7711
f 7709 7711 7712
f 7705 7713 7714
f 7715 7716 7717
f 7718 7719 7720
f 7720 7719 7721
f 7706 7722 7707
f 7723 7724 7725
f 7726 7727 7728
f 7729 7730 7731
f 7731 7730 7732
f 7733 7734 7735
f 7735 7734 7736
f 7735 7736 7737
f 7738 7739 7740
f 7741 7742 7743
f 7744 7745 7746
f 7747 7748 7749
f 7746 7750 7751
f 7751 7750 7752
f 7753 7754 7755
f 7756 7757 7758
f 7759 7760 7761
f 7762 7763 7764
f 7765 7766 7767
f 7768 7769 7770
f 7768 7770 7771
f 7772 7773 7774
f 7775 7776 7777
f 7777 7776 7778
f 7777 7778 7779
f 7780 7781 7782
f 7782 7781 7783
f 7784 7785 7786
f 7786 7785 7787
f 7788 7789 7790
f 7786 7791 7784
f 7784 7791 7792
f 7793 7794 7795
f 7796 7797 7798
f 7795 7799 7800
f 7801 7802 7803
f 7804 7805 7803
f 7803 7805 7806
f 7803 7806 7801
f 7807 7808 7803
f 7803 7808 7809
f 7803 7809 7804
f 7810 7811 7803
f 7803 7811 7812
f 7803 7812 7807
f 7813 7814 7803
f 7803 7814 7815
f 7803 7815 7810
f 7816 7817 7803
f 7803 7817 7818
f 7803 7818 7813
f 7819 7820 7803
f 7803 7820 7821
f 7803 7821 7816
f 7822 7823 7803
f 7803 7823 7824
f 7803 7824 7819
f 7825 7826 7803
f 7803 7826 7827
f 7803 7827 7822
f 7828 7829 7803
f 7803 7829 7830
f 7803 7830 7825
f 7831 7832 7803
f 7803 7832 7833
f 7803 7833 7828
f 7802 7834 7803
f 7803 7834 7835
f 7803 7835 7831
f 7836 7837 7838
f 7838 7837 7839
f 7840 7841 7842
f 7842 7841 7843
f 7842 7843 7844
f 7844 7843 7845
f 7846 7847 7848
f 7846 7848 7849
f 7850 7851 7852
f 7850 7852 7853
f 7854 7855 7856
f 7854 7856 7857
f 7858 7859 7860
f 7858 7860 7861
f 7862 7863 7864
f 7862 7864 7865
f 7866 7867 7868
f 7866 7868 7869
f 7870 7871 7872
f 7873 7874 7875
f 7875 7876 7873
f 7873 7876 7877
f 7878 7879 7880
f 7881 7882 7883
f 7884 7885 7886
f 7887 7888 7889
f 7890 7891 7892
f 7880 7893 7878
f 7894 7895 7896
f 7891 7897 7892
f 7898 7899 7900
f 7901 7902 7903
f 7904 7897 7905
f 7906 7907 7908
f 7909 7910 7911
f 7912 7913 7914
f 7915 7916 7917
f 7918 7919 7920
f 7921 7922 7923
f 7924 7925 7926
f 7926 7925 7927
f 7926 7927 7928
f 7929 7930 7931
f 7929 7931 7932
f 7933 7934 7935
f 7933 7935 7936
f 7937 7938 7939
f 7937 7939 7940
f 7941 7942 7943
f 7941 7943 7944
f 7945 7946 7947
f 7945 7947 7948
f 7949 7950 7951
f 7949 7951 7952
f 7953 7954 7955
f 7953 7955 7956
f 7957 7958 7959
f 7957 7959 7960
f 7961 7962 7963
f 7963 7962 7964
f 7963 7964 7965
f 7966 7967 7968
f 7966 7968 7969
f 7970 7971 7972
f 7970 7972 7973
f 7974 7975 7976
f 7974 7976 7977
f 7978 7979 7980
f 7978 7980 7981
f 7982 7983 7984
f 7982 7984 7985
f 7986 7987 7988
f 7986 7988 7989
f 7990 7991 7992
f 7990 7992 7993
f 7994 7995 7996
f 7994 7996 7997
f 7998 7999 8000
f 8000 7999 8001
f 8002 8003 8004
f 8005 8006 8007
f 8008 8009 8010
f 8011 8012 8013
f 8014 8015 8016
f 8017 8018 8019
f 8020 8021 8022
f 8023 8024 8025
f 8026 8027 8028
f 8029 8030 8031
f 8032 8033 8034
f 8035 8036 8037
f 8038 8039 8040
f 8041 8042 8043
f 8044 8045 8046
f 8047 8048 8049
f 8050 8051 8052
f 8053 8054 8055
f 8056 8057 8058
f 8058 8057 8059
f 8058 8059 8060
f 8061 8062 8063
f 8061 8063 8064
f 8065 8066 8067
f 8065 8067 8068
f 8069 8070 8071
f 8069 8071 8072
f 8073 8074 8075
f 8073 8075 8076
f 8077 8078 8079
f 8077 8079 8080
f 8081 8082 8083
f 8081 8083 8084
f 8085 8086 8087
f 8085 8087 8088
f 8089 8090 8091
f 8089 8091 8092
f 8093 8094 8095
f 8095 8094 8096
f 8095 8096 8097
f 8098 8099 8100
f 8098 8100 8101
f 8102 8103 8104
f 8102 8104 8105
f 8106 8107 8108
f 8106 8108 8109
f 8110 8111 8112
f 8110 8112 8113
f 8114 8115 8116
f 8114 8116 8117
f 8118 8119 8120
f 8118 8120 8121
f 8122 8123 8124
f 8122 8124 8125
f 8126 8127 8128
f 8126 8128 8129
f 8130 8131 8132
f 8132 8131 8133
f 8134 8135 8136
f 8137 8138 8139
f 8140 8141 8142
f 8143 8144 8145
f 8146 8147 8148
f 8149 8150 8151
f 8152 8153 8154
f 8155 8156 8157
f 8158 8159 8160
f 8161 8162 8163
f 8164 8165 8166
f 8167 8168 8169
f 8170 8171 8172
f 8173 8174 8175
f 8176 8177 8178
f 8178 8177 8179
f 8178 8179 8180
f 8181 8182 8183
f 8181 8183 8184
f 8185 8186 8187
f 8185 8187 8188
f 8189 8190 8191
f 8189 8191 8192
f 8193 8194 8195
f 8193 8195 8196
f 8197 8198 8199
f 8197 8199 8200
f 8201 8202 8203
f 8201 8203 8204
f 8205 8206 8207
f 8205 8207 8208
f 8209 8210 8211
f 8209 8211 8212
f 8213 8214 8215
f 8215 8214 8216
f 8215 8216 8217
f 8218 8219 8220
f 8218 8220 8221
f 8222 8223 8224
f 8222 8224 8225
f 8226 8227 8228
f 8226 8228 8229
f 8230 8231 8232
f 8230 8232 8233
f 8234 8235 8236
f 8234 8236 8237
f 8238 8239 8240
f 8238 8240 8241
f 8242 8243 8244
f 8242 8244 8245
f 8246 8247 8248
f 8246 8248 8249
f 8250 8251 8252
f 8252 8251 8253
f 8254 8255 8256
f 8257 8258 8259
f 8260 8261 8262
f 8263 8264 8265
f 8266 8267 8268
f 8269 8270 8271
f 8272 8273 8274
f 8275 8276 8277
f 8278 8279 8280
f 8281 8282 8283
f 8284 8285 8286
f 8287 8288 8289
f 8290 8291 8292
f 8293 8294 8295
f 8296 8297 8298
f 8299 8300 8301
f 8302 8303 8304
f 8305 8306 8307
f 8308 8309 8310
f 8308 8310 8311
f 8312 8313 8314
f 8312 8314 8315
f 8316 8317 8318
f 8316 8318 8319
f 8320 8321 8322
f 8320 8322 8323
f 8324 8325 8326
f 8324 8326 8327
f 8328 8329 8330
f 8328 8330 8331
f 8332 8333 8334
f 8335 8336 8337
f 8338 8339 8340
f 8341 8342 8343
f 8341 8343 8344
f 8345 8346 8347
f 8348 8349 8350
f 8351 8352 8353
f 8354 8355 8356
f 8357 8358 8359
f 8360 8361 8362
f 8363 8364 8365
f 8366 8367 8368
f 8369 8370 8371
f 8372 8373 8374
f 8375 8376 8377
f 8378 8379 8380
f 8381 8382 8383
f 8384 8385 8386
f 8387 8388 8389
f 8390 8391 8392
f 8393 8394 8395
f 8396 8397 8398
f 8399 8400 8401
f 8402 8403 8404
f 8405 8406 8407
f 8408 8409 8410
f 8411 8412 8413
f 8414 8415 8416
f 8417 8418 8419
f 8420 8421 8422
f 8423 8424 8425
f 8426 8427 8428
f 8429 8430 8431
f 8432 8433 8434
f 8435 8436 8437
f 8438 8439 8440
f 8441 8442 8443
f 8444 8445 8446
f 8447 8448 8449
f 8450 8451 8452
f 8453 8420 8422
f 8453 8422 8454
f 8455 8456 8457
f 8458 8459 8460
f 8461 8462 8463
f 8464 8465 8466
f 8467 8468 8469
f 8470 8471 8472
f 8473 8474 8475
f 8476 8477 8478
f 8479 8480 8481
f 8482 8483 8484
f 8485 8486 8487
f 8488 8489 8490
f 8491 8492 8493
f 8494 8495 8496
f 8497 8498 8499
f 8500 8501 8502
f 8462 8503 8463
f 8504 8505 8506
f 8507 8508 8509
f 8510 8511 8512
f 8513 8514 8515
f 8516 8517 8518
f 8519 8520 8521
f 8522 8523 8524
f 8525 8526 8527
f 8528 8529 8530
f 8531 8532 8533
f 8534 8535 8536
f 8537 8538 8539
f 8540 8541 8542
f 8543 8544 8545
f 8546 8547 8548
f 8549 8550 8551
f 8552 8553 8554
f 8555 8556 8557
f 8558 8559 8560
f 8561 8562 8563
f 8564 8565 8566
f 8567 8568 8569
f 8570 8571 8572
f 8573 8574 8575
f 8576 8577 8578
f 8579 8580 8581
f 8582 8583 8584
f 8585 8586 8587
f 8588 8589 8590
f 8591 8592 8593
f 8594 8595 8596
f 8597 8598 8599
f 8600 8601 8602
f 8603 8604 8605
f 8606 8607 8608
f 8609 8610 8611
f 8612 8613 8614
f 8615 8616 8617
f 8618 8619 8620
f 8621 8622 8623
f 8624 8625 8626
f 8627 8628 8629
f 8630 8631 8632
f 8365 8633 8363
f 8634 8635 8636
f 8637 8638 8639
f 8640 8641 8642
f 8643 8644 8645
f 8646 8647 8648
f 8649 8650 8651
f 8652 8653 8654
f 8655 8656 8657
f 8658 8659 8660
f 8661 8662 8663
f 8664 8665 8666
f 8667 8668 8669
f 8670 8671 8672
f 8673 8674 8675
f 8676 8677 8678
f 8679 8421 8420
f 8680 8681 8682
f 8683 8684 8685
f 8686 8687 8688
f 8689 8690 8691
f 8692 8680 8682
f 8692 8682 8693
f 8694 8695 8696
f 8697 8698 8699
f 8700 8701 8702
f 8703 8704 8705
f 8703 8705 8706
f 8707 8708 8709
f 8710 8711 8712
f 8713 8714 8715
f 8716 8717 8718
f 8719 8720 8721
f 8722 8723 8724
f 8725 8726 8727
f 8728 8729 8730
f 8731 8732 8733
f 8734 8735 8736
f 8737 8738 8739
f 8740 8741 8742
f 8743 8744 8745
f 8746 8747 8748
f 8749 8750 8751
f 8752 8753 8754
f 8755 8756 8757
f 8758 8759 8760
f 8761 8762 8763
f 8764 8765 8766
f 8767 8768 8769
f 8770 8771 8772
f 8773 8774 8775
f 8776 8777 8778
f 8779 8780 8781
f 8782 8783 8784
f 8785 8786 8787
f 8788 8789 8790
f 8791 8792 8793
f 8794 8795 8796
f 8797 8798 8799
f 8800 8801 8802
f 8803 8804 8805
f 8806 8807 8808
f 8809 8810 8811
f 8811 8810 8812
f 8813 8814 8815
f 8816 8817 8818
f 8819 8820 8821
f 8822 8823 8824
f 8825 8826 8827
f 8828 8829 8830
f 8831 8832 8833
f 8834 8835 8679
f 8679 8835 8836
f 8679 8836 8421
f 8837 8454 8838
f 8838 8454 8839
f 8839 8454 8836
f 8836 8454 8422
f 8836 8422 8421
f 8840 8841 8842
f 8843 8844 8845
f 8845 8844 8846
f 8847 8848 8849
f 8850 8851 8852
f 8853 8854 8847
f 8855 8856 8857
f 8471 8858 8472
f 8859 8860 8861
f 8861 8860 8862
f 8863 8864 8865
f 8865 8864 8866
f 8867 8868 8869
f 8867 8869 8870
f 8870 8869 8871
f 8870 8871 8872
f 8593 8873 8591
f 8591 8873 8874
f 8591 8874 8875
f 8874 8876 8875
f 8875 8876 8877
f 8875 8877 8867
f 8867 8877 8878
f 8867 8878 8868
f 8879 8880 8881
f 8879 8881 8882
f 8883 8884 8885
f 8886 8887 8888
f 8889 8890 8891
f 8892 8893 8894
f 8895 8896 8897
f 8898 8899 8900
f 8901 8902 8903
f 8903 8902 8904
f 8903 8904 8905
f 8906 8907 8908
f 8908 8907 8909
f 8906 8910 8907
f 8907 8910 8911
f 8907 8911 8904
f 8904 8911 8912
f 8904 8912 8905
f 8901 8913 8902
f 8902 8913 8914
f 8902 8914 8915
f 8916 8917 8909
f 8909 8917 8918
f 8909 8918 8908
f 8919 8920 8921
f 8921 8920 8922
f 8923 8924 8925
f 8925 8924 8926
f 8925 8926 8927
f 8928 8929 8930
f 8930 8929 8924
f 8930 8924 8931
f 8931 8924 8923
f 8927 8932 8925
f 8925 8932 8933
f 8925 8933 8934
f 8934 8933 8935
f 8933 8936 8935
f 8935 8936 8937
f 8935 8937 8938
f 8938 8937 8939
f 8937 8940 8939
f 8939 8940 8941
f 8939 8941 8942
f 8942 8941 8943
f 8943 8944 8942
f 8942 8944 8945
f 8942 8945 8946
f 8947 8948 8949
f 8950 8951 8952
f 8953 8954 8955
f 8956 8957 8958
f 8959 8960 8961
f 8962 8963 8964
f 8965 8966 8967
f 8968 8969 8970
f 8971 8972 8973
f 8974 8975 8976
f 8974 8976 8977
f 8977 8976 8978
f 8977 8978 8979
f 8980 8981 8982
f 8983 8984 8985
f 8986 8987 8988
f 8989 8990 8991
f 8992 8993 8994
f 8995 8996 8997
f 8998 8999 9000
f 9001 9002 9003
f 9004 9005 9006
f 9007 9008 9009
f 9010 9011 9012
f 9013 9014 9015
f 9016 9017 9018
f 9019 9020 9021
f 9022 9023 9024
f 9025 9026 9027
f 9028 9029 9030
f 9031 9032 9033
f 9034 9035 9036
f 9037 9038 9039
f 9040 9041 9042
f 9043 9044 9045
f 9046 9047 9048
f 9049 9050 9051
f 9052 9053 9054
f 9055 9056 9057
f 9058 9059 9060
f 9061 9062 9063
f 9064 9065 9066
f 9067 9068 9069
f 9070 9071 9072
f 9073 8838 8839
f 8838 9073 8837
f 9074 9075 9076
f 9077 9078 9079
f 9080 9081 9082
f 9083 9084 9085
f 9086 9087 9088
f 9089 9090 9091
f 9092 9093 9094
f 9095 9073 8839
f 9096 9097 9098
f 9099 9100 9101
f 9102 9103 9104
f 9105 9106 9107
f 9108 9109 9110
f 9111 9112 9113
f 9114 9115 9116
f 9117 9118 9119
f 9120 9121 9122
f 9123 9124 9125
f 9126 9127 9128
f 9129 9130 8850
f 9131 9132 9133
f 9134 9135 9136
f 9137 9138 9139
f 9140 9141 9142
f 9143 9144 9145
f 9146 9147 9148
f 9149 9150 9151
f 9152 9153 9154
f 9155 9156 9157
f 9158 9159 9160
f 9161 9162 9163
f 9164 9165 9166
f 8988 8987 9167
f 9168 9169 9170
f 9171 9172 9173
f 9174 9175 9176
f 9177 9178 9179
f 9180 9181 9182
f 9183 9184 9185
f 9186 9187 9188
f 9189 9190 9191
f 9192 9193 9194
f 9195 9196 9197
f 9198 9199 9200
f 9201 9202 9203
f 9204 9205 9206
f 9207 9208 9209
f 9210 9211 9212
f 9213 9214 9215
f 9216 9217 9218
f 9219 9220 9221
f 9222 9223 9224
f 9225 9226 9227
f 9228 9229 9230
f 9231 9232 9233
f 9234 9235 9236
f 9237 9238 9239
f 9240 9241 9242
f 9243 9244 9245
f 9246 9247 9248
f 9249 9250 9251
f 9252 9253 9254
f 9255 9256 9257
f 9258 9259 9260
f 9261 9262 9263
f 9264 9265 9266
f 9267 9268 9269
f 9270 9271 9272
f 9273 9274 9275
f 9276 9277 9278
f 9279 9280 9281
f 9282 9283 9284
f 9285 9286 9287
f 9288 9289 9290
f 9291 9292 9293
f 9294 9295 9296
f 9297 9298 9299
f 9300 9301 9302
f 9303 9304 9305
f 9306 9307 9308
f 9309 9310 9311
f 9312 9313 9314
f 9315 9316 9317
f 9318 9319 9320
f 9321 9322 9323
f 9324 9325 9326
f 9327 9328 9329
f 8839 8836 9095
f 9330 9331 9332
f 9333 9334 9335
f 9336 9327 9329
f 9336 9329 9337
f 9338 9339 9340
f 9341 9342 9343
f 9344 9345 9346
f 9346 9345 9347
f 9348 9349 9350
f 9350 9349 9351
f 9352 9353 9354
f 9355 9356 9357
f 9358 9359 9360
f 9361 9362 9363
f 9358 9360 9364
f 9365 9366 9367
f 9365 9367 9368
f 9369 9370 9371
f 9372 9373 9374
f 9338 9340 9375
f 9376 9377 9378
f 9379 9380 9381
f 9382 9383 9384
f 9385 9386 9387
f 9387 9388 9385
f 9389 9390 9391
f 9392 9393 9394
f 9394 9393 9395
f 9343 9396 9341
f 9397 9398 9399
f 9400 9401 9402
f 9402 9401 9403
f 9404 9405 9406
f 9406 9405 9407
f 9408 9409 9410
f 9411 9412 9413
f 9414 9415 9416
f 9417 9391 9390
f 9418 9419 9420
f 9421 9422 9423
f 9424 9425 9426
f 9426 9425 9427
f 9426 9427 9428
f 9423 9429 9421
f 9430 9431 9432
f 9433 9434 9435
f 9435 9434 9436
f 9437 9438 9439
f 9440 9441 9442
f 9443 9444 9445
f 9446 9447 9448
f 9449 9450 9451
f 9452 9453 9454
f 9455 9456 9457
f 9458 9459 9460
f 9461 9462 9463
f 9464 9465 9466
f 9467 9468 9469
f 9470 9471 9472
f 9473 9474 9475
f 9475 9474 9476
f 9477 9478 9479
f 9479 9478 9480
f 9481 9482 9483
f 9483 9482 9484
f 9485 9486 9487
f 9487 9486 9488
f 9489 9490 9491
f 9492 9493 9494
f 9495 9496 9497
f 9498 9499 9500
f 9500 9499 9501
f 9502 9503 9504
f 9504 9503 9505
f 9506 9507 9508
f 9508 9507 9509
f 9510 9511 9512
f 9512 9511 9513
f 9514 9515 9516
f 9517 9518 9519
f 9520 9521 9522
f 9523 9524 9525
f 9525 9524 9526
f 9527 9528 9529
f 9530 9531 9532
f 9533 9534 9535
f 9536 9537 9538
f 9539 9540 9541
f 9542 9543 9544
f 9545 9546 9547
f 9548 9549 9550
f 9551 9552 9553
f 9554 9555 9556
f 9557 9558 9559
f 9560 9561 9562
f 9563 9564 9565
f 9566 9567 9568
f 9569 9570 9571
f 9572 9573 9574
f 9575 9576 9577
f 9578 9579 9580
f 9581 9582 9583
f 9584 9585 9586
f 9587 9588 9589
f 9587 9589 9590
f 9591 9592 9593
f 9591 9593 9594
f 9595 9596 9597
f 9595 9597 9598
f 9599 9600 9601
f 9599 9601 9602
f 9603 9604 9605
f 9603 9605 9606
f 9607 9608 9609
f 9607 9609 9610
f 9611 9612 9613
f 9614 9615 9616
f 9617 9618 9619
f 9620 9621 9622
f 9623 9624 9625
f 9626 9627 9628
f 9626 9628 9629
f 9630 9631 9632
f 9630 9632 9633
f 9634 9635 9636
f 9634 9636 9637
f 9638 9639 9640
f 9638 9640 9641
f 9642 9643 9644
f 9642 9644 9645
f 9646 9647 9648
f 9646 9648 9649
f 9650 9651 9652
f 9653 9654 9655
f 9656 9657 9658
f 9659 9660 9661
f 9662 9663 9664
f 9665 9666 9667
f 9668 9669 9670
f 9671 9672 9673
f 9674 9675 9676
f 9674 9676 9677
f 9678 9679 9680
f 9681 9682 9683
f 9658 9684 9656
f 9685 9686 9687
f 9688 9689 9690
f 9691 9692 9693
f 9694 9695 9696
f 9697 9698 9699
f 9700 9701 9702
f 9703 9704 9705
f 9706 9707 9708
f 9709 9710 9711
f 9712 9713 9714
f 9715 9716 9717
f 9718 9719 9720
f 9721 9722 9723
f 9724 9725 9726
f 9727 9728 9729
f 9730 9731 9732
f 9733 9734 9735
f 9736 9737 9738
f 9739 9740 9741
f 9742 9743 9744
f 9745 9746 9747
f 9748 9749 9750
f 9751 9752 9753
f 9754 9755 9756
f 9757 9758 9759
f 9760 9761 9762
f 9763 9764 9765
f 9766 9767 9768
f 9769 9770 9771
f 9772 9773 9774
f 9775 9776 9777
f 9778 9779 9780
f 9781 9782 9783
f 9784 9785 9786
f 9787 9788 9789
f 9790 9791 9792
f 9793 9794 9795
f 9796 9797 9798
f 9799 9800 9801
f 9802 9803 9804
f 9805 9806 9807
f 9808 9809 9810
f 9811 9812 9813
f 9814 9815 9816
f 9817 9818 9819
f 9820 9821 9822
f 9823 9824 9825
f 9826 9827 9828
f 9829 9830 9831
f 9832 9833 9834
f 9835 9836 9837
f 9838 9839 9840
f 9841 9842 9843
f 9844 9845 9846
f 9847 9848 9849
f 9850 9851 9852
f 9852 9851 9853
f 9852 9853 9854
f 9846 9855 9844
f 9856 9857 9858
f 9859 9860 9861
f 9861 9860 9862
f 9863 9864 9865
f 9866 9867 9868
f 9869 9870 9871
f 9872 9873 9874
f 9875 9876 9877
f 9877 9876 9878
f 9879 9880 9881
f 9881 9880 9882
f 9883 9884 9885
f 9886 9887 9888
f 9889 9890 9891
f 9892 9893 9894
f 9894 9893 9895
f 9896 9897 9898
f 9899 9900 9901
f 9902 9903 9904
f 9905 9906 9907
f 9908 9909 9910
f 9911 9912 9913
f 9914 9915 9916
f 9917 9918 9919
f 9919 9918 9920
f 9921 9922 9923
f 9924 9925 9926
f 9927 9928 9929
f 9930 9931 9932
f 9933 9934 9935
f 9936 9937 9938
f 9939 9940 9941
f 9942 9943 9944
f 9945 9946 9947
f 9944 9948 9949
f 9950 9951 9952
f 9950 9952 9953
f 9953 9952 9954
f 9955 9956 9957
f 9957 9956 9958
f 9957 9958 9959
f 9960 9961 9962
f 9963 9964 9965
f 9963 9965 9966
f 9940 9967 9968
f 9940 9968 9941
f 9969 9970 9971
f 9972 9973 9974
f 9960 9975 9961
f 9976 9977 9978
f 9979 9980 9981
f 9979 9981 9982
f 9982 9981 9983
f 9969 9984 9970
f 9985 9986 9987
f 9988 9989 9990
f 9991 9992 9993
f 9994 9995 9996
f 9996 9995 9997
f 9998 9999 10000
f 10000 9999 10001
f 9976 10002 9977
f 10003 10004 10005
f 10006 10007 10008
f 10008 10007 10009
f 10010 10011 10012
f 10013 10014 10015
f 10016 10017 10018
f 10019 10020 10021
f 10022 10023 10024
f 10025 10026 10027
f 10028 10029 10030
f 10031 10032 10033
f 10034 10035 10036
f 10037 10038 10039
f 10040 10041 10042
f 10043 10044 10045
f 10046 10047 10048
f 10046 10048 10049
f 10049 10048 10050
f 10051 10052 10053
f 10054 10055 10056
f 10057 10058 10059
f 10060 10056 10061
f 10050 10062 10049
f 10063 10064 10065
f 10065 10064 10066
f 10067 10068 10069
f 10067 10069 10070
f 10070 10069 10071
f 10070 10071 10072
f 10073 10074 10075
f 10075 10074 10076
f 10077 10078 10079
f 10079 10078 10080
f 10081 10082 10083
f 10081 10083 10084
f 10085 10086 10087
f 10085 10087 10088
f 10089 10090 10091
f 10089 10091 10092
f 10093 10094 10095
f 10093 10095 10096
f 10097 10098 10099
f 10097 10099 10100
f 10101 10102 10103
f 10101 10103 10104
f 10105 10106 10107
f 10105 10107 10108
f 10109 10110 10111
f 10109 10111 10112
f 10113 10114 10115
f 10113 10115 10116
f 10117 10118 10119
f 10117 10119 10120
f 10121 10122 10123
f 10123 10122 10124
f 10125 10126 10127
f 10126 10128 10127
f 10129 10130 10131
f 10129 10131 10132
f 10133 10134 10135
f 10133 10135 10136
f 10137 10138 10139
f 10137 10139 10140
f 10141 10142 10143
f 10141 10143 10144
f 10145 10146 10147
f 10145 10147 10148
f 10149 10150 10151
f 10152 10153 10154
f 10155 10156 10157
f 10158 10159 10160
f 10161 10162 10163
f 10160 10155 10164
f 10165 10166 10167
f 10168 10169 10170
f 10170 10169 10171
f 10171 10172 10170
f 10173 10174 10175
f 10176 10177 10178
f 10179 10180 10181
f 10182 10183 10184
f 10185 10186 10187
f 10187 10186 10188
f 10189 10190 10191
f 10192 10193 10194
f 10194 10193 10195
f 10194 10195 10196
f 10197 10198 10199
f 10197 10199 10200
f 10201 10202 10203
f 10204 10205 10206
f 10207 10208 10209
f 10210 10211 10212
f 10210 10212 10213
f 10214 10215 10216
f 10214 10216 10217
f 10218 10219 10220
f 10218 10220 10221
f 10222 10223 10224
f 10222 10224 10225
f 10226 10227 10228
f 10226 10228 10229
f 10230 10231 10232
f 10230 10232 10233
f 10234 10235 10236
f 10236 10235 10237
f 10236 10237 10238
f 10239 10240 10241
f 10239 10241 10242
f 10243 10244 10245
f 10243 10245 10246
f 10247 10248 10249
f 10247 10249 10250
f 10251 10252 10253
f 10251 10253 10254
f 10255 10256 10257
f 10258 10259 10260
f 10261 10262 10263
f 10257 10264 10255
f 10265 10266 10267
f 10268 10269 10270
f 10268 10270 10271
f 10272 10273 10274
f 10272 10274 10275
f 10276 10277 10278
f 10279 10280 10281
f 10282 10283 10284
f 10281 10285 10279
f 10286 10287 10288
f 10289 10290 10291
f 10292 10293 10294
f 10295 10296 10297
f 10295 10297 10298
f 10299 10300 10301
f 10302 10303 10304
f 10300 10305 10301
f 10306 10307 10308
f 10309 10310 10311
f 10312 10313 10314
f 10315 10316 10317
f 10315 10317 10318
f 10319 10320 10321
f 10321 10320 10322
f 10323 10324 10325
f 10326 10327 10328
f 10328 10327 10329
f 10328 10329 10330
f 10331 10332 10333
f 10331 10333 10334
f 10335 10336 10337
f 10335 10337 10338
f 10339 10340 10341
f 10339 10341 10342
f 10343 10344 10345
f 10343 10345 10346
f 10347 10348 10349
f 10347 10349 10350
f 10351 10352 10353
f 10351 10353 10354
f 10355 10356 10357
f 10355 10357 10358
f 10359 10360 10361
f 10359 10361 10362
f 10363 10364 10365
f 10365 10364 10366
f 10365 10366 10367
f 10368 10369 10370
f 10368 10370 10371
f 10372 10373 10374
f 10372 10374 10375
f 10376 10377 10378
f 10376 10378 10379
f 10380 10381 10382
f 10380 10382 10383
f 10384 10385 10386
f 10384 10386 10387
f 10388 10389 10390
f 10388 10390 10391
f 10392 10393 10394
f 10392 10394 10395
f 10396 10397 10398
f 10396 10398 10399
f 10400 10401 10402
f 10403 10404 10405
f 10406 10407 10408
f 10405 10409 10410
f 10411 10412 10413
f 10414 10415 10416
f 10416 10415 10417
f 10418 10419 10420
f 10421 10422 10423
f 10420 10424 10425
f 10426 10427 10428
f 10429 10430 10431
f 10431 10430 10432
f 10433 10434 10435
f 10435 10434 10436
f 10437 10438 10439
f 10440 10441 10442
f 10442 10441 10443
f 10442 10443 10444
f 10445 10446 10447
f 10445 10447 10448
f 10449 10450 10451
f 10449 10451 10452
f 10453 10454 10455
f 10453 10455 10456
f 10457 10458 10459
f 10457 10459 10460
f 10461 10462 10463
f 10464 10465 10466
f 10467 10468 10469
f 10463 10470 10461
f 10471 10472 10473
f 10474 10475 10476
f 10474 10476 10477
f 10478 10479 10480
f 10478 10480 10481
f 10482 10483 10484
f 10484 10483 10485
f 10484 10485 10486
f 10487 10488 10489
f 10487 10489 10490
f 10491 10492 10493
f 10494 10495 10496
f 10497 10498 10499
f 10500 10501 10502
f 10500 10502 10503
f 10504 10505 10506
f 10504 10506 10507
f 10508 10509 10510
f 10508 10510 10511
f 10512 10513 10514
f 10512 10514 10515
f 10516 10517 10518
f 10516 10518 10519
f 10520 10521 10522
f 10520 10522 10523
f 10524 10525 10526
f 10527 10528 10529
f 10530 10531 10532
f 10529 10533 10527
f 10534 10535 10536
f 10537 10538 10539
f 10540 10541 10542
f 10543 10544 10545
f 10543 10545 10546
f 10547 10548 10549
f 10550 10551 10552
f 10548 10553 10549
f 10554 10555 10556
f 10557 10558 10559
f 10560 10561 10562
f 10563 10564 10565
f 10563 10565 10566
f 10567 10568 10569
f 10569 10568 10570
f 10571 10572 10573
f 10574 10575 10576
f 10576 10575 10577
f 10576 10577 10578
f 10579 10580 10581
f 10579 10581 10582
f 10583 10584 10585
f 10583 10585 10586
f 10587 10588 10589
f 10587 10589 10590
f 10591 10592 10593
f 10591 10593 10594
f 10595 10596 10597
f 10595 10597 10598
f 10599 10600 10601
f 10599 10601 10602
f 10603 10604 10605
f 10603 10605 10606
f 10607 10608 10609
f 10607 10609 10610
f 10611 10612 10613
f 10613 10612 10614
f 10613 10614 10615
f 10616 10617 10618
f 10616 10618 10619
f 10620 10621 10622
f 10620 10622 10623
f 10624 10625 10626
f 10624 10626 10627
f 10628 10629 10630
f 10628 10630 10631
f 10632 10633 10634
f 10632 10634 10635
f 10636 10637 10638
f 10636 10638 10639
f 10640 10641 10642
f 10640 10642 10643
f 10644 10645 10646
f 10644 10646 10647
f 10648 10649 10650
f 10651 10652 10653
f 10654 10655 10656
f 10653 10657 10651
f 10658 10659 10660
f 10661 10662 10663
f 10664 10665 10666
f 10662 10667 10668
f 10662 10668 10663
f 10669 10670 10671
f 10671 10670 10672
f 10673 10674 10675
f 10676 10677 10678
f 10679 10680 10681
f 10682 10683 10684
f 10685 10686 10687
f 10688 10689 10690
f 10691 10692 10693
f 10693 10692 10694
f 10695 10696 10697
f 10698 10699 10700
f 10701 10702 10703
f 10704 10705 10706
f 10707 10708 10709
f 10710 10711 10712
f 10713 10714 10715
f 10716 10717 10718
f 10719 10720 10721
f 10722 10723 10724
f 10725 10726 10727
f 10728 10729 10730
f 10731 10732 10733
f 10734 10735 10736
f 10737 10738 10739
f 10740 10741 10742
f 10743 10744 10745
f 10746 10747 10748
f 10749 10750 10751
f 10752 10753 10754
f 10755 10756 10757
f 10758 10759 10760
f 10761 10762 10763
f 10764 10765 10766
f 10767 10768 10769
f 10770 10771 10772
f 10773 10774 10775
f 10776 10777 10778
f 10779 10780 10781
f 10782 10783 10784
f 10785 10786 10787
f 10788 10789 10790
f 10791 10792 10793
f 10794 10795 10796
f 10797 10798 10799
f 10800 10801 10802
f 10803 10804 10805
f 10806 10773 10775
f 10806 10775 10807
f 10808 10809 10810
f 10811 10812 10813
f 10814 10815 10816
f 10817 10818 10819
f 10820 10821 10822
f 10823 10824 10825
f 10826 10827 10828
f 10829 10830 10831
f 10832 10833 10834
f 10835 10836 10837
f 10838 10839 10840
f 10841 10842 10843
f 10844 10845 10846
f 10847 10848 10849
f 10850 10851 10852
f 10853 10854 10855
f 10815 10856 10816
f 10857 10858 10859
f 10860 10861 10862
f 10863 10864 10865
f 10866 10867 10868
f 10869 10870 10871
f 10872 10873 10874
f 10875 10876 10877
f 10878 10879 10880
f 10881 10882 10883
f 10884 10885 10886
f 10887 10888 10889
f 10890 10891 10892
f 10893 10894 10895
f 10896 10897 10898
f 10899 10900 10901
f 10902 10903 10904
f 10905 10906 10907
f 10908 10909 10910
f 10911 10912 10913
f 10914 10915 10916
f 10917 10918 10919
f 10920 10921 10922
f 10923 10924 10925
f 10926 10927 10928
f 10929 10930 10931
f 10932 10933 10934
f 10935 10936 10937
f 10938 10939 10940
f 10941 10942 10943
f 10944 10945 10946
f 10947 10948 10949
f 10950 10951 10952
f 10953 10954 10955
f 10956 10957 10958
f 10959 10960 10961
f 10962 10963 10964
f 10965 10966 10967
f 10968 10969 10970
f 10971 10972 10973
f 10974 10975 10976
f 10977 10978 10979
f 10980 10981 10982
f 10983 10984 10985
f 10718 10986 10716
f 10987 10988 10989
f 10990 10991 10992
f 10993 10994 10995
f 10996 10997 10998
f 10999 11000 11001
f 11002 11003 11004
f 11005 11006 11007
f 11008 11009 11010
f 11011 11012 11013
f 11014 11015 11016
f 11017 11018 11019
f 11020 11021 11022
f 11023 11024 11025
f 11026 11027 11028
f 11029 11030 11031
f 11032 10774 10773
f 11033 11034 11035
f 11036 11037 11038
f 11039 11040 11041
f 11042 11043 11044
f 11045 11033 11035
f 11045 11035 11046
f 11047 11048 11049
f 11050 11051 11052
f 11053 11054 11055
f 11056 11057 11058
f 11058 11057 11059
f 11060 11061 11062
f 11062 11061 11063
f 11064 11065 11066
f 11067 11068 11069
f 11070 11071 11072
f 11067 11069 11073
f 11074 11075 11076
f 11074 11076 11077
f 11078 11079 11080
f 11081 11082 11083
f 11047 11049 11084
f 11085 11086 11087
f 11088 11089 11090
f 11091 11092 11093
f 11094 11095 11096
f 11096 11097 11094
f 11098 11099 11100
f 11101 11102 11103
f 11103 11102 11104
f 11052 11105 11050
f 11106 11107 11108
f 11109 11110 11111
f 11111 11110 11112
f 11113 11114 11115
f 11115 11114 11116
f 11117 11118 11119
f 11120 11121 11122
f 11123 11124 11125
f 11126 11100 11099
f 11127 11128 11129
f 11130 11131 11132
f 11133 11134 11135
f 11135 11134 11136
f 11135 11136 11137
f 11132 11138 11130
f 11139 11140 11141
f 11142 11143 11144
f 11144 11143 11145
f 11146 11147 11148
f 11149 11150 11151
f 11152 11153 11154
f 11155 11156 11157
f 11158 11159 11160
f 11161 11162 11163
f 11164 11165 11166
f 11167 11168 11169
f 11170 11171 11172
f 11173 11174 11175
f 11176 11177 11178
f 11179 11180 11181
f 11182 11183 11184
f 11184 11183 11185
f 11186 11187 11188
f 11188 11187 11189
f 11190 11191 11192
f 11192 11191 11193
f 11194 11195 11196
f 11196 11195 11197
f 11198 11199 11200
f 11201 11202 11203
f 11204 11205 11206
f 11207 11208 11209
f 11209 11208 11210
f 11211 11212 11213
f 11213 11212 11214
f 11215 11216 11217
f 11217 11216 11218
f 11219 11220 11221
f 11221 11220 11222
f 11223 11224 11225
f 11226 11227 11228
f 11229 11230 11231
f 11232 11233 11234
f 11234 11233 11235
f 11236 11237 11238
f 11239 11240 11241
f 11242 11243 11244
f 11245 11246 11247
f 11248 11249 11250
f 11251 11252 11253
f 11254 11255 11256
f 11257 11258 11259
f 11260 11261 11262
f 11263 11264 11265
f 11266 11267 11268
f 11269 11270 11271
f 11272 11273 11274
f 11275 11276 11277
f 11278 11279 11280
f 11281 11282 11283
f 11284 11285 11286
f 11287 11288 11289
f 11290 11291 11292
f 11293 11294 11295
f 11296 11297 11298
f 11296 11298 11299
f 11300 11301 11302
f 11300 11302 11303
f 11304 11305 11306
f 11304 11306 11307
f 11308 11309 11310
f 11308 11310 11311
f 11312 11313 11314
f 11312 11314 11315
f 11316 11317 11318
f 11316 11318 11319
f 11320 11321 11322
f 11323 11324 11325
f 11326 11327 11328
f 11329 11330 11331
f 11332 11333 11334
f 11335 11336 11337
f 11335 11337 11338
f 11339 11340 11341
f 11339 11341 11342
f 11343 11344 11345
f 11343 11345 11346
f 11347 11348 11349
f 11347 11349 11350
f 11351 11352 11353
f 11351 11353 11354
f 11355 11356 11357
f 11355 11357 11358
f 11359 11360 11361
f 11362 11363 11364
f 11365 11366 11367
f 11368 11369 11370
f 11371 11372 11373
f 11374 11375 11376
f 11377 11378 11379
f 11380 11381 11382
f 11383 11384 11385
f 11386 11365 11367
f 11387 11388 11389
f 11390 11391 11392
f 11393 11394 11395
f 11396 11397 11398
f 11396 11398 11399
f 11400 11401 11402
f 11403 11404 11405
f 11406 11407 11408
f 11409 11410 11411
f 11409 11411 11412
f 11413 11414 11415
f 11416 11417 11418
f 11419 11420 11421
f 11422 11423 11424
f 11425 11426 11427
f 11428 11429 11430
f 11431 11432 11433
f 11434 11435 11436
f 11437 11438 11439
f 11440 11441 11442
f 11443 11444 11445
f 11446 11447 11448
f 11449 11450 11451
f 11452 11453 11454
f 11455 11456 11457
f 11458 11459 11460
f 11461 11462 11463
f 11464 11465 11466
f 11467 11468 11469
f 11470 11471 11472
f 11473 11474 11475
f 11476 11477 11478
f 11479 11480 11481
f 11482 11483 11484
f 11485 11486 11487
f 11488 11489 11490
f 11491 11492 11493
f 11494 11495 11496
f 11497 11498 11499
f 11500 11501 11502
f 11503 11504 11505
f 11506 11507 11508
f 11509 11510 11511
f 11512 11513 11514
f 11515 11516 11517
f 11517 11516 11518
f 11519 11520 11521
f 11522 11523 11524
f 11525 11526 11527
f 11528 11529 11530
f 11531 11532 11533
f 11534 11535 11536
f 11537 11538 11539
f 11540 11541 11542
f 11543 11544 11545
f 11546 11547 11548
f 11548 11547 11549
f 11548 11549 11550
f 11551 11552 11553
f 11554 11555 11556
f 11557 11558 11559
f 11556 11560 11554
f 11561 11562 11563
f 11564 11565 11566
f 11566 11565 11567
f 11568 11569 11570
f 11571 11572 11573
f 11574 11575 11576
f 11577 11578 11579
f 11580 11581 11582
f 11582 11581 11583
f 11584 11585 11586
f 11586 11585 11587
f 11588 11589 11032
f 11032 11589 11590
f 11032 11590 10774
f 11591 10807 11592
f 11592 10807 11593
f 11593 10807 11590
f 11590 10807 10775
f 11590 10775 10774
f 11594 11595 11596
f 11597 11598 11599
f 11599 11598 11600
f 11601 11602 11603
f 11604 11605 11606
f 11607 11608 11601
f 11609 11610 11611
f 10824 11612 10825
f 11613 11614 11615
f 11615 11614 11616
f 11617 11618 11619
f 11619 11618 11620
f 11621 11622 11623
f 11621 11623 11624
f 11624 11623 11625
f 11624 11625 11626
f 10946 11627 10944
f 10944 11627 11628
f 10944 11628 11629
f 11628 11630 11629
f 11629 11630 11631
f 11629 11631 11621
f 11621 11631 11632
f 11621 11632 11622
f 11633 11634 11635
f 11633 11635 11636
f 11637 11638 11639
f 11640 11641 11642
f 11643 11644 11645
f 11646 11647 11648
f 11649 11650 11651
f 11652 11653 11654
f 11655 11656 11657
f 11657 11656 11658
f 11657 11658 11659
f 11660 11661 11662
f 11662 11661 11663
f 11660 11664 11661
f 11661 11664 11665
f 11661 11665 11658
f 11658 11665 11666
f 11658 11666 11659
f 11655 11667 11656
f 11656 11667 11668
f 11656 11668 11669
f 11670 11671 11663
f 11663 11671 11672
f 11663 11672 11662
f 11673 11674 11675
f 11675 11674 11676
f 11677 11678 11679
f 11679 11678 11680
f 11679 11680 11681
f 11682 11683 11684
f 11684 11683 11678
f 11684 11678 11685
f 11685 11678 11677
f 11681 11686 11679
f 11679 11686 11687
f 11679 11687 11688
f 11688 11687 11689
f 11687 11690 11689
f 11689 11690 11691
f 11689 11691 11692
f 11692 11691 11693
f 11691 11694 11693
f 11693 11694 11695
f 11693 11695 11696
f 11696 11695 11697
f 11697 11698 11696
f 11696 11698 11699
f 11696 11699 11700
f 11701 11702 11703
f 11703 11702 11704
f 11705 11706 11707
f 11708 11709 11710
f 11711 11712 11713
f 11714 11715 11716
f 11716 11715 11717
f 11718 11719 11720
f 11721 11722 11723
f 11724 11725 11726
f 11727 11728 11729
f 11729 11728 11730
f 11731 11732 11733
f 11734 11735 11736
f 11737 11738 11739
f 11740 11741 11742
f 11743 11744 11745
f 11746 11747 11748
f 11749 11750 11751
f 11752 11753 11754
f 11755 11756 11757
f 11758 11759 11760
f 11761 11762 11763
f 11764 11765 11766
f 11767 11768 11769
f 11767 11769 11770
f 11770 11769 11771
f 11770 11771 11772
f 11773 11774 11775
f 11776 11777 11778
f 11779 11780 11781
f 11782 11783 11784
f 11785 11786 11787
f 11788 11789 11790
f 11791 11792 11793
f 11794 11795 11796
f 11797 11798 11799
f 11800 11801 11802
f 11803 11804 11805
f 11806 11807 11808
f 11809 11810 11811
f 11812 11813 11814
f 11815 11816 11817
f 11818 11819 11820
f 11821 11822 11823
f 11824 11825 11826
f 11827 11828 11829
f 11830 11831 11832
f 11833 11834 11835
f 11836 11837 11838
f 11839 11840 11841
f 11842 11843 11844
f 11845 11846 11847
f 11848 11849 11850
f 11851 11852 11853
f 11854 11855 11856
f 11857 11858 11859
f 11860 11861 11862
f 11863 11864 11865
f 11866 11592 11593
f 11592 11866 11591
f 11867 11868 11869
f 11870 11871 11872
f 11873 11874 11875
f 11876 11877 11878
f 11879 11880 11881
f 11882 11883 11884
f 11885 11886 11887
f 11888 11866 11593
f 11889 11890 11891
f 11892 11893 11894
f 11895 11896 11897
f 11898 11899 11900
f 11901 11902 11903
f 11904 11905 11906
f 11907 11908 11909
f 11910 11911 11912
f 11913 11914 11915
f 11916 11917 11918
f 11919 11920 11921
f 11922 11923 11604
f 11924 11925 11926
f 11927 11928 11929
f 11930 11931 11932
f 11933 11934 11935
f 11936 11937 11938
f 11939 11940 11941
f 11942 11943 11944
f 11945 11946 11947
f 11948 11949 11950
f 11951 11952 11953
f 11954 11955 11956
f 11957 11958 11959
f 11781 11780 11960
f 11961 11962 11963
f 11964 11965 11966
f 11967 11968 11969
f 11970 11971 11972
f 11973 11974 11975
f 11976 11977 11978
f 11979 11980 11981
f 11982 11983 11984
f 11985 11986 11987
f 11988 11989 11990
f 11991 11992 11993
f 11994 11995 11996
f 11997 11998 11999
f 12000 12001 12002
f 12003 12004 12005
f 12006 12007 12008
f 12009 12010 12011
f 12012 12013 12014
f 12015 12016 12017
f 12018 12019 12020
f 12021 12022 12023
f 12024 12025 12026
f 12027 12028 12029
f 12030 12031 12032
f 12033 12034 12035
f 12036 12037 12038
f 12039 12040 12041
f 12042 12043 12044
f 12045 12046 12047
f 12048 12049 12050
f 12051 12052 12053
f 12054 12055 12056
f 12057 12058 12059
f 12060 12061 12062
f 12063 12064 12065
f 12066 12067 12068
f 12069 12070 12071
f 12072 12073 12074
f 12075 12076 12077
f 12078 12079 12080
f 12081 12082 12083
f 12084 12085 12086
f 12087 12088 12089
f 12090 12091 12092
f 12093 12094 12095
f 12096 12097 12098
f 12099 12100 12101
f 12102 12103 12104
f 12105 12106 12107
f 12108 12109 12110
f 12111 12112 12113
f 12114 12115 12116
f 12117 12118 12119
f 12120 12121 12122
f 11593 11590 11888
f 12123 12124 12125
f 12126 12127 12128
f 12129 12120 12122
f 12129 12122 12130
f 12131 12132 12133
f 12134 12135 12136
f 12137 12138 12139
f 12140 12141 12142
f 12143 12144 12145
f 12146 12147 12148
f 12149 12150 12151
f 12152 12153 12154
f 12155 12156 12157
f 12158 12159 12160
f 12161 12162 12163
f 12164 12165 12166
f 12167 12168 12169
f 12170 12171 12172
f 12173 12174 12175
f 12176 12177 12178
f 12179 12180 12181
f 12182 12183 12184
f 12185 12186 12187
f 12188 12189 12190
f 12191 12192 12193
f 12194 12195 12196
f 12197 12198 12199
f 12200 12201 12202
f 12203 12204 12205
f 12206 12207 12208
f 12209 12210 12211
f 12212 12213 12214
f 12215 12216 12217
f 12218 12219 12220
f 12221 12222 12223
f 12224 12225 12226
f 12227 12228 12229
f 12230 12231 12232
f 12233 12234 12235
f 12236 12237 12238
f 12239 12240 12241
f 12242 12243 12244
f 12245 12246 12247
f 12248 12249 12250
f 12251 12252 12253
f 12254 12255 12256
f 12257 12258 12259
f 12260 12261 12262
f 12263 12264 12265
f 12266 12267 12268
f 12269 12270 12271
f 12272 12273 12274
f 12275 12276 12277
f 12278 12279 12280
f 12281 12282 12283
f 12284 12285 12286
f 12287 12288 12289
f 12290 12291 12292
f 12293 12294 12295
f 12296 12297 12298
f 12295 12299 12300
f 12301 12302 12303
f 12301 12303 12304
f 12304 12303 12305
f 12306 12307 12308
f 12308 12307 12309
f 12308 12309 12310
f 12311 12312 12313
f 12314 12315 12316
f 12314 12316 12317
f 12291 12318 12319
f 12291 12319 12292
f 12320 12321 12322
f 12323 12324 12325
f 12311 12326 12312
f 12327 12328 12329
f 12330 12331 12332
f 12330 12332 12333
f 12333 12332 12334
f 12320 12335 12321
f 12336 12337 12338
f 12339 12340 12341
f 12342 12343 12344
f 12345 12346 12347
f 12347 12346 12348
f 12349 12350 12351
f 12351 12350 12352
f 12327 12353 12328
f 12354 12355 12356
f 12357 12358 12359
f 12359 12358 12360
f 12361 12362 12363
f 12364 12365 12366
f 12367 12368 12369
f 12370 12371 12372
f 12373 12374 12375
f 12376 12377 12378
f 12379 12380 12381
f 12382 12383 12384
f 12385 12386 12387
f 12388 12389 12390
f 12391 12392 12393
f 12394 12395 12396
f 12397 12398 12399
f 12397 12399 12400
f 12400 12399 12401
f 12402 12403 12404
f 12405 12406 12407
f 12408 12409 12410
f 12411 12407 12412
f 12401 12413 12400
f 12414 12415 12416
f 12416 12415 12417
f 12418 12419 12420
f 12418 12420 12421
f 12421 12420 12422
f 12421 12422 12423
f 12424 12425 12426
f 12426 12425 12427
f 12428 12429 12430
f 12430 12429 12431
f 12432 12433 12434
f 12432 12434 12435
f 12436 12437 12438
f 12436 12438 12439
f 12440 12441 12442
f 12440 12442 12443
f 12444 12445 12446
f 12444 12446 12447
f 12448 12449 12450
f 12448 12450 12451
f 12452 12453 12454
f 12452 12454 12455
f 12456 12457 12458
f 12456 12458 12459
f 12460 12461 12462
f 12460 12462 12463
f 12464 12465 12466
f 12464 12466 12467
f 12468 12469 12470
f 12468 12470 12471
f 12472 12473 12474
f 12474 12473 12475
f 12476 12477 12478
f 12477 12479 12478
f 12480 12481 12482
f 12480 12482 12483
f 12484 12485 12486
f 12484 12486 12487
f 12488 12489 12490
f 12488 12490 12491
f 12492 12493 12494
f 12492 12494 12495
f 12496 12497 12498
f 12496 12498 12499
f 12500 12501 12502
f 12503 12504 12505
f 12506 12507 12508
f 12509 12510 12511
f 12512 12513 12514
f 12511 12506 12515
f 12516 12517 12518
f 12519 12520 12521
f 12521 12520 12522
f 12522 12523 12521
f 12524 12525 12526
f 12527 12528 12529
f 12530 12531 12532
f 12533 12534 12535
f 12536 12537 12538
f 12538 12537 12539
f 12540 12541 12542
f 12543 12544 12545
f 12545 12544 12546
f 12545 12546 12547
f 12548 12549 12550
f 12548 12550 12551
f 12552 12553 12554
f 12555 12556 12557
f 12558 12559 12560
f 12561 12562 12563
f 12561 12563 12564
f 12565 12566 12567
f 12565 12567 12568
f 12569 12570 12571
f 12569 12571 12572
f 12573 12574 12575
f 12573 12575 12576
f 12577 12578 12579
f 12577 12579 12580
f 12581 12582 12583
f 12581 12583 12584
f 12585 12586 12587
f 12587 12586 12588
f 12587 12588 12589
f 12590 12591 12592
f 12590 12592 12593
f 12594 12595 12596
f 12594 12596 12597
f 12598 12599 12600
f 12598 12600 12601
f 12602 12603 12604
f 12602 12604 12605
f 12606 12607 12608
f 12609 12610 12611
f 12612 12613 12614
f 12608 12615 12606
f 12616 12617 12618
f 12619 12620 12621
f 12619 12621 12622
f 12623 12624 12625
f 12623 12625 12626
f 12627 12628 12629
f 12630 12631 12632
f 12633 12634 12635
f 12632 12636 12630
f 12637 12638 12639
f 12640 12641 12642
f 12643 12644 12645
f 12646 12647 12648
f 12646 12648 12649
f 12650 12651 12652
f 12653 12654 12655
f 12651 12656 12652
f 12657 12658 12659
f 12660 12661 12662
f 12663 12664 12665
f 12666 12667 12668
f 12666 12668 12669
f 12670 12671 12672
f 12672 12671 12673
f 12674 12675 12676
f 12677 12678 12679
f 12679 12678 12680
f 12679 12680 12681
f 12682 12683 12684
f 12682 12684 12685
f 12686 12687 12688
f 12686 12688 12689
f 12690 12691 12692
f 12690 12692 12693
f 12694 12695 12696
f 12694 12696 12697
f 12698 12699 12700
f 12698 12700 12701
f 12702 12703 12704
f 12702 12704 12705
f 12706 12707 12708
f 12706 12708 12709
f 12710 12711 12712
f 12710 12712 12713
f 12714 12715 12716
f 12716 12715 12717
f 12716 12717 12718
f 12719 12720 12721
f 12719 12721 12722
f 12723 12724 12725
f 12723 12725 12726
f 12727 12728 12729
f 12727 12729 12730
f 12731 12732 12733
f 12731 12733 12734
f 12735 12736 12737
f 12735 12737 12738
f 12739 12740 12741
f 12739 12741 12742
f 12743 12744 12745
f 12743 12745 12746
f 12747 12748 12749
f 12747 12749 12750
f 12751 12752 12753
f 12754 12755 12756
f 12757 12758 12759
f 12756 12760 12761
f 12762 12763 12764
f 12765 12766 12767
f 12767 12766 12768
f 12769 12770 12771
f 12772 12773 12774
f 12771 12775 12776
f 12777 12778 12779
f 12780 12781 12782
f 12782 12781 12783
f 12784 12785 12786
f 12786 12785 12787
f 12788 12789 12790
f 12791 12792 12793
f 12793 12792 12794
f 12793 12794 12795
f 12796 12797 12798
f 12796 12798 12799
f 12800 12801 12802
f 12800 12802 12803
f 12804 12805 12806
f 12804 12806 12807
f 12808 12809 12810
f 12808 12810 12811
f 12812 12813 12814
f 12815 12816 12817
f 12818 12819 12820
f 12814 12821 12812
f 12822 12823 12824
f 12825 12826 12827
f 12825 12827 12828
f 12829 12830 12831
f 12829 12831 12832
f 12833 12834 12835
f 12835 12834 12836
f 12835 12836 12837
f 12838 12839 12840
f 12838 12840 12841
f 12842 12843 12844
f 12845 12846 12847
f 12848 12849 12850
f 12851 12852 12853
f 12851 12853 12854
f 12855 12856 12857
f 12855 12857 12858
f 12859 12860 12861
f 12859 12861 12862
f 12863 12864 12865
f 12863 12865 12866
f 12867 12868 12869
f 12867 12869 12870
f 12871 12872 12873
f 12871 12873 12874
f 12875 12876 12877
f 12878 12879 12880
f 12881 12882 12883
f 12880 12884 12878
f 12885 12886 12887
f 12888 12889 12890
f 12891 12892 12893
f 12894 12895 12896
f 12894 12896 12897
f 12898 12899 12900
f 12901 12902 12903
f 12899 12904 12900
f 12905 12906 12907
f 12908 12909 12910
f 12911 12912 12913
f 12914 12915 12916
f 12914 12916 12917
f 12918 12919 12920
f 12920 12919 12921
f 12922 12923 12924
f 12925 12926 12927
f 12927 12926 12928
f 12927 12928 12929
f 12930 12931 12932
f 12930 12932 12933
f 12934 12935 12936
f 12934 12936 12937
f 12938 12939 12940
f 12938 12940 12941
f 12942 12943 12944
f 12942 12944 12945
f 12946 12947 12948
f 12946 12948 12949
f 12950 12951 12952
f 12950 12952 12953
f 12954 12955 12956
f 12954 12956 12957
f 12958 12959 12960
f 12958 12960 12961
f 12962 12963 12964
f 12964 12963 12965
f 12964 12965 12966
f 12967 12968 12969
f 12967 12969 12970
f 12971 12972 12973
f 12971 12973 12974
f 12975 12976 12977
f 12975 12977 12978
f 12979 12980 12981
f 12979 12981 12982
f 12983 12984 12985
f 12983 12985 12986
f 12987 12988 12989
f 12987 12989 12990
f 12991 12992 12993
f 12991 12993 12994
f 12995 12996 12997
f 12995 12997 12998
f 12999 13000 13001
f 13002 13003 13004
f 13005 13006 13007
f 13004 13008 13002
f 13009 13010 13011
f 13012 13013 13014
f 13015 13016 13017
f 13013 13018 13019
f 13013 13019 13014
f 13020 13021 13022
f 13022 13021 13023
f 13024 13025 13026
f 13027 13028 13029
f 13030 13031 13032
f 13033 13034 13035
f 13036 13037 13038
f 13039 13040 13041
f 13042 13043 13044
f 13044 13043 13045
f 13046 13047 13048
f 13049 13050 13051
f 13052 13053 13054
f 13055 13056 13057
f 13058 13059 13060
f 13061 13062 13063
f 13064 13065 13066
f 13067 13068 13069
f 13070 13071 13072
f 13073 13074 13075
f 13076 13077 13078
f 13079 13080 13081
f 13082 13083 13084
f 13085 13086 13087
f 13088 13089 13090
f 13091 13092 13093
f 13094 13095 13096
f 13097 13098 13099
f 13100 13101 13102
f 13103 13104 13105
f 13106 13107 13108
f 13109 13110 13111
f 13112 13113 13114
f 13115 13116 13117
f 13118 13119 13120
f 13121 13122 13123
f 13124 13125 13126
f 13127 13128 13129
f 13130 13131 13132
f 13133 13134 13135
f 13136 13137 13138
f 13139 13140 13141
f 13140 13139 13142
f 13143 13144 13145
f 13146 13147 13148
f 13149 13150 13151
f 13152 13153 13154
f 13155 13156 13157
f 13158 13159 13160
f 13161 13162 13163
f 13164 13139 13141
f 13165 13166 13167
f 13168 13169 13170
f 13171 13172 13173
f 13174 13175 13176
f 13177 13178 13179
f 13180 13181 13182
f 13183 13184 13185
f 13186 13187 13188
f 13189 13190 13191
f 13192 13193 13194
f 13195 13196 13197
f 13198 13199 13200
f 13201 13202 13203
f 13204 13205 13206
f 13207 13208 13209
f 13210 13211 13212
f 13213 13214 13215
f 13216 13217 13218
f 13219 13220 13221
f 13222 13223 13224
f 13225 13226 13227
f 13228 13229 13230
f 13231 13232 13233
f 13234 13235 13236
f 13054 13053 13237
f 13238 13239 13240
f 13241 13242 13243
f 13244 13245 13246
f 13247 13248 13249
f 13250 13251 13252
f 13253 13254 13255
f 13256 13257 13258
f 13259 13260 13261
f 13262 13263 13264
f 13265 13266 13267
f 13268 13269 13270
f 13271 13272 13273
f 13274 13275 13276
f 13277 13278 13279
f 13280 13281 13282
f 13283 13284 13285
f 13286 13287 13288
f 13289 13290 13291
f 13292 13293 13294
f 13295 13296 13297
f 13298 13299 13300
f 13301 13302 13303
f 13304 13305 13306
f 13307 13308 13309
f 13310 13311 13312
f 13313 13314 13315
f 13316 13317 13318
f 13319 13320 13321
f 13322 13323 13324
f 13325 13326 13327
f 13328 13329 13330
f 13331 13332 13333
f 13334 13335 13336
f 13337 13338 13339
f 13340 13341 13342
f 13343 13344 13345
f 13346 13347 13348
f 13349 13350 13351
f 13352 13353 13354
f 13355 13356 13357
f 13358 13359 13360
f 13361 13362 13363
f 13364 13365 13366
f 13367 13368 13369
f 13370 13371 13372
f 13373 13374 13375
f 13376 13377 13378
f 13379 13380 13381
f 13382 13383 13384
f 13385 13386 13387
f 13388 13389 13390
f 13391 13392 13393
f 13394 13395 13396
f 13397 13398 13399
f 13141 13400 13164
f 13401 13402 13403
f 13404 13405 13406
f 13407 13397 13399
f 13407 13399 13408
f 13409 13410 13411
f 13412 13413 13414
f 13415 13416 13417
f 13418 13419 13420
f 13421 13422 13423
f 13424 13425 13426
f 13427 13428 13429
f 13430 13431 13432
f 13433 13434 13435
f 13436 13437 13438
f 13439 13440 13441
f 13442 13443 13444
f 13445 13446 13447
f 13448 13449 13450
f 13451 13452 13453
f 13454 13455 13456
f 13457 13458 13459
f 13460 13461 13462
f 13463 13464 13465
f 13466 13467 13468
f 13469 13470 13471
f 13472 13473 13474
f 13475 13476 13477
f 13478 13479 13480
f 13481 13482 13483
f 13484 13485 13486
f 13487 13488 13489
f 13490 13491 13492
f 13493 13494 13495
f 13496 13497 13498
f 13499 13500 13501
f 13502 13503 13504
f 13505 13506 13507
f 13508 13509 13510
f 13511 13512 13513
f 13514 13515 13516
f 13517 13518 13519
f 13520 13521 13522
f 13523 13524 13525
f 13526 13527 13528
f 13529 13530 13531
f 13532 13533 13534
f 13535 13536 13537
f 13538 13539 13540
f 13541 13542 13543
f 13544 13545 13546
f 13547 13548 13549
f 13550 13551 13552
f 13552 13551 13400
f 13552 13400 13553
f 13142 13554 13140
f 13140 13554 13141
f 13141 13554 13400
f 13400 13554 13555
f 13400 13555 13553
f 13556 13557 13558
f 13559 13560 13561
f 13561 13560 13562
f 13563 13564 13565
f 13200 13566 13567
f 13568 13569 13563
f 13570 13571 13572
f 13573 13574 13575
f 13576 13577 13578
f 13578 13577 13579
f 13580 13581 13582
f 13582 13581 13583
f 13584 13585 13586
f 13586 13585 13587
f 13586 13587 13588
f 13589 13590 13591
f 13591 13590 13588
f 13591 13588 13592
f 13592 13588 13587
f 13589 13593 13590
f 13590 13593 13594
f 13590 13594 13595
f 13595 13594 13596
f 13595 13596 13597
f 13598 13599 13600
f 13598 13600 13601
f 13602 13603 13604
f 13605 13606 13607
f 13608 13609 13610
f 13611 13612 13613
f 13614 13615 13616
f 13617 13618 13619
f 13620 13621 13622
f 13622 13621 13623
f 13624 13625 13623
f 13623 13625 13626
f 13623 13626 13622
f 13627 13628 13629
f 13629 13628 13621
f 13629 13621 13630
f 13630 13621 13620
f 13627 13631 13628
f 13628 13631 13632
f 13628 13632 13633
f 13633 13632 13634
f 13634 13635 13633
f 13633 13635 13636
f 13633 13636 13637
f 13638 13639 13640
f 13640 13639 13641
f 13642 13643 13644
f 13645 13646 13647
f 13642 13644 13647
f 13647 13644 13648
f 13647 13648 13645
f 13649 13650 13646
f 13646 13650 13651
f 13646 13651 13647
f 13652 13653 13654
f 13649 13646 13653
f 13653 13646 13655
f 13653 13655 13654
f 13652 13654 13656
f 13656 13654 13657
f 13656 13657 13658
f 13659 13660 13661
f 13661 13660 13662
f 13659 13663 13660
f 13660 13663 13664
f 13660 13664 13658
f 13658 13664 13665
f 13658 13665 13656
f 13666 13667 13668
f 13669 13670 13671
f 13672 13673 13674
f 13674 13673 13675
f 13676 13677 13678
f 13679 13680 13681
f 13682 13683 13684
f 13684 13683 13685
f 13686 13687 13688
f 13689 13690 13691
f 13692 13693 13694
f 13692 13694 13695
f 13695 13694 13696
f 13695 13696 13697
f 13698 13699 13700
f 13701 13702 13703
f 13704 13705 13706
f 13707 13708 13709
f 13710 13711 13712
f 13713 13714 13715
f 13716 13717 13718
f 13719 13720 13721
f 13722 13723 13724
f 13725 13726 13727
f 13728 13729 13730
f 13731 13732 13733
f 13734 13735 13736
f 13737 13738 13739
f 13740 13741 13742
f 13743 13744 13745
f 13746 13747 13748
f 13749 13750 13751
f 13752 13753 13754
f 13755 13756 13757
f 13758 13759 13760
f 13761 13762 13763
f 13764 13765 13766
f 13767 13768 13769
f 13770 13771 13772
f 13773 13774 13775
f 13776 13553 13555
f 13777 13778 13779
f 13780 13781 13782
f 13783 13784 13785
f 13786 13787 13788
f 13789 13790 13791
f 13792 13793 13794
f 13795 13796 13797
f 13798 13799 13800
f 13801 13802 13803
f 13804 13805 13806
f 13807 13776 13555
f 13807 13555 13554
f 13808 13809 13810
f 13811 13812 13813
f 13814 13815 13816
f 13817 13818 13819
f 13820 13821 13822
f 13823 13573 13575
f 13824 13825 13826
f 13827 13828 13829
f 13830 13831 13832
f 13833 13834 13835
f 13836 13837 13838
f 13839 13840 13841
f 13842 13843 13844
f 13845 13846 13847
f 13848 13849 13850
f 13851 13852 13853
f 13815 13854 13816
f 13855 13856 13857
f 13858 13859 13860
f 13861 13862 13863
f 13864 13865 13866
f 13867 13868 13869
f 13870 13871 13872
f 13873 13874 13875
f 13876 13877 13878
f 13879 13880 13881
f 13882 13883 13884
f 13885 13886 13887
f 13888 13889 13890
f 13891 13892 13893
f 13894 13895 13896
f 13897 13898 13899
f 13900 13901 13902
f 13903 13904 13905
f 13906 13907 13908
f 13909 13910 13911
f 13912 13913 13914
f 13915 13916 13917
f 13918 13919 13920
f 13921 13922 13923
f 13924 13925 13926
f 13927 13928 13929
f 13930 13931 13932
f 13933 13934 13935
f 13936 13937 13938
f 13939 13940 13941
f 13586 13942 13584
f 13943 13944 13945
f 13946 13947 13948
f 13949 13950 13951
f 13952 13953 13954
f 13955 13956 13957
f 13958 13959 13960
f 13961 13962 13963
f 13964 13965 13966
f 13967 13968 13969
f 13970 13971 13972
f 13973 13974 13975
f 13976 13977 13978
f 13979 13980 13981
f 13721 13982 13719
f 13983 13984 13985
f 13986 13987 13988
f 13989 13990 13991
f 13992 13993 13994
f 13995 13996 13997
f 13998 13999 14000
f 14001 14002 14003
f 14004 14005 14006
f 14007 14008 14009
f 14010 14011 14012
f 14013 14014 14015
f 14016 14017 14018
f 14019 14020 14021
f 14022 14023 14024
f 14025 14026 14027
f 13552 13553 13776
f 14028 14029 14030
f 14031 14032 14033
f 14034 14035 14036
f 14037 14038 14039
f 14040 14028 14030
f 14040 14030 14041
f 14042 14043 14044
f 14045 14046 14047
f 14048 14049 14050
f 14051 14052 14053
f 14051 14053 14054
f 14055 14056 14057
f 14058 14059 14060
f 14061 14062 14063
f 14064 14065 14066
f 14067 14068 14069
f 14070 14071 14072
f 14073 14074 14075
f 14076 14077 14078
f 14079 14080 14081
f 14082 14083 14084
f 14085 14086 14087
f 14088 14089 14090
f 14091 14092 14093
f 14094 14095 14096
f 14097 14098 14099
f 14100 14101 14102
f 14103 14104 14105
f 14106 14107 14108
f 14109 14110 14111
f 14112 14113 14114
f 14115 14116 14117
f 14118 14119 14120
f 14121 14122 14123
f 14124 14125 14126
f 14127 14128 14129
f 14130 14131 14132
f 14133 14134 14135
f 14136 14137 14138
f 14139 14140 14141
f 14142 14143 14144
f 14145 14146 14147
f 14148 14149 14150
f 14151 14152 14153
f 14154 14155 14156
f 14156 14155 14157
f 14158 14159 14160
f 14161 14162 14163
f 14164 14165 14166
f 14167 14168 14169
f 14170 14171 14172
f 14173 14174 14175
f 14176 14177 14178
f 3875 14179 3876
f 14180 14181 14182
f 14183 14184 14185
f 14186 14187 14188
f 14189 14190 14191
f 14192 14193 14194
f 14195 14196 14197
f 14198 14199 14200
f 14201 14202 14203
f 14204 14205 14206
f 14207 14208 14209
f 14210 14211 14212
f 14213 14214 14215
f 14215 14214 14216
f 14215 14216 14217
f 14218 14219 14220
f 14221 14222 14223
f 14224 14225 14226
f 14224 14226 14227
f 14220 14228 14229
f 14230 14231 14232
f 14233 14234 14235
f 14235 14234 14236
f 14221 14237 14222
f 14238 14239 14240
f 14241 14242 14243
f 14244 14245 14246
f 14246 14245 14247
f 14248 14249 14250
f 14250 14249 14251
f 14250 14251 14252
f 14253 14254 14255
f 14256 14257 14258
f 14259 14260 14261
f 14262 14263 14264
f 14261 14265 14266
f 14266 14265 14267
f 14268 14269 14270
f 14271 14272 14273
f 14274 14275 14276
f 14277 14278 14279
f 14280 14281 14282
f 14283 14284 14285
f 14283 14285 14286
f 14287 14288 14289
f 14290 14291 14292
f 14292 14291 14293
f 14292 14293 14294
f 14295 14296 14297
f 14297 14296 14298
f 14299 14300 14301
f 14301 14300 14302
f 14303 14304 14305
f 14301 14306 14299
f 14299 14306 14307
f 14308 14309 14310
f 14311 14312 14313
f 14310 14314 14315
f 14316 14317 14318
f 14318 14317 14319
f 14320 14321 14322
f 14322 14321 14323
f 14322 14323 14324
f 14324 14323 14325
f 14326 14327 14328
f 14326 14328 14329
f 14330 14331 14332
f 14330 14332 14333
f 14334 14335 14336
f 14334 14336 14337
f 14338 14339 14340
f 14338 14340 14341
f 14342 14343 14344
f 14342 14344 14345
f 14346 14347 14348
f 14346 14348 14349
f 14350 14351 14352
f 14353 14354 14355
f 14355 14356 14353
f 14353 14356 14357
f 14358 14359 14360
f 14361 14362 14363
f 14364 14365 14366
f 14367 14368 14369
f 14370 14371 14372
f 14360 14373 14358
f 14374 14375 14376
f 14371 14377 14372
f 14378 14379 14380
f 14381 14382 14383
f 14384 14377 14385
f 14386 14387 14388
f 14389 14390 14391
f 14392 14393 14394
f 14395 14396 14397
f 14398 14399 14400
f 14401 14402 14403
f 14404 14405 14406
f 14406 14405 14407
f 14406 14407 14408
f 14409 14410 14411
f 14409 14411 14412
f 14413 14414 14415
f 14413 14415 14416
f 14417 14418 14419
f 14417 14419 14420
f 14421 14422 14423
f 14421 14423 14424
f 14425 14426 14427
f 14425 14427 14428
f 14429 14430 14431
f 14429 14431 14432
f 14433 14434 14435
f 14433 14435 14436
f 14437 14438 14439
f 14437 14439 14440
f 14441 14442 14443
f 14443 14442 14444
f 14443 14444 14445
f 14446 14447 14448
f 14446 14448 14449
f 14450 14451 14452
f 14450 14452 14453
f 14454 14455 14456
f 14454 14456 14457
f 14458 14459 14460
f 14458 14460 14461
f 14462 14463 14464
f 14462 14464 14465
f 14466 14467 14468
f 14466 14468 14469
f 14470 14471 14472
f 14470 14472 14473
f 14474 14475 14476
f 14474 14476 14477
f 14478 14479 14480
f 14480 14479 14481
f 14482 14483 14484
f 14485 14486 14487
f 14488 14489 14490
f 14491 14492 14493
f 14494 14495 14496
f 14497 14498 14499
f 14500 14501 14502
f 14503 14504 14505
f 14506 14507 14508
f 14509 14510 14511
f 14512 14513 14514
f 14515 14516 14517
f 14518 14519 14520
f 14521 14522 14523
f 14524 14525 14526
f 14527 14528 14529
f 14530 14531 14532
f 14533 14534 14535
f 14536 14537 14538
f 14538 14537 14539
f 14538 14539 14540
f 14541 14542 14543
f 14541 14543 14544
f 14545 14546 14547
f 14545 14547 14548
f 14549 14550 14551
f 14549 14551 14552
f 14553 14554 14555
f 14553 14555 14556
f 14557 14558 14559
f 14557 14559 14560
f 14561 14562 14563
f 14561 14563 14564
f 14565 14566 14567
f 14565 14567 14568
f 14569 14570 14571
f 14569 14571 14572
f 14573 14574 14575
f 14575 14574 14576
f 14575 14576 14577
f 14578 14579 14580
f 14578 14580 14581
f 14582 14583 14584
f 14582 14584 14585
f 14586 14587 14588
f 14586 14588 14589
f 14590 14591 14592
f 14590 14592 14593
f 14594 14595 14596
f 14594 14596 14597
f 14598 14599 14600
f 14598 14600 14601
f 14602 14603 14604
f 14602 14604 14605
f 14606 14607 14608
f 14606 14608 14609
f 14610 14611 14612
f 14612 14611 14613
f 14614 14615 14616
f 14617 14618 14619
f 14620 14621 14622
f 14623 14624 14625
f 14626 14627 14628
f 14629 14630 14631
f 14632 14633 14634
f 14635 14636 14637
f 14638 14639 14640
f 14641 14642 14643
f 14644 14645 14646
f 14647 14648 14649
f 14650 14651 14652
f 14653 14654 14655
f 14656 14657 14658
f 14658 14657 14659
f 14658 14659 14660
f 14661 14662 14663
f 14661 14663 14664
f 14665 14666 14667
f 14665 14667 14668
f 14669 14670 14671
f 14669 14671 14672
f 14673 14674 14675
f 14673 14675 14676
f 14677 14678 14679
f 14677 14679 14680
f 14681 14682 14683
f 14681 14683 14684
f 14685 14686 14687
f 14685 14687 14688
f 14689 14690 14691
f 14689 14691 14692
f 14693 14694 14695
f 14695 14694 14696
f 14695 14696 14697
f 14698 14699 14700
f 14698 14700 14701
f 14702 14703 14704
f 14702 14704 14705
f 14706 14707 14708
f 14706 14708 14709
f 14710 14711 14712
f 14710 14712 14713
f 14714 14715 14716
f 14714 14716 14717
f 14718 14719 14720
f 14718 14720 14721
f 14722 14723 14724
f 14722 14724 14725
f 14726 14727 14728
f 14726 14728 14729
f 14730 14731 14732
f 14732 14731 14733
f 14734 14735 14736
f 14737 14738 14739
f 14740 14741 14742
f 14743 14744 14745
f 14746 14747 14748
f 14749 14750 14751
f 14752 14753 14754
f 14755 14756 14757
f 14758 14759 14760
f 14761 14762 14763
f 14764 14765 14766
f 14767 14768 14769
f 14770 14771 14772
f 14773 14774 14775
f 14776 14777 14778
f 14779 14780 14781
f 14782 14783 14784
f 14785 14786 14787
f 14788 14789 14790
f 14788 14790 14791
f 14792 14793 14794
f 14792 14794 14795
f 14796 14797 14798
f 14796 14798 14799
f 14800 14801 14802
f 14800 14802 14803
f 14804 14805 14806
f 14804 14806 14807
f 14808 14809 14810
f 14808 14810 14811
f 14812 14813 14814
f 14815 14816 14817
f 14818 14819 14820
f 14821 14822 14823
f 14821 14823 14824
f 14825 14826 14827
f 14827 14826 14828
f 14829 14830 14831
f 14832 14833 14834
f 14835 14836 14837
f 14838 14839 14840
f 14841 14842 14843
f 14844 14845 14846
f 14847 14848 14849
f 14850 14851 14852
f 14853 14854 14855
f 14856 14857 14858
f 14853 14859 14860
f 14861 14862 14863
f 14864 14865 14866
f 14867 14868 14869
f 14870 14871 14872
f 14873 14874 14875
f 14876 14877 14878
f 14879 14880 14881
f 14882 14883 14884
f 14885 14886 14887
f 14888 14889 14890
f 14891 14892 14893
f 14894 14895 14896
f 14897 14898 14899
f 14900 14901 14902
f 14903 14904 14905
f 14906 14907 14908
f 14909 14910 14911
f 14912 14913 14914
f 14915 14916 14917
f 14918 14919 14920
f 14921 14922 14923
f 14923 14922 14924
f 14923 14924 14925
f 14926 14927 14928
f 14928 14927 14929
f 14930 14931 14932
f 14931 14933 14932
f 14934 14935 14936
f 14934 14936 14937
f 14938 14939 14940
f 14938 14940 14941
f 14942 14943 14944
f 14945 14946 14947
f 14948 14949 14950
f 14951 14952 14953
f 14953 14952 14954
f 14955 14956 14957
f 14957 14956 14958
f 14959 14960 14961
f 14961 14960 14962
f 14963 14964 14965
f 14965 14964 14966
f 14967 14968 14969
f 14969 14968 14970
f 14969 14970 14971
f 14972 14973 14974
f 14975 14976 14977
f 14978 14979 14980
f 14981 14982 14983
f 14984 14985 14986
f 14987 14988 14989
f 14990 14991 14992
f 14993 14994 14995
f 14996 14997 14998
f 14999 15000 15001
f 15002 15003 15004
f 15005 15006 15007
f 15008 15009 15010
f 15008 15010 15011
f 15012 15013 15014
f 15015 15016 15017
f 15018 15019 15020
f 15021 15022 15023
f 15024 15025 15026
f 15027 15028 15029
f 15030 15031 15032
f 15032 15031 15033
f 15034 15035 15036
f 15037 15038 15039
f 15040 15041 15042
f 15043 15044 15045
f 15046 15047 15048
f 15048 15047 15049
f 15050 15051 15052
f 15052 15051 15053
f 15054 15055 15056
f 15057 15058 15059
f 15060 15061 15062
f 15063 15064 15065
f 15063 15065 15066
f 15067 15068 15069
f 15067 15069 15070
f 15071 15072 15073
f 15074 15075 15076
f 15077 15078 15079
f 15080 15081 15082
f 15083 15084 15085
f 15085 15084 15086
f 15087 15088 15089
f 15090 15091 15092
f 15090 15092 15093
f 15094 15095 15096
f 15089 15097 15087
f 15098 15099 15100
f 15098 15100 15101
f 15102 15103 15104
f 15102 15104 15105
f 15106 15107 15108
f 15106 15108 15109
f 15110 15111 15112
f 15110 15112 15113
f 15114 15115 15116
f 15114 15116 15117
f 15118 15119 15120
f 15120 15119 15121
f 15122 15123 15124
f 15125 15126 15127
f 15125 15127 15128
f 15129 15130 15131
f 15124 15132 15122
f 15133 15134 15135
f 15133 15135 15136
f 15137 15138 15139
f 15137 15139 15140
f 15141 15142 15143
f 15141 15143 15144
f 15145 15146 15147
f 15145 15147 15148
f 15149 15150 15151
f 15149 15151 15152
f 15153 15154 15155
f 15155 15154 15156
f 15157 15158 15159
f 15160 15161 15162
f 15160 15162 15163
f 15164 15165 15166
f 15159 15167 15157
f 15168 15169 15170
f 15168 15170 15171
f 15172 15173 15174
f 15172 15174 15175
f 15176 15177 15178
f 15176 15178 15179
f 15180 15181 15182
f 15180 15182 15183
f 15184 15185 15186
f 15184 15186 15187
f 15188 15189 15190
f 15190 15189 15191
f 15192 15193 15194
f 15195 15196 15197
f 15195 15197 15198
f 15199 15200 15201
f 15194 15202 15192
f 15203 15204 15205
f 15203 15205 15206
f 15207 15208 15209
f 15207 15209 15210
f 15211 15212 15213
f 15211 15213 15214
f 15215 15216 15217
f 15215 15217 15218
f 15219 15220 15221
f 15219 15221 15222
f 15223 15224 15225
f 15225 15224 15226
f 15227 15228 15229
f 15229 15230 15227
f 15227 15230 15231
f 15227 15231 15232
f 15233 15234 15235
f 15235 15234 15236
f 15237 15238 15239
f 15239 15238 15240
f 15239 15240 15241
f 15241 15240 15242
f 15241 15242 15243
f 15229 15244 15245
f 15245 15244 15246
f 15247 15248 15249
f 15249 15248 15250
f 15249 15250 15251
f 15252 15253 15246
f 15246 15253 15254
f 15246 15254 15245
f 15250 15255 15251
f 15251 15255 15256
f 15251 15256 15233
f 15233 15256 15257
f 15233 15257 15234
f 15234 15257 15258
f 15234 15258 15259
f 15260 15261 15262
f 15262 15261 15263
f 15262 15263 15264
f 15264 15263 15265
f 15264 15265 15247
f 15247 15265 15266
f 15247 15266 15248
f 15267 15268 15269
f 15269 15268 15270
f 15243 15271 15241
f 15241 15271 15272
f 15241 15272 15252
f 15252 15272 15273
f 15252 15273 15253
f 15258 15274 15259
f 15259 15274 15275
f 15259 15275 15276
f 15276 15275 15277
f 15276 15277 15278
f 15278 15277 15279
f 15279 15280 15278
f 15278 15280 15281
f 15278 15281 15282
f 15282 15281 15283
f 15282 15283 15271
f 15271 15283 15284
f 15271 15284 15272
f 15285 15261 15269
f 15269 15261 15260
f 15269 15260 15267
f 15236 15234 15286
f 15286 15234 15287
f 15286 15287 15268
f 15268 15287 15288
f 15268 15288 15238
f 15285 15289 15261
f 15261 15289 15290
f 15261 15290 15291
f 15290 15292 15291
f 15291 15292 15293
f 15291 15293 15294
f 15294 15293 15295
f 15237 15296 15238
f 15238 15296 15297
f 15238 15297 15268
f 15268 15297 15298
f 15268 15298 15270
f 15270 15298 15299
f 15270 15299 15228
f 15228 15299 15300
f 15228 15300 15229
f 15229 15300 15301
f 15229 15301 15244
f 15231 15302 15232
f 15232 15302 15303
f 15232 15303 15304
f 15304 15303 15305
f 15304 15305 15295
f 15295 15305 15306
f 15295 15306 15294
f 15307 15308 15309
f 15310 15311 15312
f 15310 15312 15313
f 15314 15315 15316
f 15314 15316 15317
f 15318 15319 15320
f 15318 15320 15321
f 15322 15323 15324
f 15322 15324 15325
f 15326 15327 15328
f 15326 15328 15329
f 15330 15331 15332
f 15330 15332 15333
f 15334 15335 15336
f 15334 15336 15337
f 15338 15339 15340
f 15338 15340 15341
f 15342 15343 15344
f 15342 15344 15345
f 15346 15347 15348
f 15346 15348 15349
f 15350 15351 15352
f 15350 15352 15353
f 15307 15354 15308
f 15355 15356 15357
f 15357 15356 15358
f 15357 15358 15359
f 15360 15361 15357
f 15357 15361 15362
f 15357 15362 15355
f 15363 15364 15357
f 15357 15364 15365
f 15357 15365 15360
f 15359 15366 15357
f 15357 15366 15367
f 15357 15367 15363
f 15368 15369 15370
f 15371 15372 15373
f 15371 15373 15374
f 15375 15376 15377
f 15375 15377 15378
f 15379 15380 15381
f 15379 15381 15382
f 15383 15384 15385
f 15383 15385 15386
f 15387 15388 15389
f 15387 15389 15390
f 15391 15392 15393
f 15391 15393 15394
f 15395 15396 15397
f 15395 15397 15398
f 15399 15400 15401
f 15399 15401 15402
f 15403 15404 15405
f 15403 15405 15406
f 15407 15408 15409
f 15407 15409 15410
f 15411 15412 15413
f 15411 15413 15414
f 15368 15415 15369
f 15416 15417 15418
f 15418 15417 15419
f 15418 15419 15420
f 15421 15422 15418
f 15418 15422 15423
f 15418 15423 15416
f 15424 15425 15418
f 15418 15425 15426
f 15418 15426 15421
f 15420 15427 15418
f 15418 15427 15428
f 15418 15428 15424
f 15429 15430 15431
f 15432 15433 15434
f 15432 15434 15435
f 15436 15437 15438
f 15436 15438 15439
f 15440 15441 15442
f 15440 15442 15443
f 15444 15445 15446
f 15444 15446 15447
f 15448 15449 15450
f 15448 15450 15451
f 15452 15453 15454
f 15452 15454 15455
f 15456 15457 15458
f 15456 15458 15459
f 15460 15461 15462
f 15460 15462 15463
f 15464 15465 15466
f 15464 15466 15467
f 15468 15469 15470
f 15468 15470 15471
f 15472 15473 15474
f 15472 15474 15475
f 15429 15476 15430
f 15477 15478 15479
f 15479 15478 15480
f 15479 15480 15481
f 15482 15483 15479
f 15479 15483 15484
f 15479 15484 15477
f 15485 15486 15479
f 15479 15486 15487
f 15479 15487 15482
f 15481 15488 15479
f 15479 15488 15489
f 15479 15489 15485
f 15490 15491 15492
f 15493 15494 15495
f 15493 15495 15496
f 15497 15498 15499
f 15497 15499 15500
f 15501 15502 15503
f 15501 15503 15504
f 15505 15506 15507
f 15505 15507 15508
f 15509 15510 15511
f 15509 15511 15512
f 15513 15514 15515
f 15513 15515 15516
f 15517 15518 15519
f 15517 15519 15520
f 15521 15522 15523
f 15521 15523 15524
f 15525 15526 15527
f 15525 15527 15528
f 15529 15530 15531
f 15529 15531 15532
f 15533 15534 15535
f 15533 15535 15536
f 15490 15537 15491
f 15538 15539 15540
f 15540 15539 15541
f 15540 15541 15542
f 15543 15544 15540
f 15540 15544 15545
f 15540 15545 15538
f 15546 15547 15540
f 15540 15547 15548
f 15540 15548 15543
f 15542 15549 15540
f 15540 15549 15550
f 15540 15550 15546

