# https://github.com/mikedh/trimesh
mtllib material.mtl

o metacarpal_001
usemtl material_0
v 2.42356992 7.14736983 57.78464127
v 1.05031002 7.94144008 58.24916840
v 1.05031002 7.47346017 57.78464127
v 2.60851002 7.94144008 58.63739014
v 1.05031002 7.94144008 58.24916840
v 2.42356992 7.14736983 57.78464127
v 1.05031002 8.49699018 59.64888000
v 2.28125000 8.49699018 59.99264145
v 0.00031000 8.55729959 68.91864777
v 0.00031000 8.55729959 68.91864777
v 1.03530002 8.49699018 57.78464127
v 1.05031002 8.49699018 59.64888000
v -1.03468001 8.49699018 57.78464127
v 1.03530002 8.49699018 57.78464127
v -2.13558006 10.99699018 56.22232056
v -4.16852999 10.99699018 56.91780090
v -1.50644004 11.39698980 59.23009872
v -1.50644004 11.39698980 59.23009872
v -0.00019000 11.39698980 59.05913925
v -2.13558006 10.99699018 56.22232056
v 0.00030000 10.99699018 55.98667908
v 1.50619996 11.39698980 59.22990036
v 2.13615990 10.99699018 56.22230911
v 0.00030000 10.99699018 55.98667908
v -0.00019000 11.39698980 59.05913925
v 0.00031000 11.49530027 59.76977158
v 0.00032000 11.49699018 65.90821838
v 1.69914997 11.49699018 60.07461929
v 2.73892999 11.49699018 60.49404907
v 3.64844990 11.49699018 61.07492065
v -1.69865000 11.49699018 60.07464981
v -2.73841000 11.49699018 60.49409103
v -3.64783001 11.49699018 61.07490921
v -2.73841000 11.49699018 60.49409103
v -1.69865000 11.49699018 60.07464981
v -2.90816998 11.39698980 59.72055817
v -1.50644004 11.39698980 59.23009872
v -2.90816998 11.39698980 59.72055817
v -1.69865000 11.49699018 60.07464981
v -1.69865000 11.49699018 60.07464981
v 0.00031000 11.49530027 59.76977158
v -1.50644004 11.39698980 59.23009872
v -0.00019000 11.39698980 59.05913925
v -1.50644004 11.39698980 59.23009872
v 0.00031000 11.49530027 59.76977158
v 1.50619996 11.39698980 59.22990036
v -0.00019000 11.39698980 59.05913925
v 0.00031000 11.49530027 59.76977158
v 0.00031000 11.49530027 59.76977158
v 1.69914997 11.49699018 60.07461929
v 1.50619996 11.39698980 59.22990036
v 2.90831995 11.39698980 59.72032928
v 1.50619996 11.39698980 59.22990036
v 1.69914997 11.49699018 60.07461929
v 2.60851002 7.94144008 58.63739014
v 1.05031002 8.49699018 59.64888000
v 1.05031002 7.94144008 58.24916840
v 2.28125000 8.49699018 59.99264145
v 1.05031002 8.49699018 59.64888000
v 2.60851002 7.94144008 58.63739014
v 1.05031002 7.47346017 57.78464127
v 1.05031002 7.94144008 58.24916840
v 1.03530002 8.49699018 57.78464127
v 1.05031002 8.49699018 59.64888000
v 1.03530002 8.49699018 57.78464127
v 1.05031002 7.94144008 58.24916840
v 1.05031002 7.47346017 57.78464127
v 1.03530002 8.49699018 57.78464127
v -1.03468001 8.49699018 57.78464127
v 7.55013990 -4.00300982 57.78464890
v -4.99969006 8.49699018 57.78464127
v -5.49969006 5.16903016 57.78464127
v -6.34753990 4.08413980 57.78464127
v -7.00373983 2.81537006 57.78464127
v -7.41158009 1.43359003 57.78464127
v -7.54952002 -0.00301000 57.78464127
v -7.54952002 -4.00300982 57.78464127
v 3.73850012 11.49699018 69.49623871
v 4.49081993 11.49699018 68.53881073
v -3.17534995 8.69991967 68.29736328
v 0.00031000 8.55729959 68.91864777
v -3.28924990 9.10509965 69.40429688
v 2.23938990 11.04699037 72.25643158
v 2.27098989 11.48799035 70.79403687
v 1.13878000 11.48799035 71.16059113
v 2.23938990 11.04699037 72.25643158
v 1.13878000 11.48799035 71.16059113
v 0.76284999 11.04699037 72.59023285
v 0.76284999 11.04699037 72.59023285
v 1.13878000 11.48799035 71.16059113
v 0.00032000 11.48799035 71.28465271
v 3.73850012 11.49699018 69.49623871
v 2.78627992 11.49699018 70.25549316
v 4.81270981 11.04699990 70.65682220
v 3.60861993 11.04699990 71.60507965
v 4.81270981 11.04699990 70.65682220
v 2.78627992 11.49699018 70.25549316
v 2.23938990 11.04699037 72.25643158
v 3.60861993 11.04699990 71.60507965
v 2.27098989 11.48799035 70.79403687
v 3.60861993 11.04699990 71.60507965
v 2.78627992 11.49699018 70.25549316
v 2.27098989 11.48799035 70.79403687
v -0.75524002 11.04699037 72.59101105
v 0.76284999 11.04699037 72.59023285
v 0.00032000 11.48799035 71.28465271
v 0.00032000 11.48799035 71.28465271
v -1.16121995 11.48799035 71.16059113
v -0.75524002 11.04699037 72.59101105
v -2.23214006 11.04699037 72.25872040
v -0.75524002 11.04699037 72.59101105
v -1.16121995 11.48799035 71.16059113
v -1.16121995 11.48799035 71.16059113
v -2.27035999 11.48799035 70.79403687
v -2.23214006 11.04699037 72.25872040
v -3.60195994 11.04699990 71.60881805
v -2.23214006 11.04699037 72.25872040
v -2.27035999 11.48799035 70.79403687
v -2.27035999 11.48799035 70.79403687
v -2.78565001 11.49699018 70.25549316
v -3.60195994 11.04699990 71.60881805
v -4.80699015 11.04701039 70.66184235
v -3.60195994 11.04699990 71.60881805
v -2.78565001 11.49699018 70.25549316
v -2.78565001 11.49699018 70.25549316
v -3.73787999 11.49699018 69.49623871
v -4.80699015 11.04701039 70.66184235
v 3.44225001 9.96397969 71.93695831
v 3.10938001 10.38171956 72.45205688
v 2.01661992 9.96858022 72.53302765
v 5.28198004 10.27447984 71.13149261
v 2.57708001 10.85608003 72.45101166
v 3.10938001 10.38171956 72.45205688
v 5.28198004 10.27447984 71.13149261
v 3.99746990 10.83607003 71.74594879
v 2.57708001 10.85608003 72.45101166
v 5.28198004 10.27447984 71.13149261
v 5.09085989 10.75975034 71.00473785
v 3.99746990 10.83607003 71.74594879
v 5.28198004 10.27447984 71.13149261
v 3.10938001 10.38171956 72.45205688
v 4.96737003 9.87594983 70.95893097
v 3.10938001 10.38171956 72.45205688
v 3.44225001 9.96397969 71.93695831
v 4.96737003 9.87594983 70.95893097
v 5.71691990 10.68465039 70.48512268
v 5.09085989 10.75975034 71.00473785
v 5.28198004 10.27447984 71.13149261
v 4.96737003 9.87594983 70.95893097
v 5.56943989 9.80372045 70.45921326
v 5.28198004 10.27447984 71.13149261
v -2.59559011 9.96858022 72.33196259
v -3.10875010 10.38171956 72.45205688
v -3.86623001 9.95135018 71.70066071
v -1.06764996 10.38029954 73.07559967
v -3.10875010 10.38171956 72.45205688
v -1.06017995 9.96858022 72.74751282
v -3.10875010 10.38171956 72.45205688
v -2.59559011 9.96858022 72.33196259
v -1.06017995 9.96858022 72.74751282
v -1.06764996 10.38029954 73.07559967
v -2.63387990 10.85608003 72.42852020
v -3.10875010 10.38171956 72.45205688
v -1.06764996 10.38029954 73.07559967
v -1.65129006 10.85608003 72.73822784
v -2.63387990 10.85608003 72.42852020
v -1.06764996 10.38029954 73.07559967
v -0.46035001 10.85608003 72.91681671
v -1.65129006 10.85608003 72.73822784
v 1.06827998 10.38029954 73.07559967
v -1.06764996 10.38029954 73.07559967
v 0.81112999 9.96858022 72.78098297
v -1.06764996 10.38029954 73.07559967
v -1.06017995 9.96858022 72.74751282
v 0.81112999 9.96858022 72.78098297
v -1.06764996 10.38029954 73.07559967
v 1.06827998 10.38029954 73.07559967
v -0.46035001 10.85608003 72.91681671
v 1.06827998 10.38029954 73.07559967
v 0.82309002 10.85608003 72.88416290
v -0.46035001 10.85608003 72.91681671
v 2.04635000 10.85608003 72.63255310
v 0.82309002 10.85608003 72.88416290
v 1.06827998 10.38029954 73.07559967
v 1.06827998 10.38029954 73.07559967
v 2.01661992 9.96858022 72.53302765
v 3.10938001 10.38171956 72.45205688
v 1.06827998 10.38029954 73.07559967
v 0.81112999 9.96858022 72.78098297
v 2.01661992 9.96858022 72.53302765
v 1.06827998 10.38029954 73.07559967
v 3.10938001 10.38171956 72.45205688
v 2.04635000 10.85608003 72.63255310
v 3.10938001 10.38171956 72.45205688
v 2.57708001 10.85608003 72.45101166
v 2.04635000 10.85608003 72.63255310
v -5.96849012 9.74085042 70.08223724
v -4.84851980 9.88733003 71.04855347
v -5.28136015 10.27447984 71.13149261
v -4.96727991 10.77159021 71.09793854
v -5.53304005 10.70934961 70.64543915
v -5.28136015 10.27447984 71.13149261
v -5.28136015 10.27447984 71.13149261
v -3.10875010 10.38171956 72.45205688
v -4.96727991 10.77159021 71.09793854
v -3.10875010 10.38171956 72.45205688
v -3.94572997 10.83815953 71.77613068
v -4.96727991 10.77159021 71.09793854
v -3.10875010 10.38171956 72.45205688
v -2.63387990 10.85608003 72.42852020
v -3.94572997 10.83815953 71.77613068
v -5.28136015 10.27447984 71.13149261
v -3.86623001 9.95135018 71.70066071
v -3.10875010 10.38171956 72.45205688
v -5.28136015 10.27447984 71.13149261
v -4.84851980 9.88733003 71.04855347
v -3.86623001 9.95135018 71.70066071
v -3.33823991 9.49195954 70.55422211
v -2.54465008 9.65114972 71.40519714
v -3.86623001 9.95135018 71.70066071
v -4.84851980 9.88733003 71.04855347
v -3.28924990 9.10509965 69.40429688
v -4.84851980 9.88733003 71.04855347
v -3.17534995 8.69991967 68.29736328
v -3.28924990 9.10509965 69.40429688
v 3.44225001 9.96397969 71.93695831
v 2.01661992 9.96858022 72.53302765
v 2.54801989 9.65114972 71.40518951
v 4.96737003 9.87594983 70.95893097
v 3.44225001 9.96397969 71.93695831
v 3.33826995 9.49240014 70.55583954
v 2.54801989 9.65114972 71.40518951
v 3.28988004 9.10509965 69.40429688
v -2.59559011 9.96858022 72.33196259
v -2.54465008 9.65114972 71.40519714
v -1.30421996 9.65114972 71.81620026
v -2.59559011 9.96858022 72.33196259
v -1.06017995 9.96858022 72.74751282
v -2.59559011 9.96858022 72.33196259
v -1.30421996 9.65114972 71.81620026
v -1.30421996 9.65114972 71.81620026
v 0.00028000 9.65114972 71.95565033
v -1.06017995 9.96858022 72.74751282
v 0.00028000 9.65114972 71.95565033
v 1.30478001 9.65114972 71.81622314
v -1.06017995 9.96858022 72.74751282
v 1.30478001 9.65114972 71.81622314
v 0.81112999 9.96858022 72.78098297
v -1.06017995 9.96858022 72.74751282
v 2.01661992 9.96858022 72.53302765
v 0.81112999 9.96858022 72.78098297
v 1.30478001 9.65114972 71.81622314
v 1.30478001 9.65114972 71.81622314
v 2.54801989 9.65114972 71.40518951
v 2.01661992 9.96858022 72.53302765
v -5.53304005 10.70934961 70.64543915
v -4.96727991 10.77159021 71.09793854
v -4.80699015 11.04701039 70.66184235
v -3.60195994 11.04699990 71.60881805
v -4.80699015 11.04701039 70.66184235
v -3.94572997 10.83815953 71.77613068
v -4.80699015 11.04701039 70.66184235
v -4.96727991 10.77159021 71.09793854
v -3.94572997 10.83815953 71.77613068
v -3.94572997 10.83815953 71.77613068
v -2.63387990 10.85608003 72.42852020
v -3.60195994 11.04699990 71.60881805
v -2.23214006 11.04699037 72.25872040
v -3.60195994 11.04699990 71.60881805
v -2.63387990 10.85608003 72.42852020
v -2.63387990 10.85608003 72.42852020
v -1.65129006 10.85608003 72.73822784
v -2.23214006 11.04699037 72.25872040
v -0.75524002 11.04699037 72.59101105
v -2.23214006 11.04699037 72.25872040
v -0.46035001 10.85608003 72.91681671
v -2.23214006 11.04699037 72.25872040
v -1.65129006 10.85608003 72.73822784
v -0.46035001 10.85608003 72.91681671
v 0.76284999 11.04699037 72.59023285
v -0.75524002 11.04699037 72.59101105
v 0.82309002 10.85608003 72.88416290
v -0.75524002 11.04699037 72.59101105
v -0.46035001 10.85608003 72.91681671
v 0.82309002 10.85608003 72.88416290
v 2.23938990 11.04699037 72.25643158
v 0.76284999 11.04699037 72.59023285
v 2.04635000 10.85608003 72.63255310
v 0.76284999 11.04699037 72.59023285
v 0.82309002 10.85608003 72.88416290
v 2.04635000 10.85608003 72.63255310
v 2.04635000 10.85608003 72.63255310
v 2.57708001 10.85608003 72.45101166
v 2.23938990 11.04699037 72.25643158
v 3.60861993 11.04699990 71.60507965
v 2.23938990 11.04699037 72.25643158
v 3.99746990 10.83607003 71.74594879
v 2.23938990 11.04699037 72.25643158
v 2.57708001 10.85608003 72.45101166
v 3.99746990 10.83607003 71.74594879
v 4.81270981 11.04699990 70.65682220
v 3.60861993 11.04699990 71.60507965
v 5.09085989 10.75975034 71.00473785
v 3.60861993 11.04699990 71.60507965
v 3.99746990 10.83607003 71.74594879
v 5.09085989 10.75975034 71.00473785
v 4.73815012 11.17531964 59.66812134
v 4.11882019 11.39698980 60.46767044
v 5.34955978 11.34556005 61.80424881
v 6.56192017 10.93566034 60.26742935
v 4.73815012 11.17531964 59.66812134
v 5.34955978 11.34556005 61.80424881
v 6.56192017 10.93566034 60.26742935
v 5.34955978 11.34556005 61.80424881
v 7.03155994 10.81416986 62.21390152
v 5.00357008 11.49699018 67.43311310
v 5.24852991 11.49699018 66.23880005
v 7.55013990 -0.00301000 57.78464890
v 7.55013990 -4.00300982 57.78464890
v 7.84601021 -0.00301000 58.07458115
v 7.84601021 -0.00301000 58.07458115
v 7.55013990 -4.00300982 57.78464890
v 7.35168982 -9.84935000 57.60190964
v 7.51555014 10.27554032 68.40619659
v 7.07570982 9.96327970 69.35164642
v 8.37913990 9.46743962 67.22308350
v 7.51555014 10.27554032 68.40619659
v 6.99832010 10.43206021 69.12188721
v 7.07570982 9.96327970 69.35164642
v 8.80830956 9.32991979 65.52028656
v 8.75185013 9.44768998 65.75460815
v 8.80113983 9.23128030 65.82974243
v 7.49422979 7.94158981 64.50987244
v 7.35819006 7.94144008 63.84881973
v 8.13074017 7.10167977 63.68238831
v 7.57013988 8.64120958 66.07723999
v 8.22659969 8.93964955 66.59763336
v 7.70401001 9.25232026 67.79226685
v 8.37959003 8.73647973 65.91034698
v 8.22659969 8.93964955 66.59763336
v 7.57013988 8.64120958 66.07723999
v 8.92280960 8.79777047 63.71437836
v 8.94513988 8.88451001 64.98747253
v 8.99367046 8.08744046 64.55763245
v 8.92280960 8.79777047 63.71437836
v 8.80830956 9.32991979 65.52028656
v 8.94513988 8.88451001 64.98747253
v 8.80272961 7.58720014 64.67843628
v 8.99367046 8.08744046 64.55763245
v 8.95635033 8.26941011 64.86778259
v 8.69038963 8.16197965 65.11563110
v 8.80272961 7.58720014 64.67843628
v 8.95635033 8.26941011 64.86778259
v 8.80272961 7.58720014 64.67843628
v 8.13074017 7.10167977 63.68238831
v 8.67570972 7.07944009 64.04445648
v 8.37644005 7.53033015 64.74487305
v 8.13074017 7.10167977 63.68238831
v 8.80272961 7.58720014 64.67843628
v 8.80272961 7.58720014 64.67843628
v 8.69038963 8.16197965 65.11563110
v 8.37644005 7.53033015 64.74487305
v 7.35819006 7.94144008 63.84881973
v 6.13722992 8.49699018 64.74154663
v 6.02273989 8.49699018 64.20971680
v 8.94513988 8.88451001 64.98747253
v 8.95635033 8.26941011 64.86778259
v 8.99367046 8.08744046 64.55763245
v 7.35819006 7.94144008 63.84881973
v 7.49422979 7.94158981 64.50987244
v 6.13722992 8.49699018 64.74154663
v 8.69038963 8.16197965 65.11563110
v 8.95635033 8.26941011 64.86778259
v 8.77245045 8.65639016 65.41831970
v 8.69038963 8.16197965 65.11563110
v 8.77245045 8.65639016 65.41831970
v 8.55655956 8.56280038 65.49903107
v 8.94513988 8.88451001 64.98747253
v 8.77245045 8.65639016 65.41831970
v 8.95635033 8.26941011 64.86778259
v 8.94513988 8.88451001 64.98747253
v 8.80830956 9.32991979 65.52028656
v 8.77245045 8.65639016 65.41831970
v 8.80830956 9.32991979 65.52028656
v 8.80113983 9.23128030 65.82974243
v 8.77245045 8.65639016 65.41831970
v 8.80113983 9.23128030 65.82974243
v 8.74722004 9.00932023 65.88835144
v 8.77245045 8.65639016 65.41831970
v 8.55655956 8.56280038 65.49903107
v 8.77245045 8.65639016 65.41831970
v 8.74722004 9.00932023 65.88835144
v 8.55655956 8.56280038 65.49903107
v 8.74722004 9.00932023 65.88835144
v 8.59545040 8.83117959 65.91737366
v 8.55655956 8.56280038 65.49903107
v 8.59545040 8.83117959 65.91737366
v 8.37959003 8.73647973 65.91034698
v 8.33006001 8.34257028 65.38938141
v 8.69038963 8.16197965 65.11563110
v 8.55655956 8.56280038 65.49903107
v 7.49422979 7.94158981 64.50987244
v 7.72686005 7.83904979 65.04833984
v 6.13722992 8.49699018 64.74154663
v 6.13722992 8.49699018 64.74154663
v 7.72686005 7.83904979 65.04833984
v 6.37200022 8.49545953 65.34729004
v 6.37200022 8.49545953 65.34729004
v 7.72686005 7.83904979 65.04833984
v 6.58901978 8.49699018 65.82475281
v 6.58901978 8.49699018 65.82475281
v 7.72686005 7.83904979 65.04833984
v 6.91519022 8.54096982 65.99626160
v 6.91519022 8.54096982 65.99626160
v 7.72686005 7.83904979 65.04833984
v 7.57013988 8.64120958 66.07723999
v 7.94636011 8.50669000 65.71573639
v 7.57013988 8.64120958 66.07723999
v 7.72686005 7.83904979 65.04833984
v 8.33006001 8.34257028 65.38938141
v 7.94636011 8.50669000 65.71573639
v 7.72686005 7.83904979 65.04833984
v 8.33006001 8.34257028 65.38938141
v 7.72686005 7.83904979 65.04833984
v 8.69038963 8.16197965 65.11563110
v 8.69038963 8.16197965 65.11563110
v 7.72686005 7.83904979 65.04833984
v 8.37644005 7.53033015 64.74487305
v 8.13074017 7.10167977 63.68238831
v 8.37644005 7.53033015 64.74487305
v 7.72686005 7.83904979 65.04833984
v 7.72686005 7.83904979 65.04833984
v 7.49422979 7.94158981 64.50987244
v 8.13074017 7.10167977 63.68238831
v 3.28988004 9.10509965 69.40429688
v 0.00031000 8.55729959 68.91864777
v 3.67568994 8.71844003 68.35970306
v 2.42356992 7.14736983 57.78464127
v 3.69320011 6.58201978 57.78464890
v 4.87115002 5.76543996 57.78464890
v 5.95262003 4.64134977 57.78464890
v 6.93098021 2.91601989 57.78464890
v 7.55013990 -0.00301000 57.78464890
v 5.73943996 -10.50300982 56.40047836
v 4.61922979 -10.50300982 55.80138016
v 5.77439022 -10.75300982 56.34334183
v 5.77439022 -10.75300982 56.34334183
v 3.52351999 -10.85655978 55.20965958
v 5.86118984 -10.91938022 56.20140839
v 3.52351999 -10.85655978 55.20965958
v 6.00030994 -11.00300982 55.97394180
v 5.86118984 -10.91938022 56.20140839
v 8.68892956 -9.29152968 57.92509079
v 8.72171974 -9.24320033 57.79251099
v 9.00030994 -8.00300982 58.03868103
v 8.02297974 -10.21858981 57.22999954
v 8.72171974 -9.24320033 57.79251099
v 8.68892956 -9.29152968 57.92509079
v 9.00030994 -8.00300982 58.03868103
v 8.94369030 -8.00300029 58.26979065
v 8.68892956 -9.29152968 57.92509079
v 6.99643993 -10.79864028 56.75001907
v 7.08858013 -10.77340033 56.59703827
v 8.02297974 -10.21858981 57.22999954
v 7.08858013 -10.77340033 56.59703827
v 6.99643993 -10.79864028 56.75001907
v 6.73955011 -10.91051009 56.37839127
v 8.02297974 -10.21858981 57.22999954
v 7.84650993 -10.23445990 57.50815964
v 6.99643993 -10.79864028 56.75001907
v 7.84650993 -10.23445990 57.50815964
v 8.02297974 -10.21858981 57.22999954
v 8.68892956 -9.29152968 57.92509079
v 8.94369030 -8.00300029 58.26979065
v 8.78662968 -8.00300029 58.44858170
v 8.68892956 -9.29152968 57.92509079
v 6.00030994 -11.00300982 55.97394180
v 6.73955011 -10.91051009 56.37839127
v 6.99643993 -10.79864028 56.75001907
v 6.99643993 -10.79864028 56.75001907
v 6.76177979 -10.62442019 56.96974182
v 6.00030994 -11.00300982 55.97394180
v 6.76177979 -10.62442019 56.96974182
v 6.99643993 -10.79864028 56.75001907
v 7.84650993 -10.23445990 57.50815964
v 5.86118984 -10.91938022 56.20140839
v 6.00030994 -11.00300982 55.97394180
v 6.76177979 -10.62442019 56.96974182
v 8.38834000 -9.29181960 58.21590042
v 8.68892956 -9.29152968 57.92509079
v 8.78662968 -8.00300029 58.44858170
v 8.68892956 -9.29152968 57.92509079
v 8.38834000 -9.29181960 58.21590042
v 7.84650993 -10.23445990 57.50815964
v 8.78662968 -8.00300029 58.44858170
v 8.56472969 -8.00300029 58.53451920
v 8.38834000 -9.29181960 58.21590042
v 7.69150019 -10.17117980 57.61452103
v 7.84650993 -10.23445990 57.50815964
v 8.38834000 -9.29181960 58.21590042
v 7.84650993 -10.23445990 57.50815964
v 7.69150019 -10.17117980 57.61452103
v 6.76177979 -10.62442019 56.96974182
v 5.77439022 -10.75300982 56.34334183
v 5.86118984 -10.91938022 56.20140839
v 6.76177979 -10.62442019 56.96974182
v 8.38834000 -9.29181960 58.21590042
v 8.13379002 -9.19324973 58.25331879
v 7.69150019 -10.17117980 57.61452103
v 8.13379002 -9.19324973 58.25331879
v 8.38834000 -9.29181960 58.21590042
v 8.56472969 -8.00300029 58.53451920
v 8.56472969 -8.00300029 58.53451920
v 8.32824039 -8.00300029 58.50812912
v 8.13379002 -9.19324973 58.25331879
v 7.47071981 -9.98155024 57.66315842
v 7.69150019 -10.17117980 57.61452103
v 8.13379002 -9.19324973 58.25331879
v 7.69150019 -10.17117980 57.61452103
v 7.47071981 -9.98155024 57.66315842
v 6.76177979 -10.62442019 56.96974182
v 6.76177979 -10.62442019 56.96974182
v 6.68572998 -10.50127986 57.00585938
v 5.77439022 -10.75300982 56.34334183
v 6.68572998 -10.50127986 57.00585938
v 6.76177979 -10.62442019 56.96974182
v 7.47071981 -9.98155024 57.66315842
v 8.13379002 -9.19324973 58.25331879
v 7.90868998 -9.03647998 58.13996887
v 7.47071981 -9.98155024 57.66315842
v 7.90868998 -9.03647998 58.13996887
v 8.13379002 -9.19324973 58.25331879
v 8.32824039 -8.00300029 58.50812912
v 7.35168982 -9.84935000 57.60190964
v 7.47071981 -9.98155024 57.66315842
v 7.90868998 -9.03647998 58.13996887
v 7.47071981 -9.98155024 57.66315842
v 7.35168982 -9.84935000 57.60190964
v 6.68572998 -10.50127986 57.00585938
v 8.32824039 -8.00300029 58.50812912
v 8.13074017 -8.00300982 58.37546158
v 7.90868998 -9.03647998 58.13996887
v 5.73943996 -10.50300982 56.40047836
v 5.77439022 -10.75300982 56.34334183
v 6.68572998 -10.50127986 57.00585938
v 9.00030994 -0.00301000 58.03868103
v 8.94369030 -0.00301000 58.26979065
v 9.00030994 -8.00300982 58.03868103
v 8.94369030 -8.00300029 58.26979065
v 8.94369030 -0.00301000 58.26979065
v 8.78664017 -0.00301000 58.44855881
v 8.94369030 -8.00300029 58.26979065
v 8.78662968 -8.00300029 58.44858170
v 8.78664017 -0.00301000 58.44855881
v 8.56476021 -0.00301000 58.53451157
v 8.78662968 -8.00300029 58.44858170
v 8.56472969 -8.00300029 58.53451920
v 8.56476021 -0.00301000 58.53451157
v 8.32826996 -0.00301000 58.50814819
v 8.56472969 -8.00300029 58.53451920
v 8.32824039 -8.00300029 58.50812912
v 8.32826996 -0.00301000 58.50814819
v 8.13074017 -0.00301000 58.37546158
v 8.32824039 -8.00300029 58.50812912
v 8.13074017 -8.00300982 58.37546158
v 8.13074017 -0.00301000 58.37546158
v 7.84601021 -0.00301000 58.07458115
v 8.13074017 -8.00300982 58.37546158
v 7.90868998 -9.03647998 58.13996887
v 7.35168982 -9.84935000 57.60190964
v 7.90868998 -9.03647998 58.13996887
v 7.84601021 -0.00301000 58.07458115
v 7.55013990 -4.00300982 57.78464890
v 5.91680002 -4.00300982 56.51129150
v 7.35168982 -9.84935000 57.60190964
v 5.91680002 -4.00300982 56.51129150
v 6.68572998 -10.50127986 57.00585938
v 7.35168982 -9.84935000 57.60190964
v 5.73943996 -10.50300982 56.40047836
v 6.68572998 -10.50127986 57.00585938
v 5.91680002 -4.00300982 56.51129150
v 4.88920021 -6.00300982 55.93077087
v 5.73943996 -10.50300982 56.40047836
v 5.91680002 -4.00300982 56.51129150
v 4.61922979 -10.50300982 55.80138016
v 5.73943996 -10.50300982 56.40047836
v 4.88920021 -9.00300982 55.93077087
v 5.73943996 -10.50300982 56.40047836
v 4.88920021 -6.00300982 55.93077087
v 4.88920021 -9.00300982 55.93077087
v 6.02273989 8.49699018 64.20971680
v 5.84710979 8.49699018 63.64807129
v 7.35819006 7.94144008 63.84881973
v 7.13792992 7.94144008 63.15024185
v 5.84710979 8.49699018 63.64807129
v 5.59359980 8.49699018 63.05239868
v 7.13792992 7.94144008 63.15024185
v 6.81856012 7.94144008 62.40866089
v 5.59359980 8.49699018 63.05239868
v 5.24033022 8.49699018 62.42425919
v 6.81856012 7.94144008 62.40866089
v 6.37179995 7.94144008 61.62654114
v 6.81856012 7.94144008 62.40866089
v 5.24033022 8.49699018 62.42425919
v 5.24033022 8.49699018 62.42425919
v 4.76095009 8.49699018 61.77386093
v 6.37179995 7.94144008 61.62654114
v 5.76358986 7.94144008 60.81769943
v 4.76095009 8.49699018 61.77386093
v 4.12606001 8.49699018 61.12329102
v 5.76358986 7.94144008 60.81769943
v 4.95613003 7.94144008 60.01181030
v 5.76358986 7.94144008 60.81769943
v 4.12606001 8.49699018 61.12329102
v 4.12606001 8.49699018 61.12329102
v 3.30603004 8.49699018 60.50996017
v 4.95613003 7.94144008 60.01181030
v 3.91202998 7.94144008 59.25899124
v 3.30603004 8.49699018 60.50996017
v 2.28125000 8.49699018 59.99264145
v 3.91202998 7.94144008 59.25899124
v 2.60851002 7.94144008 58.63739014
v 3.91202998 7.94144008 59.25899124
v 2.28125000 8.49699018 59.99264145
v 0.00031000 8.55729959 68.91864777
v 6.91519022 8.54096982 65.99626160
v 3.67568994 8.71844003 68.35970306
v 6.58901978 8.49699018 65.82475281
v 6.91519022 8.54096982 65.99626160
v 0.00031000 8.55729959 68.91864777
v 5.24852991 11.49699018 66.23880005
v 6.77651978 11.04699037 64.79447937
v 5.21279001 11.49699018 65.02297974
v 5.24852991 11.49699018 66.23880005
v 6.84833002 11.04699990 65.82775879
v 6.77651978 11.04699037 64.79447937
v 6.74218988 11.04699990 66.98638153
v 6.84833002 11.04699990 65.82775879
v 5.24852991 11.49699018 66.23880005
v 5.24852991 11.49699018 66.23880005
v 5.00357008 11.49699018 67.43311310
v 6.74218988 11.04699990 66.98638153
v 6.39742994 11.04701039 68.22884369
v 6.74218988 11.04699990 66.98638153
v 5.00357008 11.49699018 67.43311310
v 5.00357008 11.49699018 67.43311310
v 4.49081993 11.49699018 68.53881073
v 6.39742994 11.04701039 68.22884369
v 5.76106024 11.04701039 69.48745728
v 6.39742994 11.04701039 68.22884369
v 4.49081993 11.49699018 68.53881073
v 4.49081993 11.49699018 68.53881073
v 3.73850012 11.49699018 69.49623871
v 5.76106024 11.04701039 69.48745728
v 4.81270981 11.04699990 70.65682220
v 4.11089993 11.49699018 61.54639053
v 4.11882019 11.39698980 60.46767044
v 3.64844990 11.49699018 61.07492065
v 5.34955978 11.34556005 61.80424881
v 4.11882019 11.39698980 60.46767044
v 4.11089993 11.49699018 61.54639053
v 4.11089993 11.49699018 61.54639053
v 4.49544001 11.49699018 62.19937897
v 5.34955978 11.34556005 61.80424881
v 4.49544001 11.49699018 62.19937897
v 4.79628992 11.49699018 63.01113129
v 5.34955978 11.34556005 61.80424881
v 4.79628992 11.49699018 63.01113129
v 5.87601995 11.27727983 62.68841934
v 5.34955978 11.34556005 61.80424881
v 6.34687996 11.17866037 63.68803024
v 5.87601995 11.27727983 62.68841934
v 4.79628992 11.49699018 63.01113129
v 4.79628992 11.49699018 63.01113129
v 5.02916002 11.49699018 63.95682907
v 6.34687996 11.17866037 63.68803024
v 6.34687996 11.17866037 63.68803024
v 5.21279001 11.49699018 65.02297974
v 6.77651978 11.04699037 64.79447937
v 6.34687996 11.17866037 63.68803024
v 5.02916002 11.49699018 63.95682907
v 5.21279001 11.49699018 65.02297974
v 2.90831995 11.39698980 59.72032928
v 3.64844990 11.49699018 61.07492065
v 4.11882019 11.39698980 60.46767044
v 2.73892999 11.49699018 60.49404907
v 1.69914997 11.49699018 60.07461929
v 2.73892999 11.49699018 60.49404907
v 2.90831995 11.39698980 59.72032928
v 9.00030994 7.42462012 63.58684158
v 8.99367046 8.08744046 64.55763245
v 8.67570972 7.07944009 64.04445648
v 8.68089008 5.63814017 61.18336105
v 9.00030994 7.42462012 63.58684158
v 8.67570972 7.07944009 64.04445648
v 8.68089008 5.63814017 61.18336105
v 9.00030994 5.53835008 60.37229919
v 9.00030994 7.42462012 63.58684158
v 8.68089008 5.63814017 61.18336105
v 8.67570972 7.07944009 64.04445648
v 8.13074017 5.63520000 60.98633957
v 8.67570972 7.07944009 64.04445648
v 8.13074017 7.10167977 63.68238831
v 8.13074017 5.63520000 60.98633957
v 8.13074017 5.63520000 60.98633957
v 8.13074017 3.31202004 59.15842819
v 8.68089008 5.63814017 61.18336105
v 8.68089008 3.11934993 59.20854187
v 8.68089008 5.63814017 61.18336105
v 8.13074017 3.31202004 59.15842819
v 8.68089008 5.63814017 61.18336105
v 8.68089008 3.11934993 59.20854187
v 9.00030994 5.53835008 60.37229919
v 8.68089008 3.11934993 59.20854187
v 9.00030994 4.97169015 59.84727097
v 9.00030994 5.53835008 60.37229919
v 8.68089008 3.11934993 59.20854187
v 9.00030994 4.28708980 59.33522034
v 9.00030994 4.97169015 59.84727097
v 8.68089008 3.11934993 59.20854187
v 9.00030994 3.46271989 58.85725021
v 9.00030994 4.28708980 59.33522034
v 9.00030994 2.48085997 58.44771957
v 9.00030994 3.46271989 58.85725021
v 8.68089008 3.11934993 59.20854187
v 8.13074017 3.31202004 59.15842819
v 8.13074017 2.37289998 58.76673889
v 8.68089008 3.11934993 59.20854187
v 8.68089008 3.11934993 59.20854187
v 8.32826996 -0.00301000 58.50814819
v 8.56476021 -0.00301000 58.53451157
v 8.68089008 3.11934993 59.20854187
v 8.13074017 -0.00301000 58.37546158
v 8.32826996 -0.00301000 58.50814819
v 8.68089008 3.11934993 59.20854187
v 8.13074017 1.27352998 58.48625183
v 8.13074017 -0.00301000 58.37546158
v 8.68089008 3.11934993 59.20854187
v 8.13074017 2.37289998 58.76673889
v 8.13074017 1.27352998 58.48625183
v 8.68089008 3.11934993 59.20854187
v 8.56476021 -0.00301000 58.53451157
v 9.00030994 2.48085997 58.44771957
v 8.56476021 -0.00301000 58.53451157
v 9.00030994 1.33137998 58.15447998
v 9.00030994 2.48085997 58.44771957
v 9.00030994 -0.00301000 58.03868103
v 9.00030994 1.33137998 58.15447998
v 8.94369030 -0.00301000 58.26979065
v 9.00030994 1.33137998 58.15447998
v 8.78664017 -0.00301000 58.44855881
v 8.94369030 -0.00301000 58.26979065
v 9.00030994 1.33137998 58.15447998
v 8.56476021 -0.00301000 58.53451157
v 8.78664017 -0.00301000 58.44855881
v 8.80272961 7.58720014 64.67843628
v 8.67570972 7.07944009 64.04445648
v 8.99367046 8.08744046 64.55763245
v 8.59545040 8.83117959 65.91737366
v 8.22659969 8.93964955 66.59763336
v 8.37959003 8.73647973 65.91034698
v 8.59545040 8.83117959 65.91737366
v 8.21284962 9.19202993 67.21714020
v 8.22659969 8.93964955 66.59763336
v 8.21284962 9.19202993 67.21714020
v 7.70401001 9.25232026 67.79226685
v 8.22659969 8.93964955 66.59763336
v 8.37913990 9.46743962 67.22308350
v 8.21284962 9.19202993 67.21714020
v 8.59545040 8.83117959 65.91737366
v 8.59545040 8.83117959 65.91737366
v 8.74722004 9.00932023 65.88835144
v 8.37913990 9.46743962 67.22308350
v 8.74722004 9.00932023 65.88835144
v 8.80113983 9.23128030 65.82974243
v 8.37913990 9.46743962 67.22308350
v 8.27303982 9.94484040 67.05045319
v 8.37913990 9.46743962 67.22308350
v 8.80113983 9.23128030 65.82974243
v 8.75185013 9.44768998 65.75460815
v 7.07570982 9.96327970 69.35164642
v 5.28198004 10.27447984 71.13149261
v 6.20627022 9.69698045 69.83866119
v 5.28198004 10.27447984 71.13149261
v 5.56943989 9.80372045 70.45921326
v 6.20627022 9.69698045 69.83866119
v 5.28198004 10.27447984 71.13149261
v 7.07570982 9.96327970 69.35164642
v 5.71691990 10.68465039 70.48512268
v 7.07570982 9.96327970 69.35164642
v 6.37924004 10.57363984 69.83973694
v 5.71691990 10.68465039 70.48512268
v 6.99832010 10.43206021 69.12188721
v 6.37924004 10.57363984 69.83973694
v 7.07570982 9.96327970 69.35164642
v 6.20627022 9.69698045 69.83866119
v 6.80137014 9.56089017 69.14859009
v 7.07570982 9.96327970 69.35164642
v 7.07570982 9.96327970 69.35164642
v 8.21284962 9.19202993 67.21714020
v 8.37913990 9.46743962 67.22308350
v 7.07570982 9.96327970 69.35164642
v 7.70401001 9.25232026 67.79226685
v 8.21284962 9.19202993 67.21714020
v 7.07570982 9.96327970 69.35164642
v 7.29868984 9.41040036 68.46048737
v 7.70401001 9.25232026 67.79226685
v 7.07570982 9.96327970 69.35164642
v 6.80137014 9.56089017 69.14859009
v 7.29868984 9.41040036 68.46048737
v 8.37913990 9.46743962 67.22308350
v 7.93706989 10.11114022 67.71125793
v 7.51555014 10.27554032 68.40619659
v 7.93706989 10.11114022 67.71125793
v 8.37913990 9.46743962 67.22308350
v 8.27303982 9.94484040 67.05045319
v 8.27303982 9.94484040 67.05045319
v 8.75185013 9.44768998 65.75460815
v 8.27303982 10.02495954 65.82711792
v 8.27303982 9.95524022 64.60337067
v 8.27303982 10.02495954 65.82711792
v 8.80830956 9.32991979 65.52028656
v 8.27303982 10.02495954 65.82711792
v 8.75185013 9.44768998 65.75460815
v 8.80830956 9.32991979 65.52028656
v 8.80830956 9.32991979 65.52028656
v 8.92280960 8.79777047 63.71437836
v 8.27303982 9.95524022 64.60337067
v 7.94636011 8.50669000 65.71573639
v 8.33006001 8.34257028 65.38938141
v 8.55655956 8.56280038 65.49903107
v 7.57013988 8.64120958 66.07723999
v 7.94636011 8.50669000 65.71573639
v 8.55655956 8.56280038 65.49903107
v 8.55655956 8.56280038 65.49903107
v 8.37959003 8.73647973 65.91034698
v 7.57013988 8.64120958 66.07723999
v 3.67568994 8.71844003 68.35970306
v 6.91519022 8.54096982 65.99626160
v 3.28988004 9.10509965 69.40429688
v 6.91519022 8.54096982 65.99626160
v 5.56943989 9.80372045 70.45921326
v 6.20627022 9.69698045 69.83866119
v 6.80137014 9.56089017 69.14859009
v 7.29868984 9.41040036 68.46048737
v 7.70401001 9.25232026 67.79226685
v 7.70401001 9.25232026 67.79226685
v 6.91519022 8.54096982 65.99626160
v 7.57013988 8.64120958 66.07723999
v 5.21279001 11.49699018 65.02297974
v 4.11089993 11.49699018 61.54639053
v 4.49544001 11.49699018 62.19937897
v 4.79628992 11.49699018 63.01113129
v 5.02916002 11.49699018 63.95682907
v 6.00030994 10.99699018 58.03868103
v 4.16910982 10.99699018 56.91778946
v 4.73815012 11.17531964 59.66812134
v 4.16910982 10.99699018 56.91778946
v 4.11882019 11.39698980 60.46767044
v 4.73815012 11.17531964 59.66812134
v 4.16910982 10.99699018 56.91778946
v 1.50619996 11.39698980 59.22990036
v 2.90831995 11.39698980 59.72032928
v 4.16910982 10.99699018 56.91778946
v 2.13615990 10.99699018 56.22230911
v 7.68907022 10.47651956 65.22637939
v 6.77651978 11.04699037 64.79447937
v 6.84833002 11.04699990 65.82775879
v 6.34687996 11.17866037 63.68803024
v 6.77651978 11.04699037 64.79447937
v 7.68907022 10.47651956 65.22637939
v 7.68907022 10.47651956 65.22637939
v 7.51440001 10.58687970 64.38346100
v 6.34687996 11.17866037 63.68803024
v 7.51440001 10.58687970 64.38346100
v 7.28972006 10.70575997 63.34865952
v 6.34687996 11.17866037 63.68803024
v 5.87601995 11.27727983 62.68841934
v 6.34687996 11.17866037 63.68803024
v 7.28972006 10.70575997 63.34865952
v 7.28972006 10.70575997 63.34865952
v 7.03155994 10.81416986 62.21390152
v 5.87601995 11.27727983 62.68841934
v 5.87601995 11.27727983 62.68841934
v 7.03155994 10.81416986 62.21390152
v 5.34955978 11.34556005 61.80424881
v 6.56192017 10.93566034 60.26742935
v 6.00030994 10.99699018 58.03868103
v 4.73815012 11.17531964 59.66812134
v 8.99367046 8.08744046 64.55763245
v 9.00030994 7.42462012 63.58684158
v 8.92280960 8.79777047 63.71437836
v 9.00030994 5.53835008 60.37229919
v 8.92280960 8.79777047 63.71437836
v 9.00030994 5.53835008 60.37229919
v 8.97404957 7.99898002 35.64078140
v 9.00030994 5.53835008 60.37229919
v 9.00030994 4.97169015 59.84727097
v 8.97404957 7.99898002 35.64078140
v 9.00030994 4.28708980 59.33522034
v 9.00030994 3.46271989 58.85725021
v 8.97319984 -7.99928000 35.69485092
v 0.00031000 8.55729959 68.91864777
v 6.37200022 8.49545953 65.34729004
v 6.58901978 8.49699018 65.82475281
v 0.00031000 8.55729959 68.91864777
v 6.13722992 8.49699018 64.74154663
v 6.37200022 8.49545953 65.34729004
v 6.02273989 8.49699018 64.20971680
v 5.84710979 8.49699018 63.64807129
v 5.59359980 8.49699018 63.05239868
v 5.24033022 8.49699018 62.42425919
v 4.76095009 8.49699018 61.77386093
v 4.12606001 8.49699018 61.12329102
v 4.76095009 8.49699018 61.77386093
v 3.30603004 8.49699018 60.50996017
v 4.12606001 8.49699018 61.12329102
v 8.13074017 5.63520000 60.98633957
v 8.13074017 7.10167977 63.68238831
v 7.35819006 7.94144008 63.84881973
v 7.35819006 7.94144008 63.84881973
v 7.13792992 7.94144008 63.15024185
v 8.13074017 5.63520000 60.98633957
v 7.13792992 7.94144008 63.15024185
v 6.81856012 7.94144008 62.40866089
v 8.13074017 5.63520000 60.98633957
v 6.81856012 7.94144008 62.40866089
v 6.37179995 7.94144008 61.62654114
v 8.13074017 5.63520000 60.98633957
v 6.76130009 5.63633010 59.19018936
v 8.13074017 5.63520000 60.98633957
v 5.76358986 7.94144008 60.81769943
v 8.13074017 5.63520000 60.98633957
v 6.37179995 7.94144008 61.62654114
v 5.76358986 7.94144008 60.81769943
v 8.13074017 5.63520000 60.98633957
v 6.76130009 5.63633010 59.19018936
v 8.13074017 3.31202004 59.15842819
v 6.93098021 2.91601989 57.78464890
v 8.13074017 3.31202004 59.15842819
v 6.76130009 5.63633010 59.19018936
v 8.13074017 3.31202004 59.15842819
v 6.93098021 2.91601989 57.78464890
v 8.13074017 2.37289998 58.76673889
v 6.93098021 2.91601989 57.78464890
v 8.13074017 1.27352998 58.48625183
v 8.13074017 2.37289998 58.76673889
v 6.93098021 2.91601989 57.78464890
v 8.13074017 -0.00301000 58.37546158
v 8.13074017 1.27352998 58.48625183
v 6.93098021 2.91601989 57.78464890
v 7.84601021 -0.00301000 58.07458115
v 8.13074017 -0.00301000 58.37546158
v 6.93098021 2.91601989 57.78464890
v 7.55013990 -0.00301000 57.78464890
v 7.84601021 -0.00301000 58.07458115
v 5.76358986 7.94144008 60.81769943
v 4.95613003 7.94144008 60.01181030
v 6.76130009 5.63633010 59.19018936
v 4.87115002 5.76543996 57.78464890
v 6.76130009 5.63633010 59.19018936
v 4.95613003 7.94144008 60.01181030
v 6.76130009 5.63633010 59.19018936
v 4.87115002 5.76543996 57.78464890
v 5.95262003 4.64134977 57.78464890
v 5.95262003 4.64134977 57.78464890
v 6.93098021 2.91601989 57.78464890
v 6.76130009 5.63633010 59.19018936
v 4.95613003 7.94144008 60.01181030
v 3.91202998 7.94144008 59.25899124
v 4.87115002 5.76543996 57.78464890
v 3.69320011 6.58201978 57.78464890
v 4.87115002 5.76543996 57.78464890
v 3.91202998 7.94144008 59.25899124
v 3.91202998 7.94144008 59.25899124
v 2.60851002 7.94144008 58.63739014
v 3.69320011 6.58201978 57.78464890
v 2.42356992 7.14736983 57.78464127
v 3.69320011 6.58201978 57.78464890
v 2.60851002 7.94144008 58.63739014
v 5.09085989 10.75975034 71.00473785
v 5.71691990 10.68465039 70.48512268
v 4.81270981 11.04699990 70.65682220
v 5.76106024 11.04701039 69.48745728
v 4.81270981 11.04699990 70.65682220
v 5.71691990 10.68465039 70.48512268
v 5.71691990 10.68465039 70.48512268
v 6.37924004 10.57363984 69.83973694
v 5.76106024 11.04701039 69.48745728
v 6.39742994 11.04701039 68.22884369
v 5.76106024 11.04701039 69.48745728
v 6.99832010 10.43206021 69.12188721
v 5.76106024 11.04701039 69.48745728
v 6.37924004 10.57363984 69.83973694
v 6.99832010 10.43206021 69.12188721
v 6.99832010 10.43206021 69.12188721
v 7.51555014 10.27554032 68.40619659
v 6.39742994 11.04701039 68.22884369
v 6.74218988 11.04699990 66.98638153
v 6.39742994 11.04701039 68.22884369
v 7.93706989 10.11114022 67.71125793
v 6.39742994 11.04701039 68.22884369
v 7.51555014 10.27554032 68.40619659
v 7.93706989 10.11114022 67.71125793
v 7.93706989 10.11114022 67.71125793
v 8.27303982 9.94484040 67.05045319
v 6.74218988 11.04699990 66.98638153
v 6.84833002 11.04699990 65.82775879
v 6.74218988 11.04699990 66.98638153
v 8.27303982 9.94484040 67.05045319
v 8.27303982 10.02495954 65.82711792
v 6.84833002 11.04699990 65.82775879
v 8.27303982 10.02495954 65.82711792
v 7.68907022 10.47651956 65.22637939
v 8.27303982 10.02495954 65.82711792
v 8.27303982 9.95524022 64.60337067
v 7.68907022 10.47651956 65.22637939
v 8.57260990 9.49999997 35.85023880
v 8.27303982 9.95524022 64.60337067
v 8.92280960 8.79777047 63.71437836
v 7.68907022 10.47651956 65.22637939
v 8.27303982 9.95524022 64.60337067
v 8.57260990 9.49999997 35.85023880
v 7.47453022 10.59807965 35.85023880
v 7.51440001 10.58687970 64.38346100
v 7.68907022 10.47651956 65.22637939
v 7.28972006 10.70575997 63.34865952
v 7.51440001 10.58687970 64.38346100
v 7.47453022 10.59807965 35.85023880
v 6.75098991 10.89778039 35.85023880
v 7.03155994 10.81416986 62.21390152
v 7.28972006 10.70575997 63.34865952
v 6.56192017 10.93566034 60.26742935
v 7.03155994 10.81416986 62.21390152
v 6.75098991 10.89778039 35.85023880
v 6.56192017 10.93566034 60.26742935
v 5.97453022 10.99999997 35.85023880
v 6.00030994 10.99699018 58.03868103
v -7.28359985 10.70837018 63.32394028
v -7.68264008 10.48046968 65.19770050
v -6.77589989 11.08884046 64.79447174
v -7.28359985 10.70837018 63.32394028
v -6.77589989 11.08884046 64.79447174
v -6.34614992 11.17868993 63.68780136
v -8.99969006 8.08744046 64.55761719
v -8.80875015 7.58720014 64.67842865
v -8.85597992 8.20534036 65.01574707
v -8.99969006 8.08744046 64.55761719
v -8.85597992 8.20534036 65.01574707
v -8.95116043 8.88451001 64.98747253
v -4.73752022 11.26218984 59.66812134
v -6.50195980 11.01933953 62.49066925
v -5.34899998 11.34556005 61.80435944
v -4.11819983 11.39698980 60.46765900
v -4.73752022 11.26218984 59.66812134
v -5.34899998 11.34556005 61.80435944
v -8.62563992 9.63636014 66.23487091
v -8.80716038 9.23128030 65.82972717
v -8.38164043 9.77929971 67.14389801
v -8.62563992 9.63636014 66.23487091
v -8.75123024 9.44768998 65.75460052
v -8.80716038 9.23128030 65.82972717
v -8.13014030 7.19216010 64.01679230
v -7.73288012 7.83903978 65.04833984
v -8.38245964 7.53033015 64.74487305
v -8.38245964 7.53033015 64.74487305
v -7.73288012 7.83903978 65.04833984
v -8.69641018 8.16197965 65.11563110
v -8.69641018 8.16197965 65.11563110
v -7.73288012 7.83903978 65.04833984
v -8.32985020 8.34237954 65.38905334
v -8.32985020 8.34237954 65.38905334
v -7.73288012 7.83903978 65.04833984
v -7.94614983 8.50654027 65.71537018
v -7.94614983 8.50654027 65.71537018
v -7.73288012 7.83903978 65.04833984
v -7.56945992 8.64122960 66.07729340
v -7.56945992 8.64122960 66.07729340
v -7.73288012 7.83903978 65.04833984
v -6.92120981 8.54096982 65.99626160
v -6.92120981 8.54096982 65.99626160
v -7.73288012 7.83903978 65.04833984
v -6.36581993 8.49699018 65.28314209
v -7.22852993 8.73647973 66.44991302
v -7.56945992 8.64122960 66.07729340
v -6.92120981 8.54096982 65.99626160
v -8.32985020 8.34237954 65.38905334
v -7.94614983 8.50654027 65.71537018
v -8.55801010 8.55986974 65.49423218
v -8.32985020 8.34237954 65.38905334
v -8.55801010 8.55986974 65.49423218
v -8.69641018 8.16197965 65.11563110
v -8.38560963 8.73647973 65.91034698
v -8.75323963 9.00932023 65.88834381
v -8.47667027 8.65771958 65.68395996
v -8.55801010 8.55986974 65.49423218
v -8.47667027 8.65771958 65.68395996
v -8.75323963 9.00932023 65.88834381
v -8.55801010 8.55986974 65.49423218
v -8.75323963 9.00932023 65.88834381
v -8.77847004 8.65639016 65.41831970
v -8.80716038 9.23128030 65.82972717
v -8.77847004 8.65639016 65.41831970
v -8.75323963 9.00932023 65.88834381
v -8.95116043 8.88451001 64.98747253
v -8.77847004 8.65639016 65.41831970
v -8.80716038 9.23128030 65.82972717
v -8.82567978 9.29203984 65.44600677
v -8.95116043 8.88451001 64.98747253
v -8.80716038 9.23128030 65.82972717
v -8.95116043 8.88451001 64.98747253
v -8.85597992 8.20534036 65.01574707
v -8.77847004 8.65639016 65.41831970
v -8.69641018 8.16197965 65.11563110
v -8.55801010 8.55986974 65.49423218
v -8.77847004 8.65639016 65.41831970
v -8.69641018 8.16197965 65.11563110
v -8.77847004 8.65639016 65.41831970
v -8.85597992 8.20534036 65.01574707
v -6.92120981 8.54096982 65.99626160
v 0.00031000 8.55729959 68.91864777
v -3.17534995 8.69991967 68.29736328
v -8.80716038 9.23128030 65.82972717
v -8.75123024 9.44768998 65.75460052
v -8.82567978 9.29203984 65.44600677
v -8.67508030 -0.00301000 58.49153137
v -8.78602982 -0.00301000 58.44855881
v -8.56412983 -0.00301000 58.53451157
v -8.13012028 1.27293000 58.48614883
v -8.13012028 1.85876999 58.63554001
v -8.13012028 2.37196991 58.76641846
v -7.54952002 -4.00300982 57.78464127
v -4.06603003 -4.00300982 55.56383896
v -2.07016993 -4.00300982 54.98125839
v -5.91618013 -4.00300982 56.51129150
v -8.63502026 -9.30823996 58.01876831
v -8.72210026 -9.24092009 57.79336929
v -8.02190971 -10.21899989 57.22966003
v -8.72210026 -9.24092009 57.79336929
v -8.63502026 -9.30823996 58.01876831
v -8.99969006 -8.00300982 58.03868103
v -8.94307041 -8.00300982 58.26979065
v -8.99969006 -8.00300982 58.03868103
v -8.63502026 -9.30823996 58.01876831
v -7.93005991 -10.24092963 57.42631149
v -8.02190971 -10.21899989 57.22966003
v -7.09799004 -10.76945021 56.60332108
v -8.02190971 -10.21899989 57.22966003
v -7.93005991 -10.24092963 57.42631149
v -8.63502026 -9.30823996 58.01876831
v -8.78602982 -8.00300982 58.44855881
v -8.94307041 -8.00300982 58.26979065
v -8.63502026 -9.30823996 58.01876831
v -7.09799004 -10.76945021 56.60332108
v -6.99314022 -10.79689982 56.75709915
v -7.93005991 -10.24092963 57.42631149
v -7.09799004 -10.76945021 56.60332108
v -5.98519993 -10.99557021 55.99763107
v -6.99314022 -10.79689982 56.75709915
v -8.46533012 -9.30568984 58.17710876
v -8.63502026 -9.30823996 58.01876831
v -7.93005991 -10.24092963 57.42631149
v -8.63502026 -9.30823996 58.01876831
v -8.46533012 -9.30568984 58.17710876
v -8.78602982 -8.00300982 58.44855881
v -7.75845003 -10.20357993 57.57773972
v -7.93005991 -10.24092963 57.42631149
v -6.99314022 -10.79689982 56.75709915
v -7.93005991 -10.24092963 57.42631149
v -7.75845003 -10.20357993 57.57773972
v -8.46533012 -9.30568984 58.17710876
v -6.83917999 -10.70808032 56.91447067
v -6.99314022 -10.79689982 56.75709915
v -5.98519993 -10.99557021 55.99763107
v -6.99314022 -10.79689982 56.75709915
v -6.83917999 -10.70808032 56.91447067
v -7.75845003 -10.20357993 57.57773972
v -5.98519993 -10.99557021 55.99763107
v -5.86924982 -10.93601992 56.18721008
v -6.83917999 -10.70808032 56.91447067
v -8.56412983 -8.00300982 58.53451157
v -8.78602982 -8.00300982 58.44855881
v -8.46533012 -9.30568984 58.17710876
v -8.28166008 -9.25623992 58.24971008
v -8.46533012 -9.30568984 58.17710876
v -7.75845003 -10.20357993 57.57773972
v -8.46533012 -9.30568984 58.17710876
v -8.28166008 -9.25623992 58.24971008
v -8.56412983 -8.00300982 58.53451157
v -7.57564020 -10.08601954 57.65858078
v -7.75845003 -10.20357993 57.57773972
v -6.83917999 -10.70808032 56.91447067
v -7.75845003 -10.20357993 57.57773972
v -7.57564020 -10.08601954 57.65858078
v -8.28166008 -9.25623992 58.24971008
v -6.83917999 -10.70808032 56.91447067
v -6.71150017 -10.54601004 56.99842834
v -7.57564020 -10.08601954 57.65858078
v -6.71150017 -10.54601004 56.99842834
v -6.83917999 -10.70808032 56.91447067
v -5.86924982 -10.93601992 56.18721008
v -5.86924982 -10.93601992 56.18721008
v -5.78437996 -10.77334025 56.32600021
v -6.71150017 -10.54601004 56.99842834
v -8.32765007 -8.00300982 58.50814819
v -8.56412983 -8.00300982 58.53451157
v -8.28166008 -9.25623992 58.24971008
v -8.28166008 -9.25623992 58.24971008
v -8.08450031 -9.16380980 58.24420166
v -8.32765007 -8.00300982 58.50814819
v -8.08450031 -9.16380980 58.24420166
v -8.28166008 -9.25623992 58.24971008
v -7.57564020 -10.08601954 57.65858078
v -7.57564020 -10.08601954 57.65858078
v -7.36931992 -9.82740977 57.61906052
v -8.08450031 -9.16380980 58.24420166
v -7.36931992 -9.82740977 57.61906052
v -7.57564020 -10.08601954 57.65858078
v -6.71150017 -10.54601004 56.99842834
v -6.71150017 -10.54601004 56.99842834
v -6.61429024 -10.30838015 57.00249863
v -7.36931992 -9.82740977 57.61906052
v -6.61429024 -10.30838015 57.00249863
v -6.71150017 -10.54601004 56.99842834
v -5.78437996 -10.77334025 56.32600021
v -5.78437996 -10.77334025 56.32600021
v -5.73882008 -10.50300982 56.40047836
v -6.61429024 -10.30838015 57.00249863
v -7.90885019 -9.03458026 58.14078903
v -8.08450031 -9.16380980 58.24420166
v -7.36931992 -9.82740977 57.61906052
v -8.08450031 -9.16380980 58.24420166
v -7.90885019 -9.03458026 58.14078903
v -8.32765007 -8.00300982 58.50814819
v -8.13012028 -8.00300982 58.37546158
v -8.32765007 -8.00300982 58.50814819
v -7.90885019 -9.03458026 58.14078903
v -5.86924982 -10.93601992 56.18721008
v -3.52289009 -10.85655978 55.20965958
v -5.78437996 -10.77334025 56.32600021
v -3.52289009 -10.85655978 55.20965958
v -5.73882008 -10.50300982 56.40047836
v -5.78437996 -10.77334025 56.32600021
v -5.98519993 -10.99557021 55.99763107
v -4.42718983 -11.00300982 55.17110062
v -5.86924982 -10.93601992 56.18721008
v -8.99969006 -8.00300982 58.03868103
v -8.94307041 -8.00300982 58.26979065
v -8.99969006 -0.00301000 58.03868103
v -8.94307041 -0.00301000 58.26979065
v -8.94307041 -8.00300982 58.26979065
v -8.78602982 -8.00300982 58.44855881
v -8.94307041 -0.00301000 58.26979065
v -8.78602982 -0.00301000 58.44855881
v -8.78602982 -8.00300982 58.44855881
v -8.56412983 -8.00300982 58.53451157
v -8.78602982 -0.00301000 58.44855881
v -8.56412983 -0.00301000 58.53451157
v -8.56412983 -8.00300982 58.53451157
v -8.32765007 -8.00300982 58.50814819
v -8.56412983 -0.00301000 58.53451157
v -8.32765007 -0.00301000 58.50814819
v -8.32765007 -8.00300982 58.50814819
v -8.13012028 -8.00300982 58.37546158
v -8.32765007 -0.00301000 58.50814819
v -8.13012028 -0.00301000 58.37546158
v -5.91618013 -4.00300982 56.51129150
v -4.41318989 -5.67441991 55.70888901
v -4.07348013 -5.46534016 55.56679916
v -5.91618013 -4.00300982 56.51129150
v -4.88857985 -6.00300982 55.93077087
v -4.41318989 -5.67441991 55.70888901
v -5.91618013 -4.00300982 56.51129150
v -4.88857985 -9.00300982 55.93077087
v -4.88857985 -6.00300982 55.93077087
v -5.73882008 -10.50300982 56.40047836
v -5.73882008 -10.50300982 56.40047836
v -4.61835003 -10.50300982 55.80126190
v -4.88857985 -9.00300982 55.93077087
v -6.61429024 -10.30838015 57.00249863
v -5.73882008 -10.50300982 56.40047836
v -5.91618013 -4.00300982 56.51129150
v -5.91618013 -4.00300982 56.51129150
v -7.54952002 -4.00300982 57.78464127
v -6.61429024 -10.30838015 57.00249863
v -7.54952002 -4.00300982 57.78464127
v -7.36931992 -9.82740977 57.61906052
v -6.61429024 -10.30838015 57.00249863
v -7.54952002 -0.00301000 57.78464127
v -7.84538984 -0.00301000 58.07458115
v -7.54952002 -4.00300982 57.78464127
v -7.84538984 -0.00301000 58.07458115
v -7.36931992 -9.82740977 57.61906052
v -7.54952002 -4.00300982 57.78464127
v -7.90885019 -9.03458026 58.14078903
v -7.36931992 -9.82740977 57.61906052
v -7.84538984 -0.00301000 58.07458115
v -7.84538984 -0.00301000 58.07458115
v -8.13012028 -0.00301000 58.37546158
v -7.90885019 -9.03458026 58.14078903
v -8.13012028 -8.00300982 58.37546158
v -4.99969006 8.49699018 59.78464890
v -4.99969006 7.74295995 59.78464890
v -4.99969006 8.49699018 57.78464127
v -4.99969006 8.49699018 57.78464127
v -4.99969006 6.96933982 58.90087128
v -5.49969006 5.16903016 57.78464127
v -4.99969006 6.96933982 58.90087128
v -5.49969006 7.94144008 60.52766037
v -4.99969006 7.74295995 59.78464890
v -4.99969006 8.49699018 59.78464890
v -5.49969006 8.49699018 62.86915970
v -5.49969006 7.94144008 60.52766037
v -4.99969006 8.49699018 59.78464890
v -6.11114979 7.94144008 61.25299072
v -5.49969006 7.94144008 60.52766037
v -5.49969006 8.49699018 62.86915970
v -6.58044004 7.94144008 61.96633148
v -6.11114979 7.94144008 61.25299072
v -5.49969006 8.49699018 62.86915970
v -6.93325996 7.94144008 62.65233994
v -6.58044004 7.94144008 61.96633148
v -5.49969006 8.49699018 62.86915970
v -5.49969006 8.49699018 62.86915970
v -6.36581993 8.49699018 65.28314209
v -6.93325996 7.94144008 62.65233994
v -7.73288012 7.83903978 65.04833984
v -6.93325996 7.94144008 62.65233994
v -6.36581993 8.49699018 65.28314209
v 0.00031000 8.55729959 68.91864777
v -6.92120981 8.54096982 65.99626160
v -6.36581993 8.49699018 65.28314209
v -5.02849007 11.49699018 63.95660019
v -6.77589989 11.08884046 64.79447174
v -5.21216011 11.49699018 65.02297211
v -6.34614992 11.17868993 63.68780136
v -6.77589989 11.08884046 64.79447174
v -5.02849007 11.49699018 63.95660019
v -5.02849007 11.49699018 63.95660019
v -4.79561996 11.49699018 63.01095963
v -6.34614992 11.17868993 63.68780136
v -5.87528992 11.27729985 62.68822861
v -6.34614992 11.17868993 63.68780136
v -4.79561996 11.49699018 63.01095963
v -4.79561996 11.49699018 63.01095963
v -4.49486017 11.49699018 62.19945908
v -5.87528992 11.27729985 62.68822861
v -4.49486017 11.49699018 62.19945908
v -5.34899998 11.34556005 61.80435944
v -5.87528992 11.27729985 62.68822861
v -4.49486017 11.49699018 62.19945908
v -4.11076021 11.49699018 61.54701996
v -5.34899998 11.34556005 61.80435944
v -4.11819983 11.39698980 60.46765900
v -5.34899998 11.34556005 61.80435944
v -4.11076021 11.49699018 61.54701996
v -3.64783001 11.49699018 61.07490921
v -4.11819983 11.39698980 60.46765900
v -4.11076021 11.49699018 61.54701996
v -5.75693989 11.04701039 69.49289703
v -4.80699015 11.04701039 70.66184235
v -3.73787999 11.49699018 69.49623871
v -4.49019003 11.49699018 68.53880310
v -6.39505005 11.04701039 68.23342133
v -5.75693989 11.04701039 69.49289703
v -4.49019003 11.49699018 68.53880310
v -4.49019003 11.49699018 68.53880310
v -5.00295019 11.49699018 67.43309784
v -6.39505005 11.04701039 68.23342133
v -6.74099016 11.04699990 66.98961639
v -6.39505005 11.04701039 68.23342133
v -5.00295019 11.49699018 67.43309784
v -5.00295019 11.49699018 67.43309784
v -5.24790001 11.49699018 66.23879242
v -6.74099016 11.04699990 66.98961639
v -6.84770012 11.04699990 65.82940674
v -6.74099016 11.04699990 66.98961639
v -5.24790001 11.49699018 66.23879242
v -5.24790001 11.49699018 66.23879242
v -5.21216011 11.49699018 65.02297211
v -6.84770012 11.04699990 65.82940674
v -6.84770012 11.04699990 65.82940674
v -5.21216011 11.49699018 65.02297211
v -6.77589989 11.08884046 64.79447174
v -2.90816998 11.39698980 59.72055817
v -4.11819983 11.39698980 60.46765900
v -2.73841000 11.49699018 60.49409103
v -3.64783001 11.49699018 61.07490921
v -8.02649975 9.09239003 67.15675354
v -7.21787024 9.43371961 68.56858826
v -8.40867996 9.57201955 67.21002960
v -7.07508993 9.96327970 69.35164642
v -8.40867996 9.57201955 67.21002960
v -7.21787024 9.43371961 68.56858826
v -7.07508993 9.96327970 69.35164642
v -8.38164043 9.77929971 67.14389801
v -8.40867996 9.57201955 67.21002960
v -7.07508993 9.96327970 69.35164642
v -8.27241039 9.94484040 67.05043793
v -8.38164043 9.77929971 67.14389801
v -7.07508993 9.96327970 69.35164642
v -7.64224005 10.23001001 68.20880890
v -8.27241039 9.94484040 67.05043793
v -7.07508993 9.96327970 69.35164642
v -7.22061014 10.36964032 68.82871246
v -7.64224005 10.23001001 68.20880890
v -6.71648979 10.50162980 69.46391296
v -7.22061014 10.36964032 68.82871246
v -7.07508993 9.96327970 69.35164642
v -5.28136015 10.27447984 71.13149261
v -7.07508993 9.96327970 69.35164642
v -5.96849012 9.74085042 70.08223724
v -7.07508993 9.96327970 69.35164642
v -7.21787024 9.43371961 68.56858826
v -5.96849012 9.74085042 70.08223724
v -7.07508993 9.96327970 69.35164642
v -5.28136015 10.27447984 71.13149261
v -6.71648979 10.50162980 69.46391296
v -5.28136015 10.27447984 71.13149261
v -5.53304005 10.70934961 70.64543915
v -6.71648979 10.50162980 69.46391296
v -8.40867996 9.57201955 67.21002960
v -8.38560963 8.73647973 65.91034698
v -8.02649975 9.09239003 67.15675354
v -8.75323963 9.00932023 65.88834381
v -8.38560963 8.73647973 65.91034698
v -8.40867996 9.57201955 67.21002960
v -8.80716038 9.23128030 65.82972717
v -8.75323963 9.00932023 65.88834381
v -8.40867996 9.57201955 67.21002960
v -8.40867996 9.57201955 67.21002960
v -8.38164043 9.77929971 67.14389801
v -8.80716038 9.23128030 65.82972717
v -8.27241039 9.94484040 67.05043793
v -8.62563992 9.63636014 66.23487091
v -8.38164043 9.77929971 67.14389801
v -8.56412983 7.03773019 64.05474091
v -8.13014030 7.19216010 64.01679230
v -8.38245964 7.53033015 64.74487305
v -8.80875015 7.58720014 64.67842865
v -8.38245964 7.53033015 64.74487305
v -8.69641018 8.16197965 65.11563110
v -8.38245964 7.53033015 64.74487305
v -8.80875015 7.58720014 64.67842865
v -8.56412983 7.03773019 64.05474091
v -8.80875015 7.58720014 64.67842865
v -8.78600979 7.12117002 64.03424835
v -8.56412983 7.03773019 64.05474091
v -8.69641018 8.16197965 65.11563110
v -8.85597992 8.20534036 65.01574707
v -8.80875015 7.58720014 64.67842865
v -8.80875015 7.58720014 64.67842865
v -8.99969006 8.08744046 64.55761719
v -8.78600979 7.12117002 64.03424835
v -8.78600979 7.12117002 64.03424835
v -8.99969006 8.08744046 64.55761719
v -8.99969006 7.42454002 63.58657074
v -8.13012028 -0.00301000 58.37546158
v -8.13012028 1.27293000 58.48614883
v -8.32765007 -0.00301000 58.50814819
v -8.13012028 1.27293000 58.48614883
v -8.13012028 1.27293000 58.48614883
v -8.67508030 -0.00301000 58.49153137
v -8.56412983 -0.00301000 58.53451157
v -8.67508030 -0.00301000 58.49153137
v -8.68027020 3.11936996 59.20854950
v -8.78602982 -0.00301000 58.44855881
v -8.68027020 3.11936996 59.20854950
v -8.94307041 -0.00301000 58.26979065
v -8.78602982 -0.00301000 58.44855881
v -8.68027020 3.11936996 59.20854950
v -8.99969006 -0.00301000 58.03868103
v -8.94307041 -0.00301000 58.26979065
v -8.68027020 3.11936996 59.20854950
v -8.99969006 1.33075997 58.15436935
v -8.99969006 -0.00301000 58.03868103
v -8.68027020 3.11936996 59.20854950
v -8.99969006 2.47987005 58.44739151
v -8.99969006 1.33075997 58.15436935
v -8.68027020 3.11936996 59.20854950
v -8.67508030 -0.00301000 58.49153137
v -8.13012028 2.37196991 58.76641846
v -8.67508030 -0.00301000 58.49153137
v -8.13012028 1.27293000 58.48614883
v -8.13012028 2.37196991 58.76641846
v -8.99969006 3.46151993 58.85665894
v -8.99969006 2.47987005 58.44739151
v -8.68027020 3.11936996 59.20854950
v -8.13012028 2.37196991 58.76641846
v -8.13012028 3.31087992 59.15787125
v -8.68027020 3.11936996 59.20854950
v -8.68027020 3.11936996 59.20854950
v -8.68027020 5.63815019 61.18338013
v -8.99969006 3.46151993 58.85665894
v -8.68027020 5.63815019 61.18338013
v -8.99969006 4.28587005 59.33441162
v -8.99969006 3.46151993 58.85665894
v -8.68027020 5.63815019 61.18338013
v -8.99969006 4.97057006 59.84632874
v -8.99969006 4.28587005 59.33441162
v -8.68027020 5.63815019 61.18338013
v -8.99969006 6.00434014 60.89466858
v -8.99969006 4.97057006 59.84632874
v -8.68027020 5.63815019 61.18338013
v -8.68027020 3.11936996 59.20854950
v -8.13012028 5.29652021 60.60670090
v -8.68027020 3.11936996 59.20854950
v -8.13012028 4.75431010 60.10451126
v -8.13012028 5.29652021 60.60670090
v -8.68027020 3.11936996 59.20854950
v -8.13012028 4.09937999 59.61484146
v -8.13012028 4.75431010 60.10451126
v -8.68027020 3.11936996 59.20854950
v -8.13012028 3.31087992 59.15787125
v -8.13012028 4.09937999 59.61484146
v -8.13012028 5.29652021 60.60670090
v -8.13012028 5.74316022 61.10728836
v -8.68027020 5.63815019 61.18338013
v -8.78600979 7.12117002 64.03424835
v -8.68027020 5.63815019 61.18338013
v -8.56412983 7.03773019 64.05474091
v -8.68027020 5.63815019 61.18338013
v -8.13014030 7.19216010 64.01679230
v -8.56412983 7.03773019 64.05474091
v -8.68027020 5.63815019 61.18338013
v -8.13012028 6.30682990 61.90996933
v -8.13014030 7.19216010 64.01679230
v -8.68027020 5.63815019 61.18338013
v -8.13012028 5.74316022 61.10728836
v -8.13012028 6.30682990 61.90996933
v -8.68027020 5.63815019 61.18338013
v -8.78600979 7.12117002 64.03424835
v -8.99969006 6.00434014 60.89466858
v -8.78600979 7.12117002 64.03424835
v -8.99969006 6.69777009 61.89881134
v -8.99969006 6.00434014 60.89466858
v -8.78600979 7.12117002 64.03424835
v -8.99969006 7.14457986 62.79933929
v -8.99969006 6.69777009 61.89881134
v -8.78600979 7.12117002 64.03424835
v -8.99969006 7.42454002 63.58657074
v -8.99969006 7.14457986 62.79933929
v -8.99969006 7.99699018 62.95621109
v -8.99969006 8.32861993 64.17714691
v -8.92784023 8.64964006 63.24892044
v -8.74118996 9.21524999 63.62118912
v -8.92784023 8.64964006 63.24892044
v -8.99969006 8.32861993 64.17714691
v -8.74118996 9.21524999 63.62118912
v -8.95116043 8.88451001 64.98747253
v -8.82567978 9.29203984 65.44600677
v -8.74118996 9.21524999 63.62118912
v -8.99969006 8.32861993 64.17714691
v -8.95116043 8.88451001 64.98747253
v -8.82567978 9.29203984 65.44600677
v -8.49870968 9.65678022 64.07869720
v -8.74118996 9.21524999 63.62118912
v -8.82567978 9.29203984 65.44600677
v -8.27241993 9.95524022 64.60336304
v -8.49870968 9.65678022 64.07869720
v -8.82567978 9.29203984 65.44600677
v -8.04444981 10.19219968 65.20198822
v -8.27241993 9.95524022 64.60336304
v -8.27241993 10.02462003 65.87689972
v -8.04444981 10.19219968 65.20198822
v -8.75123024 9.44768998 65.75460052
v -8.04444981 10.19219968 65.20198822
v -8.82567978 9.29203984 65.44600677
v -8.75123024 9.44768998 65.75460052
v -8.75123024 9.44768998 65.75460052
v -8.62563992 9.63636014 66.23487091
v -8.27241993 10.02462003 65.87689972
v -8.27241039 10.00168035 66.46891785
v -8.27241993 10.02462003 65.87689972
v -8.62563992 9.63636014 66.23487091
v -8.62563992 9.63636014 66.23487091
v -8.27241039 9.94484040 67.05043793
v -8.27241039 10.00168035 66.46891785
v -8.38560963 8.73647973 65.91034698
v -8.47667027 8.65771958 65.68395996
v -7.22852993 8.73647973 66.44991302
v -7.56945992 8.64122960 66.07729340
v -7.22852993 8.73647973 66.44991302
v -8.47667027 8.65771958 65.68395996
v -8.47667027 8.65771958 65.68395996
v -8.55801010 8.55986974 65.49423218
v -7.56945992 8.64122960 66.07729340
v -7.94614983 8.50654027 65.71537018
v -7.56945992 8.64122960 66.07729340
v -8.55801010 8.55986974 65.49423218
v -6.92120981 8.54096982 65.99626160
v -3.17534995 8.69991967 68.29736328
v -7.21787024 9.43371961 68.56858826
v -5.96849012 9.74085042 70.08223724
v -4.84851980 9.88733003 71.04855347
v -6.92120981 8.54096982 65.99626160
v -7.21787024 9.43371961 68.56858826
v -7.22852993 8.73647973 66.44991302
v -8.02649975 9.09239003 67.15675354
v -8.38560963 8.73647973 65.91034698
v -3.73787999 11.49699018 69.49623871
v -4.49019003 11.49699018 68.53880310
v -5.00295019 11.49699018 67.43309784
v -5.24790001 11.49699018 66.23879242
v -5.21216011 11.49699018 65.02297211
v -5.02849007 11.49699018 63.95660019
v -4.79561996 11.49699018 63.01095963
v -4.49486017 11.49699018 62.19945908
v -4.11076021 11.49699018 61.54701996
v -6.50195980 11.01933953 62.49066925
v -6.34614992 11.17868993 63.68780136
v -5.87528992 11.27729985 62.68822861
v -5.87528992 11.27729985 62.68822861
v -6.34614992 11.17868993 63.68780136
v -6.50195980 11.01933953 62.49066925
v -7.28359985 10.70837018 63.32394028
v -6.95376015 10.83843038 61.88822937
v -7.28359985 10.70837018 63.32394028
v -6.50195980 11.01933953 62.49066925
v -6.95376015 10.83843038 61.88822937
v -6.50195980 11.01933953 62.49066925
v -4.73752022 11.26218984 59.66812134
v -6.49813986 10.94336984 60.01642990
v -6.95376015 10.83843038 61.88822937
v -4.73752022 11.26218984 59.66812134
v -5.99969006 10.99699018 58.03868103
v -6.49813986 10.94336984 60.01642990
v -4.73752022 11.26218984 59.66812134
v -2.90816998 11.39698980 59.72055817
v -4.16852999 10.99699018 56.91780090
v -5.99969006 10.99699018 58.03868103
v -4.73752022 11.26218984 59.66812134
v -8.99969006 8.32861993 64.17714691
v -8.99969006 8.08744046 64.55761719
v -8.95116043 8.88451001 64.98747253
v -8.99969006 8.32861993 64.17714691
v -8.99969006 7.42454002 63.58657074
v -8.99969006 8.08744046 64.55761719
v -8.99969006 7.99699018 62.95621109
v -8.99969006 7.14457986 62.79933929
v -9.02546978 7.99999997 24.47806931
v -8.99969006 6.69777009 61.89881134
v -8.99969006 6.00434014 60.89466858
v 0.00031000 8.55729959 68.91864777
v -6.36581993 8.49699018 65.28314209
v -1.03468001 8.49699018 57.78464127
v -6.36581993 8.49699018 65.28314209
v -5.49969006 8.49699018 62.86915970
v -1.03468001 8.49699018 57.78464127
v -4.99969006 8.49699018 59.78464890
v -4.99969006 8.49699018 57.78464127
v -8.13014030 7.19216010 64.01679230
v -6.93325996 7.94144008 62.65233994
v -7.73288012 7.83903978 65.04833984
v -6.93325996 7.94144008 62.65233994
v -8.13014030 7.19216010 64.01679230
v -8.13012028 6.30682990 61.90996933
v -6.93325996 7.94144008 62.65233994
v -8.13012028 6.30682990 61.90996933
v -6.58044004 7.94144008 61.96633148
v -8.13012028 6.30682990 61.90996933
v -6.11114979 7.94144008 61.25299072
v -6.58044004 7.94144008 61.96633148
v -6.84235001 6.16049001 59.76889038
v -6.11114979 7.94144008 61.25299072
v -6.84235001 6.16049001 59.76889038
v -5.49969006 7.94144008 60.52766037
v -6.84235001 6.16049001 59.76889038
v -4.99969006 6.96933982 58.90087128
v -5.49969006 7.94144008 60.52766037
v -4.99969006 6.96933982 58.90087128
v -4.99969006 7.74295995 59.78464890
v -5.49969006 7.94144008 60.52766037
v -4.99969006 6.96933982 58.90087128
v -6.84235001 6.16049001 59.76889038
v -5.49969006 5.16903016 57.78464127
v -6.84235001 6.16049001 59.76889038
v -7.66389990 4.10294006 59.04661942
v -5.49969006 5.16903016 57.78464127
v -7.66389990 4.10294006 59.04661942
v -6.84235001 6.16049001 59.76889038
v -8.13012028 4.75431010 60.10451126
v -6.84235001 6.16049001 59.76889038
v -8.13012028 5.29652021 60.60670090
v -8.13012028 4.75431010 60.10451126
v -6.84235001 6.16049001 59.76889038
v -8.13012028 5.74316022 61.10728836
v -8.13012028 5.29652021 60.60670090
v -6.84235001 6.16049001 59.76889038
v -8.13012028 6.30682990 61.90996933
v -8.13012028 5.74316022 61.10728836
v -6.34753990 4.08413980 57.78464127
v -8.13012028 4.75431010 60.10451126
v -8.13012028 4.09937999 59.61484146
v -7.66389990 4.10294006 59.04661942
v -8.13012028 1.85876999 58.63554001
v -7.66389990 4.10294006 59.04661942
v -8.13012028 2.37196991 58.76641846
v -7.66389990 4.10294006 59.04661942
v -8.13012028 3.31087992 59.15787125
v -8.13012028 2.37196991 58.76641846
v -7.66389990 4.10294006 59.04661942
v -8.13012028 4.09937999 59.61484146
v -8.13012028 3.31087992 59.15787125
v -7.66389990 4.10294006 59.04661942
v -8.13012028 1.85876999 58.63554001
v -6.34753990 4.08413980 57.78464127
v -8.13012028 1.85876999 58.63554001
v -7.00373983 2.81537006 57.78464127
v -6.34753990 4.08413980 57.78464127
v -7.41158009 1.43359003 57.78464127
v -7.00373983 2.81537006 57.78464127
v -8.13012028 1.85876999 58.63554001
v -8.13012028 1.85876999 58.63554001
v -8.13012028 1.27293000 58.48614883
v -7.41158009 1.43359003 57.78464127
v -7.54952002 -0.00301000 57.78464127
v -7.41158009 1.43359003 57.78464127
v -7.84538984 -0.00301000 58.07458115
v -7.41158009 1.43359003 57.78464127
v -8.13012028 -0.00301000 58.37546158
v -7.84538984 -0.00301000 58.07458115
v -7.41158009 1.43359003 57.78464127
v -8.13012028 1.27293000 58.48614883
v -8.13012028 -0.00301000 58.37546158
v -6.77589989 11.08884046 64.79447174
v -7.68264008 10.48046968 65.19770050
v -6.84770012 11.04699990 65.82940674
v -8.04444981 10.19219968 65.20198822
v -8.27241993 10.02462003 65.87689972
v -7.68264008 10.48046968 65.19770050
v -8.27241993 10.02462003 65.87689972
v -6.84770012 11.04699990 65.82940674
v -7.68264008 10.48046968 65.19770050
v -6.74099016 11.04699990 66.98961639
v -6.84770012 11.04699990 65.82940674
v -8.27241039 9.94484040 67.05043793
v -6.84770012 11.04699990 65.82940674
v -8.27241039 10.00168035 66.46891785
v -8.27241039 9.94484040 67.05043793
v -6.84770012 11.04699990 65.82940674
v -8.27241993 10.02462003 65.87689972
v -8.27241039 10.00168035 66.46891785
v -8.27241039 9.94484040 67.05043793
v -7.64224005 10.23001001 68.20880890
v -6.74099016 11.04699990 66.98961639
v -6.39505005 11.04701039 68.23342133
v -6.74099016 11.04699990 66.98961639
v -7.64224005 10.23001001 68.20880890
v -7.64224005 10.23001001 68.20880890
v -7.22061014 10.36964032 68.82871246
v -6.39505005 11.04701039 68.23342133
v -5.75693989 11.04701039 69.49289703
v -6.39505005 11.04701039 68.23342133
v -6.71648979 10.50162980 69.46391296
v -6.39505005 11.04701039 68.23342133
v -7.22061014 10.36964032 68.82871246
v -6.71648979 10.50162980 69.46391296
v -6.71648979 10.50162980 69.46391296
v -5.53304005 10.70934961 70.64543915
v -5.75693989 11.04701039 69.49289703
v -4.80699015 11.04701039 70.66184235
v -5.75693989 11.04701039 69.49289703
v -5.53304005 10.70934961 70.64543915
v -8.99969006 7.99699018 62.95621109
v -8.92784023 8.64964006 63.24892044
v -9.02546978 7.99999997 24.47806931
v -8.92784023 8.64964006 63.24892044
v -8.74118996 9.21524999 63.62118912
v -8.87864017 8.92704961 50.79251862
v -8.74118996 9.21524999 63.62118912
v -8.49870968 9.65678022 64.07869720
v -8.87864017 8.92704961 50.79251862
v -8.87864017 8.92704961 50.79251862
v -8.49870968 9.65678022 64.07869720
v -8.27241993 9.95524022 64.60336304
v -8.27241993 9.95524022 64.60336304
v -8.04444981 10.19219968 65.20198822
v -8.45252037 9.76336000 50.79251862
v -8.45252037 9.76336000 50.79251862
v -7.68264008 10.48046968 65.19770050
v -7.28359985 10.70837018 63.32394028
v -8.45252037 9.76336000 50.79251862
v -8.04444981 10.19219968 65.20198822
v -7.68264008 10.48046968 65.19770050
v -7.78881979 10.42704961 50.79251862
v -7.28359985 10.70837018 63.32394028
v -6.95376015 10.83843038 61.88822937
v -6.95376015 10.83843038 61.88822937
v -6.49813986 10.94336984 60.01642990
v -6.95251989 10.85317037 50.79251862
v -8.72210026 -9.24092009 57.79336929
v -8.93990040 -8.71140960 9.75317955
v -8.54841042 -9.69896033 9.75195980
v -8.72210026 -9.24092009 57.79336929
v -8.54841042 -9.69896033 9.75195980
v -8.02190971 -10.21899989 57.22966003
v -8.02190971 -10.21899989 57.22966003
v -8.54841042 -9.69896033 9.75195980
v -7.83128977 -10.39776996 9.62841988
v -8.02190971 -10.21899989 57.22966003
v -7.83128977 -10.39776996 9.62841988
v -7.09799004 -10.76945021 56.60332108
v -7.09799004 -10.76945021 56.60332108
v -7.83128977 -10.39776996 9.62841988
v -6.06414986 -10.98433020 42.34553909
v -6.06414986 -10.98433020 42.34553909
v -7.83128977 -10.39776996 9.62841988
v -7.24205017 -10.74225047 10.48112965
v -1.04969001 -10.85239032 54.68365097
v -3.52289009 -10.85655978 55.20965958
v -2.76710010 -11.00300982 54.62258911
v -4.42718983 -11.00300982 55.17110062
v -2.76710010 -11.00300982 54.62258911
v -3.52289009 -10.85655978 55.20965958
v 5.97453022 -11.00000003 35.85023880
v 7.47453022 -10.59807971 35.85023880
v 6.00030994 -11.00300982 55.97394180
v 6.73955011 -10.91051009 56.37839127
v 6.00030994 -11.00300982 55.97394180
v 7.47453022 -10.59807971 35.85023880
v 6.73955011 -10.91051009 56.37839127
v 7.47453022 -10.59807971 35.85023880
v 7.08858013 -10.77340033 56.59703827
v 8.87230968 -8.77645972 35.85023880
v 8.72171974 -9.24320033 57.79251099
v 8.02297974 -10.21858981 57.22999954
v 8.87230968 -8.77645972 35.85023880
v 8.97319984 -7.99928000 35.69485092
v 8.72171974 -9.24320033 57.79251099
v 9.00030994 -8.00300982 58.03868103
v 8.72171974 -9.24320033 57.79251099
v 8.97319984 -7.99928000 35.69485092
v -5.98519993 -10.99557021 55.99763107
v -7.09799004 -10.76945021 56.60332108
v -6.06414986 -10.98433020 42.34553909
v -9.02546978 -8.00000003 50.79251862
v -8.72210026 -9.24092009 57.79336929
v -8.99969006 -8.00300982 58.03868103
v 6.00030994 -11.00300982 55.97394180
v 4.42840004 -11.00300982 55.17134094
v 5.97453022 -11.00000003 35.85023880
v -6.06414986 -10.98433020 42.34553909
v 2.76804996 -11.00300982 54.62266922
v 0.00032000 -11.00300982 54.33266830
v -2.76710010 -11.00300982 54.62258911
v -4.42718983 -11.00300982 55.17110062
v -4.42718983 -11.00300982 55.17110062
v -5.98519993 -10.99557021 55.99763107
v -6.06414986 -10.98433020 42.34553909
v 9.00030994 2.48085997 58.44771957
v 9.00030994 1.33137998 58.15447998
v 9.00030994 -0.00301000 58.03868103
v 9.00030994 -8.00300982 58.03868103
v -8.99969006 4.97057006 59.84632874
v -8.99969006 4.28587005 59.33441162
v -8.99969006 3.46151993 58.85665894
v -8.99969006 2.47987005 58.44739151
v -8.99969006 1.33075997 58.15436935
v -8.99969006 -0.00301000 58.03868103
v -8.99969006 -8.00300982 58.03868103
v -8.99969006 -8.00300982 58.03868103
v -9.02546978 7.99999997 24.47806931
v -9.02546978 -8.00000003 50.79251862
v -9.02546978 7.99999997 9.75317955
v -9.02546978 -8.00000003 50.79251862
v -9.02546978 -8.00000003 9.75317955
v 8.97404957 7.99898002 35.64078140
v 8.57260990 9.49999997 35.85023880
v 8.92280960 8.79777047 63.71437836
v 8.57260990 9.49999997 35.85023880
v 7.47453022 10.59807965 35.85023880
v 7.68907022 10.47651956 65.22637939
v 7.47453022 10.59807965 35.85023880
v 6.75098991 10.89778039 35.85023880
v 7.28972006 10.70575997 63.34865952
v 6.75098991 10.89778039 35.85023880
v 5.97453022 10.99999997 35.85023880
v 6.56192017 10.93566034 60.26742935
v -8.87864017 8.92704961 50.79251862
v -9.02546978 7.99999997 24.47806931
v -8.92784023 8.64964006 63.24892044
v -8.45252037 9.76336000 50.79251862
v -8.87864017 8.92704961 50.79251862
v -8.27241993 9.95524022 64.60336304
v -7.78881979 10.42704961 50.79251862
v -8.45252037 9.76336000 50.79251862
v -7.28359985 10.70837018 63.32394028
v -6.95251989 10.85317037 50.79251862
v -7.78881979 10.42704961 50.79251862
v -6.95376015 10.83843038 61.88822937
v -5.98548985 10.99999997 23.80068016
v -6.95251989 10.85317037 50.79251862
v -5.99969006 10.99699018 58.03868103
v -6.95251989 10.85317037 50.79251862
v -6.49813986 10.94336984 60.01642990
v -5.99969006 10.99699018 58.03868103
v -4.16852999 10.99699018 56.91780090
v -5.98548985 10.99999997 23.80068016
v -5.99969006 10.99699018 58.03868103
v 4.16910982 10.99699018 56.91778946
v 6.00030994 10.99699018 58.03868103
v 5.97453022 10.99999997 35.85023880
v -2.13558006 10.99699018 56.22232056
v 0.00030000 10.99699018 55.98667908
v -6.66594982 -10.93083003 11.30387974
v -6.02546978 -11.00000003 12.21858025
v -6.06414986 -10.98433020 42.34553909
v -7.24205017 -10.74225047 10.48112965
v -6.66594982 -10.93083003 11.30387974
v -6.06414986 -10.98433020 42.34553909
v -8.72210026 -9.24092009 57.79336929
v -9.02546978 -8.00000003 50.79251862
v -8.93990040 -8.71140960 9.75317955
v -9.02546978 -8.00000003 9.75317955
v -8.93990040 -8.71140960 9.75317955
v -9.02546978 -8.00000003 50.79251862
v -9.02546978 7.99999997 9.75317955
v -8.87864017 8.92704961 50.79251862
v -8.92325020 8.77645967 9.75317955
v -9.02546978 7.99999997 9.75317955
v -8.62353992 9.49999997 9.75317955
v -8.92325020 8.77645967 9.75317955
v -8.87864017 8.92704961 50.79251862
v -8.87864017 8.92704961 50.79251862
v -8.45252037 9.76336000 50.79251862
v -8.62353992 9.49999997 9.75317955
v -8.14678955 10.12131974 9.75317955
v -8.62353992 9.49999997 9.75317955
v -8.45252037 9.76336000 50.79251862
v -8.45252037 9.76336000 50.79251862
v -7.78881979 10.42704961 50.79251862
v -8.14678955 10.12131974 9.75317955
v -7.52546978 10.59807965 9.75317955
v -8.14678955 10.12131974 9.75317955
v -7.40257978 10.61575029 24.42708969
v -8.14678955 10.12131974 9.75317955
v -7.78881979 10.42704961 50.79251862
v -7.40257978 10.61575029 24.42708969
v -7.40257978 10.61575029 24.42708969
v -6.80192995 10.89778039 9.75317955
v -7.52546978 10.59807965 9.75317955
v -6.85997009 10.85879037 24.18378067
v -7.52546978 10.59807965 9.75317955
v -7.40257978 10.61575029 24.42708969
v -6.85997009 10.85879037 24.18378067
v -6.95251989 10.85317037 50.79251862
v -6.85997009 10.85879037 24.18378067
v -6.02546978 10.99999997 9.75317955
v -6.80192995 10.89778039 9.75317955
v -5.98548985 10.99999997 23.80068016
v -6.85997009 10.85879037 24.18378067
v -6.95251989 10.85317037 50.79251862
v -6.02546978 10.99999997 9.75317955
v 8.95372009 10.99151036 21.12505913
v 8.13969040 10.48947999 21.68874931
v -1.38547003 10.99363038 6.36441994
v 8.95372009 10.99151036 21.12505913
v -1.38547003 10.99363038 6.36441994
v -6.02546978 10.99999997 9.75317955
v -9.00961971 -7.94521001 7.95427990
v -8.82456017 -8.97045997 8.23386002
v -8.93990040 -8.71140960 9.75317955
v -9.02546978 -8.00000003 9.75317955
v -9.00961971 -7.94521001 7.95427990
v -8.93990040 -8.71140960 9.75317955
v -8.47200012 8.99748990 6.76387978
v -7.84818983 9.52834031 6.46800995
v -8.06851006 7.48124978 4.76029015
v -7.05580997 9.89043996 6.26469994
v -8.06851006 7.48124978 4.76029015
v -7.84818983 9.52834031 6.46800995
v 3.09372997 4.51539991 25.24085999
v -6.02546978 -11.00000003 12.21858025
v -6.66594982 -10.93083003 11.30387974
v 9.61672974 10.99999997 21.56324959
v 6.11848021 10.99999997 28.10642052
v -8.91057014 8.17183015 7.25132990
v -8.47200012 8.99748990 6.76387978
v -8.06851006 7.48124978 4.76029015
v -8.48715019 6.71071002 5.17097998
v -8.91057014 8.17183015 7.25132990
v -8.06851006 7.48124978 4.76029015
v 3.84737992 -11.00000003 25.66955948
v 3.09372997 -11.00000003 25.24128914
v 3.09372997 4.51539991 25.24085999
v 3.84737992 -11.00000003 25.66955948
v 3.09372997 4.51539991 25.24085999
v 3.97006011 4.32182023 25.65568924
v 4.46876001 -10.99928954 25.47945023
v 3.84737992 -11.00000003 25.66955948
v 3.97006011 4.32182023 25.65568924
v 3.09372997 -11.00000003 25.24128914
v -9.01688957 1.01907000 7.80847979
v 3.09372997 4.51539991 25.24085999
v -9.00961971 -7.94521001 7.95427990
v -8.82456017 -8.97045997 8.23386002
v -8.35721970 -9.83343985 8.87693024
v -8.82456017 -8.97045997 8.23386002
v 3.09372997 4.51539991 25.24085999
v -7.83128977 -10.39776996 9.62841988
v -8.35721970 -9.83343985 8.87693024
v -7.24205017 -10.74225047 10.48112965
v -7.83128977 -10.39776996 9.62841988
v -7.24205017 -10.74225047 10.48112965
v -8.93990040 -8.71140960 9.75317955
v -8.82456017 -8.97045997 8.23386002
v -8.54841042 -9.69896033 9.75195980
v -8.54841042 -9.69896033 9.75195980
v -8.82456017 -8.97045997 8.23386002
v -8.35721970 -9.83343985 8.87693024
v -8.54841042 -9.69896033 9.75195980
v -8.35721970 -9.83343985 8.87693024
v -7.83128977 -10.39776996 9.62841988
v -6.02546978 -11.00000003 12.21858025
v 3.09372997 -11.00000003 25.24128914
v 4.80132008 6.77598998 24.02629089
v 3.97006011 4.32182023 25.65568924
v 3.09372997 4.51539991 25.24085999
v 6.02901983 7.60542009 24.02986908
v 6.05099010 6.21135995 24.37203979
v 3.97006011 4.32182023 25.65568924
v 6.02901983 7.60542009 24.02986908
v 3.97006011 4.32182023 25.65568924
v 4.80132008 6.77598998 24.02629089
v 4.80132008 6.77598998 24.02629089
v 5.53122997 7.92273996 23.51519966
v 6.02901983 7.60542009 24.02986908
v 6.71983004 7.26219985 23.90370941
v 6.05099010 6.21135995 24.37203979
v 6.02901983 7.60542009 24.02986908
v 6.02901983 7.60542009 24.02986908
v 7.59723997 9.39441964 22.93180084
v 6.71983004 7.26219985 23.90370941
v 7.59723997 9.39441964 22.93180084
v 7.48443985 8.20318029 23.36832047
v 6.71983004 7.26219985 23.90370941
v 7.59723997 9.39441964 22.93180084
v 6.02901983 7.60542009 24.02986908
v 6.36546993 8.94931981 22.93106079
v 6.02901983 7.60542009 24.02986908
v 5.53122997 7.92273996 23.51519966
v 6.36546993 8.94931981 22.93106079
v 8.30002022 8.99411962 22.79723930
v 7.48443985 8.20318029 23.36832047
v 7.59723997 9.39441964 22.93180084
v 6.36546993 8.94931981 22.93106079
v 7.25502014 9.81192014 22.30820084
v 7.59723997 9.39441964 22.93180084
v 7.59723997 9.39441964 22.93180084
v 9.61672974 10.99999997 21.56324959
v 8.30002022 8.99411962 22.79723930
v 9.61672974 10.99999997 21.56324959
v 9.11120987 9.61542031 22.22924995
v 8.30002022 8.99411962 22.79723930
v 7.59723997 9.39441964 22.93180084
v 8.95372009 10.99151036 21.12505913
v 9.61672974 10.99999997 21.56324959
v 8.13969040 10.48947999 21.68874931
v 8.95372009 10.99151036 21.12505913
v 7.59723997 9.39441964 22.93180084
v 7.59723997 9.39441964 22.93180084
v 7.25502014 9.81192014 22.30820084
v 8.13969040 10.48947999 21.68874931
v 10.27987003 10.99999997 21.33061028
v 9.11120987 9.61542031 22.22924995
v 9.61672974 10.99999997 21.56324959
v -9.01688957 1.01907000 7.80847979
v -9.00809002 3.44141004 7.10284996
v 3.09372997 4.51539991 25.24085999
v -8.91444016 4.52110002 6.55495024
v 3.09372997 4.51539991 25.24085999
v -9.00809002 3.44141004 7.10284996
v -8.78339005 5.53873012 5.93756008
v 3.09372997 4.51539991 25.24085999
v -8.91444016 4.52110002 6.55495024
v 4.80132008 6.77598998 24.02629089
v 3.09372997 4.51539991 25.24085999
v -8.48715019 6.71071002 5.17097998
v 3.09372997 4.51539991 25.24085999
v -8.78339005 5.53873012 5.93756008
v -8.48715019 6.71071002 5.17097998
v 5.53122997 7.92273996 23.51519966
v 4.80132008 6.77598998 24.02629089
v -8.06851006 7.48124978 4.76029015
v 4.80132008 6.77598998 24.02629089
v -8.48715019 6.71071002 5.17097998
v -8.06851006 7.48124978 4.76029015
v 6.36546993 8.94931981 22.93106079
v 5.53122997 7.92273996 23.51519966
v -6.39768982 9.05090997 4.57324982
v -7.27769995 8.32429025 4.56417990
v 5.53122997 7.92273996 23.51519966
v -8.06851006 7.48124978 4.76029015
v -7.27769995 8.32429025 4.56417990
v 7.25502014 9.81192014 22.30820084
v 6.36546993 8.94931981 22.93106079
v -4.28238010 10.18336961 4.86430979
v 6.36546993 8.94931981 22.93106079
v -5.58595991 9.52466008 4.65381002
v -4.28238010 10.18336961 4.86430979
v 6.36546993 8.94931981 22.93106079
v -6.39768982 9.05090997 4.57324982
v -5.58595991 9.52466008 4.65381002
v 8.13969040 10.48947999 21.68874931
v 7.25502014 9.81192014 22.30820084
v -3.42531991 10.53382966 5.09353018
v 7.25502014 9.81192014 22.30820084
v -4.28238010 10.18336961 4.86430979
v -3.42531991 10.53382966 5.09353018
v 8.13969040 10.48947999 21.68874931
v -2.52487993 10.79662034 5.44340992
v -1.38547003 10.99363038 6.36441994
v -3.42531991 10.53382966 5.09353018
v -6.80192995 10.89778039 9.75317955
v -6.02546978 10.99999997 9.75317955
v -6.37603998 10.87411019 8.50607014
v -6.37603998 10.87411019 8.50607014
v -6.61969995 10.62989041 7.63713980
v -6.80192995 10.89778039 9.75317955
v -7.81194019 10.19834039 8.06338978
v -6.61969995 10.62989041 7.63713980
v -7.84818983 9.52834031 6.46800995
v -6.61969995 10.62989041 7.63713980
v -7.05580997 9.89043996 6.26469994
v -7.84818983 9.52834031 6.46800995
v -7.81194019 10.19834039 8.06338978
v -7.52546978 10.59807965 9.75317955
v -8.14678955 10.12131974 9.75317955
v -7.52546978 10.59807965 9.75317955
v -7.81194019 10.19834039 8.06338978
v -7.84818983 9.52834031 6.46800995
v -8.47200012 8.99748990 6.76387978
v -7.81194019 10.19834039 8.06338978
v -8.70497036 9.17055986 8.32643986
v -7.81194019 10.19834039 8.06338978
v -8.47200012 8.99748990 6.76387978
v -7.81194019 10.19834039 8.06338978
v -8.70497036 9.17055986 8.32643986
v -8.14678955 10.12131974 9.75317955
v -8.70497036 9.17055986 8.32643986
v -8.62353992 9.49999997 9.75317955
v -8.14678955 10.12131974 9.75317955
v -8.92325020 8.77645967 9.75317955
v -8.62353992 9.49999997 9.75317955
v -8.70497036 9.17055986 8.32643986
v -8.47200012 8.99748990 6.76387978
v -8.91057014 8.17183015 7.25132990
v -8.70497036 9.17055986 8.32643986
v -8.70497036 9.17055986 8.32643986
v -9.13173962 7.34494016 7.32503986
v -9.02291012 7.83080003 8.60571957
v -8.70497036 9.17055986 8.32643986
v -8.91057014 8.17183015 7.25132990
v -9.13173962 7.34494016 7.32503986
v -8.70497036 9.17055986 8.32643986
v -9.02291012 7.83080003 8.60571957
v -8.92325020 8.77645967 9.75317955
v -9.02291012 7.83080003 8.60571957
v -9.02546978 7.99999997 9.75317955
v -8.92325020 8.77645967 9.75317955
v -7.27769995 8.32429025 4.56417990
v -8.06851006 7.48124978 4.76029015
v -7.05580997 9.89043996 6.26469994
v -8.82707024 6.93591020 6.13375998
v -8.82707024 6.93591020 6.13375998
v -9.13173962 7.34494016 7.32503986
v -8.91057014 8.17183015 7.25132990
v -8.82707024 6.93591020 6.13375998
v -8.48715019 6.71071002 5.17097998
v -8.78339005 5.53873012 5.93756008
v -9.13173962 7.34494016 7.32503986
v -8.82707024 6.93591020 6.13375998
v -8.91444016 4.52110002 6.55495024
v -8.82707024 6.93591020 6.13375998
v -8.78339005 5.53873012 5.93756008
v -8.91444016 4.52110002 6.55495024
v -8.91444016 4.52110002 6.55495024
v -9.00809002 3.44141004 7.10284996
v -9.13173962 7.34494016 7.32503986
v -9.13173962 7.34494016 7.32503986
v -9.00809002 3.44141004 7.10284996
v -9.01688957 1.01907000 7.80847979
v -6.37603998 10.87411019 8.50607014
v -6.02546978 10.99999997 9.75317955
v -1.38547003 10.99363038 6.36441994
v -1.38547003 10.99363038 6.36441994
v -2.52487993 10.79662034 5.44340992
v -6.37603998 10.87411019 8.50607014
v -6.61969995 10.62989041 7.63713980
v -6.37603998 10.87411019 8.50607014
v -3.42531991 10.53382966 5.09353018
v -6.37603998 10.87411019 8.50607014
v -2.52487993 10.79662034 5.44340992
v -3.42531991 10.53382966 5.09353018
v -7.05580997 9.89043996 6.26469994
v -6.61969995 10.62989041 7.63713980
v -4.28238010 10.18336961 4.86430979
v -6.61969995 10.62989041 7.63713980
v -3.42531991 10.53382966 5.09353018
v -4.28238010 10.18336961 4.86430979
v -7.05580997 9.89043996 6.26469994
v -5.58595991 9.52466008 4.65381002
v -6.39768982 9.05090997 4.57324982
v -7.05580997 9.89043996 6.26469994
v -4.28238010 10.18336961 4.86430979
v -5.58595991 9.52466008 4.65381002
v -7.27769995 8.32429025 4.56417990
v -7.05580997 9.89043996 6.26469994
v -6.39768982 9.05090997 4.57324982
v 13.48764038 -11.00000003 19.16484070
v 4.46876001 -10.99928954 25.47945023
v 14.71636963 -1.00000003 18.30447960
v 13.48764038 10.99999997 19.16484070
v 4.46876001 -10.99928954 25.47945023
v 10.27987003 10.99999997 21.33061028
v 13.48764038 10.99999997 19.16484070
v 4.46876001 -10.99928954 25.47945023
v 9.11120987 9.61542031 22.22924995
v 10.27987003 10.99999997 21.33061028
v 8.30002022 8.99411962 22.79723930
v 9.11120987 9.61542031 22.22924995
v 7.48443985 8.20318029 23.36832047
v 6.71983004 7.26219985 23.90370941
v 6.05099010 6.21135995 24.37203979
v 4.46876001 -10.99928954 25.47945023
v 3.97006011 4.32182023 25.65568924
v 6.05099010 6.21135995 24.37203979
v -9.02291012 7.83080003 8.60571957
v -9.00961971 -7.94521001 7.95427990
v -9.02546978 -8.00000003 9.75317955
v -9.01688957 1.01907000 7.80847979
v -9.02291012 7.83080003 8.60571957
v -9.02291012 7.83080003 8.60571957
v -9.13173962 7.34494016 7.32503986
v -9.01688957 1.01907000 7.80847979
v 9.61672974 10.99999997 21.56324959
v 8.95372009 10.99151036 21.12505913
v -5.98548985 10.99999997 23.80068016
v 12.34762001 8.52783010 31.90910912
v 14.91703033 9.74034021 30.12738037
v 13.36478996 9.18492028 30.88310051
v 14.91703033 9.74034021 30.12738037
v 13.86559963 9.76152990 30.19668007
v 13.36478996 9.18492028 30.88310051
v 14.91703033 9.74034021 30.12738037
v 14.42860985 10.14591024 29.35819054
v 13.86559963 9.76152990 30.19668007
v 14.91703033 9.74034021 30.12738037
v 14.92284012 10.39922044 28.68267059
v 14.42860985 10.14591024 29.35819054
v 14.42391014 10.99999997 24.49159050
v 16.29335022 10.99999997 23.17457008
v 8.53306961 10.99999997 30.93532944
v 5.97453022 -11.00000003 35.85023880
v 7.67080021 -10.77163985 33.60985947
v 7.47453022 -10.59807971 35.85023880
v 15.72066021 -10.57271960 27.87063980
v 15.38817978 -10.15373042 29.25568962
v 15.04788017 -10.47305014 28.44679070
v 14.55191994 -10.22272971 29.17260933
v 15.04788017 -10.47305014 28.44679070
v 15.38817978 -10.15373042 29.25568962
v 15.38817978 -10.15373042 29.25568962
v 14.95046997 -9.75866988 30.10413933
v 14.55191994 -10.22272971 29.17260933
v 13.96278000 -9.72336009 30.12993050
v 14.55191994 -10.22272971 29.17260933
v 14.95046997 -9.75866988 30.10413933
v 14.95046997 -9.75866988 30.10413933
v 13.84475040 -9.17020991 30.85625076
v 13.96278000 -9.72336009 30.12993050
v 8.53306961 -11.00000003 30.93532944
v 8.97842979 -10.89778045 31.57136917
v 7.68086004 -11.00000003 31.65925026
v 8.97842979 -10.89778045 31.57136917
v 6.95149994 -11.00000003 32.56861115
v 7.68086004 -11.00000003 31.65925026
v 8.97842979 -10.89778045 31.57136917
v 6.44810009 -10.99913028 33.53150177
v 6.95149994 -11.00000003 32.56861115
v 7.67080021 -10.77163985 33.60985947
v 6.07890987 -11.00000003 34.73595810
v 6.44810009 -10.99913028 33.53150177
v 7.67080021 -10.77163985 33.60985947
v 5.97453022 -11.00000003 35.85023880
v 6.07890987 -11.00000003 34.73595810
v 7.67080021 -10.77163985 33.60985947
v 6.44810009 -10.99913028 33.53150177
v 8.97842979 -10.89778045 31.57136917
v 8.97842979 -10.89778045 31.57136917
v 9.39344025 -10.59807971 32.16405869
v 7.67080021 -10.77163985 33.60985947
v 7.67080021 -10.77163985 33.60985947
v 8.53409958 -10.12131980 34.05926895
v 7.47453022 -10.59807971 35.85023880
v 8.53409958 -10.12131980 34.05926895
v 7.67080021 -10.77163985 33.60985947
v 9.74981022 -10.12131980 32.67301178
v 7.67080021 -10.77163985 33.60985947
v 9.39344025 -10.59807971 32.16405869
v 9.74981022 -10.12131980 32.67301178
v 8.38866997 -9.86392978 35.85762024
v 7.47453022 -10.59807971 35.85023880
v 8.53409958 -10.12131980 34.05926895
v 9.74981022 -10.12131980 32.67301178
v 10.02326965 -9.50000003 33.06354904
v 8.53409958 -10.12131980 34.05926895
v 8.53409958 -10.12131980 34.05926895
v 9.11093998 -9.14805034 34.35955048
v 8.38866997 -9.86392978 35.85762024
v 9.11093998 -9.14805034 34.35955048
v 8.53409958 -10.12131980 34.05926895
v 10.02326965 -9.50000003 33.06354904
v 10.02326965 -9.50000003 33.06354904
v 10.19517040 -8.77645972 33.30905151
v 9.11093998 -9.14805034 34.35955048
v 8.87230968 -8.77645972 35.85023880
v 8.38866997 -9.86392978 35.85762024
v 9.11093998 -9.14805034 34.35955048
v 9.11093998 -9.14805034 34.35955048
v 9.29687977 -7.99604991 34.43215179
v 8.87230968 -8.77645972 35.85023880
v 9.11093998 -9.14805034 34.35955048
v 10.17766953 -7.99945977 33.44432068
v 9.29687977 -7.99604991 34.43215179
v 9.11093998 -9.14805034 34.35955048
v 10.19517040 -8.77645972 33.30905151
v 10.17766953 -7.99945977 33.44432068
v 8.87230968 -8.77645972 35.85023880
v 9.29687977 -7.99604991 34.43215179
v 8.97319984 -7.99928000 35.69485092
v 7.47453022 -10.59807971 35.85023880
v 8.38866997 -9.86392978 35.85762024
v 7.08858013 -10.77340033 56.59703827
v 8.02297974 -10.21858981 57.22999954
v 7.08858013 -10.77340033 56.59703827
v 8.38866997 -9.86392978 35.85762024
v 8.38866997 -9.86392978 35.85762024
v 8.87230968 -8.77645972 35.85023880
v 8.02297974 -10.21858981 57.22999954
v 17.38796043 -11.00000003 24.73506927
v 16.96748924 -10.97762015 25.55215073
v 8.53306961 -11.00000003 30.93532944
v 8.97842979 -10.89778045 31.57136917
v 8.53306961 -11.00000003 30.93532944
v 16.34939003 -10.84741023 26.69325066
v 8.53306961 -11.00000003 30.93532944
v 16.96748924 -10.97762015 25.55215073
v 16.34939003 -10.84741023 26.69325066
v 9.39344025 -10.59807971 32.16405869
v 8.97842979 -10.89778045 31.57136917
v 15.72066021 -10.57271960 27.87063980
v 8.97842979 -10.89778045 31.57136917
v 16.34939003 -10.84741023 26.69325066
v 15.72066021 -10.57271960 27.87063980
v 15.72066021 -10.57271960 27.87063980
v 15.04788017 -10.47305014 28.44679070
v 9.39344025 -10.59807971 32.16405869
v 9.74981022 -10.12131980 32.67301178
v 9.39344025 -10.59807971 32.16405869
v 14.55191994 -10.22272971 29.17260933
v 9.39344025 -10.59807971 32.16405869
v 15.04788017 -10.47305014 28.44679070
v 14.55191994 -10.22272971 29.17260933
v 14.55191994 -10.22272971 29.17260933
v 13.96278000 -9.72336009 30.12993050
v 9.74981022 -10.12131980 32.67301178
v 10.02326965 -9.50000003 33.06354904
v 9.74981022 -10.12131980 32.67301178
v 13.96278000 -9.72336009 30.12993050
v 13.96278000 -9.72336009 30.12993050
v 13.84475040 -9.17020991 30.85625076
v 10.02326965 -9.50000003 33.06354904
v 10.19517040 -8.77645972 33.30905151
v 10.02326965 -9.50000003 33.06354904
v 13.84475040 -9.17020991 30.85625076
v 13.84475040 -9.17020991 30.85625076
v 12.79827023 -8.62658027 31.61545944
v 10.19517040 -8.77645972 33.30905151
v 10.17766953 -7.99945977 33.44432068
v 10.19517040 -8.77645972 33.30905151
v 11.78197002 -8.00000003 32.32275009
v 10.19517040 -8.77645972 33.30905151
v 12.79827023 -8.62658027 31.61545944
v 11.78197002 -8.00000003 32.32275009
v 4.46876001 -10.99928954 25.47945023
v 13.48764038 -11.00000003 19.16484070
v 16.31776047 -10.99075988 23.16249084
v 7.24306011 -10.99853042 29.51985931
v 3.84737992 -11.00000003 25.66955948
v 17.38796043 -11.00000003 24.73506927
v 8.53306961 -11.00000003 30.93532944
v 6.44810009 -10.99913028 33.53150177
v 6.07890987 -11.00000003 34.73595810
v 6.95149994 -11.00000003 32.56861115
v 7.68086004 -11.00000003 31.65925026
v 22.32518005 2.14599988 12.97673035
v 22.49831963 0.00000000 12.85548973
v 22.32518005 -2.14598992 12.97673035
v 21.81241989 -4.20951989 13.33576012
v 21.81241989 4.20951984 13.33576012
v 20.97974014 -6.11126998 13.91880989
v 20.97974014 6.11127994 13.91880989
v 19.85914993 -7.77817014 14.70345974
v 19.85914993 7.77818010 14.70345974
v 18.49370003 -9.14616015 15.65954971
v 18.49370003 9.14616964 15.65954971
v 16.93588066 -10.16267016 16.75036049
v 16.93588066 10.16267011 16.75036049
v 15.24553967 -10.78864005 17.93394089
v 15.24553967 10.78864000 17.93394089
v 17.24873924 10.99999997 22.51061058
v 13.48764038 10.99999997 19.16484070
v 15.24553967 10.78864000 17.93394089
v 13.48764038 10.99999997 19.16484070
v 17.24873924 10.99999997 22.51061058
v 17.24873924 10.99999997 22.51061058
v 18.17610931 10.65631959 21.81541061
v 15.24553967 10.78864000 17.93394089
v 16.93588066 10.16267011 16.75036049
v 15.24553967 10.78864000 17.93394089
v 19.22166061 10.40003965 21.06122017
v 15.24553967 10.78864000 17.93394089
v 18.17610931 10.65631959 21.81541061
v 19.22166061 10.40003965 21.06122017
v 18.49370003 9.14616964 15.65954971
v 16.93588066 10.16267011 16.75036049
v 20.96987915 9.32312963 19.90790939
v 16.93588066 10.16267011 16.75036049
v 19.22166061 10.40003965 21.06122017
v 20.96987915 9.32312963 19.90790939
v 20.96987915 9.32312963 19.90790939
v 22.40246964 8.07653997 18.90564919
v 18.49370003 9.14616964 15.65954971
v 19.85914993 7.77818010 14.70345974
v 18.49370003 9.14616964 15.65954971
v 22.40246964 8.07653997 18.90564919
v 22.40246964 8.07653997 18.90564919
v 23.59133911 6.44001004 18.07167053
v 19.85914993 7.77818010 14.70345974
v 20.97974014 6.11127994 13.91880989
v 19.85914993 7.77818010 14.70345974
v 23.59133911 6.44001004 18.07167053
v 23.59133911 6.44001004 18.07167053
v 24.49214935 4.54888007 17.44141960
v 20.97974014 6.11127994 13.91880989
v 21.81241989 4.20951984 13.33576012
v 20.97974014 6.11127994 13.91880989
v 24.49214935 4.54888007 17.44141960
v 24.49214935 4.54888007 17.44141960
v 25.06777954 2.47713992 17.03791046
v 21.81241989 4.20951984 13.33576012
v 22.32518005 2.14599988 12.97673035
v 21.81241989 4.20951984 13.33576012
v 25.06777954 2.47713992 17.03791046
v 25.06777954 2.47713992 17.03791046
v 25.29603004 0.30726999 16.87834930
v 22.32518005 2.14599988 12.97673035
v 22.49831963 0.00000000 12.85548973
v 22.32518005 2.14599988 12.97673035
v 25.29603004 0.30726999 16.87834930
v 25.29603004 0.30726999 16.87834930
v 25.16815948 -1.87590995 16.96806908
v 22.49831963 0.00000000 12.85548973
v 22.32518005 -2.14598992 12.97673035
v 22.49831963 0.00000000 12.85548973
v 25.16815948 -1.87590995 16.96806908
v 25.16815948 -1.87590995 16.96806908
v 24.68785095 -3.98492005 17.30405998
v 22.32518005 -2.14598992 12.97673035
v 21.81241989 -4.20951989 13.33576012
v 22.32518005 -2.14598992 12.97673035
v 24.68785095 -3.98492005 17.30405998
v 24.68785095 -3.98492005 17.30405998
v 23.87474060 -5.93573001 17.87368965
v 21.81241989 -4.20951989 13.33576012
v 20.97974014 -6.11126998 13.91880989
v 21.81241989 -4.20951989 13.33576012
v 23.87474060 -5.93573001 17.87368965
v 23.87474060 -5.93573001 17.87368965
v 22.76055908 -7.65161994 18.65358925
v 20.97974014 -6.11126998 13.91880989
v 19.85914993 -7.77817014 14.70345974
v 20.97974014 -6.11126998 13.91880989
v 22.76055908 -7.65161994 18.65358925
v 22.76055908 -7.65161994 18.65358925
v 21.39038086 -9.06322005 19.61330986
v 19.85914993 -7.77817014 14.70345974
v 18.49370003 -9.14616015 15.65954971
v 19.85914993 -7.77817014 14.70345974
v 21.39038086 -9.06322005 19.61330986
v 21.39038086 -9.06322005 19.61330986
v 19.81749916 -10.11577037 20.71426010
v 18.49370003 -9.14616015 15.65954971
v 16.93588066 -10.16267016 16.75036049
v 18.49370003 -9.14616015 15.65954971
v 19.81749916 -10.11577037 20.71426010
v 19.81749916 -10.11577037 20.71426010
v 18.10548019 -10.76684954 21.91349030
v 16.93588066 -10.16267016 16.75036049
v 15.24553967 -10.78864005 17.93394089
v 16.93588066 -10.16267016 16.75036049
v 18.10548019 -10.76684954 21.91349030
v 18.10548019 -10.76684954 21.91349030
v 16.31776047 -10.99075988 23.16249084
v 15.24553967 -10.78864005 17.93394089
v 13.48764038 -11.00000003 19.16484070
v 15.24553967 -10.78864005 17.93394089
v 16.31776047 -10.99075988 23.16249084
v 14.91703033 9.74034021 30.12738037
v 16.66503906 10.58777043 28.90358925
v 14.92284012 10.39922044 28.68267059
v 16.66503906 10.58777043 28.90358925
v 15.43529987 10.63527963 27.85689926
v 14.92284012 10.39922044 28.68267059
v 16.66503906 10.58777043 28.90358925
v 18.48209953 10.97336957 27.63126945
v 15.43529987 10.63527963 27.85689926
v 18.48209953 10.97336957 27.63126945
v 15.95405006 10.80160043 27.06687927
v 15.43529987 10.63527963 27.85689926
v 18.48209953 10.97336957 27.63126945
v 16.43848038 10.92619035 26.28056908
v 15.95405006 10.80160043 27.06687927
v 17.38796043 10.99999997 24.73506927
v 16.43848038 10.92619035 26.28056908
v 18.48209953 10.97336957 27.63126945
v 18.48209953 10.97336957 27.63126945
v 20.32549095 10.89924047 26.34050941
v 17.38796043 10.99999997 24.73506927
v 20.32549095 10.89924047 26.34050941
v 16.29335022 10.99999997 23.17457008
v 17.38796043 10.99999997 24.73506927
v 20.32549095 10.89924047 26.34050941
v 17.24873924 10.99999997 22.51061058
v 16.29335022 10.99999997 23.17457008
v 18.17610931 10.65631959 21.81541061
v 17.24873924 10.99999997 22.51061058
v 20.32549095 10.89924047 26.34050941
v 20.32549095 10.89924047 26.34050941
v 22.11795998 10.36843011 25.08540916
v 18.17610931 10.65631959 21.81541061
v 22.11795998 10.36843011 25.08540916
v 19.22166061 10.40003965 21.06122017
v 18.17610931 10.65631959 21.81541061
v 22.11795998 10.36843011 25.08540916
v 23.78436089 9.40316007 23.91859055
v 19.22166061 10.40003965 21.06122017
v 23.78436089 9.40316007 23.91859055
v 20.96987915 9.32312963 19.90790939
v 19.22166061 10.40003965 21.06122017
v 22.40246964 8.07653997 18.90564919
v 20.96987915 9.32312963 19.90790939
v 23.78436089 9.40316007 23.91859055
v 23.78436089 9.40316007 23.91859055
v 25.25485039 8.04388044 22.88894081
v 22.40246964 8.07653997 18.90564919
v 23.59133911 6.44001004 18.07167053
v 22.40246964 8.07653997 18.90564919
v 25.25485039 8.04388044 22.88894081
v 25.25485039 8.04388044 22.88894081
v 26.46776962 6.34757993 22.03964043
v 23.59133911 6.44001004 18.07167053
v 24.49214935 4.54888007 17.44141960
v 23.59133911 6.44001004 18.07167053
v 26.46776962 6.34757993 22.03964043
v 26.46776962 6.34757993 22.03964043
v 27.37232971 4.38537023 21.40625954
v 24.49214935 4.54888007 17.44141960
v 25.06777954 2.47713992 17.03791046
v 24.49214935 4.54888007 17.44141960
v 27.37232971 4.38537023 21.40625954
v 27.37232971 4.38537023 21.40625954
v 27.93063927 2.23953006 21.01532936
v 25.06777954 2.47713992 17.03791046
v 25.29603004 0.30726999 16.87834930
v 25.06777954 2.47713992 17.03791046
v 27.93063927 2.23953006 21.01532936
v 27.93063927 2.23953006 21.01532936
v 28.11936951 0.00001000 20.88318062
v 25.29603004 0.30726999 16.87834930
v 25.16815948 -1.87590995 16.96806908
v 25.29603004 0.30726999 16.87834930
v 28.11936951 0.00001000 20.88318062
v 28.11936951 0.00001000 20.88318062
v 27.93063927 -2.23952010 21.01532936
v 25.16815948 -1.87590995 16.96806908
v 24.68785095 -3.98492005 17.30405998
v 25.16815948 -1.87590995 16.96806908
v 27.93063927 -2.23952010 21.01532936
v 27.93063927 -2.23952010 21.01532936
v 27.37232971 -4.38535979 21.40625954
v 24.68785095 -3.98492005 17.30405998
v 23.87474060 -5.93573001 17.87368965
v 24.68785095 -3.98492005 17.30405998
v 27.37232971 -4.38535979 21.40625954
v 27.37232971 -4.38535979 21.40625954
v 26.46777916 -6.34756997 22.03964043
v 23.87474060 -5.93573001 17.87368965
v 22.76055908 -7.65161994 18.65358925
v 23.87474060 -5.93573001 17.87368965
v 26.46777916 -6.34756997 22.03964043
v 26.46777916 -6.34756997 22.03964043
v 25.25485039 -8.04387000 22.88894081
v 22.76055908 -7.65161994 18.65358925
v 21.39038086 -9.06322005 19.61330986
v 22.76055908 -7.65161994 18.65358925
v 25.25485039 -8.04387000 22.88894081
v 25.25485039 -8.04387000 22.88894081
v 23.78437042 -9.40316012 23.91857910
v 21.39038086 -9.06322005 19.61330986
v 19.81749916 -10.11577037 20.71426010
v 21.39038086 -9.06322005 19.61330986
v 23.78437042 -9.40316012 23.91857910
v 23.78437042 -9.40316012 23.91857910
v 22.11795998 -10.36843016 25.08540916
v 19.81749916 -10.11577037 20.71426010
v 18.10548019 -10.76684954 21.91349030
v 19.81749916 -10.11577037 20.71426010
v 22.11795998 -10.36843016 25.08540916
v 22.11795998 -10.36843016 25.08540916
v 20.32550049 -10.89923957 26.34050941
v 18.10548019 -10.76684954 21.91349030
v 16.31776047 -10.99075988 23.16249084
v 18.10548019 -10.76684954 21.91349030
v 17.38796043 -11.00000003 24.73506927
v 18.10548019 -10.76684954 21.91349030
v 20.32550049 -10.89923957 26.34050941
v 17.38796043 -11.00000003 24.73506927
v 20.32550049 -10.89923957 26.34050941
v 18.48210907 -10.97336963 27.63126945
v 17.38796043 -11.00000003 24.73506927
v 18.48210907 -10.97336963 27.63126945
v 16.96748924 -10.97762015 25.55215073
v 17.38796043 -11.00000003 24.73506927
v 18.48210907 -10.97336963 27.63126945
v 16.66505051 -10.58776954 28.90357971
v 16.96748924 -10.97762015 25.55215073
v 16.66505051 -10.58776954 28.90357971
v 16.34939003 -10.84741023 26.69325066
v 16.96748924 -10.97762015 25.55215073
v 16.66505051 -10.58776954 28.90357971
v 15.72066021 -10.57271960 27.87063980
v 16.34939003 -10.84741023 26.69325066
v 16.66505051 -10.58776954 28.90357971
v 14.95046997 -9.75866988 30.10413933
v 15.38817978 -10.15373042 29.25568962
v 15.38817978 -10.15373042 29.25568962
v 15.72066021 -10.57271960 27.87063980
v 16.66505051 -10.58776954 28.90357971
v 10.19517040 8.77645967 33.30905151
v 9.27742004 7.99605987 34.46957016
v 10.02733040 7.99867007 33.54758835
v 9.11093998 9.14805028 34.35955048
v 9.27742004 7.99605987 34.46957016
v 10.19517040 8.77645967 33.30905151
v 9.11093998 9.14805028 34.35955048
v 8.97404957 7.99898002 35.64078140
v 9.27742004 7.99605987 34.46957016
v 9.11093998 9.14805028 34.35955048
v 8.57260990 9.49999997 35.85023880
v 8.97404957 7.99898002 35.64078140
v 10.19517040 8.77645967 33.30905151
v 10.02326965 9.49999997 33.06354904
v 9.11093998 9.14805028 34.35955048
v 9.11093998 9.14805028 34.35955048
v 8.53409958 10.12131974 34.05926895
v 8.57260990 9.49999997 35.85023880
v 8.53409958 10.12131974 34.05926895
v 9.11093998 9.14805028 34.35955048
v 9.74981022 10.12131974 32.67301178
v 9.11093998 9.14805028 34.35955048
v 10.02326965 9.49999997 33.06354904
v 9.74981022 10.12131974 32.67301178
v 9.74981022 10.12131974 32.67301178
v 9.39344025 10.59807965 32.16405869
v 8.53409958 10.12131974 34.05926895
v 7.67080021 10.77163980 33.60985947
v 8.53409958 10.12131974 34.05926895
v 9.39344025 10.59807965 32.16405869
v 8.53409958 10.12131974 34.05926895
v 7.67080021 10.77163980 33.60985947
v 8.57260990 9.49999997 35.85023880
v 7.67080021 10.77163980 33.60985947
v 7.47453022 10.59807965 35.85023880
v 8.57260990 9.49999997 35.85023880
v 9.39344025 10.59807965 32.16405869
v 8.97842979 10.89778039 31.57136917
v 7.67080021 10.77163980 33.60985947
v 6.75098991 10.89778039 35.85023880
v 7.47453022 10.59807965 35.85023880
v 7.67080021 10.77163980 33.60985947
v 7.67080021 10.77163980 33.60985947
v 6.88393021 10.99872014 32.69260025
v 6.75098991 10.89778039 35.85023880
v 7.67080021 10.77163980 33.60985947
v 7.68086004 10.99999997 31.65925026
v 6.88393021 10.99872014 32.69260025
v 7.67080021 10.77163980 33.60985947
v 8.53306961 10.99999997 30.93532944
v 7.68086004 10.99999997 31.65925026
v 7.67080021 10.77163980 33.60985947
v 8.97842979 10.89778039 31.57136917
v 8.53306961 10.99999997 30.93532944
v 5.97453022 10.99999997 35.85023880
v 6.75098991 10.89778039 35.85023880
v 6.07890987 10.99999997 34.73595810
v 6.75098991 10.89778039 35.85023880
v 6.40582991 10.99999997 33.61651993
v 6.07890987 10.99999997 34.73595810
v 6.75098991 10.89778039 35.85023880
v 6.88393021 10.99872014 32.69260025
v 6.40582991 10.99999997 33.61651993
v 17.38796043 10.99999997 24.73506927
v 8.97842979 10.89778039 31.57136917
v 16.43848038 10.92619035 26.28056908
v 17.38796043 10.99999997 24.73506927
v 15.95405006 10.80160043 27.06687927
v 16.43848038 10.92619035 26.28056908
v 8.97842979 10.89778039 31.57136917
v 8.97842979 10.89778039 31.57136917
v 9.39344025 10.59807965 32.16405869
v 15.95405006 10.80160043 27.06687927
v 9.39344025 10.59807965 32.16405869
v 15.43529987 10.63527963 27.85689926
v 15.95405006 10.80160043 27.06687927
v 14.92284012 10.39922044 28.68267059
v 15.43529987 10.63527963 27.85689926
v 9.39344025 10.59807965 32.16405869
v 9.39344025 10.59807965 32.16405869
v 9.74981022 10.12131974 32.67301178
v 14.92284012 10.39922044 28.68267059
v 9.74981022 10.12131974 32.67301178
v 14.42860985 10.14591024 29.35819054
v 14.92284012 10.39922044 28.68267059
v 13.86559963 9.76152990 30.19668007
v 14.42860985 10.14591024 29.35819054
v 9.74981022 10.12131974 32.67301178
v 9.74981022 10.12131974 32.67301178
v 10.02326965 9.49999997 33.06354904
v 13.86559963 9.76152990 30.19668007
v 13.36478996 9.18492028 30.88310051
v 13.86559963 9.76152990 30.19668007
v 10.02326965 9.49999997 33.06354904
v 10.02326965 9.49999997 33.06354904
v 10.19517040 8.77645967 33.30905151
v 13.36478996 9.18492028 30.88310051
v 12.34762001 8.52783010 31.90910912
v 13.36478996 9.18492028 30.88310051
v 10.19517040 8.77645967 33.30905151
v 10.19517040 8.77645967 33.30905151
v 10.02733040 7.99867007 33.54758835
v 12.34762001 8.52783010 31.90910912
v 11.78197002 7.99999997 32.32275009
v 12.34762001 8.52783010 31.90910912
v 10.02733040 7.99867007 33.54758835
v 8.97319984 -7.99928000 35.69485092
v 9.29687977 -7.99604991 34.43215179
v 8.97404957 7.99898002 35.64078140
v 9.27742004 7.99605987 34.46957016
v 9.29687977 -7.99604991 34.43215179
v 10.17766953 -7.99945977 33.44432068
v 9.27742004 7.99605987 34.46957016
v 10.02733040 7.99867007 33.54758835
v 9.27742004 7.99605987 34.46957016
v 10.17766953 -7.99945977 33.44432068
v 18.48209953 10.97336957 27.63126945
v 16.66503906 10.58777043 28.90358925
v 20.32549095 10.89924047 26.34050941
v 22.11795998 10.36843011 25.08540916
v 14.91703033 9.74034021 30.12738037
v 23.78436089 9.40316007 23.91859055
v 14.91703033 9.74034021 30.12738037
v 12.34762001 8.52783010 31.90910912
v 23.78436089 9.40316007 23.91859055
v 25.25485039 8.04388044 22.88894081
v 12.34762001 8.52783010 31.90910912
v 25.25485039 8.04388044 22.88894081
v 26.46776962 6.34757993 22.03964043
v 11.78197002 7.99999997 32.32275009
v 10.02733040 7.99867007 33.54758835
v 10.17766953 -7.99945977 33.44432068
v 19.10869980 -1.00000003 27.19252968
v 27.37232971 4.38537023 21.40625954
v 26.46777916 -6.34756997 22.03964043
v 27.93063927 2.23953006 21.01532936
v 28.11936951 0.00001000 20.88318062
v 27.93063927 -2.23952010 21.01532936
v 27.37232971 -4.38535979 21.40625954
v 25.25485039 -8.04387000 22.88894081
v 11.78197002 -8.00000003 32.32275009
v 26.46777916 -6.34756997 22.03964043
v 10.17766953 -7.99945977 33.44432068
v 11.78197002 -8.00000003 32.32275009
v 12.79827023 -8.62658027 31.61545944
v 25.25485039 -8.04387000 22.88894081
v 23.78437042 -9.40316012 23.91857910
v 13.84475040 -9.17020991 30.85625076
v 25.25485039 -8.04387000 22.88894081
v 12.79827023 -8.62658027 31.61545944
v 13.84475040 -9.17020991 30.85625076
v 13.84475040 -9.17020991 30.85625076
v 14.95046997 -9.75866988 30.10413933
v 23.78437042 -9.40316012 23.91857910
v 22.11795998 -10.36843016 25.08540916
v 14.95046997 -9.75866988 30.10413933
v 16.66505051 -10.58776954 28.90357971
v 20.32550049 -10.89923957 26.34050941
v 18.48210907 -10.97336963 27.63126945
v 17.38796043 10.99999997 24.73506927
v 7.68086004 10.99999997 31.65925026
v 6.88393021 10.99872014 32.69260025
v 6.40582991 10.99999997 33.61651993
v 6.07890987 10.99999997 34.73595810
v 10.27987003 10.99999997 21.33061028
v -4.52127981 -9.48777964 55.75693130
v -4.88857985 -9.00300982 55.93077087
v -4.61835003 -10.50300982 55.80126190
v -4.06603003 -4.00300982 55.56383896
v -5.91618013 -4.00300982 56.51129150
v -4.07348013 -5.46534016 55.56679916
v -4.07348013 -5.46534016 55.56679916
v -3.74877000 -5.29605010 55.44329834
v -4.06603003 -4.00300982 55.56383896
v -4.04355001 -10.02223971 55.55492020
v -4.52127981 -9.48777964 55.75693130
v -4.61835003 -10.50300982 55.80126190
v -4.61835003 -10.50300982 55.80126190
v -3.44120002 -10.49864009 55.33802032
v -4.04355001 -10.02223971 55.55492020
v -4.06603003 -4.00300982 55.56383896
v -3.74877000 -5.29605010 55.44329834
v -3.27828002 -5.11391023 55.28461075
v -4.06603003 -4.00300982 55.56383896
v -3.27828002 -5.11391023 55.28461075
v -2.56465006 -5.00300982 55.08787918
v -2.07016993 -4.00300982 54.98125839
v -4.06603003 -4.00300982 55.56383896
v -2.56465006 -5.00300982 55.08787918
v -2.56465006 -5.00300982 55.08787918
v -0.86205000 -5.00300982 54.81850052
v -2.07016993 -4.00300982 54.98125839
v 0.00031000 -4.00300982 54.78464890
v -2.07016993 -4.00300982 54.98125839
v -0.86205000 -5.00300982 54.81850052
v -0.86205000 -5.00300982 54.81850052
v 0.86268002 -5.00300982 54.81850052
v 0.00031000 -4.00300982 54.78464890
v 2.07080007 -4.00300982 54.98125839
v 0.00031000 -4.00300982 54.78464890
v 0.86268002 -5.00300982 54.81850052
v 0.86268002 -5.00300982 54.81850052
v 2.56527996 -5.00300982 55.08787918
v 2.07080007 -4.00300982 54.98125839
v 2.07080007 -4.00300982 54.98125839
v 2.56527996 -5.00300982 55.08787918
v 3.24816990 -5.10485986 55.27505112
v 2.07080007 -4.00300982 54.98125839
v 3.24816990 -5.10485986 55.27505112
v 3.85738993 -5.34854987 55.48305130
v 4.06664991 -4.00300982 55.56383896
v 2.07080007 -4.00300982 54.98125839
v 3.85738993 -5.34854987 55.48305130
v 3.85738993 -5.34854987 55.48305130
v 4.39885998 -5.66464999 55.70235062
v 4.06664991 -4.00300982 55.56383896
v 4.06664991 -4.00300982 55.56383896
v 4.39885998 -5.66464999 55.70235062
v 4.88920021 -6.00300982 55.93077087
v 5.91680002 -4.00300982 56.51129150
v 4.06664991 -4.00300982 55.56383896
v 4.88920021 -6.00300982 55.93077087
v -0.86205000 -5.00300982 54.81850052
v -2.56465006 -5.00300982 55.08787918
v 0.86268002 -5.00300982 54.81850052
v 2.56527996 -5.00300982 55.08787918
v -2.03628993 -5.00300982 55.45412064
v 2.03692007 -5.00300982 55.45412064
v -1.59864998 -5.00300982 55.92377090
v 1.59926999 -5.00300982 55.92377090
v -1.27058005 -5.00300982 56.47660065
v 1.27120996 -5.00300982 56.47660065
v -1.06794000 -5.00300982 57.08607864
v 1.06857002 -5.00300982 57.08607864
v -0.99969000 -5.00300982 57.72238159
v 1.00030994 -5.00300982 57.72238159
v 1.00030994 -5.00300982 64.05259705
v -0.99969000 -5.00300982 64.05259705
v 1.23269999 -5.00300982 64.87756348
v -0.62317002 -5.00300982 65.00280762
v -0.22221000 -5.00300982 64.80972290
v 0.22284000 -5.00300982 64.80972290
v 0.62380999 -5.00300982 65.00280762
v -0.99969000 -5.00300982 64.05259705
v -1.36571002 -5.07240012 64.78465271
v -0.62317002 -5.00300982 65.00280762
v 1.27380002 -5.02200988 65.28942108
v 1.23269999 -5.00300982 64.87756348
v 0.62380999 -5.00300982 65.00280762
v -0.90065002 -5.00300982 65.35076141
v -0.62317002 -5.00300982 65.00280762
v -1.36571002 -5.07240012 64.78465271
v 0.62380999 -5.00300982 65.00280762
v 0.90127999 -5.00300982 65.35076141
v 1.27380002 -5.02200988 65.28942108
v -1.16937995 -5.00300982 65.70529175
v 1.17000997 -5.00300982 65.70530701
v 1.27380002 -5.02200988 65.28942108
v 0.90127999 -5.00300982 65.35076141
v -0.99969000 -5.00300982 65.78465271
v -0.90065002 -5.00300982 65.35076141
v -1.16937995 -5.00300982 65.70529175
v 0.90127999 -5.00300982 65.35076141
v 1.00030994 -5.00300982 65.78465271
v 1.17000997 -5.00300982 65.70530701
v 1.08592999 -5.00300982 66.22725677
v -1.07869005 -5.00300982 66.24314880
v 0.86804003 -5.00300982 66.28169250
v -0.86540997 -5.00300982 66.28515625
v 0.50304002 -5.00300982 66.64909363
v 0.76599997 -5.00300982 66.67244720
v -0.75401998 -5.00300982 66.68211365
v -0.49849999 -5.00300982 66.65135193
v 0.00254000 -5.00300982 66.78463745
v 0.28178000 -5.00300982 66.92273712
v -0.26495001 -5.00300982 66.92662048
v 2.00030994 -6.00300982 57.72238159
v 2.00068998 -6.00300982 64.78462982
v 2.00030994 -9.00300982 57.72238159
v 2.00031996 -9.00300982 64.78465271
v 0.00032000 -10.00300982 55.78464890
v 0.00032000 -10.00300982 56.18634033
v -1.66579998 -10.00300982 55.83742905
v -1.38036001 -10.00300982 56.25979996
v 0.00032000 -10.00300982 56.52709961
v -1.17069995 -10.00300982 56.72396851
v 0.00032000 -10.00300982 56.79470062
v 1.04338002 -10.00300982 57.21588135
v -1.04276001 -10.00300982 57.21583939
v 1.00030994 -10.00300982 57.72238159
v -0.99969000 -10.00300982 57.72238159
v 1.00031996 -10.00300982 64.78465271
v -1.99969006 -9.00300982 64.78465271
v -1.99969006 -6.00300982 64.74482727
v -1.99969006 -6.00300982 57.72238159
v -1.99969006 -9.00300982 57.72238159
v 4.88920021 -6.00300982 55.93077087
v 4.41108990 -6.00300982 55.76502991
v 4.88920021 -9.00300982 55.93077087
v 4.41097021 -9.00300982 55.76499939
v 4.41108990 -6.00300982 55.76502991
v 3.90525007 -6.00300982 55.72463989
v 4.41097021 -9.00300982 55.76499939
v 3.90518999 -9.00300982 55.72465897
v 3.90525007 -6.00300982 55.72463989
v 3.40663004 -6.00300982 55.81253052
v 3.90518999 -9.00300982 55.72465897
v 3.40655994 -9.00300982 55.81256104
v 3.40663004 -6.00300982 55.81253052
v 2.94623995 -6.00300982 56.02270889
v 3.40655994 -9.00300982 55.81256104
v 2.94618011 -9.00300982 56.02273941
v 2.94623995 -6.00300982 56.02270889
v 2.55334997 -6.00300982 56.34170914
v 2.94618011 -9.00300982 56.02273941
v 2.55328989 -9.00300982 56.34175873
v 2.55334997 -6.00300982 56.34170914
v 2.25301003 -6.00300982 56.74929810
v 2.55328989 -9.00300982 56.34175873
v 2.25291991 -9.00300982 56.74943924
v 2.25301003 -6.00300982 56.74929810
v 2.06434989 -6.00300982 57.22037125
v 2.25291991 -9.00300982 56.74943924
v 2.06428003 -9.00300982 57.22060013
v 2.06434989 -6.00300982 57.22037125
v 2.00030994 -6.00300982 57.72238159
v 2.06428003 -9.00300982 57.22060013
v 2.00030994 -9.00300982 57.72238159
v -4.88857985 -9.00300982 55.93077087
v -4.41046000 -9.00300982 55.76502991
v -4.88857985 -6.00300982 55.93077087
v -4.41046000 -6.00300982 55.76502991
v -4.41046000 -9.00300982 55.76502991
v -3.90462995 -9.00300982 55.72463989
v -4.41046000 -6.00300982 55.76502991
v -3.90462995 -6.00300982 55.72463989
v -3.90462995 -9.00300982 55.72463989
v -3.40599990 -9.00300982 55.81253052
v -3.90462995 -6.00300982 55.72463989
v -3.40599990 -6.00300982 55.81253052
v -3.40599990 -9.00300982 55.81253052
v -2.94561005 -9.00300982 56.02270889
v -3.40599990 -6.00300982 55.81253052
v -2.94561005 -6.00300982 56.02270889
v -2.94561005 -9.00300982 56.02270889
v -2.55272007 -9.00300982 56.34170914
v -2.94561005 -6.00300982 56.02270889
v -2.55272007 -6.00300982 56.34170914
v -2.55272007 -9.00300982 56.34170914
v -2.25237989 -9.00300982 56.74929810
v -2.55272007 -6.00300982 56.34170914
v -2.25237989 -6.00300982 56.74929810
v -2.25237989 -9.00300982 56.74929810
v -2.06371999 -9.00300982 57.22037125
v -2.25237989 -6.00300982 56.74929810
v -2.06371999 -6.00300982 57.22037125
v -2.06371999 -9.00300982 57.22037125
v -1.99969006 -9.00300982 57.72238159
v -2.06371999 -6.00300982 57.22037125
v -1.99969006 -6.00300982 57.72238159
v -4.41046000 -6.00300982 55.76502991
v -4.41318989 -5.67441991 55.70888901
v -4.88857985 -6.00300982 55.93077087
v -3.90462995 -6.00300982 55.72463989
v -3.74877000 -5.29605010 55.44329834
v -4.07348013 -5.46534016 55.56679916
v -4.41318989 -5.67441991 55.70888901
v -4.41046000 -6.00300982 55.76502991
v -3.90462995 -6.00300982 55.72463989
v -4.41318989 -5.67441991 55.70888901
v -3.90462995 -6.00300982 55.72463989
v -3.40599990 -6.00300982 55.81253052
v -3.74877000 -5.29605010 55.44329834
v -2.71138000 -5.29589990 55.82564926
v -2.56465006 -5.00300982 55.08787918
v -3.27828002 -5.11391023 55.28461075
v -2.71138000 -5.29589990 55.82564926
v -3.27828002 -5.11391023 55.28461075
v -3.74877000 -5.29605010 55.44329834
v -3.74877000 -5.29605010 55.44329834
v -3.40599990 -6.00300982 55.81253052
v -2.94561005 -6.00300982 56.02270889
v -2.71138000 -5.29589990 55.82564926
v -3.74877000 -5.29605010 55.44329834
v -2.94561005 -6.00300982 56.02270889
v -2.03628993 -5.00300982 55.45412064
v -2.56465006 -5.00300982 55.08787918
v -2.71138000 -5.29589990 55.82564926
v -2.94561005 -6.00300982 56.02270889
v -2.55272007 -6.00300982 56.34170914
v -2.71138000 -5.29589990 55.82564926
v -2.71138000 -5.29589990 55.82564926
v -2.55272007 -6.00300982 56.34170914
v -2.25237989 -6.00300982 56.74929810
v -1.97344005 -5.29589990 56.64921951
v -2.71138000 -5.29589990 55.82564926
v -2.25237989 -6.00300982 56.74929810
v -1.97344005 -5.29589990 56.64921951
v -1.59864998 -5.00300982 55.92377090
v -2.03628993 -5.00300982 55.45412064
v -2.71138000 -5.29589990 55.82564926
v -1.97344005 -5.29589990 56.64921951
v -2.03628993 -5.00300982 55.45412064
v -1.27058005 -5.00300982 56.47660065
v -1.59864998 -5.00300982 55.92377090
v -1.97344005 -5.29589990 56.64921951
v -2.25237989 -6.00300982 56.74929810
v -2.06371999 -6.00300982 57.22037125
v -1.97344005 -5.29589990 56.64921951
v -1.70681000 -5.29590991 57.72238159
v -1.06794000 -5.00300982 57.08607864
v -1.27058005 -5.00300982 56.47660065
v -1.97344005 -5.29589990 56.64921951
v -1.70681000 -5.29590991 57.72238159
v -1.27058005 -5.00300982 56.47660065
v -1.97344005 -5.29589990 56.64921951
v -2.06371999 -6.00300982 57.22037125
v -1.99969006 -6.00300982 57.72238159
v -1.97344005 -5.29589990 56.64921951
v -1.99969006 -6.00300982 57.72238159
v -1.92357004 -5.62032988 57.72238159
v -1.70681000 -5.29590991 57.72238159
v -1.97344005 -5.29589990 56.64921951
v -1.92357004 -5.62032988 57.72238159
v -1.06794000 -5.00300982 57.08607864
v -1.70681000 -5.29590991 57.72238159
v -1.38239002 -5.07913020 57.72238159
v -0.99969000 -5.00300982 57.72238159
v -1.06794000 -5.00300982 57.08607864
v -1.38239002 -5.07913020 57.72238159
v -1.69826996 -5.28747990 64.78465271
v -1.36571002 -5.07240012 64.78465271
v -1.38239002 -5.07913020 57.72238159
v -1.38239002 -5.07913020 57.72238159
v -1.70681000 -5.29590991 57.72238159
v -1.69826996 -5.28747990 64.78465271
v -1.92124999 -5.61478999 64.78465271
v -1.69826996 -5.28747990 64.78465271
v -1.70681000 -5.29590991 57.72238159
v -1.92357004 -5.62032988 57.72238159
v -1.92124999 -5.61478999 64.78465271
v -1.92357004 -5.62032988 57.72238159
v -1.99969006 -6.00300982 57.72238159
v -1.99969006 -6.00300982 64.74482727
v -1.99475002 -6.00300982 64.92503357
v -1.92124999 -5.61478999 64.78465271
v -1.99969006 -6.00300982 64.74482727
v 1.00030994 -5.00300982 57.72238159
v 1.23269999 -5.00300982 64.87756348
v 1.43194997 -5.11038020 65.01969910
v 1.38300002 -5.07913020 57.72238159
v 1.00030994 -5.00300982 57.72238159
v 1.43194997 -5.11038020 65.01969910
v 1.43194997 -5.11038020 65.01969910
v 1.69888997 -5.28746989 64.78465271
v 1.38300002 -5.07913020 57.72238159
v 1.70741999 -5.29589990 57.72238159
v 1.38300002 -5.07913020 57.72238159
v 1.69888997 -5.28746989 64.78465271
v 1.69888997 -5.28746989 64.78465271
v 1.92189002 -5.61478999 64.78465271
v 1.70741999 -5.29589990 57.72238159
v 1.92419004 -5.62031987 57.72238159
v 1.92189002 -5.61478999 64.78465271
v 2.00068998 -6.00300982 64.78462982
v 1.92419004 -5.62031987 57.72238159
v 2.00030994 -6.00300982 57.72238159
v 4.88920021 -6.00300982 55.93077087
v 4.39885998 -5.66464999 55.70235062
v 4.41108990 -6.00300982 55.76502991
v 3.90525007 -6.00300982 55.72463989
v 4.41108990 -6.00300982 55.76502991
v 4.39885998 -5.66464999 55.70235062
v 4.39885998 -5.66464999 55.70235062
v 3.85738993 -5.34854987 55.48305130
v 3.90525007 -6.00300982 55.72463989
v 3.74838996 -5.30494979 55.44583130
v 3.40663004 -6.00300982 55.81253052
v 3.90525007 -6.00300982 55.72463989
v 3.74838996 -5.30494979 55.44583130
v 2.71692991 -5.29589990 55.82231140
v 2.94623995 -6.00300982 56.02270889
v 3.40663004 -6.00300982 55.81253052
v 3.74838996 -5.30494979 55.44583130
v 2.71692991 -5.29589990 55.82231140
v 3.40663004 -6.00300982 55.81253052
v 3.24816990 -5.10485986 55.27505112
v 2.56527996 -5.00300982 55.08787918
v 2.71692991 -5.29589990 55.82231140
v 2.71692991 -5.29589990 55.82231140
v 3.74838996 -5.30494979 55.44583130
v 3.24816990 -5.10485986 55.27505112
v 2.56527996 -5.00300982 55.08787918
v 2.03692007 -5.00300982 55.45412064
v 2.71692991 -5.29589990 55.82231140
v 2.55334997 -6.00300982 56.34170914
v 2.94623995 -6.00300982 56.02270889
v 2.71692991 -5.29589990 55.82231140
v 2.71692991 -5.29589990 55.82231140
v 2.03692007 -5.00300982 55.45412064
v 1.59926999 -5.00300982 55.92377090
v 1.97546005 -5.29589990 56.64659119
v 2.71692991 -5.29589990 55.82231140
v 1.59926999 -5.00300982 55.92377090
v 1.97546005 -5.29589990 56.64659119
v 2.25301003 -6.00300982 56.74929810
v 2.55334997 -6.00300982 56.34170914
v 2.71692991 -5.29589990 55.82231140
v 1.97546005 -5.29589990 56.64659119
v 2.55334997 -6.00300982 56.34170914
v 1.59926999 -5.00300982 55.92377090
v 1.27120996 -5.00300982 56.47660065
v 1.97546005 -5.29589990 56.64659119
v 2.06434989 -6.00300982 57.22037125
v 2.25301003 -6.00300982 56.74929810
v 1.97546005 -5.29589990 56.64659119
v 1.97546005 -5.29589990 56.64659119
v 1.27120996 -5.00300982 56.47660065
v 1.06857002 -5.00300982 57.08607864
v 1.97546005 -5.29589990 56.64659119
v 1.06857002 -5.00300982 57.08607864
v 1.00030994 -5.00300982 57.72238159
v 1.97546005 -5.29589990 56.64659119
v 1.00030994 -5.00300982 57.72238159
v 1.38300002 -5.07913020 57.72238159
v 1.70741999 -5.29589990 57.72238159
v 1.97546005 -5.29589990 56.64659119
v 1.38300002 -5.07913020 57.72238159
v 1.97546005 -5.29589990 56.64659119
v 1.70741999 -5.29589990 57.72238159
v 2.06434989 -6.00300982 57.22037125
v 2.06434989 -6.00300982 57.22037125
v 1.70741999 -5.29589990 57.72238159
v 1.92419004 -5.62031987 57.72238159
v 2.00030994 -6.00300982 57.72238159
v 2.06434989 -6.00300982 57.22037125
v 1.92419004 -5.62031987 57.72238159
v 1.86633003 -9.50302985 64.78465271
v 1.92419004 -9.38568976 57.72238159
v 2.00030994 -9.00300982 57.72238159
v 2.00031996 -9.00300982 64.78465271
v 1.86633003 -9.50302985 64.78465271
v 2.00030994 -9.00300982 57.72238159
v 1.70741999 -9.71012023 57.72238159
v 1.92419004 -9.38568976 57.72238159
v 1.86633003 -9.50302985 64.78465271
v 1.86633003 -9.50302985 64.78465271
v 1.50029004 -9.86905005 64.78465271
v 1.70741999 -9.71012023 57.72238159
v 1.38300002 -9.92689040 57.72238159
v 1.70741999 -9.71012023 57.72238159
v 1.50029004 -9.86905005 64.78465271
v 1.50029004 -9.86905005 64.78465271
v 1.00031996 -10.00300982 64.78465271
v 1.38300002 -9.92689040 57.72238159
v 1.00030994 -10.00300982 57.72238159
v 1.38300002 -9.92689040 57.72238159
v 1.00031996 -10.00300982 64.78465271
v -1.49969006 -9.86903003 64.78465271
v -1.38237000 -9.92689040 57.72238159
v -0.99969000 -10.00300982 57.72238159
v -0.99967998 -10.00300982 64.78465271
v -1.49969006 -9.86903003 64.78465271
v -0.99969000 -10.00300982 57.72238159
v -1.70678997 -9.71012023 57.72238159
v -1.38237000 -9.92689040 57.72238159
v -1.49969006 -9.86903003 64.78465271
v -1.49969006 -9.86903003 64.78465271
v -1.86571002 -9.50300982 64.78465271
v -1.70678997 -9.71012023 57.72238159
v -1.92357004 -9.38568976 57.72238159
v -1.70678997 -9.71012023 57.72238159
v -1.86571002 -9.50300982 64.78465271
v -1.86571002 -9.50300982 64.78465271
v -1.99969006 -9.00300982 64.78465271
v -1.92357004 -9.38568976 57.72238159
v -1.99969006 -9.00300982 57.72238159
v -1.92357004 -9.38568976 57.72238159
v -1.99969006 -9.00300982 64.78465271
v -4.88857985 -9.00300982 55.93077087
v -4.20885992 -9.24623969 55.70315933
v -4.41046000 -9.00300982 55.76502991
v -3.90462995 -9.00300982 55.72463989
v -4.41046000 -9.00300982 55.76502991
v -4.20885992 -9.24623969 55.70315933
v -4.20885992 -9.24623969 55.70315933
v -3.45966005 -9.51196006 55.65246964
v -3.90462995 -9.00300982 55.72463989
v -3.40599990 -9.00300982 55.81253052
v -3.90462995 -9.00300982 55.72463989
v -3.45966005 -9.51196006 55.65246964
v -3.45966005 -9.51196006 55.65246964
v -2.92259002 -9.70491984 55.70795059
v -3.40599990 -9.00300982 55.81253052
v -2.94561005 -9.00300982 56.02270889
v -3.40599990 -9.00300982 55.81253052
v -2.92259002 -9.70491984 55.70795059
v -2.03552008 -9.71012023 56.53942871
v -2.55272007 -9.00300982 56.34170914
v -2.94561005 -9.00300982 56.02270889
v -2.92259002 -9.70491984 55.70795059
v -2.03552008 -9.71012023 56.53942871
v -2.94561005 -9.00300982 56.02270889
v -1.97107005 -9.98198035 55.79822922
v -1.66579998 -10.00300982 55.83742905
v -2.03552008 -9.71012023 56.53942871
v -2.25366998 -9.92566970 55.77648926
v -1.97107005 -9.98198035 55.79822922
v -2.03552008 -9.71012023 56.53942871
v -2.52204990 -9.84498027 55.75502014
v -2.25366998 -9.92566970 55.77648926
v -2.03552008 -9.71012023 56.53942871
v -2.03552008 -9.71012023 56.53942871
v -2.92259002 -9.70491984 55.70795059
v -2.52204990 -9.84498027 55.75502014
v -1.66579998 -10.00300982 55.83742905
v -1.38036001 -10.00300982 56.25979996
v -2.03552008 -9.71012023 56.53942871
v -2.25237989 -9.00300982 56.74929810
v -2.55272007 -9.00300982 56.34170914
v -2.03552008 -9.71012023 56.53942871
v -2.03552008 -9.71012023 56.53942871
v -1.38036001 -10.00300982 56.25979996
v -1.17069995 -10.00300982 56.72396851
v -2.03552008 -9.71012023 56.53942871
v -1.17069995 -10.00300982 56.72396851
v -1.04276001 -10.00300982 57.21583939
v -2.03552008 -9.71012023 56.53942871
v -1.04276001 -10.00300982 57.21583939
v -0.99969000 -10.00300982 57.72238159
v -2.03552008 -9.71012023 56.53942871
v -0.99969000 -10.00300982 57.72238159
v -1.38237000 -9.92689040 57.72238159
v -1.70678997 -9.71012023 57.72238159
v -2.03552008 -9.71012023 56.53942871
v -1.38237000 -9.92689040 57.72238159
v -1.70678997 -9.71012023 57.72238159
v -2.06371999 -9.00300982 57.22037125
v -2.25237989 -9.00300982 56.74929810
v -2.03552008 -9.71012023 56.53942871
v -1.70678997 -9.71012023 57.72238159
v -2.25237989 -9.00300982 56.74929810
v -2.06371999 -9.00300982 57.22037125
v -1.70678997 -9.71012023 57.72238159
v -1.92357004 -9.38568976 57.72238159
v -1.99969006 -9.00300982 57.72238159
v -2.06371999 -9.00300982 57.22037125
v -1.92357004 -9.38568976 57.72238159
v -3.52289009 -10.85655978 55.20965958
v -4.61835003 -10.50300982 55.80126190
v -5.73882008 -10.50300982 56.40047836
v -5.86924982 -10.93601992 56.18721008
v -4.42718983 -11.00300982 55.17110062
v -3.52289009 -10.85655978 55.20965958
v -3.44120002 -10.49864009 55.33802032
v -4.61835003 -10.50300982 55.80126190
v -3.52289009 -10.85655978 55.20965958
v -1.04969001 -10.85239032 54.68365097
v 0.00032000 -10.66967967 54.80614090
v -2.47480011 -10.61701014 55.07125092
v -2.47480011 -10.61701014 55.07125092
v -3.44120002 -10.49864009 55.33802032
v -3.52289009 -10.85655978 55.20965958
v 0.00032000 -10.97926047 54.48559952
v -1.04969001 -10.85239032 54.68365097
v -2.76710010 -11.00300982 54.62258911
v -2.76710010 -11.00300982 54.62258911
v 0.00032000 -11.00300982 54.33266830
v 0.00032000 -10.97926047 54.48559952
v 2.76804996 -11.00300982 54.62266922
v 1.05032003 -10.85239032 54.68365097
v 0.00032000 -10.97926047 54.48559952
v 0.00032000 -11.00300982 54.33266830
v 2.76804996 -11.00300982 54.62266922
v 0.00032000 -10.97926047 54.48559952
v 3.52351999 -10.85655978 55.20965958
v 1.05032003 -10.85239032 54.68365097
v 2.76804996 -11.00300982 54.62266922
v 2.76804996 -11.00300982 54.62266922
v 4.42840004 -11.00300982 55.17134094
v 3.52351999 -10.85655978 55.20965958
v 3.52351999 -10.85655978 55.20965958
v 5.77439022 -10.75300982 56.34334183
v 4.61922979 -10.50300982 55.80138016
v 3.52351999 -10.85655978 55.20965958
v 4.42840004 -11.00300982 55.17134094
v 6.00030994 -11.00300982 55.97394180
v 0.00031000 -5.00300982 65.78465271
v -1.73698997 -5.33821013 64.96862793
v -1.36571002 -5.07240012 64.78465271
v -1.69826996 -5.28747990 64.78465271
v -1.69826996 -5.28747990 64.78465271
v -1.92124999 -5.61478999 64.78465271
v -1.73698997 -5.33821013 64.96862793
v -1.92772996 -5.64576009 64.93640137
v -1.73698997 -5.33821013 64.96862793
v -1.92124999 -5.61478999 64.78465271
v -1.92124999 -5.61478999 64.78465271
v -1.99475002 -6.00300982 64.92503357
v -1.92772996 -5.64576009 64.93640137
v 1.43194997 -5.11038020 65.01969910
v 1.73760998 -5.33820012 64.96864319
v 1.69888997 -5.28746989 64.78465271
v 1.92189002 -5.61478999 64.78465271
v 1.69888997 -5.28746989 64.78465271
v 1.73760998 -5.33820012 64.96864319
v 1.73760998 -5.33820012 64.96864319
v 1.92835999 -5.64576009 64.93640137
v 1.92189002 -5.61478999 64.78465271
v 1.92835999 -5.64576009 64.93640137
v -1.81236005 -5.27565005 66.19547272
v -1.16937995 -5.00300982 65.70529175
v -1.36571002 -5.07240012 64.78465271
v -1.73698997 -5.33821013 64.96862793
v -1.81236005 -5.27565005 66.19547272
v -1.36571002 -5.07240012 64.78465271
v -1.92772996 -5.64576009 64.93640137
v -1.99475002 -6.00300982 64.92503357
v -1.81236005 -5.27565005 66.19547272
v -1.73698997 -5.33821013 64.96862793
v -1.92772996 -5.64576009 64.93640137
v -1.81236005 -5.27565005 66.19547272
v -1.99475002 -6.00300982 64.92503357
v -2.10208988 -5.94568017 66.32501221
v -1.81236005 -5.27565005 66.19547272
v -1.07869005 -5.00300982 66.24314880
v -1.16937995 -5.00300982 65.70529175
v -1.81236005 -5.27565005 66.19547272
v -1.15963995 -5.27565005 67.23690033
v -1.81236005 -5.27565005 66.19547272
v -2.10208988 -5.94568017 66.32501221
v -1.15963995 -5.27565005 67.23690033
v -0.75401998 -5.00300982 66.68211365
v -1.07869005 -5.00300982 66.24314880
v -1.81236005 -5.27565005 66.19547272
v -1.15963995 -5.27565005 67.23690033
v -1.07869005 -5.00300982 66.24314880
v -2.10208988 -5.94568017 66.32501221
v -1.32992995 -5.94568017 67.50003052
v -1.15963995 -5.27565005 67.23690033
v -0.26495001 -5.00300982 66.92662048
v -0.75401998 -5.00300982 66.68211365
v -1.15963995 -5.27565005 67.23690033
v -1.15963995 -5.27565005 67.23690033
v -1.32992995 -5.94568017 67.50003052
v 0.00031000 -5.94568017 67.95538330
v 0.00031000 -5.27565005 67.64330292
v -1.15963995 -5.27565005 67.23690033
v 0.00031000 -5.94568017 67.95538330
v -1.15963995 -5.27565005 67.23690033
v 0.00031000 -5.27565005 67.64330292
v -0.26495001 -5.00300982 66.92662048
v 0.28178000 -5.00300982 66.92273712
v -0.26495001 -5.00300982 66.92662048
v 0.00031000 -5.27565005 67.64330292
v 0.00031000 -5.94568017 67.95538330
v 1.33055997 -5.94568017 67.50003052
v 0.00031000 -5.27565005 67.64330292
v 1.16026998 -5.27565005 67.23690796
v 0.00031000 -5.27565005 67.64330292
v 1.33055997 -5.94568017 67.50003052
v 0.00031000 -5.27565005 67.64330292
v 1.16026998 -5.27565005 67.23690796
v 0.28178000 -5.00300982 66.92273712
v 0.76599997 -5.00300982 66.67244720
v 0.28178000 -5.00300982 66.92273712
v 1.16026998 -5.27565005 67.23690796
v 1.33055997 -5.94568017 67.50003052
v 2.10272002 -5.94568017 66.32501221
v 1.16026998 -5.27565005 67.23690796
v 1.81298995 -5.27565005 66.19547272
v 1.08592999 -5.00300982 66.22725677
v 0.76599997 -5.00300982 66.67244720
v 1.16026998 -5.27565005 67.23690796
v 1.81298995 -5.27565005 66.19547272
v 0.76599997 -5.00300982 66.67244720
v 1.81298995 -5.27565005 66.19547272
v 1.16026998 -5.27565005 67.23690796
v 2.10272002 -5.94568017 66.32501221
v 1.17000997 -5.00300982 65.70530701
v 1.08592999 -5.00300982 66.22725677
v 1.81298995 -5.27565005 66.19547272
v 2.10272002 -5.94568017 66.32501221
v 2.00068998 -6.00300982 64.78462982
v 1.81298995 -5.27565005 66.19547272
v 1.73760998 -5.33820012 64.96864319
v 1.27380002 -5.02200988 65.28942108
v 1.17000997 -5.00300982 65.70530701
v 1.81298995 -5.27565005 66.19547272
v 1.73760998 -5.33820012 64.96864319
v 1.17000997 -5.00300982 65.70530701
v 1.81298995 -5.27565005 66.19547272
v 2.00068998 -6.00300982 64.78462982
v 1.92835999 -5.64576009 64.93640137
v 1.81298995 -5.27565005 66.19547272
v 1.92835999 -5.64576009 64.93640137
v 1.73760998 -5.33820012 64.96864319
v 1.43194997 -5.11038020 65.01969910
v 1.27380002 -5.02200988 65.28942108
v 1.73760998 -5.33820012 64.96864319
v 0.00032000 -10.40316966 54.94948959
v -2.47480011 -10.61701014 55.07125092
v 0.00032000 -10.66967967 54.80614090
v -1.78667998 -10.32124999 55.11590958
v -2.47480011 -10.61701014 55.07125092
v 0.00032000 -10.40316966 54.94948959
v 0.00032000 -10.40316966 54.94948959
v 0.00032000 -10.18684008 55.17287064
v -1.78667998 -10.32124999 55.11590958
v -1.73171997 -10.17208007 55.44401932
v -1.78667998 -10.32124999 55.11590958
v 0.00032000 -10.18684008 55.17287064
v 0.00032000 -10.18684008 55.17287064
v 0.00032000 -10.04899981 55.45228958
v -1.73171997 -10.17208007 55.44401932
v -1.73171997 -10.17208007 55.44401932
v 0.00032000 -10.04899981 55.45228958
v 0.00032000 -10.00300982 55.78464890
v -1.73171997 -10.17208007 55.44401932
v 0.00032000 -10.00300982 55.78464890
v -1.66579998 -10.00300982 55.83742905
v 0.00031000 -4.00300982 54.78464890
v 2.07080007 -4.00300982 54.98125839
v 4.06664991 -4.00300982 55.56383896
v 5.91680002 -4.00300982 56.51129150
v 7.55013990 -4.00300982 57.78464890
v 3.85738993 -5.34854987 55.48305130
v 3.24816990 -5.10485986 55.27505112
v 3.74838996 -5.30494979 55.44583130
v 0.00032000 -10.66967967 54.80614090
v -1.04969001 -10.85239032 54.68365097
v 0.00032000 -10.97926047 54.48559952
v 0.00032000 -10.97926047 54.48559952
v 1.05032003 -10.85239032 54.68365097
v 0.00032000 -10.66967967 54.80614090
v 1.27380002 -5.02200988 65.28942108
v 1.43194997 -5.11038020 65.01969910
v 1.23269999 -5.00300982 64.87756348
v -3.52289009 -10.85655978 55.20965958
v -1.04969001 -10.85239032 54.68365097
v -2.47480011 -10.61701014 55.07125092
v -1.66579998 -10.00300982 55.83742905
v -1.97107005 -9.98198035 55.79822922
v -1.73171997 -10.17208007 55.44401932
v -2.47480011 -10.61701014 55.07125092
v -1.78667998 -10.32124999 55.11590958
v -1.73171997 -10.17208007 55.44401932
v -1.97107005 -9.98198035 55.79822922
v -2.47480011 -10.61701014 55.07125092
v -1.73171997 -10.17208007 55.44401932
v -1.97107005 -9.98198035 55.79822922
v -2.25366998 -9.92566970 55.77648926
v -2.47480011 -10.61701014 55.07125092
v -2.25366998 -9.92566970 55.77648926
v -2.52204990 -9.84498027 55.75502014
v -2.47480011 -10.61701014 55.07125092
v -3.44120002 -10.49864009 55.33802032
v -2.47480011 -10.61701014 55.07125092
v -2.52204990 -9.84498027 55.75502014
v -3.44120002 -10.49864009 55.33802032
v -2.52204990 -9.84498027 55.75502014
v -2.92259002 -9.70491984 55.70795059
v -3.44120002 -10.49864009 55.33802032
v -2.92259002 -9.70491984 55.70795059
v -3.45966005 -9.51196006 55.65246964
v -4.04355001 -10.02223971 55.55492020
v -3.44120002 -10.49864009 55.33802032
v -3.45966005 -9.51196006 55.65246964
v -4.04355001 -10.02223971 55.55492020
v -3.45966005 -9.51196006 55.65246964
v -4.20885992 -9.24623969 55.70315933
v -4.52127981 -9.48777964 55.75693130
v -4.04355001 -10.02223971 55.55492020
v -4.20885992 -9.24623969 55.70315933
v -4.88857985 -9.00300982 55.93077087
v -4.52127981 -9.48777964 55.75693130
v -4.20885992 -9.24623969 55.70315933
v -0.99969000 -5.00300982 57.72238159
v -1.38239002 -5.07913020 57.72238159
v -0.99969000 -5.00300982 64.05259705
v -0.99967998 -10.00300982 64.78465271
v 1.00031996 -10.00300982 66.28465271
v -0.99967998 -10.00300982 66.28465271
v -1.99475002 -6.00300982 64.92503357
v -1.99969006 -6.00300982 64.74482727
v -1.99969006 -9.00300982 64.78465271
v -1.86571002 -9.50300982 64.78465271
v -2.10208988 -8.94567969 66.32501221
v -1.99969006 -9.00300982 64.78465271
v -1.49969006 -9.86903003 64.78465271
v -2.10208988 -8.94567969 66.32501221
v -1.86571002 -9.50300982 64.78465271
v -0.99967998 -10.00300982 66.28465271
v -1.32992995 -8.94567969 67.50003052
v -2.10208988 -8.94567969 66.32501221
v -0.99967998 -10.00300982 66.28465271
v 0.00032000 -8.94567969 67.95538330
v -1.32992995 -8.94567969 67.50003052
v -0.99967998 -10.00300982 66.28465271
v 1.00031996 -10.00300982 66.28465271
v 0.00032000 -8.94567969 67.95538330
v 1.00031996 -10.00300982 66.28465271
v 1.33055997 -8.94567969 67.50003052
v 0.00032000 -8.94567969 67.95538330
v 1.00031996 -10.00300982 66.28465271
v 2.10272002 -8.94567969 66.32501221
v 1.33055997 -8.94567969 67.50003052
v 1.86633003 -9.50302985 64.78465271
v 2.00031996 -9.00300982 64.78465271
v 2.10272002 -8.94567969 66.32501221
v 1.86633003 -9.50302985 64.78465271
v 2.10272002 -8.94567969 66.32501221
v 1.50029004 -9.86905005 64.78465271
v 4.88920021 -9.00300982 55.93077087
v 4.21059990 -9.24623969 55.70315933
v 4.52301979 -9.48777964 55.75693130
v 4.52301979 -9.48777964 55.75693130
v 4.21059990 -9.24623969 55.70315933
v 4.04528999 -10.02223971 55.55492020
v 4.04528999 -10.02223971 55.55492020
v 4.21059990 -9.24623969 55.70315933
v 3.46140003 -9.51196006 55.65246964
v 4.04528999 -10.02223971 55.55492020
v 3.46140003 -9.51196006 55.65246964
v 3.44294000 -10.49864009 55.33802032
v 3.44294000 -10.49864009 55.33802032
v 3.46140003 -9.51196006 55.65246964
v 2.92431998 -9.70491984 55.70795059
v 3.44294000 -10.49864009 55.33802032
v 2.92431998 -9.70491984 55.70795059
v 2.52378011 -9.84498027 55.75502014
v 3.44294000 -10.49864009 55.33802032
v 2.52378011 -9.84498027 55.75502014
v 2.47653008 -10.61701014 55.07125092
v 2.25540996 -9.92566970 55.77648926
v 2.47653008 -10.61701014 55.07125092
v 2.52378011 -9.84498027 55.75502014
v 1.97281003 -9.98198035 55.79822922
v 2.47653008 -10.61701014 55.07125092
v 2.25540996 -9.92566970 55.77648926
v 1.97281003 -9.98198035 55.79822922
v 1.73345995 -10.17208007 55.44401932
v 2.47653008 -10.61701014 55.07125092
v 2.47653008 -10.61701014 55.07125092
v 1.73345995 -10.17208007 55.44401932
v 1.78840995 -10.32124999 55.11590958
v 1.66753995 -10.00300982 55.83742905
v 1.73345995 -10.17208007 55.44401932
v 1.97281003 -9.98198035 55.79822922
v 3.52351999 -10.85655978 55.20965958
v 2.47653008 -10.61701014 55.07125092
v 1.05032003 -10.85239032 54.68365097
v 1.73345995 -10.17208007 55.44401932
v 1.66753995 -10.00300982 55.83742905
v 0.00032000 -10.00300982 55.78464890
v 1.73345995 -10.17208007 55.44401932
v 0.00032000 -10.00300982 55.78464890
v 0.00032000 -10.04899981 55.45228958
v 0.00032000 -10.18684008 55.17287064
v 1.73345995 -10.17208007 55.44401932
v 0.00032000 -10.04899981 55.45228958
v 1.73345995 -10.17208007 55.44401932
v 0.00032000 -10.18684008 55.17287064
v 1.78840995 -10.32124999 55.11590958
v 0.00032000 -10.40316966 54.94948959
v 1.78840995 -10.32124999 55.11590958
v 0.00032000 -10.18684008 55.17287064
v 1.78840995 -10.32124999 55.11590958
v 0.00032000 -10.40316966 54.94948959
v 2.47653008 -10.61701014 55.07125092
v 0.00032000 -10.40316966 54.94948959
v 0.00032000 -10.66967967 54.80614090
v 2.47653008 -10.61701014 55.07125092
v 2.47653008 -10.61701014 55.07125092
v 3.52351999 -10.85655978 55.20965958
v 3.44294000 -10.49864009 55.33802032
v 1.05032003 -10.85239032 54.68365097
v 2.47653008 -10.61701014 55.07125092
v 0.00032000 -10.66967967 54.80614090
v 3.44294000 -10.49864009 55.33802032
v 3.52351999 -10.85655978 55.20965958
v 4.61922979 -10.50300982 55.80138016
v 2.00030994 -9.00300982 57.72238159
v 1.92419004 -9.38568976 57.72238159
v 2.06428003 -9.00300982 57.22060013
v 2.06428003 -9.00300982 57.22060013
v 1.92419004 -9.38568976 57.72238159
v 1.70741999 -9.71012023 57.72238159
v 2.03725004 -9.71012023 56.53942871
v 2.25291991 -9.00300982 56.74943924
v 1.70741999 -9.71012023 57.72238159
v 1.70741999 -9.71012023 57.72238159
v 2.25291991 -9.00300982 56.74943924
v 2.06428003 -9.00300982 57.22060013
v 1.70741999 -9.71012023 57.72238159
v 1.38300002 -9.92689040 57.72238159
v 2.03725004 -9.71012023 56.53942871
v 2.03725004 -9.71012023 56.53942871
v 1.38300002 -9.92689040 57.72238159
v 1.00030994 -10.00300982 57.72238159
v 2.03725004 -9.71012023 56.53942871
v 1.00030994 -10.00300982 57.72238159
v 1.04338002 -10.00300982 57.21588135
v 2.03725004 -9.71012023 56.53942871
v 1.04338002 -10.00300982 57.21588135
v 1.17244005 -10.00300982 56.72396851
v 2.03725004 -9.71012023 56.53942871
v 1.17244005 -10.00300982 56.72396851
v 1.38209999 -10.00300982 56.25979996
v 2.25291991 -9.00300982 56.74943924
v 2.03725004 -9.71012023 56.53942871
v 2.55328989 -9.00300982 56.34175873
v 1.66753995 -10.00300982 55.83742905
v 2.03725004 -9.71012023 56.53942871
v 1.38209999 -10.00300982 56.25979996
v 2.03725004 -9.71012023 56.53942871
v 2.52378011 -9.84498027 55.75502014
v 2.92431998 -9.70491984 55.70795059
v 2.52378011 -9.84498027 55.75502014
v 2.03725004 -9.71012023 56.53942871
v 2.25540996 -9.92566970 55.77648926
v 2.25540996 -9.92566970 55.77648926
v 2.03725004 -9.71012023 56.53942871
v 1.97281003 -9.98198035 55.79822922
v 1.97281003 -9.98198035 55.79822922
v 2.03725004 -9.71012023 56.53942871
v 1.66753995 -10.00300982 55.83742905
v 2.92431998 -9.70491984 55.70795059
v 2.94618011 -9.00300982 56.02273941
v 2.03725004 -9.71012023 56.53942871
v 2.03725004 -9.71012023 56.53942871
v 2.94618011 -9.00300982 56.02273941
v 2.55328989 -9.00300982 56.34175873
v 2.94618011 -9.00300982 56.02273941
v 2.92431998 -9.70491984 55.70795059
v 3.40655994 -9.00300982 55.81256104
v 3.46140003 -9.51196006 55.65246964
v 3.40655994 -9.00300982 55.81256104
v 2.92431998 -9.70491984 55.70795059
v 3.40655994 -9.00300982 55.81256104
v 3.46140003 -9.51196006 55.65246964
v 3.90518999 -9.00300982 55.72465897
v 4.21059990 -9.24623969 55.70315933
v 3.90518999 -9.00300982 55.72465897
v 3.46140003 -9.51196006 55.65246964
v 3.90518999 -9.00300982 55.72465897
v 4.21059990 -9.24623969 55.70315933
v 4.41097021 -9.00300982 55.76499939
v 4.88920021 -9.00300982 55.93077087
v 4.41097021 -9.00300982 55.76499939
v 4.21059990 -9.24623969 55.70315933
v 1.17244005 -10.00300982 56.72396851
v 1.38209999 -10.00300982 56.25979996
v 1.66753995 -10.00300982 55.83742905
v 4.61922979 -10.50300982 55.80138016
v 4.04528999 -10.02223971 55.55492020
v 3.44294000 -10.49864009 55.33802032
v 4.04528999 -10.02223971 55.55492020
v 4.61922979 -10.50300982 55.80138016
v 4.52301979 -9.48777964 55.75693130
v 4.52301979 -9.48777964 55.75693130
v 4.61922979 -10.50300982 55.80138016
v 4.88920021 -9.00300982 55.93077087
v -0.99969000 -5.00300982 64.05259705
v -1.38239002 -5.07913020 57.72238159
v -1.36571002 -5.07240012 64.78465271
v -0.99967998 -10.00300982 66.28465271
v -1.49969006 -9.86903003 64.78465271
v -0.99967998 -10.00300982 66.28465271
v -2.10208988 -8.94567969 66.32501221
v 1.00031996 -10.00300982 66.28465271
v 1.50029004 -9.86905005 64.78465271
v 2.10272002 -8.94567969 66.32501221
v 1.00031996 -10.00300982 66.28465271
v -2.10208988 -5.94568017 66.32501221
v -1.99475002 -6.00300982 64.92503357
v -2.10208988 -8.94567969 66.32501221
v -1.99475002 -6.00300982 64.92503357
v -1.99969006 -9.00300982 64.78465271
v -2.10208988 -8.94567969 66.32501221
v 2.10272002 -5.94568017 66.32501221
v 1.33055997 -5.94568017 67.50003052
v 1.33055997 -8.94567969 67.50003052
v 2.10272002 -8.94567969 66.32501221
v 1.33055997 -5.94568017 67.50003052
v 0.00031000 -5.94568017 67.95538330
v 0.00032000 -8.94567969 67.95538330
v 1.33055997 -8.94567969 67.50003052
v 0.00031000 -5.94568017 67.95538330
v -1.32992995 -5.94568017 67.50003052
v -1.32992995 -8.94567969 67.50003052
v 0.00032000 -8.94567969 67.95538330
v -1.32992995 -5.94568017 67.50003052
v -2.10208988 -5.94568017 66.32501221
v -2.10208988 -8.94567969 66.32501221
v -1.32992995 -8.94567969 67.50003052
v 2.00068998 -6.00300982 64.78462982
v 2.10272002 -5.94568017 66.32501221
v 2.10272002 -8.94567969 66.32501221
v 2.00031996 -9.00300982 64.78465271
v 2.13615990 10.99699018 56.22230911
v 0.00031000 8.55729959 68.91864777
v 1.30478001 9.65114972 71.81622314
v 0.00028000 9.65114972 71.95565033
v 0.00031000 8.55729959 68.91864777
v 0.00031000 8.55729959 68.91864777
v 3.33826995 9.49240014 70.55583954
v 2.54801989 9.65114972 71.40518951
v 0.00031000 8.55729959 68.91864777
v 3.28988004 9.10509965 69.40429688
v 3.33826995 9.49240014 70.55583954
v 0.00031000 8.55729959 68.91864777
v 0.00028000 9.65114972 71.95565033
v -1.30421996 9.65114972 71.81620026
v 0.00031000 8.55729959 68.91864777
v -1.30421996 9.65114972 71.81620026
v -2.54465008 9.65114972 71.40519714
v 0.00031000 8.55729959 68.91864777
v -2.54465008 9.65114972 71.40519714
v -3.33823991 9.49195954 70.55422211
v 0.00031000 8.55729959 68.91864777
v -3.33823991 9.49195954 70.55422211
v -3.28924990 9.10509965 69.40429688
v -2.78565001 11.49699018 70.25549316
v 0.00032000 11.49699018 65.90821838
v -2.78565001 11.49699018 70.25549316
v -2.27035999 11.48799035 70.79403687
v -2.27035999 11.48799035 70.79403687
v -1.16121995 11.48799035 71.16059113
v 0.00032000 11.48799035 71.28465271
v 1.13878000 11.48799035 71.16059113
v 2.27098989 11.48799035 70.79403687
v 0.00032000 11.49699018 65.90821838
v 2.27098989 11.48799035 70.79403687
v 2.78627992 11.49699018 70.25549316
v 2.78627992 11.49699018 70.25549316
f 1 2 3
f 4 5 6
f 7 8 9
f 10 11 12
f 13 14 9
f 15 16 17
f 18 19 20
f 21 20 19
f 22 23 24
f 25 22 24
f 26 27 28
f 29 28 27
f 30 29 27
f 27 26 31
f 31 32 27
f 32 33 27
f 34 35 36
f 37 38 39
f 40 41 42
f 43 44 45
f 46 47 48
f 49 50 51
f 52 53 54
f 55 56 57
f 58 59 60
f 61 62 63
f 64 65 66
f 67 68 69
f 70 69 71
f 70 71 72
f 70 72 73
f 70 73 74
f 70 74 75
f 70 75 76
f 77 70 76
f 27 78 79
f 80 81 82
f 83 84 85
f 86 87 88
f 89 90 91
f 92 93 94
f 95 96 97
f 98 99 100
f 101 102 103
f 104 105 106
f 107 108 109
f 110 111 112
f 113 114 115
f 116 117 118
f 119 120 121
f 122 123 124
f 125 126 127
f 128 129 130
f 131 132 133
f 134 135 136
f 137 138 139
f 140 141 142
f 143 144 145
f 146 147 148
f 149 150 151
f 152 153 154
f 155 156 157
f 158 159 160
f 161 162 163
f 164 165 166
f 167 168 169
f 170 171 172
f 173 174 175
f 176 177 178
f 179 180 181
f 182 183 184
f 185 186 187
f 188 189 190
f 191 192 193
f 194 195 196
f 197 198 199
f 200 201 202
f 203 204 205
f 206 207 208
f 209 210 211
f 212 213 214
f 215 216 217
f 218 219 220
f 220 221 218
f 221 222 218
f 223 224 225
f 226 227 228
f 229 230 231
f 230 232 231
f 231 233 229
f 234 220 219
f 235 236 237
f 238 239 240
f 241 242 243
f 244 245 246
f 247 248 249
f 250 251 252
f 253 254 255
f 256 257 258
f 259 260 261
f 262 263 264
f 265 266 267
f 268 269 270
f 271 272 273
f 274 275 276
f 277 278 279
f 280 281 282
f 283 284 285
f 286 287 288
f 289 290 291
f 292 293 294
f 295 296 297
f 298 299 300
f 301 302 303
f 304 305 306
f 307 308 309
f 310 311 312
f 313 314 315
f 27 316 317
f 27 79 316
f 318 319 320
f 321 322 323
f 324 325 326
f 327 328 329
f 330 331 332
f 333 334 335
f 336 337 338
f 339 340 341
f 342 343 344
f 345 346 347
f 348 349 350
f 351 352 353
f 354 355 356
f 357 358 359
f 360 361 362
f 363 364 365
f 366 367 368
f 369 370 371
f 372 373 374
f 375 376 377
f 378 379 380
f 381 382 383
f 384 385 386
f 387 388 389
f 390 391 392
f 393 394 395
f 396 397 398
f 399 400 401
f 402 403 404
f 405 406 407
f 408 409 410
f 411 412 413
f 414 415 416
f 417 418 419
f 420 421 422
f 423 424 425
f 426 427 428
f 429 430 431
f 432 433 434
f 435 436 437
f 70 67 69
f 70 438 67
f 70 439 438
f 70 440 439
f 70 441 440
f 70 442 441
f 70 443 442
f 444 445 446
f 447 448 449
f 450 451 452
f 453 454 455
f 456 457 458
f 459 460 461
f 462 463 464
f 465 466 467
f 468 469 470
f 471 472 473
f 474 475 476
f 477 478 479
f 480 481 482
f 483 484 485
f 486 487 488
f 489 490 491
f 492 493 494
f 495 496 497
f 498 499 500
f 501 502 503
f 504 505 506
f 507 508 509
f 510 511 512
f 513 514 515
f 516 517 518
f 519 520 521
f 522 523 524
f 525 526 527
f 528 529 530
f 531 532 533
f 534 535 536
f 537 538 539
f 540 541 542
f 543 544 545
f 546 547 548
f 549 548 547
f 550 551 552
f 553 552 551
f 554 555 556
f 557 556 555
f 558 559 560
f 561 560 559
f 562 563 564
f 565 564 563
f 566 567 568
f 567 569 568
f 570 571 572
f 573 574 575
f 576 577 578
f 579 580 581
f 582 583 584
f 585 586 587
f 588 589 590
f 591 592 593
f 594 593 592
f 595 596 597
f 598 597 596
f 599 600 601
f 602 603 604
f 605 606 607
f 608 607 606
f 609 610 611
f 612 613 614
f 615 616 617
f 618 617 616
f 619 620 621
f 622 623 624
f 625 626 627
f 628 629 630
f 631 632 633
f 634 635 636
f 637 638 639
f 640 641 642
f 643 644 645
f 646 647 648
f 649 650 651
f 652 653 654
f 655 654 653
f 656 657 658
f 659 660 661
f 662 663 664
f 665 666 667
f 668 669 670
f 671 672 673
f 674 675 676
f 677 678 679
f 680 681 682
f 683 684 685
f 683 686 684
f 687 688 689
f 690 691 692
f 693 694 695
f 696 697 698
f 699 700 701
f 702 703 704
f 705 706 707
f 708 709 710
f 711 712 713
f 714 715 716
f 717 718 719
f 720 721 722
f 723 724 725
f 726 727 728
f 729 730 731
f 732 733 734
f 735 736 737
f 738 739 740
f 741 742 743
f 744 745 746
f 747 748 749
f 750 751 752
f 753 754 755
f 756 757 758
f 759 760 761
f 762 763 764
f 765 766 767
f 768 769 770
f 771 772 773
f 774 775 776
f 777 778 779
f 779 780 777
f 781 782 783
f 784 785 786
f 787 788 789
f 790 791 792
f 793 794 795
f 796 797 798
f 799 800 801
f 802 803 804
f 805 806 807
f 808 809 810
f 811 812 813
f 814 815 816
f 817 818 819
f 820 821 822
f 823 824 825
f 826 827 828
f 829 830 831
f 832 833 834
f 835 836 837
f 838 839 840
f 841 229 233
f 841 842 229
f 841 843 842
f 841 844 843
f 841 845 844
f 841 846 845
f 847 848 849
f 317 850 27
f 27 851 30
f 27 852 851
f 27 853 852
f 27 854 853
f 27 850 854
f 855 856 857
f 858 859 860
f 861 683 685
f 862 863 864
f 864 865 862
f 866 867 868
f 869 870 871
f 872 873 874
f 875 876 877
f 878 879 880
f 881 882 883
f 884 885 886
f 887 888 889
f 890 891 892
f 892 891 893
f 894 895 896
f 897 898 899
f 898 900 899
f 900 901 902
f 903 904 905
f 906 907 908
f 906 909 907
f 906 910 909
f 906 911 910
f 906 912 911
f 906 913 912
f 903 914 915
f 9 916 917
f 9 8 916
f 918 919 920
f 921 922 923
f 924 925 926
f 927 928 929
f 930 931 932
f 933 934 935
f 936 937 938
f 939 940 941
f 942 943 944
f 945 946 947
f 948 949 950
f 951 952 953
f 954 955 956
f 957 958 959
f 960 961 962
f 963 964 965
f 966 967 968
f 969 970 971
f 972 973 974
f 975 976 977
f 978 979 980
f 981 982 983
f 984 985 986
f 987 988 989
f 990 991 992
f 993 994 995
f 996 997 998
f 999 1000 1001
f 1002 1003 1004
f 1005 1006 1007
f 1008 1009 1010
f 1010 1011 1008
f 1012 1013 1014
f 1015 1016 1017
f 1018 1019 1020
f 1021 1022 1023
f 1024 1025 1026
f 1027 1028 1029
f 1030 1031 1032
f 1033 1034 1035
f 1036 1037 1038
f 1039 1040 1041
f 1042 1043 1044
f 1045 1046 1047
f 1048 1049 1050
f 1051 1052 1053
f 1054 1055 1056
f 1057 1058 1059
f 1060 1061 1062
f 1063 1064 1065
f 1066 1067 1068
f 1069 1070 1071
f 1072 1073 1074
f 1075 1076 1077
f 1078 1079 1080
f 1081 1082 1083
f 1084 1085 1086
f 1087 1088 1089
f 1090 1091 1092
f 1093 1094 1095
f 1096 1097 1098
f 1099 1100 1101
f 1102 1103 1104
f 1105 1106 1107
f 1108 1109 1110
f 1111 1112 1113
f 1114 1115 1116
f 1117 1118 1119
f 1120 1121 1122
f 1123 1124 1125
f 1126 1127 1128
f 1129 1130 1131
f 1132 1133 1134
f 1132 1135 1133
f 1136 1137 1138
f 1139 1140 1141
f 1142 1143 1144
f 1145 1146 1147
f 1148 1149 1150
f 1151 1152 1153
f 1154 1155 1156
f 1157 1158 1159
f 1160 1161 1162
f 1163 1164 1165
f 1166 1167 1168
f 1169 1170 1171
f 1172 1173 1174
f 1175 1176 1177
f 1178 1179 1180
f 1181 1182 1183
f 1184 1185 1186
f 1187 1188 1189
f 1190 1191 1192
f 1193 1194 1195
f 1196 1197 1198
f 1199 1200 1201
f 1202 1203 1204
f 1205 1206 1207
f 1208 1209 1210
f 1211 1212 1213
f 1214 1215 1216
f 1217 1218 1219
f 1220 1221 1222
f 1223 1224 1225
f 1226 1227 1228
f 1229 1230 1231
f 1232 1233 1234
f 1235 1236 1237
f 1238 1239 1240
f 1241 1242 1243
f 1244 1245 1246
f 1247 1248 1249
f 1250 1249 1248
f 1251 1252 1253
f 1254 1253 1252
f 1255 1256 1257
f 1258 1257 1256
f 1259 1260 1261
f 1262 1261 1260
f 1263 1264 1265
f 1266 1265 1264
f 1267 1268 1269
f 1270 1271 1272
f 1273 1274 1275
f 1273 1276 1274
f 1277 1278 1279
f 1280 1281 1282
f 1283 1284 1285
f 1286 1287 1288
f 1289 1290 1291
f 1292 1293 1294
f 1295 1296 1297
f 1298 1299 1300
f 1299 1301 1300
f 1302 1303 1304
f 1305 1306 1307
f 1304 1303 1308
f 1309 1310 1311
f 1312 1313 1314
f 1315 1316 1317
f 1318 1319 1320
f 1321 1322 1323
f 1324 1325 1326
f 1327 1328 1329
f 1330 1331 1332
f 1333 1334 1335
f 1336 1337 1338
f 1339 1340 1341
f 1342 1343 1344
f 1345 1346 1347
f 1348 1349 1350
f 1351 1352 1353
f 1354 1355 1356
f 1357 1358 1359
f 1360 1361 1362
f 1362 1363 1360
f 1364 1365 1366
f 1367 1368 1369
f 1370 1371 1372
f 1373 1374 1375
f 1376 1377 1378
f 1379 1380 1381
f 1382 1383 1384
f 1385 1386 1387
f 1387 1386 1388
f 1389 1390 1391
f 1392 1393 1394
f 1395 1396 1397
f 1398 1399 1400
f 1401 1402 1403
f 1404 1405 1406
f 1407 1408 1409
f 1410 1411 1412
f 1413 1414 1415
f 1416 1417 1418
f 1419 1420 1421
f 1422 1423 1424
f 1425 1426 1427
f 1428 1429 1430
f 1431 1432 1433
f 1434 1435 1436
f 1437 1438 1439
f 1440 1441 1442
f 1443 1444 1445
f 1446 1447 1448
f 1449 1450 1451
f 1452 1453 1454
f 1455 1456 1457
f 1458 1459 1460
f 1461 1261 1262
f 1462 1463 1464
f 1465 1466 1467
f 1468 1469 1470
f 1471 1472 1473
f 1474 1475 1476
f 1477 1478 1479
f 1480 1481 1482
f 1483 1484 1485
f 1486 1487 1488
f 1489 1490 1491
f 1492 1493 1494
f 1495 1496 1497
f 1498 1499 1500
f 1501 1502 1503
f 1504 1505 1506
f 1507 1508 1509
f 1510 1511 1512
f 1513 1514 1515
f 1516 1517 1518
f 1519 1520 1521
f 1522 1523 1524
f 1525 1526 1527
f 1528 1529 1530
f 1531 1532 1533
f 1534 1535 1536
f 1537 1538 1539
f 1540 1541 1542
f 1543 1544 1545
f 1546 1547 1548
f 1549 1550 1551
f 1552 1553 1554
f 1555 1556 1557
f 1558 1559 1560
f 1561 1562 1563
f 1564 1565 1566
f 1567 1568 1569
f 1570 1571 1572
f 1573 1574 1575
f 1576 1577 1578
f 1579 1580 1581
f 1582 1583 1584
f 1585 1586 1587
f 1588 1589 1590
f 1591 1592 1593
f 1592 1594 1593
f 1592 1595 1594
f 1596 1597 1598
f 1597 1599 1598
f 1600 1598 1599
f 1601 27 1602
f 27 1603 1602
f 27 1604 1603
f 1605 1604 27
f 27 1606 1605
f 27 1607 1606
f 27 1608 1607
f 27 1609 1608
f 27 33 1609
f 1610 1611 1612
f 1613 1053 1052
f 1614 1615 1616
f 1617 1618 1619
f 1620 1621 1622
f 1623 1624 1625
f 1626 1627 1628
f 17 16 1629
f 1630 1631 1385
f 1386 1385 1632
f 1385 1631 1632
f 1633 1634 1635
f 1636 1637 1638
f 1636 1639 1637
f 1639 1640 1637
f 1639 1641 1640
f 1641 1642 1640
f 1641 1643 1642
f 1644 1645 1646
f 1647 1648 1649
f 1648 1650 1649
f 1651 1649 1650
f 1652 1653 1654
f 1655 1656 1657
f 1658 1659 1660
f 1661 1662 1663
f 1664 1662 1661
f 1665 1666 1667
f 1668 1669 1670
f 1671 1672 1673
f 1674 1675 1676
f 1677 1678 1679
f 1680 1681 1682
f 1683 1684 1685
f 1686 1687 1688
f 1689 1690 1691
f 1692 1679 1678
f 1693 1694 1695
f 1696 1697 1698
f 1699 1700 1701
f 1702 1703 1704
f 1705 1706 1707
f 1708 1709 1710
f 1711 1712 1713
f 1714 1715 1716
f 1717 1718 1719
f 1720 1721 1722
f 1723 1724 1725
f 1726 1727 1728
f 1729 1730 1731
f 1732 1733 1734
f 1735 1736 1737
f 1738 1739 1740
f 1741 1742 1743
f 1744 1745 1746
f 1747 1748 1749
f 1750 1751 1752
f 1753 1754 1755
f 1756 1757 1758
f 1759 1760 1761
f 1762 1763 1764
f 1765 1766 1767
f 1768 1769 1770
f 1771 1772 1773
f 1774 1775 1776
f 1777 1778 1779
f 1780 1781 1782
f 1783 1784 1785
f 1786 1787 1788
f 1789 1790 1791
f 1792 1793 1794
f 1795 1796 1797
f 1798 1799 1800
f 1801 1802 1803
f 1804 1805 1806
f 1807 1808 1809
f 1810 1811 1812
f 1813 1814 1815
f 1816 1817 1818
f 1819 1820 1821
f 1822 1823 1824
f 1825 1826 1827
f 1828 1829 1830
f 1831 1832 1833
f 1834 1835 1836
f 1837 1838 1839
f 1840 1841 1842
f 1842 1841 1843
f 1841 1844 1843
f 1844 1845 1843
f 1845 1846 1843
f 1846 1847 1843
f 1848 1849 1850
f 900 902 899
f 901 1851 902
f 1851 1852 902
f 1852 1853 902
f 1854 902 1853
f 1641 1855 1643
f 1641 1856 1855
f 1641 1857 1856
f 1641 1858 1857
f 1641 1859 1858
f 1641 1860 1859
f 1641 1861 1860
f 1862 1863 1864
f 1641 1865 1866
f 1867 1866 1865
f 1868 1869 1870
f 1871 1872 1873
f 1874 1875 1876
f 1877 1878 1879
f 1880 1881 1882
f 1883 1884 1885
f 1886 1887 1888
f 1889 1890 1891
f 1892 1893 1894
f 1895 1896 1897
f 1898 1899 1900
f 1901 1902 1903
f 1899 1904 1905
f 1899 1898 1904
f 1906 1907 1908
f 1909 1910 1911
f 1912 1913 1914
f 1915 1916 1917
f 1881 1880 1918
f 1919 1920 1921
f 1922 1923 1924
f 1925 1926 1927
f 1928 1929 1930
f 1931 1932 1933
f 1934 1935 1936
f 1937 1938 1939
f 1889 1940 1890
f 1941 1942 1943
f 1944 1945 1946
f 1947 1946 1945
f 1948 1949 1950
f 1951 1952 1953
f 1954 1952 1951
f 1955 1956 1957
f 1958 1959 1960
f 1961 1962 1963
f 1964 1965 1966
f 1967 1968 1969
f 1970 1971 1972
f 1973 1974 1975
f 1976 1899 1977
f 1978 1979 1980
f 1981 1982 1983
f 1984 1985 1986
f 1987 1988 1989
f 1990 1991 1992
f 1993 1974 1973
f 1994 1995 1996
f 1995 1997 1996
f 1998 1999 2000
f 1973 2001 2002
f 1995 2003 2004
f 1973 1975 2005
f 2006 2007 2008
f 2009 2010 2011
f 2012 2013 2014
f 2015 2016 1843
f 2017 2018 2019
f 2020 2021 2022
f 2023 2024 2025
f 2026 2027 2028
f 2029 2030 2031
f 2032 2033 2034
f 2035 2036 2037
f 2038 2039 2040
f 2041 2042 2043
f 2044 2045 2046
f 2047 2048 2049
f 2050 2051 2052
f 2053 2054 2055
f 2056 2057 2058
f 2059 2060 2061
f 2062 2063 2064
f 2065 2066 2067
f 2068 2069 2070
f 2071 2072 2073
f 2074 2075 2076
f 2077 2078 2079
f 2080 2081 2082
f 2083 2084 2085
f 2086 2087 2088
f 2089 2090 2091
f 2090 2092 2091
f 2093 2094 2095
f 2096 2097 2098
f 2099 2100 2101
f 2102 2103 2104
f 2105 2106 2107
f 2108 2109 2110
f 2111 2112 2113
f 2111 2114 2112
f 2115 2116 2117
f 2118 2119 2120
f 2121 2122 2123
f 2124 2125 2126
f 2119 2127 2120
f 2127 2128 2120
f 2129 2130 2131
f 2132 2133 2134
f 2135 2136 2137
f 2138 2139 2140
f 2141 2142 2143
f 2144 2145 2146
f 2147 2148 2149
f 2150 2151 2152
f 2153 2154 2155
f 2156 2157 2158
f 2159 2160 2161
f 2162 2163 2164
f 1981 2165 1982
f 2166 2167 2168
f 2169 2170 2171
f 2172 2173 2174
f 2175 2176 2177
f 2178 2179 2180
f 2181 2182 2183
f 2184 2185 2186
f 2187 2188 2189
f 2190 2191 2192
f 2193 2194 2195
f 2196 2197 2198
f 2199 2200 2201
f 2202 2203 2204
f 2205 2206 2207
f 2208 2209 2210
f 2211 2212 2213
f 2212 2214 2213
f 2215 2216 2217
f 2218 2219 2220
f 2212 2221 2222
f 2212 2223 2221
f 2212 2224 2223
f 2212 2225 2224
f 2226 2227 2228
f 1865 2229 1867
f 2230 2231 2232
f 2231 2233 2232
f 2234 2235 2236
f 1899 1958 1960
f 2237 2238 2239
f 2240 2241 2242
f 2243 2244 2245
f 2246 2247 2248
f 2249 2250 2251
f 1976 1977 2252
f 1976 2252 2253
f 2252 1977 2254
f 2255 2256 2257
f 2258 2259 2260
f 2261 2262 2263
f 2264 2265 2266
f 2267 2268 2269
f 2270 2271 2272
f 2273 2274 2275
f 2276 2277 2278
f 2279 2280 2281
f 2282 2283 2284
f 2285 2286 2287
f 2288 2289 2290
f 2291 2292 2293
f 2294 2295 2296
f 2297 2298 2299
f 2300 2301 2302
f 2303 2304 2305
f 2306 2307 2308
f 2309 2310 2311
f 2312 2313 2314
f 2315 2316 2317
f 2318 2319 2320
f 2321 2322 2323
f 2324 2325 2326
f 2327 2328 2329
f 2330 2331 2332
f 2333 2334 2335
f 2336 2337 2338
f 2339 2340 2341
f 2342 2343 2344
f 2345 2346 2347
f 2348 2349 2350
f 2351 2352 2353
f 2354 2355 2356
f 2357 2358 2359
f 2360 2361 2362
f 2363 2364 2365
f 2366 2367 2368
f 2369 2370 2371
f 2372 2373 2374
f 2375 2376 2377
f 2378 2379 2380
f 2381 2382 2383
f 2384 2385 2386
f 2387 2388 2389
f 2389 2390 2387
f 2390 2391 2387
f 2390 2389 2392
f 2392 2393 2390
f 2016 2391 1843
f 1843 2394 2395
f 1843 2396 2394
f 1843 2397 2396
f 1843 2390 2397
f 2390 2393 2397
f 1843 2391 2390
f 2395 1842 1843
f 2398 2399 2400
f 2400 2401 2398
f 2402 2398 2401
f 2401 2403 2402
f 2404 2402 2403
f 2403 2405 2404
f 2406 2404 2405
f 2405 2407 2406
f 2408 2406 2407
f 2407 2409 2408
f 2410 2408 2409
f 2409 2411 2213
f 2213 2410 2409
f 2412 2410 2213
f 2213 2411 2211
f 2214 2412 2213
f 2253 2413 2414
f 2415 2416 2417
f 2418 2419 2420
f 2421 2422 2423
f 2424 2425 2426
f 2427 2428 2429
f 2430 2431 2432
f 2433 2434 2435
f 2436 2437 2438
f 2439 2440 2441
f 2442 2443 2444
f 2445 2446 2447
f 2448 2449 2450
f 2451 2452 2453
f 2454 2455 2456
f 2457 2458 2459
f 2460 2461 2462
f 2463 2464 2465
f 2466 2467 2468
f 2469 2470 2471
f 2472 2473 2474
f 2475 2476 2477
f 2478 2479 2480
f 2481 2482 2483
f 2484 2485 2486
f 2487 2488 2489
f 2490 2491 2492
f 2493 2494 2495
f 2496 2497 2498
f 2499 2500 2501
f 2502 2503 2504
f 2505 2506 2507
f 2508 2509 2510
f 2511 2512 2513
f 2514 2515 2516
f 2517 2518 2519
f 2520 2521 2522
f 2523 2524 2525
f 2526 2527 2528
f 2529 2530 2531
f 2532 2533 2534
f 2535 2536 2537
f 2538 2539 2540
f 2541 2542 2543
f 2544 2545 2546
f 2547 2548 2549
f 2550 2551 2552
f 2553 2554 2555
f 2556 2557 2558
f 2559 2560 2561
f 2562 2563 2564
f 2565 2566 2567
f 2568 2569 2570
f 2571 2572 2573
f 2574 2575 2576
f 2577 2578 2579
f 2580 2581 2582
f 2583 2584 2585
f 2586 2587 2588
f 2589 2590 2591
f 2592 2593 2594
f 2595 2596 2597
f 2598 2599 2600
f 2601 2602 2603
f 2604 2605 2606
f 2607 2608 2609
f 2610 2611 2612
f 2613 2614 2615
f 2616 2617 2618
f 2619 2620 2621
f 2622 2623 2624
f 2625 2626 2627
f 2628 2629 2630
f 2631 2632 2633
f 2634 2635 2636
f 2637 2638 2639
f 2640 2641 2642
f 2643 2644 2645
f 2646 2647 2648
f 2649 2650 2651
f 2652 2653 2654
f 2655 2656 2657
f 2658 2659 2660
f 2661 2662 2663
f 2664 2665 2666
f 2667 2668 2669
f 2670 2671 2672
f 2673 2674 2675
f 2676 2677 2678
f 2679 2680 2681
f 2682 2683 2684
f 2685 2686 2687
f 2688 2689 2690
f 2691 2692 2693
f 2694 2695 2696
f 2697 2698 2699
f 2700 2701 2702
f 2703 2704 2705
f 2706 2707 2708
f 2709 2710 2711
f 2712 2713 2714
f 2704 2715 2705
f 2716 2717 2718
f 2719 2720 2721
f 2722 2723 2724
f 2725 2726 2727
f 2728 2729 2730
f 2731 2732 2733
f 2734 2735 2736
f 2737 2738 2739
f 2740 2741 2742
f 2743 2744 2745
f 2746 2747 2748
f 2749 2750 2751
f 2752 2753 2754
f 2755 2756 2757
f 2758 2759 2760
f 2761 2760 2759
f 2762 2763 2764
f 2765 2766 2767
f 2768 2769 2770
f 2771 2770 2769
f 2769 2772 2771
f 2773 2771 2772
f 2774 2775 2776
f 2777 2773 2778
f 2756 2755 2779
f 2780 2777 2781
f 2782 2783 2781
f 2783 2784 2781
f 2784 2780 2781
f 2784 2785 2780
f 2783 2786 2784
f 2787 2785 2784
f 2784 2788 2787
f 2784 2789 2788
f 2784 2790 2789
f 2786 2790 2784
f 2791 2786 2792
f 2793 2794 2795
f 2795 2796 2797
f 2798 2791 2799
f 2800 2801 2802
f 2803 2804 2805
f 2806 2798 2807
f 2807 2808 2806
f 2809 2806 2808
f 2808 2810 2809
f 2254 2811 2252
f 2811 2253 2252
f 1899 2254 1977
f 1899 2812 2254
f 1899 2813 2812
f 1899 2814 2813
f 1899 2815 2814
f 1899 1903 2815
f 2253 2414 2816
f 2816 1976 2253
f 2817 2818 2819
f 2820 2821 2822
f 2823 2824 2825
f 2826 2827 2828
f 2829 2830 2831
f 2832 2833 2834
f 2835 2836 2837
f 2838 2839 2840
f 2841 2842 2843
f 2844 2845 2846
f 2847 2848 2849
f 2850 2851 2852
f 2853 2854 2855
f 2856 2857 2858
f 2859 2860 2861
f 2862 2863 2864
f 2865 2866 2867
f 2868 2869 2870
f 2871 2872 2873
f 2874 2875 2876
f 2877 2876 2875
f 2875 2878 2877
f 2879 2877 2878
f 2878 2880 2879
f 2881 2879 2880
f 2880 2882 2881
f 2883 2881 2882
f 2882 2884 2883
f 2885 2883 2884
f 2884 2886 2885
f 2887 2885 2886
f 2888 2887 2889
f 2890 2888 2889
f 2891 2892 2889
f 2893 2894 2890
f 2895 2896 2897
f 2898 2899 2900
f 2901 2902 2903
f 2904 2905 2906
f 2903 2907 2901
f 2908 2909 2910
f 2911 2912 2913
f 2914 2915 2916
f 2917 2916 2915
f 2913 2918 2911
f 2915 2919 2917
f 2920 2911 2918
f 2917 2919 2921
f 2922 2917 2921
f 2923 2924 2920
f 2918 2923 2920
f 2925 2924 2923
f 2921 2925 2922
f 2926 2922 2925
f 2927 2926 2925
f 2923 2927 2925
f 2928 2929 2930
f 2931 2930 2929
f 2932 2933 2934
f 2935 2934 2933
f 2933 2936 2935
f 2937 2935 2936
f 2936 2938 2937
f 2937 2938 2939
f 2940 2937 2939
f 2939 2941 2940
f 2942 2940 2941
f 2941 2943 2942
f 2944 2945 2946
f 2947 2944 2946
f 2948 2949 2950
f 2951 2950 2949
f 2952 2953 2954
f 2955 2954 2953
f 2956 2957 2958
f 2959 2958 2957
f 2960 2961 2962
f 2963 2962 2961
f 2964 2965 2966
f 2967 2966 2965
f 2968 2969 2970
f 2971 2970 2969
f 2972 2973 2974
f 2975 2974 2973
f 2976 2977 2978
f 2979 2978 2977
f 2980 2981 2982
f 2983 2982 2981
f 2984 2985 2986
f 2987 2986 2985
f 2988 2989 2990
f 2991 2990 2989
f 2992 2993 2994
f 2995 2994 2993
f 2996 2997 2998
f 2999 2998 2997
f 3000 3001 3002
f 3003 3002 3001
f 3004 3005 3006
f 3007 3006 3005
f 3008 3009 3010
f 3011 3010 3009
f 3012 3013 3014
f 3015 3016 3017
f 3015 3017 3018
f 3019 3020 3021
f 3022 3023 3024
f 3025 3026 3027
f 3028 3029 3030
f 3031 3032 3033
f 3034 3035 3036
f 3037 3038 3039
f 3040 3041 3042
f 3043 3044 3045
f 3046 3047 3048
f 3049 3050 3051
f 3052 3053 3054
f 3055 3056 3057
f 3058 3059 3060
f 3061 3062 3063
f 3064 3065 3066
f 3067 3068 3069
f 3070 3071 3072
f 3073 3074 3075
f 3076 3077 3078
f 3079 3080 3081
f 3082 3083 3084
f 3085 3086 3087
f 3088 3089 3090
f 3090 3091 3088
f 3092 3093 3094
f 3092 3094 3095
f 3096 3097 3098
f 2888 2890 2887
f 3099 3100 3101
f 3102 3103 3104
f 3105 3106 3107
f 3108 3109 3110
f 3111 3112 3113
f 3114 3113 3112
f 3115 3116 3117
f 3118 3117 3116
f 3119 3120 3121
f 3122 3123 3124
f 3125 3126 3127
f 3127 3126 3128
f 3129 3130 3131
f 3132 3133 3134
f 3135 3136 3137
f 3138 3139 3140
f 3141 3142 3143
f 3144 3145 3146
f 3147 3148 3149
f 3150 3151 3152
f 3153 3154 3155
f 3156 3157 3158
f 3159 3160 3161
f 3162 3163 3164
f 3165 3166 3167
f 3168 3169 3170
f 3171 3172 3173
f 3174 3175 3176
f 3177 3178 3179
f 3180 3181 3182
f 3183 3184 3185
f 3186 3187 3188
f 3189 3190 3191
f 3192 3193 3194
f 3195 3196 3197
f 3198 3199 3200
f 3201 3202 3203
f 3204 3205 3206
f 3207 3208 3209
f 3210 3211 3212
f 3213 3214 3215
f 3216 3217 3218
f 3219 3220 3221
f 3222 3223 3224
f 3225 3226 3227
f 3228 3229 3230
f 3231 3232 3233
f 3234 3235 3236
f 3237 3238 3239
f 3240 3241 3242
f 3243 3244 3245
f 3246 3247 3248
f 3249 3250 3251
f 3252 3253 3254
f 3255 3256 3257
f 3258 3259 3260
f 3261 3262 3263
f 3264 3265 3266
f 3267 3268 3269
f 3270 3271 3272
f 3273 3274 3275
f 3276 3277 3278
f 3279 3280 3281
f 3282 3283 3284
f 3285 3286 3287
f 3288 3289 3290
f 3291 3292 3293
f 3294 3295 3296
f 3297 3298 3299
f 3300 3301 3302
f 3303 3304 3305
f 3306 3307 3308
f 3309 3310 3311
f 3312 3313 3314
f 3315 3316 3317
f 3318 3319 3320
f 3321 3322 3323
f 3324 3325 3326
f 3327 3328 3329
f 3330 3331 3332
f 3333 3334 3335
f 3336 3337 3338
f 3339 2919 2915
f 2921 2919 3339
f 2925 2921 3339
f 2924 2925 3339
f 2920 2924 3339
f 2911 2920 3339
f 3339 2912 2911
f 2891 2912 3339
f 2892 2891 3339
f 2893 2892 3339
f 2894 2893 3339
f 2914 2894 3339
f 2915 2914 3339
f 3340 3341 3342
f 3343 3344 3345
f 3346 3347 3348
f 3349 3350 3351
f 3352 3353 3354
f 3355 3356 3357
f 3358 3359 3360
f 3115 3361 3116
f 3362 3363 3364
f 3365 3366 3367
f 3368 3369 3370
f 3371 3372 3373
f 3374 3375 3376
f 3377 3378 3379
f 3380 3381 3382
f 3383 3384 3385
f 3386 3387 3388
f 3389 3390 3391
f 3392 3393 3394
f 3395 3396 3397
f 3398 3399 3400
f 3401 3402 3403
f 3404 3405 3406
f 3407 3408 3409
f 3410 3411 3412
f 3413 3414 3415
f 3416 3417 3418
f 3419 3420 3421
f 3422 3423 3424
f 3425 3426 3427
f 3428 3429 3430
f 3431 3432 3433
f 3434 3435 3436
f 3437 3438 3439
f 3440 3441 3442
f 3443 3444 3445
f 3446 3447 3448
f 3449 3450 3451
f 3452 3453 3454
f 3455 3456 3457
f 3458 3459 3460
f 3461 3462 3463
f 3464 3465 3466
f 3467 3468 3469
f 3470 3471 3472
f 1132 1134 3473
f 1132 3473 3474
f 1132 3474 3475
f 1132 3475 3476
f 3477 1132 3476
f 3478 3479 3480
f 3481 3482 3483
f 3484 3485 3486
f 3487 3488 3489
f 3490 3491 3492
f 3493 3494 3495
f 3496 3497 3498
f 3499 3500 3501
f 3502 3503 3504
f 3505 3506 3507
f 3508 3509 3510
f 3511 3512 3513
f 3514 3515 3516
f 3517 3518 3519
f 3520 3521 3522
f 3523 3524 3525
f 3526 3527 3528
f 2886 2889 2887
f 3529 3530 3531
f 2942 2943 3532
f 3532 3533 3534
f 2943 3533 3532
f 3535 3536 3537
f 3538 3539 3540
f 3541 3542 3543
f 3544 3545 3546
f 3547 3548 3549
f 3550 3551 3552
f 3553 3554 3555
f 3556 3557 3558
f 3559 3560 3561
f 3562 3563 3564
f 3565 3566 3567
f 3568 3569 3570
f 3571 3572 3573
f 3574 3575 3576
f 3577 3578 3579
f 3580 3581 3582
f 3583 3584 3585
f 3586 3587 3588
f 3589 3590 3591
f 3592 3593 3594
f 3595 3596 3597
f 3598 3599 3600
f 3601 3602 3603
f 3604 3605 3606
f 3607 3608 3609
f 3610 3611 3612
f 3613 3614 3615
f 3616 3617 3618
f 3619 3620 3621
f 3622 3623 3624
f 3625 3626 3627
f 3628 3629 3630
f 3631 3632 3633
f 3634 3635 3636
f 3637 3638 3639
f 3640 3641 3642
f 3643 3644 3645
f 3646 3647 3648
f 3649 3650 3651
f 3652 3653 3654
f 3655 3656 3657
f 3658 3659 3660
f 3661 3662 3663
f 3664 3665 3666
f 3667 3668 3669
f 3670 3671 3672
f 3673 3674 3675
f 3676 3677 3678
f 3679 3680 3681
f 3682 3683 3684
f 3685 3686 3687
f 3688 3689 3690
f 3691 3692 3693
f 3694 3695 3696
f 3697 3698 3699
f 3700 3701 3702
f 2936 3703 2938
f 3703 2936 3704
f 2933 3704 2936
f 3704 2933 3705
f 2932 3705 2933
f 3706 3707 3708
f 3709 3710 3711
f 3712 3713 3714
f 2938 3703 2939
f 2889 2893 2890
f 2889 2892 2893
f 3715 3716 3717
f 3213 3718 3214
f 3719 3720 3721
f 3205 3204 3722
f 3723 3724 3725
f 3726 3727 3728
f 3729 3730 3731
f 3732 3733 3734
f 3732 3734 3735
f 3736 3737 3738
f 3736 3738 3739
f 3740 3741 3742
f 3740 3742 3743
f 3744 3745 3746
f 3744 3746 3747
f 3748 3749 3750
f 3748 3750 3751
f 1905 1903 1899
f 1905 3752 1903
f 3752 1901 1903
f 3753 3754 3755
f 3756 254 253
f 3757 3758 3759
f 3760 3761 3762
f 3763 3764 3765
f 3766 3767 3768
f 3769 3770 3771
f 3772 3773 3774
f 27 1601 3775
f 3776 3777 3778
f 27 3779 3780
f 27 3780 3781
f 27 3781 3782
f 27 3782 3783
f 3784 3785 3786
f 27 3787 78

