# https://github.com/mikedh/trimesh
mtllib material.mtl

o th_distal_pst-mesh
usemtl material_0
v -2.55767989 9.00000000 19.17330933
v -2.50693893 9.00000000 19.86788940
v -2.03473091 9.00000000 19.84620094
v 2.03473091 9.00000000 19.84620094
v 2.50693893 9.00000000 19.86788940
v 2.55767894 9.00000000 19.17330933
v -3.07389903 9.00000000 10.60533047
v 3.07389903 9.00000000 10.60534000
v 3.35300708 9.00000000 3.34155798
v -3.35300708 9.00000000 3.34155798
v 5.05000019 5.80000019 9.00833035
v 5.05000019 5.19999981 9.46412659
v 5.05000019 5.80000019 9.48221493
v 5.05000019 5.19999981 9.48221493
v -5.05000019 5.19999981 9.46412659
v -5.05000019 5.80000019 9.00833035
v -5.05000019 5.19999981 9.48221493
v -5.05000019 5.80000019 9.48221493
v 7.68301010 7.56920385 5.82024002
v 7.97837591 7.34728193 5.68511391
v 7.97837591 7.31672192 5.74536324
v 6.24180794 5.13023520 9.48221493
v 6.63353205 5.88630819 8.80144691
v 6.44692802 5.07022905 9.48221493
v 6.44692802 5.07022905 9.48221493
v 6.63353205 5.88630819 8.80144691
v 6.61666298 5.00000000 9.48221493
v 7.97837591 5.00000000 8.52235031
v 7.86746693 5.00000000 8.65462303
v 7.35706186 5.69025278 8.57478619
v 7.86746693 5.00000000 8.65462303
v 7.50449181 5.00000000 9.00218868
v 7.35706186 5.69025278 8.57478619
v 7.35706186 5.69025278 8.57478619
v 7.50449181 5.00000000 9.00218868
v 7.36832380 5.00000000 9.10556889
v 7.35706186 5.69025278 8.57478619
v 7.36832380 5.00000000 9.10556889
v 6.95540524 5.00000000 9.34893036
v 6.84807491 8.09584618 5.76856279
v 7.21137190 7.88418913 5.85287380
v 7.35706186 7.74100208 5.96276903
v 7.35706186 7.74100208 5.96276903
v 7.21137190 7.88418913 5.85287380
v 7.53206301 7.67516994 5.85111904
v 6.20421696 8.41055870 5.41762209
v 6.49242783 8.27882671 5.60690117
v 6.63353205 8.00771713 6.09943485
v 6.63353205 8.00771713 6.09943485
v 6.49242783 8.27882671 5.60690117
v 6.84807491 8.09584618 5.76856279
v 5.85709000 8.53952503 5.14048004
v 5.85709000 8.55055904 5.11034584
v 6.20421696 8.41055870 5.41762209
v 5.85709000 8.53952503 5.14048004
v 6.20421696 8.41055870 5.41762209
v 5.85709000 8.09868813 6.14604902
v 5.85709000 8.09868813 6.14604902
v 6.20421696 8.41055870 5.41762209
v 6.63353205 8.00771713 6.09943485
v 5.85709000 8.09868813 6.14604902
v 6.63353205 8.00771713 6.09943485
v 5.85709000 7.72346783 6.80847502
v 5.85709000 7.72346783 6.80847502
v 6.63353205 8.00771713 6.09943485
v 6.63353205 7.41816711 7.08843184
v 5.85709000 7.72346783 6.80847502
v 6.63353205 7.41816711 7.08843184
v 5.85709000 7.50244093 7.14628220
v 5.85709000 7.50244093 7.14628220
v 6.63353205 7.41816711 7.08843184
v 5.85709000 6.78334713 8.06218529
v 6.63353205 6.70715094 7.99404621
v 5.85709000 6.78334713 8.06218529
v 6.63353205 6.70715094 7.99404621
v 5.85709000 6.58581209 8.27609062
v 5.85709000 6.58581209 8.27609062
v 6.63353205 6.70715094 7.99404621
v 6.63353205 5.88630819 8.80144691
v 5.85709000 6.58581209 8.27609062
v 6.63353205 5.88630819 8.80144691
v 5.85709000 5.95317888 8.87875938
v 5.85709000 5.95317888 8.87875938
v 6.63353205 5.88630819 8.80144691
v 6.24180794 5.13023520 9.48221493
v 5.85709000 5.95317888 8.87875938
v 6.24180794 5.13023520 9.48221493
v 5.85709000 5.17392588 9.48221493
v 6.84807491 8.09584618 5.76856279
v 7.35706186 7.74100208 5.96276903
v 6.63353205 8.00771713 6.09943485
v 6.63353205 8.00771713 6.09943485
v 7.35706186 7.74100208 5.96276903
v 7.35706186 7.17109108 6.91882515
v 6.63353205 7.41816711 7.08843184
v 6.63353205 7.41816711 7.08843184
v 7.35706186 7.17109108 6.91882515
v 7.35706186 6.48375607 7.79427481
v 6.63353205 6.70715094 7.99404621
v 6.63353205 6.70715094 7.99404621
v 7.35706186 6.48375607 7.79427481
v 7.35706186 5.69025278 8.57478619
v 6.63353205 5.88630819 8.80144691
v 6.63353205 5.88630819 8.80144691
v 7.35706186 5.69025278 8.57478619
v 6.95540524 5.00000000 9.34893036
v 6.63353205 5.88630819 8.80144691
v 6.95540524 5.00000000 9.34893036
v 6.61666298 5.00000000 9.48221493
v 7.53206301 7.67516994 5.85111904
v 7.68301010 7.56920385 5.82024002
v 7.35706186 7.74100208 5.96276903
v 7.35706186 7.74100208 5.96276903
v 7.68301010 7.56920385 5.82024002
v 7.97837591 7.31672192 5.74536324
v 7.35706186 7.74100208 5.96276903
v 7.97837591 7.31672192 5.74536324
v 7.35706186 7.17109108 6.91882515
v 7.97837591 6.77804708 6.64901781
v 7.35706186 7.17109108 6.91882515
v 7.97837591 6.77804708 6.64901781
v 7.35706186 6.48375607 7.79427481
v 7.97837591 6.12838507 7.47648478
v 7.35706186 6.48375607 7.79427481
v 7.97837591 6.12838507 7.47648478
v 7.35706186 5.69025278 8.57478619
v 7.97837591 5.37837410 8.21421719
v 7.35706186 5.69025278 8.57478619
v 7.97837591 5.37837410 8.21421719
v 7.97837591 5.00000000 8.52235031
v -5.05000019 5.80000019 9.00833035
v 5.05000019 5.80000019 9.00833035
v -5.05000019 5.80000019 9.48221493
v 5.05000019 5.80000019 9.48221493
v -7.12190485 5.00000000 9.26244736
v -7.34860706 5.00000000 9.11950016
v -7.35706186 5.69025278 8.57478619
v -7.73583698 5.00000000 8.79432201
v -7.97837591 5.00000000 8.52235031
v -7.97837591 5.37837410 8.21421719
v -7.70811796 7.55109501 5.81290388
v -7.50117922 7.69624186 5.85485220
v -7.35706186 7.74100208 5.96276903
v -5.85709000 8.55055904 5.11034584
v -5.85709000 8.53952503 5.14048004
v -5.97302485 8.50601196 5.22373009
v -5.97302485 8.50601196 5.22373009
v -5.85709000 8.53952503 5.14048004
v -5.85709000 8.09868813 6.14604902
v -5.97302485 8.50601196 5.22373009
v -5.85709000 8.09868813 6.14604902
v -6.33846188 8.35099316 5.51258278
v -6.61137199 8.22019958 5.66956615
v -6.63353205 8.00771713 6.09943485
v -6.98496580 8.01911926 5.81018877
v -6.98496580 8.01911926 5.81018877
v -6.63353205 8.00771713 6.09943485
v -7.16511393 7.91258621 5.84690380
v -7.05513000 5.00000000 9.29890823
v -7.12190485 5.00000000 9.26244736
v -6.63353205 5.88630819 8.80144691
v -6.04048777 5.16405201 9.48221493
v -6.24676418 5.12909412 9.48221493
v -6.63353205 5.88630819 8.80144691
v -6.63353205 5.88630819 8.80144691
v -6.24676418 5.12909412 9.48221493
v -6.61666298 5.00000000 9.48221493
v -6.63353205 5.88630819 8.80144691
v -6.61666298 5.00000000 9.48221493
v -7.05513000 5.00000000 9.29890823
v -5.85709000 5.17392588 9.48221493
v -6.04048777 5.16405201 9.48221493
v -5.85709000 5.95317888 8.87875938
v -5.85709000 5.95317888 8.87875938
v -6.04048777 5.16405201 9.48221493
v -6.63353205 5.88630819 8.80144691
v -5.85709000 5.95317888 8.87875938
v -6.63353205 5.88630819 8.80144691
v -5.85709000 6.58581209 8.27609062
v -5.85709000 6.58581209 8.27609062
v -6.63353205 5.88630819 8.80144691
v -6.63353205 6.70715094 7.99404621
v -5.85709000 6.58581209 8.27609062
v -6.63353205 6.70715094 7.99404621
v -5.85709000 6.78334713 8.06218529
v -5.85709000 6.78334713 8.06218529
v -6.63353205 6.70715094 7.99404621
v -5.85709000 7.50244093 7.14628220
v -6.63353205 7.41816711 7.08843184
v -5.85709000 7.50244093 7.14628220
v -6.63353205 7.41816711 7.08843184
v -5.85709000 7.72346783 6.80847502
v -5.85709000 7.72346783 6.80847502
v -6.63353205 7.41816711 7.08843184
v -6.63353205 8.00771713 6.09943485
v -5.85709000 7.72346783 6.80847502
v -6.63353205 8.00771713 6.09943485
v -5.85709000 8.09868813 6.14604902
v -5.85709000 8.09868813 6.14604902
v -6.63353205 8.00771713 6.09943485
v -6.61137199 8.22019958 5.66956615
v -5.85709000 8.09868813 6.14604902
v -6.61137199 8.22019958 5.66956615
v -6.33846188 8.35099316 5.51258278
v -7.12190485 5.00000000 9.26244736
v -7.35706186 5.69025278 8.57478619
v -6.63353205 5.88630819 8.80144691
v -6.63353205 5.88630819 8.80144691
v -7.35706186 5.69025278 8.57478619
v -7.35706186 6.48375607 7.79427481
v -6.63353205 6.70715094 7.99404621
v -6.63353205 6.70715094 7.99404621
v -7.35706186 6.48375607 7.79427481
v -7.35706186 7.17109108 6.91882515
v -6.63353205 7.41816711 7.08843184
v -6.63353205 7.41816711 7.08843184
v -7.35706186 7.17109108 6.91882515
v -7.35706186 7.74100208 5.96276903
v -6.63353205 8.00771713 6.09943485
v -6.63353205 8.00771713 6.09943485
v -7.35706186 7.74100208 5.96276903
v -7.50117922 7.69624186 5.85485220
v -6.63353205 8.00771713 6.09943485
v -7.50117922 7.69624186 5.85485220
v -7.16511393 7.91258621 5.84690380
v -7.97837591 7.34728193 5.68511391
v -7.70811796 7.55109501 5.81290388
v -7.97837591 7.31672192 5.74536324
v -7.97837591 7.31672192 5.74536324
v -7.70811796 7.55109501 5.81290388
v -7.35706186 7.74100208 5.96276903
v -7.97837591 7.31672192 5.74536324
v -7.35706186 7.74100208 5.96276903
v -7.97837591 6.77804708 6.64901781
v -7.35706186 7.17109108 6.91882515
v -7.97837591 6.77804708 6.64901781
v -7.35706186 7.17109108 6.91882515
v -7.97837591 6.12838507 7.47648478
v -7.35706186 6.48375607 7.79427481
v -7.97837591 6.12838507 7.47648478
v -7.35706186 6.48375607 7.79427481
v -7.97837591 5.37837410 8.21421719
v -7.35706186 5.69025278 8.57478619
v -7.97837591 5.37837410 8.21421719
v -7.35706186 5.69025278 8.57478619
v -7.73583698 5.00000000 8.79432201
v -7.73583698 5.00000000 8.79432201
v -7.35706186 5.69025278 8.57478619
v -7.34860706 5.00000000 9.11950016
v 5.67227221 8.61690617 4.92176390
v 5.85709000 8.55055904 5.11034584
v 5.85709000 8.53952503 5.14048004
v 5.85709000 5.17392588 9.48221493
v 5.07607412 5.17392588 9.48221493
v 5.05000019 5.19999981 9.46412659
v -5.07607412 5.17392588 9.48221493
v -5.85709000 5.17392588 9.48221493
v -5.05000019 5.19999981 9.46412659
v -5.05000019 5.19999981 9.46412659
v -5.85709000 5.17392588 9.48221493
v -5.85709000 5.95317888 8.87875938
v -5.05000019 5.19999981 9.46412659
v -5.85709000 5.95317888 8.87875938
v -5.05000019 5.80000019 9.00833035
v -5.05000019 5.80000019 9.00833035
v -5.85709000 5.95317888 8.87875938
v -5.85709000 6.58581209 8.27609062
v -5.05000019 5.80000019 9.00833035
v -5.85709000 6.58581209 8.27609062
v 5.05000019 5.80000019 9.00833035
v -4.53746319 8.90345097 3.87730193
v -4.17372990 8.95411301 3.61911106
v -4.13256884 8.92561054 3.76918507
v -4.13256884 8.92561054 3.76918507
v -4.17372990 8.95411301 3.61911106
v -3.80126905 8.98645401 3.42925692
v -4.53746319 8.90345097 3.87730193
v -4.13256884 8.92561054 3.76918507
v -4.91213179 8.83091354 4.19277811
v -4.91213179 8.83091354 4.19277811
v -4.13256884 8.92561054 3.76918507
v 5.67227221 8.61690617 4.92176390
v -4.91213179 8.83091354 4.19277811
v 5.67227221 8.61690617 4.92176390
v -5.18523407 8.76459408 4.44403696
v 4.18699217 8.95260239 3.62743402
v 4.42606115 8.92100811 3.79220796
v -4.13256884 8.92561054 3.76918507
v 4.42606115 8.92100811 3.79220796
v 4.97888279 8.81576824 4.25279903
v -4.13256884 8.92561054 3.76918507
v 4.97888279 8.81576824 4.25279903
v 5.67227221 8.61690617 4.92176390
v -3.49215007 8.99870586 3.35018802
v -4.13256884 8.92561054 3.76918507
v -3.49215007 8.99870586 3.35018802
v -3.35300708 9.00000000 3.34155798
v -4.13256884 8.92561054 3.76918507
v -3.35300708 9.00000000 3.34155798
v 4.18699217 8.95260239 3.62743402
v 4.18699217 8.95260239 3.62743402
v -3.35300708 9.00000000 3.34155798
v 3.35300708 9.00000000 3.34155798
v 4.18699217 8.95260239 3.62743402
v 3.35300708 9.00000000 3.34155798
v 3.79937100 8.98657036 3.42853403
v 3.79937100 8.98657036 3.42853403
v 3.66903090 8.99329090 3.38569593
v 5.85709000 5.17392588 9.48221493
v 5.05000019 5.19999981 9.46412659
v 5.85709000 5.95317888 8.87875938
v 5.85709000 5.95317888 8.87875938
v 5.05000019 5.19999981 9.46412659
v 5.05000019 5.80000019 9.00833035
v 5.85709000 5.95317888 8.87875938
v 5.05000019 5.80000019 9.00833035
v 5.85709000 6.58581209 8.27609062
v 5.85709000 6.58581209 8.27609062
v 5.85709000 6.58581209 8.27609062
v -5.85709000 6.58581209 8.27609062
v 5.85709000 6.78334713 8.06218529
v -5.85709000 6.78334713 8.06218529
v 5.85709000 6.78334713 8.06218529
v -5.85709000 6.78334713 8.06218529
v 5.85709000 7.50244093 7.14628220
v -5.85709000 7.50244093 7.14628220
v 5.85709000 7.50244093 7.14628220
v -5.85709000 7.50244093 7.14628220
v 5.85709000 7.72346783 6.80847502
v -5.85709000 7.72346783 6.80847502
v 5.85709000 7.72346783 6.80847502
v -5.85709000 7.72346783 6.80847502
v 5.85709000 8.09868813 6.14604902
v -5.85709000 8.09868813 6.14604902
v 5.85709000 8.09868813 6.14604902
v -5.85709000 8.09868813 6.14604902
v 5.85709000 8.53952503 5.14048004
v -5.85709000 8.53952503 5.14048004
v 5.85709000 8.53952503 5.14048004
v -5.85709000 8.53952503 5.14048004
v 5.67227221 8.61690617 4.92176390
v 5.67227221 8.61690617 4.92176390
v -5.85709000 8.53952503 5.14048004
v -5.85709000 8.55055904 5.11034584
v 5.67227221 8.61690617 4.92176390
v -5.85709000 8.55055904 5.11034584
v -5.18523407 8.76459408 4.44403696
v -5.05000019 5.19999981 9.48221493
v -5.07607412 5.17392588 9.48221493
v -5.05000019 5.19999981 9.46412659
v 5.07607412 5.17392588 9.48221493
v 5.05000019 5.19999981 9.48221493
v 5.05000019 5.19999981 9.46412659
v -7.10601807 -6.95469809 9.55637455
v -6.88518000 -6.64802790 9.48221684
v -6.88518000 -7.00169611 9.54684830
v -7.05421114 -7.45815420 9.92085838
v -7.19985390 -7.50956202 10.08380032
v -7.19397211 -7.34036398 9.83005428
v -7.45828485 -7.46714878 10.50654984
v -7.46886015 -7.45856380 10.53069019
v -7.46954679 -7.45951796 10.48221970
v -7.45828485 -7.46714878 10.50654984
v -7.46954679 -7.45951796 10.48221970
v -7.44719410 -7.47515583 10.48221970
v -7.05421114 -7.45815420 9.92085838
v -7.19397211 -7.34036398 9.83005428
v -6.88518000 -7.35513496 9.77511215
v -6.88518000 -7.35513496 9.77511215
v -7.19397211 -7.34036398 9.83005428
v -7.20058298 -7.08601713 9.64038181
v -6.88518000 -7.35513496 9.77511215
v -7.20058298 -7.08601713 9.64038181
v -6.88518000 -7.00169611 9.54684830
v -6.88518000 -7.00169611 9.54684830
v -7.20058298 -7.08601713 9.64038181
v -7.13094378 -6.98931217 9.57495403
v -6.88518000 -7.00169611 9.54684830
v -7.13094378 -6.98931217 9.57495403
v -7.10601807 -6.95469809 9.55637455
v -7.44719410 -7.47515583 10.48221970
v -7.46954679 -7.45951796 10.48221970
v -7.21788597 -7.51310587 10.10678959
v -7.21788597 -7.51310587 10.10678959
v -7.46954679 -7.45951796 10.48221970
v -7.43628216 -7.41332293 10.14962959
v -7.21788597 -7.51310587 10.10678959
v -7.43628216 -7.41332293 10.14962959
v -7.19985390 -7.50956202 10.08380032
v -7.19985390 -7.50956202 10.08380032
v -7.43628216 -7.41332293 10.14962959
v -7.34794092 -7.29064894 9.87156868
v -7.19985390 -7.50956202 10.08380032
v -7.34794092 -7.29064894 9.87156868
v -7.19397211 -7.34036398 9.83005428
v -7.19397211 -7.34036398 9.83005428
v -7.34794092 -7.29064894 9.87156868
v -7.30828714 -7.23558187 9.79246521
v -7.19397211 -7.34036398 9.83005428
v -7.30828714 -7.23558187 9.79246521
v -7.20058298 -7.08601713 9.64038181
v -10.58360004 -1.37934303 10.48221970
v -10.58248043 -1.37932897 10.52960968
v -10.58248997 2.00000000 10.52960968
v -10.58360004 -1.37934303 10.48221970
v -10.58248997 2.00000000 10.52960968
v -10.53347969 -1.37960303 10.16967010
v -10.58248997 2.00000000 10.52960968
v -10.53555012 2.00000000 10.17588043
v -10.53347969 -1.37960303 10.16967010
v -10.53347969 -1.37960303 10.16967010
v -10.53555012 2.00000000 10.17588043
v -10.52803040 2.00000000 10.15347004
v -10.53347969 -1.37960303 10.16967010
v -10.52803040 2.00000000 10.15347004
v -10.39054012 -1.37968600 9.89161873
v -10.39054012 -1.37968600 9.89161873
v -10.52803040 2.00000000 10.15347004
v -10.30729008 2.00000000 9.79206467
v -9.90083408 -1.37949002 9.53387833
v -9.96127796 -1.37952495 9.55628872
v -9.95675182 2.00000000 9.55444241
v -9.95675182 2.00000000 9.55444241
v -9.96127796 -1.37952495 9.55628872
v -10.17173004 -1.37963295 9.67346764
v -9.95675182 2.00000000 9.55444241
v -10.17173004 -1.37963295 9.67346764
v -10.30729008 2.00000000 9.79206467
v -10.30729008 2.00000000 9.79206467
v -10.17173004 -1.37963295 9.67346764
v -10.30725956 -1.37967801 9.79208374
v -10.30729008 2.00000000 9.79206467
v -10.30725956 -1.37967801 9.79208374
v -10.39054012 -1.37968600 9.89161873
v -9.95675182 2.00000000 9.55444241
v -9.93472576 2.00000000 9.54588032
v -9.90083408 -1.37949002 9.53387833
v -9.90083408 -1.37949002 9.53387833
v -9.93472576 2.00000000 9.54588032
v -9.69279099 2.00000000 9.48819447
v -9.90083408 -1.37949002 9.53387833
v -9.69279099 2.00000000 9.48819447
v -9.58362389 -1.37930000 9.48221684
v -9.58362389 -1.37930000 9.48221684
v -9.69279099 2.00000000 9.48819447
v -9.58362389 2.00000000 9.48221588
v 6.88514423 -7.35513496 9.77511215
v -6.88518000 -7.35513496 9.77511215
v -6.88518000 -7.00169611 9.54684830
v -6.88518000 -6.64802790 9.48221684
v 6.88514423 -6.64802790 9.48221684
v 6.88514423 -7.00169611 9.54684830
v -6.88518000 -7.00169611 9.54684830
v -6.88518000 -7.00169611 9.54684830
v 6.88514423 -7.00169611 9.54684830
v 6.88514423 -7.03071213 9.55834007
v -6.88518000 -7.00169611 9.54684830
v 6.88514423 -7.03071213 9.55834007
v 6.88514423 -7.35513496 9.77511215
v -9.16058731 2.00000000 28.54651070
v -9.31394768 2.00000000 27.90423965
v -9.25803566 1.65606594 28.16861916
v -9.25803566 1.65606594 28.16861916
v -9.31394768 2.00000000 27.90423965
v -9.39598656 1.65671504 27.37881088
v -9.39598656 1.65671504 27.37881088
v -9.31394768 2.00000000 27.90423965
v -9.41746426 2.00000000 27.17663002
v -9.39598656 1.65671504 27.37881088
v -9.41746426 2.00000000 27.17663002
v -9.41747761 1.65694201 27.17663956
v -9.25803566 1.65606594 28.16861916
v -9.16055965 1.65622199 28.54649925
v -9.16058731 2.00000000 28.54651070
v -9.16058731 2.00000000 28.54651070
v -9.16055965 1.65622199 28.54649925
v -9.02245522 1.65671098 28.97953987
v -9.16058731 2.00000000 28.54651070
v -9.02245522 1.65671098 28.97953987
v -8.64848804 2.00000000 29.85749054
v -8.64848804 2.00000000 29.85749054
v -9.02245522 1.65671098 28.97953987
v -8.69304657 1.65634406 29.76741028
v -8.64848804 2.00000000 29.85749054
v -8.69304657 1.65634406 29.76741028
v -8.55304623 2.00000000 30.04075050
v -8.55304623 2.00000000 30.04075050
v -8.69304657 1.65634406 29.76741028
v -8.28723526 1.65589297 30.49537086
v -8.55304623 2.00000000 30.04075050
v -8.28723526 1.65589297 30.49537086
v -7.79762411 2.00000000 31.18073082
v -7.79762411 2.00000000 31.18073082
v -8.28723526 1.65589297 30.49537086
v -7.79761600 1.65682900 31.18074989
v -10.40618038 -1.18856895 13.91876984
v -10.29673958 2.00000000 15.76996040
v -10.52826977 -1.34012306 11.63759041
v -10.58248997 2.00000000 10.52960968
v -10.58248043 -1.37932897 10.52960968
v -9.41747761 1.65694201 27.17663956
v -9.41746426 2.00000000 27.17663002
v -9.60217857 0.98426467 25.11952019
v -9.60217857 0.98426467 25.11952019
v -9.41746426 2.00000000 27.17663002
v -9.86440372 2.00000000 21.94757080
v -9.60217857 0.98426467 25.11952019
v -9.86440372 2.00000000 21.94757080
v -9.78696823 0.36296391 22.91959953
v -10.40618038 -1.18856895 13.91876984
v -10.27052021 -0.94198078 16.19169998
v -10.29673958 2.00000000 15.76996040
v -10.29673958 2.00000000 15.76996040
v -10.27052021 -0.94198078 16.19169998
v -10.12176037 -0.60082412 18.45211029
v -9.86440372 2.00000000 21.94757080
v -9.96035099 -0.16556729 20.69622040
v -9.96035099 -0.16556729 20.69622040
v -7.46954679 -7.45951796 10.48221970
v -7.46886015 -7.45856380 10.53069019
v -7.91296721 -7.11260700 10.53219032
v -7.91190481 -5.72846699 9.48221684
v -7.35142422 -6.27891493 9.48221684
v -7.73845482 -6.44046402 9.55655575
v -10.17173004 -1.37963295 9.67346764
v -9.96127796 -1.37952495 9.55628872
v -9.91754055 -2.15838790 9.55649376
v -9.91754055 -2.15838790 9.55649376
v -9.96127796 -1.37952495 9.55628872
v -9.90083408 -1.37949002 9.53387833
v -7.73845482 -6.44046402 9.55655575
v -8.30625629 -5.85342884 9.55668831
v -7.91190481 -5.72846699 9.48221684
v -7.91190481 -5.72846699 9.48221684
v -8.30625629 -5.85342884 9.55668831
v -8.80307484 -5.19922590 9.55676365
v -7.91190481 -5.72846699 9.48221684
v -8.80307484 -5.19922590 9.55676365
v -8.40779781 -5.10596085 9.48221684
v -8.40779781 -5.10596085 9.48221684
v -8.80307484 -5.19922590 9.55676365
v -9.21505260 -4.49639988 9.55678558
v -8.40779781 -5.10596085 9.48221684
v -9.21505260 -4.49639988 9.55678558
v -8.82054329 -4.43364620 9.48221684
v -8.82054329 -4.43364620 9.48221684
v -9.21505260 -4.49639988 9.55678558
v -9.54198837 -3.74645710 9.55675030
v -8.82054329 -4.43364620 9.48221684
v -9.54198837 -3.74645710 9.55675030
v -9.14778519 -3.71848106 9.48221684
v -9.14778519 -3.71848106 9.48221684
v -9.54198837 -3.74645710 9.55675030
v -9.77784538 -2.96069002 9.55665207
v -9.14778519 -3.71848106 9.48221684
v -9.77784538 -2.96069002 9.55665207
v -9.38860989 -2.95912290 9.48221684
v -9.38860989 -2.95912290 9.48221684
v -9.77784538 -2.96069002 9.55665207
v -9.91754055 -2.15838790 9.55649376
v -9.38860989 -2.95912290 9.48221684
v -9.91754055 -2.15838790 9.55649376
v -9.53435802 -2.17821598 9.48221684
v -9.53435802 -2.17821598 9.48221684
v -9.91754055 -2.15838790 9.55649376
v -9.90083408 -1.37949002 9.53387833
v -9.53435802 -2.17821598 9.48221684
v -9.90083408 -1.37949002 9.53387833
v -9.58362389 -1.37930000 9.48221684
v -10.39054012 -1.37968600 9.89161873
v -10.30725956 -1.37967801 9.79208374
v -10.26165009 -2.19763899 9.79298687
v -10.26165009 -2.19763899 9.79298687
v -10.30725956 -1.37967801 9.79208374
v -10.17173004 -1.37963295 9.67346764
v -10.58360004 -1.37934303 10.48221970
v -10.53347969 -1.37960303 10.16967010
v -10.47914982 -2.22244906 10.15069962
v -10.47914982 -2.22244906 10.15069962
v -10.53347969 -1.37960303 10.16967010
v -10.39054012 -1.37968600 9.89161873
v -10.55018044 -2.07387400 10.53106022
v -10.58248043 -1.37932897 10.52960968
v -10.58360004 -1.37934303 10.48221970
v -10.55018044 -2.07387400 10.53106022
v -10.55018044 -2.07387400 10.53106022
v -10.47914982 -2.22244906 10.15069962
v -10.32804012 -3.09076595 10.15211964
v -10.55018044 -2.07387400 10.53106022
v -10.32804012 -3.09076595 10.15211964
v -10.43766975 -2.84462404 10.53347015
v -10.43766975 -2.84462404 10.53347015
v -10.32804012 -3.09076595 10.15211964
v -10.07281971 -3.94121003 10.15299988
v -10.43766975 -2.84462404 10.53347015
v -10.07281971 -3.94121003 10.15299988
v -10.22741985 -3.65788388 10.53491020
v -10.22741985 -3.65788388 10.53491020
v -10.07281971 -3.94121003 10.15299988
v -9.94407558 -4.40514803 10.53557014
v -9.94407558 -4.40514803 10.53557014
v -10.07281971 -3.94121003 10.15299988
v -9.71899223 -4.75288820 10.15332985
v -9.94407558 -4.40514803 10.53557014
v -9.71899223 -4.75288820 10.15332985
v -9.76729298 -4.77747297 10.53569031
v -8.54057121 -6.51967287 10.53404045
v -9.09935093 -5.85372591 10.53522015
v -9.27309608 -5.51355886 10.15314007
v -9.27309608 -5.51355886 10.15314007
v -9.09935093 -5.85372591 10.53522015
v -9.31821156 -5.54373217 10.53549957
v -9.27309608 -5.51355886 10.15314007
v -9.31821156 -5.54373217 10.53549957
v -9.71899223 -4.75288820 10.15332985
v -9.71899223 -4.75288820 10.15332985
v -9.31821156 -5.54373217 10.53549957
v -9.56639481 -5.14623785 10.53567028
v -9.71899223 -4.75288820 10.15332985
v -9.56639481 -5.14623785 10.53567028
v -9.76729298 -4.77747297 10.53569031
v -7.97277689 -6.69566584 9.79326439
v -7.30828714 -7.23558187 9.79246521
v -7.34794092 -7.29064894 9.87156868
v -7.73845482 -6.44046402 9.55655575
v -7.13094378 -6.98931217 9.57495403
v -7.20058298 -7.08601713 9.64038181
v -7.35142422 -6.27891493 9.48221684
v -6.88518000 -6.64802790 9.48221684
v -7.73845482 -6.44046402 9.55655575
v -7.73845482 -6.44046402 9.55655575
v -6.88518000 -6.64802790 9.48221684
v -7.10601807 -6.95469809 9.55637455
v -7.73845482 -6.44046402 9.55655575
v -7.10601807 -6.95469809 9.55637455
v -7.13094378 -6.98931217 9.57495403
v -9.27309608 -5.51355886 10.15314007
v -8.73535728 -6.22158003 10.15244007
v -8.54057121 -6.51967287 10.53404045
v -8.54057121 -6.51967287 10.53404045
v -8.73535728 -6.22158003 10.15244007
v -8.12079239 -6.85686922 10.15126991
v -8.54057121 -6.51967287 10.53404045
v -8.12079239 -6.85686922 10.15126991
v -7.91296721 -7.11260700 10.53219032
v -7.91296721 -7.11260700 10.53219032
v -8.12079239 -6.85686922 10.15126991
v -7.43628216 -7.41332293 10.14962959
v -7.91296721 -7.11260700 10.53219032
v -7.43628216 -7.41332293 10.14962959
v -7.46954679 -7.45951796 10.48221970
v -10.39054012 -1.37968600 9.89161873
v -10.26165009 -2.19763899 9.79298687
v -10.47914982 -2.22244906 10.15069962
v -10.47914982 -2.22244906 10.15069962
v -10.26165009 -2.19763899 9.79298687
v -10.11515999 -3.04043794 9.79368305
v -10.32804012 -3.09076595 10.15211964
v -10.32804012 -3.09076595 10.15211964
v -10.11515999 -3.04043794 9.79368305
v -9.86755371 -3.86590290 9.79411316
v -10.07281971 -3.94121003 10.15299988
v -10.07281971 -3.94121003 10.15299988
v -9.86755371 -3.86590290 9.79411316
v -9.52416801 -4.65372992 9.79427624
v -9.71899223 -4.75288820 10.15332985
v -9.71899223 -4.75288820 10.15332985
v -9.52416801 -4.65372992 9.79427624
v -9.09136295 -5.39202404 9.79418182
v -9.27309608 -5.51355886 10.15314007
v -9.27309608 -5.51355886 10.15314007
v -9.09136295 -5.39202404 9.79418182
v -8.56936932 -6.07916880 9.79384041
v -8.73535728 -6.22158003 10.15244007
v -8.73535728 -6.22158003 10.15244007
v -8.56936932 -6.07916880 9.79384041
v -7.97277689 -6.69566584 9.79326439
v -8.12079239 -6.85686922 10.15126991
v -8.12079239 -6.85686922 10.15126991
v -7.97277689 -6.69566584 9.79326439
v -7.34794092 -7.29064894 9.87156868
v -8.12079239 -6.85686922 10.15126991
v -7.34794092 -7.29064894 9.87156868
v -7.43628216 -7.41332293 10.14962959
v -10.17173004 -1.37963295 9.67346764
v -9.91754055 -2.15838790 9.55649376
v -10.26165009 -2.19763899 9.79298687
v -10.26165009 -2.19763899 9.79298687
v -9.91754055 -2.15838790 9.55649376
v -9.77784538 -2.96069002 9.55665207
v -10.26165009 -2.19763899 9.79298687
v -9.77784538 -2.96069002 9.55665207
v -10.11515999 -3.04043794 9.79368305
v -10.11515999 -3.04043794 9.79368305
v -9.77784538 -2.96069002 9.55665207
v -9.54198837 -3.74645710 9.55675030
v -9.86755371 -3.86590290 9.79411316
v -9.86755371 -3.86590290 9.79411316
v -9.54198837 -3.74645710 9.55675030
v -9.21505260 -4.49639988 9.55678558
v -9.52416801 -4.65372992 9.79427624
v -9.52416801 -4.65372992 9.79427624
v -9.21505260 -4.49639988 9.55678558
v -8.80307484 -5.19922590 9.55676365
v -9.09136295 -5.39202404 9.79418182
v -9.09136295 -5.39202404 9.79418182
v -8.80307484 -5.19922590 9.55676365
v -8.30625629 -5.85342884 9.55668831
v -8.56936932 -6.07916880 9.79384041
v -8.56936932 -6.07916880 9.79384041
v -8.30625629 -5.85342884 9.55668831
v -7.73845482 -6.44046402 9.55655575
v -8.56936932 -6.07916880 9.79384041
v -7.73845482 -6.44046402 9.55655575
v -7.97277689 -6.69566584 9.79326439
v -7.97277689 -6.69566584 9.79326439
v -7.73845482 -6.44046402 9.55655575
v -7.20058298 -7.08601713 9.64038181
v -7.97277689 -6.69566584 9.79326439
v -7.20058298 -7.08601713 9.64038181
v -7.30828714 -7.23558187 9.79246521
v -7.44719410 -7.47515583 10.48221970
v -7.21788597 -7.51310587 10.10678959
v -6.30984020 -8.02470303 10.59801006
v -3.03323793 -8.82837200 11.66256046
v -3.03323889 -8.82721519 11.71067047
v -3.77169800 -8.79222584 11.68439007
v -3.03323698 -8.53547764 10.95545006
v -3.03323793 -8.76208878 11.30455017
v -3.49474692 -8.51993084 10.93990040
v -3.61647892 -8.73942280 11.28230000
v -7.21788597 -7.51310587 10.10678959
v -7.19985390 -7.50956202 10.08380032
v -6.30984020 -8.02470303 10.59801006
v -6.30984020 -8.02470303 10.59801006
v -7.19985390 -7.50956202 10.08380032
v -6.18297291 -7.95258999 10.41036034
v -6.30984020 -8.02470303 10.59801006
v -6.18297291 -7.95258999 10.41036034
v -5.81547499 -8.23840332 10.80311012
v -5.81547499 -8.23840332 10.80311012
v -6.18297291 -7.95258999 10.41036034
v -5.29531384 -8.42011547 10.97737980
v -3.03323793 -8.76208878 11.30455017
v -3.03323793 -8.82837200 11.66256046
v -3.61647892 -8.73942280 11.28230000
v -3.61647892 -8.73942280 11.28230000
v -3.03323793 -8.82837200 11.66256046
v -3.77169800 -8.79222584 11.68439007
v -3.61647892 -8.73942280 11.28230000
v -3.77169800 -8.79222584 11.68439007
v -4.18813610 -8.67419720 11.22043037
v -7.19985390 -7.50956202 10.08380032
v -7.05421114 -7.45815420 9.92085838
v -6.18297291 -7.95258999 10.41036034
v -6.18297291 -7.95258999 10.41036034
v -7.05421114 -7.45815420 9.92085838
v -6.88518000 -7.35513496 9.77511215
v -6.18297291 -7.95258999 10.41036034
v -6.88518000 -7.35513496 9.77511215
v -6.05246878 -7.83788204 10.25786018
v -5.79182720 -7.95848083 10.37845993
v -5.11917496 -8.21153641 10.63150978
v -5.20835400 -8.33494759 10.78880978
v -5.20835400 -8.33494759 10.78880978
v -5.11917496 -8.21153641 10.63150978
v -4.72003603 -8.32523155 10.74520969
v -5.20835400 -8.33494759 10.78880978
v -4.72003603 -8.32523155 10.74520969
v -4.74878502 -8.56721210 11.11824989
v -4.74878502 -8.56721210 11.11824989
v -4.72003603 -8.32523155 10.74520969
v -4.61560011 -8.35076237 10.77073956
v -4.74878502 -8.56721210 11.11824989
v -4.61560011 -8.35076237 10.77073956
v -4.18813610 -8.67419720 11.22043037
v -4.18813610 -8.67419720 11.22043037
v -4.61560011 -8.35076237 10.77073956
v -4.09865093 -8.45221519 10.87219048
v -4.18813610 -8.67419720 11.22043037
v -4.09865093 -8.45221519 10.87219048
v -3.61647892 -8.73942280 11.28230000
v -3.61647892 -8.73942280 11.28230000
v -4.09865093 -8.45221519 10.87219048
v -3.57133102 -8.51432896 10.93430042
v -3.61647892 -8.73942280 11.28230000
v -3.57133102 -8.51432896 10.93430042
v -3.49474692 -8.51993084 10.93990040
v -7.46886015 -7.45856380 10.53069019
v -7.45828485 -7.46714878 10.50654984
v -6.53475618 -8.00613880 11.00769997
v -6.53475618 -8.00613880 11.00769997
v -7.45828485 -7.46714878 10.50654984
v -7.44719410 -7.47515583 10.48221970
v -6.53475618 -8.00613880 11.00769997
v -7.44719410 -7.47515583 10.48221970
v -6.42216396 -8.04629803 10.80640030
v -6.42216396 -8.04629803 10.80640030
v -7.44719410 -7.47515583 10.48221970
v -6.30984020 -8.02470303 10.59801006
v -6.42216396 -8.04629803 10.80640030
v -6.30984020 -8.02470303 10.59801006
v -5.91120100 -8.26939774 11.01068974
v -5.91120100 -8.26939774 11.01068974
v -6.30984020 -8.02470303 10.59801006
v -5.81547499 -8.23840332 10.80311012
v -5.91120100 -8.26939774 11.01068974
v -5.81547499 -8.23840332 10.80311012
v -5.37340212 -8.45915604 11.18414021
v -5.37340212 -8.45915604 11.18414021
v -5.81547499 -8.23840332 10.80311012
v -5.29531384 -8.42011547 10.97737980
v -3.77169800 -8.79222584 11.68439007
v -4.26164293 -8.73028469 11.63274002
v -4.18813610 -8.67419720 11.22043037
v -4.18813610 -8.67419720 11.22043037
v -4.26164293 -8.73028469 11.63274002
v -4.41320181 -8.70479870 11.61118031
v -4.18813610 -8.67419720 11.22043037
v -4.41320181 -8.70479870 11.61118031
v -4.74878502 -8.56721210 11.11824989
v -4.74878502 -8.56721210 11.11824989
v -4.41320181 -8.70479870 11.61118031
v -5.11282396 -8.54712391 11.47630978
v -4.74878502 -8.56721210 11.11824989
v -5.11282396 -8.54712391 11.47630978
v -5.43725395 -8.45090866 11.39338017
v -6.05246878 -7.83788204 10.25786018
v -5.79182720 -7.95848083 10.37845993
v -6.18297291 -7.95258999 10.41036034
v -6.18297291 -7.95258999 10.41036034
v -5.79182720 -7.95848083 10.37845993
v -5.20835400 -8.33494759 10.78880978
v -6.18297291 -7.95258999 10.41036034
v -5.20835400 -8.33494759 10.78880978
v -5.29531384 -8.42011547 10.97737980
v -5.29531384 -8.42011547 10.97737980
v -5.20835400 -8.33494759 10.78880978
v -4.74878502 -8.56721210 11.11824989
v -5.29531384 -8.42011547 10.97737980
v -4.74878502 -8.56721210 11.11824989
v -5.37340212 -8.45915604 11.18414021
v -5.37340212 -8.45915604 11.18414021
v -4.74878502 -8.56721210 11.11824989
v -5.43725395 -8.45090866 11.39338017
v -5.37340212 -8.45915604 11.18414021
v -5.43725395 -8.45090866 11.39338017
v -5.91120100 -8.26939774 11.01068974
v -5.91120100 -8.26939774 11.01068974
v -5.43725395 -8.45090866 11.39338017
v -6.28073788 -8.12655735 11.11236000
v -5.91120100 -8.26939774 11.01068974
v -6.28073788 -8.12655735 11.11236000
v -6.42216396 -8.04629803 10.80640030
v -6.42216396 -8.04629803 10.80640030
v -6.28073788 -8.12655735 11.11236000
v -6.51140213 -8.01768017 11.01772976
v -6.42216396 -8.04629803 10.80640030
v -6.51140213 -8.01768017 11.01772976
v -6.53475618 -8.00613880 11.00769997
v -0.00002172 2.00001001 34.91994095
v 0.33787349 1.99948096 34.91411972
v 1.09169698 2.00000000 34.86021042
v 1.09169698 2.00000000 34.86021042
v 0.33787349 1.99948096 34.91411972
v 1.31006896 1.99181998 34.83378983
v 1.09169698 2.00000000 34.86021042
v 1.31006896 1.99181998 34.83378983
v 1.47940397 2.00000000 34.80994034
v 1.31006896 1.99181998 34.83378983
v 1.47941303 1.98952699 34.80992126
v 1.47940397 2.00000000 34.80994034
v 1.47940397 2.00000000 34.80994034
v 1.47941303 1.98952699 34.80992126
v 2.26162791 1.97533095 34.66073990
v 1.47940397 2.00000000 34.80994034
v 2.26162791 1.97533095 34.66073990
v 2.43300796 2.00000000 34.61948013
v 2.43300796 2.00000000 34.61948013
v 2.26162791 1.97533095 34.66073990
v 3.18381810 1.95093703 34.39957809
v 2.43300796 2.00000000 34.61948013
v 3.18381810 1.95093703 34.39957809
v 3.40632200 2.00000000 34.32192993
v 3.18381810 1.95093703 34.39957809
v 3.40634799 1.94369602 34.32191849
v 3.40632200 2.00000000 34.32192993
v 3.40632200 2.00000000 34.32192993
v 3.40634799 1.94369602 34.32191849
v 4.04846621 1.91962004 34.06375122
v 3.40632200 2.00000000 34.32192993
v 4.04846621 1.91962004 34.06375122
v 4.60770702 2.00000000 33.79515839
v 4.60770702 2.00000000 33.79515839
v 4.04846621 1.91962004 34.06375122
v 4.92708302 1.87864196 33.62186050
v 4.60770702 2.00000000 33.79515839
v 4.92708302 1.87864196 33.62186050
v 5.19864988 2.00000000 33.46244812
v 5.19864988 2.00000000 33.46244812
v 4.92708302 1.87864196 33.62186050
v 5.19867992 1.86387897 33.46242142
v 5.19864988 2.00000000 33.46244812
v 5.19867992 1.86387897 33.46242142
v 5.57200813 2.00000000 33.22373962
v 5.57200813 2.00000000 33.22373962
v 5.19867992 1.86387897 33.46242142
v 5.73563719 1.83146906 33.11156082
v 5.57200813 2.00000000 33.22373962
v 5.73563719 1.83146906 33.11156082
v 6.43804598 2.00000000 32.57186127
v 6.43804598 2.00000000 32.57186127
v 5.73563719 1.83146906 33.11156082
v 6.47582388 1.77917695 32.53985977
v 7.79758120 1.65682805 31.18074989
v 7.79761124 2.00000000 31.18073082
v 7.15523100 1.72185898 31.90586090
v 7.15523100 1.72185898 31.90586090
v 7.79761124 2.00000000 31.18073082
v 7.19988918 2.00000000 31.85980988
v 7.15523100 1.72185898 31.90586090
v 7.19988918 2.00000000 31.85980988
v 6.47582388 1.77917695 32.53985977
v 6.47582388 1.77917695 32.53985977
v 7.19988918 2.00000000 31.85980988
v 6.78557110 2.00000000 32.26543045
v 6.47582388 1.77917695 32.53985977
v 6.78557110 2.00000000 32.26543045
v 6.43804598 2.00000000 32.57186127
v -5.52216387 1.84472895 33.25698853
v -5.19871902 1.86372602 33.46242142
v -5.19868708 2.00000000 33.46244812
v -0.00002172 2.00001001 34.91994095
v -1.14436197 2.00000000 34.85427856
v -0.98068631 1.99550700 34.87174988
v -0.98068631 1.99550700 34.87174988
v -1.14436197 2.00000000 34.85427856
v -1.95454204 1.98172200 34.72700882
v -3.40635800 2.00000000 34.32192993
v -2.90549302 1.95938504 34.48852158
v -2.32204604 2.00000000 34.64664841
v -2.32204604 2.00000000 34.64664841
v -2.90549302 1.95938504 34.48852158
v -1.95454204 1.98172200 34.72700882
v -2.32204604 2.00000000 34.64664841
v -1.95454204 1.98172200 34.72700882
v -1.47944105 2.00000000 34.80994034
v -1.47944105 2.00000000 34.80994034
v -1.95454204 1.98172200 34.72700882
v -1.14436197 2.00000000 34.85427856
v -5.19868708 2.00000000 33.46244812
v -5.19871902 1.86372602 33.46242142
v -4.51022911 2.00000000 33.84511185
v -5.19871902 1.86372602 33.46242142
v -4.70503283 1.88984096 33.74388885
v -4.51022911 2.00000000 33.84511185
v -4.51022911 2.00000000 33.84511185
v -4.70503283 1.88984096 33.74388885
v -3.84680295 1.92777598 34.15044022
v -4.51022911 2.00000000 33.84511185
v -3.84680295 1.92777598 34.15044022
v -3.40635800 2.00000000 34.32192993
v -3.40635800 2.00000000 34.32192993
v -3.84680295 1.92777598 34.15044022
v -3.40639400 1.94383001 34.32191849
v -3.40635800 2.00000000 34.32192993
v -3.40639400 1.94383001 34.32191849
v -2.90549302 1.95938504 34.48852158
v -5.52216387 1.84472895 33.25698853
v -5.19868708 2.00000000 33.46244812
v -6.33049822 1.79008603 32.66104126
v -6.33049822 1.79008603 32.66104126
v -5.19868708 2.00000000 33.46244812
v -6.35930204 2.00000000 32.63745117
v -6.33049822 1.79008603 32.66104126
v -6.35930204 2.00000000 32.63745117
v -6.78563404 1.75424302 32.26538849
v -6.78563404 1.75424302 32.26538849
v -6.35930204 2.00000000 32.63745117
v -6.78560591 2.00000000 32.26543045
v -6.78563404 1.75424302 32.26538849
v -6.78560591 2.00000000 32.26543045
v -7.08363724 1.72836804 31.97847939
v -7.08363724 1.72836804 31.97847939
v -6.78560591 2.00000000 32.26543045
v -7.13128996 2.00000000 31.93032074
v -7.08363724 1.72836804 31.97847939
v -7.13128996 2.00000000 31.93032074
v -7.70560980 1.66691101 31.29364014
v -7.70560980 1.66691101 31.29364014
v -7.13128996 2.00000000 31.93032074
v -7.79762411 2.00000000 31.18073082
v -7.70560980 1.66691101 31.29364014
v -7.79762411 2.00000000 31.18073082
v -7.79761600 1.65682900 31.18074989
v -6.87734604 -3.19421601 29.38892937
v -7.15027714 -3.26317596 28.71989059
v -6.81630993 -3.26991796 29.36430931
v -7.08380318 -2.97815990 29.38412094
v -7.15027714 -3.26317596 28.71989059
v -7.01240110 -3.04691696 29.39892006
v -7.15601110 -2.91440797 29.35643005
v -6.94312477 -3.11941195 29.40053940
v -7.01240110 -3.04691696 29.39892006
v -7.15027714 -3.26317596 28.71989059
v -7.36389017 -2.76467204 29.20231056
v -7.15027714 -3.26317596 28.71989059
v -7.29744482 -2.80660200 29.26462936
v -7.42577982 -2.73184204 29.13055038
v -7.22770309 -2.85683703 29.31633949
v -7.29744482 -2.80660200 29.26462936
v -7.15027714 -3.26317596 28.71989059
v -7.15601110 -2.91440797 29.35643005
v -7.55439997 -2.69315195 28.91640091
v -7.15027714 -3.26317596 28.71989059
v -7.50911093 -2.70056200 29.00547981
v -7.59150505 -2.69619012 28.82335091
v -7.46937609 -2.71324110 29.07003975
v -7.50911093 -2.70056200 29.00547981
v -7.15027714 -3.26317596 28.71989059
v -7.42577982 -2.73184204 29.13055038
v -7.46937609 -2.71324110 29.07003975
v -7.15027714 -3.26317596 28.71989059
v -7.57287502 0.67596430 31.34976006
v -7.63283682 0.89626563 31.31941986
v -7.64823103 0.24303161 31.15148926
v -7.15027714 -3.26317596 28.71989059
v -7.63850403 -2.73322797 28.63242912
v -7.72283792 -2.65856910 28.55742073
v -7.61972904 -2.70963311 28.72806931
v -7.63850403 -2.73322797 28.63242912
v -7.15027714 -3.26317596 28.71989059
v -7.59150505 -2.69619012 28.82335091
v -7.61972904 -2.70963311 28.72806931
v -7.15027714 -3.26317596 28.71989059
v -3.00806499 -5.02783918 29.71681023
v -3.65292907 -4.68313217 30.11174011
v -3.33239794 -5.09288788 29.44787025
v -6.60064411 -1.87537396 31.19038963
v -6.32168198 -2.14400101 31.24818993
v -6.45436907 -1.84752297 31.35079956
v -6.45436907 -1.84752297 31.35079956
v -6.32168198 -2.14400101 31.24818993
v -6.29344988 -2.09736204 31.31060028
v -6.43679285 -3.23054790 29.98179054
v -6.32708693 -3.38010693 29.90782928
v -5.39405823 -3.24471593 30.99720955
v -5.39405823 -3.24471593 30.99720955
v -6.32708693 -3.38010693 29.90782928
v -5.34026909 -3.30876303 30.96783066
v -5.39405823 -3.24471593 30.99720955
v -5.34026909 -3.30876303 30.96783066
v -5.33241606 -3.31096506 30.97131920
v -3.00806499 -5.02783918 29.71681023
v -3.33239794 -5.09288788 29.44787025
v -2.35436511 -5.28907681 29.28506088
v -2.35436511 -5.28907681 29.28506088
v -3.33239794 -5.09288788 29.44787025
v -2.79655504 -5.33783197 29.05536079
v -2.35436511 -5.28907681 29.28506088
v -2.79655504 -5.33783197 29.05536079
v -1.94951499 -5.40803909 29.00242043
v -4.44969320 -4.92784691 29.06189919
v -3.63728309 -5.17625523 29.07533073
v -3.33239794 -5.09288788 29.44787025
v -3.33239794 -5.09288788 29.44787025
v -3.63728309 -5.17625523 29.07533073
v -3.35332894 -5.24132919 29.07229996
v -3.33239794 -5.09288788 29.44787025
v -3.35332894 -5.24132919 29.07229996
v -2.79655504 -5.33783197 29.05536079
v -5.95144176 -4.19221020 28.93905067
v -5.22403622 -4.59781313 29.01602936
v -4.72482014 -4.71339893 29.30764961
v -4.72482014 -4.71339893 29.30764961
v -5.22403622 -4.59781313 29.01602936
v -4.73926115 -4.81570816 29.04874992
v -4.72482014 -4.71339893 29.30764961
v -4.73926115 -4.81570816 29.04874992
v -4.44969320 -4.92784691 29.06189919
v -7.15027714 -3.26317596 28.71989059
v -6.62391281 -3.71787405 28.83267021
v -6.60366917 -3.70457792 28.90221977
v -6.60366917 -3.70457792 28.90221977
v -6.62391281 -3.71787405 28.83267021
v -5.95144176 -4.19221020 28.93905067
v -6.60366917 -3.70457792 28.90221977
v -5.95144176 -4.19221020 28.93905067
v -6.01350212 -4.09580088 29.06192017
v -6.01350212 -4.09580088 29.06192017
v -5.95144176 -4.19221020 28.93905067
v -4.72482014 -4.71339893 29.30764961
v -8.45106220 -1.55535698 28.39819908
v -8.63319302 -1.30516303 28.15946960
v -8.21884727 -2.00272799 28.36965942
v -9.02060032 -0.25741711 28.09246063
v -8.96226215 -0.57531738 27.92988014
v -8.63319302 -1.30516303 28.15946960
v -9.32582855 1.11207604 27.72664070
v -9.35591602 0.94287622 27.42536926
v -9.20360088 0.17722850 27.68408012
v -9.39598656 1.65671504 27.37881088
v -9.41747761 1.65694201 27.17663956
v -9.35591602 0.94287622 27.42536926
v -9.35591602 0.94287622 27.42536926
v -9.32582855 1.11207604 27.72664070
v -9.39598656 1.65671504 27.37881088
v -9.39598656 1.65671504 27.37881088
v -9.32582855 1.11207604 27.72664070
v -9.20405102 1.26512504 28.34700966
v -9.39598656 1.65671504 27.37881088
v -9.20405102 1.26512504 28.34700966
v -9.25803566 1.65606594 28.16861916
v -9.25803566 1.65606594 28.16861916
v -9.20405102 1.26512504 28.34700966
v -9.16055965 1.65622199 28.54649925
v -9.16055965 1.65622199 28.54649925
v -9.20405102 1.26512504 28.34700966
v -9.02097702 1.35232496 28.96507072
v -9.16055965 1.65622199 28.54649925
v -9.02097702 1.35232496 28.96507072
v -9.02245522 1.65671098 28.97953987
v -9.02245522 1.65671098 28.97953987
v -9.02097702 1.35232496 28.96507072
v -8.78030205 1.37203097 29.56856918
v -9.02245522 1.65671098 28.97953987
v -8.78030205 1.37203097 29.56856918
v -8.69304657 1.65634406 29.76741028
v -7.63283682 0.89626563 31.31941986
v -7.79761600 1.65682900 31.18074989
v -7.94601679 1.12107003 30.95766068
v -7.94601679 1.12107003 30.95766068
v -7.79761600 1.65682900 31.18074989
v -8.28723526 1.65589297 30.49537086
v -8.22879601 1.24172199 30.56518936
v -8.22879601 1.24172199 30.56518936
v -8.28723526 1.65589297 30.49537086
v -8.69304657 1.65634406 29.76741028
v -8.22879601 1.24172199 30.56518936
v -8.69304657 1.65634406 29.76741028
v -8.48653603 1.32396698 30.14642906
v -8.48653603 1.32396698 30.14642906
v -8.69304657 1.65634406 29.76741028
v -8.78030205 1.37203097 29.56856918
v -7.64823103 0.24303161 31.15148926
v -7.63283682 0.89626563 31.31941986
v -7.99958706 0.42941090 30.74411964
v -7.04279518 -0.85253167 31.38515091
v -7.02826023 -0.78632981 31.43347931
v -7.37857199 -0.61067343 31.13618088
v -7.37857199 -0.61067343 31.13618088
v -7.02826023 -0.78632981 31.43347931
v -7.04671717 -0.74637902 31.43407059
v -7.04671717 -0.74637902 31.43407059
v -7.16517019 -0.47818249 31.43362045
v -7.37857199 -0.61067343 31.13618088
v -7.16517019 -0.47818249 31.43362045
v -7.37593079 0.06180053 31.41044998
v -7.37857199 -0.61067343 31.13618088
v -7.37593079 0.06180053 31.41044998
v -7.69847298 -0.40880281 30.83613014
v -6.88275003 -1.62630403 31.08221054
v -6.77430582 -1.29442298 31.41061020
v -7.16283894 -1.40138102 30.92556953
v -7.16283894 -1.40138102 30.92556953
v -6.77430582 -1.29442298 31.41061020
v -6.95951319 -0.93121397 31.42991066
v -6.60064411 -1.87537396 31.19038963
v -6.45436907 -1.84752297 31.35079956
v -6.88275003 -1.62630403 31.08221054
v -6.88275003 -1.62630403 31.08221054
v -6.45436907 -1.84752297 31.35079956
v -6.65154219 -1.51655805 31.39118958
v -6.88275003 -1.62630403 31.08221054
v -6.65154219 -1.51655805 31.39118958
v -6.77430582 -1.29442298 31.41061020
v -7.63283682 0.89626563 31.31941986
v -7.94601679 1.12107003 30.95766068
v -7.99958706 0.42941090 30.74411964
v -7.99958706 0.42941090 30.74411964
v -7.94601679 1.12107003 30.95766068
v -8.22879601 1.24172199 30.56518936
v -8.24707985 0.53500819 30.40061951
v -8.24707985 0.53500819 30.40061951
v -8.22879601 1.24172199 30.56518936
v -8.48653603 1.32396698 30.14642906
v -8.47266102 0.60699117 30.03410912
v -8.47266102 0.60699117 30.03410912
v -8.48653603 1.32396698 30.14642906
v -8.78030205 1.37203097 29.56856918
v -8.72977066 0.64905781 29.52836037
v -8.72977066 0.64905781 29.52836037
v -8.78030205 1.37203097 29.56856918
v -9.02097702 1.35232496 28.96507072
v -8.94041729 0.63181061 29.00016022
v -8.94041729 0.63181061 29.00016022
v -9.02097702 1.35232496 28.96507072
v -9.20405102 1.26512504 28.34700966
v -9.10064793 0.55549133 28.45922089
v -9.10064793 0.55549133 28.45922089
v -9.20405102 1.26512504 28.34700966
v -9.32582855 1.11207604 27.72664070
v -9.20722961 0.42153969 27.91625977
v -9.20722961 0.42153969 27.91625977
v -9.32582855 1.11207604 27.72664070
v -9.20360088 0.17722850 27.68408012
v -9.20722961 0.42153969 27.91625977
v -9.20360088 0.17722850 27.68408012
v -8.96226215 -0.57531738 27.92988014
v -8.96226215 -0.57531738 27.92988014
v -9.02060032 -0.25741711 28.09246063
v -9.20722961 0.42153969 27.91625977
v -9.20722961 0.42153969 27.91625977
v -9.02060032 -0.25741711 28.09246063
v -8.93021202 -0.14381810 28.55291939
v -9.10064793 0.55549133 28.45922089
v -9.10064793 0.55549133 28.45922089
v -8.93021202 -0.14381810 28.55291939
v -8.79432392 -0.07909464 29.01166916
v -8.94041729 0.63181061 29.00016022
v -8.94041729 0.63181061 29.00016022
v -8.79432392 -0.07909464 29.01166916
v -8.61568546 -0.06446796 29.45960999
v -8.72977066 0.64905781 29.52836037
v -8.72977066 0.64905781 29.52836037
v -8.61568546 -0.06446796 29.45960999
v -8.39764023 -0.10014300 29.88853073
v -8.47266102 0.60699117 30.03410912
v -8.47266102 0.60699117 30.03410912
v -8.39764023 -0.10014300 29.88853073
v -8.20633507 -0.16118890 30.19935036
v -8.24707985 0.53500819 30.40061951
v -8.24707985 0.53500819 30.40061951
v -8.20633507 -0.16118890 30.19935036
v -7.99644518 -0.25074181 30.49065971
v -7.99958706 0.42941090 30.74411964
v -7.99958706 0.42941090 30.74411964
v -7.99644518 -0.25074181 30.49065971
v -7.69847298 -0.40880281 30.83613014
v -7.64823103 0.24303161 31.15148926
v -7.64823103 0.24303161 31.15148926
v -7.69847298 -0.40880281 30.83613014
v -7.37593079 0.06180053 31.41044998
v -7.64823103 0.24303161 31.15148926
v -7.37593079 0.06180053 31.41044998
v -7.57287502 0.67596430 31.34976006
v -8.63319302 -1.30516303 28.15946960
v -8.76778603 -0.91845751 28.25362015
v -9.02060032 -0.25741711 28.09246063
v -9.02060032 -0.25741711 28.09246063
v -8.76778603 -0.91845751 28.25362015
v -8.69443798 -0.82627422 28.62726974
v -8.93021202 -0.14381810 28.55291939
v -8.93021202 -0.14381810 28.55291939
v -8.69443798 -0.82627422 28.62726974
v -8.58417034 -0.77375239 28.99954033
v -8.79432392 -0.07909464 29.01166916
v -8.79432392 -0.07909464 29.01166916
v -8.58417034 -0.77375239 28.99954033
v -8.43920803 -0.76188308 29.36304092
v -8.61568546 -0.06446796 29.45960999
v -8.61568546 -0.06446796 29.45960999
v -8.43920803 -0.76188308 29.36304092
v -8.26226902 -0.79083282 29.71109009
v -8.39764023 -0.10014300 29.88853073
v -8.39764023 -0.10014300 29.88853073
v -8.26226902 -0.79083282 29.71109009
v -8.10702801 -0.84037018 29.96331978
v -8.20633507 -0.16118890 30.19935036
v -8.20633507 -0.16118890 30.19935036
v -8.10702801 -0.84037018 29.96331978
v -7.93670607 -0.91304058 30.19971085
v -7.99644518 -0.25074181 30.49065971
v -7.99644518 -0.25074181 30.49065971
v -7.93670607 -0.91304058 30.19971085
v -7.69490814 -1.04130399 30.48004913
v -7.69847298 -0.40880281 30.83613014
v -7.69847298 -0.40880281 30.83613014
v -7.69490814 -1.04130399 30.48004913
v -7.43531513 -1.20511794 30.72353935
v -7.37857199 -0.61067343 31.13618088
v -7.37857199 -0.61067343 31.13618088
v -7.43531513 -1.20511794 30.72353935
v -7.16283894 -1.40138102 30.92556953
v -7.04279518 -0.85253167 31.38515091
v -7.04279518 -0.85253167 31.38515091
v -7.16283894 -1.40138102 30.92556953
v -6.95951319 -0.93121397 31.42991066
v -7.04279518 -0.85253167 31.38515091
v -6.95951319 -0.93121397 31.42991066
v -7.02826023 -0.78632981 31.43347931
v -5.39405823 -3.24471593 30.99720955
v -5.45226097 -3.18090296 31.02120972
v -6.43679285 -3.23054790 29.98179054
v -6.43679285 -3.23054790 29.98179054
v -5.45226097 -3.18090296 31.02120972
v -5.97984600 -2.54052401 31.21666908
v -6.55829477 -3.07985306 30.03079033
v -6.55829477 -3.07985306 30.03079033
v -5.97984600 -2.54052401 31.21666908
v -6.06055593 -2.43148994 31.24263000
v -6.55829477 -3.07985306 30.03079033
v -6.06055593 -2.43148994 31.24263000
v -6.68923712 -2.93094492 30.05389977
v -6.68923712 -2.93094492 30.05389977
v -6.06055593 -2.43148994 31.24263000
v -6.59615612 -2.48469901 30.66901016
v -6.68923712 -2.93094492 30.05389977
v -6.59615612 -2.48469901 30.66901016
v -6.82713985 -2.78663492 30.05068016
v -6.82713985 -2.78663492 30.05068016
v -6.59615612 -2.48469901 30.66901016
v -6.80769491 -2.28099608 30.62517929
v -6.96927691 -2.64976311 30.02123070
v -6.96927691 -2.64976311 30.02123070
v -6.80769491 -2.28099608 30.62517929
v -7.02161884 -2.09212399 30.54314995
v -7.11301613 -2.52285600 29.96611023
v -7.11301613 -2.52285600 29.96611023
v -7.02161884 -2.09212399 30.54314995
v -7.23401308 -1.92156303 30.42436028
v -7.25572777 -2.40825295 29.88628960
v -7.25572777 -2.40825295 29.88628960
v -7.23401308 -1.92156303 30.42436028
v -7.44063520 -1.77273405 30.27116013
v -7.39456081 -2.30825210 29.78334999
v -7.39456081 -2.30825210 29.78334999
v -7.44063520 -1.77273405 30.27116013
v -7.63748598 -1.64851296 30.08651924
v -7.52682877 -2.22478604 29.65929031
v -7.52682877 -2.22478604 29.65929031
v -7.63748598 -1.64851296 30.08651924
v -7.82084417 -1.55124903 29.87393951
v -7.65003014 -2.15943193 29.51645088
v -7.65003014 -2.15943193 29.51645088
v -7.82084417 -1.55124903 29.87393951
v -7.94999886 -1.49614298 29.69467926
v -7.73681307 -2.12240505 29.39599991
v -7.73681307 -2.12240505 29.39599991
v -7.94999886 -1.49614298 29.69467926
v -8.06772232 -1.45857799 29.50341034
v -7.81591082 -2.09716511 29.26749039
v -7.81591082 -2.09716511 29.26749039
v -8.06772232 -1.45857799 29.50341034
v -8.20189571 -1.43662500 29.23947906
v -7.90606594 -2.08241391 29.09015083
v -7.90606594 -2.08241391 29.09015083
v -8.20189571 -1.43662500 29.23947906
v -8.31182098 -1.44562602 28.96384048
v -7.97992802 -2.08846211 28.90493965
v -7.97992802 -2.08846211 28.90493965
v -8.31182098 -1.44562602 28.96384048
v -8.39544201 -1.48545301 28.68153954
v -8.03611279 -2.11522293 28.71525955
v -8.03611279 -2.11522293 28.71525955
v -8.39544201 -1.48545301 28.68153954
v -8.45106220 -1.55535698 28.39819908
v -8.07348633 -2.16219306 28.52486992
v -8.07348633 -2.16219306 28.52486992
v -8.45106220 -1.55535698 28.39819908
v -8.21884727 -2.00272799 28.36965942
v -8.07348633 -2.16219306 28.52486992
v -8.21884727 -2.00272799 28.36965942
v -7.72283792 -2.65856910 28.55742073
v -8.63319302 -1.30516303 28.15946960
v -8.45106220 -1.55535698 28.39819908
v -8.76778603 -0.91845751 28.25362015
v -8.76778603 -0.91845751 28.25362015
v -8.45106220 -1.55535698 28.39819908
v -8.39544201 -1.48545301 28.68153954
v -8.69443798 -0.82627422 28.62726974
v -8.69443798 -0.82627422 28.62726974
v -8.39544201 -1.48545301 28.68153954
v -8.31182098 -1.44562602 28.96384048
v -8.58417034 -0.77375239 28.99954033
v -8.58417034 -0.77375239 28.99954033
v -8.31182098 -1.44562602 28.96384048
v -8.20189571 -1.43662500 29.23947906
v -8.43920803 -0.76188308 29.36304092
v -8.43920803 -0.76188308 29.36304092
v -8.20189571 -1.43662500 29.23947906
v -8.06772232 -1.45857799 29.50341034
v -8.26226902 -0.79083282 29.71109009
v -8.26226902 -0.79083282 29.71109009
v -8.06772232 -1.45857799 29.50341034
v -7.94999886 -1.49614298 29.69467926
v -8.10702801 -0.84037018 29.96331978
v -8.10702801 -0.84037018 29.96331978
v -7.94999886 -1.49614298 29.69467926
v -7.82084417 -1.55124903 29.87393951
v -7.93670607 -0.91304058 30.19971085
v -7.93670607 -0.91304058 30.19971085
v -7.82084417 -1.55124903 29.87393951
v -7.63748598 -1.64851296 30.08651924
v -7.69490814 -1.04130399 30.48004913
v -7.69490814 -1.04130399 30.48004913
v -7.63748598 -1.64851296 30.08651924
v -7.44063520 -1.77273405 30.27116013
v -7.43531513 -1.20511794 30.72353935
v -7.43531513 -1.20511794 30.72353935
v -7.44063520 -1.77273405 30.27116013
v -7.23401308 -1.92156303 30.42436028
v -7.16283894 -1.40138102 30.92556953
v -7.16283894 -1.40138102 30.92556953
v -7.23401308 -1.92156303 30.42436028
v -7.02161884 -2.09212399 30.54314995
v -6.88275003 -1.62630403 31.08221054
v -6.88275003 -1.62630403 31.08221054
v -7.02161884 -2.09212399 30.54314995
v -6.80769491 -2.28099608 30.62517929
v -6.60064411 -1.87537396 31.19038963
v -6.60064411 -1.87537396 31.19038963
v -6.80769491 -2.28099608 30.62517929
v -6.59615612 -2.48469901 30.66901016
v -6.32168198 -2.14400101 31.24818993
v -6.32168198 -2.14400101 31.24818993
v -6.59615612 -2.48469901 30.66901016
v -6.06055593 -2.43148994 31.24263000
v -6.32168198 -2.14400101 31.24818993
v -6.06055593 -2.43148994 31.24263000
v -6.29344988 -2.09736204 31.31060028
v -6.87734604 -3.19421601 29.38892937
v -6.94312477 -3.11941195 29.40053940
v -7.15027714 -3.26317596 28.71989059
v -6.76119900 -3.34504890 29.32715988
v -6.81630993 -3.26991796 29.36430931
v -7.15027714 -3.26317596 28.71989059
v -7.72283792 -2.65856910 28.55742073
v -7.63850403 -2.73322797 28.63242912
v -8.07348633 -2.16219306 28.52486992
v -8.07348633 -2.16219306 28.52486992
v -7.63850403 -2.73322797 28.63242912
v -7.61972904 -2.70963311 28.72806931
v -8.03611279 -2.11522293 28.71525955
v -8.03611279 -2.11522293 28.71525955
v -7.61972904 -2.70963311 28.72806931
v -7.59150505 -2.69619012 28.82335091
v -7.97992802 -2.08846211 28.90493965
v -7.97992802 -2.08846211 28.90493965
v -7.59150505 -2.69619012 28.82335091
v -7.55439997 -2.69315195 28.91640091
v -7.90606594 -2.08241391 29.09015083
v -7.90606594 -2.08241391 29.09015083
v -7.55439997 -2.69315195 28.91640091
v -7.50911093 -2.70056200 29.00547981
v -7.81591082 -2.09716511 29.26749039
v -7.81591082 -2.09716511 29.26749039
v -7.50911093 -2.70056200 29.00547981
v -7.46937609 -2.71324110 29.07003975
v -7.73681307 -2.12240505 29.39599991
v -7.73681307 -2.12240505 29.39599991
v -7.46937609 -2.71324110 29.07003975
v -7.42577982 -2.73184204 29.13055038
v -7.65003014 -2.15943193 29.51645088
v -7.65003014 -2.15943193 29.51645088
v -7.42577982 -2.73184204 29.13055038
v -7.36389017 -2.76467204 29.20231056
v -7.52682877 -2.22478604 29.65929031
v -7.52682877 -2.22478604 29.65929031
v -7.36389017 -2.76467204 29.20231056
v -7.29744482 -2.80660200 29.26462936
v -7.39456081 -2.30825210 29.78334999
v -7.39456081 -2.30825210 29.78334999
v -7.29744482 -2.80660200 29.26462936
v -7.22770309 -2.85683703 29.31633949
v -7.25572777 -2.40825295 29.88628960
v -7.25572777 -2.40825295 29.88628960
v -7.22770309 -2.85683703 29.31633949
v -7.15601110 -2.91440797 29.35643005
v -7.11301613 -2.52285600 29.96611023
v -7.11301613 -2.52285600 29.96611023
v -7.15601110 -2.91440797 29.35643005
v -7.08380318 -2.97815990 29.38412094
v -6.96927691 -2.64976311 30.02123070
v -6.96927691 -2.64976311 30.02123070
v -7.08380318 -2.97815990 29.38412094
v -7.01240110 -3.04691696 29.39892006
v -6.82713985 -2.78663492 30.05068016
v -6.82713985 -2.78663492 30.05068016
v -7.01240110 -3.04691696 29.39892006
v -6.94312477 -3.11941195 29.40053940
v -6.68923712 -2.93094492 30.05389977
v -6.68923712 -2.93094492 30.05389977
v -6.94312477 -3.11941195 29.40053940
v -6.87734604 -3.19421601 29.38892937
v -6.55829477 -3.07985306 30.03079033
v -6.55829477 -3.07985306 30.03079033
v -6.87734604 -3.19421601 29.38892937
v -6.81630993 -3.26991796 29.36430931
v -6.43679285 -3.23054790 29.98179054
v -6.43679285 -3.23054790 29.98179054
v -6.81630993 -3.26991796 29.36430931
v -6.76119900 -3.34504890 29.32715988
v -6.32708693 -3.38010693 29.90782928
v -4.88322592 -3.75529003 30.76896095
v -5.06154394 -3.58665705 30.85205078
v -5.00537014 -3.84761000 30.56089020
v -5.00537014 -3.84761000 30.56089020
v -5.06154394 -3.58665705 30.85205078
v -5.15853119 -3.58428311 30.78418922
v -5.00537014 -3.84761000 30.56089020
v -5.15853119 -3.58428311 30.78418922
v -6.15644884 -3.65466189 29.70047951
v -6.23448801 -3.52049088 29.81426048
v -6.15644884 -3.65466189 29.70047951
v -6.23448801 -3.52049088 29.81426048
v -6.67547798 -3.48297191 29.22299957
v -6.71468210 -3.41557097 29.28014946
v -6.67547798 -3.48297191 29.22299957
v -6.71468210 -3.41557097 29.28014946
v -7.15027714 -3.26317596 28.71989059
v -5.06154394 -3.58665705 30.85205078
v -5.33241606 -3.31096506 30.97131920
v -5.15853119 -3.58428311 30.78418922
v -5.15853119 -3.58428311 30.78418922
v -5.33241606 -3.31096506 30.97131920
v -5.34026909 -3.30876303 30.96783066
v -5.15853119 -3.58428311 30.78418922
v -5.34026909 -3.30876303 30.96783066
v -6.23448801 -3.52049088 29.81426048
v -6.32708693 -3.38010693 29.90782928
v -6.23448801 -3.52049088 29.81426048
v -6.32708693 -3.38010693 29.90782928
v -6.71468210 -3.41557097 29.28014946
v -6.76119900 -3.34504890 29.32715988
v -6.71468210 -3.41557097 29.28014946
v -3.65292907 -4.68313217 30.11174011
v -4.28073120 -4.25767279 30.46419907
v -4.78982687 -4.33523989 29.98892975
v -4.78982687 -4.33523989 29.98892975
v -4.28073120 -4.25767279 30.46419907
v -4.87955523 -4.10294819 30.29153061
v -4.78982687 -4.33523989 29.98892975
v -4.87955523 -4.10294819 30.29153061
v -6.04662514 -3.90312004 29.40904999
v -6.09234285 -3.78476191 29.56324005
v -6.04662514 -3.90312004 29.40904999
v -6.09234285 -3.78476191 29.56324005
v -6.62030888 -3.60778499 29.07659912
v -6.64327478 -3.54832792 29.15405083
v -6.62030888 -3.60778499 29.07659912
v -6.64327478 -3.54832792 29.15405083
v -4.28073120 -4.25767279 30.46419907
v -4.88322592 -3.75529003 30.76896095
v -4.87955523 -4.10294819 30.29153061
v -4.87955523 -4.10294819 30.29153061
v -4.88322592 -3.75529003 30.76896095
v -5.00537014 -3.84761000 30.56089020
v -4.87955523 -4.10294819 30.29153061
v -5.00537014 -3.84761000 30.56089020
v -6.09234285 -3.78476191 29.56324005
v -6.15644884 -3.65466189 29.70047951
v -6.09234285 -3.78476191 29.56324005
v -6.15644884 -3.65466189 29.70047951
v -6.64327478 -3.54832792 29.15405083
v -6.67547798 -3.48297191 29.22299957
v -6.64327478 -3.54832792 29.15405083
v -4.72482014 -4.71339893 29.30764961
v -4.73791981 -4.54003000 29.65885925
v -6.01350212 -4.09580088 29.06192017
v -6.02017689 -4.00746489 29.24087906
v -6.01350212 -4.09580088 29.06192017
v -6.02017689 -4.00746489 29.24087906
v -6.60366917 -3.70457792 28.90221977
v -6.60702276 -3.66020298 28.99210930
v -6.60366917 -3.70457792 28.90221977
v -6.60702276 -3.66020298 28.99210930
v -7.15027714 -3.26317596 28.71989059
v -4.44969320 -4.92784691 29.06189919
v -3.33239794 -5.09288788 29.44787025
v -4.72482014 -4.71339893 29.30764961
v -4.72482014 -4.71339893 29.30764961
v -3.33239794 -5.09288788 29.44787025
v -3.65292907 -4.68313217 30.11174011
v -4.72482014 -4.71339893 29.30764961
v -3.65292907 -4.68313217 30.11174011
v -4.73791981 -4.54003000 29.65885925
v -4.73791981 -4.54003000 29.65885925
v -3.65292907 -4.68313217 30.11174011
v -4.78982687 -4.33523989 29.98892975
v -4.73791981 -4.54003000 29.65885925
v -4.78982687 -4.33523989 29.98892975
v -6.02017689 -4.00746489 29.24087906
v -6.04662514 -3.90312004 29.40904999
v -6.02017689 -4.00746489 29.24087906
v -6.04662514 -3.90312004 29.40904999
v -6.60702276 -3.66020298 28.99210930
v -6.62030888 -3.60778499 29.07659912
v -6.60702276 -3.66020298 28.99210930
v 3.03320599 -8.53547764 10.95545006
v -3.03323698 -8.53547764 10.95545006
v -6.88518000 -7.35513496 9.77511215
v -3.49474692 -8.51993084 10.93990040
v -3.57133102 -8.51432896 10.93430042
v -4.72003603 -8.32523155 10.74520969
v -5.11917496 -8.21153641 10.63150978
v -5.79182720 -7.95848083 10.37845993
v -6.05246878 -7.83788204 10.25786018
v 6.88514423 -7.35513496 9.77511215
v 6.35229206 -7.68199921 10.10196972
v 6.05243397 -7.83788204 10.25786018
v 5.30967283 -8.14795208 10.56791973
v 5.11914206 -8.21153355 10.63150978
v 3.57129908 -8.51432800 10.93430042
v 4.19790697 -8.43589211 10.85587025
v -4.09865093 -8.45221519 10.87219048
v -4.61560011 -8.35076237 10.77073956
v 7.46951103 -7.45951796 10.48221970
v 7.46882391 -7.45856380 10.53069019
v 7.45825005 -7.46714878 10.50654984
v 7.45825005 -7.46714878 10.50654984
v 7.44715786 -7.47515583 10.48221970
v 7.46951103 -7.45951796 10.48221970
v 7.46951103 -7.45951796 10.48221970
v 7.44715786 -7.47515583 10.48221970
v 7.36010599 -7.51236486 10.31688976
v 7.46951103 -7.45951796 10.48221970
v 7.36010599 -7.51236486 10.31688976
v 7.43624592 -7.41332293 10.14962959
v 7.43624592 -7.41332293 10.14962959
v 7.36010599 -7.51236486 10.31688976
v 7.19981909 -7.50956202 10.08380032
v 7.43624592 -7.41332293 10.14962959
v 7.19981909 -7.50956202 10.08380032
v 7.34790611 -7.29064894 9.87156963
v 7.34790611 -7.29064894 9.87156963
v 7.19981909 -7.50956202 10.08380032
v 7.19393587 -7.34036398 9.83005428
v 7.34790611 -7.29064894 9.87156963
v 7.19393587 -7.34036398 9.83005428
v 7.30825186 -7.23558187 9.79246521
v 7.30825186 -7.23558187 9.79246521
v 7.19393587 -7.34036398 9.83005428
v 7.20054722 -7.08601713 9.64038181
v 7.19981909 -7.50956202 10.08380032
v 7.05417490 -7.45815420 9.92085838
v 7.19393587 -7.34036398 9.83005428
v 7.19393587 -7.34036398 9.83005428
v 7.05417490 -7.45815420 9.92085838
v 6.88514423 -7.35513496 9.77511215
v 7.19393587 -7.34036398 9.83005428
v 6.88514423 -7.35513496 9.77511215
v 7.20054722 -7.08601713 9.64038181
v 7.20054722 -7.08601713 9.64038181
v 6.88514423 -7.35513496 9.77511215
v 6.88514423 -7.03071213 9.55834007
v 7.20054722 -7.08601713 9.64038181
v 6.88514423 -7.03071213 9.55834007
v 7.13090897 -6.98931313 9.57495403
v 7.13090897 -6.98931313 9.57495403
v 6.88514423 -7.03071213 9.55834007
v 6.88514423 -7.00169611 9.54684830
v 7.13090897 -6.98931313 9.57495403
v 6.88514423 -7.00169611 9.54684830
v 7.10598183 -6.95469809 9.55637455
v 7.10598183 -6.95469809 9.55637455
v 6.88514423 -7.00169611 9.54684830
v 6.88514423 -6.64802790 9.48221684
v 10.39321995 -1.37931395 9.89526653
v 10.30389977 -1.37931097 9.78856659
v 10.30389977 2.00000000 9.78856277
v 9.89673424 -1.37930202 9.53251076
v 9.58358860 -1.37929595 9.48221684
v 9.58557034 2.00000000 9.48221684
v 9.89673424 -1.37930202 9.53251076
v 9.58557034 2.00000000 9.48221684
v 9.97049427 2.00000000 9.56009483
v 9.89673424 -1.37930202 9.53251076
v 9.97049427 2.00000000 9.56009483
v 9.96128082 -1.37930298 9.55628586
v 9.96128082 -1.37930298 9.55628586
v 9.97049427 2.00000000 9.56009483
v 10.30389977 2.00000000 9.78856277
v 9.96128082 -1.37930298 9.55628586
v 10.30389977 2.00000000 9.78856277
v 10.17496014 -1.37930799 9.67581558
v 10.17496014 -1.37930799 9.67581558
v 10.30389977 2.00000000 9.78856277
v 10.30389977 -1.37931097 9.78856659
v 10.39321995 -1.37931395 9.89526653
v 10.30389977 2.00000000 9.78856277
v 10.53297043 -1.37932003 10.16808987
v 10.53297043 -1.37932003 10.16808987
v 10.30389977 2.00000000 9.78856277
v 10.51963997 2.00000000 10.13035011
v 10.53297043 -1.37932003 10.16808987
v 10.51963997 2.00000000 10.13035011
v 10.58318996 -1.37932599 10.45394993
v 10.58318996 -1.37932599 10.45394993
v 10.51963997 2.00000000 10.13035011
v 10.58246994 2.00000000 10.52960968
v 10.58318996 -1.37932599 10.45394993
v 10.58246994 2.00000000 10.52960968
v 10.58246994 -1.37932706 10.52960968
v 9.41744423 1.65694201 27.17663956
v 9.41746330 2.00000000 27.17663002
v 9.29140282 1.65691996 28.01645088
v 9.29140282 1.65691996 28.01645088
v 9.41746330 2.00000000 27.17663002
v 9.35097218 2.00000000 27.69618988
v 9.29140282 1.65691996 28.01645088
v 9.35097218 2.00000000 27.69618988
v 9.07112885 1.65689802 28.83692932
v 9.07112885 1.65689802 28.83692932
v 9.35097218 2.00000000 27.69618988
v 9.16546822 2.00000000 28.52923012
v 9.07112885 1.65689802 28.83692932
v 9.16546822 2.00000000 28.52923012
v 8.75947762 1.65687597 29.62725067
v 7.79761124 2.00000000 31.18073082
v 7.79758120 1.65682805 31.18074989
v 7.88835621 2.00000000 31.06541061
v 7.90635920 1.65683305 31.04196930
v 7.88835621 2.00000000 31.06541061
v 7.90635920 1.65683305 31.04196930
v 8.23906612 2.00000000 30.57049942
v 8.23906612 2.00000000 30.57049942
v 7.90635920 1.65683305 31.04196930
v 8.36044693 1.65685403 30.37725067
v 8.23906612 2.00000000 30.57049942
v 8.36044693 1.65685403 30.37725067
v 8.55695057 2.00000000 30.03342056
v 8.55695057 2.00000000 30.03342056
v 8.36044693 1.65685403 30.37725067
v 8.55695057 1.65686405 30.03342056
v 8.55695057 2.00000000 30.03342056
v 8.55695057 1.65686405 30.03342056
v 8.67430115 2.00000000 29.80563927
v 8.67430115 2.00000000 29.80563927
v 8.55695057 1.65686405 30.03342056
v 8.75947762 1.65687597 29.62725067
v 8.67430115 2.00000000 29.80563927
v 8.75947762 1.65687597 29.62725067
v 8.91057968 2.00000000 29.27655029
v 8.91057968 2.00000000 29.27655029
v 8.75947762 1.65687597 29.62725067
v 9.16546822 2.00000000 28.52923012
v -2.87998295 -8.58627701 14.92127037
v -2.86500692 -8.55584431 15.21253014
v -3.52056789 -8.54368019 15.06145954
v -2.65101695 -8.02007771 19.04886055
v -2.59851909 -7.86445189 19.91258049
v -3.20017695 -7.85381699 19.84025002
v -2.38902593 -7.16946077 23.12730026
v -2.29408312 -6.82055616 24.48295021
v -2.82410192 -6.78435707 24.54406929
v -2.65101695 -8.02007771 19.04886055
v -3.20017695 -7.85381699 19.84025002
v -2.73716402 -8.25638962 17.57065010
v -2.87998295 -8.58627701 14.92127037
v -3.52056789 -8.54368019 15.06145954
v -2.98156404 -8.76181602 12.84519005
v -3.77169800 -8.79222584 11.68439007
v -3.65850806 -8.74456406 12.65361977
v -4.26164293 -8.73028469 11.63274002
v -4.26164293 -8.73028469 11.63274002
v -3.65850806 -8.74456406 12.65361977
v -4.35196400 -8.64751720 12.68414021
v -4.26164293 -8.73028469 11.63274002
v -4.35196400 -8.64751720 12.68414021
v -4.41320181 -8.70479870 11.61118031
v -4.41320181 -8.70479870 11.61118031
v -4.35196400 -8.64751720 12.68414021
v -5.05359888 -8.48045158 12.71065998
v -5.11282396 -8.54712391 11.47630978
v -5.11282396 -8.54712391 11.47630978
v -5.05359888 -8.48045158 12.71065998
v -5.43725395 -8.45090866 11.39338017
v -5.43725395 -8.45090866 11.39338017
v -5.05359888 -8.48045158 12.71065998
v -5.75317907 -8.24003315 12.73243046
v -5.43725395 -8.45090866 11.39338017
v -5.75317907 -8.24003315 12.73243046
v -6.28073788 -8.12655735 11.11236000
v -6.28073788 -8.12655735 11.11236000
v -5.75317907 -8.24003315 12.73243046
v -6.51140213 -8.01768017 11.01772976
v -6.51140213 -8.01768017 11.01772976
v -5.75317907 -8.24003315 12.73243046
v -6.43946505 -7.92488384 12.74874973
v -6.51140213 -8.01768017 11.01772976
v -6.43946505 -7.92488384 12.74874973
v -6.53475618 -8.00613880 11.00769997
v -6.53475618 -8.00613880 11.00769997
v -6.43946505 -7.92488384 12.74874973
v -7.10069323 -7.53592920 12.75907040
v -6.53475618 -8.00613880 11.00769997
v -7.10069323 -7.53592920 12.75907040
v -7.46886015 -7.45856380 10.53069019
v -7.46886015 -7.45856380 10.53069019
v -7.10069323 -7.53592920 12.75907040
v -7.72516203 -7.07653522 12.76299000
v -7.46886015 -7.45856380 10.53069019
v -7.72516203 -7.07653522 12.76299000
v -7.91296721 -7.11260700 10.53219032
v -7.91296721 -7.11260700 10.53219032
v -7.72516203 -7.07653522 12.76299000
v -8.30187035 -6.55249691 12.76027966
v -7.91296721 -7.11260700 10.53219032
v -8.30187035 -6.55249691 12.76027966
v -8.54057121 -6.51967287 10.53404045
v -8.54057121 -6.51967287 10.53404045
v -8.30187035 -6.55249691 12.76027966
v -8.82112980 -5.97182417 12.75094032
v -8.54057121 -6.51967287 10.53404045
v -8.82112980 -5.97182417 12.75094032
v -9.09935093 -5.85372591 10.53522015
v -9.09935093 -5.85372591 10.53522015
v -8.82112980 -5.97182417 12.75094032
v -9.27511692 -5.34433317 12.73519039
v -9.31821156 -5.54373217 10.53549957
v -9.31821156 -5.54373217 10.53549957
v -9.27511692 -5.34433317 12.73519039
v -9.56639481 -5.14623785 10.53567028
v -9.56639481 -5.14623785 10.53567028
v -9.27511692 -5.34433317 12.73519039
v -9.65824032 -4.68110704 12.71343040
v -9.56639481 -5.14623785 10.53567028
v -9.65824032 -4.68110704 12.71343040
v -9.76729298 -4.77747297 10.53569031
v -9.76729298 -4.77747297 10.53569031
v -9.65824032 -4.68110704 12.71343040
v -9.96735001 -3.99387097 12.68622017
v -9.76729298 -4.77747297 10.53569031
v -9.96735001 -3.99387097 12.68622017
v -9.94407558 -4.40514803 10.53557014
v -9.94407558 -4.40514803 10.53557014
v -9.96735001 -3.99387097 12.68622017
v -10.20174026 -3.29435301 12.65429020
v -9.94407558 -4.40514803 10.53557014
v -10.20174026 -3.29435301 12.65429020
v -10.22741985 -3.65788388 10.53491020
v -10.22741985 -3.65788388 10.53491020
v -10.20174026 -3.29435301 12.65429020
v -10.36297035 -2.59371090 12.61841965
v -10.22741985 -3.65788388 10.53491020
v -10.36297035 -2.59371090 12.61841965
v -10.43766975 -2.84462404 10.53347015
v -10.43766975 -2.84462404 10.53347015
v -10.36297035 -2.59371090 12.61841965
v -10.45454025 -1.90206099 12.57944012
v -10.43766975 -2.84462404 10.53347015
v -10.45454025 -1.90206099 12.57944012
v -10.55018044 -2.07387400 10.53106022
v -10.55018044 -2.07387400 10.53106022
v -10.45454025 -1.90206099 12.57944012
v -10.52826977 -1.34012306 11.63759041
v -10.58248043 -1.37932897 10.52960968
v -9.60217857 0.98426467 25.11952019
v -9.60217857 0.98426467 25.11952019
v -9.55172157 0.43436131 25.41032982
v -9.35591602 0.94287622 27.42536926
v -9.35591602 0.94287622 27.42536926
v -9.55172157 0.43436131 25.41032982
v -9.44469547 -0.22709820 25.60857964
v -9.35591602 0.94287622 27.42536926
v -9.44469547 -0.22709820 25.60857964
v -9.20360088 0.17722850 27.68408012
v -9.20360088 0.17722850 27.68408012
v -9.44469547 -0.22709820 25.60857964
v -9.26797104 -0.89715642 25.80344009
v -9.20360088 0.17722850 27.68408012
v -9.26797104 -0.89715642 25.80344009
v -8.96226215 -0.57531738 27.92988014
v -5.40974903 -5.32556200 26.85643959
v -5.95144176 -4.19221020 28.93905067
v -6.07820892 -4.95358610 26.79804993
v -6.07820892 -4.95358610 26.79804993
v -6.62391281 -3.71787405 28.83267021
v -6.07820892 -4.95358610 26.79804993
v -6.62391281 -3.71787405 28.83267021
v -6.71159506 -4.51424408 26.71545982
v -6.71159506 -4.51424408 26.71545982
v -6.62391281 -3.71787405 28.83267021
v -7.15027714 -3.26317596 28.71989059
v -6.71159506 -4.51424408 26.71545982
v -7.15027714 -3.26317596 28.71989059
v -7.29879808 -4.01308107 26.60943031
v -7.29879808 -4.01308107 26.60943031
v -7.15027714 -3.26317596 28.71989059
v -7.72283792 -2.65856910 28.55742073
v -7.29879808 -4.01308107 26.60943031
v -7.72283792 -2.65856910 28.55742073
v -7.82997704 -3.45775390 26.48151970
v -7.82997704 -3.45775390 26.48151970
v -7.72283792 -2.65856910 28.55742073
v -8.21884727 -2.00272799 28.36965942
v -7.82997704 -3.45775390 26.48151970
v -8.21884727 -2.00272799 28.36965942
v -8.29710102 -2.85765290 26.33395958
v -8.29710102 -2.85765290 26.33395958
v -8.21884727 -2.00272799 28.36965942
v -8.63319302 -1.30516303 28.15946960
v -8.29710102 -2.85765290 26.33395958
v -8.63319302 -1.30516303 28.15946960
v -8.69433689 -2.22337794 26.16958046
v -8.69433689 -2.22337794 26.16958046
v -8.63319302 -1.30516303 28.15946960
v -8.96226215 -0.57531738 27.92988014
v -8.69433689 -2.22337794 26.16958046
v -8.96226215 -0.57531738 27.92988014
v -9.01828384 -1.56614006 25.99159050
v -9.01828384 -1.56614006 25.99159050
v -8.96226215 -0.57531738 27.92988014
v -9.26797104 -0.89715642 25.80344009
v -4.01461077 -5.85688019 26.90139961
v -4.44969320 -4.92784691 29.06189919
v -4.71796417 -5.62695312 26.89064026
v -4.71796417 -5.62695312 26.89064026
v -4.44969320 -4.92784691 29.06189919
v -4.73926115 -4.81570816 29.04874992
v -4.71796417 -5.62695312 26.89064026
v -4.73926115 -4.81570816 29.04874992
v -5.40974903 -5.32556200 26.85643959
v -5.40974903 -5.32556200 26.85643959
v -4.73926115 -4.81570816 29.04874992
v -5.22403622 -4.59781313 29.01602936
v -5.40974903 -5.32556200 26.85643959
v -5.22403622 -4.59781313 29.01602936
v -5.95144176 -4.19221020 28.93905067
v -2.12761688 -6.16484499 26.73723984
v -1.94951499 -5.40803909 29.00242043
v -2.61687589 -6.10946083 26.85865974
v -2.61687589 -6.10946083 26.85865974
v -1.94951499 -5.40803909 29.00242043
v -2.79655504 -5.33783197 29.05536079
v -2.61687589 -6.10946083 26.85865974
v -2.79655504 -5.33783197 29.05536079
v -3.31087089 -6.01665020 26.89011002
v -3.31087089 -6.01665020 26.89011002
v -2.79655504 -5.33783197 29.05536079
v -3.35332894 -5.24132919 29.07229996
v -3.31087089 -6.01665020 26.89011002
v -3.35332894 -5.24132919 29.07229996
v -4.01461077 -5.85688019 26.90139961
v -4.01461077 -5.85688019 26.90139961
v -3.35332894 -5.24132919 29.07229996
v -3.63728309 -5.17625523 29.07533073
v -4.01461077 -5.85688019 26.90139961
v -3.63728309 -5.17625523 29.07533073
v -4.44969320 -4.92784691 29.06189919
v -10.12176037 -0.60082412 18.45211029
v -10.27052021 -0.94198078 16.19169998
v -10.05370998 -1.11247301 19.06901932
v -10.05370998 -1.11247301 19.06901932
v -10.27052021 -0.94198078 16.19169998
v -10.19921017 -1.46065104 16.91774940
v -10.05370998 -1.11247301 19.06901932
v -10.19921017 -1.46065104 16.91774940
v -9.95569515 -1.79389906 19.18876076
v -10.10363960 -2.14658189 17.01075935
v -9.95569515 -1.79389906 19.18876076
v -10.10363960 -2.14658189 17.01075935
v -9.78800678 -2.48418188 19.30525017
v -9.93841076 -2.84142900 17.10057068
v -9.78800678 -2.48418188 19.30525017
v -9.93841076 -2.84142900 17.10057068
v -9.54724693 -3.17335796 19.41641045
v -9.70007420 -3.53516102 17.18549919
v -9.54724693 -3.17335796 19.41641045
v -9.70007420 -3.53516102 17.18549919
v -9.23196507 -3.85043502 19.52008057
v -9.38713932 -4.21671391 17.26386070
v -9.23196507 -3.85043502 19.52008057
v -9.38713932 -4.21671391 17.26386070
v -8.84297371 -4.50385618 19.61417007
v -9.00038338 -4.87445498 17.33402061
v -8.84297371 -4.50385618 19.61417007
v -9.00038338 -4.87445498 17.33402061
v -8.38353539 -5.12206984 19.69676971
v -8.54302120 -5.49675608 17.39450073
v -8.38353539 -5.12206984 19.69676971
v -8.54302120 -5.49675608 17.39450073
v -7.85933304 -5.69415903 19.76625061
v -8.02070427 -6.07262802 17.44408035
v -7.85933304 -5.69415903 19.76625061
v -8.02070427 -6.07262802 17.44408035
v -7.27828217 -6.21044922 19.82136917
v -7.44131088 -6.59233093 17.48185921
v -7.27828217 -6.21044922 19.82136917
v -7.44131088 -6.59233093 17.48185921
v -6.65013218 -6.66305304 19.86133957
v -6.81456900 -7.04792595 17.50731087
v -6.65013218 -6.66305304 19.86133957
v -6.81456900 -7.04792595 17.50731087
v -5.98592710 -7.04625702 19.88588905
v -6.15150690 -7.43366385 17.52032089
v -5.98592710 -7.04625702 19.88588905
v -6.15150690 -7.43366385 17.52032089
v -5.29739094 -7.35674477 19.89521027
v -5.46383715 -7.74620485 17.52116013
v -5.29739094 -7.35674477 19.89521027
v -5.46383715 -7.74620485 17.52116013
v -4.59628201 -7.59361219 19.88998032
v -4.76331997 -7.98463821 17.51045990
v -4.59628201 -7.59361219 19.88998032
v -4.76331997 -7.98463821 17.51045990
v -3.89381289 -7.75820494 19.87121010
v -4.06118202 -8.15032101 17.48913956
v -3.89381289 -7.75820494 19.87121010
v -4.06118202 -8.15032101 17.48913956
v -3.20017695 -7.85381699 19.84025002
v -3.36762595 -8.24656296 17.45832062
v -3.20017695 -7.85381699 19.84025002
v -3.36762595 -8.24656296 17.45832062
v -2.73716402 -8.25638962 17.57065010
v -10.27052021 -0.94198078 16.19169998
v -10.40618038 -1.18856895 13.91876984
v -10.19921017 -1.46065104 16.91774940
v -10.40618038 -1.18856895 13.91876984
v -10.33296013 -1.72401702 14.75337029
v -10.19921017 -1.46065104 16.91774940
v -10.33296013 -1.72401702 14.75337029
v -10.10363960 -2.14658189 17.01075935
v -10.23954010 -2.41335797 14.81945038
v -10.10363960 -2.14658189 17.01075935
v -10.23954010 -2.41335797 14.81945038
v -9.93841076 -2.84142900 17.10057068
v -10.07647038 -3.11166096 14.88237000
v -9.93841076 -2.84142900 17.10057068
v -10.07647038 -3.11166096 14.88237000
v -9.70007420 -3.53516102 17.18549919
v -9.70007420 -3.53516102 17.18549919
v -10.07647038 -3.11166096 14.88237000
v -9.84025288 -3.80884409 14.94087982
v -9.70007420 -3.53516102 17.18549919
v -9.84025288 -3.80884409 14.94087982
v -9.38713932 -4.21671391 17.26386070
v -9.52937794 -4.49378586 14.99374008
v -9.38713932 -4.21671391 17.26386070
v -9.52937794 -4.49378586 14.99374008
v -9.00038338 -4.87445498 17.33402061
v -9.14458084 -5.15479803 15.03977013
v -9.00038338 -4.87445498 17.33402061
v -9.14458084 -5.15479803 15.03977013
v -8.54302120 -5.49675608 17.39450073
v -8.68904114 -5.78019524 15.07796001
v -8.54302120 -5.49675608 17.39450073
v -8.68904114 -5.78019524 15.07796001
v -8.02070427 -6.07262802 17.44408035
v -8.16837311 -6.35893106 15.10748005
v -8.02070427 -6.07262802 17.44408035
v -8.16837311 -6.35893106 15.10748005
v -7.44131088 -6.59233093 17.48185921
v -7.59042978 -6.88121891 15.12777042
v -7.44131088 -6.59233093 17.48185921
v -7.59042978 -6.88121891 15.12777042
v -6.81456900 -7.04792595 17.50731087
v -6.96491814 -7.33907986 15.13858986
v -6.81456900 -7.04792595 17.50731087
v -6.96491814 -7.33907986 15.13858986
v -6.15150690 -7.43366385 17.52032089
v -6.15150690 -7.43366385 17.52032089
v -6.96491814 -7.33907986 15.13858986
v -6.30284786 -7.72673702 15.13996983
v -6.15150690 -7.43366385 17.52032089
v -6.30284786 -7.72673702 15.13996983
v -5.46383715 -7.74620485 17.52116013
v -5.61593008 -8.04083157 15.13224983
v -5.46383715 -7.74620485 17.52116013
v -5.61593008 -8.04083157 15.13224983
v -4.76331997 -7.98463821 17.51045990
v -4.91592407 -8.28045082 15.11604023
v -4.76331997 -7.98463821 17.51045990
v -4.91592407 -8.28045082 15.11604023
v -4.06118202 -8.15032101 17.48913956
v -4.21406317 -8.44695568 15.09212971
v -4.06118202 -8.15032101 17.48913956
v -4.21406317 -8.44695568 15.09212971
v -3.36762595 -8.24656296 17.45832062
v -3.52056789 -8.54368019 15.06145954
v -3.36762595 -8.24656296 17.45832062
v -3.52056789 -8.54368019 15.06145954
v -2.73716402 -8.25638962 17.57065010
v -2.73716402 -8.25638962 17.57065010
v -3.52056789 -8.54368019 15.06145954
v -2.86500692 -8.55584431 15.21253014
v -10.52826977 -1.34012306 11.63759041
v -10.33296013 -1.72401702 14.75337029
v -10.33296013 -1.72401702 14.75337029
v -10.52826977 -1.34012306 11.63759041
v -10.45454025 -1.90206099 12.57944012
v -10.33296013 -1.72401702 14.75337029
v -10.45454025 -1.90206099 12.57944012
v -10.23954010 -2.41335797 14.81945038
v -10.36297035 -2.59371090 12.61841965
v -10.23954010 -2.41335797 14.81945038
v -10.36297035 -2.59371090 12.61841965
v -10.07647038 -3.11166096 14.88237000
v -10.20174026 -3.29435301 12.65429020
v -10.07647038 -3.11166096 14.88237000
v -10.20174026 -3.29435301 12.65429020
v -9.84025288 -3.80884409 14.94087982
v -9.96735001 -3.99387097 12.68622017
v -9.84025288 -3.80884409 14.94087982
v -9.96735001 -3.99387097 12.68622017
v -9.52937794 -4.49378586 14.99374008
v -9.65824032 -4.68110704 12.71343040
v -9.52937794 -4.49378586 14.99374008
v -9.65824032 -4.68110704 12.71343040
v -9.14458084 -5.15479803 15.03977013
v -9.27511692 -5.34433317 12.73519039
v -9.14458084 -5.15479803 15.03977013
v -9.27511692 -5.34433317 12.73519039
v -8.68904114 -5.78019524 15.07796001
v -8.82112980 -5.97182417 12.75094032
v -8.68904114 -5.78019524 15.07796001
v -8.82112980 -5.97182417 12.75094032
v -8.16837311 -6.35893106 15.10748005
v -8.30187035 -6.55249691 12.76027966
v -8.16837311 -6.35893106 15.10748005
v -8.30187035 -6.55249691 12.76027966
v -7.59042978 -6.88121891 15.12777042
v -7.72516203 -7.07653522 12.76299000
v -7.59042978 -6.88121891 15.12777042
v -7.72516203 -7.07653522 12.76299000
v -6.96491814 -7.33907986 15.13858986
v -7.10069323 -7.53592920 12.75907040
v -6.96491814 -7.33907986 15.13858986
v -7.10069323 -7.53592920 12.75907040
v -6.30284786 -7.72673702 15.13996983
v -6.43946505 -7.92488384 12.74874973
v -6.30284786 -7.72673702 15.13996983
v -6.43946505 -7.92488384 12.74874973
v -5.61593008 -8.04083157 15.13224983
v -5.75317907 -8.24003315 12.73243046
v -5.61593008 -8.04083157 15.13224983
v -5.75317907 -8.24003315 12.73243046
v -4.91592407 -8.28045082 15.11604023
v -5.05359888 -8.48045158 12.71065998
v -4.91592407 -8.28045082 15.11604023
v -5.05359888 -8.48045158 12.71065998
v -4.21406317 -8.44695568 15.09212971
v -4.35196400 -8.64751720 12.68414021
v -4.21406317 -8.44695568 15.09212971
v -4.35196400 -8.64751720 12.68414021
v -3.52056789 -8.54368019 15.06145954
v -3.65850806 -8.74456406 12.65361977
v -3.65850806 -8.74456406 12.65361977
v -2.98156404 -8.76181602 12.84519005
v -3.65850806 -8.74456406 12.65361977
v -3.77169800 -8.79222584 11.68439007
v -2.98156404 -8.76181602 12.84519005
v -3.77169800 -8.79222584 11.68439007
v -3.03323889 -8.82721519 11.71067047
v -9.78696823 0.36296391 22.91959953
v -9.96035099 -0.16556729 20.69622040
v -9.72938824 -0.16418490 23.31859970
v -9.89691353 -0.68006963 21.20372963
v -9.72938824 -0.16418490 23.31859970
v -9.89691353 -0.68006963 21.20372963
v -9.62562847 -0.83336210 23.49099922
v -9.79616356 -1.35590601 21.34995079
v -9.62562847 -0.83336210 23.49099922
v -9.79616356 -1.35590601 21.34995079
v -9.45218182 -1.51123798 23.66006088
v -9.45218182 -1.51123798 23.66006088
v -9.79616356 -1.35590601 21.34995079
v -9.62573624 -2.04052901 21.49287033
v -9.45218182 -1.51123798 23.66006088
v -9.62573624 -2.04052901 21.49287033
v -9.20573711 -2.18802691 23.82287025
v -9.20573711 -2.18802691 23.82287025
v -9.62573624 -2.04052901 21.49287033
v -9.38226795 -2.72405291 21.62999916
v -9.20573711 -2.18802691 23.82287025
v -9.38226795 -2.72405291 21.62999916
v -8.88493347 -2.85293293 23.97639084
v -8.88493347 -2.85293293 23.97639084
v -9.38226795 -2.72405291 21.62999916
v -9.06435776 -3.39557600 21.75872993
v -8.88493347 -2.85293293 23.97639084
v -9.06435776 -3.39557600 21.75872993
v -8.49069118 -3.49460912 24.11763000
v -8.49069118 -3.49460912 24.11763000
v -9.06435776 -3.39557600 21.75872993
v -8.67286873 -4.04363823 21.87652969
v -8.49069118 -3.49460912 24.11763000
v -8.67286873 -4.04363823 21.87652969
v -8.02635860 -4.10171080 24.24379921
v -8.21110439 -4.65678215 21.98103905
v -8.02635860 -4.10171080 24.24379921
v -8.21110439 -4.65678215 21.98103905
v -7.49771500 -4.66351700 24.35247993
v -7.49771500 -4.66351700 24.35247993
v -8.21110439 -4.65678215 21.98103905
v -7.68478823 -5.22417879 22.07024002
v -7.49771500 -4.66351700 24.35247993
v -7.68478823 -5.22417879 22.07024002
v -6.91274977 -5.17052794 24.44175911
v -7.10187721 -5.73623610 22.14253044
v -6.91274977 -5.17052794 24.44175911
v -7.10187721 -5.73623610 22.14253044
v -6.28126907 -5.61499500 24.51032066
v -6.47214413 -6.18512583 22.19688034
v -6.28126907 -5.61499500 24.51032066
v -6.47214413 -6.18512583 22.19688034
v -5.61435986 -5.99131203 24.55756950
v -5.80665588 -6.56518793 22.23284912
v -5.61435986 -5.99131203 24.55756950
v -5.80665588 -6.56518793 22.23284912
v -4.92376089 -6.29621887 24.58358955
v -5.11714077 -6.87312984 22.25057030
v -4.92376089 -6.29621887 24.58358955
v -5.11714077 -6.87312984 22.25057030
v -4.22123003 -6.52882910 24.58909035
v -4.41535902 -7.10805511 22.25073051
v -4.22123003 -6.52882910 24.58909035
v -4.41535902 -7.10805511 22.25073051
v -3.51795912 -6.69046402 24.57534981
v -3.71251297 -7.27129698 22.23448944
v -3.51795912 -6.69046402 24.57534981
v -3.71251297 -7.27129698 22.23448944
v -2.82410192 -6.78435707 24.54406929
v -3.01877594 -7.36612606 22.20336914
v -2.82410192 -6.78435707 24.54406929
v -3.01877594 -7.36612606 22.20336914
v -2.38902593 -7.16946077 23.12730026
v -2.38902593 -7.16946077 23.12730026
v -3.01877594 -7.36612606 22.20336914
v -2.45123506 -7.38719177 22.20735931
v -9.60217857 0.98426467 25.11952019
v -9.78696823 0.36296391 22.91959953
v -9.55172157 0.43436131 25.41032982
v -9.72938824 -0.16418490 23.31859970
v -9.55172157 0.43436131 25.41032982
v -9.72938824 -0.16418490 23.31859970
v -9.44469547 -0.22709820 25.60857964
v -9.62562847 -0.83336210 23.49099922
v -9.44469547 -0.22709820 25.60857964
v -9.62562847 -0.83336210 23.49099922
v -9.26797104 -0.89715642 25.80344009
v -9.45218182 -1.51123798 23.66006088
v -9.26797104 -0.89715642 25.80344009
v -9.45218182 -1.51123798 23.66006088
v -9.01828384 -1.56614006 25.99159050
v -9.20573711 -2.18802691 23.82287025
v -9.01828384 -1.56614006 25.99159050
v -9.20573711 -2.18802691 23.82287025
v -8.69433689 -2.22337794 26.16958046
v -8.88493347 -2.85293293 23.97639084
v -8.69433689 -2.22337794 26.16958046
v -8.88493347 -2.85293293 23.97639084
v -8.29710102 -2.85765290 26.33395958
v -8.49069118 -3.49460912 24.11763000
v -8.29710102 -2.85765290 26.33395958
v -8.49069118 -3.49460912 24.11763000
v -7.82997704 -3.45775390 26.48151970
v -7.82997704 -3.45775390 26.48151970
v -8.49069118 -3.49460912 24.11763000
v -8.02635860 -4.10171080 24.24379921
v -7.82997704 -3.45775390 26.48151970
v -8.02635860 -4.10171080 24.24379921
v -7.29879808 -4.01308107 26.60943031
v -7.49771500 -4.66351700 24.35247993
v -7.29879808 -4.01308107 26.60943031
v -7.49771500 -4.66351700 24.35247993
v -6.71159506 -4.51424408 26.71545982
v -6.91274977 -5.17052794 24.44175911
v -6.71159506 -4.51424408 26.71545982
v -6.91274977 -5.17052794 24.44175911
v -6.07820892 -4.95358610 26.79804993
v -6.28126907 -5.61499500 24.51032066
v -6.07820892 -4.95358610 26.79804993
v -6.28126907 -5.61499500 24.51032066
v -5.40974903 -5.32556200 26.85643959
v -5.61435986 -5.99131203 24.55756950
v -5.40974903 -5.32556200 26.85643959
v -5.61435986 -5.99131203 24.55756950
v -4.71796417 -5.62695312 26.89064026
v -4.71796417 -5.62695312 26.89064026
v -5.61435986 -5.99131203 24.55756950
v -4.92376089 -6.29621887 24.58358955
v -4.71796417 -5.62695312 26.89064026
v -4.92376089 -6.29621887 24.58358955
v -4.01461077 -5.85688019 26.90139961
v -4.22123003 -6.52882910 24.58909035
v -4.01461077 -5.85688019 26.90139961
v -4.22123003 -6.52882910 24.58909035
v -3.31087089 -6.01665020 26.89011002
v -3.51795912 -6.69046402 24.57534981
v -3.31087089 -6.01665020 26.89011002
v -3.51795912 -6.69046402 24.57534981
v -2.61687589 -6.10946083 26.85865974
v -2.61687589 -6.10946083 26.85865974
v -3.51795912 -6.69046402 24.57534981
v -2.82410192 -6.78435707 24.54406929
v -2.61687589 -6.10946083 26.85865974
v -2.82410192 -6.78435707 24.54406929
v -2.12761688 -6.16484499 26.73723984
v -2.12761688 -6.16484499 26.73723984
v -2.82410192 -6.78435707 24.54406929
v -2.29408312 -6.82055616 24.48295021
v -9.96035099 -0.16556729 20.69622040
v -10.12176037 -0.60082412 18.45211029
v -9.89691353 -0.68006963 21.20372963
v -10.05370998 -1.11247301 19.06901932
v -9.89691353 -0.68006963 21.20372963
v -10.05370998 -1.11247301 19.06901932
v -9.79616356 -1.35590601 21.34995079
v -9.79616356 -1.35590601 21.34995079
v -10.05370998 -1.11247301 19.06901932
v -9.95569515 -1.79389906 19.18876076
v -9.79616356 -1.35590601 21.34995079
v -9.95569515 -1.79389906 19.18876076
v -9.62573624 -2.04052901 21.49287033
v -9.78800678 -2.48418188 19.30525017
v -9.62573624 -2.04052901 21.49287033
v -9.78800678 -2.48418188 19.30525017
v -9.38226795 -2.72405291 21.62999916
v -9.54724693 -3.17335796 19.41641045
v -9.38226795 -2.72405291 21.62999916
v -9.54724693 -3.17335796 19.41641045
v -9.06435776 -3.39557600 21.75872993
v -9.23196507 -3.85043502 19.52008057
v -9.06435776 -3.39557600 21.75872993
v -9.23196507 -3.85043502 19.52008057
v -8.67286873 -4.04363823 21.87652969
v -8.84297371 -4.50385618 19.61417007
v -8.67286873 -4.04363823 21.87652969
v -8.84297371 -4.50385618 19.61417007
v -8.21110439 -4.65678215 21.98103905
v -8.38353539 -5.12206984 19.69676971
v -8.21110439 -4.65678215 21.98103905
v -8.38353539 -5.12206984 19.69676971
v -7.68478823 -5.22417879 22.07024002
v -7.68478823 -5.22417879 22.07024002
v -8.38353539 -5.12206984 19.69676971
v -7.85933304 -5.69415903 19.76625061
v -7.68478823 -5.22417879 22.07024002
v -7.85933304 -5.69415903 19.76625061
v -7.10187721 -5.73623610 22.14253044
v -7.27828217 -6.21044922 19.82136917
v -7.10187721 -5.73623610 22.14253044
v -7.27828217 -6.21044922 19.82136917
v -6.47214413 -6.18512583 22.19688034
v -6.65013218 -6.66305304 19.86133957
v -6.47214413 -6.18512583 22.19688034
v -6.65013218 -6.66305304 19.86133957
v -5.80665588 -6.56518793 22.23284912
v -5.98592710 -7.04625702 19.88588905
v -5.80665588 -6.56518793 22.23284912
v -5.98592710 -7.04625702 19.88588905
v -5.11714077 -6.87312984 22.25057030
v -5.29739094 -7.35674477 19.89521027
v -5.11714077 -6.87312984 22.25057030
v -5.29739094 -7.35674477 19.89521027
v -4.41535902 -7.10805511 22.25073051
v -4.59628201 -7.59361219 19.88998032
v -4.41535902 -7.10805511 22.25073051
v -4.59628201 -7.59361219 19.88998032
v -3.71251297 -7.27129698 22.23448944
v -3.89381289 -7.75820494 19.87121010
v -3.71251297 -7.27129698 22.23448944
v -3.89381289 -7.75820494 19.87121010
v -3.01877594 -7.36612606 22.20336914
v -3.20017695 -7.85381699 19.84025002
v -3.01877594 -7.36612606 22.20336914
v -3.20017695 -7.85381699 19.84025002
v -2.45123506 -7.38719177 22.20735931
v -2.45123506 -7.38719177 22.20735931
v -3.20017695 -7.85381699 19.84025002
v -2.59851909 -7.86445189 19.91258049
v 3.03320503 -8.82721424 11.71067047
v -3.03323889 -8.82721519 11.71067047
v 3.03320599 -8.82837200 11.66256046
v -3.03323793 -8.82837200 11.66256046
v 3.03320599 -8.82837200 11.66256046
v -3.03323793 -8.82837200 11.66256046
v 3.03320694 -8.76208973 11.30455017
v -3.03323793 -8.76208878 11.30455017
v 3.03320694 -8.76208973 11.30455017
v -3.03323793 -8.76208878 11.30455017
v -3.03323698 -8.53547764 10.95545006
v 3.03320599 -8.53547764 10.95545006
v 2.31845999 -3.61116791 32.10023117
v 2.57548594 -3.15851998 32.49919891
v 1.85083997 -3.04365396 32.78527069
v 1.79411805 -1.01284206 34.12355042
v 1.68829501 -1.58234096 33.86145020
v 2.29432106 -1.64948595 33.69707108
v 7.04374504 -0.75273699 31.43401909
v 7.16512489 -0.47818550 31.43364906
v 6.73800802 -0.28710631 31.93243980
v 0.49858910 -4.58048391 31.00749016
v -0.00004017 -4.69976807 30.79089928
v -0.00003674 -5.01601601 30.07055092
v 0.59228861 -4.24316120 31.55831909
v -0.00004280 -4.26013613 31.55042076
v -0.00004017 -4.69976807 30.79089928
v 0.86077708 -2.95106411 33.01390839
v -0.00004426 -3.14221191 32.87957001
v 0.77446502 -3.42385507 32.56763077
v 0.77446502 -3.42385507 32.56763077
v -0.00004426 -3.14221191 32.87957001
v -0.00004415 -3.73775697 32.24987030
v 1.01823294 -1.91563201 33.76277924
v -0.00004101 -1.76936400 33.90386963
v -0.00004319 -2.48281407 33.43275833
v 1.29761302 0.83874941 34.74554062
v 0.33787349 1.99948096 34.91411972
v 0.62541503 0.86729991 34.81441879
v 0.62541503 0.86729991 34.81441879
v 0.33787349 1.99948096 34.91411972
v -0.00002172 2.00001001 34.91994095
v 0.62541503 0.86729991 34.81441879
v -0.00002172 2.00001001 34.91994095
v -0.00002293 1.41835594 34.89725113
v 2.78807902 0.70138508 34.41259003
v 2.26162791 1.97533095 34.66073990
v 2.05199909 0.78225082 34.60892868
v 2.05199909 0.78225082 34.60892868
v 2.26162791 1.97533095 34.66073990
v 1.47941303 1.98952699 34.80992126
v 2.05199909 0.78225082 34.60892868
v 1.47941303 1.98952699 34.80992126
v 1.29761302 0.83874941 34.74554062
v 1.29761302 0.83874941 34.74554062
v 1.47941303 1.98952699 34.80992126
v 1.31006896 1.99181998 34.83378983
v 1.29761302 0.83874941 34.74554062
v 1.31006896 1.99181998 34.83378983
v 0.33787349 1.99948096 34.91411972
v 2.94832611 1.91616702 34.47528076
v 4.09873819 1.73732495 34.03895187
v 3.18381810 1.95093703 34.39957809
v 3.18381810 1.95093703 34.39957809
v 4.09873819 1.73732495 34.03895187
v 3.40634799 1.94369602 34.32191849
v 3.40634799 1.94369602 34.32191849
v 4.09873819 1.73732495 34.03895187
v 4.04846621 1.91962004 34.06375122
v 4.04846621 1.91962004 34.06375122
v 4.09873819 1.73732495 34.03895187
v 4.83156109 1.58692801 33.66860962
v 4.92708302 1.87864196 33.62186050
v 7.36562300 0.03317159 31.41242981
v 7.57284498 0.67595631 31.34977913
v 7.12193823 0.87665421 31.87270927
v 7.12193823 0.87665421 31.87270927
v 7.57284498 0.67595631 31.34977913
v 7.61800098 0.83991611 31.32761955
v 4.92708302 1.87864196 33.62186050
v 4.83156109 1.58692801 33.66860962
v 5.19867992 1.86387897 33.46242142
v 5.19867992 1.86387897 33.46242142
v 4.83156109 1.58692801 33.66860962
v 5.52149105 1.41565704 33.24283981
v 5.19867992 1.86387897 33.46242142
v 5.52149105 1.41565704 33.24283981
v 5.73563719 1.83146906 33.11156082
v 5.73563719 1.83146906 33.11156082
v 5.52149105 1.41565704 33.24283981
v 6.59064817 1.08163095 32.39942169
v 6.47582388 1.77917695 32.53985977
v 6.47582388 1.77917695 32.53985977
v 6.59064817 1.08163095 32.39942169
v 7.12193823 0.87665421 31.87270927
v 6.47582388 1.77917695 32.53985977
v 7.12193823 0.87665421 31.87270927
v 7.15523100 1.72185898 31.90586090
v 7.15523100 1.72185898 31.90586090
v 7.12193823 0.87665421 31.87270927
v 7.61800098 0.83991611 31.32761955
v 7.15523100 1.72185898 31.90586090
v 7.61800098 0.83991611 31.32761955
v 7.79758120 1.65682805 31.18074989
v 7.04374504 -0.75273699 31.43401909
v 6.21253586 -1.41626298 31.84749031
v 6.65649700 -1.50772595 31.39212990
v 6.65649700 -1.50772595 31.39212990
v 6.21253586 -1.41626298 31.84749031
v 5.89922905 -1.95663798 31.74905968
v 6.65649700 -1.50772595 31.39212990
v 5.89922905 -1.95663798 31.74905968
v 6.20884705 -2.22210693 31.28727913
v 6.20884705 -2.22210693 31.28727913
v 5.89922905 -1.95663798 31.74905968
v 5.55502796 -2.47369504 31.61338997
v 6.20884705 -2.22210693 31.28727913
v 5.55502796 -2.47369504 31.61338997
v 5.70853710 -2.88430190 31.12158012
v 3.47499800 -3.36611605 31.97509956
v 3.74285102 -3.99541092 31.11554909
v 4.15399885 -3.58297610 31.41720009
v 4.15399885 -3.58297610 31.41720009
v 3.74285102 -3.99541092 31.11554909
v 4.56694603 -4.03128481 30.61347961
v 4.15399885 -3.58297610 31.41720009
v 4.56694603 -4.03128481 30.61347961
v 5.15839577 -3.49074507 30.89583969
v 2.42871499 -4.95745611 30.02216911
v 1.61966705 -5.26840019 29.39011955
v 2.62341809 -5.19198990 29.46651077
v 2.62341809 -5.19198990 29.46651077
v 1.61966705 -5.26840019 29.39011955
v 1.94948006 -5.40804005 29.00241089
v 1.24075699 -5.15682411 29.69404030
v 1.61966705 -5.26840019 29.39011955
v 2.02596688 -4.82673311 30.36922073
v 2.02596688 -4.82673311 30.36922073
v 2.02596688 -4.82673311 30.36922073
v 2.42871499 -4.95745611 30.02216911
v 2.40083694 -4.53333712 30.81574059
v 2.57548594 -3.15851998 32.49919891
v 2.02413297 -2.55186296 33.16144180
v 1.85083997 -3.04365396 32.78527069
v 1.85083997 -3.04365396 32.78527069
v 2.02413297 -2.55186296 33.16144180
v 1.48927295 -2.49237704 33.30791855
v 1.36162496 -2.98911500 32.92016983
v 1.36162496 -2.98911500 32.92016983
v 1.48927295 -2.49237704 33.30791855
v 0.94154680 -2.45086002 33.40972900
v 2.05481791 -4.01692200 31.66917038
v 1.66565597 -3.50741100 32.36009979
v 1.47570503 -3.92460990 31.90204048
v 1.47570503 -3.92460990 31.90204048
v 1.66565597 -3.50741100 32.36009979
v 0.77446502 -3.42385507 32.56763077
v 0.68593132 -3.85035706 32.08781815
v 0.68593132 -3.85035706 32.08781815
v 0.77446502 -3.42385507 32.56763077
v -0.00004415 -3.73775697 32.24987030
v 0.68593132 -3.85035706 32.08781815
v -0.00004415 -3.73775697 32.24987030
v -0.00004280 -4.26013613 31.55042076
v -0.00004017 -4.69976807 30.79089928
v 0.49858910 -4.58048391 31.00749016
v 0.59228861 -4.24316120 31.55831909
v 0.59228861 -4.24316120 31.55831909
v 0.49858910 -4.58048391 31.00749016
v 1.07375896 -4.63493299 30.86803055
v 1.27479303 -4.30753279 31.39563942
v 1.27479303 -4.30753279 31.39563942
v 1.07375896 -4.63493299 30.86803055
v 1.49693799 -4.70288181 30.69268036
v 1.77596295 -4.38769102 31.19146919
v 3.29127192 -4.88739920 29.89419937
v 3.94189811 -4.49883604 30.27816010
v 2.87505293 -4.68648386 30.41375923
v 2.87505293 -4.68648386 30.41375923
v 3.94189811 -4.49883604 30.27816010
v 3.32112002 -4.35972881 30.78482056
v 2.87505293 -4.68648386 30.41375923
v 3.32112002 -4.35972881 30.78482056
v 2.77548003 -4.18426514 31.24144936
v 2.77548003 -4.18426514 31.24144936
v 3.32112002 -4.35972881 30.78482056
v 3.12968302 -3.79893804 31.62358093
v 2.77548003 -4.18426514 31.24144936
v 3.12968302 -3.79893804 31.62358093
v 2.31845999 -3.61116791 32.10023117
v 2.43798494 -1.08402705 33.94974136
v 2.43798494 -1.08402705 33.94974136
v 2.29432106 -1.64948595 33.69707108
v 3.19101405 -1.79071903 33.34891891
v 3.39041209 -1.23370397 33.58171844
v 3.39041209 -1.23370397 33.58171844
v 3.19101405 -1.79071903 33.34891891
v 3.76292205 -1.90967798 33.05298996
v 3.99766803 -1.35972595 33.26903152
v 3.99766803 -1.35972595 33.26903152
v 3.76292205 -1.90967798 33.05298996
v 4.30196095 -2.04535508 32.71234131
v 3.99766803 -1.35972595 33.26903152
v 4.30196095 -2.04535508 32.71234131
v 4.56985283 -1.50340295 32.90919113
v 4.56985283 -1.50340295 32.90919113
v 4.30196095 -2.04535508 32.71234131
v 5.13861895 -2.31057000 32.03630829
v 4.56985283 -1.50340295 32.90919113
v 5.13861895 -2.31057000 32.03630829
v 5.45758390 -1.78409398 32.19541168
v 2.81600690 -2.67707705 32.85099030
v 3.03827810 -3.25542402 32.25572968
v 3.32143688 -2.78263688 32.58692169
v 3.32143688 -2.78263688 32.58692169
v 3.03827810 -3.25542402 32.25572968
v 3.47499800 -3.36611605 31.97509956
v 3.79813910 -2.90313601 32.28271866
v 3.79813910 -2.90313601 32.28271866
v 3.47499800 -3.36611605 31.97509956
v 4.15399885 -3.58297610 31.41720009
v 4.53874493 -3.13897896 31.67841911
v 4.53874493 -3.13897896 31.67841911
v 4.15399885 -3.58297610 31.41720009
v 5.15839577 -3.49074507 30.89583969
v 4.53874493 -3.13897896 31.67841911
v 5.15839577 -3.49074507 30.89583969
v 5.70853710 -2.88430190 31.12158012
v 1.06747794 -1.53545702 33.97573853
v 1.68829501 -1.58234096 33.86145020
v 1.13443804 -0.96312797 34.24441910
v 1.79411805 -1.01284206 34.12355042
v 1.13443804 -0.96312797 34.24441910
v 1.79411805 -1.01284206 34.12355042
v 1.19538796 -0.37284151 34.46281815
v -0.00004280 -4.26013613 31.55042076
v 0.59228861 -4.24316120 31.55831909
v 0.68593132 -3.85035706 32.08781815
v 0.68593132 -3.85035706 32.08781815
v 0.59228861 -4.24316120 31.55831909
v 1.27479303 -4.30753279 31.39563942
v 1.47570503 -3.92460990 31.90204048
v 1.47570503 -3.92460990 31.90204048
v 1.27479303 -4.30753279 31.39563942
v 1.77596295 -4.38769102 31.19146919
v 2.05481791 -4.01692200 31.66917038
v -0.00003674 -5.01601601 30.07055092
v 0.38306981 -5.02853107 30.03738976
v 0.49858910 -4.58048391 31.00749016
v 0.49858910 -4.58048391 31.00749016
v 0.38306981 -5.02853107 30.03738976
v 0.82163602 -5.07551003 29.91239929
v 0.82163602 -5.07551003 29.91239929
v 1.07375896 -4.63493299 30.86803055
v 1.07375896 -4.63493299 30.86803055
v 0.82163602 -5.07551003 29.91239929
v 1.24075699 -5.15682411 29.69404030
v 1.07375896 -4.63493299 30.86803055
v 1.24075699 -5.15682411 29.69404030
v 1.49693799 -4.70288181 30.69268036
v 1.49693799 -4.70288181 30.69268036
v 1.24075699 -5.15682411 29.69404030
v 2.02596688 -4.82673311 30.36922073
v 1.49693799 -4.70288181 30.69268036
v 2.02596688 -4.82673311 30.36922073
v 1.77596295 -4.38769102 31.19146919
v 1.77596295 -4.38769102 31.19146919
v 2.02596688 -4.82673311 30.36922073
v 2.40083694 -4.53333712 30.81574059
v 1.77596295 -4.38769102 31.19146919
v 2.40083694 -4.53333712 30.81574059
v 2.05481791 -4.01692200 31.66917038
v -0.00002293 1.41835594 34.89725113
v -0.00002676 0.87589228 34.83512115
v 0.62541503 0.86729991 34.81441879
v 0.62541503 0.86729991 34.81441879
v -0.00002676 0.87589228 34.83512115
v -0.00002865 0.59236312 34.78657150
v 0.62541503 0.86729991 34.81441879
v -0.00002865 0.59236312 34.78657150
v 1.29761302 0.83874941 34.74554062
v 1.29761302 0.83874941 34.74554062
v -0.00002865 0.59236312 34.78657150
v 1.19538796 -0.37284151 34.46281815
v 1.29761302 0.83874941 34.74554062
v 1.19538796 -0.37284151 34.46281815
v 2.05199909 0.78225082 34.60892868
v 1.89044404 -0.42511261 34.33600998
v 2.05199909 0.78225082 34.60892868
v 1.89044404 -0.42511261 34.33600998
v 2.78807902 0.70138508 34.41259003
v 2.78807902 0.70138508 34.41259003
v 1.89044404 -0.42511261 34.33600998
v 2.56875491 -0.49994621 34.15370178
v 2.78807902 0.70138508 34.41259003
v 2.56875491 -0.49994621 34.15370178
v 3.87632394 0.53147131 33.99710083
v 3.87632394 0.53147131 33.99710083
v 2.56875491 -0.49994621 34.15370178
v 3.57191300 -0.65725219 33.76776886
v 3.87632394 0.53147131 33.99710083
v 3.57191300 -0.65725219 33.76776886
v 4.56971884 0.38853151 33.64432907
v 4.21134520 -0.78965318 33.43994141
v 4.56971884 0.38853151 33.64432907
v 4.21134520 -0.78965318 33.43994141
v 5.22267723 0.22569899 33.23865128
v 5.22267723 0.22569899 33.23865128
v 4.21134520 -0.78965318 33.43994141
v 4.81370115 -0.94055402 33.06280136
v 5.22267723 0.22569899 33.23865128
v 4.81370115 -0.94055402 33.06280136
v 6.23486614 -0.09203130 32.43470001
v 5.74792004 -1.23521698 32.31496048
v 6.23486614 -0.09203130 32.43470001
v 5.74792004 -1.23521698 32.31496048
v 6.73800802 -0.28710631 31.93243980
v 1.89044404 -0.42511261 34.33600998
v 1.89044404 -0.42511261 34.33600998
v 1.79411805 -1.01284206 34.12355042
v 2.43798494 -1.08402705 33.94974136
v 1.89044404 -0.42511261 34.33600998
v 2.43798494 -1.08402705 33.94974136
v 2.56875491 -0.49994621 34.15370178
v 2.56875491 -0.49994621 34.15370178
v 2.43798494 -1.08402705 33.94974136
v 3.39041209 -1.23370397 33.58171844
v 3.57191300 -0.65725219 33.76776886
v 3.57191300 -0.65725219 33.76776886
v 3.39041209 -1.23370397 33.58171844
v 3.99766803 -1.35972595 33.26903152
v 4.21134520 -0.78965318 33.43994141
v 4.21134520 -0.78965318 33.43994141
v 3.99766803 -1.35972595 33.26903152
v 4.56985283 -1.50340295 32.90919113
v 4.81370115 -0.94055402 33.06280136
v 4.81370115 -0.94055402 33.06280136
v 4.56985283 -1.50340295 32.90919113
v 5.45758390 -1.78409398 32.19541168
v 5.74792004 -1.23521698 32.31496048
v -0.00002865 0.59236312 34.78657150
v -0.00003365 -0.22128341 34.58338165
v 1.19538796 -0.37284151 34.46281815
v 1.19538796 -0.37284151 34.46281815
v -0.00003365 -0.22128341 34.58338165
v -0.00003780 -1.01204300 34.28847885
v 1.19538796 -0.37284151 34.46281815
v -0.00003780 -1.01204300 34.28847885
v 1.13443804 -0.96312797 34.24441910
v 1.13443804 -0.96312797 34.24441910
v -0.00003780 -1.01204300 34.28847885
v -0.00004101 -1.76936400 33.90386963
v 1.13443804 -0.96312797 34.24441910
v -0.00004101 -1.76936400 33.90386963
v 1.06747794 -1.53545702 33.97573853
v 1.06747794 -1.53545702 33.97573853
v -0.00004101 -1.76936400 33.90386963
v 1.01823294 -1.91563201 33.76277924
v 1.06747794 -1.53545702 33.97573853
v 1.01823294 -1.91563201 33.76277924
v 1.68829501 -1.58234096 33.86145020
v 1.61046696 -1.96042395 33.65335083
v 1.68829501 -1.58234096 33.86145020
v 1.61046696 -1.96042395 33.65335083
v 2.29432106 -1.64948595 33.69707108
v 2.18866301 -2.02458310 33.49596024
v 2.29432106 -1.64948595 33.69707108
v 2.18866301 -2.02458310 33.49596024
v 3.19101405 -1.79071903 33.34891891
v 3.19101405 -1.79071903 33.34891891
v 2.18866301 -2.02458310 33.49596024
v 3.04436707 -2.15956903 33.16249084
v 3.19101405 -1.79071903 33.34891891
v 3.04436707 -2.15956903 33.16249084
v 3.76292205 -1.90967798 33.05298996
v 3.59027910 -2.27330494 32.87897873
v 3.76292205 -1.90967798 33.05298996
v 3.59027910 -2.27330494 32.87897873
v 4.30196095 -2.04535508 32.71234131
v 4.30196095 -2.04535508 32.71234131
v 3.59027910 -2.27330494 32.87897873
v 4.10494089 -2.40306592 32.55252838
v 4.30196095 -2.04535508 32.71234131
v 4.10494089 -2.40306592 32.55252838
v 5.13861895 -2.31057000 32.03630829
v 5.13861895 -2.31057000 32.03630829
v 4.10494089 -2.40306592 32.55252838
v 4.90403795 -2.65683103 31.90444946
v 3.94189811 -4.49883604 30.27816010
v 4.56694603 -4.03128481 30.61347961
v 3.32112002 -4.35972881 30.78482056
v 3.32112002 -4.35972881 30.78482056
v 4.56694603 -4.03128481 30.61347961
v 3.74285102 -3.99541092 31.11554909
v 3.32112002 -4.35972881 30.78482056
v 3.74285102 -3.99541092 31.11554909
v 3.12968302 -3.79893804 31.62358093
v 3.12968302 -3.79893804 31.62358093
v 3.12968302 -3.79893804 31.62358093
v 3.47499800 -3.36611605 31.97509956
v 2.31845999 -3.61116791 32.10023117
v 2.31845999 -3.61116791 32.10023117
v 3.47499800 -3.36611605 31.97509956
v 3.03827810 -3.25542402 32.25572968
v 2.31845999 -3.61116791 32.10023117
v 3.03827810 -3.25542402 32.25572968
v 2.57548594 -3.15851998 32.49919891
v 2.57548594 -3.15851998 32.49919891
v 2.57548594 -3.15851998 32.49919891
v 2.81600690 -2.67707705 32.85099030
v 2.02413297 -2.55186296 33.16144180
v 2.62341809 -5.19198990 29.46651077
v 3.29127192 -4.88739920 29.89419937
v 2.42871499 -4.95745611 30.02216911
v 2.42871499 -4.95745611 30.02216911
v 3.29127192 -4.88739920 29.89419937
v 2.87505293 -4.68648386 30.41375923
v 2.87505293 -4.68648386 30.41375923
v 2.40083694 -4.53333712 30.81574059
v 2.87505293 -4.68648386 30.41375923
v 2.77548003 -4.18426514 31.24144936
v 2.77548003 -4.18426514 31.24144936
v 2.05481791 -4.01692200 31.66917038
v 2.31845999 -3.61116791 32.10023117
v 1.66565597 -3.50741100 32.36009979
v 1.66565597 -3.50741100 32.36009979
v 1.85083997 -3.04365396 32.78527069
v 0.77446502 -3.42385507 32.56763077
v 0.77446502 -3.42385507 32.56763077
v 1.85083997 -3.04365396 32.78527069
v 1.36162496 -2.98911500 32.92016983
v 0.77446502 -3.42385507 32.56763077
v 1.36162496 -2.98911500 32.92016983
v 0.86077708 -2.95106411 33.01390839
v 0.86077708 -2.95106411 33.01390839
v 0.86077708 -2.95106411 33.01390839
v 0.94154680 -2.45086002 33.40972900
v -0.00004426 -3.14221191 32.87957001
v 3.18381810 1.95093703 34.39957809
v 2.26162791 1.97533095 34.66073990
v 2.94832611 1.91616702 34.47528076
v 2.94832611 1.91616702 34.47528076
v 2.26162791 1.97533095 34.66073990
v 2.78807902 0.70138508 34.41259003
v 2.94832611 1.91616702 34.47528076
v 2.78807902 0.70138508 34.41259003
v 4.09873819 1.73732495 34.03895187
v 4.09873819 1.73732495 34.03895187
v 2.78807902 0.70138508 34.41259003
v 3.87632394 0.53147131 33.99710083
v 4.09873819 1.73732495 34.03895187
v 3.87632394 0.53147131 33.99710083
v 4.83156109 1.58692801 33.66860962
v 4.83156109 1.58692801 33.66860962
v 3.87632394 0.53147131 33.99710083
v 4.56971884 0.38853151 33.64432907
v 4.83156109 1.58692801 33.66860962
v 4.56971884 0.38853151 33.64432907
v 5.52149105 1.41565704 33.24283981
v 5.22267723 0.22569899 33.23865128
v 5.52149105 1.41565704 33.24283981
v 5.22267723 0.22569899 33.23865128
v 6.59064817 1.08163095 32.39942169
v 6.23486614 -0.09203130 32.43470001
v 6.59064817 1.08163095 32.39942169
v 6.23486614 -0.09203130 32.43470001
v 7.12193823 0.87665421 31.87270927
v 6.73800802 -0.28710631 31.93243980
v 7.12193823 0.87665421 31.87270927
v 6.73800802 -0.28710631 31.93243980
v 7.36562300 0.03317159 31.41242981
v 7.36562300 0.03317159 31.41242981
v 6.73800802 -0.28710631 31.93243980
v 7.16512489 -0.47818550 31.43364906
v 7.04374504 -0.75273699 31.43401909
v 6.73800802 -0.28710631 31.93243980
v 6.21253586 -1.41626298 31.84749031
v 6.21253586 -1.41626298 31.84749031
v 6.21253586 -1.41626298 31.84749031
v 5.74792004 -1.23521698 32.31496048
v 5.89922905 -1.95663798 31.74905968
v 5.89922905 -1.95663798 31.74905968
v 5.74792004 -1.23521698 32.31496048
v 5.45758390 -1.78409398 32.19541168
v 5.89922905 -1.95663798 31.74905968
v 5.45758390 -1.78409398 32.19541168
v 5.55502796 -2.47369504 31.61338997
v 5.55502796 -2.47369504 31.61338997
v 5.45758390 -1.78409398 32.19541168
v 5.13861895 -2.31057000 32.03630829
v 5.55502796 -2.47369504 31.61338997
v 5.13861895 -2.31057000 32.03630829
v 5.70853710 -2.88430190 31.12158012
v 5.70853710 -2.88430190 31.12158012
v 5.13861895 -2.31057000 32.03630829
v 4.90403795 -2.65683103 31.90444946
v 5.70853710 -2.88430190 31.12158012
v 4.90403795 -2.65683103 31.90444946
v 4.53874493 -3.13897896 31.67841911
v 4.53874493 -3.13897896 31.67841911
v 4.90403795 -2.65683103 31.90444946
v 4.10494089 -2.40306592 32.55252838
v 4.53874493 -3.13897896 31.67841911
v 4.10494089 -2.40306592 32.55252838
v 3.79813910 -2.90313601 32.28271866
v 3.79813910 -2.90313601 32.28271866
v 4.10494089 -2.40306592 32.55252838
v 3.59027910 -2.27330494 32.87897873
v 3.32143688 -2.78263688 32.58692169
v 3.32143688 -2.78263688 32.58692169
v 3.59027910 -2.27330494 32.87897873
v 3.04436707 -2.15956903 33.16249084
v 2.81600690 -2.67707705 32.85099030
v 2.81600690 -2.67707705 32.85099030
v 3.04436707 -2.15956903 33.16249084
v 2.18866301 -2.02458310 33.49596024
v 2.02413297 -2.55186296 33.16144180
v 2.02413297 -2.55186296 33.16144180
v 2.18866301 -2.02458310 33.49596024
v 1.61046696 -1.96042395 33.65335083
v 1.48927295 -2.49237704 33.30791855
v 1.48927295 -2.49237704 33.30791855
v 1.61046696 -1.96042395 33.65335083
v 1.01823294 -1.91563201 33.76277924
v 0.94154680 -2.45086002 33.40972900
v 0.94154680 -2.45086002 33.40972900
v 0.94154680 -2.45086002 33.40972900
v -0.00004319 -2.48281407 33.43275833
v -0.00004426 -3.14221191 32.87957001
v -1.77702498 -1.97678804 33.61328125
v -1.19333005 -1.92671895 33.73572922
v -1.25103104 -1.54705501 33.94749069
v -0.00004101 -1.76936400 33.90386963
v -0.55419278 -2.43299294 33.45346069
v -0.00004319 -2.48281407 33.43275833
v -0.00004319 -2.48281407 33.43275833
v -0.55419278 -2.43299294 33.45346069
v -0.50663668 -2.93469095 33.05416107
v -0.00004319 -2.48281407 33.43275833
v -0.50663668 -2.93469095 33.05416107
v -0.00004426 -3.14221191 32.87957001
v -0.00004426 -3.14221191 32.87957001
v -0.80397451 -3.85790205 32.06901169
v -0.00004415 -3.73775697 32.24987030
v -0.00004415 -3.73775697 32.24987030
v -0.80397451 -3.85790205 32.06901169
v -0.69425398 -4.24969721 31.54186058
v -0.00004415 -3.73775697 32.24987030
v -0.69425398 -4.24969721 31.54186058
v -0.00004280 -4.26013613 31.55042076
v -0.00004280 -4.26013613 31.55042076
v -0.69425398 -4.24969721 31.54186058
v -0.58446687 -4.58600807 30.99337959
v -0.00004280 -4.26013613 31.55042076
v -0.58446687 -4.58600807 30.99337959
v -0.00004017 -4.69976807 30.79089928
v -0.00004017 -4.69976807 30.79089928
v -0.58446687 -4.58600807 30.99337959
v -0.44328621 -5.03312492 30.02519989
v -0.00004017 -4.69976807 30.79089928
v -0.44328621 -5.03312492 30.02519989
v -0.00003674 -5.01601601 30.07055092
v -2.35436511 -5.28907681 29.28506088
v -1.94951499 -5.40803909 29.00242043
v -1.87693596 -5.37279177 29.10107994
v -1.87693596 -5.37279177 29.10107994
v -2.61707211 -5.03277206 29.81945038
v -2.35436511 -5.28907681 29.28506088
v -2.35436511 -5.28907681 29.28506088
v -2.61707211 -5.03277206 29.81945038
v -3.09634209 -4.77447510 30.17942047
v -2.35436511 -5.28907681 29.28506088
v -3.09634209 -4.77447510 30.17942047
v -3.00806499 -5.02783918 29.71681023
v -3.00806499 -5.02783918 29.71681023
v -3.09634209 -4.77447510 30.17942047
v -3.57532096 -4.46033192 30.51902008
v -3.00806499 -5.02783918 29.71681023
v -3.57532096 -4.46033192 30.51902008
v -3.65292907 -4.68313217 30.11174011
v -3.65292907 -4.68313217 30.11174011
v -3.57532096 -4.46033192 30.51902008
v -4.02817011 -4.10788679 30.82014084
v -3.65292907 -4.68313217 30.11174011
v -4.02817011 -4.10788679 30.82014084
v -4.28073120 -4.25767279 30.46419907
v -4.28073120 -4.25767279 30.46419907
v -4.02817011 -4.10788679 30.82014084
v -4.46965313 -3.70697093 31.09309006
v -4.28073120 -4.25767279 30.46419907
v -4.46965313 -3.70697093 31.09309006
v -4.88322592 -3.75529003 30.76896095
v -4.88322592 -3.75529003 30.76896095
v -4.46965313 -3.70697093 31.09309006
v -5.06154394 -3.58665705 30.85205078
v -4.88278818 -3.27369809 31.32760048
v -5.06154394 -3.58665705 30.85205078
v -4.88278818 -3.27369809 31.32760048
v -5.33241606 -3.31096506 30.97131920
v -5.33241606 -3.31096506 30.97131920
v -4.88278818 -3.27369809 31.32760048
v -5.39405823 -3.24471593 30.99720955
v -5.39405823 -3.24471593 30.99720955
v -4.88278818 -3.27369809 31.32760048
v -5.27503204 -2.80167389 31.52844048
v -5.45226097 -3.18090296 31.02120972
v -6.06055593 -2.43148994 31.24263000
v -5.97984600 -2.54052401 31.21666908
v -5.52692604 -2.46187305 31.64422035
v -5.52692604 -2.46187305 31.64422035
v -5.97984600 -2.54052401 31.21666908
v -5.45226097 -3.18090296 31.02120972
v -6.06055593 -2.43148994 31.24263000
v -5.52692604 -2.46187305 31.64422035
v -5.86942387 -1.94413602 31.78158951
v -6.06055593 -2.43148994 31.24263000
v -5.86942387 -1.94413602 31.78158951
v -6.29344988 -2.09736204 31.31060028
v -6.29344988 -2.09736204 31.31060028
v -5.86942387 -1.94413602 31.78158951
v -6.45436907 -1.84752297 31.35079956
v -6.45436907 -1.84752297 31.35079956
v -5.86942387 -1.94413602 31.78158951
v -6.18118286 -1.40314698 31.88154984
v -6.45436907 -1.84752297 31.35079956
v -6.18118286 -1.40314698 31.88154984
v -6.65154219 -1.51655805 31.39118958
v -7.37593079 0.06180053 31.41044998
v -7.16517019 -0.47818249 31.43362045
v -6.70405579 -0.27297780 31.96903038
v -6.70405579 -0.27297780 31.96903038
v -7.16517019 -0.47818249 31.43362045
v -7.04671717 -0.74637902 31.43407059
v -7.04671717 -0.74637902 31.43407059
v -7.02826023 -0.78632981 31.43347931
v -6.70405579 -0.27297780 31.96903038
v -6.70405579 -0.27297780 31.96903038
v -7.02826023 -0.78632981 31.43347931
v -6.95951319 -0.93121397 31.42991066
v -6.70405579 -0.27297780 31.96903038
v -6.95951319 -0.93121397 31.42991066
v -6.18118286 -1.40314698 31.88154984
v -6.18118286 -1.40314698 31.88154984
v -6.95951319 -0.93121397 31.42991066
v -6.77430582 -1.29442298 31.41061020
v -6.18118286 -1.40314698 31.88154984
v -6.77430582 -1.29442298 31.41061020
v -6.65154219 -1.51655805 31.39118958
v -7.37593079 0.06180053 31.41044998
v -6.70405579 -0.27297780 31.96903038
v -7.57287502 0.67596430 31.34976006
v -7.57287502 0.67596430 31.34976006
v -6.70405579 -0.27297780 31.96903038
v -7.08608723 0.89149719 31.91107941
v -7.57287502 0.67596430 31.34976006
v -7.08608723 0.89149719 31.91107941
v -7.63283682 0.89626563 31.31941986
v -7.63283682 0.89626563 31.31941986
v -7.08608723 0.89149719 31.91107941
v -7.70560980 1.66691101 31.29364014
v -7.63283682 0.89626563 31.31941986
v -7.70560980 1.66691101 31.29364014
v -7.79761600 1.65682900 31.18074989
v -5.19871902 1.86372602 33.46242142
v -5.52216387 1.84472895 33.25698853
v -5.29294682 1.47586203 33.39299011
v -5.29294682 1.47586203 33.39299011
v -5.52216387 1.84472895 33.25698853
v -6.33049822 1.79008603 32.66104126
v -4.61264992 1.63507903 33.78750992
v -4.70503283 1.88984096 33.74388885
v -5.19871902 1.86372602 33.46242142
v -3.90250802 1.77259803 34.12533188
v -3.84680295 1.92777598 34.15044022
v -4.70503283 1.88984096 33.74388885
v -0.76383930 0.86308360 34.80422974
v -0.98068631 1.99550700 34.87174988
v -1.95454204 1.98172200 34.72700882
v -0.55419278 -2.43299294 33.45346069
v -1.10347795 -2.46113610 33.38455963
v -0.50663668 -2.93469095 33.05416107
v -1.00883996 -2.96048093 32.99074173
v -0.50663668 -2.93469095 33.05416107
v -1.00883996 -2.96048093 32.99074173
v -0.00004426 -3.14221191 32.87957001
v -0.00004426 -3.14221191 32.87957001
v -1.00883996 -2.96048093 32.99074173
v -0.90770900 -3.43234897 32.54661179
v -0.00004426 -3.14221191 32.87957001
v -0.90770900 -3.43234897 32.54661179
v -0.80397451 -3.85790205 32.06901169
v -5.45226097 -3.18090296 31.02120972
v -5.27503204 -2.80167389 31.52844048
v -5.52692604 -2.46187305 31.64422035
v -5.52692604 -2.46187305 31.64422035
v -5.27503204 -2.80167389 31.52844048
v -5.09387922 -2.29440403 32.07789993
v -5.52692604 -2.46187305 31.64422035
v -5.09387922 -2.29440403 32.07789993
v -5.86942387 -1.94413602 31.78158951
v -5.41012192 -1.76698995 32.23931122
v -5.86942387 -1.94413602 31.78158951
v -5.41012192 -1.76698995 32.23931122
v -6.18118286 -1.40314698 31.88154984
v -1.87693596 -5.37279177 29.10107994
v -1.55405200 -5.24595881 29.45165062
v -2.61707211 -5.03277206 29.81945038
v -2.61707211 -5.03277206 29.81945038
v -1.55405200 -5.24595881 29.45165062
v -2.17945504 -4.87226391 30.24901009
v -2.61707211 -5.03277206 29.81945038
v -2.17945504 -4.87226391 30.24901009
v -3.09634209 -4.77447510 30.17942047
v -2.58171701 -4.58674288 30.67638969
v -3.09634209 -4.77447510 30.17942047
v -2.58171701 -4.58674288 30.67638969
v -3.57532096 -4.46033192 30.51902008
v -3.57532096 -4.46033192 30.51902008
v -2.58171701 -4.58674288 30.67638969
v -2.98373389 -4.24550819 31.08304977
v -3.57532096 -4.46033192 30.51902008
v -2.98373389 -4.24550819 31.08304977
v -4.02817011 -4.10788679 30.82014084
v -3.36381888 -3.86755896 31.44725990
v -4.02817011 -4.10788679 30.82014084
v -3.36381888 -3.86755896 31.44725990
v -4.46965313 -3.70697093 31.09309006
v -4.46965313 -3.70697093 31.09309006
v -3.36381888 -3.86755896 31.44725990
v -3.73436594 -3.44189596 31.78140068
v -4.46965313 -3.70697093 31.09309006
v -3.73436594 -3.44189596 31.78140068
v -4.88278818 -3.27369809 31.32760048
v -4.08111906 -2.98558307 32.07284164
v -4.88278818 -3.27369809 31.32760048
v -4.08111906 -2.98558307 32.07284164
v -5.27503204 -2.80167389 31.52844048
v -5.27503204 -2.80167389 31.52844048
v -4.08111906 -2.98558307 32.07284164
v -4.41033792 -2.49180794 32.32738876
v -5.27503204 -2.80167389 31.52844048
v -4.41033792 -2.49180794 32.32738876
v -5.09387922 -2.29440403 32.07789993
v -5.09387922 -2.29440403 32.07789993
v -4.41033792 -2.49180794 32.32738876
v -4.62175703 -2.13811302 32.47745895
v -5.09387922 -2.29440403 32.07789993
v -4.62175703 -2.13811302 32.47745895
v -5.41012192 -1.76698995 32.23931122
v -3.93438101 -2.35742903 32.66770935
v -3.59202504 -1.87157297 33.14804840
v -4.12334013 -1.99763703 32.83253098
v -4.12334013 -1.99763703 32.83253098
v -3.59202504 -1.87157297 33.14804840
v -4.38026619 -1.45287704 33.03612900
v -4.12334013 -1.99763703 32.83253098
v -4.38026619 -1.45287704 33.03612900
v -4.90922403 -1.60159695 32.66114044
v -4.90922403 -1.60159695 32.66114044
v -4.38026619 -1.45287704 33.03612900
v -5.17088890 -1.04365599 32.80287170
v -4.90922403 -1.60159695 32.66114044
v -5.17088890 -1.04365599 32.80287170
v -5.69797993 -1.21726704 32.36095047
v -5.69797993 -1.21726704 32.36095047
v -5.17088890 -1.04365599 32.80287170
v -5.60974789 0.11449170 32.95914841
v -5.69797993 -1.21726704 32.36095047
v -5.60974789 0.11449170 32.95914841
v -6.18077087 -0.07268464 32.48413086
v -6.18077087 -0.07268464 32.48413086
v -5.60974789 0.11449170 32.95914841
v -5.93039513 1.29872203 32.94958115
v -6.18077087 -0.07268464 32.48413086
v -5.93039513 1.29872203 32.94958115
v -6.53351593 1.10196304 32.45125961
v -6.53351593 1.10196304 32.45125961
v -5.93039513 1.29872203 32.94958115
v -6.78563404 1.75424302 32.26538849
v -6.53351593 1.10196304 32.45125961
v -6.78563404 1.75424302 32.26538849
v -7.08363724 1.72836804 31.97847939
v -4.08111906 -2.98558307 32.07284164
v -3.93438101 -2.35742903 32.66770935
v -4.41033792 -2.49180794 32.32738876
v -4.41033792 -2.49180794 32.32738876
v -3.93438101 -2.35742903 32.66770935
v -4.12334013 -1.99763703 32.83253098
v -4.62175703 -2.13811302 32.47745895
v -4.62175703 -2.13811302 32.47745895
v -4.12334013 -1.99763703 32.83253098
v -4.90922403 -1.60159695 32.66114044
v -4.90922403 -1.60159695 32.66114044
v -5.41012192 -1.76698995 32.23931122
v -4.90922403 -1.60159695 32.66114044
v -5.69797993 -1.21726704 32.36095047
v -5.41012192 -1.76698995 32.23931122
v -5.69797993 -1.21726704 32.36095047
v -6.18118286 -1.40314698 31.88154984
v -6.18118286 -1.40314698 31.88154984
v -5.69797993 -1.21726704 32.36095047
v -6.18077087 -0.07268464 32.48413086
v -6.18118286 -1.40314698 31.88154984
v -6.18077087 -0.07268464 32.48413086
v -6.70405579 -0.27297780 31.96903038
v -6.70405579 -0.27297780 31.96903038
v -6.18077087 -0.07268464 32.48413086
v -6.53351593 1.10196304 32.45125961
v -6.70405579 -0.27297780 31.96903038
v -6.53351593 1.10196304 32.45125961
v -7.08608723 0.89149719 31.91107941
v -7.08608723 0.89149719 31.91107941
v -7.08608723 0.89149719 31.91107941
v -7.08363724 1.72836804 31.97847939
v -7.70560980 1.66691101 31.29364014
v -1.55405200 -5.24595881 29.45165062
v -1.23131704 -5.15453720 29.70021057
v -2.17945504 -4.87226391 30.24901009
v -2.17945504 -4.87226391 30.24901009
v -1.23131704 -5.15453720 29.70021057
v -1.68723905 -4.74202585 30.59099960
v -2.17945504 -4.87226391 30.24901009
v -1.68723905 -4.74202585 30.59099960
v -2.58171701 -4.58674288 30.67638969
v -2.58171701 -4.58674288 30.67638969
v -1.68723905 -4.74202585 30.59099960
v -2.00096798 -4.43378592 31.07323074
v -2.58171701 -4.58674288 30.67638969
v -2.00096798 -4.43378592 31.07323074
v -2.98373389 -4.24550819 31.08304977
v -2.98373389 -4.24550819 31.08304977
v -2.00096798 -4.43378592 31.07323074
v -2.31450701 -4.06993580 31.53446007
v -2.98373389 -4.24550819 31.08304977
v -2.31450701 -4.06993580 31.53446007
v -3.36381888 -3.86755896 31.44725990
v -3.36381888 -3.86755896 31.44725990
v -2.31450701 -4.06993580 31.53446007
v -2.61094093 -3.67069793 31.95001984
v -3.36381888 -3.86755896 31.44725990
v -2.61094093 -3.67069793 31.95001984
v -3.73436594 -3.44189596 31.78140068
v -2.89993501 -3.22437406 32.33396149
v -3.73436594 -3.44189596 31.78140068
v -2.89993501 -3.22437406 32.33396149
v -4.08111906 -2.98558307 32.07284164
v -4.08111906 -2.98558307 32.07284164
v -2.89993501 -3.22437406 32.33396149
v -3.17037296 -2.74882007 32.67176056
v -4.08111906 -2.98558307 32.07284164
v -3.17037296 -2.74882007 32.67176056
v -3.93438101 -2.35742903 32.66770935
v -3.93438101 -2.35742903 32.66770935
v -3.17037296 -2.74882007 32.67176056
v -3.42713594 -2.23687601 32.97005081
v -3.42713594 -2.23687601 32.97005081
v -3.17037296 -2.74882007 32.67176056
v -2.89831090 -2.13292909 33.22854996
v -3.42713594 -2.23687601 32.97005081
v -3.42713594 -2.23687601 32.97005081
v -2.89831090 -2.13292909 33.22854996
v -3.03798103 -1.76284301 33.41788101
v -3.59202504 -1.87157297 33.14804840
v -3.59202504 -1.87157297 33.14804840
v -3.03798103 -1.76284301 33.41788101
v -3.81622410 -1.31936395 33.36946106
v -3.81622410 -1.31936395 33.36946106
v -4.38026619 -1.45287704 33.03612900
v -3.81622410 -1.31936395 33.36946106
v -4.61413097 -0.88749421 33.19583130
v -4.38026619 -1.45287704 33.03612900
v -4.61413097 -0.88749421 33.19583130
v -5.17088890 -1.04365599 32.80287170
v -5.17088890 -1.04365599 32.80287170
v -4.61413097 -0.88749421 33.19583130
v -5.00636578 0.28294450 33.38172150
v -5.60974789 0.11449170 32.95914841
v -5.60974789 0.11449170 32.95914841
v -5.00636578 0.28294450 33.38172150
v -5.29294682 1.47586203 33.39299011
v -5.93039513 1.29872203 32.94958115
v -5.93039513 1.29872203 32.94958115
v -5.29294682 1.47586203 33.39299011
v -6.33049822 1.79008603 32.66104126
v -5.93039513 1.29872203 32.94958115
v -6.33049822 1.79008603 32.66104126
v -6.78563404 1.75424302 32.26538849
v -1.23131704 -5.15453720 29.70021057
v -0.82355940 -5.07595491 29.91120911
v -1.68723905 -4.74202585 30.59099960
v -1.15115595 -4.64549017 30.84087944
v -1.68723905 -4.74202585 30.59099960
v -1.15115595 -4.64549017 30.84087944
v -2.00096798 -4.43378592 31.07323074
v -1.36652398 -4.31999922 31.36400032
v -2.00096798 -4.43378592 31.07323074
v -1.36652398 -4.31999922 31.36400032
v -2.31450701 -4.06993580 31.53446007
v -2.31450701 -4.06993580 31.53446007
v -1.36652398 -4.31999922 31.36400032
v -1.58176100 -3.93897605 31.86593056
v -2.31450701 -4.06993580 31.53446007
v -1.58176100 -3.93897605 31.86593056
v -2.61094093 -3.67069793 31.95001984
v -1.78525496 -3.52356696 32.31977844
v -2.61094093 -3.67069793 31.95001984
v -1.78525496 -3.52356696 32.31977844
v -2.89993501 -3.22437406 32.33396149
v -2.89993501 -3.22437406 32.33396149
v -1.78525496 -3.52356696 32.31977844
v -1.98364305 -3.06154609 32.74087143
v -2.89993501 -3.22437406 32.33396149
v -1.98364305 -3.06154609 32.74087143
v -3.17037296 -2.74882007 32.67176056
v -2.16929102 -2.57137299 33.11325073
v -3.17037296 -2.74882007 32.67176056
v -2.16929102 -2.57137299 33.11325073
v -2.89831090 -2.13292909 33.22854996
v -1.86287796 -1.59946096 33.81959915
v -1.86287796 -1.59946096 33.81959915
v -1.25103104 -1.54705501 33.94749069
v -1.97961104 -1.03099406 34.07928848
v -1.86287796 -1.59946096 33.81959915
v -1.97961104 -1.03099406 34.07928848
v -2.61265206 -1.10735595 33.89258957
v -2.61265206 -1.10735595 33.89258957
v -1.97961104 -1.03099406 34.07928848
v -2.75274491 -0.52446860 34.09376144
v -2.61265206 -1.10735595 33.89258957
v -2.75274491 -0.52446860 34.09376144
v -3.40075397 -0.62621439 33.84420013
v -3.40075397 -0.62621439 33.84420013
v -2.75274491 -0.52446860 34.09376144
v -2.98770595 0.67489082 34.34804153
v -3.69067788 0.56498909 34.07936096
v -3.69067788 0.56498909 34.07936096
v -2.98770595 0.67489082 34.34804153
v -3.15937805 1.88827503 34.40747833
v -3.69067788 0.56498909 34.07936096
v -3.15937805 1.88827503 34.40747833
v -3.90250802 1.77259803 34.12533188
v -4.70503283 1.88984096 33.74388885
v -4.61264992 1.63507903 33.78750992
v -3.90250802 1.77259803 34.12533188
v -3.90250802 1.77259803 34.12533188
v -4.61264992 1.63507903 33.78750992
v -4.36257315 0.43430001 33.75759888
v -3.90250802 1.77259803 34.12533188
v -4.36257315 0.43430001 33.75759888
v -3.69067788 0.56498909 34.07936096
v -3.69067788 0.56498909 34.07936096
v -4.36257315 0.43430001 33.75759888
v -4.02029991 -0.74725223 33.54521942
v -3.69067788 0.56498909 34.07936096
v -4.02029991 -0.74725223 33.54521942
v -3.40075397 -0.62621439 33.84420013
v -3.40075397 -0.62621439 33.84420013
v -4.02029991 -0.74725223 33.54521942
v -3.22789001 -1.20416701 33.65462112
v -3.22789001 -1.20416701 33.65462112
v -2.61265206 -1.10735595 33.89258957
v -3.22789001 -1.20416701 33.65462112
v -2.45874500 -1.67149496 33.64302063
v -2.61265206 -1.10735595 33.89258957
v -2.45874500 -1.67149496 33.64302063
v -1.86287796 -1.59946096 33.81959915
v -1.86287796 -1.59946096 33.81959915
v -2.45874500 -1.67149496 33.64302063
v -2.34555197 -2.04562092 33.44417953
v -1.77702498 -1.97678804 33.61328125
v -1.10347795 -2.46113610 33.38455963
v -2.16929102 -2.57137299 33.11325073
v -1.00883996 -2.96048093 32.99074173
v -1.00883996 -2.96048093 32.99074173
v -2.16929102 -2.57137299 33.11325073
v -1.98364305 -3.06154609 32.74087143
v -1.00883996 -2.96048093 32.99074173
v -1.98364305 -3.06154609 32.74087143
v -0.90770900 -3.43234897 32.54661179
v -0.90770900 -3.43234897 32.54661179
v -1.98364305 -3.06154609 32.74087143
v -1.78525496 -3.52356696 32.31977844
v -0.90770900 -3.43234897 32.54661179
v -1.78525496 -3.52356696 32.31977844
v -0.80397451 -3.85790205 32.06901169
v -1.58176100 -3.93897605 31.86593056
v -0.80397451 -3.85790205 32.06901169
v -1.58176100 -3.93897605 31.86593056
v -0.69425398 -4.24969721 31.54186058
v -0.69425398 -4.24969721 31.54186058
v -1.58176100 -3.93897605 31.86593056
v -1.36652398 -4.31999922 31.36400032
v -0.69425398 -4.24969721 31.54186058
v -1.36652398 -4.31999922 31.36400032
v -0.58446687 -4.58600807 30.99337959
v -0.58446687 -4.58600807 30.99337959
v -1.36652398 -4.31999922 31.36400032
v -1.15115595 -4.64549017 30.84087944
v -0.58446687 -4.58600807 30.99337959
v -1.15115595 -4.64549017 30.84087944
v -0.44328621 -5.03312492 30.02519989
v -0.44328621 -5.03312492 30.02519989
v -1.15115595 -4.64549017 30.84087944
v -0.82355940 -5.07595491 29.91120911
v -0.66776472 -0.94171977 34.29634857
v -0.70365131 -0.35033071 34.51731110
v -1.40090299 -0.38577470 34.43146896
v -1.40090299 -0.38577470 34.43146896
v -0.70365131 -0.35033071 34.51731110
v -0.76383930 0.86308360 34.80422974
v -1.52067804 0.82476878 34.71176147
v -1.52067804 0.82476878 34.71176147
v -0.76383930 0.86308360 34.80422974
v -1.95454204 1.98172200 34.72700882
v -0.62833971 -1.51526904 34.02484131
v -0.66776472 -0.94171977 34.29634857
v -1.32948804 -0.97542781 34.21453857
v -1.32948804 -0.97542781 34.21453857
v -1.32948804 -0.97542781 34.21453857
v -1.40090299 -0.38577470 34.43146896
v -2.08586788 -0.44419679 34.28958893
v -2.08586788 -0.44419679 34.28958893
v -1.40090299 -0.38577470 34.43146896
v -1.52067804 0.82476878 34.71176147
v -2.26407790 0.76162571 34.55892944
v -2.26407790 0.76162571 34.55892944
v -1.52067804 0.82476878 34.71176147
v -1.95454204 1.98172200 34.72700882
v -2.26407790 0.76162571 34.55892944
v -1.95454204 1.98172200 34.72700882
v -2.90549302 1.95938504 34.48852158
v -3.84680295 1.92777598 34.15044022
v -3.90250802 1.77259803 34.12533188
v -3.40639400 1.94383001 34.32191849
v -3.40639400 1.94383001 34.32191849
v -3.90250802 1.77259803 34.12533188
v -3.15937805 1.88827503 34.40747833
v -3.40639400 1.94383001 34.32191849
v -3.15937805 1.88827503 34.40747833
v -2.90549302 1.95938504 34.48852158
v -2.90549302 1.95938504 34.48852158
v -3.15937805 1.88827503 34.40747833
v -2.98770595 0.67489082 34.34804153
v -2.90549302 1.95938504 34.48852158
v -2.98770595 0.67489082 34.34804153
v -2.26407790 0.76162571 34.55892944
v -2.26407790 0.76162571 34.55892944
v -2.98770595 0.67489082 34.34804153
v -2.75274491 -0.52446860 34.09376144
v -2.26407790 0.76162571 34.55892944
v -2.75274491 -0.52446860 34.09376144
v -2.08586788 -0.44419679 34.28958893
v -2.08586788 -0.44419679 34.28958893
v -2.75274491 -0.52446860 34.09376144
v -1.97961104 -1.03099406 34.07928848
v -1.97961104 -1.03099406 34.07928848
v -1.32948804 -0.97542781 34.21453857
v -1.25103104 -1.54705501 33.94749069
v -0.62833971 -1.51526904 34.02484131
v -1.25103104 -1.54705501 33.94749069
v -1.19333005 -1.92671895 33.73572922
v -0.59934407 -1.89635301 33.80979156
v -5.19871902 1.86372602 33.46242142
v -5.29294682 1.47586203 33.39299011
v -4.61264992 1.63507903 33.78750992
v -4.61264992 1.63507903 33.78750992
v -5.29294682 1.47586203 33.39299011
v -5.00636578 0.28294450 33.38172150
v -4.36257315 0.43430001 33.75759888
v -4.36257315 0.43430001 33.75759888
v -5.00636578 0.28294450 33.38172150
v -4.61413097 -0.88749421 33.19583130
v -4.36257315 0.43430001 33.75759888
v -4.61413097 -0.88749421 33.19583130
v -4.02029991 -0.74725223 33.54521942
v -4.02029991 -0.74725223 33.54521942
v -4.61413097 -0.88749421 33.19583130
v -3.81622410 -1.31936395 33.36946106
v -3.81622410 -1.31936395 33.36946106
v -3.22789001 -1.20416701 33.65462112
v -3.03798103 -1.76284301 33.41788101
v -2.45874500 -1.67149496 33.64302063
v -3.03798103 -1.76284301 33.41788101
v -2.89831090 -2.13292909 33.22854996
v -2.34555197 -2.04562092 33.44417953
v -2.34555197 -2.04562092 33.44417953
v -2.89831090 -2.13292909 33.22854996
v -2.16929102 -2.57137299 33.11325073
v -2.34555197 -2.04562092 33.44417953
v -2.16929102 -2.57137299 33.11325073
v -1.77702498 -1.97678804 33.61328125
v -1.77702498 -1.97678804 33.61328125
v -2.16929102 -2.57137299 33.11325073
v -1.10347795 -2.46113610 33.38455963
v -1.77702498 -1.97678804 33.61328125
v -1.10347795 -2.46113610 33.38455963
v -1.19333005 -1.92671895 33.73572922
v -1.19333005 -1.92671895 33.73572922
v -1.10347795 -2.46113610 33.38455963
v -0.55419278 -2.43299294 33.45346069
v -1.19333005 -1.92671895 33.73572922
v -0.55419278 -2.43299294 33.45346069
v -0.59934407 -1.89635301 33.80979156
v -0.59934407 -1.89635301 33.80979156
v -0.55419278 -2.43299294 33.45346069
v -0.00004101 -1.76936400 33.90386963
v -0.59934407 -1.89635301 33.80979156
v -0.00004101 -1.76936400 33.90386963
v -0.62833971 -1.51526904 34.02484131
v -0.62833971 -1.51526904 34.02484131
v -0.00004101 -1.76936400 33.90386963
v -0.00003780 -1.01204300 34.28847885
v -0.62833971 -1.51526904 34.02484131
v -0.00003780 -1.01204300 34.28847885
v -0.66776472 -0.94171977 34.29634857
v -0.66776472 -0.94171977 34.29634857
v -0.00003780 -1.01204300 34.28847885
v -0.00003365 -0.22128341 34.58338165
v -0.66776472 -0.94171977 34.29634857
v -0.00003365 -0.22128341 34.58338165
v -0.70365131 -0.35033071 34.51731110
v -0.70365131 -0.35033071 34.51731110
v -0.00003365 -0.22128341 34.58338165
v -0.00002865 0.59236312 34.78657150
v -0.70365131 -0.35033071 34.51731110
v -0.00002865 0.59236312 34.78657150
v -0.76383930 0.86308360 34.80422974
v -0.76383930 0.86308360 34.80422974
v -0.00002865 0.59236312 34.78657150
v -0.00002676 0.87589228 34.83512115
v -0.76383930 0.86308360 34.80422974
v -0.00002676 0.87589228 34.83512115
v -0.98068631 1.99550700 34.87174988
v -0.98068631 1.99550700 34.87174988
v -0.00002676 0.87589228 34.83512115
v -0.00002293 1.41835594 34.89725113
v -0.98068631 1.99550700 34.87174988
v -0.00002293 1.41835594 34.89725113
v -0.00002172 2.00001001 34.91994095
v 7.45825005 -7.46714878 10.50654984
v 7.46882391 -7.45856380 10.53069019
v 6.70180511 -7.92067480 10.93334961
v 6.35229206 -7.68199921 10.10196972
v 6.88514423 -7.35513496 9.77511215
v 7.05417490 -7.45815420 9.92085838
v 3.03320599 -8.82837200 11.66256046
v 3.03320694 -8.76208973 11.30455017
v 3.61644793 -8.73942280 11.28230000
v 4.18810415 -8.67419720 11.22043037
v 4.74875212 -8.56721210 11.11824989
v 4.85725117 -8.61247253 11.53242016
v 3.03320503 -8.82721424 11.71067047
v 3.03320599 -8.82837200 11.66256046
v 3.65375590 -8.80250072 11.69272041
v 3.65375590 -8.80250072 11.69272041
v 3.03320599 -8.82837200 11.66256046
v 3.61644793 -8.73942280 11.28230000
v 3.65375590 -8.80250072 11.69272041
v 3.61644793 -8.73942280 11.28230000
v 3.71191192 -8.79765701 11.68881035
v 3.71191192 -8.79765701 11.68881035
v 3.61644793 -8.73942280 11.28230000
v 4.18810415 -8.67419720 11.22043037
v 3.71191192 -8.79765701 11.68881035
v 4.18810415 -8.67419720 11.22043037
v 4.31733084 -8.72126579 11.62512016
v 4.31733084 -8.72126579 11.62512016
v 4.18810415 -8.67419720 11.22043037
v 4.85725117 -8.61247253 11.53242016
v 5.20832109 -8.33494663 10.78880978
v 5.11914206 -8.21153355 10.63150978
v 5.30967283 -8.14795208 10.56791973
v 5.30967283 -8.14795208 10.56791973
v 6.05243397 -7.83788204 10.25786018
v 6.18293810 -7.95258999 10.41036034
v 6.18293810 -7.95258999 10.41036034
v 6.05243397 -7.83788204 10.25786018
v 6.35229206 -7.68199921 10.10196972
v 5.30967283 -8.14795208 10.56791973
v 6.18293810 -7.95258999 10.41036034
v 5.20832109 -8.33494663 10.78880978
v 5.20832109 -8.33494663 10.78880978
v 6.18293810 -7.95258999 10.41036034
v 5.81544113 -8.23840237 10.80311012
v 5.20832109 -8.33494663 10.78880978
v 5.81544113 -8.23840237 10.80311012
v 5.29528093 -8.42011547 10.97737980
v 5.29528093 -8.42011547 10.97737980
v 5.81544113 -8.23840237 10.80311012
v 5.91116810 -8.26939774 11.01068974
v 5.29528093 -8.42011547 10.97737980
v 5.91116810 -8.26939774 11.01068974
v 5.37336779 -8.45915604 11.18414021
v 3.03320694 -8.76208973 11.30455017
v 3.03320599 -8.53547764 10.95545006
v 3.61644793 -8.73942280 11.28230000
v 3.57129908 -8.51432800 10.93430042
v 3.61644793 -8.73942280 11.28230000
v 3.57129908 -8.51432800 10.93430042
v 4.18810415 -8.67419720 11.22043037
v 4.19790697 -8.43589211 10.85587025
v 4.18810415 -8.67419720 11.22043037
v 4.19790697 -8.43589211 10.85587025
v 4.74875212 -8.56721210 11.11824989
v 7.45825005 -7.46714878 10.50654984
v 6.70180511 -7.92067480 10.93334961
v 7.44715786 -7.47515583 10.48221970
v 7.05417490 -7.45815420 9.92085838
v 7.19981909 -7.50956202 10.08380032
v 6.30980587 -8.02470303 10.59801006
v 6.30980587 -8.02470303 10.59801006
v 7.19981909 -7.50956202 10.08380032
v 7.36010599 -7.51236486 10.31688976
v 6.30980587 -8.02470303 10.59801006
v 7.36010599 -7.51236486 10.31688976
v 6.42213011 -8.04629803 10.80640030
v 6.42213011 -8.04629803 10.80640030
v 7.36010599 -7.51236486 10.31688976
v 7.44715786 -7.47515583 10.48221970
v 6.35229206 -7.68199921 10.10196972
v 7.05417490 -7.45815420 9.92085838
v 6.18293810 -7.95258999 10.41036034
v 6.18293810 -7.95258999 10.41036034
v 6.18293810 -7.95258999 10.41036034
v 6.30980587 -8.02470303 10.59801006
v 5.81544113 -8.23840237 10.80311012
v 5.81544113 -8.23840237 10.80311012
v 6.30980587 -8.02470303 10.59801006
v 6.42213011 -8.04629803 10.80640030
v 5.81544113 -8.23840237 10.80311012
v 6.42213011 -8.04629803 10.80640030
v 5.91116810 -8.26939774 11.01068974
v 7.44715786 -7.47515583 10.48221970
v 6.70180511 -7.92067480 10.93334961
v 6.42213011 -8.04629803 10.80640030
v 6.42213011 -8.04629803 10.80640030
v 6.70180511 -7.92067480 10.93334961
v 6.51136780 -8.01768017 11.01772976
v 6.42213011 -8.04629803 10.80640030
v 6.51136780 -8.01768017 11.01772976
v 5.91116810 -8.26939774 11.01068974
v 5.91116810 -8.26939774 11.01068974
v 6.51136780 -8.01768017 11.01772976
v 5.54654121 -8.41504288 11.36240005
v 5.91116810 -8.26939774 11.01068974
v 5.54654121 -8.41504288 11.36240005
v 5.37336779 -8.45915604 11.18414021
v 5.37336779 -8.45915604 11.18414021
v 5.54654121 -8.41504288 11.36240005
v 4.85725117 -8.61247253 11.53242016
v 5.37336779 -8.45915604 11.18414021
v 4.85725117 -8.61247253 11.53242016
v 5.29528093 -8.42011547 10.97737980
v 5.29528093 -8.42011547 10.97737980
v 4.85725117 -8.61247253 11.53242016
v 4.74875212 -8.56721210 11.11824989
v 5.29528093 -8.42011547 10.97737980
v 4.74875212 -8.56721210 11.11824989
v 5.20832109 -8.33494663 10.78880978
v 5.20832109 -8.33494663 10.78880978
v 4.74875212 -8.56721210 11.11824989
v 4.19790697 -8.43589211 10.85587025
v 5.20832109 -8.33494663 10.78880978
v 4.19790697 -8.43589211 10.85587025
v 5.11914206 -8.21153355 10.63150978
v 7.13090897 -6.98931313 9.57495403
v 7.10598183 -6.95469809 9.55637455
v 7.73483610 -6.44374323 9.55655479
v 10.39321995 -1.37931395 9.89526653
v 10.53297043 -1.37932003 10.16808987
v 10.47504044 -2.25905204 10.15073013
v 10.47504044 -2.25905204 10.15073013
v 10.53297043 -1.37932003 10.16808987
v 10.58318996 -1.37932599 10.45394993
v 10.17496014 -1.37930799 9.67581558
v 10.30389977 -1.37931097 9.78856659
v 10.25765991 -2.23316789 9.79300308
v 10.25765991 -2.23316789 9.79300308
v 10.30389977 -1.37931097 9.78856659
v 10.39321995 -1.37931395 9.89526653
v 9.91373158 -2.19220996 9.55649662
v 9.96128082 -1.37930298 9.55628586
v 10.17496014 -1.37930799 9.67581558
v 7.10598183 -6.95469809 9.55637455
v 6.88514423 -6.64802790 9.48221684
v 7.47913504 -6.16486120 9.48221684
v 7.96897602 -6.69910908 9.79325867
v 7.30825186 -7.23558187 9.79246521
v 7.20054722 -7.08601713 9.64038181
v 8.11687660 -6.86041689 10.15126038
v 8.11687660 -6.86041689 10.15126038
v 7.43624592 -7.41332293 10.14962959
v 7.34790611 -7.29064894 9.87156963
v 8.15409470 -6.90100718 10.53289032
v 7.46882391 -7.45856380 10.53069019
v 7.46951103 -7.45951796 10.48221970
v 10.17496014 -1.37930799 9.67581558
v 10.25765991 -2.23316789 9.79300308
v 9.91373158 -2.19220996 9.55649662
v 9.91373158 -2.19220996 9.55649662
v 10.25765991 -2.23316789 9.79300308
v 10.10801983 -3.07028103 9.79370213
v 9.91373158 -2.19220996 9.55649662
v 10.10801983 -3.07028103 9.79370213
v 9.77103996 -2.98909807 9.55665493
v 9.77103996 -2.98909807 9.55665493
v 10.10801983 -3.07028103 9.79370213
v 9.85859203 -3.89012003 9.79411983
v 9.53345203 -3.76951003 9.55675220
v 9.53345203 -3.76951003 9.55675220
v 9.85859203 -3.89012003 9.79411983
v 9.51484489 -4.67191601 9.79427719
v 9.20617485 -4.51371098 9.55678558
v 9.20617485 -4.51371098 9.55678558
v 9.51484489 -4.67191601 9.79427719
v 9.08277416 -5.40478086 9.79417801
v 8.79489803 -5.21137094 9.55676270
v 8.79489803 -5.21137094 9.55676270
v 9.08277416 -5.40478086 9.79417801
v 8.56262112 -6.08697510 9.79383373
v 8.29983044 -5.86086082 9.55668736
v 8.29983044 -5.86086082 9.55668736
v 8.56262112 -6.08697510 9.79383373
v 7.96897602 -6.69910908 9.79325867
v 8.29983044 -5.86086082 9.55668736
v 7.96897602 -6.69910908 9.79325867
v 7.73483610 -6.44374323 9.55655479
v 7.73483610 -6.44374323 9.55655479
v 7.96897602 -6.69910908 9.79325867
v 7.20054722 -7.08601713 9.64038181
v 7.73483610 -6.44374323 9.55655479
v 7.20054722 -7.08601713 9.64038181
v 7.13090897 -6.98931313 9.57495403
v 10.39321995 -1.37931395 9.89526653
v 10.47504044 -2.25905204 10.15073013
v 10.25765991 -2.23316789 9.79300308
v 10.25765991 -2.23316789 9.79300308
v 10.47504044 -2.25905204 10.15073013
v 10.32067966 -3.12151194 10.15215969
v 10.10801983 -3.07028103 9.79370213
v 10.10801983 -3.07028103 9.79370213
v 10.32067966 -3.12151194 10.15215969
v 10.06357956 -3.96616101 10.15301037
v 9.85859203 -3.89012003 9.79411983
v 9.85859203 -3.89012003 9.79411983
v 10.06357956 -3.96616101 10.15301037
v 9.70938492 -4.77162504 10.15332985
v 9.51484489 -4.67191601 9.79427719
v 9.51484489 -4.67191601 9.79427719
v 9.70938492 -4.77162504 10.15332985
v 9.26424503 -5.52670383 10.15312958
v 9.08277416 -5.40478086 9.79417801
v 9.08277416 -5.40478086 9.79417801
v 9.26424503 -5.52670383 10.15312958
v 8.72840405 -6.22962284 10.15242958
v 8.56262112 -6.08697510 9.79383373
v 8.56262112 -6.08697510 9.79383373
v 8.72840405 -6.22962284 10.15242958
v 8.11687660 -6.86041689 10.15126038
v 7.96897602 -6.69910908 9.79325867
v 7.96897602 -6.69910908 9.79325867
v 8.11687660 -6.86041689 10.15126038
v 7.34790611 -7.29064894 9.87156963
v 7.96897602 -6.69910908 9.79325867
v 7.34790611 -7.29064894 9.87156963
v 7.30825186 -7.23558187 9.79246521
v 7.46951103 -7.45951796 10.48221970
v 8.11687660 -6.86041689 10.15126038
v 8.15409470 -6.90100718 10.53289032
v 8.15409470 -6.90100718 10.53289032
v 8.11687660 -6.86041689 10.15126038
v 8.72840405 -6.22962284 10.15242958
v 8.76977634 -6.26522112 10.53446960
v 8.76977634 -6.26522112 10.53446960
v 8.72840405 -6.22962284 10.15242958
v 9.26424503 -5.52670383 10.15312958
v 9.30930519 -5.55697584 10.53542042
v 9.30930519 -5.55697584 10.53542042
v 9.26424503 -5.52670383 10.15312958
v 9.70938492 -4.77162504 10.15332985
v 9.75761795 -4.79634619 10.53569031
v 9.75761795 -4.79634619 10.53569031
v 9.70938492 -4.77162504 10.15332985
v 10.06357956 -3.96616101 10.15301037
v 10.11452961 -3.98505807 10.53526020
v 10.11452961 -3.98505807 10.53526020
v 10.06357956 -3.96616101 10.15301037
v 10.32067966 -3.12151194 10.15215969
v 10.37384987 -3.13432097 10.53411007
v 10.37384987 -3.13432097 10.53411007
v 10.32067966 -3.12151194 10.15215969
v 10.47504044 -2.25905204 10.15073013
v 10.37384987 -3.13432097 10.53411007
v 10.47504044 -2.25905204 10.15073013
v 10.52993965 -2.26558709 10.53217030
v 10.52993965 -2.26558709 10.53217030
v 10.47504044 -2.25905204 10.15073013
v 10.58318996 -1.37932599 10.45394993
v 10.52993965 -2.26558709 10.53217030
v 10.58318996 -1.37932599 10.45394993
v 10.58246994 -1.37932706 10.52960968
v 9.53817558 -2.14748406 9.48221684
v 9.58358860 -1.37929595 9.48221684
v 9.89673424 -1.37930202 9.53251076
v 7.73483610 -6.44374323 9.55655479
v 7.73483610 -6.44374323 9.55655479
v 7.47913504 -6.16486120 9.48221684
v 8.01279068 -5.61388111 9.48221684
v 8.29983044 -5.86086082 9.55668736
v 8.29983044 -5.86086082 9.55668736
v 8.01279068 -5.61388111 9.48221684
v 8.48042202 -5.00009012 9.48221684
v 8.79489803 -5.21137094 9.55676270
v 8.79489803 -5.21137094 9.55676270
v 8.48042202 -5.00009012 9.48221684
v 8.86897087 -4.34088278 9.48221684
v 9.20617485 -4.51371098 9.55678558
v 9.20617485 -4.51371098 9.55678558
v 8.86897087 -4.34088278 9.48221684
v 9.17827511 -3.63775706 9.48221684
v 9.53345203 -3.76951003 9.55675220
v 9.53345203 -3.76951003 9.55675220
v 9.17827511 -3.63775706 9.48221684
v 9.40297508 -2.90042710 9.48221684
v 9.77103996 -2.98909807 9.55665493
v 9.77103996 -2.98909807 9.55665493
v 9.40297508 -2.90042710 9.48221684
v 9.53817558 -2.14748406 9.48221684
v 9.91373158 -2.19220996 9.55649662
v 9.91373158 -2.19220996 9.55649662
v 9.53817558 -2.14748406 9.48221684
v 9.89673424 -1.37930202 9.53251076
v 9.91373158 -2.19220996 9.55649662
v 9.89673424 -1.37930202 9.53251076
v 9.96128082 -1.37930298 9.55628586
v 10.58246994 -1.37932706 10.52960968
v 10.58246994 2.00000000 10.52960968
v 10.46714020 -1.27404594 12.81188011
v 10.35849953 2.00000000 14.74413013
v 10.46714020 -1.27404594 12.81188011
v 10.35849953 2.00000000 14.74413013
v 10.33815002 -1.07379103 15.08718967
v 10.09342003 2.00000000 18.85967064
v 10.04065990 -0.38979730 19.60280991
v 10.35849953 2.00000000 14.74413013
v 10.04065990 -0.38979730 19.60280991
v 10.19585991 -0.77893960 17.35185051
v 10.19585991 -0.77893960 17.35185051
v 9.41746330 2.00000000 27.17663002
v 9.41744423 1.65694201 27.17663956
v 10.09342003 2.00000000 18.85967064
v 10.09342003 2.00000000 18.85967064
v 9.41744423 1.65694201 27.17663956
v 9.50409412 1.33533502 26.22748947
v 9.50409412 1.33533502 26.22748947
v 9.69408512 0.66823822 24.04455948
v 10.09342003 2.00000000 18.85967064
v 10.09342003 2.00000000 18.85967064
v 9.69408512 0.66823822 24.04455948
v 9.87321758 0.09276801 21.83460045
v 10.09342003 2.00000000 18.85967064
v 9.87321758 0.09276801 21.83460045
v 10.04065990 -0.38979730 19.60280991
v 6.83248711 -3.44487000 29.01049995
v 6.32964706 -3.23056889 30.11503983
v 6.16808414 -3.38585806 30.09392929
v 7.25898218 -0.97944027 31.07950020
v 6.54581308 -1.98098397 31.16370010
v 6.63746119 -2.08572507 30.98679924
v 5.70853710 -2.88430190 31.12158012
v 5.05742979 -3.79037189 30.59823036
v 5.22755480 -3.79971194 30.45115089
v 5.70853710 -2.88430190 31.12158012
v 5.79954720 -3.63514590 30.14856911
v 5.98938417 -3.52224398 30.10523033
v 5.60494995 -3.72077298 30.22248077
v 5.79954720 -3.63514590 30.14856911
v 5.70853710 -2.88430190 31.12158012
v 6.16808414 -3.38585806 30.09392929
v 6.32964706 -3.23056889 30.11503983
v 5.70853710 -2.88430190 31.12158012
v 5.70853710 -2.88430190 31.12158012
v 6.58041191 -2.88460207 30.25058937
v 6.66119289 -2.70554209 30.36046982
v 6.46864510 -3.06159210 30.16785049
v 6.58041191 -2.88460207 30.25058937
v 5.70853710 -2.88430190 31.12158012
v 5.70853710 -2.88430190 31.12158012
v 6.72007990 -2.36513805 30.64613914
v 6.69620800 -2.21522593 30.81233025
v 6.70827723 -2.53042793 30.49382019
v 6.72007990 -2.36513805 30.64613914
v 5.70853710 -2.88430190 31.12158012
v 6.66119289 -2.70554209 30.36046982
v 6.70827723 -2.53042793 30.49382019
v 5.70853710 -2.88430190 31.12158012
v 6.63746119 -2.08572507 30.98679924
v 6.54581308 -1.98098397 31.16370010
v 5.70853710 -2.88430190 31.12158012
v 8.08766460 -2.19141507 28.42472076
v 8.09914017 -2.17540002 28.42008018
v 8.16255474 -2.00266290 28.54772949
v 8.16255474 -2.00266290 28.54772949
v 8.09914017 -2.17540002 28.42008018
v 8.54728413 -1.46522701 28.20853043
v 8.90973663 -0.70785648 27.97223091
v 9.17970657 0.08755898 27.71380997
v 9.26093102 0.61614561 27.79213905
v 9.26093102 0.61614561 27.79213905
v 9.17970657 0.08755898 27.71380997
v 9.35103703 0.90889931 27.43701935
v 9.07112885 1.65689802 28.83692932
v 9.15409946 1.28702497 28.53586006
v 9.29140282 1.65691996 28.01645088
v 7.16512489 -0.47818550 31.43364906
v 7.04374504 -0.75273699 31.43401909
v 7.01931906 -0.82857919 31.42157936
v 7.01931906 -0.82857919 31.42157936
v 7.04374504 -0.75273699 31.43401909
v 6.65649700 -1.50772595 31.39212990
v 7.01931906 -0.82857919 31.42157936
v 6.65649700 -1.50772595 31.39212990
v 6.42402506 -2.04039001 31.23465919
v 6.42402506 -2.04039001 31.23465919
v 6.65649700 -1.50772595 31.39212990
v 6.20884705 -2.22210693 31.28727913
v 6.42402506 -2.04039001 31.23465919
v 6.20884705 -2.22210693 31.28727913
v 5.70853710 -2.88430190 31.12158012
v 8.23984909 1.20823097 30.54458046
v 7.90635920 1.65683305 31.04196930
v 7.78623104 1.49377000 31.19203949
v 7.78623104 1.49377000 31.19203949
v 7.90635920 1.65683305 31.04196930
v 7.79758120 1.65682805 31.18074989
v 7.78623104 1.49377000 31.19203949
v 7.79758120 1.65682805 31.18074989
v 7.61800098 0.83991611 31.32761955
v 7.57284498 0.67595631 31.34977913
v 7.36562300 0.03317159 31.41242981
v 7.47740602 0.31447229 31.37278938
v 8.58209610 0.81709272 29.88397980
v 8.55695057 1.65686405 30.03342056
v 8.23984909 1.20823097 30.54458046
v 8.23984909 1.20823097 30.54458046
v 8.55695057 1.65686405 30.03342056
v 8.36044693 1.65685403 30.37725067
v 8.23984909 1.20823097 30.54458046
v 8.36044693 1.65685403 30.37725067
v 7.90635920 1.65683305 31.04196930
v 8.89062500 -0.22633550 28.61182976
v 9.15409946 1.28702497 28.53586006
v 8.80147457 0.33348989 29.23244095
v 8.80147457 0.33348989 29.23244095
v 9.15409946 1.28702497 28.53586006
v 9.07112885 1.65689802 28.83692932
v 8.80147457 0.33348989 29.23244095
v 9.07112885 1.65689802 28.83692932
v 8.58209610 0.81709272 29.88397980
v 8.75947762 1.65687597 29.62725067
v 8.58209610 0.81709272 29.88397980
v 8.75947762 1.65687597 29.62725067
v 8.55695057 1.65686405 30.03342056
v 5.40266085 -4.41204405 29.22246933
v 5.02324486 -4.69245577 29.03210068
v 5.76472187 -4.30576992 28.96298981
v 4.65805912 -4.56778908 29.67363930
v 4.32240486 -4.54936123 29.96383095
v 3.52330589 -5.14077711 29.23550987
v 5.40266085 -4.41204405 29.22246933
v 5.02222109 -4.52149820 29.42371941
v 5.02324486 -4.69245577 29.03210068
v 5.02324486 -4.69245577 29.03210068
v 5.02222109 -4.52149820 29.42371941
v 4.65805912 -4.56778908 29.67363930
v 5.02324486 -4.69245577 29.03210068
v 4.65805912 -4.56778908 29.67363930
v 4.24829292 -4.99799204 29.06920052
v 4.24829292 -4.99799204 29.06920052
v 4.65805912 -4.56778908 29.67363930
v 3.52330589 -5.14077711 29.23550987
v 4.24829292 -4.99799204 29.06920052
v 3.52330589 -5.14077711 29.23550987
v 3.45004106 -5.22013092 29.07443047
v 3.45004106 -5.22013092 29.07443047
v 3.52330589 -5.14077711 29.23550987
v 2.63866997 -5.35772610 29.04830933
v 4.02653122 -4.46683407 30.28455925
v 3.29127192 -4.88739920 29.89419937
v 3.08950901 -5.01977921 29.70573997
v 3.08950901 -5.01977921 29.70573997
v 3.29127192 -4.88739920 29.89419937
v 2.62341809 -5.19198990 29.46651077
v 3.08950901 -5.01977921 29.70573997
v 2.62341809 -5.19198990 29.46651077
v 2.12170291 -5.39244986 29.03996086
v 5.70853710 -2.88430190 31.12158012
v 5.15839577 -3.49074507 30.89583969
v 4.90746880 -3.74854302 30.76078987
v 4.90746880 -3.74854302 30.76078987
v 5.15839577 -3.49074507 30.89583969
v 4.56694603 -4.03128481 30.61347961
v 4.90746880 -3.74854302 30.76078987
v 4.56694603 -4.03128481 30.61347961
v 4.02653122 -4.46683407 30.28455925
v 4.02653122 -4.46683407 30.28455925
v 4.56694603 -4.03128481 30.61347961
v 3.94189811 -4.49883604 30.27816010
v 4.02653122 -4.46683407 30.28455925
v 3.94189811 -4.49883604 30.27816010
v 3.29127192 -4.88739920 29.89419937
v 7.36562300 0.03317159 31.41242981
v 7.16512489 -0.47818550 31.43364906
v 7.47740602 0.31447229 31.37278938
v 7.47740602 0.31447229 31.37278938
v 7.16512489 -0.47818550 31.43364906
v 7.01931906 -0.82857919 31.42157936
v 7.47740602 0.31447229 31.37278938
v 7.01931906 -0.82857919 31.42157936
v 7.25898218 -0.97944027 31.07950020
v 7.25898218 -0.97944027 31.07950020
v 7.01931906 -0.82857919 31.42157936
v 6.42402506 -2.04039001 31.23465919
v 7.25898218 -0.97944027 31.07950020
v 6.42402506 -2.04039001 31.23465919
v 6.54581308 -1.98098397 31.16370010
v 6.54581308 -1.98098397 31.16370010
v 6.42402506 -2.04039001 31.23465919
v 5.70853710 -2.88430190 31.12158012
v 7.43980408 -1.18609405 30.73048019
v 6.69620800 -2.21522593 30.81233025
v 7.55571222 -1.44159997 30.38624954
v 7.55571222 -1.44159997 30.38624954
v 6.69620800 -2.21522593 30.81233025
v 6.72007990 -2.36513805 30.64613914
v 7.60281181 -1.73737705 30.05834961
v 7.60281181 -1.73737705 30.05834961
v 6.72007990 -2.36513805 30.64613914
v 6.70827723 -2.53042793 30.49382019
v 7.57952404 -2.06349301 29.75782013
v 7.57952404 -2.06349301 29.75782013
v 6.70827723 -2.53042793 30.49382019
v 6.66119289 -2.70554209 30.36046982
v 7.48662901 -2.40899396 29.49473000
v 7.48662901 -2.40899396 29.49473000
v 6.66119289 -2.70554209 30.36046982
v 6.58041191 -2.88460207 30.25058937
v 7.32724714 -2.76227689 29.27792931
v 7.32724714 -2.76227689 29.27792931
v 6.58041191 -2.88460207 30.25058937
v 6.46864510 -3.06159210 30.16785049
v 7.10673094 -3.11147904 29.11469078
v 5.60494995 -3.72077298 30.22248077
v 5.78660202 -4.24310207 29.07665062
v 5.79954720 -3.63514590 30.14856911
v 5.79954720 -3.63514590 30.14856911
v 5.78660202 -4.24310207 29.07665062
v 6.16114902 -4.02034521 28.99114990
v 5.98938417 -3.52224398 30.10523033
v 5.98938417 -3.52224398 30.10523033
v 6.16114902 -4.02034521 28.99114990
v 6.51372385 -3.75125599 28.96884918
v 5.40266085 -4.41204405 29.22246933
v 5.41212702 -3.77624893 30.32448006
v 5.02222109 -4.52149820 29.42371941
v 5.02222109 -4.52149820 29.42371941
v 5.41212702 -3.77624893 30.32448006
v 5.22755480 -3.79971194 30.45115089
v 4.65805912 -4.56778908 29.67363930
v 4.65805912 -4.56778908 29.67363930
v 5.22755480 -3.79971194 30.45115089
v 5.05742979 -3.79037189 30.59823036
v 4.32240486 -4.54936123 29.96383095
v 5.41212702 -3.77624893 30.32448006
v 5.70853710 -2.88430190 31.12158012
v 5.22755480 -3.79971194 30.45115089
v 7.48662901 -2.40899396 29.49473000
v 8.29875278 -1.49610400 28.93346024
v 7.57952404 -2.06349301 29.75782013
v 7.57952404 -2.06349301 29.75782013
v 8.29875278 -1.49610400 28.93346024
v 8.33289909 -1.01796806 29.37409019
v 7.60281181 -1.73737705 30.05834961
v 7.60281181 -1.73737705 30.05834961
v 8.33289909 -1.01796806 29.37409019
v 8.26384068 -0.58431208 29.85482979
v 7.55571222 -1.44159997 30.38624954
v 7.55571222 -1.44159997 30.38624954
v 8.26384068 -0.58431208 29.85482979
v 8.09390163 -0.20970030 30.35954094
v 7.43980408 -1.18609405 30.73048019
v 7.43980408 -1.18609405 30.73048019
v 8.09390163 -0.20970030 30.35954094
v 7.82878923 0.09328627 30.87125015
v 6.83248711 -3.44487000 29.01049995
v 7.10673094 -3.11147904 29.11469078
v 6.32964706 -3.23056889 30.11503983
v 6.46864510 -3.06159210 30.16785049
v 6.32964706 -3.23056889 30.11503983
v 6.46864510 -3.06159210 30.16785049
v 5.70853710 -2.88430190 31.12158012
v 2.62341809 -5.19198990 29.46651077
v 1.94948006 -5.40804005 29.00241089
v 2.12170291 -5.39244986 29.03996086
v 2.12170291 -5.39244986 29.03996086
v 1.94948006 -5.40804005 29.00241089
v 2.63866997 -5.35772610 29.04830933
v 2.12170291 -5.39244986 29.03996086
v 2.63866997 -5.35772610 29.04830933
v 3.08950901 -5.01977921 29.70573997
v 3.08950901 -5.01977921 29.70573997
v 2.63866997 -5.35772610 29.04830933
v 3.52330589 -5.14077711 29.23550987
v 3.08950901 -5.01977921 29.70573997
v 3.52330589 -5.14077711 29.23550987
v 4.02653122 -4.46683407 30.28455925
v 4.32240486 -4.54936123 29.96383095
v 4.02653122 -4.46683407 30.28455925
v 4.32240486 -4.54936123 29.96383095
v 4.90746880 -3.74854302 30.76078987
v 5.05742979 -3.79037189 30.59823036
v 4.90746880 -3.74854302 30.76078987
v 5.05742979 -3.79037189 30.59823036
v 5.70853710 -2.88430190 31.12158012
v 7.10646820 -3.30428696 28.73040009
v 6.51372385 -3.75125599 28.96884918
v 6.46268511 -3.84128594 28.86211967
v 6.46268511 -3.84128594 28.86211967
v 6.51372385 -3.75125599 28.96884918
v 6.16114902 -4.02034521 28.99114990
v 6.46268511 -3.84128594 28.86211967
v 6.16114902 -4.02034521 28.99114990
v 5.76472187 -4.30576992 28.96298981
v 5.76472187 -4.30576992 28.96298981
v 6.16114902 -4.02034521 28.99114990
v 5.78660202 -4.24310207 29.07665062
v 5.76472187 -4.30576992 28.96298981
v 5.78660202 -4.24310207 29.07665062
v 5.40266085 -4.41204405 29.22246933
v 5.40266085 -4.41204405 29.22246933
v 5.60494995 -3.72077298 30.22248077
v 5.41212702 -3.77624893 30.32448006
v 5.60494995 -3.72077298 30.22248077
v 5.70853710 -2.88430190 31.12158012
v 7.78623104 1.49377000 31.19203949
v 7.82878923 0.09328627 30.87125015
v 8.23984909 1.20823097 30.54458046
v 8.23984909 1.20823097 30.54458046
v 7.82878923 0.09328627 30.87125015
v 8.09390163 -0.20970030 30.35954094
v 8.58209610 0.81709272 29.88397980
v 8.58209610 0.81709272 29.88397980
v 8.09390163 -0.20970030 30.35954094
v 8.26384068 -0.58431208 29.85482979
v 8.80147457 0.33348989 29.23244095
v 8.80147457 0.33348989 29.23244095
v 8.26384068 -0.58431208 29.85482979
v 8.33289909 -1.01796806 29.37409019
v 8.89062500 -0.22633550 28.61182976
v 8.89062500 -0.22633550 28.61182976
v 8.33289909 -1.01796806 29.37409019
v 8.29875278 -1.49610400 28.93346024
v 8.84654617 -0.84358257 28.04298973
v 7.61800098 0.83991611 31.32761955
v 7.57284498 0.67595631 31.34977913
v 7.78623104 1.49377000 31.19203949
v 7.78623104 1.49377000 31.19203949
v 7.57284498 0.67595631 31.34977913
v 7.47740602 0.31447229 31.37278938
v 7.47740602 0.31447229 31.37278938
v 7.82878923 0.09328627 30.87125015
v 7.25898218 -0.97944027 31.07950020
v 7.43980408 -1.18609405 30.73048019
v 6.63746119 -2.08572507 30.98679924
v 6.69620800 -2.21522593 30.81233025
v 6.63746119 -2.08572507 30.98679924
v 5.70853710 -2.88430190 31.12158012
v 9.41744423 1.65694201 27.17663956
v 9.29140282 1.65691996 28.01645088
v 9.35103703 0.90889931 27.43701935
v 9.35103703 0.90889931 27.43701935
v 9.29140282 1.65691996 28.01645088
v 9.15409946 1.28702497 28.53586006
v 9.35103703 0.90889931 27.43701935
v 9.15409946 1.28702497 28.53586006
v 9.26093102 0.61614561 27.79213905
v 9.26093102 0.61614561 27.79213905
v 9.26093102 0.61614561 27.79213905
v 8.89062500 -0.22633550 28.61182976
v 8.90973663 -0.70785648 27.97223091
v 8.90973663 -0.70785648 27.97223091
v 8.89062500 -0.22633550 28.61182976
v 8.84654617 -0.84358257 28.04298973
v 8.90973663 -0.70785648 27.97223091
v 8.84654617 -0.84358257 28.04298973
v 8.54728413 -1.46522701 28.20853043
v 8.54728413 -1.46522701 28.20853043
v 8.84654617 -0.84358257 28.04298973
v 8.29875278 -1.49610400 28.93346024
v 8.54728413 -1.46522701 28.20853043
v 8.29875278 -1.49610400 28.93346024
v 8.16255474 -2.00266290 28.54772949
v 8.16255474 -2.00266290 28.54772949
v 8.16255474 -2.00266290 28.54772949
v 7.48662901 -2.40899396 29.49473000
v 8.08766460 -2.19141507 28.42472076
v 8.08766460 -2.19141507 28.42472076
v 7.48662901 -2.40899396 29.49473000
v 7.32724714 -2.76227689 29.27792931
v 8.08766460 -2.19141507 28.42472076
v 7.32724714 -2.76227689 29.27792931
v 7.63261986 -2.76306200 28.58626938
v 7.63261986 -2.76306200 28.58626938
v 7.32724714 -2.76227689 29.27792931
v 7.10673094 -3.11147904 29.11469078
v 7.63261986 -2.76306200 28.58626938
v 7.10673094 -3.11147904 29.11469078
v 7.10646820 -3.30428696 28.73040009
v 7.10646820 -3.30428696 28.73040009
v 7.10673094 -3.11147904 29.11469078
v 6.83248711 -3.44487000 29.01049995
v 7.10646820 -3.30428696 28.73040009
v 6.83248711 -3.44487000 29.01049995
v 6.51372385 -3.75125599 28.96884918
v 6.51372385 -3.75125599 28.96884918
v 6.16808414 -3.38585806 30.09392929
v 5.98938417 -3.52224398 30.10523033
v 6.16808414 -3.38585806 30.09392929
v 5.70853710 -2.88430190 31.12158012
v -1.87693596 -5.37279177 29.10107994
v -1.94951499 -5.40803909 29.00242043
v -2.12761688 -6.16484499 26.73723984
v -1.23131704 -5.15453720 29.70021057
v -1.55405200 -5.24595881 29.45165062
v 2.12803793 -6.16644812 26.73203087
v 2.12803793 -6.16644812 26.73203087
v 1.94948006 -5.40804005 29.00241089
v -1.23131704 -5.15453720 29.70021057
v -1.23131704 -5.15453720 29.70021057
v 1.94948006 -5.40804005 29.00241089
v 1.61966705 -5.26840019 29.39011955
v -1.23131704 -5.15453720 29.70021057
v 1.61966705 -5.26840019 29.39011955
v -0.82355940 -5.07595491 29.91120911
v -0.82355940 -5.07595491 29.91120911
v 1.24075699 -5.15682411 29.69404030
v 1.24075699 -5.15682411 29.69404030
v -0.44328621 -5.03312492 30.02519989
v 0.82163602 -5.07551003 29.91239929
v 0.38306981 -5.02853107 30.03738976
v -0.00003674 -5.01601601 30.07055092
v -1.87693596 -5.37279177 29.10107994
v 2.12803793 -6.16644812 26.73203087
v -1.87693596 -5.37279177 29.10107994
v -2.12761688 -6.16484499 26.73723984
v 2.12803793 -6.16644812 26.73203087
v -2.12761688 -6.16484499 26.73723984
v 2.29595709 -6.82736683 24.45770073
v -2.29408312 -6.82055616 24.48295021
v 2.29595709 -6.82736683 24.45770073
v -2.29408312 -6.82055616 24.48295021
v 2.45428300 -7.39759302 22.16173935
v -2.29408312 -6.82055616 24.48295021
v -2.38902593 -7.16946077 23.12730026
v 2.45428300 -7.39759302 22.16173935
v 2.45428300 -7.39759302 22.16173935
v -2.38902593 -7.16946077 23.12730026
v -2.45123506 -7.38719177 22.20735931
v 2.45428300 -7.39759302 22.16173935
v -2.45123506 -7.38719177 22.20735931
v 2.60254502 -7.87677813 19.84672928
v -2.59851909 -7.86445189 19.91258049
v 2.60254502 -7.87677813 19.84672928
v -2.59851909 -7.86445189 19.91258049
v 2.65099192 -8.02007580 19.04884911
v -2.65101695 -8.02007771 19.04886055
v 2.65099192 -8.02007580 19.04884911
v -2.65101695 -8.02007771 19.04886055
v 2.74024606 -8.26436520 17.51617050
v -2.73716402 -8.25638962 17.57065010
v 2.74024606 -8.26436520 17.51617050
v -2.73716402 -8.25638962 17.57065010
v 2.86699796 -8.55992413 15.17413044
v -3.03323889 -8.82721519 11.71067047
v 3.03320503 -8.82721424 11.71067047
v -2.98156404 -8.76181602 12.84519005
v 2.98256302 -8.76328182 12.82330036
v -2.98156404 -8.76181602 12.84519005
v 2.98256302 -8.76328182 12.82330036
v -2.87998295 -8.58627701 14.92127037
v -2.87998295 -8.58627701 14.92127037
v 2.98256302 -8.76328182 12.82330036
v 2.86699796 -8.55992413 15.17413044
v -2.87998295 -8.58627701 14.92127037
v 2.86699796 -8.55992413 15.17413044
v -2.86500692 -8.55584431 15.21253014
v -2.86500692 -8.55584431 15.21253014
v 2.65099192 -8.02007580 19.04884911
v 2.74024606 -8.26436520 17.51617050
v 3.37042904 -8.25266171 17.41596985
v 7.83828211 -3.48612309 26.38954926
v 8.30528641 -2.88571310 26.24287033
v 8.08766460 -2.19141507 28.42472076
v 8.08766460 -2.19141507 28.42472076
v 8.30528641 -2.88571310 26.24287033
v 8.09914017 -2.17540002 28.42008018
v 8.09914017 -2.17540002 28.42008018
v 8.30528641 -2.88571310 26.24287033
v 8.70239353 -2.25111198 26.07943916
v 8.54728413 -1.46522701 28.20853043
v 8.54728413 -1.46522701 28.20853043
v 8.70239353 -2.25111198 26.07943916
v 9.02620602 -1.59353602 25.90246010
v 8.54728413 -1.46522701 28.20853043
v 9.02620602 -1.59353602 25.90246010
v 8.90973663 -0.70785648 27.97223091
v 8.90973663 -0.70785648 27.97223091
v 9.02620602 -1.59353602 25.90246010
v 9.27575302 -0.92420882 25.71533966
v 8.90973663 -0.70785648 27.97223091
v 9.27575302 -0.92420882 25.71533966
v 9.17970657 0.08755898 27.71380997
v 9.27575302 -0.92420882 25.71533966
v 9.45233917 -0.25380641 25.52153969
v 9.17970657 0.08755898 27.71380997
v 9.17970657 0.08755898 27.71380997
v 9.45233917 -0.25380641 25.52153969
v 9.55922508 0.40799311 25.32435989
v 9.17970657 0.08755898 27.71380997
v 9.55922508 0.40799311 25.32435989
v 9.35103703 0.90889931 27.43701935
v 9.35103703 0.90889931 27.43701935
v 9.55922508 0.40799311 25.32435989
v 9.50409412 1.33533502 26.22748947
v 9.41744423 1.65694201 27.17663956
v 10.45518970 -1.90285599 12.56657982
v 10.52993965 -2.26558709 10.53217030
v 10.46714020 -1.27404594 12.81188011
v 10.46714020 -1.27404594 12.81188011
v 10.52993965 -2.26558709 10.53217030
v 10.58246994 -1.37932706 10.52960968
v 10.45518970 -1.90285599 12.56657982
v 10.36363029 -2.59451699 12.60540009
v 10.52993965 -2.26558709 10.53217030
v 10.52993965 -2.26558709 10.53217030
v 10.36363029 -2.59451699 12.60540009
v 10.20240974 -3.29516912 12.64111042
v 10.52993965 -2.26558709 10.53217030
v 10.20240974 -3.29516912 12.64111042
v 10.37384987 -3.13432097 10.53411007
v 10.37384987 -3.13432097 10.53411007
v 10.20240974 -3.29516912 12.64111042
v 9.96802807 -3.99469805 12.67288971
v 10.37384987 -3.13432097 10.53411007
v 9.96802807 -3.99469805 12.67288971
v 10.11452961 -3.98505807 10.53526020
v 10.11452961 -3.98505807 10.53526020
v 9.96802807 -3.99469805 12.67288971
v 9.65892601 -4.68194389 12.69993973
v 10.11452961 -3.98505807 10.53526020
v 9.65892601 -4.68194389 12.69993973
v 9.75761795 -4.79634619 10.53569031
v 9.75761795 -4.79634619 10.53569031
v 9.65892601 -4.68194389 12.69993973
v 9.27581406 -5.34518003 12.72155952
v 9.75761795 -4.79634619 10.53569031
v 9.27581406 -5.34518003 12.72155952
v 9.30930519 -5.55697584 10.53542042
v 9.30930519 -5.55697584 10.53542042
v 9.27581406 -5.34518003 12.72155952
v 8.82183361 -5.97268105 12.73717976
v 9.30930519 -5.55697584 10.53542042
v 8.82183361 -5.97268105 12.73717976
v 8.76977634 -6.26522112 10.53446960
v 8.76977634 -6.26522112 10.53446960
v 8.82183361 -5.97268105 12.73717976
v 8.30257988 -6.55336285 12.74639034
v 8.76977634 -6.26522112 10.53446960
v 8.30257988 -6.55336285 12.74639034
v 8.15409470 -6.90100718 10.53289032
v 6.44019222 -7.92576981 12.73460007
v 7.46882391 -7.45856380 10.53069019
v 7.10141706 -7.53680992 12.74499035
v 7.10141706 -7.53680992 12.74499035
v 7.46882391 -7.45856380 10.53069019
v 8.15409470 -6.90100718 10.53289032
v 7.10141706 -7.53680992 12.74499035
v 8.15409470 -6.90100718 10.53289032
v 7.72588015 -7.07740879 12.74899960
v 7.72588015 -7.07740879 12.74899960
v 8.15409470 -6.90100718 10.53289032
v 8.30257988 -6.55336285 12.74639034
v 5.54654121 -8.41504288 11.36240005
v 6.51136780 -8.01768017 11.01772976
v 6.44019222 -7.92576981 12.73460007
v 6.44019222 -7.92576981 12.73460007
v 6.51136780 -8.01768017 11.01772976
v 6.70180511 -7.92067480 10.93334961
v 6.44019222 -7.92576981 12.73460007
v 6.70180511 -7.92067480 10.93334961
v 7.46882391 -7.45856380 10.53069019
v 6.44019222 -7.92576981 12.73460007
v 5.75391006 -8.24092197 12.71823025
v 5.54654121 -8.41504288 11.36240005
v 5.54654121 -8.41504288 11.36240005
v 5.75391006 -8.24092197 12.71823025
v 5.05433178 -8.48134804 12.69643021
v 5.54654121 -8.41504288 11.36240005
v 5.05433178 -8.48134804 12.69643021
v 4.85725117 -8.61247253 11.53242016
v 4.85725117 -8.61247253 11.53242016
v 5.05433178 -8.48134804 12.69643021
v 4.31733084 -8.72126579 11.62512016
v 5.05433178 -8.48134804 12.69643021
v 4.35269880 -8.64841366 12.66989994
v 4.31733084 -8.72126579 11.62512016
v 4.31733084 -8.72126579 11.62512016
v 4.35269880 -8.64841366 12.66989994
v 3.65924191 -8.74546337 12.63936996
v 4.31733084 -8.72126579 11.62512016
v 3.65924191 -8.74546337 12.63936996
v 3.71191192 -8.79765701 11.68881035
v 2.98256302 -8.76328182 12.82330036
v 3.03320503 -8.82721424 11.71067047
v 3.65924191 -8.74546337 12.63936996
v 3.65375590 -8.80250072 11.69272041
v 3.65924191 -8.74546337 12.63936996
v 3.65375590 -8.80250072 11.69272041
v 3.71191192 -8.79765701 11.68881035
v 2.63866997 -5.35772610 29.04830933
v 1.94948006 -5.40804005 29.00241089
v 2.12803793 -6.16644812 26.73203087
v 2.12803793 -6.16644812 26.73203087
v 2.62564611 -6.13919306 26.76354027
v 2.63866997 -5.35772610 29.04830933
v 2.63866997 -5.35772610 29.04830933
v 2.62564611 -6.13919306 26.76354027
v 3.31963491 -6.04633379 26.79497910
v 2.63866997 -5.35772610 29.04830933
v 3.31963491 -6.04633379 26.79497910
v 3.45004106 -5.22013092 29.07443047
v 8.08766460 -2.19141507 28.42472076
v 7.63261986 -2.76306200 28.58626938
v 7.83828211 -3.48612309 26.38954926
v 7.83828211 -3.48612309 26.38954926
v 7.63261986 -2.76306200 28.58626938
v 7.10646820 -3.30428696 28.73040009
v 7.83828211 -3.48612309 26.38954926
v 7.10646820 -3.30428696 28.73040009
v 7.30721092 -4.04173517 26.51667023
v 7.30721092 -4.04173517 26.51667023
v 7.10646820 -3.30428696 28.73040009
v 6.46268511 -3.84128594 28.86211967
v 6.72010422 -4.54315615 26.62200928
v 6.72010422 -4.54315615 26.62200928
v 6.46268511 -3.84128594 28.86211967
v 5.76472187 -4.30576992 28.96298981
v 6.72010422 -4.54315615 26.62200928
v 5.76472187 -4.30576992 28.96298981
v 6.08680010 -4.98272324 26.70402908
v 6.08680010 -4.98272324 26.70402908
v 5.76472187 -4.30576992 28.96298981
v 5.02324486 -4.69245577 29.03210068
v 6.08680010 -4.98272324 26.70402908
v 5.02324486 -4.69245577 29.03210068
v 5.41840601 -5.35489082 26.76195908
v 5.41840601 -5.35489082 26.76195908
v 5.02324486 -4.69245577 29.03210068
v 4.24829292 -4.99799204 29.06920052
v 5.41840601 -5.35489082 26.76195908
v 4.24829292 -4.99799204 29.06920052
v 4.72667313 -5.65643597 26.79582024
v 4.72667313 -5.65643597 26.79582024
v 4.24829292 -4.99799204 29.06920052
v 3.45004106 -5.22013092 29.07443047
v 4.72667313 -5.65643597 26.79582024
v 3.45004106 -5.22013092 29.07443047
v 4.02335501 -5.88648176 26.80636978
v 4.02335501 -5.88648176 26.80636978
v 3.45004106 -5.22013092 29.07443047
v 3.31963491 -6.04633379 26.79497910
v 10.04065990 -0.38979730 19.60280991
v 9.87321758 0.09276801 21.83460045
v 10.05723953 -1.12167096 19.01836967
v 10.05723953 -1.12167096 19.01836967
v 9.87321758 0.09276801 21.83460045
v 9.90166473 -0.69403702 21.14096069
v 10.05723953 -1.12167096 19.01836967
v 9.90166473 -0.69403702 21.14096069
v 9.95928860 -1.80321598 19.13748932
v 9.95928860 -1.80321598 19.13748932
v 9.90166473 -0.69403702 21.14096069
v 9.80100060 -1.37005401 21.28639984
v 9.95928860 -1.80321598 19.13748932
v 9.80100060 -1.37005401 21.28639984
v 9.79166603 -2.49361992 19.25334930
v 9.79166603 -2.49361992 19.25334930
v 9.80100060 -1.37005401 21.28639984
v 9.63065910 -2.05485892 21.42855072
v 9.79166603 -2.49361992 19.25334930
v 9.63065910 -2.05485892 21.42855072
v 9.55096626 -3.18291593 19.36388969
v 9.38727379 -2.73856592 21.56491089
v 9.55096626 -3.18291593 19.36388969
v 9.38727379 -2.73856592 21.56491089
v 9.23573971 -3.86011100 19.46696091
v 9.23573971 -3.86011100 19.46696091
v 9.38727379 -2.73856592 21.56491089
v 9.06944561 -3.41026902 21.69289970
v 9.23573971 -3.86011100 19.46696091
v 9.06944561 -3.41026902 21.69289970
v 8.84680653 -4.51364613 19.56048965
v 8.67803288 -4.05850410 21.81001091
v 8.84680653 -4.51364613 19.56048965
v 8.67803288 -4.05850410 21.81001091
v 8.38741875 -5.13196898 19.64257050
v 8.21634102 -4.67181301 21.91387939
v 8.38741875 -5.13196898 19.64257050
v 8.21634102 -4.67181301 21.91387939
v 7.86326504 -5.70415688 19.71158981
v 7.86326504 -5.70415688 19.71158981
v 8.21634102 -4.67181301 21.91387939
v 7.69009113 -5.23936081 22.00248909
v 7.86326504 -5.70415688 19.71158981
v 7.69009113 -5.23936081 22.00248909
v 7.28225517 -6.22053909 19.76630020
v 7.10723686 -5.75155401 22.07427979
v 7.28225517 -6.22053909 19.76630020
v 7.10723686 -5.75155401 22.07427979
v 6.65414000 -6.67322111 19.80592918
v 6.47755384 -6.20056486 22.12821007
v 6.65414000 -6.67322111 19.80592918
v 6.47755384 -6.20056486 22.12821007
v 5.98996401 -7.05649185 19.83020020
v 5.81210518 -6.58072901 22.16383934
v 5.98996401 -7.05649185 19.83020020
v 5.81210518 -6.58072901 22.16383934
v 5.30144978 -7.36703396 19.83933067
v 5.12262106 -6.88875294 22.18131065
v 5.30144978 -7.36703396 19.83933067
v 5.12262106 -6.88875294 22.18131065
v 4.60035610 -7.60394287 19.83395958
v 4.42085886 -7.12374020 22.18132019
v 4.60035610 -7.60394287 19.83395958
v 4.42085886 -7.12374020 22.18132019
v 3.89789605 -7.76856518 19.81513023
v 3.71802497 -7.28702593 22.16501045
v 3.89789605 -7.76856518 19.81513023
v 3.71802497 -7.28702593 22.16501045
v 3.20426106 -7.86419392 19.78417015
v 3.02429199 -7.38187981 22.13389015
v 3.20426106 -7.86419392 19.78417015
v 3.02429199 -7.38187981 22.13389015
v 2.60254502 -7.87677813 19.84672928
v 2.45428300 -7.39759302 22.16173935
v 9.87321758 0.09276801 21.83460045
v 9.69408512 0.66823822 24.04455948
v 9.90166473 -0.69403702 21.14096069
v 9.90166473 -0.69403702 21.14096069
v 9.69408512 0.66823822 24.04455948
v 9.73546600 -0.18388270 23.24403000
v 9.90166473 -0.69403702 21.14096069
v 9.73546600 -0.18388270 23.24403000
v 9.80100060 -1.37005401 21.28639984
v 9.63181686 -0.85331410 23.41551018
v 9.80100060 -1.37005401 21.28639984
v 9.63181686 -0.85331410 23.41551018
v 9.63065910 -2.05485892 21.42855072
v 9.63065910 -2.05485892 21.42855072
v 9.63181686 -0.85331410 23.41551018
v 9.45848274 -1.53144801 23.58365059
v 9.63065910 -2.05485892 21.42855072
v 9.45848274 -1.53144801 23.58365059
v 9.38727379 -2.73856592 21.56491089
v 9.21214676 -2.20849395 23.74555016
v 9.38727379 -2.73856592 21.56491089
v 9.21214676 -2.20849395 23.74555016
v 9.06944561 -3.41026902 21.69289970
v 8.89145088 -2.87365294 23.89819908
v 9.06944561 -3.41026902 21.69289970
v 8.89145088 -2.87365294 23.89819908
v 8.67803288 -4.05850410 21.81001091
v 8.67803288 -4.05850410 21.81001091
v 8.89145088 -2.87365294 23.89819908
v 8.49730968 -3.51557302 24.03861046
v 8.67803288 -4.05850410 21.81001091
v 8.49730968 -3.51557302 24.03861046
v 8.21634102 -4.67181301 21.91387939
v 8.03307533 -4.12290621 24.16403008
v 8.21634102 -4.67181301 21.91387939
v 8.03307533 -4.12290621 24.16403008
v 7.69009113 -5.23936081 22.00248909
v 7.50451708 -4.68492508 24.27202034
v 7.69009113 -5.23936081 22.00248909
v 7.50451708 -4.68492508 24.27202034
v 7.10723686 -5.75155401 22.07427979
v 6.91962719 -5.19212914 24.36068916
v 7.10723686 -5.75155401 22.07427979
v 6.91962719 -5.19212914 24.36068916
v 6.47755384 -6.20056486 22.12821007
v 6.28821087 -5.63676500 24.42876053
v 6.47755384 -6.20056486 22.12821007
v 6.28821087 -5.63676500 24.42876053
v 5.81210518 -6.58072901 22.16383934
v 5.62135506 -6.01322508 24.47561073
v 5.81210518 -6.58072901 22.16383934
v 5.62135506 -6.01322508 24.47561073
v 5.12262106 -6.88875294 22.18131065
v 4.93079615 -6.31824780 24.50134087
v 5.12262106 -6.88875294 22.18131065
v 4.93079615 -6.31824780 24.50134087
v 4.42085886 -7.12374020 22.18132019
v 4.22829103 -6.55094624 24.50665092
v 4.42085886 -7.12374020 22.18132019
v 4.22829103 -6.55094624 24.50665092
v 3.71802497 -7.28702593 22.16501045
v 3.52503705 -6.71264219 24.49282074
v 3.71802497 -7.28702593 22.16501045
v 3.52503705 -6.71264219 24.49282074
v 3.02429199 -7.38187981 22.13389015
v 2.83118510 -6.80657101 24.46154022
v 3.02429199 -7.38187981 22.13389015
v 2.83118510 -6.80657101 24.46154022
v 2.45428300 -7.39759302 22.16173935
v 2.29595709 -6.82736683 24.45770073
v 9.69408512 0.66823822 24.04455948
v 9.50409412 1.33533502 26.22748947
v 9.73546600 -0.18388270 23.24403000
v 9.50409412 1.33533502 26.22748947
v 9.55922508 0.40799311 25.32435989
v 9.73546600 -0.18388270 23.24403000
v 9.55922508 0.40799311 25.32435989
v 9.63181686 -0.85331410 23.41551018
v 9.45233917 -0.25380641 25.52153969
v 9.63181686 -0.85331410 23.41551018
v 9.45233917 -0.25380641 25.52153969
v 9.45848274 -1.53144801 23.58365059
v 9.27575302 -0.92420882 25.71533966
v 9.45848274 -1.53144801 23.58365059
v 9.27575302 -0.92420882 25.71533966
v 9.21214676 -2.20849395 23.74555016
v 9.02620602 -1.59353602 25.90246010
v 9.21214676 -2.20849395 23.74555016
v 9.02620602 -1.59353602 25.90246010
v 8.89145088 -2.87365294 23.89819908
v 8.70239353 -2.25111198 26.07943916
v 8.89145088 -2.87365294 23.89819908
v 8.70239353 -2.25111198 26.07943916
v 8.49730968 -3.51557302 24.03861046
v 8.30528641 -2.88571310 26.24287033
v 8.49730968 -3.51557302 24.03861046
v 8.30528641 -2.88571310 26.24287033
v 8.03307533 -4.12290621 24.16403008
v 8.03307533 -4.12290621 24.16403008
v 8.30528641 -2.88571310 26.24287033
v 7.83828211 -3.48612309 26.38954926
v 8.03307533 -4.12290621 24.16403008
v 7.83828211 -3.48612309 26.38954926
v 7.50451708 -4.68492508 24.27202034
v 7.30721092 -4.04173517 26.51667023
v 7.50451708 -4.68492508 24.27202034
v 7.30721092 -4.04173517 26.51667023
v 6.91962719 -5.19212914 24.36068916
v 6.72010422 -4.54315615 26.62200928
v 6.91962719 -5.19212914 24.36068916
v 6.72010422 -4.54315615 26.62200928
v 6.28821087 -5.63676500 24.42876053
v 6.08680010 -4.98272324 26.70402908
v 6.28821087 -5.63676500 24.42876053
v 6.08680010 -4.98272324 26.70402908
v 5.62135506 -6.01322508 24.47561073
v 5.41840601 -5.35489082 26.76195908
v 5.62135506 -6.01322508 24.47561073
v 5.41840601 -5.35489082 26.76195908
v 4.93079615 -6.31824780 24.50134087
v 4.93079615 -6.31824780 24.50134087
v 5.41840601 -5.35489082 26.76195908
v 4.72667313 -5.65643597 26.79582024
v 4.93079615 -6.31824780 24.50134087
v 4.72667313 -5.65643597 26.79582024
v 4.22829103 -6.55094624 24.50665092
v 4.02335501 -5.88648176 26.80636978
v 4.22829103 -6.55094624 24.50665092
v 4.02335501 -5.88648176 26.80636978
v 3.52503705 -6.71264219 24.49282074
v 3.31963491 -6.04633379 26.79497910
v 3.52503705 -6.71264219 24.49282074
v 3.31963491 -6.04633379 26.79497910
v 2.83118510 -6.80657101 24.46154022
v 2.83118510 -6.80657101 24.46154022
v 3.31963491 -6.04633379 26.79497910
v 2.62564611 -6.13919306 26.76354027
v 2.83118510 -6.80657101 24.46154022
v 2.62564611 -6.13919306 26.76354027
v 2.29595709 -6.82736683 24.45770073
v 2.29595709 -6.82736683 24.45770073
v 2.62564611 -6.13919306 26.76354027
v 2.12803793 -6.16644812 26.73203087
v 10.33815002 -1.07379103 15.08718967
v 10.19585991 -0.77893960 17.35185051
v 10.33442974 -1.72661698 14.72774029
v 10.20164967 -1.46605504 16.87949944
v 10.33442974 -1.72661698 14.72774029
v 10.20164967 -1.46605504 16.87949944
v 10.24104023 -2.41599202 14.79349995
v 10.10612011 -2.15205598 16.97204018
v 10.24104023 -2.41599202 14.79349995
v 10.10612011 -2.15205598 16.97204018
v 10.07798958 -3.11433005 14.85610008
v 9.94093227 -2.84697390 17.06137085
v 10.07798958 -3.11433005 14.85610008
v 9.94093227 -2.84697390 17.06137085
v 9.84179688 -3.81154704 14.91429996
v 9.84179688 -3.81154704 14.91429996
v 9.94093227 -2.84697390 17.06137085
v 9.70263195 -3.54077697 17.14583969
v 9.84179688 -3.81154704 14.91429996
v 9.70263195 -3.54077697 17.14583969
v 9.53094482 -4.49652290 14.96685982
v 9.38973904 -4.22240019 17.22374916
v 9.53094482 -4.49652290 14.96685982
v 9.38973904 -4.22240019 17.22374916
v 9.14616871 -5.15756702 15.01259995
v 9.00302029 -4.88020802 17.29347992
v 9.14616871 -5.15756702 15.01259995
v 9.00302029 -4.88020802 17.29347992
v 8.69064903 -5.78299379 15.05051994
v 8.54569340 -5.50257301 17.35357094
v 8.69064903 -5.78299379 15.05051994
v 8.54569340 -5.50257301 17.35357094
v 8.16999912 -6.36175823 15.07979965
v 8.02340603 -6.07850313 17.40279007
v 8.16999912 -6.36175823 15.07979965
v 8.02340603 -6.07850313 17.40279007
v 7.59207201 -6.88407278 15.09988976
v 7.44404078 -6.59825993 17.44025993
v 7.59207201 -6.88407278 15.09988976
v 7.44404078 -6.59825993 17.44025993
v 6.96657324 -7.34195614 15.11054039
v 6.81732321 -7.05390215 17.46545982
v 6.96657324 -7.34195614 15.11054039
v 6.81732321 -7.05390215 17.46545982
v 6.30451393 -7.72963190 15.11178017
v 6.30451393 -7.72963190 15.11178017
v 6.81732321 -7.05390215 17.46545982
v 6.15427923 -7.43968010 17.47826004
v 6.30451393 -7.72963190 15.11178017
v 6.15427923 -7.43968010 17.47826004
v 5.61760378 -8.04374504 15.10396004
v 5.46662283 -7.75225210 17.47895050
v 5.61760378 -8.04374504 15.10396004
v 5.46662283 -7.75225210 17.47895050
v 4.91760302 -8.28337288 15.08767986
v 4.76611710 -7.99070883 17.46814919
v 4.91760302 -8.28337288 15.08767986
v 4.76611710 -7.99070883 17.46814919
v 4.21574593 -8.44988918 15.06373978
v 4.06398201 -8.15640926 17.44677925
v 4.21574593 -8.44988918 15.06373978
v 4.06398201 -8.15640926 17.44677925
v 3.52225089 -8.54661369 15.03308010
v 3.37042904 -8.25266171 17.41596985
v 3.52225089 -8.54661369 15.03308010
v 3.37042904 -8.25266171 17.41596985
v 2.86699796 -8.55992413 15.17413044
v 2.86699796 -8.55992413 15.17413044
v 3.37042904 -8.25266171 17.41596985
v 2.74024606 -8.26436520 17.51617050
v 10.46714020 -1.27404594 12.81188011
v 10.33815002 -1.07379103 15.08718967
v 10.45518970 -1.90285599 12.56657982
v 10.33442974 -1.72661698 14.72774029
v 10.45518970 -1.90285599 12.56657982
v 10.33442974 -1.72661698 14.72774029
v 10.36363029 -2.59451699 12.60540009
v 10.24104023 -2.41599202 14.79349995
v 10.36363029 -2.59451699 12.60540009
v 10.24104023 -2.41599202 14.79349995
v 10.20240974 -3.29516912 12.64111042
v 10.07798958 -3.11433005 14.85610008
v 10.20240974 -3.29516912 12.64111042
v 10.07798958 -3.11433005 14.85610008
v 9.96802807 -3.99469805 12.67288971
v 9.84179688 -3.81154704 14.91429996
v 9.96802807 -3.99469805 12.67288971
v 9.84179688 -3.81154704 14.91429996
v 9.65892601 -4.68194389 12.69993973
v 9.53094482 -4.49652290 14.96685982
v 9.65892601 -4.68194389 12.69993973
v 9.53094482 -4.49652290 14.96685982
v 9.27581406 -5.34518003 12.72155952
v 9.14616871 -5.15756702 15.01259995
v 9.27581406 -5.34518003 12.72155952
v 9.14616871 -5.15756702 15.01259995
v 8.82183361 -5.97268105 12.73717976
v 8.69064903 -5.78299379 15.05051994
v 8.82183361 -5.97268105 12.73717976
v 8.69064903 -5.78299379 15.05051994
v 8.30257988 -6.55336285 12.74639034
v 8.16999912 -6.36175823 15.07979965
v 8.30257988 -6.55336285 12.74639034
v 8.16999912 -6.36175823 15.07979965
v 7.72588015 -7.07740879 12.74899960
v 7.59207201 -6.88407278 15.09988976
v 7.72588015 -7.07740879 12.74899960
v 7.59207201 -6.88407278 15.09988976
v 7.10141706 -7.53680992 12.74499035
v 6.96657324 -7.34195614 15.11054039
v 7.10141706 -7.53680992 12.74499035
v 6.96657324 -7.34195614 15.11054039
v 6.44019222 -7.92576981 12.73460007
v 6.30451393 -7.72963190 15.11178017
v 6.44019222 -7.92576981 12.73460007
v 6.30451393 -7.72963190 15.11178017
v 5.75391006 -8.24092197 12.71823025
v 5.61760378 -8.04374504 15.10396004
v 5.75391006 -8.24092197 12.71823025
v 5.61760378 -8.04374504 15.10396004
v 5.05433178 -8.48134804 12.69643021
v 4.91760302 -8.28337288 15.08767986
v 5.05433178 -8.48134804 12.69643021
v 4.91760302 -8.28337288 15.08767986
v 4.35269880 -8.64841366 12.66989994
v 4.21574593 -8.44988918 15.06373978
v 4.35269880 -8.64841366 12.66989994
v 4.21574593 -8.44988918 15.06373978
v 3.65924191 -8.74546337 12.63936996
v 3.52225089 -8.54661369 15.03308010
v 3.65924191 -8.74546337 12.63936996
v 3.52225089 -8.54661369 15.03308010
v 2.98256302 -8.76328182 12.82330036
v 2.98256302 -8.76328182 12.82330036
v 3.52225089 -8.54661369 15.03308010
v 2.86699796 -8.55992413 15.17413044
v 10.19585991 -0.77893960 17.35185051
v 10.20164967 -1.46605504 16.87949944
v 10.04065990 -0.38979730 19.60280991
v 10.05723953 -1.12167096 19.01836967
v 10.20164967 -1.46605504 16.87949944
v 10.05723953 -1.12167096 19.01836967
v 10.10612011 -2.15205598 16.97204018
v 9.95928860 -1.80321598 19.13748932
v 10.10612011 -2.15205598 16.97204018
v 9.95928860 -1.80321598 19.13748932
v 9.94093227 -2.84697390 17.06137085
v 9.79166603 -2.49361992 19.25334930
v 9.94093227 -2.84697390 17.06137085
v 9.79166603 -2.49361992 19.25334930
v 9.70263195 -3.54077697 17.14583969
v 9.55096626 -3.18291593 19.36388969
v 9.70263195 -3.54077697 17.14583969
v 9.55096626 -3.18291593 19.36388969
v 9.38973904 -4.22240019 17.22374916
v 9.23573971 -3.86011100 19.46696091
v 9.38973904 -4.22240019 17.22374916
v 9.23573971 -3.86011100 19.46696091
v 9.00302029 -4.88020802 17.29347992
v 8.84680653 -4.51364613 19.56048965
v 9.00302029 -4.88020802 17.29347992
v 8.84680653 -4.51364613 19.56048965
v 8.54569340 -5.50257301 17.35357094
v 8.38741875 -5.13196898 19.64257050
v 8.54569340 -5.50257301 17.35357094
v 8.38741875 -5.13196898 19.64257050
v 8.02340603 -6.07850313 17.40279007
v 7.86326504 -5.70415688 19.71158981
v 8.02340603 -6.07850313 17.40279007
v 7.86326504 -5.70415688 19.71158981
v 7.44404078 -6.59825993 17.44025993
v 7.28225517 -6.22053909 19.76630020
v 7.44404078 -6.59825993 17.44025993
v 7.28225517 -6.22053909 19.76630020
v 6.81732321 -7.05390215 17.46545982
v 6.65414000 -6.67322111 19.80592918
v 6.81732321 -7.05390215 17.46545982
v 6.65414000 -6.67322111 19.80592918
v 6.15427923 -7.43968010 17.47826004
v 5.98996401 -7.05649185 19.83020020
v 6.15427923 -7.43968010 17.47826004
v 5.98996401 -7.05649185 19.83020020
v 5.46662283 -7.75225210 17.47895050
v 5.30144978 -7.36703396 19.83933067
v 5.46662283 -7.75225210 17.47895050
v 5.30144978 -7.36703396 19.83933067
v 4.76611710 -7.99070883 17.46814919
v 4.60035610 -7.60394287 19.83395958
v 4.76611710 -7.99070883 17.46814919
v 4.60035610 -7.60394287 19.83395958
v 4.06398201 -8.15640926 17.44677925
v 3.89789605 -7.76856518 19.81513023
v 4.06398201 -8.15640926 17.44677925
v 3.89789605 -7.76856518 19.81513023
v 3.37042904 -8.25266171 17.41596985
v 3.20426106 -7.86419392 19.78417015
v 3.37042904 -8.25266171 17.41596985
v 3.20426106 -7.86419392 19.78417015
v 2.65099192 -8.02007580 19.04884911
v 2.65099192 -8.02007580 19.04884911
v 3.20426106 -7.86419392 19.78417015
v 2.60254502 -7.87677813 19.84672928
v 5.75708103 4.99670315 9.48472214
v 5.05000019 4.99670315 9.48472214
v 5.75708103 5.00000000 9.48221493
v 5.05000019 5.00000000 9.48221493
v -5.05000019 4.99670315 9.48472214
v -5.75708103 4.99670315 9.48472214
v -5.05000019 5.00000000 9.48221493
v -5.75708103 5.00000000 9.48221493
v 5.75708103 4.99670315 9.48472214
v 5.75708103 5.00000000 9.48221493
v 5.79084492 4.99670315 9.48448181
v 5.79084492 4.99670315 9.48448181
v 5.75708103 5.00000000 9.48221493
v 5.83274078 4.99842310 9.48221493
v 5.79084492 4.99670315 9.48448181
v 5.83274078 4.99842310 9.48221493
v 5.86647797 4.99670315 9.48221493
v 5.79084492 4.99670315 9.48448181
v 5.86647797 4.99670315 9.48221493
v 5.75708103 4.99670315 9.48472214
v 5.05000019 4.99670315 9.48221493
v 5.05000019 4.99670315 9.48472214
v -5.05000019 4.99670315 9.48472214
v -5.05000019 4.99670315 9.48221493
v -5.75708103 4.99670315 9.48472214
v -5.86647797 4.99670315 9.48221493
v -5.83273792 4.99670315 9.48352432
v -5.75708103 5.00000000 9.48221493
v -5.75708103 4.99670315 9.48472214
v -5.79086018 4.99968576 9.48221493
v -5.79086018 4.99968576 9.48221493
v -5.75708103 4.99670315 9.48472214
v -5.83273792 4.99670315 9.48352432
v -5.79086018 4.99968576 9.48221493
v -5.83273792 4.99670315 9.48352432
v -5.86647797 4.99670315 9.48221493
v 7.59419918 5.00000000 30.05287933
v 7.55270100 5.00000000 30.12014008
v 7.75968504 5.00000000 30.15810966
v -7.43673182 5.00000000 30.23097992
v -7.50231123 5.00000000 30.17765999
v -7.50907993 5.00000000 30.52743912
v 8.55440521 5.00000000 27.17295074
v 8.47506714 5.00000000 27.75124931
v 8.64722729 5.00000000 28.03083992
v -7.78848505 5.00000000 30.11216927
v 8.43158722 5.00000000 28.77235985
v 7.30909300 4.99999619 30.78907967
v -2.78434706 5.00000000 33.62012100
v -4.50458717 5.00000000 32.85227966
v -4.22782278 5.00000000 33.28627014
v 8.29616261 5.00000000 28.48977089
v 8.26202679 5.00000000 28.59873962
v 8.13368702 5.00000000 29.48594093
v 7.98910093 5.00000000 29.30402946
v 7.63767481 5.00000000 29.97365952
v 6.02713823 5.00000000 31.74283981
v 4.50465488 5.00000000 32.85226059
v 5.22312880 5.00000000 32.70381165
v 2.78441906 5.00000000 33.62009811
v 0.94194740 5.00000000 34.01264191
v 1.18017602 5.00000000 34.21923828
v 2.28066897 5.00000000 34.01216125
v 3.33340192 5.00000000 33.68112183
v 4.31920290 5.00000000 33.23944855
v -6.68476486 5.00000000 31.49136925
v -5.96111584 5.00000000 32.15422058
v -6.02707481 5.00000000 31.74286079
v 9.91736221 5.00000000 10.21531963
v 9.89578819 5.00000000 10.15221977
v 9.69938374 5.00000000 10.92619038
v 9.77883053 5.00000000 9.93521214
v 9.74791527 5.00000000 9.89431667
v 7.43674803 5.00000000 30.23097992
v 7.43339396 5.00000000 30.23324966
v 7.40055418 5.00000000 30.25667000
v -5.14013720 5.00000000 32.75886917
v 8.77808189 5.00000000 27.27201080
v 8.79401207 5.00000000 27.11870003
v 9.17376041 5.00000000 19.65027046
v 9.46881294 5.00000000 18.81595039
v 9.95586300 5.00002289 10.52571964
v 6.03494310 5.00000000 32.09275055
v 6.74908495 5.00000000 31.42528915
v 7.19431019 5.00000000 30.46372986
v 7.28156996 5.00000000 30.36141014
v -3.23486900 5.00000000 33.71797943
v -2.17665291 5.00000000 34.03762054
v -0.94187450 5.00000000 34.01264191
v -1.07271004 5.00000000 34.23225021
v 0.05432242 5.00000000 34.29367828
v -7.59420490 5.00000000 30.05286980
v -7.63767481 5.00000000 29.97365952
v -8.04083633 5.00000000 29.67020035
v -7.95074701 5.00000000 29.38697052
v -8.30007458 5.00000000 29.11556053
v -8.23462296 5.00000000 28.68177032
v -8.52112103 5.00000000 28.50074959
v -8.23775482 5.00000000 28.67247009
v -8.54202080 5.00000000 28.43128967
v -9.94058895 5.00000000 10.30939960
v -9.94941521 5.00000000 10.36441994
v -9.69938469 5.00000000 10.92617989
v -7.30938721 5.00000000 30.78871918
v -7.19426584 5.00000000 30.46373940
v -7.27610683 5.00000000 30.36705971
v -9.95589256 5.00002718 10.52571964
v -9.67178822 5.00000000 15.73145008
v -9.17376041 5.00000000 19.65026093
v -9.24018097 5.00000000 21.89864922
v -8.55440521 5.00000000 27.17295074
v -8.79400158 5.00000000 27.11882019
v -8.44194412 5.00000000 27.92041969
v -8.71637917 5.00000000 27.69268036
v -8.39330578 5.00000000 28.13496971
v -8.37568092 5.00000000 28.20545959
v -9.74791813 5.00000000 9.89426804
v -9.84559155 5.00000000 10.04230976
v -9.89496613 5.00000000 10.14995956
v 6.95216417 4.24561691 31.62104034
v 7.54005909 4.20079708 30.97415924
v 7.30909300 4.99999619 30.78907967
v 7.09289980 3.48561597 31.75668907
v 7.67992878 3.49269509 31.08762932
v 7.54005909 4.20079708 30.97415924
v 7.17402792 2.73325300 31.83489037
v 7.77140903 2.70370507 31.16052055
v 7.67992878 3.49269509 31.08762932
v 7.79761124 2.00000000 31.18073082
v 7.77140903 2.70370507 31.16052055
v 7.19988918 2.00000000 31.85980988
v 7.17402792 2.73325300 31.83489037
v 7.19988918 2.00000000 31.85980988
v 7.17402792 2.73325300 31.83489037
v 6.78557110 2.00000000 32.26543045
v 6.78557110 2.00000000 32.26543045
v 7.17402792 2.73325300 31.83489037
v 6.41491985 2.73325300 32.54436874
v 6.78557110 2.00000000 32.26543045
v 6.41491985 2.73325300 32.54436874
v 6.43804598 2.00000000 32.57186127
v 6.41491985 2.73325300 32.54436874
v 5.55199289 2.73325300 33.19390869
v 4.60770702 2.00000000 33.79515839
v 5.19864988 2.00000000 33.46244812
v 5.55199289 2.73325300 33.19390869
v 5.55199289 2.73325300 33.19390869
v 5.19864988 2.00000000 33.46244812
v 5.57200813 2.00000000 33.22373962
v 5.55199289 2.73325300 33.19390869
v 4.59115410 2.73325300 33.76327133
v 4.60770702 2.00000000 33.79515839
v 4.60770702 2.00000000 33.79515839
v 4.59115410 2.73325300 33.76327133
v 3.54328299 2.73325300 34.23274994
v 4.60770702 2.00000000 33.79515839
v 3.54328299 2.73325300 34.23274994
v 3.40632200 2.00000000 34.32192993
v 3.40632200 2.00000000 34.32192993
v 3.54328299 2.73325300 34.23274994
v 2.42426705 2.73325300 34.58462906
v -1.14024997 2.73325300 34.81858063
v -0.00002172 2.00001001 34.91994095
v 0.05774271 2.73325300 34.88388062
v 0.05774271 2.73325300 34.88388062
v -0.00002172 2.00001001 34.91994095
v 1.09169698 2.00000000 34.86021042
v 0.05774271 2.73325300 34.88388062
v 1.09169698 2.00000000 34.86021042
v 1.25448406 2.73325300 34.80474854
v 1.25448406 2.73325300 34.80474854
v 1.09169698 2.00000000 34.86021042
v 1.47940397 2.00000000 34.80994034
v 1.25448406 2.73325300 34.80474854
v 1.47940397 2.00000000 34.80994034
v 2.42426705 2.73325300 34.58462906
v 2.42426705 2.73325300 34.58462906
v 1.47940397 2.00000000 34.80994034
v 2.43300796 2.00000000 34.61948013
v 2.42426705 2.73325300 34.58462906
v 2.43300796 2.00000000 34.61948013
v 3.40632200 2.00000000 34.32192993
v 7.30909300 4.99999619 30.78907967
v 6.74908495 5.00000000 31.42528915
v 6.95216417 4.24561691 31.62104034
v 6.95216417 4.24561691 31.62104034
v 6.74908495 5.00000000 31.42528915
v 6.03494310 5.00000000 32.09275055
v 6.21653318 4.24561691 32.30857849
v 6.21653318 4.24561691 32.30857849
v 6.03494310 5.00000000 32.09275055
v 5.22312880 5.00000000 32.70381165
v 5.38029099 4.24561691 32.93803024
v 5.38029099 4.24561691 32.93803024
v 5.22312880 5.00000000 32.70381165
v 4.31920290 5.00000000 33.23944855
v 4.44916677 4.24561691 33.48978043
v 4.44916677 4.24561691 33.48978043
v 4.31920290 5.00000000 33.23944855
v 3.33340192 5.00000000 33.68112183
v 3.43370390 4.24561691 33.94474030
v 3.43370390 4.24561691 33.94474030
v 3.33340192 5.00000000 33.68112183
v 2.28066897 5.00000000 34.01216125
v 2.34929395 4.24561691 34.28573990
v 2.34929395 4.24561691 34.28573990
v 2.28066897 5.00000000 34.01216125
v 1.18017602 5.00000000 34.21923828
v 1.21568704 4.24561691 34.49906158
v 1.21568704 4.24561691 34.49906158
v 1.18017602 5.00000000 34.21923828
v 0.05432242 5.00000000 34.29367828
v 0.05595690 4.24561691 34.57572937
v 0.05595690 4.24561691 34.57572937
v 0.05432242 5.00000000 34.29367828
v -1.07271004 5.00000000 34.23225021
v -1.10498703 4.24561691 34.51245880
v -1.10498703 4.24561691 34.51245880
v -1.07271004 5.00000000 34.23225021
v -2.17665291 5.00000000 34.03762054
v -2.24214792 4.24561691 34.31196976
v -2.24214792 4.24561691 34.31196976
v -2.17665291 5.00000000 34.03762054
v -3.23486900 5.00000000 33.71797943
v -3.33220506 4.24561691 33.98271179
v -3.33220506 4.24561691 33.98271179
v -3.23486900 5.00000000 33.71797943
v -4.22782278 5.00000000 33.28627014
v -4.35503817 4.24561691 33.53799820
v -4.35503817 4.24561691 33.53799820
v -4.22782278 5.00000000 33.28627014
v -5.14013720 5.00000000 32.75886917
v -5.29480314 4.24561691 32.99473953
v -5.29480314 4.24561691 32.99473953
v -5.14013720 5.00000000 32.75886917
v -5.96111584 5.00000000 32.15422058
v -6.14048481 4.24561691 32.37189865
v 6.95216417 4.24561691 31.62104034
v 7.09289980 3.48561597 31.75668907
v 6.95216417 4.24561691 31.62104034
v 6.21653318 4.24561691 32.30857849
v 6.34237719 3.48561597 32.45814896
v 6.34237719 3.48561597 32.45814896
v 6.21653318 4.24561691 32.30857849
v 5.38029099 4.24561691 32.93803024
v 5.48920822 3.48561597 33.10034180
v 5.48920822 3.48561597 33.10034180
v 5.38029099 4.24561691 32.93803024
v 4.44916677 4.24561691 33.48978043
v 4.53923416 3.48561597 33.66326904
v 4.53923416 3.48561597 33.66326904
v 4.44916677 4.24561691 33.48978043
v 3.43370390 4.24561691 33.94474030
v 3.50321388 3.48561597 34.12744141
v 3.50321388 3.48561597 34.12744141
v 3.43370390 4.24561691 33.94474030
v 2.34929395 4.24561691 34.28573990
v 2.39685202 3.48561597 34.47534180
v 2.39685202 3.48561597 34.47534180
v 2.34929395 4.24561691 34.28573990
v 1.21568704 4.24561691 34.49906158
v 1.24029696 3.48561597 34.69298172
v 1.24029696 3.48561597 34.69298172
v 1.21568704 4.24561691 34.49906158
v 0.05595690 4.24561691 34.57572937
v 0.05708968 3.48561597 34.77119827
v 0.05708968 3.48561597 34.77119827
v 0.05595690 4.24561691 34.57572937
v -1.10498703 4.24561691 34.51245880
v -1.12735605 3.48561597 34.70663834
v -1.12735605 3.48561597 34.70663834
v -1.10498703 4.24561691 34.51245880
v -2.24214792 4.24561691 34.31196976
v -2.28753710 3.48561597 34.50210190
v -2.28753710 3.48561597 34.50210190
v -2.24214792 4.24561691 34.31196976
v -3.33220506 4.24561691 33.98271179
v -3.39966106 3.48561597 34.16616821
v -3.39966106 3.48561597 34.16616821
v -3.33220506 4.24561691 33.98271179
v -4.35503817 4.24561691 33.53799820
v -4.44319916 3.48561597 33.71245956
v -4.44319916 3.48561597 33.71245956
v -4.35503817 4.24561691 33.53799820
v -5.29480314 4.24561691 32.99473953
v -5.40198803 3.48561597 33.15819931
v -5.40198803 3.48561597 33.15819931
v -5.29480314 4.24561691 32.99473953
v -6.14048481 4.24561691 32.37189865
v -6.26479006 3.48561597 32.52275848
v 7.09289980 3.48561597 31.75668907
v 7.17402792 2.73325300 31.83489037
v 7.09289980 3.48561597 31.75668907
v 6.34237719 3.48561597 32.45814896
v 6.41491985 2.73325300 32.54436874
v 6.41491985 2.73325300 32.54436874
v 6.34237719 3.48561597 32.45814896
v 5.48920822 3.48561597 33.10034180
v 5.55199289 2.73325300 33.19390869
v 5.55199289 2.73325300 33.19390869
v 5.48920822 3.48561597 33.10034180
v 4.53923416 3.48561597 33.66326904
v 4.59115410 2.73325300 33.76327133
v 4.59115410 2.73325300 33.76327133
v 4.53923416 3.48561597 33.66326904
v 3.50321388 3.48561597 34.12744141
v 3.54328299 2.73325300 34.23274994
v 3.54328299 2.73325300 34.23274994
v 3.50321388 3.48561597 34.12744141
v 2.39685202 3.48561597 34.47534180
v 2.42426705 2.73325300 34.58462906
v 2.42426705 2.73325300 34.58462906
v 2.39685202 3.48561597 34.47534180
v 1.24029696 3.48561597 34.69298172
v 1.25448406 2.73325300 34.80474854
v 1.25448406 2.73325300 34.80474854
v 1.24029696 3.48561597 34.69298172
v 0.05708968 3.48561597 34.77119827
v 0.05774271 2.73325300 34.88388062
v 0.05774271 2.73325300 34.88388062
v 0.05708968 3.48561597 34.77119827
v -1.12735605 3.48561597 34.70663834
v -1.14024997 2.73325300 34.81858063
v -1.14024997 2.73325300 34.81858063
v -1.12735605 3.48561597 34.70663834
v -2.28753710 3.48561597 34.50210190
v -2.31370091 2.73325300 34.61169052
v -2.31370091 2.73325300 34.61169052
v -2.28753710 3.48561597 34.50210190
v -3.39966106 3.48561597 34.16616821
v -3.43854594 2.73325300 34.27193069
v -3.43854594 2.73325300 34.27193069
v -3.39966106 3.48561597 34.16616821
v -4.44319916 3.48561597 33.71245956
v -4.49401999 2.73325300 33.81303024
v -4.49401999 2.73325300 33.81303024
v -4.44319916 3.48561597 33.71245956
v -5.40198803 3.48561597 33.15819931
v -5.46377611 2.73325300 33.25242996
v -5.46377611 2.73325300 33.25242996
v -5.40198803 3.48561597 33.15819931
v -6.26479006 3.48561597 32.52275848
v -6.33644581 2.73325300 32.60971069
v -6.78560591 2.00000000 32.26543045
v -6.35930204 2.00000000 32.63745117
v -6.33644581 2.73325300 32.60971069
v -6.33644581 2.73325300 32.60971069
v -6.35930204 2.00000000 32.63745117
v -5.19868708 2.00000000 33.46244812
v -6.33644581 2.73325300 32.60971069
v -5.19868708 2.00000000 33.46244812
v -5.46377611 2.73325300 33.25242996
v -5.46377611 2.73325300 33.25242996
v -5.19868708 2.00000000 33.46244812
v -4.51022911 2.00000000 33.84511185
v -5.46377611 2.73325300 33.25242996
v -4.51022911 2.00000000 33.84511185
v -4.49401999 2.73325300 33.81303024
v -4.49401999 2.73325300 33.81303024
v -4.51022911 2.00000000 33.84511185
v -3.40635800 2.00000000 34.32192993
v -4.49401999 2.73325300 33.81303024
v -3.40635800 2.00000000 34.32192993
v -3.43854594 2.73325300 34.27193069
v -3.43854594 2.73325300 34.27193069
v -3.40635800 2.00000000 34.32192993
v -2.32204604 2.00000000 34.64664841
v -2.31370091 2.73325300 34.61169052
v -2.31370091 2.73325300 34.61169052
v -2.32204604 2.00000000 34.64664841
v -1.47944105 2.00000000 34.80994034
v -2.31370091 2.73325300 34.61169052
v -1.47944105 2.00000000 34.80994034
v -1.14024997 2.73325300 34.81858063
v -1.14024997 2.73325300 34.81858063
v -1.47944105 2.00000000 34.80994034
v -1.14436197 2.00000000 34.85427856
v -1.14024997 2.73325300 34.81858063
v -1.14436197 2.00000000 34.85427856
v -0.00002172 2.00001001 34.91994095
v -7.13128996 2.00000000 31.93032074
v -6.78560591 2.00000000 32.26543045
v -7.10565805 2.73325300 31.90512085
v -7.10565805 2.73325300 31.90512085
v -6.78560591 2.00000000 32.26543045
v -6.33644581 2.73325300 32.60971069
v -7.10565805 2.73325300 31.90512085
v -6.33644581 2.73325300 32.60971069
v -7.02530289 3.48561597 31.82612991
v -6.26479006 3.48561597 32.52275848
v -7.02530289 3.48561597 31.82612991
v -6.26479006 3.48561597 32.52275848
v -6.88590813 4.24561691 31.68910027
v -6.14048481 4.24561691 32.37189865
v -6.88590813 4.24561691 31.68910027
v -6.14048481 4.24561691 32.37189865
v -6.68476486 5.00000000 31.49136925
v -5.96111584 5.00000000 32.15422058
v -7.79762411 2.00000000 31.18073082
v -7.13128996 2.00000000 31.93032074
v -7.74941301 2.96103406 31.14201927
v -7.74941301 2.96103406 31.14201927
v -7.13128996 2.00000000 31.93032074
v -7.10565805 2.73325300 31.90512085
v -7.74941301 2.96103406 31.14201927
v -7.10565805 2.73325300 31.90512085
v -7.68174410 3.48561597 31.08769035
v -7.68174410 3.48561597 31.08769035
v -7.10565805 2.73325300 31.90512085
v -7.02530289 3.48561597 31.82612991
v -7.68174410 3.48561597 31.08769035
v -7.02530289 3.48561597 31.82612991
v -7.58308506 4.01278591 31.00848007
v -7.58308506 4.01278591 31.00848007
v -7.02530289 3.48561597 31.82612991
v -6.88590813 4.24561691 31.68910027
v -7.58308506 4.01278591 31.00848007
v -6.88590813 4.24561691 31.68910027
v -7.30938721 5.00000000 30.78871918
v -7.30938721 5.00000000 30.78871918
v -6.88590813 4.24561691 31.68910027
v -6.68476486 5.00000000 31.49136925
v -8.79400158 5.00000000 27.11882019
v -9.00837803 4.41550207 27.25086021
v -8.71637917 5.00000000 27.69268036
v -8.71637917 5.00000000 27.69268036
v -9.00837803 4.41550207 27.25086021
v -8.62374401 4.82874918 28.40905952
v -8.71637917 5.00000000 27.69268036
v -8.62374401 4.82874918 28.40905952
v -8.54202080 5.00000000 28.43128967
v -8.54202080 5.00000000 28.43128967
v -8.62374401 4.82874918 28.40905952
v -8.52112103 5.00000000 28.50074959
v -8.52112103 5.00000000 28.50074959
v -8.62374401 4.82874918 28.40905952
v -8.55877304 4.52824020 28.96997070
v -8.52112103 5.00000000 28.50074959
v -8.55877304 4.52824020 28.96997070
v -8.30007458 5.00000000 29.11556053
v -8.30007458 5.00000000 29.11556053
v -8.55877304 4.52824020 28.96997070
v -8.40320301 4.29070282 29.54314041
v -8.30007458 5.00000000 29.11556053
v -8.40320301 4.29070282 29.54314041
v -8.04083633 5.00000000 29.67020035
v -8.04083633 5.00000000 29.67020035
v -8.40320301 4.29070282 29.54314041
v -8.16171646 4.12329483 30.11128998
v -8.04083633 5.00000000 29.67020035
v -8.16171646 4.12329483 30.11128998
v -7.78848505 5.00000000 30.11216927
v -7.78848505 5.00000000 30.11216927
v -8.16171646 4.12329483 30.11128998
v -7.84158802 4.03105688 30.65732956
v -7.78848505 5.00000000 30.11216927
v -7.84158802 4.03105688 30.65732956
v -7.50907993 5.00000000 30.52743912
v -7.50907993 5.00000000 30.52743912
v -7.84158802 4.03105688 30.65732956
v -7.58308506 4.01278591 31.00848007
v -7.30938721 5.00000000 30.78871918
v -8.55304623 2.00000000 30.04075050
v -7.79762411 2.00000000 31.18073082
v -7.74941301 2.96103406 31.14201927
v -9.08782101 4.20369911 27.14604950
v -9.29018021 3.37882209 27.16481018
v -9.31634521 3.08090210 27.38509941
v -9.31634521 3.08090210 27.38509941
v -9.29018021 3.37882209 27.16481018
v -9.39834976 2.53625298 27.17485046
v -9.31634521 3.08090210 27.38509941
v -9.39834976 2.53625298 27.17485046
v -9.22148705 2.64216089 28.20401955
v -8.55304623 2.00000000 30.04075050
v -8.64178467 2.05094600 29.87034988
v -8.64848804 2.00000000 29.85749054
v -8.64848804 2.00000000 29.85749054
v -8.64178467 2.05094600 29.87034988
v -8.99435520 2.29536104 29.04084015
v -8.64848804 2.00000000 29.85749054
v -8.99435520 2.29536104 29.04084015
v -9.16058731 2.00000000 28.54651070
v -9.16058731 2.00000000 28.54651070
v -8.99435520 2.29536104 29.04084015
v -9.22148705 2.64216089 28.20401955
v -9.16058731 2.00000000 28.54651070
v -9.22148705 2.64216089 28.20401955
v -9.31394768 2.00000000 27.90423965
v -9.31394768 2.00000000 27.90423965
v -9.22148705 2.64216089 28.20401955
v -9.39834976 2.53625298 27.17485046
v -9.31394768 2.00000000 27.90423965
v -9.39834976 2.53625298 27.17485046
v -9.41746426 2.00000000 27.17663002
v -8.79400158 5.00000000 27.11882019
v -9.08782101 4.20369911 27.14604950
v -9.00837803 4.41550207 27.25086021
v -9.00837803 4.41550207 27.25086021
v -9.08782101 4.20369911 27.14604950
v -9.04265881 3.97504401 27.91168022
v -9.00837803 4.41550207 27.25086021
v -9.04265881 3.97504401 27.91168022
v -8.62374401 4.82874918 28.40905952
v -8.62374401 4.82874918 28.40905952
v -9.04265881 3.97504401 27.91168022
v -8.96191788 3.60159612 28.60873985
v -8.55877304 4.52824020 28.96997070
v -8.55877304 4.52824020 28.96997070
v -8.96191788 3.60159612 28.60873985
v -8.76858807 3.30640602 29.32102013
v -8.40320301 4.29070282 29.54314041
v -8.40320301 4.29070282 29.54314041
v -8.76858807 3.30640602 29.32102013
v -8.46848774 3.09836507 30.02708054
v -8.16171646 4.12329483 30.11128998
v -8.16171646 4.12329483 30.11128998
v -8.46848774 3.09836507 30.02708054
v -8.07065868 2.98374009 30.70565033
v -7.84158802 4.03105688 30.65732956
v -7.84158802 4.03105688 30.65732956
v -8.07065868 2.98374009 30.70565033
v -7.68174410 3.48561597 31.08769035
v -7.84158802 4.03105688 30.65732956
v -7.68174410 3.48561597 31.08769035
v -7.58308506 4.01278591 31.00848007
v -9.08782101 4.20369911 27.14604950
v -9.31634521 3.08090210 27.38509941
v -9.04265881 3.97504401 27.91168022
v -9.04265881 3.97504401 27.91168022
v -9.31634521 3.08090210 27.38509941
v -9.22148705 2.64216089 28.20401955
v -8.96191788 3.60159612 28.60873985
v -8.96191788 3.60159612 28.60873985
v -9.22148705 2.64216089 28.20401955
v -8.99435520 2.29536104 29.04084015
v -8.76858807 3.30640602 29.32102013
v -8.76858807 3.30640602 29.32102013
v -8.99435520 2.29536104 29.04084015
v -8.64178467 2.05094600 29.87034988
v -8.46848774 3.09836507 30.02708054
v -8.46848774 3.09836507 30.02708054
v -8.64178467 2.05094600 29.87034988
v -8.55304623 2.00000000 30.04075050
v -8.46848774 3.09836507 30.02708054
v -8.55304623 2.00000000 30.04075050
v -8.07065868 2.98374009 30.70565033
v -8.07065868 2.98374009 30.70565033
v -8.55304623 2.00000000 30.04075050
v -7.74941301 2.96103406 31.14201927
v -8.07065868 2.98374009 30.70565033
v -7.74941301 2.96103406 31.14201927
v -7.68174410 3.48561597 31.08769035
v -10.09566021 4.65757513 10.52659035
v -10.36441994 3.79465795 10.52826023
v -9.99919701 4.09349203 15.75162983
v -9.99919701 4.09349203 15.75162983
v -10.36441994 3.79465795 10.52826023
v -10.52822971 2.90016699 10.52927017
v -9.67178822 5.00000000 15.73145008
v -9.95589256 5.00002718 10.52571964
v -10.09566021 4.65757513 10.52659035
v -10.09566021 4.65757513 10.52659035
v -9.99919701 4.09349203 15.75162983
v -9.67178822 5.00000000 15.73145008
v -9.67178822 5.00000000 15.73145008
v -9.99919701 4.09349203 15.75162983
v -9.56721210 4.09349203 21.92428017
v -9.24018097 5.00000000 21.89864922
v -9.80024719 2.98040295 21.94253922
v -9.29018021 3.37882209 27.16481018
v -9.08782101 4.20369911 27.14604950
v -9.86440372 2.00000000 21.94757080
v -9.41746426 2.00000000 27.17663002
v -9.39834976 2.53625298 27.17485046
v -10.58248997 2.00000000 10.52960968
v -10.29673958 2.00000000 15.76996040
v -10.23250008 2.98040295 15.76599979
v -10.23250008 2.98040295 15.76599979
v -10.29673958 2.00000000 15.76996040
v -9.86440372 2.00000000 21.94757080
v -9.80024719 2.98040295 21.94253922
v -9.80024719 2.98040295 21.94253922
v -9.86440372 2.00000000 21.94757080
v -9.39834976 2.53625298 27.17485046
v -9.80024719 2.98040295 21.94253922
v -9.39834976 2.53625298 27.17485046
v -9.29018021 3.37882209 27.16481018
v -8.79400158 5.00000000 27.11882019
v -9.24018097 5.00000000 21.89864922
v -9.08782101 4.20369911 27.14604950
v -9.08782101 4.20369911 27.14604950
v -9.24018097 5.00000000 21.89864922
v -9.56721210 4.09349203 21.92428017
v -9.08782101 4.20369911 27.14604950
v -9.56721210 4.09349203 21.92428017
v -9.80024719 2.98040295 21.94253922
v -9.80024719 2.98040295 21.94253922
v -9.56721210 4.09349203 21.92428017
v -9.99919701 4.09349203 15.75162983
v -10.23250008 2.98040295 15.76599979
v -10.23250008 2.98040295 15.76599979
v -9.99919701 4.09349203 15.75162983
v -10.52822971 2.90016699 10.52927017
v -10.23250008 2.98040295 15.76599979
v -10.52822971 2.90016699 10.52927017
v -10.58248997 2.00000000 10.52960968
v -9.16156864 4.30323219 9.48221493
v -8.84906483 5.00000000 9.48221493
v -6.61666298 5.00000000 9.48221493
v 5.86647797 4.99670315 9.48221493
v 9.16154671 4.30315685 9.48221493
v 9.39460278 3.55508995 9.48221493
v 9.58358860 -1.37929595 9.48221684
v 9.53817558 -2.14748406 9.48221684
v 9.40297508 -2.90042710 9.48221684
v 9.17827511 -3.63775706 9.48221684
v 9.53659534 2.77981400 9.48221493
v 9.58557034 2.00000000 9.48221684
v 8.86897087 -4.34088278 9.48221684
v 8.48042202 -5.00009012 9.48221684
v 8.01279068 -5.61388111 9.48221684
v -6.88518000 -6.64802790 9.48221684
v 5.05000019 4.99670315 9.48221493
v 6.88514423 -6.64802790 9.48221684
v 7.47913504 -6.16486120 9.48221684
v 6.44692802 5.07022905 9.48221493
v 6.61666298 5.00000000 9.48221493
v 8.84901810 5.00000000 9.48221493
v -9.58362389 2.00000000 9.48221588
v -9.53657055 2.78014493 9.48221493
v -9.39456463 3.55537009 9.48221493
v -5.05000019 5.00000000 9.48221493
v 5.05000019 5.80000019 9.48221493
v -5.05000019 4.99670315 9.48221493
v 5.05000019 5.19999981 9.48221493
v 5.05000019 5.00000000 9.48221493
v 5.07607412 5.17392588 9.48221493
v 5.75708103 5.00000000 9.48221493
v 5.85709000 5.17392588 9.48221493
v 5.83274078 4.99842310 9.48221493
v -5.75708103 5.00000000 9.48221493
v -5.85709000 5.17392588 9.48221493
v -5.07607412 5.17392588 9.48221493
v -5.05000019 5.19999981 9.48221493
v -5.05000019 5.80000019 9.48221493
v -5.79086018 4.99968576 9.48221493
v -5.86647797 4.99670315 9.48221493
v -6.04048777 5.16405201 9.48221493
v -6.24676418 5.12909412 9.48221493
v 6.24180794 5.13023520 9.48221493
v -7.35142422 -6.27891493 9.48221684
v -7.91190481 -5.72846699 9.48221684
v -8.40779781 -5.10596085 9.48221684
v -8.82054329 -4.43364620 9.48221684
v -9.14778519 -3.71848106 9.48221684
v -9.38860989 -2.95912290 9.48221684
v -9.53435802 -2.17821598 9.48221684
v -9.58362389 -1.37930000 9.48221684
v 9.95586300 5.00002289 10.52571964
v 10.09564018 4.65749502 10.52659035
v 9.91736221 5.00000000 10.21531963
v 9.91736221 5.00000000 10.21531963
v 10.09564018 4.65749502 10.52659035
v 10.04461956 4.63813877 10.15353012
v 9.91736221 5.00000000 10.21531963
v 10.04461956 4.63813877 10.15353012
v 9.89578819 5.00000000 10.15221977
v 9.89578819 5.00000000 10.15221977
v 10.04461956 4.63813877 10.15353012
v 9.77883053 5.00000000 9.93521214
v 9.77883053 5.00000000 9.93521214
v 10.04461956 4.63813877 10.15353012
v 9.84052277 4.56071806 9.79469204
v 9.77883053 5.00000000 9.93521214
v 9.84052277 4.56071806 9.79469204
v 9.74791527 5.00000000 9.89431667
v 9.24508476 5.00000000 9.54685211
v 9.27884197 5.00000000 9.55889797
v 9.51625347 4.43770981 9.55696297
v 9.51625347 4.43770981 9.55696297
v 9.27884197 5.00000000 9.55889797
v 9.55159855 5.00000000 9.70597363
v 9.51625347 4.43770981 9.55696297
v 9.55159855 5.00000000 9.70597363
v 9.84052277 4.56071806 9.79469204
v 9.84052277 4.56071806 9.79469204
v 9.55159855 5.00000000 9.70597363
v 9.65581894 5.00000000 9.79355621
v 9.84052277 4.56071806 9.79469204
v 9.65581894 5.00000000 9.79355621
v 9.74791527 5.00000000 9.89431667
v 8.84901810 5.00000000 9.48221493
v 8.92691708 5.00000000 9.48461246
v 9.16154671 4.30315685 9.48221493
v 9.16154671 4.30315685 9.48221493
v 8.92691708 5.00000000 9.48461246
v 9.24508476 5.00000000 9.54685211
v 10.09564018 4.65749502 10.52659035
v 10.36445045 3.79440498 10.52826023
v 10.04461956 4.63813877 10.15353012
v 10.31196022 3.78145194 10.15478039
v 10.04461956 4.63813877 10.15353012
v 10.31196022 3.78145194 10.15478039
v 9.84052277 4.56071806 9.79469204
v 10.10017967 3.72919393 9.79530334
v 9.84052277 4.56071806 9.79469204
v 10.10017967 3.72919393 9.79530334
v 9.51625347 4.43770981 9.55696297
v 9.76323891 3.64605308 9.55710411
v 10.36445045 3.79440498 10.52826023
v 10.52824974 2.89979506 10.52927017
v 10.31196022 3.78145194 10.15478039
v 10.47488976 2.89333797 10.15554047
v 10.31196022 3.78145194 10.15478039
v 10.47488976 2.89333797 10.15554047
v 10.10017967 3.72919393 9.79530334
v 10.25841999 2.86714792 9.79567623
v 10.10017967 3.72919393 9.79530334
v 10.25841999 2.86714792 9.79567623
v 9.76323891 3.64605308 9.55710411
v 9.91374302 2.82544494 9.55718803
v 10.52824974 2.89979506 10.52927017
v 10.58246994 2.00000000 10.52960968
v 10.47488976 2.89333797 10.15554047
v 10.47488976 2.89333797 10.15554047
v 10.58246994 2.00000000 10.52960968
v 10.51963997 2.00000000 10.13035011
v 10.47488976 2.89333797 10.15554047
v 10.51963997 2.00000000 10.13035011
v 10.25841999 2.86714792 9.79567623
v 10.25841999 2.86714792 9.79567623
v 10.51963997 2.00000000 10.13035011
v 10.30389977 2.00000000 9.78856277
v 10.25841999 2.86714792 9.79567623
v 10.30389977 2.00000000 9.78856277
v 9.91374302 2.82544494 9.55718803
v 9.91374302 2.82544494 9.55718803
v 10.30389977 2.00000000 9.78856277
v 9.97049427 2.00000000 9.56009483
v 9.91374302 2.82544494 9.55718803
v 9.97049427 2.00000000 9.56009483
v 9.58557034 2.00000000 9.48221684
v 9.24508476 5.00000000 9.54685211
v 9.51625347 4.43770981 9.55696297
v 9.16154671 4.30315685 9.48221493
v 9.16154671 4.30315685 9.48221493
v 9.51625347 4.43770981 9.55696297
v 9.76323891 3.64605308 9.55710411
v 9.16154671 4.30315685 9.48221493
v 9.76323891 3.64605308 9.55710411
v 9.39460278 3.55508995 9.48221493
v 9.39460278 3.55508995 9.48221493
v 9.76323891 3.64605308 9.55710411
v 9.91374302 2.82544494 9.55718803
v 9.53659534 2.77981400 9.48221493
v 9.53659534 2.77981400 9.48221493
v 9.91374302 2.82544494 9.55718803
v 9.58557034 2.00000000 9.48221684
v -9.52663803 5.00000000 9.68809986
v -9.25173187 5.00000000 9.54911709
v -9.50990105 4.43536997 9.55420113
v -9.84559155 5.00000000 10.04230976
v -9.83723354 4.55954313 9.79097557
v -9.89496613 5.00000000 10.14995956
v -9.89496613 5.00000000 10.14995956
v -9.83723354 4.55954313 9.79097557
v -10.04388046 4.63793182 10.15122032
v -9.89496613 5.00000000 10.14995956
v -10.04388046 4.63793182 10.15122032
v -9.94058895 5.00000000 10.30939960
v -9.94058895 5.00000000 10.30939960
v -10.04388046 4.63793182 10.15122032
v -9.94941521 5.00000000 10.36441994
v -10.09566021 4.65757513 10.52659035
v -9.94941521 5.00000000 10.36441994
v -10.09566021 4.65757513 10.52659035
v -9.95589256 5.00002718 10.52571964
v -10.58248997 2.00000000 10.52960968
v -10.52822971 2.90016699 10.52927017
v -10.53555012 2.00000000 10.17588043
v -10.53555012 2.00000000 10.17588043
v -10.52822971 2.90016699 10.52927017
v -10.47406006 2.89361095 10.15322018
v -9.50990105 4.43536997 9.55420113
v -9.25173187 5.00000000 9.54911709
v -9.16156864 4.30323219 9.48221493
v -9.16156864 4.30323219 9.48221493
v -9.25173187 5.00000000 9.54911709
v -9.17037201 5.00000000 9.52415562
v -9.16156864 4.30323219 9.48221493
v -9.17037201 5.00000000 9.52415562
v -8.84906483 5.00000000 9.48221493
v -9.84559155 5.00000000 10.04230976
v -9.74791813 5.00000000 9.89426804
v -9.83723354 4.55954313 9.79097557
v -9.83723354 4.55954313 9.79097557
v -9.74791813 5.00000000 9.89426804
v -9.65237999 5.00000000 9.79023457
v -9.83723354 4.55954313 9.79097557
v -9.65237999 5.00000000 9.79023457
v -9.50990105 4.43536997 9.55420113
v -9.50990105 4.43536997 9.55420113
v -9.65237999 5.00000000 9.79023457
v -9.60809040 5.00000000 9.75055218
v -9.50990105 4.43536997 9.55420113
v -9.60809040 5.00000000 9.75055218
v -9.52663803 5.00000000 9.68809986
v -9.53657055 2.78014493 9.48221493
v -9.53657055 2.78014493 9.48221493
v -9.69279099 2.00000000 9.48819447
v -9.93472576 2.00000000 9.54588032
v -9.53657055 2.78014493 9.48221493
v -9.93472576 2.00000000 9.54588032
v -9.90694427 2.82497191 9.55441284
v -9.90694427 2.82497191 9.55441284
v -9.93472576 2.00000000 9.54588032
v -9.95399570 2.00000000 9.55861187
v -9.90694427 2.82497191 9.55441284
v -9.95399570 2.00000000 9.55861187
v -10.25487995 2.86708403 9.79195023
v -10.25487995 2.86708403 9.79195023
v -10.30729008 2.00000000 9.79206467
v -10.25487995 2.86708403 9.79195023
v -10.30729008 2.00000000 9.79206467
v -10.47406006 2.89361095 10.15322018
v -10.47406006 2.89361095 10.15322018
v -10.30729008 2.00000000 9.79206467
v -10.52373981 2.00000000 10.15602016
v -10.53555012 2.00000000 10.17588043
v -10.52822971 2.90016699 10.52927017
v -10.36441994 3.79465795 10.52826023
v -10.47406006 2.89361095 10.15322018
v -10.31114960 3.78151393 10.15246010
v -10.47406006 2.89361095 10.15322018
v -10.31114960 3.78151393 10.15246010
v -10.25487995 2.86708403 9.79195023
v -10.09671021 3.72860694 9.79158115
v -10.25487995 2.86708403 9.79195023
v -10.09671021 3.72860694 9.79158115
v -9.90694427 2.82497191 9.55441284
v -9.75658321 3.64468908 9.55433178
v -9.90694427 2.82497191 9.55441284
v -9.75658321 3.64468908 9.55433178
v -9.53657055 2.78014493 9.48221493
v -9.39456463 3.55537009 9.48221493
v -10.36441994 3.79465795 10.52826023
v -10.09566021 4.65757513 10.52659035
v -10.31114960 3.78151393 10.15246010
v -10.31114960 3.78151393 10.15246010
v -10.09566021 4.65757513 10.52659035
v -10.04388046 4.63793182 10.15122032
v -10.31114960 3.78151393 10.15246010
v -10.04388046 4.63793182 10.15122032
v -10.09671021 3.72860694 9.79158115
v -9.83723354 4.55954313 9.79097557
v -10.09671021 3.72860694 9.79158115
v -9.83723354 4.55954313 9.79097557
v -9.75658321 3.64468908 9.55433178
v -9.50990105 4.43536997 9.55420113
v -9.75658321 3.64468908 9.55433178
v -9.50990105 4.43536997 9.55420113
v -9.39456463 3.55537009 9.48221493
v -9.16156864 4.30323219 9.48221493
v 9.95586300 5.00002289 10.52571964
v 9.46881294 5.00000000 18.81595039
v 9.73987293 4.27819920 18.83492088
v 9.95586300 5.00002289 10.52571964
v 9.73987293 4.27819920 18.83492088
v 10.09564018 4.65749502 10.52659035
v 10.09564018 4.65749502 10.52659035
v 9.73987293 4.27819920 18.83492088
v 9.93560600 3.53232288 18.84861946
v 10.09564018 4.65749502 10.52659035
v 9.93560600 3.53232288 18.84861946
v 10.36445045 3.79440498 10.52826023
v 10.36445045 3.79440498 10.52826023
v 9.93560600 3.53232288 18.84861946
v 10.05387020 2.77023411 18.85688972
v 10.36445045 3.79440498 10.52826023
v 10.05387020 2.77023411 18.85688972
v 10.52824974 2.89979506 10.52927017
v 9.41746330 2.00000000 27.17663002
v 10.09342003 2.00000000 18.85967064
v 10.05387020 2.77023411 18.85688972
v 10.05387020 2.77023411 18.85688972
v 10.09342003 2.00000000 18.85967064
v 10.35849953 2.00000000 14.74413013
v 10.05387020 2.77023411 18.85688972
v 10.35849953 2.00000000 14.74413013
v 10.52824974 2.89979506 10.52927017
v 10.52824974 2.89979506 10.52927017
v 10.35849953 2.00000000 14.74413013
v 10.58246994 2.00000000 10.52960968
v 9.41746330 2.00000000 27.17663002
v 10.05387020 2.77023411 18.85688972
v 9.39828587 2.53715706 27.17481995
v 9.39828587 2.53715706 27.17481995
v 10.05387020 2.77023411 18.85688972
v 9.93560600 3.53232288 18.84861946
v 9.39828587 2.53715706 27.17481995
v 9.93560600 3.53232288 18.84861946
v 9.29001904 3.37970209 27.16473961
v 9.29001904 3.37970209 27.16473961
v 9.93560600 3.53232288 18.84861946
v 9.73987293 4.27819920 18.83492088
v 9.29001904 3.37970209 27.16473961
v 9.73987293 4.27819920 18.83492088
v 9.08758640 4.20438814 27.14594078
v 9.08758640 4.20438814 27.14594078
v 9.73987293 4.27819920 18.83492088
v 9.46881294 5.00000000 18.81595039
v 8.79401207 5.00000000 27.11870003
v 7.77140903 2.70370507 31.16052055
v 7.73801708 3.19930100 31.10073090
v 7.67992878 3.49269509 31.08762932
v 9.35097218 2.00000000 27.69618988
v 9.30439377 2.97436595 27.58267975
v 9.15876102 3.05671597 28.26235962
v 7.75968504 5.00000000 30.15810966
v 7.49291992 4.47320223 30.89001083
v 7.92707300 4.07583094 30.51111031
v 7.99373913 4.90986013 29.83905983
v 8.30934429 4.63001585 29.46578026
v 8.13368702 5.00000000 29.48594093
v 8.13368702 5.00000000 29.48594093
v 8.30934429 4.63001585 29.46578026
v 8.58382511 4.39661980 29.03284073
v 8.13368702 5.00000000 29.48594093
v 8.58382511 4.39661980 29.03284073
v 8.43158722 5.00000000 28.77235985
v 8.43158722 5.00000000 28.77235985
v 8.58382511 4.39661980 29.03284073
v 8.81076717 4.21512985 28.55032921
v 8.43158722 5.00000000 28.77235985
v 8.81076717 4.21512985 28.55032921
v 8.64722729 5.00000000 28.03083992
v 8.81076717 4.21512985 28.55032921
v 8.98486328 4.08979177 28.02952003
v 8.64722729 5.00000000 28.03083992
v 8.64722729 5.00000000 28.03083992
v 8.98486328 4.08979177 28.02952003
v 9.10204983 4.02352619 27.48258972
v 8.77808189 5.00000000 27.27201080
v 8.77808189 5.00000000 27.27201080
v 9.10204983 4.02352619 27.48258972
v 9.08758640 4.20438814 27.14594078
v 8.77808189 5.00000000 27.27201080
v 9.08758640 4.20438814 27.14594078
v 8.79401207 5.00000000 27.11870003
v 9.29001904 3.37970209 27.16473961
v 9.30439377 2.97436595 27.58267975
v 9.39828587 2.53715706 27.17481995
v 9.39828587 2.53715706 27.17481995
v 9.30439377 2.97436595 27.58267975
v 9.35097218 2.00000000 27.69618988
v 9.39828587 2.53715706 27.17481995
v 9.35097218 2.00000000 27.69618988
v 9.41746330 2.00000000 27.17663002
v 9.17219639 2.07081699 28.50410080
v 8.93087292 2.18499804 29.21917915
v 9.16546822 2.00000000 28.52923012
v 9.16546822 2.00000000 28.52923012
v 8.93087292 2.18499804 29.21917915
v 8.91057968 2.00000000 29.27655029
v 8.91057968 2.00000000 29.27655029
v 8.93087292 2.18499804 29.21917915
v 8.67430115 2.00000000 29.80563927
v 8.67430115 2.00000000 29.80563927
v 8.93087292 2.18499804 29.21917915
v 8.59953785 2.44997311 29.92363930
v 8.67430115 2.00000000 29.80563927
v 8.59953785 2.44997311 29.92363930
v 8.55695057 2.00000000 30.03342056
v 7.73801708 3.19930100 31.10073090
v 7.77140903 2.70370507 31.16052055
v 8.19879913 2.79073000 30.55574036
v 8.55695057 2.00000000 30.03342056
v 8.59953785 2.44997311 29.92363930
v 8.23906612 2.00000000 30.57049942
v 8.23906612 2.00000000 30.57049942
v 8.59953785 2.44997311 29.92363930
v 8.19879913 2.79073000 30.55574036
v 8.23906612 2.00000000 30.57049942
v 8.19879913 2.79073000 30.55574036
v 7.88835621 2.00000000 31.06541061
v 7.88835621 2.00000000 31.06541061
v 8.19879913 2.79073000 30.55574036
v 7.77140903 2.70370507 31.16052055
v 7.88835621 2.00000000 31.06541061
v 7.77140903 2.70370507 31.16052055
v 7.79761124 2.00000000 31.18073082
v 7.75968504 5.00000000 30.15810966
v 7.30909300 4.99999619 30.78907967
v 7.49291992 4.47320223 30.89001083
v 7.49291992 4.47320223 30.89001083
v 7.30909300 4.99999619 30.78907967
v 7.54005909 4.20079708 30.97415924
v 7.49291992 4.47320223 30.89001083
v 7.54005909 4.20079708 30.97415924
v 7.92707300 4.07583094 30.51111031
v 9.16546822 2.00000000 28.52923012
v 9.35097218 2.00000000 27.69618988
v 9.17219639 2.07081699 28.50410080
v 9.17219639 2.07081699 28.50410080
v 9.35097218 2.00000000 27.69618988
v 9.15876102 3.05671597 28.26235962
v 9.17219639 2.07081699 28.50410080
v 9.15876102 3.05671597 28.26235962
v 8.93087292 2.18499804 29.21917915
v 8.93087292 2.18499804 29.21917915
v 9.15876102 3.05671597 28.26235962
v 8.94240761 3.21247602 28.90957069
v 8.93087292 2.18499804 29.21917915
v 8.94240761 3.21247602 28.90957069
v 8.59953785 2.44997311 29.92363930
v 8.66038322 3.43801808 29.50919914
v 8.59953785 2.44997311 29.92363930
v 8.66038322 3.43801808 29.50919914
v 8.19879913 2.79073000 30.55574036
v 8.31927872 3.72806406 30.04722977
v 8.19879913 2.79073000 30.55574036
v 8.31927872 3.72806406 30.04722977
v 7.73801708 3.19930100 31.10073090
v 7.92707300 4.07583094 30.51111031
v 7.73801708 3.19930100 31.10073090
v 7.92707300 4.07583094 30.51111031
v 7.67992878 3.49269509 31.08762932
v 7.67992878 3.49269509 31.08762932
v 7.92707300 4.07583094 30.51111031
v 7.54005909 4.20079708 30.97415924
v 9.29001904 3.37970209 27.16473961
v 9.08758640 4.20438814 27.14594078
v 9.30439377 2.97436595 27.58267975
v 9.30439377 2.97436595 27.58267975
v 9.08758640 4.20438814 27.14594078
v 9.10204983 4.02352619 27.48258972
v 9.30439377 2.97436595 27.58267975
v 9.10204983 4.02352619 27.48258972
v 9.15876102 3.05671597 28.26235962
v 8.98486328 4.08979177 28.02952003
v 9.15876102 3.05671597 28.26235962
v 8.98486328 4.08979177 28.02952003
v 8.94240761 3.21247602 28.90957069
v 8.81076717 4.21512985 28.55032921
v 8.94240761 3.21247602 28.90957069
v 8.81076717 4.21512985 28.55032921
v 8.66038322 3.43801808 29.50919914
v 8.58382511 4.39661980 29.03284073
v 8.66038322 3.43801808 29.50919914
v 8.58382511 4.39661980 29.03284073
v 8.31927872 3.72806406 30.04722977
v 8.30934429 4.63001585 29.46578026
v 8.31927872 3.72806406 30.04722977
v 8.30934429 4.63001585 29.46578026
v 7.92707300 4.07583094 30.51111031
v 7.99373913 4.90986013 29.83905983
v 7.92707300 4.07583094 30.51111031
v 7.99373913 4.90986013 29.83905983
v 7.75968504 5.00000000 30.15810966
v 7.75968504 5.00000000 30.15810966
v 7.99373913 4.90986013 29.83905983
v 8.13368702 5.00000000 29.48594093
v 5.05000019 5.00000000 9.48221493
v 5.05000019 4.99670315 9.48472214
v 5.05000019 4.99670315 9.48221493
v -5.05000019 4.99670315 9.48472214
v -5.05000019 5.00000000 9.48221493
v -5.05000019 4.99670315 9.48221493
v 9.55159855 5.00000000 9.70597363
v 9.91176510 5.00000000 5.80924320
v 9.65581894 5.00000000 9.79355621
v 9.74791527 5.00000000 9.89431667
v 6.61666298 5.00000000 9.48221493
v 6.95540524 5.00000000 9.34893036
v 8.84901810 5.00000000 9.48221493
v 7.36832380 5.00000000 9.10556889
v 7.50449181 5.00000000 9.00218868
v 7.86746693 5.00000000 8.65462303
v 8.92691708 5.00000000 9.48461246
v 9.27884197 5.00000000 9.55889797
v 9.24508476 5.00000000 9.54685211
v 9.28121853 5.00000000 6.77807808
v 7.97837591 5.00000000 8.52235031
v -9.25173187 5.00000000 9.54911709
v -9.52663803 5.00000000 9.68809986
v -9.91176510 5.00000000 5.80924320
v -9.17037201 5.00000000 9.52415562
v -9.60809040 5.00000000 9.75055218
v -9.65237999 5.00000000 9.79023457
v -9.74791813 5.00000000 9.89426804
v -9.27820301 5.00000000 6.78244305
v -7.97837591 5.00000000 8.52235031
v -8.84906483 5.00000000 9.48221493
v -7.73583698 5.00000000 8.79432201
v -7.34860706 5.00000000 9.11950016
v -7.12190485 5.00000000 9.26244736
v -7.05513000 5.00000000 9.29890823
v -6.61666298 5.00000000 9.48221493
v 2.03473091 8.90000057 19.94619942
v 2.03473091 7.88776398 19.94619942
v 2.49777007 8.90000057 19.96747017
v 2.49777007 8.90000057 19.96747017
v 2.03473091 7.88776398 19.94619942
v 2.68937707 7.81288290 19.98880959
v 2.49777007 8.90000057 19.96747017
v 2.68937707 7.81288290 19.98880959
v 3.08428693 8.87537479 20.05647087
v 3.08428693 8.87537479 20.05647087
v 2.68937707 7.81288290 19.98880959
v 3.48212790 8.82999516 20.15806007
v 2.68937707 7.81288290 19.98880959
v 3.32890797 7.72100592 20.11483955
v 3.48212790 8.82999516 20.15806007
v 3.48212790 8.82999516 20.15806007
v 3.32890797 7.72100592 20.11483955
v 3.48165011 7.69629478 20.15792084
v 3.48212790 8.82999516 20.15806007
v 3.48165011 7.69629478 20.15792084
v 3.65364003 8.80303097 20.21272087
v 3.65364003 8.80303097 20.21272087
v 3.48165011 7.69629478 20.15792084
v 3.70454907 7.65830183 20.23024940
v 3.65364003 8.80303097 20.21272087
v 3.70454907 7.65830183 20.23024940
v 3.95209408 8.74512863 20.32434082
v 3.95209408 8.74512863 20.32434082
v 3.70454907 7.65830183 20.23024940
v 4.50490284 8.59914207 20.59156990
v 4.50490284 8.59914207 20.59156990
v 3.70454907 7.65830183 20.23024940
v 4.31406879 7.54259014 20.48984909
v 4.50490284 8.59914207 20.59156990
v 4.31406879 7.54259014 20.48984909
v 4.80810404 8.49619102 20.77589989
v 4.80810404 8.49619102 20.77589989
v 4.31406879 7.54259014 20.48984909
v 4.80713081 7.43614197 20.77526093
v 4.80810404 8.49619102 20.77589989
v 4.80713081 7.43614197 20.77526093
v 5.02273798 8.41273403 20.92503929
v 5.02273798 8.41273403 20.92503929
v 4.80713081 7.43614197 20.77526093
v 4.88168812 7.41903305 20.82518005
v 5.02273798 8.41273403 20.92503929
v 4.88168812 7.41903305 20.82518005
v 5.19709015 8.33808231 21.05894089
v 5.19709015 8.33808231 21.05894089
v 4.88168812 7.41903305 20.82518005
v 5.17258883 7.34970093 21.03939056
v 5.19709015 8.33808231 21.05894089
v 5.17258883 7.34970093 21.03939056
v 5.67179012 8.10073185 21.49272919
v 5.66193724 7.22371912 21.48253059
v 5.67179012 8.10073185 21.49272919
v 5.66193724 7.22371912 21.48253059
v 5.90046215 7.96650410 21.74678993
v 5.90004921 7.15811205 21.74629974
v 5.90046215 7.96650410 21.74678993
v 5.90004921 7.15811205 21.74629974
v 6.08844995 7.84504509 21.98457909
v 6.08617592 7.10483694 21.98151970
v 6.08844995 7.84504509 21.98457909
v 6.08617592 7.10483694 21.98151970
v 6.23055983 7.74580717 22.18593979
v 6.23055983 7.74580717 22.18593979
v 6.08617592 7.10483694 21.98151970
v 6.31988192 7.03544378 22.32411957
v 6.23055983 7.74580717 22.18593979
v 6.31988192 7.03544378 22.32411957
v 6.54025221 7.50342417 22.71524048
v 7.04965305 6.80047798 24.40200043
v 7.04965305 6.96744490 24.40200043
v 6.94831705 6.83478689 23.83036041
v 6.94922113 7.10132980 23.83418083
v 6.94831705 6.83478689 23.83036041
v 6.94922113 7.10132980 23.83418083
v 6.85825491 6.86481905 23.50082970
v 6.85825491 6.86481905 23.50082970
v 6.94922113 7.10132980 23.83418083
v 6.78021002 7.28354216 23.26907921
v 6.85825491 6.86481905 23.50082970
v 6.78021002 7.28354216 23.26907921
v 6.66912794 6.92648697 22.98999023
v 6.66912794 6.92648697 22.98999023
v 6.78021002 7.28354216 23.26907921
v 6.66877079 7.38996077 22.98917007
v 6.66912794 6.92648697 22.98999023
v 6.66877079 7.38996077 22.98917007
v 6.62972403 6.93909883 22.90130997
v 6.62972403 6.93909883 22.90130997
v 6.66877079 7.38996077 22.98917007
v 6.54025221 7.50342417 22.71524048
v 6.62972403 6.93909883 22.90130997
v 6.54025221 7.50342417 22.71524048
v 6.32482719 7.03394508 22.33206940
v 6.32482719 7.03394508 22.33206940
v 6.54025221 7.50342417 22.71524048
v 6.31988192 7.03544378 22.32411957
v -6.59138393 7.45933580 22.81917953
v -6.66896677 7.38978004 22.98962021
v -6.66911983 6.92648983 22.98996925
v -6.66911983 6.92648983 22.98996925
v -6.66896677 7.38978004 22.98962021
v -6.76437187 7.29919815 23.22616959
v -7.04965305 6.96744490 24.40200043
v -7.04965305 6.80047798 24.40200043
v -6.94324923 7.10839510 23.80920029
v -6.94324923 7.10839510 23.80920029
v -7.04965305 6.80047798 24.40200043
v -6.93480301 6.83932114 23.77479935
v -6.94324923 7.10839510 23.80920029
v -6.93480301 6.83932114 23.77479935
v -6.76437187 7.29919815 23.22616959
v -6.76437187 7.29919815 23.22616959
v -6.93480301 6.83932114 23.77479935
v -6.85729218 6.86513805 23.49773026
v -6.76437187 7.29919815 23.22616959
v -6.85729218 6.86513805 23.49773026
v -6.66911983 6.92648983 22.98996925
v -6.62453222 6.94075394 22.88995934
v -6.59138393 7.45933580 22.81917953
v -6.62453222 6.94075394 22.88995934
v -6.31616592 7.03656912 22.31817055
v -6.59138393 7.45933580 22.81917953
v -6.31616592 7.03656912 22.31817055
v -6.27488899 7.71342611 22.25329018
v -6.27488899 7.71342611 22.25329018
v -6.31616592 7.03656912 22.31817055
v -6.15838909 7.08369303 22.08106995
v -6.27488899 7.71342611 22.25329018
v -6.15838909 7.08369303 22.08106995
v -5.90018892 7.96667194 21.74646950
v -5.90018892 7.96667194 21.74646950
v -6.15838909 7.08369303 22.08106995
v -5.90004778 7.15811205 21.74629974
v -5.90018892 7.96667194 21.74646950
v -5.90004778 7.15811205 21.74629974
v -5.89118290 7.97222900 21.73579025
v -5.89118290 7.97222900 21.73579025
v -5.90004778 7.15811205 21.74629974
v -5.74256706 7.20182085 21.56772041
v -5.89118290 7.97222900 21.73579025
v -5.74256706 7.20182085 21.56772041
v -5.68962193 8.09076405 21.51132965
v -5.68962193 8.09076405 21.51132965
v -5.74256706 7.20182085 21.56772041
v -5.21132183 7.34015894 21.07040977
v -5.68962193 8.09076405 21.51132965
v -5.21132183 7.34015894 21.07040977
v -5.24291801 8.31739712 21.09618950
v -5.24291801 8.31739712 21.09618950
v -5.21132183 7.34015894 21.07040977
v -4.80745888 8.49642754 20.77548027
v -5.21132183 7.34015894 21.07040977
v -4.80712605 7.43614388 20.77526093
v -4.80745888 8.49642754 20.77548027
v -4.80745888 8.49642754 20.77548027
v -4.80712605 7.43614388 20.77526093
v -4.67107916 7.46667480 20.68897057
v -4.75407410 8.51578999 20.74087906
v -4.75407410 8.51578999 20.74087906
v -4.67107916 7.46667480 20.68897057
v -4.08997583 7.58715582 20.38334084
v -4.75407410 8.51578999 20.74087906
v -4.08997583 7.58715582 20.38334084
v -4.18619680 8.68962288 20.42741966
v -4.18619680 8.68962288 20.42741966
v -4.08997583 7.58715582 20.38334084
v -3.64094496 8.80518436 20.20844078
v -3.72097707 7.65541077 20.23604012
v -3.64094496 8.80518436 20.20844078
v -3.72097707 7.65541077 20.23604012
v -3.48209095 8.82999897 20.15805054
v -3.48209095 8.82999897 20.15805054
v -3.72097707 7.65541077 20.23604012
v -3.48180604 7.69626904 20.15797043
v -3.48209095 8.82999897 20.15805054
v -3.48180604 7.69626904 20.15797043
v -3.07537603 8.87612247 20.05458069
v -3.09264708 7.75712013 20.05825043
v -3.07537603 8.87612247 20.05458069
v -3.09264708 7.75712013 20.05825043
v -2.81501198 8.89283371 20.00683975
v -2.81501198 8.89283371 20.00683975
v -3.09264708 7.75712013 20.05825043
v -2.45037699 7.84245491 19.96332932
v -2.81501198 8.89283371 20.00683975
v -2.45037699 7.84245491 19.96332932
v -2.49777007 8.90000057 19.96747017
v -2.49777007 8.90000057 19.96747017
v -2.45037699 7.84245491 19.96332932
v -2.03473091 8.90000057 19.94619942
v -2.08306694 7.88289309 19.94643021
v -2.03473091 8.90000057 19.94619942
v -2.08306694 7.88289309 19.94643021
v -2.03473091 7.88776398 19.94619942
v 0.81202501 7.48166990 34.72446060
v 1.62021899 7.42687321 34.65935898
v 0.66110188 7.48785496 20.44619942
v 0.66110188 7.48785496 20.44619942
v 1.62021899 7.42687321 34.65935898
v 2.42062807 7.33639288 34.55168152
v 2.42062807 7.33639288 34.55168152
v 1.97973895 7.39079809 20.44619942
v 1.97973895 7.39079809 20.44619942
v 2.42062807 7.33639288 34.55168152
v 2.55362701 7.31794024 20.48459053
v 2.55362701 7.31794024 20.48459053
v 2.42062807 7.33639288 34.55168152
v 2.65891004 7.30245304 34.51121140
v 2.65925002 7.30248308 20.50012016
v 2.65925002 7.30248308 20.50012016
v 2.65891004 7.30245304 34.51121140
v 3.20915008 7.21160316 34.40272141
v 3.11426401 7.22854614 20.59815025
v 4.73050690 6.86727715 21.43115044
v 4.47549200 6.93473387 21.23815918
v 3.20915008 7.21160316 34.40272141
v 4.47549200 6.93473387 21.23815918
v 3.97789502 7.05495310 20.93602943
v 3.20915008 7.21160316 34.40272141
v 3.20915008 7.21160316 34.40272141
v 3.97789502 7.05495310 20.93602943
v 3.44356608 7.16753721 20.70212936
v 3.20915008 7.21160316 34.40272141
v 3.44356608 7.16753721 20.70212936
v 3.11426401 7.22854614 20.59815025
v 5.89509201 6.50726986 32.92351913
v 6.39441490 6.32590723 32.33311844
v 6.93186188 6.11172104 30.58539009
v 6.93186188 6.11172104 30.58539009
v 6.39441490 6.32590723 32.33311844
v 6.80310678 6.16488504 31.67280006
v 6.93186188 6.11172104 30.58539009
v 6.80310678 6.16488504 31.67280006
v 6.98265314 6.09043694 31.29217911
v 5.89509201 6.50726986 32.92351913
v 6.93186188 6.11172104 30.58539009
v 5.31573486 6.69716597 33.43423080
v 5.31573486 6.69716597 33.43423080
v 6.93186188 6.11172104 30.58539009
v 7.00124979 6.08259678 29.88433075
v 5.31573486 6.69716597 33.43423080
v 7.00124979 6.08259678 29.88433075
v 6.69167900 6.20991993 27.19901085
v 6.69167900 6.20991993 27.19901085
v 6.37601423 6.33289814 24.46083069
v 5.31573486 6.69716597 33.43423080
v 6.28717899 6.36628008 23.94578934
v 6.20822811 6.39550018 23.64888000
v 6.00788879 6.46777201 23.10873032
v 5.31573486 6.69716597 33.43423080
v 6.00788879 6.46777201 23.10873032
v 5.74060392 6.56005478 22.59584045
v 5.31573486 6.69716597 33.43423080
v 5.74060392 6.56005478 22.59584045
v 5.73626804 6.56151295 22.58868027
v 3.20915008 7.21160316 34.40272141
v 3.96019411 7.05887985 34.18170166
v 4.73050690 6.86727715 21.43115044
v 4.73050690 6.86727715 21.43115044
v 3.96019411 7.05887985 34.18170166
v 4.66708899 6.88442183 33.85634995
v 4.73050690 6.86727715 21.43115044
v 4.66708899 6.88442183 33.85634995
v 5.15948820 6.74469995 21.83041000
v 5.15948820 6.74469995 21.83041000
v 4.66708899 6.88442183 33.85634995
v 5.31573486 6.69716597 33.43423080
v 5.15948820 6.74469995 21.83041000
v 5.31573486 6.69716597 33.43423080
v 5.53139400 6.62903118 22.28000069
v 5.53139400 6.62903118 22.28000069
v 5.31573486 6.69716597 33.43423080
v 5.73626804 6.56151295 22.58868027
v 0.81202501 7.48166990 34.72446060
v 0.66110188 7.48785496 20.44619942
v 0.00002636 7.49994898 34.74617004
v -0.00020771 7.50000000 20.44619942
v 0.00002636 7.49994898 34.74617004
v -0.00020771 7.50000000 20.44619942
v -0.81196588 7.48166800 34.72446060
v -0.66110188 7.48785496 20.44619942
v -0.81196588 7.48166800 34.72446060
v -0.66110188 7.48785496 20.44619942
v -1.62014604 7.42688894 34.65938187
v -1.97973895 7.39079809 20.44619942
v -1.62014604 7.42688894 34.65938187
v -1.97973895 7.39079809 20.44619942
v -2.42056489 7.33640003 34.55168915
v -2.02211189 7.38605785 20.44640923
v -2.42056489 7.33640003 34.55168915
v -2.02211189 7.38605785 20.44640923
v -2.34411001 7.34671307 20.46162987
v -2.42056489 7.33640003 34.55168915
v -2.34411001 7.34671307 20.46162987
v -2.65932107 7.30238581 34.51113129
v -2.65990901 7.30238390 20.50021935
v -2.65932107 7.30238581 34.51113129
v -2.65990901 7.30238390 20.50021935
v -3.20915103 7.21160889 34.40272141
v -3.20915103 7.21160889 34.40272141
v -2.65990901 7.30238390 20.50021935
v -2.90714908 7.26368523 20.54715919
v -2.90714908 7.26368523 20.54715919
v -3.45796800 7.16472387 20.70734024
v -3.20915103 7.21160889 34.40272141
v -3.20915103 7.21160889 34.40272141
v -3.45796800 7.16472387 20.70734024
v -3.78144598 7.09831381 20.84004974
v -3.89031601 7.07447815 34.20734024
v -3.89031601 7.07447815 34.20734024
v -3.78144598 7.09831381 20.84004974
v -4.53903294 6.91830587 33.92475128
v -3.78144598 7.09831381 20.84004974
v -4.29086399 6.98108912 21.11543083
v -4.53903294 6.91830587 33.92475128
v -4.53903294 6.91830587 33.92475128
v -4.29086399 6.98108912 21.11543083
v -4.76446199 6.85799313 21.45911026
v -4.53903294 6.91830587 33.92475128
v -4.76446199 6.85799313 21.45911026
v -5.14597082 6.74871492 33.55796814
v -6.37601423 6.33289814 24.46083069
v -6.69167900 6.20991993 27.19901085
v -5.14597082 6.74871492 33.55796814
v -6.27533197 6.37069082 23.89572906
v -4.76446199 6.85799313 21.45911026
v -5.23017216 6.72339392 21.90716934
v -5.14597082 6.74871492 33.55796814
v -5.14597082 6.74871492 33.55796814
v -5.23017216 6.72339392 21.90716934
v -5.59469795 6.60845804 22.36969948
v -5.14597082 6.74871492 33.55796814
v -5.59469795 6.60845804 22.36969948
v -5.73301077 6.56260777 22.58332062
v -5.73301077 6.56260777 22.58332062
v -6.00333691 6.46938181 23.09849930
v -5.14597082 6.74871492 33.55796814
v -5.14597082 6.74871492 33.55796814
v -6.00333691 6.46938181 23.09849930
v -6.20738316 6.39581013 23.64608955
v -6.20738316 6.39581013 23.64608955
v -6.98244190 6.09052706 31.29162979
v -6.92081881 6.11633921 31.43182945
v -6.93186903 6.11171913 30.58502007
v -6.93186903 6.11171913 30.58502007
v -6.92081881 6.11633921 31.43182945
v -6.80337477 6.16477919 31.67229080
v -6.80337477 6.16477919 31.67229080
v -6.60940790 6.24264288 32.01316071
v -6.93186903 6.11171913 30.58502007
v -6.93186903 6.11171913 30.58502007
v -6.60940790 6.24264288 32.01316071
v -6.39467478 6.32580614 32.33277130
v -6.93186903 6.11171913 30.58502007
v -6.39467478 6.32580614 32.33277130
v -6.19295979 6.40107822 32.59281921
v -6.69167900 6.20991993 27.19901085
v -7.00124979 6.08259678 29.88433075
v -5.14597082 6.74871492 33.55796814
v -5.14597082 6.74871492 33.55796814
v -7.00124979 6.08259678 29.88433075
v -6.93186903 6.11171913 30.58502007
v -5.14597082 6.74871492 33.55796814
v -6.93186903 6.11171913 30.58502007
v -5.70123816 6.57324791 33.11148071
v -5.70123816 6.57324791 33.11148071
v -6.93186903 6.11171913 30.58502007
v -6.19295979 6.40107822 32.59281921
v 7.98910093 5.00000000 29.30402946
v 7.79221487 5.14210701 29.53572083
v 7.63767481 5.00000000 29.97365952
v 7.51587582 6.49987698 27.07678986
v 7.49699116 6.52100182 27.07504082
v 7.51861382 6.36346388 27.81862068
v 7.51861382 6.36346388 27.81862068
v 7.49503708 6.25307083 28.26557922
v 7.70572805 5.98111820 28.30331993
v 7.70572805 5.98111820 28.30331993
v 7.49503708 6.25307083 28.26557922
v 7.42489386 6.13662720 28.74558067
v 7.28545713 6.04519606 29.22929955
v 7.59181118 5.90264082 28.80415916
v 7.30518818 6.05257177 29.17667007
v 8.29616261 5.00000000 28.48977089
v 8.47506714 5.00000000 27.75124931
v 8.30722237 5.13451099 28.17956924
v 8.30722237 5.13451099 28.17956924
v 8.47506714 5.00000000 27.75124931
v 8.55440521 5.00000000 27.17295074
v 8.30722237 5.13451099 28.17956924
v 8.55440521 5.00000000 27.17295074
v 8.14980412 5.56754112 27.68398094
v 8.14980412 5.56754112 27.68398094
v 8.55440521 5.00000000 27.17295074
v 8.19419098 5.61319017 27.13958931
v 8.14980412 5.56754112 27.68398094
v 8.19419098 5.61319017 27.13958931
v 7.88127518 6.03383112 27.27363014
v 7.82330322 5.65768909 28.67347908
v 7.85257387 5.37373590 29.09057045
v 8.26202679 5.00000000 28.59873962
v 7.70264578 5.48915005 29.25153923
v 7.69387293 5.35879087 29.45289040
v 7.79221487 5.14210701 29.53572083
v 7.69387293 5.35879087 29.45289040
v 7.69058323 5.32576609 29.50288010
v 7.79221487 5.14210701 29.53572083
v 7.79221487 5.14210701 29.53572083
v 7.69058323 5.32576609 29.50288010
v 7.68969297 5.31748199 29.51535034
v 7.79221487 5.14210701 29.53572083
v 7.68969297 5.31748199 29.51535034
v 7.63767481 5.00000000 29.97365952
v 7.98910093 5.00000000 29.30402946
v 8.26202679 5.00000000 28.59873962
v 7.79221487 5.14210701 29.53572083
v 7.79221487 5.14210701 29.53572083
v 8.26202679 5.00000000 28.59873962
v 7.85257387 5.37373590 29.09057045
v 7.79221487 5.14210701 29.53572083
v 7.85257387 5.37373590 29.09057045
v 7.70264578 5.48915005 29.25153923
v 7.70264578 5.48915005 29.25153923
v 7.85257387 5.37373590 29.09057045
v 7.82330322 5.65768909 28.67347908
v 7.70264578 5.48915005 29.25153923
v 7.82330322 5.65768909 28.67347908
v 7.68606901 5.85730791 28.64813995
v 7.68606901 5.85730791 28.64813995
v 7.82330322 5.65768909 28.67347908
v 7.70572805 5.98111820 28.30331993
v 7.68606901 5.85730791 28.64813995
v 7.70572805 5.98111820 28.30331993
v 7.59181118 5.90264082 28.80415916
v 7.59181118 5.90264082 28.80415916
v 7.70572805 5.98111820 28.30331993
v 7.42489386 6.13662720 28.74558067
v 7.59181118 5.90264082 28.80415916
v 7.42489386 6.13662720 28.74558067
v 7.30518818 6.05257177 29.17667007
v 8.19419098 5.61319017 27.13958931
v 7.51587582 6.49987698 27.07678986
v 7.88127518 6.03383112 27.27363014
v 7.88127518 6.03383112 27.27363014
v 7.51587582 6.49987698 27.07678986
v 7.51861382 6.36346388 27.81862068
v 7.88127518 6.03383112 27.27363014
v 7.51861382 6.36346388 27.81862068
v 8.14980412 5.56754112 27.68398094
v 8.14980412 5.56754112 27.68398094
v 7.51861382 6.36346388 27.81862068
v 7.70572805 5.98111820 28.30331993
v 8.14980412 5.56754112 27.68398094
v 7.70572805 5.98111820 28.30331993
v 8.30722237 5.13451099 28.17956924
v 7.82330322 5.65768909 28.67347908
v 8.30722237 5.13451099 28.17956924
v 7.82330322 5.65768909 28.67347908
v 8.29616261 5.00000000 28.48977089
v 8.29616261 5.00000000 28.48977089
v 7.82330322 5.65768909 28.67347908
v 8.26202679 5.00000000 28.59873962
v 7.04965305 6.96744490 24.40200043
v 7.04965305 6.80047798 24.40200043
v 7.11593819 6.86120510 24.96143913
v 7.18210411 6.74972582 25.51988029
v 9.91176510 5.00000000 5.80924320
v 9.28121853 5.00000000 6.77807808
v 7.97837591 6.77804708 6.64901781
v 9.33371639 5.94234991 5.43585682
v 9.65655994 5.45691776 5.60671711
v 7.97837591 6.77804708 6.64901781
v 7.97837591 6.77804708 6.64901781
v 9.65655994 5.45691776 5.60671711
v 9.77755070 5.25000000 5.69520378
v 7.97837591 6.77804708 6.64901781
v 9.77755070 5.25000000 5.69520378
v 9.91176510 5.00000000 5.80924320
v 7.97837591 7.31672192 5.74536324
v 8.68689823 6.71073818 5.37392092
v 7.97837591 6.77804708 6.64901781
v 7.97837591 6.77804708 6.64901781
v 8.68689823 6.71073818 5.37392092
v 9.00272369 6.36340094 5.35841608
v 9.33371639 5.94234991 5.43585682
v 7.97837591 7.34728193 5.68511391
v 8.30754757 7.07283211 5.49787998
v 7.97837591 7.31672192 5.74536324
v 8.62785339 6.77073383 5.38601112
v 8.68689823 6.71073818 5.37392092
v 7.97837591 5.00000000 8.52235031
v 7.97837591 5.37837410 8.21421719
v 9.28121853 5.00000000 6.77807808
v 9.28121853 5.00000000 6.77807808
v 7.97837591 5.37837410 8.21421719
v 7.97837591 6.12838507 7.47648478
v 9.28121853 5.00000000 6.77807808
v 7.97837591 6.12838507 7.47648478
v 7.97837591 6.77804708 6.64901781
v -0.67946589 7.98751783 19.94619942
v 2.03473091 8.90000057 19.94619942
v 0.67946589 7.98751783 19.94619942
v 2.03473091 7.88776398 19.94619942
v 5.67227221 8.61690617 4.92176390
v 4.97888279 8.81576824 4.25279903
v 4.88503695 8.77750587 10.69305038
v 3.66903090 8.99329090 3.38569593
v 3.35300708 9.00000000 3.34155798
v 3.07389903 9.00000000 10.60534000
v 5.11748981 8.50614929 20.84712982
v 5.29782295 8.43048763 20.98389053
v 5.42531109 8.42704391 19.38003922
v 6.68774700 7.58455086 22.67477989
v 6.93635321 7.36169815 23.23999023
v 7.33010101 7.27543306 19.51736069
v 7.46824884 6.59122276 26.68810081
v 7.49699116 6.52100182 27.07504082
v 7.51587582 6.49987698 27.07678986
v 7.33010101 7.27543306 19.51736069
v 6.93635321 7.36169815 23.23999023
v 8.13348866 6.49987698 19.57526970
v 8.13348866 6.49987698 19.57526970
v 6.93635321 7.36169815 23.23999023
v 7.11165905 7.17702389 23.81662941
v 8.13348866 6.49987698 19.57526970
v 7.11165905 7.17702389 23.81662941
v 7.21610212 7.04132986 24.39596939
v 7.21610212 7.04132986 24.39596939
v 7.28391314 6.93365383 24.95564079
v 8.13348866 6.49987698 19.57526970
v 8.13348866 6.49987698 19.57526970
v 7.28391314 6.93365383 24.95564079
v 7.35161304 6.82066917 25.51431084
v 8.13348866 6.49987698 19.57526970
v 7.35161304 6.82066917 25.51431084
v 7.46824884 6.59122276 26.68810081
v 5.42531109 8.42704391 19.38003922
v 5.29782295 8.43048763 20.98389053
v 6.42063808 7.92261600 19.45178986
v 5.29782295 8.43048763 20.98389053
v 5.78887987 8.18993092 21.42684937
v 6.42063808 7.92261600 19.45178986
v 6.42063808 7.92261600 19.45178986
v 5.78887987 8.18993092 21.42684937
v 6.22002220 7.93078804 21.92898941
v 6.42063808 7.92261600 19.45178986
v 6.22002220 7.93078804 21.92898941
v 7.33010101 7.27543306 19.51736069
v 7.33010101 7.27543306 19.51736069
v 6.22002220 7.93078804 21.92898941
v 6.36710691 7.83020878 22.13454056
v 7.33010101 7.27543306 19.51736069
v 6.36710691 7.83020878 22.13454056
v 6.68774700 7.58455086 22.67477989
v 4.36624718 8.77750587 19.30368996
v 3.26698208 8.96621037 19.22444916
v 3.11319900 8.97504425 19.95924950
v 3.11319900 8.97504425 19.95924950
v 3.70178890 8.90172100 20.11919975
v 4.36624718 8.77750587 19.30368996
v 4.36624718 8.77750587 19.30368996
v 3.70178890 8.90172100 20.11919975
v 4.01035595 8.84303570 20.23335075
v 4.36624718 8.77750587 19.30368996
v 4.01035595 8.84303570 20.23335075
v 5.42531109 8.42704391 19.38003922
v 5.42531109 8.42704391 19.38003922
v 4.01035595 8.84303570 20.23335075
v 4.58196211 8.69507504 20.50646973
v 5.42531109 8.42704391 19.38003922
v 4.58196211 8.69507504 20.50646973
v 5.11748981 8.50614929 20.84712982
v 3.78420997 8.96621037 10.63973999
v 3.07389903 9.00000000 10.60534000
v 2.55767894 9.00000000 19.17330933
v 4.88503695 8.77750587 10.69305038
v 4.97888279 8.81576824 4.25279903
v 3.78420997 8.96621037 10.63973999
v 4.97888279 8.81576824 4.25279903
v 4.42606115 8.92100811 3.79220796
v 3.78420997 8.96621037 10.63973999
v 3.78420997 8.96621037 10.63973999
v 4.42606115 8.92100811 3.79220796
v 4.18699217 8.95260239 3.62743402
v 4.18699217 8.95260239 3.62743402
v 3.07389903 9.00000000 10.60534000
v 4.18699217 8.95260239 3.62743402
v 3.79937100 8.98657036 3.42853403
v 3.79937100 8.98657036 3.42853403
v 3.66903090 8.99329090 3.38569593
v 6.84807491 8.09584618 5.76856279
v 6.49242783 8.27882671 5.60690117
v 5.94560814 8.42704391 10.74440956
v 5.94560814 8.42704391 10.74440956
v 6.49242783 8.27882671 5.60690117
v 6.20421696 8.41055870 5.41762209
v 5.94560814 8.42704391 10.74440956
v 6.20421696 8.41055870 5.41762209
v 4.88503695 8.77750587 10.69305038
v 4.88503695 8.77750587 10.69305038
v 6.20421696 8.41055870 5.41762209
v 5.85709000 8.55055904 5.11034584
v 4.88503695 8.77750587 10.69305038
v 5.85709000 8.55055904 5.11034584
v 5.67227221 8.61690617 4.92176390
v 6.84807491 8.09584618 5.76856279
v 5.94560814 8.42704391 10.74440956
v 7.21137190 7.88418913 5.85287380
v 7.21137190 7.88418913 5.85287380
v 6.94234896 7.92261600 10.79267979
v 7.21137190 7.88418913 5.85287380
v 6.94234896 7.92261600 10.79267979
v 7.53206301 7.67516994 5.85111904
v 7.53206301 7.67516994 5.85111904
v 6.94234896 7.92261600 10.79267979
v 7.85310602 7.27543306 10.83677959
v 7.68301010 7.56920385 5.82024002
v 8.65763474 6.49987698 10.87574005
v 9.00272369 6.36340094 5.35841608
v 8.68689823 6.71073818 5.37392092
v 8.68689823 6.71073818 5.37392092
v 8.62785339 6.77073383 5.38601112
v 8.65763474 6.49987698 10.87574005
v 8.65763474 6.49987698 10.87574005
v 8.62785339 6.77073383 5.38601112
v 8.30754757 7.07283211 5.49787998
v 7.85310602 7.27543306 10.83677959
v 7.85310602 7.27543306 10.83677959
v 8.30754757 7.07283211 5.49787998
v 7.97837591 7.34728193 5.68511391
v 7.85310602 7.27543306 10.83677959
v 7.97837591 7.34728193 5.68511391
v 7.68301010 7.56920385 5.82024002
v 9.00272369 6.36340094 5.35841608
v 8.65763474 6.49987698 10.87574005
v 9.33371639 5.94234991 5.43585682
v 9.33371639 5.94234991 5.43585682
v 8.65763474 6.49987698 10.87574005
v 9.33805466 5.61319017 10.90869045
v 9.33371639 5.94234991 5.43585682
v 9.33805466 5.61319017 10.90869045
v 9.65655994 5.45691776 5.60671711
v 9.74791527 5.00000000 9.89431667
v 9.91176510 5.00000000 5.80924320
v 9.33805466 5.61319017 10.90869045
v 9.33805466 5.61319017 10.90869045
v 9.91176510 5.00000000 5.80924320
v 9.77755070 5.25000000 5.69520378
v 9.33805466 5.61319017 10.90869045
v 9.77755070 5.25000000 5.69520378
v 9.65655994 5.45691776 5.60671711
v 8.19419098 5.61319017 27.13958931
v 8.55440521 5.00000000 27.17295074
v 9.17376041 5.00000000 19.65027046
v 7.46824884 6.59122276 26.68810081
v 7.51587582 6.49987698 27.07678986
v 8.13348866 6.49987698 19.57526970
v 8.13348866 6.49987698 19.57526970
v 7.51587582 6.49987698 27.07678986
v 8.19419098 5.61319017 27.13958931
v 8.81294346 5.61319017 19.62425041
v 8.81294346 5.61319017 19.62425041
v 8.81294346 5.61319017 19.62425041
v 9.17376041 5.00000000 19.65027046
v 9.69938374 5.00000000 10.92619038
v 2.50693893 9.00000000 19.86788940
v 3.11319900 8.97504425 19.95924950
v 2.55767894 9.00000000 19.17330933
v 3.11319900 8.97504425 19.95924950
v 3.26698208 8.96621037 19.22444916
v 3.26698208 8.96621037 19.22444916
v 4.36624718 8.77750587 19.30368996
v 4.88503695 8.77750587 10.69305038
v 4.36624718 8.77750587 19.30368996
v 5.42531109 8.42704391 19.38003922
v 5.94560814 8.42704391 10.74440956
v 5.94560814 8.42704391 10.74440956
v 6.94234896 7.92261600 10.79267979
v 6.42063808 7.92261600 19.45178986
v 7.33010101 7.27543306 19.51736069
v 7.85310602 7.27543306 10.83677959
v 7.33010101 7.27543306 19.51736069
v 8.13348866 6.49987698 19.57526970
v 8.65763474 6.49987698 10.87574005
v 8.65763474 6.49987698 10.87574005
v 8.13348866 6.49987698 19.57526970
v 8.81294346 5.61319017 19.62425041
v 9.33805466 5.61319017 10.90869045
v 9.33805466 5.61319017 10.90869045
v 9.33805466 5.61319017 10.90869045
v 9.69938374 5.00000000 10.92619038
v 9.74791527 5.00000000 9.89431667
v -7.18210411 6.74972582 25.51988029
v -7.04965305 6.80047798 24.40200043
v -7.11593819 6.86120510 24.96143913
v -7.04965305 6.96744490 24.40200043
v -7.68965006 5.31709099 29.51593971
v -7.70049000 5.71263123 28.89135933
v -7.92013788 5.37697697 28.92134094
v -7.68606901 5.85730791 28.64813995
v -7.51817894 6.21230316 28.30293083
v -7.70223713 6.04347515 28.14624023
v -7.50403118 6.50024605 27.18882942
v -7.49699116 6.52100182 27.07504082
v -7.51587582 6.49987698 27.07678986
v -7.86148500 5.90381289 27.94115067
v -7.51099682 6.47321892 27.32675934
v -7.98894501 5.79943991 27.69663048
v -7.98894501 5.79943991 27.69663048
v -7.51099682 6.47321892 27.32675934
v -7.50403118 6.50024605 27.18882942
v -7.98894501 5.79943991 27.69663048
v -7.50403118 6.50024605 27.18882942
v -8.07903194 5.73492813 27.42340088
v -8.07903194 5.73492813 27.42340088
v -7.50403118 6.50024605 27.18882942
v -7.51587582 6.49987698 27.07678986
v -8.07903194 5.73492813 27.42340088
v -7.51587582 6.49987698 27.07678986
v -8.19419098 5.61319017 27.13958931
v -7.51956415 6.38812208 27.71446991
v -7.51886797 6.41522121 27.59660912
v -7.86148500 5.90381289 27.94115067
v -7.86148500 5.90381289 27.94115067
v -7.51886797 6.41522121 27.59660912
v -7.51643896 6.44133186 27.47866058
v -7.86148500 5.90381289 27.94115067
v -7.51643896 6.44133186 27.47866058
v -7.51099682 6.47321892 27.32675934
v -7.48957109 6.23917007 28.32117081
v -7.49705601 6.25864697 28.24331093
v -7.51817894 6.21230316 28.30293083
v -7.51817894 6.21230316 28.30293083
v -7.49705601 6.25864697 28.24331093
v -7.51956415 6.38812208 27.71446991
v -7.51817894 6.21230316 28.30293083
v -7.51956415 6.38812208 27.71446991
v -7.70223713 6.04347515 28.14624023
v -7.70223713 6.04347515 28.14624023
v -7.51956415 6.38812208 27.71446991
v -7.86148500 5.90381289 27.94115067
v -7.68606901 5.85730791 28.64813995
v -7.43580294 5.97614288 29.03395081
v -7.41960192 6.13092804 28.77079010
v -7.41960192 6.13092804 28.77079010
v -7.43580294 5.97614288 29.03395081
v -7.29510307 6.04081821 29.21742058
v -7.41960192 6.13092804 28.77079010
v -7.29510307 6.04081821 29.21742058
v -7.28545713 6.04519606 29.22929955
v -7.68606901 5.85730791 28.64813995
v -7.41960192 6.13092804 28.77079010
v -7.51817894 6.21230316 28.30293083
v -7.48919201 6.23826313 28.32480049
v -7.48919201 6.23826313 28.32480049
v -7.63767481 5.00000000 29.97365952
v -7.68965006 5.31709099 29.51593971
v -7.95074701 5.00000000 29.38697052
v -7.95074701 5.00000000 29.38697052
v -7.68965006 5.31709099 29.51593971
v -7.92013788 5.37697697 28.92134094
v -7.95074701 5.00000000 29.38697052
v -7.92013788 5.37697697 28.92134094
v -8.23462296 5.00000000 28.68177032
v -8.23462296 5.00000000 28.68177032
v -7.92013788 5.37697697 28.92134094
v -8.19364357 5.13711309 28.56909943
v -8.23462296 5.00000000 28.68177032
v -8.19364357 5.13711309 28.56909943
v -8.23775482 5.00000000 28.67247009
v -8.23775482 5.00000000 28.67247009
v -8.19364357 5.13711309 28.56909943
v -8.37568092 5.00000000 28.20545959
v -7.70049000 5.71263123 28.89135933
v -7.68606901 5.85730791 28.64813995
v -7.92013788 5.37697697 28.92134094
v -7.92013788 5.37697697 28.92134094
v -7.68606901 5.85730791 28.64813995
v -7.70223713 6.04347515 28.14624023
v -7.92013788 5.37697697 28.92134094
v -7.70223713 6.04347515 28.14624023
v -8.19364357 5.13711309 28.56909943
v -7.86148500 5.90381289 27.94115067
v -8.19364357 5.13711309 28.56909943
v -7.86148500 5.90381289 27.94115067
v -8.37568092 5.00000000 28.20545959
v -8.37568092 5.00000000 28.20545959
v -7.86148500 5.90381289 27.94115067
v -7.98894501 5.79943991 27.69663048
v -7.98894501 5.79943991 27.69663048
v -8.39330578 5.00000000 28.13496971
v -8.39330578 5.00000000 28.13496971
v -7.98894501 5.79943991 27.69663048
v -8.07903194 5.73492813 27.42340088
v -8.39330578 5.00000000 28.13496971
v -8.07903194 5.73492813 27.42340088
v -8.44194412 5.00000000 27.92041969
v -8.44194412 5.00000000 27.92041969
v -8.07903194 5.73492813 27.42340088
v -8.19419098 5.61319017 27.13958931
v -8.55440521 5.00000000 27.17295074
v -7.97837591 5.37837410 8.21421719
v -7.97837591 5.00000000 8.52235031
v -9.27820301 5.00000000 6.78244305
v -9.27820301 5.00000000 6.78244305
v -9.91176510 5.00000000 5.80924320
v -9.77755070 5.25000000 5.69520378
v -8.29586220 7.08316278 5.50335121
v -7.97837591 7.34728193 5.68511391
v -7.97837591 7.31672192 5.74536324
v -8.62726498 6.77132320 5.38614511
v -9.77755070 5.25000000 5.69520378
v -9.49409580 5.71200991 5.50891018
v -7.97837591 6.77804708 6.64901781
v -7.97837591 6.77804708 6.64901781
v -9.49409580 5.71200991 5.50891018
v -9.18271065 6.14267588 5.38834476
v -7.97837591 7.31672192 5.74536324
v -7.97837591 7.31672192 5.74536324
v -9.18271065 6.14267588 5.38834476
v -8.88858795 6.49437618 5.35421896
v -8.88858795 6.49437618 5.35421896
v -9.77755070 5.25000000 5.69520378
v -7.97837591 6.77804708 6.64901781
v -9.27820301 5.00000000 6.78244305
v -9.27820301 5.00000000 6.78244305
v -7.97837591 6.77804708 6.64901781
v -7.97837591 6.12838507 7.47648478
v -9.27820301 5.00000000 6.78244305
v -7.97837591 6.12838507 7.47648478
v -7.97837591 5.37837410 8.21421719
v -3.80126905 8.98645401 3.42925692
v -4.17372990 8.95411301 3.61911106
v -3.78421092 8.96621037 10.63973045
v -7.70811796 7.55109501 5.81290388
v -7.97837591 7.34728193 5.68511391
v -7.85310602 7.27543306 10.83677006
v -7.51587582 6.49987698 27.07678986
v -7.49699116 6.52100182 27.07504082
v -7.39519119 6.74260616 25.89858055
v -7.39519119 6.74260616 25.89858055
v -7.35161304 6.82066917 25.51431084
v -8.13348866 6.49987698 19.57526970
v -8.13348866 6.49987698 19.57526970
v -7.35161304 6.82066917 25.51431084
v -7.28391314 6.93365383 24.95564079
v -7.28391314 6.93365383 24.95564079
v -7.21610212 7.04132986 24.39596939
v -8.13348866 6.49987698 19.57526970
v -8.13348866 6.49987698 19.57526970
v -7.21610212 7.04132986 24.39596939
v -7.10545778 7.18418407 23.79113960
v -8.13348866 6.49987698 19.57526970
v -7.10545778 7.18418407 23.79113960
v -7.33010197 7.27543306 19.51734924
v -8.13348866 6.49987698 19.57526970
v -7.51587582 6.49987698 27.07678986
v -8.13348866 6.49987698 19.57526970
v -8.81294346 5.61319017 19.62425041
v -8.19419098 5.61319017 27.13958931
v -9.33805466 5.61319017 10.90867996
v -9.69938469 5.00000000 10.92617989
v -9.17376041 5.00000000 19.65026093
v -9.69938469 5.00000000 10.92617989
v -9.33805466 5.61319017 10.90867996
v -9.74791813 5.00000000 9.89426804
v -9.77755070 5.25000000 5.69520378
v -9.74791813 5.00000000 9.89426804
v -9.77755070 5.25000000 5.69520378
v -9.91176510 5.00000000 5.80924320
v -8.62726498 6.77132320 5.38614511
v -8.88858795 6.49437618 5.35421896
v -8.65763569 6.49987698 10.87572956
v -8.65763569 6.49987698 10.87572956
v -8.88858795 6.49437618 5.35421896
v -9.18271065 6.14267588 5.38834476
v -8.65763569 6.49987698 10.87572956
v -9.18271065 6.14267588 5.38834476
v -9.33805466 5.61319017 10.90867996
v -9.33805466 5.61319017 10.90867996
v -9.18271065 6.14267588 5.38834476
v -9.49409580 5.71200991 5.50891018
v -9.33805466 5.61319017 10.90867996
v -9.49409580 5.71200991 5.50891018
v -9.77755070 5.25000000 5.69520378
v -7.85310602 7.27543306 10.83677006
v -7.97837591 7.34728193 5.68511391
v -8.65763569 6.49987698 10.87572956
v -8.65763569 6.49987698 10.87572956
v -7.97837591 7.34728193 5.68511391
v -8.29586220 7.08316278 5.50335121
v -8.29586220 7.08316278 5.50335121
v -8.62726498 6.77132320 5.38614511
v -6.33846188 8.35099316 5.51258278
v -6.61137199 8.22019958 5.66956615
v -5.94560909 8.42704391 10.74440002
v -5.94560909 8.42704391 10.74440002
v -6.61137199 8.22019958 5.66956615
v -6.98496580 8.01911926 5.81018877
v -5.94560909 8.42704391 10.74440002
v -6.98496580 8.01911926 5.81018877
v -6.94234896 7.92261600 10.79267025
v -6.94234896 7.92261600 10.79267025
v -6.98496580 8.01911926 5.81018877
v -7.16511393 7.91258621 5.84690380
v -6.94234896 7.92261600 10.79267025
v -7.16511393 7.91258621 5.84690380
v -7.85310602 7.27543306 10.83677006
v -7.85310602 7.27543306 10.83677006
v -7.16511393 7.91258621 5.84690380
v -7.50117922 7.69624186 5.85485220
v -7.85310602 7.27543306 10.83677006
v -7.50117922 7.69624186 5.85485220
v -7.70811796 7.55109501 5.81290388
v -6.33846188 8.35099316 5.51258278
v -5.94560909 8.42704391 10.74440002
v -5.97302485 8.50601196 5.22373009
v -5.97302485 8.50601196 5.22373009
v -5.94560909 8.42704391 10.74440002
v -4.88503790 8.77750587 10.69303989
v -5.97302485 8.50601196 5.22373009
v -4.88503790 8.77750587 10.69303989
v -5.85709000 8.55055904 5.11034584
v -4.17372990 8.95411301 3.61911106
v -4.53746319 8.90345097 3.87730193
v -3.78421092 8.96621037 10.63973045
v -3.78421092 8.96621037 10.63973045
v -4.53746319 8.90345097 3.87730193
v -4.91213179 8.83091354 4.19277811
v -3.78421092 8.96621037 10.63973045
v -4.91213179 8.83091354 4.19277811
v -4.88503790 8.77750587 10.69303989
v -4.88503790 8.77750587 10.69303989
v -4.91213179 8.83091354 4.19277811
v -5.18523407 8.76459408 4.44403696
v -4.88503790 8.77750587 10.69303989
v -5.18523407 8.76459408 4.44403696
v -5.85709000 8.55055904 5.11034584
v -3.07389903 9.00000000 10.60533047
v -3.35300708 9.00000000 3.34155798
v -3.49215007 8.99870586 3.35018802
v -3.26698303 8.96621037 19.22443962
v -2.55767989 9.00000000 19.17330933
v -3.07389903 9.00000000 10.60533047
v -2.50693893 9.00000000 19.86788940
v -2.55767989 9.00000000 19.17330933
v -2.83485103 8.99273586 19.90836906
v -2.83485103 8.99273586 19.90836906
v -2.55767989 9.00000000 19.17330933
v -3.26698303 8.96621037 19.22443962
v -2.83485103 8.99273586 19.90836906
v -3.26698303 8.96621037 19.22443962
v -3.10398793 8.97579861 19.95731926
v -3.10398793 8.97579861 19.95731926
v -3.26698303 8.96621037 19.22443962
v -3.68866396 8.90390301 20.11482048
v -3.68866396 8.90390301 20.11482048
v -3.26698303 8.96621037 19.22443962
v -4.36624718 8.77750587 19.30368042
v -3.68866396 8.90390301 20.11482048
v -4.36624718 8.77750587 19.30368042
v -4.25240803 8.78678226 20.33872032
v -4.25240803 8.78678226 20.33872032
v -4.36624718 8.77750587 19.30368042
v -4.83963490 8.61059761 20.65901947
v -4.83963490 8.61059761 20.65901947
v -4.36624718 8.77750587 19.30368042
v -5.42531204 8.42704391 19.38002968
v -4.83963490 8.61059761 20.65901947
v -5.42531204 8.42704391 19.38002968
v -5.34522581 8.40952301 21.02194023
v -5.34522581 8.40952301 21.02194023
v -5.42531204 8.42704391 19.38002968
v -5.80733013 8.17982674 21.44585037
v -5.80733013 8.17982674 21.44585037
v -5.42531204 8.42704391 19.38002968
v -6.42063808 7.92261600 19.45178986
v -5.80733013 8.17982674 21.44585037
v -6.42063808 7.92261600 19.45178986
v -6.01588202 8.05969238 21.67499924
v -7.10545778 7.18418407 23.79113960
v -6.91993713 7.37756491 23.19621086
v -7.33010197 7.27543306 19.51734924
v -7.33010197 7.27543306 19.51734924
v -6.91993713 7.37756491 23.19621086
v -6.74070501 7.53986692 22.78086090
v -7.33010197 7.27543306 19.51734924
v -6.74070501 7.53986692 22.78086090
v -6.42063808 7.92261600 19.45178986
v -6.42063808 7.92261600 19.45178986
v -6.74070501 7.53986692 22.78086090
v -6.41299295 7.79739094 22.20327950
v -6.42063808 7.92261600 19.45178986
v -6.41299295 7.79739094 22.20327950
v -6.01588202 8.05969238 21.67499924
v -3.49215007 8.99870586 3.35018802
v -3.80126905 8.98645401 3.42925692
v -3.07389903 9.00000000 10.60533047
v -3.80126905 8.98645401 3.42925692
v -3.78421092 8.96621037 10.63973045
v -3.26698303 8.96621037 19.22443962
v -4.36624718 8.77750587 19.30368042
v -4.36624718 8.77750587 19.30368042
v -5.42531204 8.42704391 19.38002968
v -5.42531204 8.42704391 19.38002968
v -5.94560909 8.42704391 10.74440002
v -6.94234896 7.92261600 10.79267025
v -6.42063808 7.92261600 19.45178986
v -6.42063808 7.92261600 19.45178986
v -6.94234896 7.92261600 10.79267025
v -7.33010197 7.27543306 19.51734924
v -7.33010197 7.27543306 19.51734924
v -7.85310602 7.27543306 10.83677006
v -8.65763569 6.49987698 10.87572956
v -8.13348866 6.49987698 19.57526970
v -8.13348866 6.49987698 19.57526970
v -8.65763569 6.49987698 10.87572956
v -9.33805466 5.61319017 10.90867996
v -8.81294346 5.61319017 19.62425041
v -8.81294346 5.61319017 19.62425041
v -8.81294346 5.61319017 19.62425041
v -9.17376041 5.00000000 19.65026093
v -8.19419098 5.61319017 27.13958931
v -8.55440521 5.00000000 27.17295074
v 7.22220516 5.96967506 30.86247063
v 7.21745300 5.97279310 30.87105942
v 7.18194294 5.98705816 30.98599052
v 7.18194294 5.98705816 30.98599052
v 7.21745300 5.97279310 30.87105942
v 6.98265314 6.09043694 31.29217911
v 7.18194294 5.98705816 30.98599052
v 6.98265314 6.09043694 31.29217911
v 6.86964703 6.11959410 31.71644020
v 7.32209396 5.77544403 30.80142021
v 7.44638300 5.72322798 30.27556992
v 7.24920607 5.81196499 31.03413963
v 7.24920607 5.81196499 31.03413963
v 7.44638300 5.72322798 30.27556992
v 7.39079905 5.81315804 30.49243927
v 6.93187618 5.94915104 31.78410912
v 7.08873701 5.87079096 31.45255089
v 7.24920607 5.81196499 31.03413963
v 7.24920607 5.81196499 31.03413963
v 7.08873701 5.87079096 31.45255089
v 7.24899101 5.80566788 31.03498077
v 7.24920607 5.81196499 31.03413963
v 7.24899101 5.80566788 31.03498077
v 7.32209396 5.77544403 30.80142021
v 6.51104116 6.11998081 32.47277832
v 6.78055286 5.99127007 32.06060028
v 6.93187618 5.94915104 31.78410912
v 6.93187618 5.94915104 31.78410912
v 6.78055286 5.99127007 32.06060028
v 6.96192884 5.92113876 31.72575951
v 6.93187618 5.94915104 31.78410912
v 6.96192884 5.92113876 31.72575951
v 7.08873701 5.87079096 31.45255089
v 5.40110683 6.51266193 33.61912155
v 5.42453623 6.44928980 33.60889816
v 5.66328716 6.37663603 33.41123962
v 5.40110683 6.51266193 33.61912155
v 5.66328716 6.37663603 33.41123962
v 5.99724007 6.31198215 33.08766174
v 5.99724007 6.31198215 33.08766174
v 5.66328716 6.37663603 33.41123962
v 6.16050386 6.21437502 32.91590881
v 5.99724007 6.31198215 33.08766174
v 6.16050386 6.21437502 32.91590881
v 6.51104116 6.11998081 32.47277832
v 6.51104116 6.11998081 32.47277832
v 6.16050386 6.21437502 32.91590881
v 6.55441809 6.07558203 32.41405869
v 6.51104116 6.11998081 32.47277832
v 6.55441809 6.07558203 32.41405869
v 6.78055286 5.99127007 32.06060028
v 5.42453623 6.44928980 33.60889816
v 5.40110683 6.51266193 33.61912155
v 5.10102415 6.54229784 33.84329987
v 5.10102415 6.54229784 33.84329987
v 5.40110683 6.51266193 33.61912155
v 4.73334122 6.71022511 34.05828857
v 5.10102415 6.54229784 33.84329987
v 4.73334122 6.71022511 34.05828857
v 4.58853722 6.67732000 34.14799118
v 4.58853722 6.67732000 34.14799118
v 4.73334122 6.71022511 34.05828857
v 4.00486898 6.89394283 34.39690018
v 4.58853722 6.67732000 34.14799118
v 4.00486898 6.89394283 34.39690018
v 3.91224504 6.83267498 34.44569016
v 6.98265314 6.09043694 31.29217911
v 6.80310678 6.16488504 31.67280006
v 6.86964703 6.11959410 31.71644020
v 6.86964703 6.11959410 31.71644020
v 6.80310678 6.16488504 31.67280006
v 6.39441490 6.32590723 32.33311844
v 6.86964703 6.11959410 31.71644020
v 6.39441490 6.32590723 32.33311844
v 6.45522881 6.28484201 32.38788986
v 6.45522881 6.28484201 32.38788986
v 6.39441490 6.32590723 32.33311844
v 5.89509201 6.50726986 32.92351913
v 6.45522881 6.28484201 32.38788986
v 5.89509201 6.50726986 32.92351913
v 5.94905090 6.47080278 32.98788834
v 5.94905090 6.47080278 32.98788834
v 5.89509201 6.50726986 32.92351913
v 5.31573486 6.69716597 33.43423080
v 5.94905090 6.47080278 32.98788834
v 5.31573486 6.69716597 33.43423080
v 5.36174917 6.66537619 33.50672913
v 5.36174917 6.66537619 33.50672913
v 5.31573486 6.69716597 33.43423080
v 4.66708899 6.88442183 33.85634995
v 5.36174917 6.66537619 33.50672913
v 4.66708899 6.88442183 33.85634995
v 4.70407581 6.85711479 33.93553925
v 4.70407581 6.85711479 33.93553925
v 4.66708899 6.88442183 33.85634995
v 3.96019411 7.05887985 34.18170166
v 4.70407581 6.85711479 33.93553925
v 3.96019411 7.05887985 34.18170166
v 3.98705196 7.03561497 34.26609039
v 3.96019411 7.05887985 34.18170166
v 3.20915008 7.21160316 34.40272141
v 3.98705196 7.03561497 34.26609039
v 3.22515798 7.19084311 34.49272156
v 3.98705196 7.03561497 34.26609039
v 3.22515798 7.19084311 34.49272156
v 3.23284602 7.13278294 34.57561111
v 7.22220516 5.96967506 30.86247063
v 7.18194294 5.98705816 30.98599052
v 7.23279381 5.90741110 31.01473045
v 7.23279381 5.90741110 31.01473045
v 7.18194294 5.98705816 30.98599052
v 6.86964703 6.11959410 31.71644020
v 7.23279381 5.90741110 31.01473045
v 6.86964703 6.11959410 31.71644020
v 6.91702890 6.04291582 31.75683975
v 6.91702890 6.04291582 31.75683975
v 6.86964703 6.11959410 31.71644020
v 6.45522881 6.28484201 32.38788986
v 6.91702890 6.04291582 31.75683975
v 6.45522881 6.28484201 32.38788986
v 6.49816608 6.21173906 32.43856812
v 6.49816608 6.21173906 32.43856812
v 6.45522881 6.28484201 32.38788986
v 5.94905090 6.47080278 32.98788834
v 6.49816608 6.21173906 32.43856812
v 5.94905090 6.47080278 32.98788834
v 5.98668623 6.40157795 33.04745102
v 5.98668623 6.40157795 33.04745102
v 5.94905090 6.47080278 32.98788834
v 5.36174917 6.66537619 33.50672913
v 5.98668623 6.40157795 33.04745102
v 5.36174917 6.66537619 33.50672913
v 5.39324093 6.60008192 33.57381821
v 5.39324093 6.60008192 33.57381821
v 5.36174917 6.66537619 33.50672913
v 4.70407581 6.85711479 33.93553925
v 5.39324093 6.60008192 33.57381821
v 4.70407581 6.85711479 33.93553925
v 4.72856712 6.79557991 34.00881958
v 4.72856712 6.79557991 34.00881958
v 4.70407581 6.85711479 33.93553925
v 3.98705196 7.03561497 34.26609039
v 4.72856712 6.79557991 34.00881958
v 3.98705196 7.03561497 34.26609039
v 4.00364590 6.97745800 34.34418106
v 4.00364590 6.97745800 34.34418106
v 4.00364590 6.97745800 34.34418106
v 3.23284602 7.13278294 34.57561111
v 3.22928309 7.04717302 34.63000107
v 3.21821094 6.96562195 34.64686966
v 3.91224504 6.83267498 34.44569016
v 3.22928309 7.04717302 34.63000107
v 3.22928309 7.04717302 34.63000107
v 3.91224504 6.83267498 34.44569016
v 4.00486898 6.89394283 34.39690018
v 3.22928309 7.04717302 34.63000107
v 4.00486898 6.89394283 34.39690018
v 4.00364590 6.97745800 34.34418106
v 4.00364590 6.97745800 34.34418106
v 4.00486898 6.89394283 34.39690018
v 4.73334122 6.71022511 34.05828857
v 4.00364590 6.97745800 34.34418106
v 4.73334122 6.71022511 34.05828857
v 4.72856712 6.79557991 34.00881958
v 4.72856712 6.79557991 34.00881958
v 4.73334122 6.71022511 34.05828857
v 5.40110683 6.51266193 33.61912155
v 4.72856712 6.79557991 34.00881958
v 5.40110683 6.51266193 33.61912155
v 5.39324093 6.60008192 33.57381821
v 5.39324093 6.60008192 33.57381821
v 5.40110683 6.51266193 33.61912155
v 5.99724007 6.31198215 33.08766174
v 5.39324093 6.60008192 33.57381821
v 5.99724007 6.31198215 33.08766174
v 5.98668623 6.40157795 33.04745102
v 5.98668623 6.40157795 33.04745102
v 5.99724007 6.31198215 33.08766174
v 6.51104116 6.11998081 32.47277832
v 5.98668623 6.40157795 33.04745102
v 6.51104116 6.11998081 32.47277832
v 6.49816608 6.21173906 32.43856812
v 6.49816608 6.21173906 32.43856812
v 6.51104116 6.11998081 32.47277832
v 6.93187618 5.94915104 31.78410912
v 6.49816608 6.21173906 32.43856812
v 6.93187618 5.94915104 31.78410912
v 6.91702890 6.04291582 31.75683975
v 6.91702890 6.04291582 31.75683975
v 6.93187618 5.94915104 31.78410912
v 7.24920607 5.81196499 31.03413963
v 6.91702890 6.04291582 31.75683975
v 7.24920607 5.81196499 31.03413963
v 7.23279381 5.90741110 31.01473045
v 7.23279381 5.90741110 31.01473045
v 7.24920607 5.81196499 31.03413963
v 7.39079905 5.81315804 30.49243927
v 7.23279381 5.90741110 31.01473045
v 7.39079905 5.81315804 30.49243927
v 7.22220516 5.96967506 30.86247063
v -4.00483799 6.89393377 34.39691162
v -3.22993803 7.05430508 34.62710190
v -3.23272395 7.13632393 34.57212830
v -3.22993803 7.05430508 34.62710190
v -4.00483799 6.89393377 34.39691162
v -3.21821308 6.96562099 34.64688110
v -7.34435797 5.86857700 30.61630058
v -7.35175085 5.86063719 30.59836960
v -7.23304176 5.90729189 31.01402092
v -7.35175085 5.86063719 30.59836960
v -7.44115782 5.73276091 30.30261993
v -7.24945307 5.81184101 31.03342056
v -7.24945307 5.81184101 31.03342056
v -7.44115782 5.73276091 30.30261993
v -7.44273901 5.72982121 30.29467010
v -7.24945307 5.81184101 31.03342056
v -7.44273901 5.72982121 30.29467010
v -7.44632196 5.72320414 30.27585030
v -6.80337477 6.16477919 31.67229080
v -6.92081881 6.11633921 31.43182945
v -6.86991310 6.11948395 31.71593094
v -6.86991310 6.11948395 31.71593094
v -6.92081881 6.11633921 31.43182945
v -6.98244190 6.09052706 31.29162979
v -6.86991310 6.11948395 31.71593094
v -6.98244190 6.09052706 31.29162979
v -7.18218899 5.98694515 30.98529053
v -7.18218899 5.98694515 30.98529053
v -6.98244190 6.09052706 31.29162979
v -7.16462183 6.00471401 30.96471977
v -6.80337477 6.16477919 31.67229080
v -6.86991310 6.11948395 31.71593094
v -6.60940790 6.24264288 32.01316071
v -6.60940790 6.24264288 32.01316071
v -6.86991310 6.11948395 31.71593094
v -6.45549202 6.28473616 32.38753128
v -6.60940790 6.24264288 32.01316071
v -6.45549202 6.28473616 32.38753128
v -6.39467478 6.32580614 32.33277130
v -6.39467478 6.32580614 32.33277130
v -6.45549202 6.28473616 32.38753128
v -6.19295979 6.40107822 32.59281921
v -6.19295979 6.40107822 32.59281921
v -6.45549202 6.28473616 32.38753128
v -5.94929123 6.47072077 32.98765182
v -6.19295979 6.40107822 32.59281921
v -5.94929123 6.47072077 32.98765182
v -5.70123816 6.57324791 33.11148071
v -5.70123816 6.57324791 33.11148071
v -5.94929123 6.47072077 32.98765182
v -5.36194801 6.66530895 33.50659180
v -5.70123816 6.57324791 33.11148071
v -5.36194801 6.66530895 33.50659180
v -5.14597082 6.74871492 33.55796814
v -5.14597082 6.74871492 33.55796814
v -5.36194801 6.66530895 33.50659180
v -4.70418882 6.85708809 33.93547058
v -5.14597082 6.74871492 33.55796814
v -4.70418882 6.85708809 33.93547058
v -4.53903294 6.91830587 33.92475128
v -4.53903294 6.91830587 33.92475128
v -4.70418882 6.85708809 33.93547058
v -3.98702407 7.03561306 34.26609039
v -4.53903294 6.91830587 33.92475128
v -3.98702407 7.03561306 34.26609039
v -3.89031601 7.07447815 34.20734024
v -4.73345423 6.71018982 34.05823135
v -4.45934391 6.70899200 34.21340942
v -4.00483799 6.89393377 34.39691162
v -4.00483799 6.89393377 34.39691162
v -4.45934391 6.70899200 34.21340942
v -3.80336690 6.85528088 34.48386002
v -4.00483799 6.89393377 34.39691162
v -3.80336690 6.85528088 34.48386002
v -3.21821308 6.96562099 34.64688110
v -5.40130806 6.51258802 33.61896896
v -5.08553219 6.54659510 33.85364914
v -4.73345423 6.71018982 34.05823135
v -4.73345423 6.71018982 34.05823135
v -5.08553219 6.54659510 33.85364914
v -4.72446012 6.64295006 34.07440948
v -4.73345423 6.71018982 34.05823135
v -4.72446012 6.64295006 34.07440948
v -4.45934391 6.70899200 34.21340942
v -6.51130581 6.11986589 32.47240829
v -6.10826921 6.23212290 32.97420120
v -5.99748087 6.31189108 33.08742142
v -5.99748087 6.31189108 33.08742142
v -6.10826921 6.23212290 32.97420120
v -5.67529583 6.37289906 33.40068817
v -5.99748087 6.31189108 33.08742142
v -5.67529583 6.37289906 33.40068817
v -5.40130806 6.51258802 33.61896896
v -5.40130806 6.51258802 33.61896896
v -5.67529583 6.37289906 33.40068817
v -5.39461517 6.45815277 33.63211823
v -5.40130806 6.51258802 33.61896896
v -5.39461517 6.45815277 33.63211823
v -5.08553219 6.54659510 33.85364914
v -7.44632196 5.72320414 30.27585030
v -7.27255106 5.79595613 30.96361923
v -7.24945307 5.81184101 31.03342056
v -7.24945307 5.81184101 31.03342056
v -7.27255106 5.79595613 30.96361923
v -7.00221109 5.90526485 31.64310074
v -7.24945307 5.81184101 31.03342056
v -7.00221109 5.90526485 31.64310074
v -6.93214417 5.94903278 31.78358078
v -6.93214417 5.94903278 31.78358078
v -7.00221109 5.90526485 31.64310074
v -6.64234209 6.04321909 32.28361130
v -6.93214417 5.94903278 31.78358078
v -6.64234209 6.04321909 32.28361130
v -6.51130581 6.11986589 32.47240829
v -6.51130581 6.11986589 32.47240829
v -6.64234209 6.04321909 32.28361130
v -6.51312685 6.09055710 32.47264862
v -6.51130581 6.11986589 32.47240829
v -6.51312685 6.09055710 32.47264862
v -6.10826921 6.23212290 32.97420120
v -3.20915103 7.21160889 34.40272141
v -3.89031601 7.07447815 34.20734024
v -3.22487307 7.19169521 34.49071884
v -3.22487307 7.19169521 34.49071884
v -3.89031601 7.07447815 34.20734024
v -3.98702407 7.03561306 34.26609039
v -3.22487307 7.19169521 34.49071884
v -3.98702407 7.03561306 34.26609039
v -4.00361586 6.97745180 34.34418869
v -4.00361586 6.97745180 34.34418869
v -3.98702407 7.03561306 34.26609039
v -4.70418882 6.85708809 33.93547058
v -4.00361586 6.97745180 34.34418869
v -4.70418882 6.85708809 33.93547058
v -4.72868109 6.79554892 34.00875092
v -4.72868109 6.79554892 34.00875092
v -4.70418882 6.85708809 33.93547058
v -5.36194801 6.66530895 33.50659180
v -4.72868109 6.79554892 34.00875092
v -5.36194801 6.66530895 33.50659180
v -5.39344311 6.60001183 33.57368088
v -5.39344311 6.60001183 33.57368088
v -5.36194801 6.66530895 33.50659180
v -5.94929123 6.47072077 32.98765182
v -5.39344311 6.60001183 33.57368088
v -5.94929123 6.47072077 32.98765182
v -5.98692799 6.40149212 33.04721069
v -5.98692799 6.40149212 33.04721069
v -5.94929123 6.47072077 32.98765182
v -6.45549202 6.28473616 32.38753128
v -5.98692799 6.40149212 33.04721069
v -6.45549202 6.28473616 32.38753128
v -6.49843216 6.21162796 32.43820190
v -6.49843216 6.21162796 32.43820190
v -6.45549202 6.28473616 32.38753128
v -6.86991310 6.11948395 31.71593094
v -6.49843216 6.21162796 32.43820190
v -6.86991310 6.11948395 31.71593094
v -6.91729784 6.04280186 31.75630951
v -6.91729784 6.04280186 31.75630951
v -6.86991310 6.11948395 31.71593094
v -7.18218899 5.98694515 30.98529053
v -6.91729784 6.04280186 31.75630951
v -7.18218899 5.98694515 30.98529053
v -7.23304176 5.90729189 31.01402092
v -7.23304176 5.90729189 31.01402092
v -7.18218899 5.98694515 30.98529053
v -7.16462183 6.00471401 30.96471977
v -7.23304176 5.90729189 31.01402092
v -7.16462183 6.00471401 30.96471977
v -7.34435797 5.86857700 30.61630058
v -7.35175085 5.86063719 30.59836960
v -7.24945307 5.81184101 31.03342056
v -7.23304176 5.90729189 31.01402092
v -7.23304176 5.90729189 31.01402092
v -7.24945307 5.81184101 31.03342056
v -6.93214417 5.94903278 31.78358078
v -7.23304176 5.90729189 31.01402092
v -6.93214417 5.94903278 31.78358078
v -6.91729784 6.04280186 31.75630951
v -6.91729784 6.04280186 31.75630951
v -6.93214417 5.94903278 31.78358078
v -6.51130581 6.11986589 32.47240829
v -6.91729784 6.04280186 31.75630951
v -6.51130581 6.11986589 32.47240829
v -6.49843216 6.21162796 32.43820190
v -6.49843216 6.21162796 32.43820190
v -6.51130581 6.11986589 32.47240829
v -5.99748087 6.31189108 33.08742142
v -6.49843216 6.21162796 32.43820190
v -5.99748087 6.31189108 33.08742142
v -5.98692799 6.40149212 33.04721069
v -5.98692799 6.40149212 33.04721069
v -5.99748087 6.31189108 33.08742142
v -5.40130806 6.51258802 33.61896896
v -5.98692799 6.40149212 33.04721069
v -5.40130806 6.51258802 33.61896896
v -5.39344311 6.60001183 33.57368088
v -5.39344311 6.60001183 33.57368088
v -5.40130806 6.51258802 33.61896896
v -4.73345423 6.71018982 34.05823135
v -5.39344311 6.60001183 33.57368088
v -4.73345423 6.71018982 34.05823135
v -4.72868109 6.79554892 34.00875092
v -4.72868109 6.79554892 34.00875092
v -4.73345423 6.71018982 34.05823135
v -4.00483799 6.89393377 34.39691162
v -4.72868109 6.79554892 34.00875092
v -4.00483799 6.89393377 34.39691162
v -4.00361586 6.97745180 34.34418869
v -4.00361586 6.97745180 34.34418869
v -4.00483799 6.89393377 34.39691162
v -3.23272395 7.13632393 34.57212830
v -4.00361586 6.97745180 34.34418869
v -3.23272395 7.13632393 34.57212830
v -3.22487307 7.19169521 34.49071884
v 4.00005579 6.78184605 34.41098022
v 3.21821094 6.96562195 34.64686966
v 3.19829202 6.87310123 34.63249969
v 7.45666790 5.69371891 30.21089935
v 7.45992804 5.69736290 30.19449043
v 7.44638300 5.72322798 30.27556992
v 6.77236891 5.66486979 31.60684967
v 7.02273512 5.59830904 31.17819023
v 6.80211115 5.69277620 31.69285011
v 7.17113400 5.57510185 30.88388062
v 7.29761600 5.57500505 30.60057068
v 7.21187687 5.63792276 30.96380043
v 7.17113400 5.57510185 30.88388062
v 7.16286898 5.59281015 30.95429039
v 7.02580595 5.59766579 31.17243958
v 7.02580595 5.59766579 31.17243958
v 7.16286898 5.59281015 30.95429039
v 6.85722303 5.72524214 31.71364975
v 7.02580595 5.59766579 31.17243958
v 6.85722303 5.72524214 31.71364975
v 7.02273512 5.59830904 31.17819023
v 5.84655523 6.02274084 32.96905899
v 6.11339188 5.89744520 32.47449875
v 6.34212303 5.83900309 32.35414886
v 6.34212303 5.83900309 32.35414886
v 6.11339188 5.89744520 32.47449875
v 6.68533182 5.69254017 31.74029922
v 6.34212303 5.83900309 32.35414886
v 6.68533182 5.69254017 31.74029922
v 6.74452209 5.67712021 31.66739082
v 6.74452209 5.67712021 31.66739082
v 6.68533182 5.69254017 31.74029922
v 6.73610210 5.67619610 31.66330910
v 6.74452209 5.67712021 31.66739082
v 6.73610210 5.67619610 31.66330910
v 6.77236891 5.66486979 31.60684967
v 5.40985203 6.39416695 33.61204910
v 5.10102415 6.54229784 33.84329987
v 4.73675013 6.59487295 34.06317139
v 4.73675013 6.59487295 34.06317139
v 5.10102415 6.54229784 33.84329987
v 4.58853722 6.67732000 34.14799118
v 4.73675013 6.59487295 34.06317139
v 4.58853722 6.67732000 34.14799118
v 4.00005579 6.78184605 34.41098022
v 4.00005579 6.78184605 34.41098022
v 4.58853722 6.67732000 34.14799118
v 3.91224504 6.83267498 34.44569016
v 4.00005579 6.78184605 34.41098022
v 3.91224504 6.83267498 34.44569016
v 3.21821094 6.96562195 34.64686966
v 6.52080679 5.99776697 32.43679047
v 6.16050386 6.21437502 32.91590881
v 6.00813389 6.19101620 33.06673050
v 6.00813389 6.19101620 33.06673050
v 6.16050386 6.21437502 32.91590881
v 5.66328716 6.37663603 33.41123962
v 6.00813389 6.19101620 33.06673050
v 5.66328716 6.37663603 33.41123962
v 5.40985203 6.39416695 33.61204910
v 5.40985203 6.39416695 33.61204910
v 5.66328716 6.37663603 33.41123962
v 5.42453623 6.44928980 33.60889816
v 5.40985203 6.39416695 33.61204910
v 5.42453623 6.44928980 33.60889816
v 5.10102415 6.54229784 33.84329987
v 6.93727589 5.82729101 31.73265076
v 6.78055286 5.99127007 32.06060028
v 6.52080679 5.99776697 32.43679047
v 6.52080679 5.99776697 32.43679047
v 6.78055286 5.99127007 32.06060028
v 6.55441809 6.07558203 32.41405869
v 6.52080679 5.99776697 32.43679047
v 6.55441809 6.07558203 32.41405869
v 6.16050386 6.21437502 32.91590881
v 7.32209396 5.77544403 30.80142021
v 7.24899101 5.80566788 31.03498077
v 7.24707794 5.69238901 30.96756935
v 7.24707794 5.69238901 30.96756935
v 7.24899101 5.80566788 31.03498077
v 7.08873701 5.87079096 31.45255089
v 7.24707794 5.69238901 30.96756935
v 7.08873701 5.87079096 31.45255089
v 6.93727589 5.82729101 31.73265076
v 6.93727589 5.82729101 31.73265076
v 7.08873701 5.87079096 31.45255089
v 6.96192884 5.92113876 31.72575951
v 6.93727589 5.82729101 31.73265076
v 6.96192884 5.92113876 31.72575951
v 6.78055286 5.99127007 32.06060028
v 7.29761600 5.57500505 30.60057068
v 7.30542421 5.57623291 30.58260918
v 7.21187687 5.63792276 30.96380043
v 7.21187687 5.63792276 30.96380043
v 7.30542421 5.57623291 30.58260918
v 7.33336020 5.58633900 30.52882004
v 7.21187687 5.63792276 30.96380043
v 7.33336020 5.58633900 30.52882004
v 7.39705896 5.63066578 30.40719986
v 3.90619802 6.58562183 34.28194046
v 3.86212206 6.56844378 34.17708969
v 4.61772013 6.40730381 33.94227982
v 4.61772013 6.40730381 33.94227982
v 3.86212206 6.56844378 34.17708969
v 4.55899811 6.39571905 33.84403992
v 4.61772013 6.40730381 33.94227982
v 4.55899811 6.39571905 33.84403992
v 5.26820803 6.21609402 33.50164032
v 5.26820803 6.21609402 33.50164032
v 4.55899811 6.39571905 33.84403992
v 5.19642305 6.21068192 33.41191101
v 5.84655523 6.02274084 32.96905899
v 5.19642305 6.21068192 33.41191101
v 5.76329708 6.02373409 32.88969040
v 5.84655523 6.02274084 32.96905899
v 5.76329708 6.02373409 32.88969040
v 6.11339188 5.89744520 32.47449875
v 6.77236891 5.66486979 31.60684967
v 6.80211115 5.69277620 31.69285011
v 6.74452209 5.67712021 31.66739082
v 6.74452209 5.67712021 31.66739082
v 6.80211115 5.69277620 31.69285011
v 6.39526796 5.85759687 32.38639069
v 6.74452209 5.67712021 31.66739082
v 6.39526796 5.85759687 32.38639069
v 6.34212303 5.83900309 32.35414886
v 6.34212303 5.83900309 32.35414886
v 6.39526796 5.85759687 32.38639069
v 5.89431381 6.04457617 33.00717163
v 6.34212303 5.83900309 32.35414886
v 5.89431381 6.04457617 33.00717163
v 5.84655523 6.02274084 32.96905899
v 5.84655523 6.02274084 32.96905899
v 5.89431381 6.04457617 33.00717163
v 5.30969191 6.24125481 33.54470825
v 5.84655523 6.02274084 32.96905899
v 5.30969191 6.24125481 33.54470825
v 5.26820803 6.21609402 33.50164032
v 5.26820803 6.21609402 33.50164032
v 5.30969191 6.24125481 33.54470825
v 4.65207100 6.43567991 33.98944855
v 5.26820803 6.21609402 33.50164032
v 4.65207100 6.43567991 33.98944855
v 4.61772013 6.40730381 33.94227982
v 4.61772013 6.40730381 33.94227982
v 4.65207100 6.43567991 33.98944855
v 3.93257594 6.61691713 34.33229065
v 4.61772013 6.40730381 33.94227982
v 3.93257594 6.61691713 34.33229065
v 3.90619802 6.58562183 34.28194046
v 7.02273512 5.59830904 31.17819023
v 6.85722303 5.72524214 31.71364975
v 6.80211115 5.69277620 31.69285011
v 6.80211115 5.69277620 31.69285011
v 6.85722303 5.72524214 31.71364975
v 6.44627094 5.89265299 32.41273117
v 6.80211115 5.69277620 31.69285011
v 6.44627094 5.89265299 32.41273117
v 6.39526796 5.85759687 32.38639069
v 6.39526796 5.85759687 32.38639069
v 6.44627094 5.89265299 32.41273117
v 5.94032812 6.08249283 33.03828812
v 6.39526796 5.85759687 32.38639069
v 5.94032812 6.08249283 33.03828812
v 5.89431381 6.04457617 33.00717163
v 5.89431381 6.04457617 33.00717163
v 5.94032812 6.08249283 33.03828812
v 5.34989214 6.28211880 33.57989883
v 5.89431381 6.04457617 33.00717163
v 5.34989214 6.28211880 33.57989883
v 5.30969191 6.24125481 33.54470825
v 5.30969191 6.24125481 33.54470825
v 5.34989214 6.28211880 33.57989883
v 4.68566990 6.47939301 34.02796936
v 5.30969191 6.24125481 33.54470825
v 4.68566990 6.47939301 34.02796936
v 4.65207100 6.43567991 33.98944855
v 4.65207100 6.43567991 33.98944855
v 4.68566990 6.47939301 34.02796936
v 3.95881510 6.66322422 34.37340164
v 4.65207100 6.43567991 33.98944855
v 3.95881510 6.66322422 34.37340164
v 3.93257594 6.61691713 34.33229065
v 7.17113400 5.57510185 30.88388062
v 7.21187687 5.63792276 30.96380043
v 7.16286898 5.59281015 30.95429039
v 7.16286898 5.59281015 30.95429039
v 7.21187687 5.63792276 30.96380043
v 6.90373182 5.77192307 31.72727013
v 7.16286898 5.59281015 30.95429039
v 6.90373182 5.77192307 31.72727013
v 6.85722303 5.72524214 31.71364975
v 6.85722303 5.72524214 31.71364975
v 6.90373182 5.77192307 31.72727013
v 6.48947001 5.94127512 32.42996979
v 6.85722303 5.72524214 31.71364975
v 6.48947001 5.94127512 32.42996979
v 6.44627094 5.89265299 32.41273117
v 6.44627094 5.89265299 32.41273117
v 6.48947001 5.94127512 32.42996979
v 5.97949886 6.13326788 33.05867004
v 6.44627094 5.89265299 32.41273117
v 5.97949886 6.13326788 33.05867004
v 5.94032812 6.08249283 33.03828812
v 5.94032812 6.08249283 33.03828812
v 5.97949886 6.13326788 33.05867004
v 5.38436699 6.33511400 33.60292816
v 5.94032812 6.08249283 33.03828812
v 5.38436699 6.33511400 33.60292816
v 5.34989214 6.28211880 33.57989883
v 5.34989214 6.28211880 33.57989883
v 5.38436699 6.33511400 33.60292816
v 4.71482277 6.53454590 34.05318832
v 5.34989214 6.28211880 33.57989883
v 4.71482277 6.53454590 34.05318832
v 4.68566990 6.47939301 34.02796936
v 4.68566990 6.47939301 34.02796936
v 4.71482277 6.53454590 34.05318832
v 3.98205709 6.72034502 34.40031815
v 4.68566990 6.47939301 34.02796936
v 3.98205709 6.72034502 34.40031815
v 3.95881510 6.66322422 34.37340164
v 3.95881510 6.66322422 34.37340164
v 3.98205709 6.72034502 34.40031815
v 3.17111707 6.78825188 34.57878113
v 3.95881510 6.66322422 34.37340164
v 3.17111707 6.78825188 34.57878113
v 3.93257594 6.61691713 34.33229065
v 3.93257594 6.61691713 34.33229065
v 3.17111707 6.78825188 34.57878113
v 3.14280891 6.73411894 34.49456024
v 3.93257594 6.61691713 34.33229065
v 3.14280891 6.73411894 34.49456024
v 3.90619802 6.58562183 34.28194046
v 3.90619802 6.58562183 34.28194046
v 3.14280891 6.73411894 34.49456024
v 3.12000704 6.71961403 34.40272141
v 3.90619802 6.58562183 34.28194046
v 3.12000704 6.71961403 34.40272141
v 3.86212206 6.56844378 34.17708969
v 7.45666790 5.69371891 30.21089935
v 7.44638300 5.72322798 30.27556992
v 7.41863918 5.65101910 30.35177040
v 7.41863918 5.65101910 30.35177040
v 7.44638300 5.72322798 30.27556992
v 7.32209396 5.77544403 30.80142021
v 7.41863918 5.65101910 30.35177040
v 7.32209396 5.77544403 30.80142021
v 7.39705896 5.63066578 30.40719986
v 7.39705896 5.63066578 30.40719986
v 7.32209396 5.77544403 30.80142021
v 7.24707794 5.69238901 30.96756935
v 7.39705896 5.63066578 30.40719986
v 7.24707794 5.69238901 30.96756935
v 7.21187687 5.63792276 30.96380043
v 7.21187687 5.63792276 30.96380043
v 7.24707794 5.69238901 30.96756935
v 6.93727589 5.82729101 31.73265076
v 7.21187687 5.63792276 30.96380043
v 6.93727589 5.82729101 31.73265076
v 6.90373182 5.77192307 31.72727013
v 6.90373182 5.77192307 31.72727013
v 6.93727589 5.82729101 31.73265076
v 6.52080679 5.99776697 32.43679047
v 6.90373182 5.77192307 31.72727013
v 6.52080679 5.99776697 32.43679047
v 6.48947001 5.94127512 32.42996979
v 6.48947001 5.94127512 32.42996979
v 6.52080679 5.99776697 32.43679047
v 6.00813389 6.19101620 33.06673050
v 6.48947001 5.94127512 32.42996979
v 6.00813389 6.19101620 33.06673050
v 5.97949886 6.13326788 33.05867004
v 5.97949886 6.13326788 33.05867004
v 6.00813389 6.19101620 33.06673050
v 5.40985203 6.39416695 33.61204910
v 5.97949886 6.13326788 33.05867004
v 5.40985203 6.39416695 33.61204910
v 5.38436699 6.33511400 33.60292816
v 5.38436699 6.33511400 33.60292816
v 5.40985203 6.39416695 33.61204910
v 4.73675013 6.59487295 34.06317139
v 5.38436699 6.33511400 33.60292816
v 4.73675013 6.59487295 34.06317139
v 4.71482277 6.53454590 34.05318832
v 4.71482277 6.53454590 34.05318832
v 4.73675013 6.59487295 34.06317139
v 4.00005579 6.78184605 34.41098022
v 4.71482277 6.53454590 34.05318832
v 4.00005579 6.78184605 34.41098022
v 3.98205709 6.72034502 34.40031815
v 3.98205709 6.72034502 34.40031815
v 4.00005579 6.78184605 34.41098022
v 3.19829202 6.87310123 34.63249969
v 3.98205709 6.72034502 34.40031815
v 3.19829202 6.87310123 34.63249969
v 3.17111707 6.78825188 34.57878113
v -6.12521219 5.89302921 32.46128082
v -6.11251688 5.89776993 32.47534943
v -6.33993387 5.83856297 32.35266113
v -6.33993387 5.83856297 32.35266113
v -6.11251688 5.89776993 32.47534943
v -6.01971006 5.93207502 32.59386826
v -6.33993387 5.83856297 32.35266113
v -6.01971006 5.93207502 32.59386826
v -5.84458303 6.02217293 32.96733093
v -6.76596785 5.66685009 31.61688995
v -6.76346779 5.66762400 31.62080002
v -6.74213600 5.67681980 31.66618919
v -6.74213600 5.67681980 31.66618919
v -6.76346779 5.66762400 31.62080002
v -6.41880703 5.78487492 32.10979843
v -6.74213600 5.67681980 31.66618919
v -6.41880703 5.78487492 32.10979843
v -6.33993387 5.83856297 32.35266113
v -6.33993387 5.83856297 32.35266113
v -6.41880703 5.78487492 32.10979843
v -6.27406216 5.83777094 32.28952026
v -6.33993387 5.83856297 32.35266113
v -6.27406216 5.83777094 32.28952026
v -6.12521219 5.89302921 32.46128082
v -6.79997587 5.69187593 31.69190979
v -7.02588511 5.59764194 31.17226028
v -6.76596785 5.66685009 31.61688995
v -7.29758596 5.57499123 30.60062981
v -7.16227722 5.57592201 30.90249062
v -7.16110992 5.59154415 30.95384026
v -7.16110992 5.59154415 30.95384026
v -7.16227722 5.57592201 30.90249062
v -7.02588511 5.59764194 31.17226028
v -7.16110992 5.59154415 30.95384026
v -7.02588511 5.59764194 31.17226028
v -6.85555506 5.72393084 31.71302032
v -7.21072006 5.63649988 30.96356964
v -7.32496309 5.58228302 30.54327011
v -7.29758596 5.57499123 30.60062981
v -7.41862011 5.65101910 30.35180092
v -7.39703703 5.63066196 30.40723038
v -7.24647522 5.69107580 30.96750069
v -7.24647522 5.69107580 30.96750069
v -7.39703703 5.63066196 30.40723038
v -7.33333778 5.58633089 30.52886009
v -7.41862011 5.65101910 30.35180092
v -7.27255106 5.79595613 30.96361923
v -7.45665121 5.69372320 30.21092033
v -7.45665121 5.69372320 30.21092033
v -7.27255106 5.79595613 30.96361923
v -7.44632196 5.72320414 30.27585030
v -7.45665121 5.69372320 30.21092033
v -7.44632196 5.72320414 30.27585030
v -7.45992184 5.69738007 30.19445992
v -7.41862011 5.65101910 30.35180092
v -7.24647522 5.69107580 30.96750069
v -7.27255106 5.79595613 30.96361923
v -7.27255106 5.79595613 30.96361923
v -7.24647522 5.69107580 30.96750069
v -6.93669701 5.82598209 31.73255920
v -7.27255106 5.79595613 30.96361923
v -6.93669701 5.82598209 31.73255920
v -7.00221109 5.90526485 31.64310074
v -7.00221109 5.90526485 31.64310074
v -6.93669701 5.82598209 31.73255920
v -6.64234209 6.04321909 32.28361130
v -6.64234209 6.04321909 32.28361130
v -6.93669701 5.82598209 31.73255920
v -6.52027512 5.99642801 32.43671036
v -6.64234209 6.04321909 32.28361130
v -6.52027512 5.99642801 32.43671036
v -6.51312685 6.09055710 32.47264862
v -6.51312685 6.09055710 32.47264862
v -6.52027512 5.99642801 32.43671036
v -6.00763607 6.18967295 33.06666183
v -6.51312685 6.09055710 32.47264862
v -6.00763607 6.18967295 33.06666183
v -6.10826921 6.23212290 32.97420120
v -6.10826921 6.23212290 32.97420120
v -6.00763607 6.18967295 33.06666183
v -5.67529583 6.37289906 33.40068817
v -5.67529583 6.37289906 33.40068817
v -6.00763607 6.18967295 33.06666183
v -5.40938997 6.39280415 33.61199951
v -5.67529583 6.37289906 33.40068817
v -5.40938997 6.39280415 33.61199951
v -5.39461517 6.45815277 33.63211823
v -5.39461517 6.45815277 33.63211823
v -5.40938997 6.39280415 33.61199951
v -5.08553219 6.54659510 33.85364914
v -5.08553219 6.54659510 33.85364914
v -5.40938997 6.39280415 33.61199951
v -4.73631620 6.59351110 34.06312180
v -5.08553219 6.54659510 33.85364914
v -4.73631620 6.59351110 34.06312180
v -4.72446012 6.64295006 34.07440948
v -4.72446012 6.64295006 34.07440948
v -4.73631620 6.59351110 34.06312180
v -4.45934391 6.70899200 34.21340942
v -4.45934391 6.70899200 34.21340942
v -4.73631620 6.59351110 34.06312180
v -3.99959898 6.78046608 34.41093063
v -4.45934391 6.70899200 34.21340942
v -3.99959898 6.78046608 34.41093063
v -3.80336690 6.85528088 34.48386002
v -5.26648712 6.21538115 33.49971008
v -4.41728497 6.43332815 33.92238998
v -4.61627102 6.40646982 33.94018173
v -4.61627102 6.40646982 33.94018173
v -4.41728497 6.43332815 33.92238998
v -3.78648710 6.58544779 34.20634079
v -4.61627102 6.40646982 33.94018173
v -3.78648710 6.58544779 34.20634079
v -3.90500402 6.58466291 34.27972031
v -5.76316404 6.02379894 32.88949966
v -5.56536198 6.09146500 33.08985901
v -5.84458303 6.02217293 32.96733093
v -5.56536198 6.09146500 33.08985901
v -5.26648712 6.21538115 33.49971008
v -5.26648712 6.21538115 33.49971008
v -5.56536198 6.09146500 33.08985901
v -5.01507807 6.26600695 33.54866028
v -4.41728497 6.43332815 33.92238998
v -3.78648710 6.58544779 34.20634079
v -3.12000799 6.71961880 34.40272141
v -3.90500402 6.58466291 34.27972031
v -3.90500402 6.58466291 34.27972031
v -3.12000799 6.71961880 34.40272141
v -3.14728904 6.74037600 34.50978851
v -3.90500402 6.58466291 34.27972031
v -3.14728904 6.74037600 34.50978851
v -3.16496897 6.77364302 34.56283951
v -6.76596785 5.66685009 31.61688995
v -6.74213600 5.67681980 31.66618919
v -6.79997587 5.69187593 31.69190979
v -6.79997587 5.69187593 31.69190979
v -6.74213600 5.67681980 31.66618919
v -6.33993387 5.83856297 32.35266113
v -6.79997587 5.69187593 31.69190979
v -6.33993387 5.83856297 32.35266113
v -6.39330578 5.85657787 32.38523102
v -6.39330578 5.85657787 32.38523102
v -6.33993387 5.83856297 32.35266113
v -5.84458303 6.02217293 32.96733093
v -6.39330578 5.85657787 32.38523102
v -5.84458303 6.02217293 32.96733093
v -5.89253998 6.04345179 33.00579834
v -5.89253998 6.04345179 33.00579834
v -5.84458303 6.02217293 32.96733093
v -5.26648712 6.21538115 33.49971008
v -5.89253998 6.04345179 33.00579834
v -5.26648712 6.21538115 33.49971008
v -5.30813408 6.24001122 33.54320908
v -5.30813408 6.24001122 33.54320908
v -5.26648712 6.21538115 33.49971008
v -4.61627102 6.40646982 33.94018173
v -5.30813408 6.24001122 33.54320908
v -4.61627102 6.40646982 33.94018173
v -4.65074492 6.43433714 33.98780823
v -4.65074492 6.43433714 33.98780823
v -4.61627102 6.40646982 33.94018173
v -3.90500402 6.58466291 34.27972031
v -4.65074492 6.43433714 33.98780823
v -3.90500402 6.58466291 34.27972031
v -3.93145800 6.61546898 34.33055115
v -3.93145800 6.61546898 34.33055115
v -3.90500402 6.58466291 34.27972031
v -3.16496897 6.77364302 34.56283951
v -3.93145800 6.61546898 34.33055115
v -3.16496897 6.77364302 34.56283951
v -3.18328309 6.82190514 34.60639954
v -7.02588511 5.59764194 31.17226028
v -6.79997587 5.69187593 31.69190979
v -6.85555506 5.72393084 31.71302032
v -6.85555506 5.72393084 31.71302032
v -6.79997587 5.69187593 31.69190979
v -6.39330578 5.85657787 32.38523102
v -6.85555506 5.72393084 31.71302032
v -6.39330578 5.85657787 32.38523102
v -6.44473505 5.89125395 32.41196060
v -6.44473505 5.89125395 32.41196060
v -6.39330578 5.85657787 32.38523102
v -5.89253998 6.04345179 33.00579834
v -6.44473505 5.89125395 32.41196060
v -5.89253998 6.04345179 33.00579834
v -5.93893003 6.08102512 33.03741074
v -5.93893003 6.08102512 33.03741074
v -5.89253998 6.04345179 33.00579834
v -5.30813408 6.24001122 33.54320908
v -5.93893003 6.08102512 33.03741074
v -5.30813408 6.24001122 33.54320908
v -5.34865379 6.28056192 33.57892990
v -5.34865379 6.28056192 33.57892990
v -5.30813408 6.24001122 33.54320908
v -4.65074492 6.43433714 33.98780823
v -5.34865379 6.28056192 33.57892990
v -4.65074492 6.43433714 33.98780823
v -4.68459892 6.47777224 34.02692032
v -4.68459892 6.47777224 34.02692032
v -4.65074492 6.43433714 33.98780823
v -3.93145800 6.61546898 34.33055115
v -4.68459892 6.47777224 34.02692032
v -3.93145800 6.61546898 34.33055115
v -3.95787811 6.66152811 34.37229156
v -3.95787811 6.66152811 34.37229156
v -3.93145800 6.61546898 34.33055115
v -3.18328309 6.82190514 34.60639954
v -3.95787811 6.66152811 34.37229156
v -3.18328309 6.82190514 34.60639954
v -3.20025611 6.88075781 34.63513184
v -7.29758596 5.57499123 30.60062981
v -7.16110992 5.59154415 30.95384026
v -7.21072006 5.63649988 30.96356964
v -7.21072006 5.63649988 30.96356964
v -7.16110992 5.59154415 30.95384026
v -6.85555506 5.72393084 31.71302032
v -7.21072006 5.63649988 30.96356964
v -6.85555506 5.72393084 31.71302032
v -6.90262985 5.77048206 31.72694016
v -6.90262985 5.77048206 31.72694016
v -6.85555506 5.72393084 31.71302032
v -6.44473505 5.89125395 32.41196060
v -6.90262985 5.77048206 31.72694016
v -6.44473505 5.89125395 32.41196060
v -6.48845482 5.93977785 32.42958832
v -6.48845482 5.93977785 32.42958832
v -6.44473505 5.89125395 32.41196060
v -5.93893003 6.08102512 33.03741074
v -6.48845482 5.93977785 32.42958832
v -5.93893003 6.08102512 33.03741074
v -5.97856712 6.13173723 33.05825043
v -5.97856712 6.13173723 33.05825043
v -5.93893003 6.08102512 33.03741074
v -5.34865379 6.28056192 33.57892990
v -5.97856712 6.13173723 33.05825043
v -5.34865379 6.28056192 33.57892990
v -5.38352919 6.33353186 33.60248184
v -5.38352919 6.33353186 33.60248184
v -5.34865379 6.28056192 33.57892990
v -4.68459892 6.47777224 34.02692032
v -5.38352919 6.33353186 33.60248184
v -4.68459892 6.47777224 34.02692032
v -4.71407890 6.53293419 34.05271149
v -4.71407890 6.53293419 34.05271149
v -4.68459892 6.47777224 34.02692032
v -3.95787811 6.66152811 34.37229156
v -4.71407890 6.53293419 34.05271149
v -3.95787811 6.66152811 34.37229156
v -3.98136210 6.71868992 34.39981842
v -3.98136210 6.71868992 34.39981842
v -3.95787811 6.66152811 34.37229156
v -3.20025611 6.88075781 34.63513184
v -3.98136210 6.71868992 34.39981842
v -3.20025611 6.88075781 34.63513184
v -3.21418190 6.94356012 34.64672852
v -3.21821308 6.96562099 34.64688110
v -3.80336690 6.85528088 34.48386002
v -3.21418190 6.94356012 34.64672852
v -3.21418190 6.94356012 34.64672852
v -3.80336690 6.85528088 34.48386002
v -3.99959898 6.78046608 34.41093063
v -3.21418190 6.94356012 34.64672852
v -3.99959898 6.78046608 34.41093063
v -3.98136210 6.71868992 34.39981842
v -3.98136210 6.71868992 34.39981842
v -3.99959898 6.78046608 34.41093063
v -4.73631620 6.59351110 34.06312180
v -3.98136210 6.71868992 34.39981842
v -4.73631620 6.59351110 34.06312180
v -4.71407890 6.53293419 34.05271149
v -4.71407890 6.53293419 34.05271149
v -4.73631620 6.59351110 34.06312180
v -5.40938997 6.39280415 33.61199951
v -4.71407890 6.53293419 34.05271149
v -5.40938997 6.39280415 33.61199951
v -5.38352919 6.33353186 33.60248184
v -5.38352919 6.33353186 33.60248184
v -5.40938997 6.39280415 33.61199951
v -6.00763607 6.18967295 33.06666183
v -5.38352919 6.33353186 33.60248184
v -6.00763607 6.18967295 33.06666183
v -5.97856712 6.13173723 33.05825043
v -5.97856712 6.13173723 33.05825043
v -6.00763607 6.18967295 33.06666183
v -6.52027512 5.99642801 32.43671036
v -5.97856712 6.13173723 33.05825043
v -6.52027512 5.99642801 32.43671036
v -6.48845482 5.93977785 32.42958832
v -6.48845482 5.93977785 32.42958832
v -6.52027512 5.99642801 32.43671036
v -6.93669701 5.82598209 31.73255920
v -6.48845482 5.93977785 32.42958832
v -6.93669701 5.82598209 31.73255920
v -6.90262985 5.77048206 31.72694016
v -6.90262985 5.77048206 31.72694016
v -6.93669701 5.82598209 31.73255920
v -7.24647522 5.69107580 30.96750069
v -6.90262985 5.77048206 31.72694016
v -7.24647522 5.69107580 30.96750069
v -7.21072006 5.63649988 30.96356964
v -7.21072006 5.63649988 30.96356964
v -7.24647522 5.69107580 30.96750069
v -7.33333778 5.58633089 30.52886009
v -7.21072006 5.63649988 30.96356964
v -7.33333778 5.58633089 30.52886009
v -7.32496309 5.58228302 30.54327011
v -5.23320103 6.19921017 33.08578873
v -5.76316404 6.02379894 32.88949966
v -5.96775723 5.95101404 32.58581924
v -5.96775723 5.95101404 32.58581924
v -5.76316404 6.02379894 32.88949966
v -6.01971006 5.93207502 32.59386826
v -5.96775723 5.95101404 32.58581924
v -6.01971006 5.93207502 32.59386826
v -6.11251688 5.89776993 32.47534943
v 6.11339188 5.89744520 32.47449875
v 5.76329708 6.02373409 32.88969040
v 5.40565586 6.14418507 32.97705841
v 5.40565586 6.14418507 32.97705841
v 5.76329708 6.02373409 32.88969040
v 5.19642305 6.21068192 33.41191101
v 5.40565586 6.14418507 32.97705841
v 5.19642305 6.21068192 33.41191101
v 4.66030693 6.36806202 33.41281891
v 4.66030693 6.36806202 33.41281891
v 5.19642305 6.21068192 33.41191101
v 4.55899811 6.39571905 33.84403992
v 4.66030693 6.36806202 33.41281891
v 4.55899811 6.39571905 33.84403992
v 3.87906003 6.56466818 33.78200912
v 3.87906003 6.56466818 33.78200912
v 4.55899811 6.39571905 33.84403992
v 3.86212206 6.56844378 34.17708969
v 3.87906003 6.56466818 33.78200912
v 3.86212206 6.56844378 34.17708969
v 3.41745901 6.66307020 33.96257019
v 3.41745901 6.66307020 33.96257019
v 3.86212206 6.56844378 34.17708969
v 3.12000704 6.71961403 34.40272141
v 3.41745901 6.66307020 33.96257019
v 3.12000704 6.71961403 34.40272141
v 2.60782003 6.80460310 34.21778107
v 2.60782003 6.80460310 34.21778107
v 3.12000704 6.71961403 34.40272141
v 2.35353088 6.84091806 34.55165100
v 2.60782003 6.80460310 34.21778107
v 2.35353088 6.84091806 34.55165100
v 1.78452897 6.90877485 34.40245056
v 1.78452897 6.90877485 34.40245056
v 2.35353088 6.84091806 34.55165100
v 1.57537699 6.92889023 34.65932846
v 1.78452897 6.90877485 34.40245056
v 1.57537699 6.92889023 34.65932846
v 0.94901490 6.97424889 34.51723099
v 0.94901490 6.97424889 34.51723099
v 1.57537699 6.92889023 34.65932846
v 0.78957051 6.98217392 34.72444153
v 0.94901490 6.97424889 34.51723099
v 0.78957051 6.98217392 34.72444153
v 0.28863779 6.99761915 34.55796814
v 0.28863779 6.99761915 34.55796814
v 0.78957051 6.98217392 34.72444153
v 0.00002350 6.99994898 34.74615860
v 0.28863779 6.99761915 34.55796814
v 0.00002350 6.99994898 34.74615860
v -0.56653571 6.99082708 34.54613876
v -0.56653571 6.99082708 34.54613876
v 0.00002350 6.99994898 34.74615860
v -0.78951597 6.98217201 34.72444153
v -0.56653571 6.99082708 34.54613876
v -0.78951597 6.98217201 34.72444153
v -1.41148603 6.94298506 34.46253967
v -1.41148603 6.94298506 34.46253967
v -0.78951597 6.98217201 34.72444153
v -1.57530499 6.92890501 34.65935135
v -1.41148603 6.94298506 34.46253967
v -1.57530499 6.92890501 34.65935135
v -2.24668193 6.85518408 34.30775833
v -2.24668193 6.85518408 34.30775833
v -1.57530499 6.92890501 34.65935135
v -2.35346508 6.84092379 34.55165100
v -2.24668193 6.85518408 34.30775833
v -2.35346508 6.84092379 34.55165100
v -2.63991594 6.79973507 34.20907974
v -2.63991594 6.79973507 34.20907974
v -2.35346508 6.84092379 34.55165100
v -3.12000799 6.71961880 34.40272141
v -2.63991594 6.79973507 34.20907974
v -3.12000799 6.71961880 34.40272141
v -3.47301197 6.65191507 33.94221878
v -3.47301197 6.65191507 33.94221878
v -3.12000799 6.71961880 34.40272141
v -3.78648710 6.58544779 34.20634079
v -3.47301197 6.65191507 33.94221878
v -3.78648710 6.58544779 34.20634079
v -4.27681208 6.46935081 33.60446167
v -4.27681208 6.46935081 33.60446167
v -3.78648710 6.58544779 34.20634079
v -4.41728497 6.43332815 33.92238998
v -4.27681208 6.46935081 33.60446167
v -4.41728497 6.43332815 33.92238998
v -5.05070877 6.25530815 33.19552994
v -5.05070877 6.25530815 33.19552994
v -4.41728497 6.43332815 33.92238998
v -5.01507807 6.26600695 33.54866028
v -5.05070877 6.25530815 33.19552994
v -5.01507807 6.26600695 33.54866028
v -5.23320103 6.19921017 33.08578873
v -5.23320103 6.19921017 33.08578873
v -5.01507807 6.26600695 33.54866028
v -5.56536198 6.09146500 33.08985901
v -5.56536198 6.09146500 33.08985901
v 2.43630505 7.17460203 34.78118896
v 3.22928309 7.04717302 34.63000107
v 3.23284602 7.13278294 34.57561111
v -2.65932107 7.30238581 34.51113129
v -2.43283391 7.31699419 34.64257050
v -2.42056489 7.33640003 34.55168915
v -2.42056489 7.33640003 34.55168915
v -2.43283391 7.31699419 34.64257050
v -1.62845600 7.40848780 34.75091171
v -2.42056489 7.33640003 34.55168915
v -1.62845600 7.40848780 34.75091171
v -1.62014604 7.42688894 34.65938187
v -1.62014604 7.42688894 34.65938187
v -1.62845600 7.40848780 34.75091171
v -0.81616127 7.46388197 34.81639099
v -0.81196588 7.48166800 34.72446060
v -0.81196588 7.48166800 34.72446060
v -0.81616127 7.46388197 34.81639099
v 0.00002659 7.48236704 34.83824158
v 0.00002636 7.49994898 34.74617004
v 0.00002636 7.49994898 34.74617004
v 0.00002659 7.48236704 34.83824158
v 0.81622058 7.46388292 34.81639099
v 0.81202501 7.48166990 34.72446060
v 0.81202501 7.48166990 34.72446060
v 0.81622058 7.46388292 34.81639099
v 1.62852895 7.40847206 34.75090027
v 1.62021899 7.42687321 34.65935898
v 1.62021899 7.42687321 34.65935898
v 1.62852895 7.40847206 34.75090027
v 2.43289709 7.31698799 34.64255905
v 1.62021899 7.42687321 34.65935898
v 2.43289709 7.31698799 34.64255905
v 2.42062807 7.33639288 34.55168152
v 3.22515798 7.19084311 34.49272156
v 3.20915008 7.21160316 34.40272141
v 2.43289709 7.31698799 34.64255905
v 2.43289709 7.31698799 34.64255905
v 3.20915008 7.21160316 34.40272141
v 2.65891004 7.30245304 34.51121140
v 2.43289709 7.31698799 34.64255905
v 2.65891004 7.30245304 34.51121140
v 2.42062807 7.33639288 34.55168152
v 3.21821094 6.96562195 34.64686966
v 3.22928309 7.04717302 34.63000107
v 3.07033300 6.99132109 34.67856979
v 3.07033300 6.99132109 34.67856979
v 3.22928309 7.04717302 34.63000107
v 2.43630505 7.17460203 34.78118896
v 3.07033300 6.99132109 34.67856979
v 2.43630505 7.17460203 34.78118896
v 2.07309604 7.13250017 34.85213089
v 2.07309604 7.13250017 34.85213089
v 2.43630505 7.17460203 34.78118896
v 1.63095903 7.26704597 34.89052963
v 2.07309604 7.13250017 34.85213089
v 1.63095903 7.26704597 34.89052963
v 1.02449501 7.22155714 34.96117020
v -2.43624210 7.17460918 34.78120041
v -2.16478491 7.12183714 34.83905029
v -1.63088596 7.26706219 34.89054871
v -1.63088596 7.26706219 34.89054871
v -2.16478491 7.12183714 34.83905029
v -1.09555697 7.21744204 34.95613098
v -1.63088596 7.26706219 34.89054871
v -1.09555697 7.21744204 34.95613098
v -0.81742680 7.32304716 34.95663834
v -0.81742680 7.32304716 34.95663834
v -1.09555697 7.21744204 34.95613098
v -0.03247618 7.25013018 34.99610901
v -0.81742680 7.32304716 34.95663834
v -0.03247618 7.25013018 34.99610901
v 0.00002677 7.34173107 34.97869110
v 0.00002677 7.34173107 34.97869110
v -0.03247618 7.25013018 34.99610901
v 1.02449501 7.22155714 34.96117020
v 0.00002677 7.34173107 34.97869110
v 1.02449501 7.22155714 34.96117020
v 0.81748623 7.32304907 34.95663834
v 0.81748623 7.32304907 34.95663834
v 1.02449501 7.22155714 34.96117020
v 1.63095903 7.26704597 34.89052963
v -3.23272395 7.13632393 34.57212830
v -2.43283391 7.31699419 34.64257050
v -3.22487307 7.19169521 34.49071884
v -3.22487307 7.19169521 34.49071884
v -2.43283391 7.31699419 34.64257050
v -2.65932107 7.30238581 34.51113129
v -3.22487307 7.19169521 34.49071884
v -2.65932107 7.30238581 34.51113129
v -3.20915103 7.21160889 34.40272141
v 3.22515798 7.19084311 34.49272156
v 2.43289709 7.31698799 34.64255905
v 2.43887496 7.25990582 34.72626114
v 2.43887496 7.25990582 34.72626114
v 2.43289709 7.31698799 34.64255905
v 1.62852895 7.40847206 34.75090027
v 2.43887496 7.25990582 34.72626114
v 1.62852895 7.40847206 34.75090027
v 1.63261998 7.35211611 34.83520126
v 1.63261998 7.35211611 34.83520126
v 1.62852895 7.40847206 34.75090027
v 0.81622058 7.46388292 34.81639099
v 0.81829989 7.40797281 34.90106964
v 0.81829989 7.40797281 34.90106964
v 0.81622058 7.46388292 34.81639099
v 0.00002659 7.48236704 34.83824158
v 0.81829989 7.40797281 34.90106964
v 0.00002659 7.48236704 34.83824158
v 0.00002674 7.42660713 34.92303848
v 0.00002674 7.42660713 34.92303848
v 0.00002659 7.48236704 34.83824158
v -0.81616127 7.46388197 34.81639099
v 0.00002674 7.42660713 34.92303848
v -0.81616127 7.46388197 34.81639099
v -0.81824040 7.40797091 34.90106964
v -0.81824040 7.40797091 34.90106964
v -0.81616127 7.46388197 34.81639099
v -1.62845600 7.40848780 34.75091171
v -1.63254702 7.35213184 34.83522034
v -1.63254702 7.35213184 34.83522034
v -1.62845600 7.40848780 34.75091171
v -2.43283391 7.31699419 34.64257050
v -1.63254702 7.35213184 34.83522034
v -2.43283391 7.31699419 34.64257050
v -2.43881202 7.25991201 34.72626877
v -2.43881202 7.25991201 34.72626877
v -2.43283391 7.31699419 34.64257050
v -3.23272395 7.13632393 34.57212830
v -2.43881202 7.25991201 34.72626877
v -3.23272395 7.13632393 34.57212830
v -3.22993803 7.05430508 34.62710190
v -3.21821308 6.96562099 34.64688110
v -2.16478491 7.12183714 34.83905029
v -3.22993803 7.05430508 34.62710190
v -3.22993803 7.05430508 34.62710190
v -2.16478491 7.12183714 34.83905029
v -2.43624210 7.17460918 34.78120041
v -3.22993803 7.05430508 34.62710190
v -2.43624210 7.17460918 34.78120041
v -2.43881202 7.25991201 34.72626877
v -2.43881202 7.25991201 34.72626877
v -2.43624210 7.17460918 34.78120041
v -1.63088596 7.26706219 34.89054871
v -1.63254702 7.35213184 34.83522034
v -1.63254702 7.35213184 34.83522034
v -1.63088596 7.26706219 34.89054871
v -0.81742680 7.32304716 34.95663834
v -1.63254702 7.35213184 34.83522034
v -0.81742680 7.32304716 34.95663834
v -0.81824040 7.40797091 34.90106964
v -0.81824040 7.40797091 34.90106964
v -0.81742680 7.32304716 34.95663834
v 0.00002677 7.34173107 34.97869110
v -0.81824040 7.40797091 34.90106964
v 0.00002677 7.34173107 34.97869110
v 0.00002674 7.42660713 34.92303848
v 0.00002674 7.42660713 34.92303848
v 0.00002677 7.34173107 34.97869110
v 0.81748623 7.32304907 34.95663834
v 0.00002674 7.42660713 34.92303848
v 0.81748623 7.32304907 34.95663834
v 0.81829989 7.40797281 34.90106964
v 0.81829989 7.40797281 34.90106964
v 0.81748623 7.32304907 34.95663834
v 1.63095903 7.26704597 34.89052963
v 0.81829989 7.40797281 34.90106964
v 1.63095903 7.26704597 34.89052963
v 1.63261998 7.35211611 34.83520126
v 1.63261998 7.35211611 34.83520126
v 1.63095903 7.26704597 34.89052963
v 2.43630505 7.17460203 34.78118896
v 2.43887496 7.25990582 34.72626114
v 2.43887496 7.25990582 34.72626114
v 2.43630505 7.17460203 34.78118896
v 3.23284602 7.13278294 34.57561111
v 3.23284602 7.13278294 34.57561111
v -2.39240003 6.91298580 34.72945023
v -3.16496897 6.77364302 34.56283951
v -3.14728904 6.74037600 34.50978851
v -2.16478491 7.12183714 34.83905029
v -3.21821308 6.96562099 34.64688110
v -3.21418190 6.94356012 34.64672852
v -2.16478491 7.12183714 34.83905029
v -2.41301394 6.99933195 34.78369904
v -1.61541402 7.09093189 34.89307022
v -2.16478491 7.12183714 34.83905029
v -1.61541402 7.09093189 34.89307022
v -1.09555697 7.21744204 34.95613098
v -1.09555697 7.21744204 34.95613098
v -1.61541402 7.09093189 34.89307022
v -0.80969739 7.14640808 34.95919037
v -1.09555697 7.21744204 34.95613098
v -0.80969739 7.14640808 34.95919037
v -0.03247618 7.25013018 34.99610901
v -0.80969739 7.14640808 34.95919037
v 0.00002434 7.16492224 34.98125076
v -0.03247618 7.25013018 34.99610901
v -0.03247618 7.25013018 34.99610901
v 0.00002434 7.16492224 34.98125076
v 0.80975342 7.14640903 34.95919037
v -0.03247618 7.25013018 34.99610901
v 0.80975342 7.14640903 34.95919037
v 1.02449501 7.22155714 34.96117020
v 1.02449501 7.22155714 34.96117020
v 0.80975342 7.14640903 34.95919037
v 1.61548698 7.09091616 34.89305115
v 1.02449501 7.22155714 34.96117020
v 1.61548698 7.09091616 34.89305115
v 2.07309604 7.13250017 34.85213089
v 2.07309604 7.13250017 34.85213089
v 1.61548698 7.09091616 34.89305115
v 2.41308188 6.99932480 34.78369141
v 2.07309604 7.13250017 34.85213089
v 2.41308188 6.99932480 34.78369141
v 3.07033300 6.99132109 34.67856979
v -3.14728904 6.74037600 34.50978851
v -3.12000799 6.71961880 34.40272141
v -2.37086391 6.85706282 34.64440155
v -2.37086391 6.85706282 34.64440155
v -3.12000799 6.71961880 34.40272141
v -2.35346508 6.84092379 34.55165100
v -2.37086391 6.85706282 34.64440155
v -2.35346508 6.84092379 34.55165100
v -1.58705103 6.94625092 34.75276184
v -1.58705103 6.94625092 34.75276184
v -2.35346508 6.84092379 34.55165100
v -1.57530499 6.92890501 34.65935135
v -1.58705103 6.94625092 34.75276184
v -1.57530499 6.92890501 34.65935135
v -0.79543447 7.00025702 34.81827164
v -0.78951597 6.98217201 34.72444153
v -0.79543447 7.00025702 34.81827164
v -0.78951597 6.98217201 34.72444153
v 0.00002377 7.01828003 34.84011841
v 0.00002350 6.99994898 34.74615860
v 0.00002377 7.01828003 34.84011841
v 0.00002350 6.99994898 34.74615860
v 0.79548937 7.00025797 34.81827164
v 0.78957051 6.98217392 34.72444153
v 0.79548937 7.00025797 34.81827164
v 0.78957051 6.98217392 34.72444153
v 1.58712304 6.94623613 34.75275040
v 1.57537699 6.92889023 34.65932846
v 1.58712304 6.94623613 34.75275040
v 1.57537699 6.92889023 34.65932846
v 2.37092996 6.85705709 34.64439011
v 2.35353088 6.84091806 34.55165100
v 3.17111707 6.78825188 34.57878113
v 2.37092996 6.85705709 34.64439011
v 3.14280891 6.73411894 34.49456024
v 3.14280891 6.73411894 34.49456024
v 2.37092996 6.85705709 34.64439011
v 2.35353088 6.84091806 34.55165100
v 3.14280891 6.73411894 34.49456024
v 2.35353088 6.84091806 34.55165100
v 3.12000704 6.71961403 34.40272141
v -3.14728904 6.74037600 34.50978851
v -2.37086391 6.85706282 34.64440155
v -2.39240003 6.91298580 34.72945023
v -2.39240003 6.91298580 34.72945023
v -2.37086391 6.85706282 34.64440155
v -1.58705103 6.94625092 34.75276184
v -2.39240003 6.91298580 34.72945023
v -1.58705103 6.94625092 34.75276184
v -1.60155702 7.00348997 34.83842850
v -1.60155702 7.00348997 34.83842850
v -1.58705103 6.94625092 34.75276184
v -0.79543447 7.00025702 34.81827164
v -0.80273390 7.05829811 34.90430069
v -0.80273390 7.05829811 34.90430069
v -0.79543447 7.00025702 34.81827164
v 0.00002377 7.01828003 34.84011841
v 0.00002408 7.07659006 34.92628098
v 0.79548937 7.00025797 34.81827164
v 0.80278939 7.05830002 34.90430069
v 0.80278939 7.05830002 34.90430069
v 0.79548937 7.00025797 34.81827164
v 1.58712304 6.94623613 34.75275040
v 1.60162997 7.00347424 34.83840942
v 1.60162997 7.00347424 34.83840942
v 1.58712304 6.94623613 34.75275040
v 2.37092996 6.85705709 34.64439011
v 1.60162997 7.00347424 34.83840942
v 2.37092996 6.85705709 34.64439011
v 2.39246607 6.91298008 34.72943878
v 2.39246607 6.91298008 34.72943878
v 2.37092996 6.85705709 34.64439011
v 3.17111707 6.78825188 34.57878113
v 2.39246607 6.91298008 34.72943878
v 3.17111707 6.78825188 34.57878113
v 3.19829202 6.87310123 34.63249969
v -2.16478491 7.12183714 34.83905029
v -3.21418190 6.94356012 34.64672852
v -2.41301394 6.99933195 34.78369904
v -2.41301394 6.99933195 34.78369904
v -3.21418190 6.94356012 34.64672852
v -3.20025611 6.88075781 34.63513184
v -2.41301394 6.99933195 34.78369904
v -3.20025611 6.88075781 34.63513184
v -3.18328309 6.82190514 34.60639954
v 3.21821094 6.96562195 34.64686966
v 3.07033300 6.99132109 34.67856979
v 3.19829202 6.87310123 34.63249969
v 3.19829202 6.87310123 34.63249969
v 3.07033300 6.99132109 34.67856979
v 2.41308188 6.99932480 34.78369141
v 3.19829202 6.87310123 34.63249969
v 2.41308188 6.99932480 34.78369141
v 2.39246607 6.91298008 34.72943878
v 2.39246607 6.91298008 34.72943878
v 2.41308188 6.99932480 34.78369141
v 1.61548698 7.09091616 34.89305115
v 1.60162997 7.00347424 34.83840942
v 1.60162997 7.00347424 34.83840942
v 1.61548698 7.09091616 34.89305115
v 0.80975342 7.14640903 34.95919037
v 0.80278939 7.05830002 34.90430069
v 0.80278939 7.05830002 34.90430069
v 0.80975342 7.14640903 34.95919037
v 0.00002434 7.16492224 34.98125076
v 0.00002408 7.07659006 34.92628098
v 0.00002408 7.07659006 34.92628098
v 0.00002434 7.16492224 34.98125076
v -0.80969739 7.14640808 34.95919037
v -0.80273390 7.05829811 34.90430069
v -0.80273390 7.05829811 34.90430069
v -0.80969739 7.14640808 34.95919037
v -1.61541402 7.09093189 34.89307022
v -1.60155702 7.00348997 34.83842850
v -1.60155702 7.00348997 34.83842850
v -1.61541402 7.09093189 34.89307022
v -2.41301394 6.99933195 34.78369904
v -2.39240003 6.91298580 34.72945023
v -2.39240003 6.91298580 34.72945023
v -2.41301394 6.99933195 34.78369904
v -3.18328309 6.82190514 34.60639954
v -2.39240003 6.91298580 34.72945023
v -3.18328309 6.82190514 34.60639954
v -3.16496897 6.77364302 34.56283951
v 6.31040192 5.20155811 31.47558022
v 6.02452278 5.28397894 31.74519920
v 6.02713823 5.00000000 31.74283981
v 4.97456884 5.66863585 32.56056976
v 4.50521278 5.82123804 32.85194016
v 4.50465488 5.00000000 32.85226059
v -5.97728205 5.29962301 31.78750992
v -6.41388798 5.17808390 31.37190056
v -6.02707481 5.00000000 31.74286079
v -6.02707481 5.00000000 31.74286079
v -6.41388798 5.17808390 31.37190056
v -6.78595209 5.13345385 30.96931076
v -6.02707481 5.00000000 31.74286079
v -6.78595209 5.13345385 30.96931076
v -7.19426584 5.00000000 30.46373940
v -7.19426584 5.00000000 30.46373940
v -6.78595209 5.13345385 30.96931076
v -6.99782324 5.14792299 30.71632004
v -7.19426584 5.00000000 30.46373940
v -6.99782324 5.14792299 30.71632004
v -7.20253897 5.03494310 30.45269012
v -6.99782324 5.14792299 30.71632004
v -7.22429895 5.21777916 30.42344093
v -7.22348404 5.16246223 30.42453957
v -7.22250319 5.14981413 30.42585945
v -7.22250319 5.14981413 30.42585945
v -7.20790482 5.05879021 30.44548988
v -4.50458717 5.00000000 32.85227966
v -4.64792490 5.77658510 32.76752090
v -4.81586504 5.72208881 32.66357040
v -4.81586504 5.72208881 32.66357040
v -5.49184084 5.48098612 32.18992996
v -4.50458717 5.00000000 32.85227966
v -4.50458717 5.00000000 32.85227966
v -5.49184084 5.48098612 32.18992996
v -5.63872719 5.42388391 32.07416153
v -4.50458717 5.00000000 32.85227966
v -5.63872719 5.42388391 32.07416153
v -6.02707481 5.00000000 31.74286079
v -6.02707481 5.00000000 31.74286079
v -5.63872719 5.42388391 32.07416153
v -5.80725479 5.35968924 31.93506050
v -6.02707481 5.00000000 31.74286079
v -5.80725479 5.35968924 31.93506050
v -5.97728205 5.29962301 31.78750992
v -2.78508401 6.24385309 33.61986923
v -3.19604611 6.16185999 33.47488022
v -2.78434706 5.00000000 33.62012100
v -2.78434706 5.00000000 33.62012100
v -3.19604611 6.16185999 33.47488022
v -3.93574500 5.98451281 33.15491104
v -2.78434706 5.00000000 33.62012100
v -3.93574500 5.98451281 33.15491104
v -4.50458717 5.00000000 32.85227966
v -4.50458717 5.00000000 32.85227966
v -3.93574500 5.98451281 33.15491104
v -4.50503397 5.82129288 32.85203171
v -4.50458717 5.00000000 32.85227966
v -4.50503397 5.82129288 32.85203171
v -4.64792490 5.77658510 32.76752090
v -0.94216287 6.47088194 34.01261139
v -1.29892194 6.44461298 33.96778870
v -0.94187450 5.00000000 34.01264191
v -0.94187450 5.00000000 34.01264191
v -1.29892194 6.44461298 33.96778870
v -2.06751299 6.35932207 33.82117081
v -0.94187450 5.00000000 34.01264191
v -2.06751299 6.35932207 33.82117081
v -2.78434706 5.00000000 33.62012100
v -2.78434706 5.00000000 33.62012100
v -2.06751299 6.35932207 33.82117081
v -2.42938805 6.30545712 33.72768021
v -2.78434706 5.00000000 33.62012100
v -2.42938805 6.30545712 33.72768021
v -2.78508401 6.24385309 33.61986923
v 0.94194740 5.00000000 34.01264191
v 0.26562041 6.49768782 34.05818939
v -0.94187450 5.00000000 34.01264191
v -0.94187450 5.00000000 34.01264191
v 0.26562041 6.49768782 34.05818939
v -0.52135491 6.49108887 34.04698181
v -0.94187450 5.00000000 34.01264191
v -0.52135491 6.49108887 34.04698181
v -0.94216287 6.47088194 34.01261139
v 2.78511000 6.24384785 33.61988068
v 2.39985299 6.31018496 33.73591995
v 2.78441906 5.00000000 33.62009811
v 2.78441906 5.00000000 33.62009811
v 2.39985299 6.31018496 33.73591995
v 1.64221704 6.41138220 33.91086960
v 2.78441906 5.00000000 33.62009811
v 1.64221704 6.41138220 33.91086960
v 0.94194740 5.00000000 34.01264191
v 0.94194740 5.00000000 34.01264191
v 1.64221704 6.41138220 33.91086960
v 0.87333399 6.47498417 34.01959991
v 0.94194740 5.00000000 34.01264191
v 0.87333399 6.47498417 34.01959991
v 0.26562041 6.49768782 34.05818939
v 4.50521278 5.82123804 32.85194016
v 4.28865910 5.88611794 32.97336960
v 4.50465488 5.00000000 32.85226059
v 4.50465488 5.00000000 32.85226059
v 4.28865910 5.88611794 32.97336960
v 3.56971502 6.07710600 33.32310104
v 4.50465488 5.00000000 32.85226059
v 3.56971502 6.07710600 33.32310104
v 2.78441906 5.00000000 33.62009811
v 2.78441906 5.00000000 33.62009811
v 3.56971502 6.07710600 33.32310104
v 3.14492607 6.17269707 33.49414825
v 2.78441906 5.00000000 33.62009811
v 3.14492607 6.17269707 33.49414825
v 2.78511000 6.24384785 33.61988068
v 6.02713823 5.00000000 31.74283981
v 6.02452278 5.28397894 31.74519920
v 4.50465488 5.00000000 32.85226059
v 4.50465488 5.00000000 32.85226059
v 6.02452278 5.28397894 31.74519920
v 5.62595987 5.42890787 32.08444977
v 4.50465488 5.00000000 32.85226059
v 5.62595987 5.42890787 32.08444977
v 4.97456884 5.66863585 32.56056976
v 7.20798779 5.05894804 30.44543076
v 7.22256279 5.14987421 30.42583084
v 7.01213598 5.15040588 30.69857025
v 7.22354221 5.16251183 30.42450905
v 7.22435284 5.21782684 30.42341042
v 6.31040192 5.20155811 31.47558022
v 6.02713823 5.00000000 31.74283981
v 6.78586388 5.13346481 30.96945000
v 6.78586388 5.13346481 30.96945000
v 6.02713823 5.00000000 31.74283981
v 7.19431019 5.00000000 30.46372986
v 6.78586388 5.13346481 30.96945000
v 7.19431019 5.00000000 30.46372986
v 7.01213598 5.15040588 30.69857025
v 7.01213598 5.15040588 30.69857025
v 7.19431019 5.00000000 30.46372986
v 7.20266581 5.03529119 30.45256042
v 7.20798779 5.05894804 30.44543076
v -7.19837523 6.08308506 29.20047951
v -7.17331314 6.07462120 29.28273964
v -6.92887211 6.17760897 27.16937065
v -7.08363819 6.06371880 29.58831024
v -7.03910398 6.07014418 29.74629974
v -6.69167900 6.20991993 27.19901085
v -6.69167900 6.20991993 27.19901085
v -7.03910398 6.07014418 29.74629974
v -7.00259590 6.08203316 29.87936020
v -6.69167900 6.20991993 27.19901085
v -7.00259590 6.08203316 29.87936020
v -7.00124979 6.08259678 29.88433075
v -6.92887211 6.17760897 27.16937065
v -7.17331314 6.07462120 29.28273964
v -6.69167900 6.20991993 27.19901085
v -6.69167900 6.20991993 27.19901085
v -7.17331314 6.07462120 29.28273964
v -7.12213993 6.06464291 29.45508003
v -6.69167900 6.20991993 27.19901085
v -7.12213993 6.06464291 29.45508003
v -7.08363819 6.06371880 29.58831024
v -7.15412378 6.26084423 27.14662933
v -7.32425117 6.19238281 28.57741928
v -6.92887211 6.17760897 27.16937065
v -6.92887211 6.17760897 27.16937065
v -7.32425117 6.19238281 28.57741928
v -7.30010319 6.15713310 28.75115013
v -6.92887211 6.17760897 27.16937065
v -7.30010319 6.15713310 28.75115013
v -7.19837523 6.08308506 29.20047951
v -7.22519779 6.68257093 25.90436935
v -7.33102894 6.49115992 27.08085060
v -7.31501007 6.44025421 27.13607979
v -7.31501007 6.44025421 27.13607979
v -7.33102894 6.49115992 27.08085060
v -7.35916519 6.40010405 27.59535027
v -7.31501007 6.44025421 27.13607979
v -7.35916519 6.40010405 27.59535027
v -7.15412378 6.26084423 27.14662933
v -7.15412378 6.26084423 27.14662933
v -7.35916519 6.40010405 27.59535027
v -7.34882498 6.24888277 28.31274986
v -7.15412378 6.26084423 27.14662933
v -7.34882498 6.24888277 28.31274986
v -7.32425117 6.19238281 28.57741928
v -6.99173784 6.56868315 24.39846039
v -7.04965305 6.80047798 24.40200043
v -7.18210411 6.74972582 25.51988029
v -7.18210411 6.74972582 25.51988029
v -7.22519779 6.68257093 25.90436935
v -6.99173784 6.56868315 24.39846039
v -6.99173784 6.56868315 24.39846039
v -7.22519779 6.68257093 25.90436935
v -7.31501007 6.44025421 27.13607979
v -6.99173784 6.56868315 24.39846039
v -7.31501007 6.44025421 27.13607979
v -6.83365202 6.38982582 24.40917015
v -6.83365202 6.38982582 24.40917015
v -7.31501007 6.44025421 27.13607979
v -7.15412378 6.26084423 27.14662933
v -6.83365202 6.38982582 24.40917015
v -7.15412378 6.26084423 27.14662933
v -6.61149883 6.30475378 24.43166924
v -6.61149883 6.30475378 24.43166924
v -7.15412378 6.26084423 27.14662933
v -6.92887211 6.17760897 27.16937065
v -6.61149883 6.30475378 24.43166924
v -6.92887211 6.17760897 27.16937065
v -6.37601423 6.33289814 24.46083069
v -6.37601423 6.33289814 24.46083069
v -6.83365202 6.38982582 24.40917015
v -6.61149883 6.30475378 24.43166924
v -6.50366879 6.34578896 23.83650970
v -2.00723505 7.63928080 20.01317978
v -2.01368690 7.69758320 19.98426056
v -2.06119490 7.69263887 19.98432922
v -2.00723505 7.63928080 20.01317978
v -2.06119490 7.69263887 19.98432922
v -1.99584603 7.53635502 20.09263992
v -1.97973895 7.39079809 20.44619942
v -1.98392498 7.42862701 20.25485039
v -2.02820301 7.42372417 20.25494957
v -2.02211189 7.38605785 20.44640923
v -2.36471605 7.38291216 20.26969910
v -2.34411001 7.34671307 20.46162987
v -3.09264708 7.75712013 20.05825043
v -2.42229104 7.65150404 19.99971962
v -2.45037699 7.84245491 19.96332932
v -2.45037699 7.84245491 19.96332932
v -2.42229104 7.65150404 19.99971962
v -2.06119490 7.69263887 19.98432922
v -2.45037699 7.84245491 19.96332932
v -2.06119490 7.69263887 19.98432922
v -2.08306694 7.88289309 19.94643021
v -2.08306694 7.88289309 19.94643021
v -2.06119490 7.69263887 19.98432922
v -2.01368690 7.69758320 19.98426056
v -2.08306694 7.88289309 19.94643021
v -2.01368690 7.69758320 19.98426056
v -2.03473091 7.88776398 19.94619942
v -3.48180604 7.69626904 20.15797043
v -3.67323208 7.45998001 20.26283073
v -3.09264708 7.75712013 20.05825043
v -3.09264708 7.75712013 20.05825043
v -3.67323208 7.45998001 20.26283073
v -3.05416489 7.56433010 20.09059906
v -3.09264708 7.75712013 20.05825043
v -3.05416489 7.56433010 20.09059906
v -2.42229104 7.65150404 19.99971962
v -3.48180604 7.69626904 20.15797043
v -3.72097707 7.65541077 20.23604012
v -3.67323208 7.45998001 20.26283073
v -3.67323208 7.45998001 20.26283073
v -3.72097707 7.65541077 20.23604012
v -4.08997583 7.58715582 20.38334084
v -3.67323208 7.45998001 20.26283073
v -4.08997583 7.58715582 20.38334084
v -4.03738403 7.38973999 20.40616989
v -4.03738403 7.38973999 20.40616989
v -4.08997583 7.58715582 20.38334084
v -4.67107916 7.46667480 20.68897057
v -4.03738403 7.38973999 20.40616989
v -4.67107916 7.46667480 20.68897057
v -4.61203480 7.26538420 20.70471954
v -4.61203480 7.26538420 20.70471954
v -4.67107916 7.46667480 20.68897057
v -4.80712605 7.43614388 20.77526093
v -4.61203480 7.26538420 20.70471954
v -4.80712605 7.43614388 20.77526093
v -5.14794922 7.13430595 21.07889938
v -4.80712605 7.43614388 20.77526093
v -5.21132183 7.34015894 21.07040977
v -5.14794922 7.13430595 21.07889938
v -5.14794922 7.13430595 21.07889938
v -5.21132183 7.34015894 21.07040977
v -5.74256706 7.20182085 21.56772041
v -5.14794922 7.13430595 21.07889938
v -5.74256706 7.20182085 21.56772041
v -5.67699099 6.99038601 21.56897926
v -5.67699099 6.99038601 21.56897926
v -5.74256706 7.20182085 21.56772041
v -5.90004778 7.15811205 21.74629974
v -5.67699099 6.99038601 21.56897926
v -5.90004778 7.15811205 21.74629974
v -6.09290123 6.86695910 22.07727051
v -5.90004778 7.15811205 21.74629974
v -6.15838909 7.08369303 22.08106995
v -6.09290123 6.86695910 22.07727051
v -6.09290123 6.86695910 22.07727051
v -6.15838909 7.08369303 22.08106995
v -6.31616592 7.03656912 22.31817055
v -6.09290123 6.86695910 22.07727051
v -6.31616592 7.03656912 22.31817055
v -6.25121021 6.81757212 22.31277084
v -6.25121021 6.81757212 22.31277084
v -6.31616592 7.03656912 22.31817055
v -6.62453222 6.94075394 22.88995934
v -6.25121021 6.81757212 22.31277084
v -6.62453222 6.94075394 22.88995934
v -6.56154203 6.71687317 22.88252068
v -6.56154203 6.71687317 22.88252068
v -6.62453222 6.94075394 22.88995934
v -6.66911983 6.92648983 22.98996925
v -6.56154203 6.71687317 22.88252068
v -6.66911983 6.92648983 22.98996925
v -6.79670620 6.63711023 23.49052048
v -6.66911983 6.92648983 22.98996925
v -6.85729218 6.86513805 23.49773026
v -6.79670620 6.63711023 23.49052048
v -6.79670620 6.63711023 23.49052048
v -6.85729218 6.86513805 23.49773026
v -6.93480301 6.83932114 23.77479935
v -6.79670620 6.63711023 23.49052048
v -6.93480301 6.83932114 23.77479935
v -6.87521410 6.60981512 23.76837921
v -6.87521410 6.60981512 23.76837921
v -6.93480301 6.83932114 23.77479935
v -7.04965305 6.80047798 24.40200043
v -6.99173784 6.56868315 24.39846039
v -6.87521410 6.60981512 23.76837921
v -6.99173784 6.56868315 24.39846039
v -6.71984720 6.43196201 23.79060936
v -6.87521410 6.60981512 23.76837921
v -6.71984720 6.43196201 23.79060936
v -6.79670620 6.63711023 23.49052048
v -6.79670620 6.63711023 23.49052048
v -6.71984720 6.43196201 23.79060936
v -6.64320421 6.45990515 23.51799011
v -6.79670620 6.63711023 23.49052048
v -6.64320421 6.45990515 23.51799011
v -6.56154203 6.71687317 22.88252068
v -6.56154203 6.71687317 22.88252068
v -6.64320421 6.45990515 23.51799011
v -6.41377211 6.54148102 22.92185974
v -6.56154203 6.71687317 22.88252068
v -6.41377211 6.54148102 22.92185974
v -6.25121021 6.81757212 22.31277084
v -6.25121021 6.81757212 22.31277084
v -6.41377211 6.54148102 22.92185974
v -6.11129522 6.64430904 22.36388016
v -6.25121021 6.81757212 22.31277084
v -6.11129522 6.64430904 22.36388016
v -6.09290123 6.86695910 22.07727051
v -6.09290123 6.86695910 22.07727051
v -6.11129522 6.64430904 22.36388016
v -5.95710278 6.69467878 22.13344002
v -6.09290123 6.86695910 22.07727051
v -5.95710278 6.69467878 22.13344002
v -5.67699099 6.99038601 21.56897926
v -5.67699099 6.99038601 21.56897926
v -5.95710278 6.69467878 22.13344002
v -5.55230713 6.82039785 21.63653946
v -5.67699099 6.99038601 21.56897926
v -5.55230713 6.82039785 21.63653946
v -5.14794922 7.13430595 21.07889938
v -5.14794922 7.13430595 21.07889938
v -5.55230713 6.82039785 21.63653946
v -5.03789997 6.96671200 21.15806007
v -5.14794922 7.13430595 21.07889938
v -5.03789997 6.96671200 21.15806007
v -4.61203480 7.26538420 20.70471954
v -4.61203480 7.26538420 20.70471954
v -5.03789997 6.96671200 21.15806007
v -4.51723719 7.09972286 20.79315948
v -4.61203480 7.26538420 20.70471954
v -4.51723719 7.09972286 20.79315948
v -4.03738403 7.38973999 20.40616989
v -4.03738403 7.38973999 20.40616989
v -4.51723719 7.09972286 20.79315948
v -3.95928192 7.22569609 20.50234985
v -4.03738403 7.38973999 20.40616989
v -3.95928192 7.22569609 20.50234985
v -3.67323208 7.45998001 20.26283073
v -3.67323208 7.45998001 20.26283073
v -3.95928192 7.22569609 20.50234985
v -3.60584593 7.29674816 20.36285019
v -3.67323208 7.45998001 20.26283073
v -3.60584593 7.29674816 20.36285019
v -3.05416489 7.56433010 20.09059906
v -3.05416489 7.56433010 20.09059906
v -3.60584593 7.29674816 20.36285019
v -3.00516105 7.40215206 20.19544029
v -3.05416489 7.56433010 20.09059906
v -3.00516105 7.40215206 20.19544029
v -2.42229104 7.65150404 19.99971962
v -2.42229104 7.65150404 19.99971962
v -3.00516105 7.40215206 20.19544029
v -2.39218903 7.49001789 20.10737991
v -2.42229104 7.65150404 19.99971962
v -2.39218903 7.49001789 20.10737991
v -2.06119490 7.69263887 19.98432922
v -2.04192805 7.53138781 20.09267998
v -2.06119490 7.69263887 19.98432922
v -2.04192805 7.53138781 20.09267998
v -1.99584603 7.53635502 20.09263992
v -1.99584603 7.53635502 20.09263992
v -2.04192805 7.53138781 20.09267998
v -1.98710597 7.45737791 20.19619942
v -6.83365202 6.38982582 24.40917015
v -6.71984720 6.43196201 23.79060936
v -6.71984720 6.43196201 23.79060936
v -6.50366879 6.34578896 23.83650970
v -6.64320421 6.45990515 23.51799011
v -6.43099689 6.37301588 23.57401085
v -6.64320421 6.45990515 23.51799011
v -6.43099689 6.37301588 23.57401085
v -6.41377211 6.54148102 22.92185974
v -6.21322489 6.45256376 22.99945068
v -6.41377211 6.54148102 22.92185974
v -6.21322489 6.45256376 22.99945068
v -6.11129522 6.64430904 22.36388016
v -5.92563820 6.55296183 22.46080971
v -6.11129522 6.64430904 22.36388016
v -5.92563820 6.55296183 22.46080971
v -5.95710278 6.69467878 22.13344002
v -5.77884817 6.60218811 22.23806953
v -5.95710278 6.69467878 22.13344002
v -5.77884817 6.60218811 22.23806953
v -5.55230713 6.82039785 21.63653946
v -5.39295483 6.72517920 21.75716019
v -5.55230713 6.82039785 21.63653946
v -5.39295483 6.72517920 21.75716019
v -5.03789997 6.96671200 21.15806007
v -4.90162897 6.86852503 21.29315948
v -5.03789997 6.96671200 21.15806007
v -4.90162897 6.86852503 21.29315948
v -4.51723719 7.09972286 20.79315948
v -4.40346813 6.99901581 20.93865013
v -4.51723719 7.09972286 20.79315948
v -4.40346813 6.99901581 20.93865013
v -3.95928192 7.22569609 20.50234985
v -3.86887598 7.12275314 20.65560913
v -3.95928192 7.22569609 20.50234985
v -3.86887598 7.12275314 20.65560913
v -3.60584593 7.29674816 20.36285019
v -3.52992105 7.19260979 20.51963043
v -3.60584593 7.29674816 20.36285019
v -3.52992105 7.19260979 20.51963043
v -3.00516105 7.40215206 20.19544029
v -3.00516105 7.40215206 20.19544029
v -3.52992105 7.19260979 20.51963043
v -2.95341706 7.29633617 20.35614014
v -3.00516105 7.40215206 20.19544029
v -2.95341706 7.29633617 20.35614014
v -2.39218903 7.49001789 20.10737991
v -2.36471605 7.38291216 20.26969910
v -2.39218903 7.49001789 20.10737991
v -2.36471605 7.38291216 20.26969910
v -2.04192805 7.53138781 20.09267998
v -2.04192805 7.53138781 20.09267998
v -2.36471605 7.38291216 20.26969910
v -2.02820301 7.42372417 20.25494957
v -2.04192805 7.53138781 20.09267998
v -2.02820301 7.42372417 20.25494957
v -1.98710597 7.45737791 20.19619942
v -1.98710597 7.45737791 20.19619942
v -2.02820301 7.42372417 20.25494957
v -1.98392498 7.42862701 20.25485039
v -2.65990901 7.30238390 20.50021935
v -2.65990901 7.30238390 20.50021935
v -2.36471605 7.38291216 20.26969910
v -2.95341706 7.29633617 20.35614014
v -2.65990901 7.30238390 20.50021935
v -2.95341706 7.29633617 20.35614014
v -2.90714908 7.26368523 20.54715919
v -2.90714908 7.26368523 20.54715919
v -2.95341706 7.29633617 20.35614014
v -3.52992105 7.19260979 20.51963043
v -3.52992105 7.19260979 20.51963043
v -3.45796800 7.16472387 20.70734024
v -3.86887598 7.12275314 20.65560913
v -3.78144598 7.09831381 20.84004974
v -3.78144598 7.09831381 20.84004974
v -3.86887598 7.12275314 20.65560913
v -4.40346813 6.99901581 20.93865013
v -3.78144598 7.09831381 20.84004974
v -4.40346813 6.99901581 20.93865013
v -4.29086399 6.98108912 21.11543083
v -4.90162897 6.86852503 21.29315948
v -4.29086399 6.98108912 21.11543083
v -4.90162897 6.86852503 21.29315948
v -4.76446199 6.85799313 21.45911026
v -5.39295483 6.72517920 21.75716019
v -4.76446199 6.85799313 21.45911026
v -5.39295483 6.72517920 21.75716019
v -5.23017216 6.72339392 21.90716934
v -5.23017216 6.72339392 21.90716934
v -5.39295483 6.72517920 21.75716019
v -5.77884817 6.60218811 22.23806953
v -5.23017216 6.72339392 21.90716934
v -5.77884817 6.60218811 22.23806953
v -5.59469795 6.60845804 22.36969948
v -5.59469795 6.60845804 22.36969948
v -5.77884817 6.60218811 22.23806953
v -5.92563820 6.55296183 22.46080971
v -5.73301077 6.56260777 22.58332062
v -5.73301077 6.56260777 22.58332062
v -5.92563820 6.55296183 22.46080971
v -6.21322489 6.45256376 22.99945068
v -5.73301077 6.56260777 22.58332062
v -6.21322489 6.45256376 22.99945068
v -6.00333691 6.46938181 23.09849930
v -6.00333691 6.46938181 23.09849930
v -6.21322489 6.45256376 22.99945068
v -6.43099689 6.37301588 23.57401085
v -6.00333691 6.46938181 23.09849930
v -6.43099689 6.37301588 23.57401085
v -6.20738316 6.39581013 23.64608955
v -6.20738316 6.39581013 23.64608955
v -6.43099689 6.37301588 23.57401085
v -6.50366879 6.34578896 23.83650970
v -6.27533197 6.37069082 23.89572906
v -6.27533197 6.37069082 23.89572906
v -6.50366879 6.34578896 23.83650970
v -6.61149883 6.30475378 24.43166924
v -6.27533197 6.37069082 23.89572906
v -6.61149883 6.30475378 24.43166924
v -6.37601423 6.33289814 24.46083069
v 2.03473091 7.88776398 19.94619942
v 0.67946589 7.98751783 19.94619942
v 2.01368690 7.69758320 19.98426056
v 2.01368690 7.69758320 19.98426056
v 0.67946589 7.98751783 19.94619942
v 0.67028391 7.73768711 20.01317978
v 2.01368690 7.69758320 19.98426056
v 0.67028391 7.73768711 20.01317978
v 2.00723505 7.63928080 20.01317978
v 0.67946589 7.98751783 19.94619942
v -0.67946589 7.98751783 19.94619942
v -0.67028391 7.73768711 20.01317978
v -0.67028391 7.73768711 20.01317978
v -0.67946589 7.98751783 19.94619942
v -2.03473091 7.88776398 19.94619942
v -0.67028391 7.73768711 20.01317978
v -2.03473091 7.88776398 19.94619942
v -2.01368690 7.69758320 19.98426056
v 0.67028391 7.73768711 20.01317978
v 0.67028391 7.73768711 20.01317978
v -0.67028391 7.73768711 20.01317978
v -0.66356218 7.55479813 20.19619942
v 0.66356218 7.55479813 20.19619942
v 0.66356218 7.55479813 20.19619942
v 0.66110188 7.48785496 20.44619942
v 1.97973895 7.39079809 20.44619942
v 1.97973895 7.39079809 20.44619942
v 1.98392498 7.42862701 20.25485039
v 0.66356218 7.55479813 20.19619942
v 0.66356218 7.55479813 20.19619942
v 1.98392498 7.42862701 20.25485039
v 1.98710597 7.45737791 20.19619942
v 0.66356218 7.55479813 20.19619942
v 1.98710597 7.45737791 20.19619942
v 0.67028391 7.73768711 20.01317978
v 0.67028391 7.73768711 20.01317978
v 1.98710597 7.45737791 20.19619942
v 1.99584603 7.53635502 20.09263992
v 0.67028391 7.73768711 20.01317978
v 1.99584603 7.53635502 20.09263992
v 2.00723505 7.63928080 20.01317978
v -2.01368690 7.69758320 19.98426056
v -2.00723505 7.63928080 20.01317978
v -0.67028391 7.73768711 20.01317978
v -0.67028391 7.73768711 20.01317978
v -2.00723505 7.63928080 20.01317978
v -1.99584603 7.53635502 20.09263992
v -0.67028391 7.73768711 20.01317978
v -1.99584603 7.53635502 20.09263992
v -0.66356218 7.55479813 20.19619942
v -0.66356218 7.55479813 20.19619942
v -1.99584603 7.53635502 20.09263992
v -1.98710597 7.45737791 20.19619942
v -0.66356218 7.55479813 20.19619942
v -1.98710597 7.45737791 20.19619942
v -1.98392498 7.42862701 20.25485039
v 0.66110188 7.48785496 20.44619942
v 0.66356218 7.55479813 20.19619942
v -0.00020771 7.50000000 20.44619942
v -0.00020771 7.50000000 20.44619942
v 0.66356218 7.55479813 20.19619942
v -0.66356218 7.55479813 20.19619942
v -0.00020771 7.50000000 20.44619942
v -0.66356218 7.55479813 20.19619942
v -0.66110188 7.48785496 20.44619942
v -0.66110188 7.48785496 20.44619942
v -0.66356218 7.55479813 20.19619942
v -1.98392498 7.42862701 20.25485039
v -0.66110188 7.48785496 20.44619942
v -1.98392498 7.42862701 20.25485039
v -1.97973895 7.39079809 20.44619942
v 6.83365202 6.38982582 24.40917015
v 6.99173784 6.56868315 24.39846039
v 6.88891315 6.60501814 23.82412910
v 6.85825491 6.86481905 23.50082970
v 6.88891315 6.60501814 23.82412910
v 6.94831705 6.83478689 23.83036041
v 6.94831705 6.83478689 23.83036041
v 6.88891315 6.60501814 23.82412910
v 6.99173784 6.56868315 24.39846039
v 6.94831705 6.83478689 23.83036041
v 6.99173784 6.56868315 24.39846039
v 7.04965305 6.80047798 24.40200043
v 6.66912794 6.92648697 22.98999023
v 6.56677914 6.71512890 22.89385033
v 6.85825491 6.86481905 23.50082970
v 6.85825491 6.86481905 23.50082970
v 6.56677914 6.71512890 22.89385033
v 6.79768085 6.63677406 23.49362946
v 6.85825491 6.86481905 23.50082970
v 6.79768085 6.63677406 23.49362946
v 6.88891315 6.60501814 23.82412910
v 6.66912794 6.92648697 22.98999023
v 6.62972403 6.93909883 22.90130997
v 6.56677914 6.71512890 22.89385033
v 6.56677914 6.71512890 22.89385033
v 6.62972403 6.93909883 22.90130997
v 6.32482719 7.03394508 22.33206940
v 6.56677914 6.71512890 22.89385033
v 6.32482719 7.03394508 22.33206940
v 6.25990915 6.81481886 22.32658958
v 6.25990915 6.81481886 22.32658958
v 6.32482719 7.03394508 22.33206940
v 6.31988192 7.03544378 22.32411957
v 6.25990915 6.81481886 22.32658958
v 6.31988192 7.03544378 22.32411957
v 6.25494194 6.81639099 22.31868935
v 6.25494194 6.81639099 22.31868935
v 6.31988192 7.03544378 22.32411957
v 6.08617592 7.10483694 21.98151970
v 6.25494194 6.81639099 22.31868935
v 6.08617592 7.10483694 21.98151970
v 6.02054214 6.88908911 21.97850990
v 6.02054214 6.88908911 21.97850990
v 6.08617592 7.10483694 21.98151970
v 5.90004921 7.15811205 21.74629974
v 6.02054214 6.88908911 21.97850990
v 5.90004921 7.15811205 21.74629974
v 5.59654188 7.01321077 21.48485947
v 5.90004921 7.15811205 21.74629974
v 5.66193724 7.22371912 21.48253059
v 5.59654188 7.01321077 21.48485947
v 5.59654188 7.01321077 21.48485947
v 5.66193724 7.22371912 21.48253059
v 5.17258883 7.34970093 21.03939056
v 5.59654188 7.01321077 21.48485947
v 5.17258883 7.34970093 21.03939056
v 5.10946178 7.14420986 21.04841042
v 5.10946178 7.14420986 21.04841042
v 5.17258883 7.34970093 21.03939056
v 4.88168812 7.41903305 20.82518005
v 5.10946178 7.14420986 21.04841042
v 4.88168812 7.41903305 20.82518005
v 4.82073879 7.21608305 20.83815002
v 4.82073879 7.21608305 20.83815002
v 4.88168812 7.41903305 20.82518005
v 4.80713081 7.43614197 20.77526093
v 4.82073879 7.21608305 20.83815002
v 4.80713081 7.43614197 20.77526093
v 4.25879908 7.34379387 20.51007080
v 4.25879908 7.34379387 20.51007080
v 4.80713081 7.43614197 20.77526093
v 4.31406879 7.54259014 20.48984909
v 4.25879908 7.34379387 20.51007080
v 4.31406879 7.54259014 20.48984909
v 3.70454907 7.65830183 20.23024940
v 3.48165011 7.69629478 20.15792084
v 3.28681493 7.52732611 20.14528084
v 3.70454907 7.65830183 20.23024940
v 3.70454907 7.65830183 20.23024940
v 3.28681493 7.52732611 20.14528084
v 3.65703106 7.46295118 20.25720024
v 3.70454907 7.65830183 20.23024940
v 3.65703106 7.46295118 20.25720024
v 4.25879908 7.34379387 20.51007080
v 6.37601423 6.33289814 24.46083069
v 6.51634693 6.34100294 23.88917923
v 6.28717899 6.36628008 23.94578934
v 6.28717899 6.36628008 23.94578934
v 6.51634693 6.34100294 23.88917923
v 6.43190002 6.37268019 23.57694054
v 6.28717899 6.36628008 23.94578934
v 6.43190002 6.37268019 23.57694054
v 6.20822811 6.39550018 23.64888000
v 6.20822811 6.39550018 23.64888000
v 6.43190002 6.37268019 23.57694054
v 6.21807623 6.45082521 23.01016045
v 6.20822811 6.39550018 23.64888000
v 6.21807623 6.45082521 23.01016045
v 6.00788879 6.46777201 23.10873032
v 6.00788879 6.46777201 23.10873032
v 6.21807623 6.45082521 23.01016045
v 5.93370199 6.55021811 22.47386932
v 6.00788879 6.46777201 23.10873032
v 5.93370199 6.55021811 22.47386932
v 5.74060392 6.56005478 22.59584045
v 5.74060392 6.56005478 22.59584045
v 5.93370199 6.55021811 22.47386932
v 5.92909813 6.55178499 22.46640015
v 5.74060392 6.56005478 22.59584045
v 5.92909813 6.55178499 22.46640015
v 5.73626804 6.56151295 22.58868027
v 5.73626804 6.56151295 22.58868027
v 5.71173620 6.62424421 22.14466095
v 5.53139400 6.62903118 22.28000069
v 5.53139400 6.62903118 22.28000069
v 5.71173620 6.62424421 22.14466095
v 5.31827307 6.74791718 21.67753029
v 5.53139400 6.62903118 22.28000069
v 5.31827307 6.74791718 21.67753029
v 5.15948820 6.74469995 21.83041000
v 5.15948820 6.74469995 21.83041000
v 5.31827307 6.74791718 21.67753029
v 4.86586809 6.87838602 21.26428032
v 5.15948820 6.74469995 21.83041000
v 4.86586809 6.87838602 21.26428032
v 4.73050690 6.86727715 21.43115044
v 4.73050690 6.86727715 21.43115044
v 4.86586809 6.87838602 21.26428032
v 4.59751892 6.94994307 21.06509972
v 4.47549200 6.93473387 21.23815918
v 4.47549200 6.93473387 21.23815918
v 4.59751892 6.94994307 21.06509972
v 4.07490301 7.07704401 20.75414085
v 4.47549200 6.93473387 21.23815918
v 4.07490301 7.07704401 20.75414085
v 3.97789502 7.05495310 20.93602943
v 3.97789502 7.05495310 20.93602943
v 4.07490301 7.07704401 20.75414085
v 3.51483798 7.19556522 20.51429939
v 3.97789502 7.05495310 20.93602943
v 3.51483798 7.19556522 20.51429939
v 3.44356608 7.16753721 20.70212936
v 3.17010689 7.25956202 20.40806961
v 3.11426401 7.22854614 20.59815025
v 2.62019396 7.45964193 20.13075066
v 2.58372998 7.35296917 20.29273033
v 3.23088288 7.36479807 20.24855995
v 3.23088288 7.36479807 20.24855995
v 2.58372998 7.35296917 20.29273033
v 3.17010689 7.25956202 20.40806961
v 3.23088288 7.36479807 20.24855995
v 3.17010689 7.25956202 20.40806961
v 3.59012389 7.29975319 20.35737991
v 3.51483798 7.19556522 20.51429939
v 3.59012389 7.29975319 20.35737991
v 3.51483798 7.19556522 20.51429939
v 4.17423010 7.17917681 20.60351944
v 4.07490301 7.07704401 20.75414085
v 4.17423010 7.17917681 20.60351944
v 4.07490301 7.07704401 20.75414085
v 4.71996021 7.04972219 20.92324066
v 4.59751892 6.94994307 21.06509972
v 4.71996021 7.04972219 20.92324066
v 4.59751892 6.94994307 21.06509972
v 5.00049686 6.97676992 21.12829971
v 4.86586809 6.87838602 21.26428032
v 5.00049686 6.97676992 21.12829971
v 4.86586809 6.87838602 21.26428032
v 5.47405100 6.84362221 21.55437088
v 5.31827307 6.74791718 21.67753029
v 5.47405100 6.84362221 21.55437088
v 5.31827307 6.74791718 21.67753029
v 5.88664722 6.71723604 22.03684998
v 5.88664722 6.71723604 22.03684998
v 5.31827307 6.74791718 21.67753029
v 5.71173620 6.62424421 22.14466095
v 5.88664722 6.71723604 22.03684998
v 5.71173620 6.62424421 22.14466095
v 6.11493111 6.64310408 22.36967087
v 5.92909813 6.55178499 22.46640015
v 6.11493111 6.64310408 22.36967087
v 5.92909813 6.55178499 22.46640015
v 6.11977005 6.64150000 22.37739944
v 5.93370199 6.55021811 22.47386932
v 6.11977005 6.64150000 22.37739944
v 5.93370199 6.55021811 22.47386932
v 6.41887903 6.53969812 22.93297005
v 6.21807623 6.45082521 23.01016045
v 6.41887903 6.53969812 22.93297005
v 6.21807623 6.45082521 23.01016045
v 6.64415503 6.45955992 23.52103996
v 6.43190002 6.37268019 23.57694054
v 6.64415503 6.45955992 23.52103996
v 6.43190002 6.37268019 23.57694054
v 6.73322296 6.42704916 23.84532928
v 6.51634693 6.34100294 23.88917923
v 6.73322296 6.42704916 23.84532928
v 6.51634693 6.34100294 23.88917923
v 6.61149883 6.30475378 24.43166924
v 6.61149883 6.30475378 24.43166924
v 2.65925002 7.30248308 20.50012016
v 2.58372998 7.35296917 20.29273033
v 2.65925002 7.30248308 20.50012016
v 2.58372998 7.35296917 20.29273033
v 2.55362701 7.31794024 20.48459053
v 3.48165011 7.69629478 20.15792084
v 3.32890797 7.72100592 20.11483955
v 3.28681493 7.52732611 20.14528084
v 3.28681493 7.52732611 20.14528084
v 3.32890797 7.72100592 20.11483955
v 2.68937707 7.81288290 19.98880959
v 3.28681493 7.52732611 20.14528084
v 2.68937707 7.81288290 19.98880959
v 2.65733910 7.62134409 20.02389908
v 2.65733910 7.62134409 20.02389908
v 2.68937707 7.81288290 19.98880959
v 2.03473091 7.88776398 19.94619942
v 2.65733910 7.62134409 20.02389908
v 2.03473091 7.88776398 19.94619942
v 2.01368690 7.69758320 19.98426056
v 2.01368690 7.69758320 19.98426056
v 2.00723505 7.63928080 20.01317978
v 2.65733910 7.62134409 20.02389908
v 2.65733910 7.62134409 20.02389908
v 2.00723505 7.63928080 20.01317978
v 2.62019396 7.45964193 20.13075066
v 2.65733910 7.62134409 20.02389908
v 2.62019396 7.45964193 20.13075066
v 3.28681493 7.52732611 20.14528084
v 3.28681493 7.52732611 20.14528084
v 2.62019396 7.45964193 20.13075066
v 3.23088288 7.36479807 20.24855995
v 3.28681493 7.52732611 20.14528084
v 3.23088288 7.36479807 20.24855995
v 3.65703106 7.46295118 20.25720024
v 3.65703106 7.46295118 20.25720024
v 3.23088288 7.36479807 20.24855995
v 3.59012389 7.29975319 20.35737991
v 3.65703106 7.46295118 20.25720024
v 3.59012389 7.29975319 20.35737991
v 4.25879908 7.34379387 20.51007080
v 4.25879908 7.34379387 20.51007080
v 3.59012389 7.29975319 20.35737991
v 4.17423010 7.17917681 20.60351944
v 4.25879908 7.34379387 20.51007080
v 4.17423010 7.17917681 20.60351944
v 4.82073879 7.21608305 20.83815002
v 4.82073879 7.21608305 20.83815002
v 4.17423010 7.17917681 20.60351944
v 4.71996021 7.04972219 20.92324066
v 4.82073879 7.21608305 20.83815002
v 4.71996021 7.04972219 20.92324066
v 5.10946178 7.14420986 21.04841042
v 5.10946178 7.14420986 21.04841042
v 4.71996021 7.04972219 20.92324066
v 5.00049686 6.97676992 21.12829971
v 5.10946178 7.14420986 21.04841042
v 5.00049686 6.97676992 21.12829971
v 5.59654188 7.01321077 21.48485947
v 5.59654188 7.01321077 21.48485947
v 5.00049686 6.97676992 21.12829971
v 5.47405100 6.84362221 21.55437088
v 5.59654188 7.01321077 21.48485947
v 5.47405100 6.84362221 21.55437088
v 6.02054214 6.88908911 21.97850990
v 6.02054214 6.88908911 21.97850990
v 5.47405100 6.84362221 21.55437088
v 5.88664722 6.71723604 22.03684998
v 6.02054214 6.88908911 21.97850990
v 5.88664722 6.71723604 22.03684998
v 6.25494194 6.81639099 22.31868935
v 6.25494194 6.81639099 22.31868935
v 5.88664722 6.71723604 22.03684998
v 6.11493111 6.64310408 22.36967087
v 6.25494194 6.81639099 22.31868935
v 6.11493111 6.64310408 22.36967087
v 6.25990915 6.81481886 22.32658958
v 6.25990915 6.81481886 22.32658958
v 6.11493111 6.64310408 22.36967087
v 6.11977005 6.64150000 22.37739944
v 6.25990915 6.81481886 22.32658958
v 6.11977005 6.64150000 22.37739944
v 6.56677914 6.71512890 22.89385033
v 6.56677914 6.71512890 22.89385033
v 6.11977005 6.64150000 22.37739944
v 6.41887903 6.53969812 22.93297005
v 6.56677914 6.71512890 22.89385033
v 6.41887903 6.53969812 22.93297005
v 6.79768085 6.63677406 23.49362946
v 6.79768085 6.63677406 23.49362946
v 6.41887903 6.53969812 22.93297005
v 6.64415503 6.45955992 23.52103996
v 6.79768085 6.63677406 23.49362946
v 6.64415503 6.45955992 23.52103996
v 6.88891315 6.60501814 23.82412910
v 6.88891315 6.60501814 23.82412910
v 6.64415503 6.45955992 23.52103996
v 6.73322296 6.42704916 23.84532928
v 6.73322296 6.42704916 23.84532928
v 6.83365202 6.38982582 24.40917015
v 1.97973895 7.39079809 20.44619942
v 1.98392498 7.42862701 20.25485039
v 1.98392498 7.42862701 20.25485039
v 2.58372998 7.35296917 20.29273033
v 1.98710597 7.45737791 20.19619942
v 1.98710597 7.45737791 20.19619942
v 2.58372998 7.35296917 20.29273033
v 2.62019396 7.45964193 20.13075066
v 1.98710597 7.45737791 20.19619942
v 2.62019396 7.45964193 20.13075066
v 1.99584603 7.53635502 20.09263992
v 1.99584603 7.53635502 20.09263992
v 2.62019396 7.45964193 20.13075066
v 2.00723505 7.63928080 20.01317978
v 7.36325979 6.35580587 27.81421089
v 7.31501007 6.44025421 27.13607979
v 7.15412378 6.26084423 27.14662933
v 7.31501007 6.44025421 27.13607979
v 7.36325979 6.35580587 27.81421089
v 7.33102894 6.49115992 27.08085060
v 6.92887211 6.17760897 27.16937065
v 7.19837523 6.08308506 29.20047951
v 7.21362686 6.08955383 29.14900017
v 7.00124979 6.08259678 29.88433075
v 7.00324583 6.08175802 29.87961960
v 6.69167900 6.20991993 27.19901085
v 6.69167900 6.20991993 27.19901085
v 7.00324583 6.08175802 29.87961960
v 7.08384895 6.06370878 29.58757019
v 6.69167900 6.20991993 27.19901085
v 7.08384895 6.06370878 29.58757019
v 6.92887211 6.17760897 27.16937065
v 6.92887211 6.17760897 27.16937065
v 7.08384895 6.06370878 29.58757019
v 7.17314482 6.07457304 29.28330040
v 6.92887211 6.17760897 27.16937065
v 7.17314482 6.07457304 29.28330040
v 7.19837523 6.08308506 29.20047951
v 7.04965305 6.80047798 24.40200043
v 6.99173784 6.56868315 24.39846039
v 7.18210411 6.74972582 25.51988029
v 7.18210411 6.74972582 25.51988029
v 6.99173784 6.56868315 24.39846039
v 7.30013514 6.55194378 26.69400024
v 7.21362686 6.08955383 29.14900017
v 7.30397701 6.16201591 28.72640991
v 6.92887211 6.17760897 27.16937065
v 6.92887211 6.17760897 27.16937065
v 7.30397701 6.16201591 28.72640991
v 7.32428694 6.19244385 28.57712936
v 6.92887211 6.17760897 27.16937065
v 7.32428694 6.19244385 28.57712936
v 7.15412378 6.26084423 27.14662933
v 7.15412378 6.26084423 27.14662933
v 7.32428694 6.19244385 28.57712936
v 7.35249615 6.26152277 28.25447083
v 7.15412378 6.26084423 27.14662933
v 7.35249615 6.26152277 28.25447083
v 7.36325979 6.35580587 27.81421089
v 7.33102894 6.49115992 27.08085060
v 7.30013514 6.55194378 26.69400024
v 7.31501007 6.44025421 27.13607979
v 7.31501007 6.44025421 27.13607979
v 7.30013514 6.55194378 26.69400024
v 6.99173784 6.56868315 24.39846039
v 7.31501007 6.44025421 27.13607979
v 6.99173784 6.56868315 24.39846039
v 7.15412378 6.26084423 27.14662933
v 7.15412378 6.26084423 27.14662933
v 6.99173784 6.56868315 24.39846039
v 6.83365202 6.38982582 24.40917015
v 7.15412378 6.26084423 27.14662933
v 6.83365202 6.38982582 24.40917015
v 6.92887211 6.17760897 27.16937065
v 6.92887211 6.17760897 27.16937065
v 6.83365202 6.38982582 24.40917015
v 6.61149883 6.30475378 24.43166924
v 6.92887211 6.17760897 27.16937065
v 6.61149883 6.30475378 24.43166924
v 6.69167900 6.20991993 27.19901085
v 6.69167900 6.20991993 27.19901085
v 6.61149883 6.30475378 24.43166924
v 6.37601423 6.33289814 24.46083069
v -7.26589823 6.04271603 29.27339935
v -7.28545713 6.04519606 29.22929955
v -7.32954884 5.96225691 29.33712959
v -7.32954884 5.96225691 29.33712959
v -7.28545713 6.04519606 29.22929955
v -7.34538412 5.95709896 29.30953026
v -7.32954884 5.96225691 29.33712959
v -7.32113218 5.96581507 29.34832954
v -7.26589823 6.04271603 29.27339935
v -7.26589823 6.04271603 29.27339935
v -7.32113218 5.96581507 29.34832954
v -7.31173182 5.97002316 29.35975075
v -7.26589823 6.04271603 29.27339935
v -7.31173182 5.97002316 29.35975075
v -7.17741394 6.04085398 29.47492981
v -7.17741394 6.04085398 29.47492981
v -7.31173182 5.97002316 29.35975075
v -7.14385796 6.04406595 29.55205917
v -7.00124979 6.08259678 29.88433075
v -7.00259590 6.08203316 29.87936020
v -7.31438398 5.96723986 29.36338043
v -7.31438398 5.96723986 29.36338043
v -7.00259590 6.08203316 29.87936020
v -7.05706406 6.06251287 29.75329971
v -7.31438398 5.96723986 29.36338043
v -7.05706406 6.06251287 29.75329971
v -7.12195015 6.04732704 29.60261917
v -7.32954884 5.96225691 29.33712959
v -7.32218409 5.96467209 29.34989929
v -7.32113218 5.96581507 29.34832954
v -7.31438398 5.96723986 29.36338043
v -7.32113218 5.96581507 29.34832954
v -7.31438398 5.96723986 29.36338043
v -7.31173182 5.97002316 29.35975075
v -7.31173182 5.97002316 29.35975075
v -7.31438398 5.96723986 29.36338043
v -7.12195015 6.04732704 29.60261917
v -7.31173182 5.97002316 29.35975075
v -7.12195015 6.04732704 29.60261917
v -7.14385796 6.04406595 29.55205917
v -7.68606901 5.85730791 28.64813995
v -7.47208595 5.91746902 29.08075905
v -7.43580294 5.97614288 29.03395081
v -7.43580294 5.97614288 29.03395081
v -7.47208595 5.91746902 29.08075905
v -7.34538412 5.95709896 29.30953026
v -7.43580294 5.97614288 29.03395081
v -7.34538412 5.95709896 29.30953026
v -7.29510307 6.04081821 29.21742058
v -7.29510307 6.04081821 29.21742058
v -7.34538412 5.95709896 29.30953026
v -7.28545713 6.04519606 29.22929955
v -7.63149405 5.56063414 29.34526062
v -7.61192894 5.42624092 29.58288002
v -7.54115009 5.29345083 30.00233078
v -7.54115009 5.29345083 30.00233078
v -7.61192894 5.42624092 29.58288002
v -7.55603886 5.13479185 30.03273964
v -7.59420490 5.00000000 30.05286980
v -7.55603886 5.13479185 30.03273964
v -7.63767481 5.00000000 29.97365952
v -7.63767481 5.00000000 29.97365952
v -7.55603886 5.13479185 30.03273964
v -7.61192894 5.42624092 29.58288002
v -7.63767481 5.00000000 29.97365952
v -7.61192894 5.42624092 29.58288002
v -7.68965006 5.31709099 29.51593971
v -7.68965006 5.31709099 29.51593971
v -7.61192894 5.42624092 29.58288002
v -7.63149405 5.56063414 29.34526062
v -7.68965006 5.31709099 29.51593971
v -7.63149405 5.56063414 29.34526062
v -7.70049000 5.71263123 28.89135933
v -7.70049000 5.71263123 28.89135933
v -7.63149405 5.56063414 29.34526062
v -7.68606901 5.85730791 28.64813995
v 7.59930086 5.45384502 29.60161972
v 7.54114914 5.29344606 30.00234032
v 7.55603504 5.13478804 30.03274918
v 7.59419918 5.00000000 30.05287933
v 7.63767481 5.00000000 29.97365952
v 7.55603504 5.13478804 30.03274918
v 7.55603504 5.13478804 30.03274918
v 7.63767481 5.00000000 29.97365952
v 7.61196613 5.42664385 29.58230019
v 7.55603504 5.13478804 30.03274918
v 7.61196613 5.42664385 29.58230019
v 7.59930086 5.45384502 29.60161972
v 7.59930086 5.45384502 29.60161972
v 7.61196613 5.42664385 29.58230019
v 7.61274815 5.43513680 29.56996918
v 7.59930086 5.45384502 29.60161972
v 7.61274815 5.43513680 29.56996918
v 7.60120010 5.45965385 29.58753967
v 7.61560678 5.46898985 29.52059937
v 7.60120010 5.45965385 29.58753967
v 7.61560678 5.46898985 29.52059937
v 7.60865784 5.48296881 29.53117943
v 7.68606901 5.85730791 28.64813995
v 7.63164806 5.56119680 29.34391022
v 7.70264578 5.48915005 29.25153923
v 7.70264578 5.48915005 29.25153923
v 7.63164806 5.56119680 29.34391022
v 7.62109184 5.52391100 29.43285942
v 7.70264578 5.48915005 29.25153923
v 7.62109184 5.52391100 29.43285942
v 7.69387293 5.35879087 29.45289040
v 7.63767481 5.00000000 29.97365952
v 7.68969297 5.31748199 29.51535034
v 7.61196613 5.42664385 29.58230019
v 7.61196613 5.42664385 29.58230019
v 7.68969297 5.31748199 29.51535034
v 7.69058323 5.32576609 29.50288010
v 7.61274815 5.43513680 29.56996918
v 7.61274815 5.43513680 29.56996918
v 7.69058323 5.32576609 29.50288010
v 7.69387293 5.35879087 29.45289040
v 7.61560678 5.46898985 29.52059937
v 7.61560678 5.46898985 29.52059937
v 7.69387293 5.35879087 29.45289040
v 7.62109184 5.52391100 29.43285942
v 7.62109184 5.52391100 29.43285942
v 7.00124979 6.08259678 29.88433075
v 7.14532995 6.02610207 29.64709091
v 7.00324583 6.08175802 29.87961960
v 7.00324583 6.08175802 29.87961960
v 7.14532995 6.02610207 29.64709091
v 7.12225580 6.04727507 29.60190964
v 7.12225580 6.04727507 29.60190964
v 7.14532995 6.02610207 29.64709091
v 7.14361477 6.04409695 29.55261993
v 7.14361477 6.04409695 29.55261993
v 7.14532995 6.02610207 29.64709091
v 7.26349115 5.99151516 29.41720963
v 7.14361477 6.04409695 29.55261993
v 7.26349115 5.99151516 29.41720963
v 7.22546816 6.03998995 29.36511993
v 7.22546816 6.03998995 29.36511993
v 7.26349115 5.99151516 29.41720963
v 7.30157995 5.97455978 29.37199974
v 7.22546816 6.03998995 29.36511993
v 7.30157995 5.97455978 29.37199974
v 7.25209999 6.04142523 29.30462074
v 7.25209999 6.04142523 29.30462074
v 7.30157995 5.97455978 29.37199974
v 7.31101704 5.97034311 29.36062050
v 7.25209999 6.04142523 29.30462074
v 7.31101704 5.97034311 29.36062050
v 7.25875378 6.04199982 29.28956032
v 7.68606901 5.85730791 28.64813995
v 7.59181118 5.90264082 28.80415916
v 7.34609318 5.95686913 29.30829048
v 7.34609318 5.95686913 29.30829048
v 7.59181118 5.90264082 28.80415916
v 7.28545713 6.04519606 29.22929955
v 7.34609318 5.95686913 29.30829048
v 7.28545713 6.04519606 29.22929955
v 7.32988501 5.96214581 29.33654022
v 7.14532995 6.02610207 29.64709091
v 7.27442694 5.98058987 29.43180084
v 7.26349115 5.99151516 29.41720963
v 7.26349115 5.99151516 29.41720963
v 7.27442694 5.98058987 29.43180084
v 7.30595016 5.97003222 29.37791061
v 7.26349115 5.99151516 29.41720963
v 7.30595016 5.97003222 29.37791061
v 7.30157995 5.97455978 29.37199974
v 7.30157995 5.97455978 29.37199974
v 7.30595016 5.97003222 29.37791061
v 7.31377506 5.96744204 29.36442947
v 7.30157995 5.97455978 29.37199974
v 7.31377506 5.96744204 29.36442947
v 7.31101704 5.97034311 29.36062050
v 7.31101704 5.97034311 29.36062050
v 7.31377506 5.96744204 29.36442947
v 7.32988501 5.96214581 29.33654022
v 7.31101704 5.97034311 29.36062050
v 7.32988501 5.96214581 29.33654022
v 7.25875378 6.04199982 29.28956032
v 7.25875378 6.04199982 29.28956032
v 7.32988501 5.96214581 29.33654022
v 7.28545713 6.04519606 29.22929955
v -7.44632196 5.72320414 30.27585030
v -7.44273901 5.72982121 30.29467010
v -7.43957376 5.73596621 30.29335976
v -7.51039410 5.57794905 29.99975014
v -7.49473381 5.62711716 30.03447914
v -7.47890282 5.67793703 29.98774910
v -7.47890282 5.67793703 29.98774910
v -7.49473381 5.62711716 30.03447914
v -7.49417019 5.62862921 30.03630066
v -7.47890282 5.67793703 29.98774910
v -7.49417019 5.62862921 30.03630066
v -7.42107105 5.78841686 29.97043991
v -7.42107105 5.78841686 29.97043991
v -7.49417019 5.62862921 30.03630066
v -7.48321486 5.65302515 30.07765007
v -7.48321486 5.65302515 30.07765007
v -7.47695208 5.66503716 30.10433006
v -7.42107105 5.78841686 29.97043991
v -7.45992184 5.69738007 30.19445992
v -7.44632196 5.72320414 30.27585030
v -7.44632196 5.72320414 30.27585030
v -7.43957376 5.73596621 30.29335976
v -7.42107105 5.78841686 29.97043991
v -7.42107105 5.78841686 29.97043991
v -7.43957376 5.73596621 30.29335976
v -7.33496809 5.87723923 30.59744072
v -7.42107105 5.78841686 29.97043991
v -7.33496809 5.87723923 30.59744072
v -7.30275297 5.91768122 29.94179916
v -7.30275297 5.91768122 29.94179916
v -7.33496809 5.87723923 30.59744072
v -6.93186903 6.11171913 30.58502007
v -7.30275297 5.91768122 29.94179916
v -6.93186903 6.11171913 30.58502007
v -7.00124979 6.08259678 29.88433075
v -7.44115782 5.73276091 30.30261993
v -7.43957376 5.73596621 30.29335976
v -7.44115782 5.73276091 30.30261993
v -7.35175085 5.86063719 30.59836960
v -7.43957376 5.73596621 30.29335976
v -7.35175085 5.86063719 30.59836960
v -7.33496809 5.87723923 30.59744072
v -7.33496809 5.87723923 30.59744072
v -7.35175085 5.86063719 30.59836960
v -7.34435797 5.86857700 30.61630058
v -7.33496809 5.87723923 30.59744072
v -7.34435797 5.86857700 30.61630058
v -6.93186903 6.11171913 30.58502007
v -6.93186903 6.11171913 30.58502007
v -7.34435797 5.86857700 30.61630058
v -7.16462183 6.00471401 30.96471977
v -6.93186903 6.11171913 30.58502007
v -7.16462183 6.00471401 30.96471977
v -6.98244190 6.09052706 31.29162979
v -7.00124979 6.08259678 29.88433075
v -7.31438398 5.96723986 29.36338043
v -7.42689419 5.88882208 29.32579994
v -7.42689419 5.88882208 29.32579994
v -7.31438398 5.96723986 29.36338043
v -7.32218409 5.96467209 29.34989929
v -7.32954884 5.96225691 29.33712959
v -7.52338219 5.51860094 29.99699020
v -7.51039410 5.57794905 29.99975014
v -7.59189320 5.65635204 29.35313034
v -7.59189320 5.65635204 29.35313034
v -7.51039410 5.57794905 29.99975014
v -7.47890282 5.67793703 29.98774910
v -7.59189320 5.65635204 29.35313034
v -7.47890282 5.67793703 29.98774910
v -7.52182722 5.78179693 29.34310913
v -7.52182722 5.78179693 29.34310913
v -7.47890282 5.67793703 29.98774910
v -7.42107105 5.78841686 29.97043991
v -7.52182722 5.78179693 29.34310913
v -7.42107105 5.78841686 29.97043991
v -7.42689419 5.88882208 29.32579994
v -7.42689419 5.88882208 29.32579994
v -7.42107105 5.78841686 29.97043991
v -7.30275297 5.91768122 29.94179916
v -7.42689419 5.88882208 29.32579994
v -7.30275297 5.91768122 29.94179916
v -7.00124979 6.08259678 29.88433075
v -7.54115009 5.29345083 30.00233078
v -7.52338219 5.51860094 29.99699020
v -7.63149405 5.56063414 29.34526062
v -7.63149405 5.56063414 29.34526062
v -7.52338219 5.51860094 29.99699020
v -7.59189320 5.65635204 29.35313034
v -7.63149405 5.56063414 29.34526062
v -7.59189320 5.65635204 29.35313034
v -7.68606901 5.85730791 28.64813995
v -7.52182722 5.78179693 29.34310913
v -7.68606901 5.85730791 28.64813995
v -7.59189320 5.65635204 29.35313034
v -7.34538412 5.95709896 29.30953026
v -7.47208595 5.91746902 29.08075905
v -7.42689419 5.88882208 29.32579994
v -7.47208595 5.91746902 29.08075905
v -7.52182722 5.78179693 29.34310913
v -7.52182722 5.78179693 29.34310913
v -7.47208595 5.91746902 29.08075905
v -7.68606901 5.85730791 28.64813995
v 7.08936214 6.04554319 29.89534950
v 6.93186188 6.11172104 30.58539009
v 7.38194180 5.84016180 29.95836067
v 7.30299187 5.91756821 29.93981934
v 7.33506012 5.87713718 30.59682083
v 7.49052191 5.63773203 30.04902077
v 7.51041985 5.57812977 29.99901009
v 7.43228006 5.77119207 29.97155952
v 7.49052191 5.63773203 30.04902077
v 7.43228006 5.77119207 29.97155952
v 7.46094608 5.69514990 30.18778992
v 7.43228006 5.77119207 29.97155952
v 7.39079905 5.81315804 30.49243927
v 7.43964481 5.73585606 30.29203033
v 7.43964481 5.73585606 30.29203033
v 7.39079905 5.81315804 30.49243927
v 7.44638300 5.72322798 30.27556992
v 7.43964481 5.73585606 30.29203033
v 7.44638300 5.72322798 30.27556992
v 7.43228006 5.77119207 29.97155952
v 7.44638300 5.72322798 30.27556992
v 7.45992804 5.69736290 30.19449043
v 7.43228006 5.77119207 29.97155952
v 7.45992804 5.69736290 30.19449043
v 7.46094608 5.69514990 30.18778992
v 7.43228006 5.77119207 29.97155952
v 7.38194180 5.84016180 29.95836067
v 7.39079905 5.81315804 30.49243927
v 7.39079905 5.81315804 30.49243927
v 7.38194180 5.84016180 29.95836067
v 7.33506012 5.87713718 30.59682083
v 7.39079905 5.81315804 30.49243927
v 7.33506012 5.87713718 30.59682083
v 7.22220516 5.96967506 30.86247063
v 7.22220516 5.96967506 30.86247063
v 7.33506012 5.87713718 30.59682083
v 7.21745300 5.97279310 30.87105942
v 7.30299187 5.91756821 29.93981934
v 7.08936214 6.04554319 29.89534950
v 7.33506012 5.87713718 30.59682083
v 7.33506012 5.87713718 30.59682083
v 7.08936214 6.04554319 29.89534950
v 6.93186188 6.11172104 30.58539009
v 7.33506012 5.87713718 30.59682083
v 6.93186188 6.11172104 30.58539009
v 7.21745300 5.97279310 30.87105942
v 7.21745300 5.97279310 30.87105942
v 6.93186188 6.11172104 30.58539009
v 6.98265314 6.09043694 31.29217911
v 7.59207821 5.65670300 29.35174942
v 7.63164806 5.56119680 29.34391022
v 7.68606901 5.85730791 28.64813995
v 7.30299187 5.91756821 29.93981934
v 7.38194180 5.84016180 29.95836067
v 7.42739916 5.88869476 29.32449913
v 7.51041985 5.57812977 29.99901009
v 7.52447414 5.51267385 29.99670029
v 7.59207821 5.65670300 29.35174942
v 7.52447414 5.51267385 29.99670029
v 7.54114914 5.29344606 30.00234032
v 7.59930086 5.45384502 29.60161972
v 7.59930086 5.45384502 29.60161972
v 7.60120010 5.45965385 29.58753967
v 7.52447414 5.51267385 29.99670029
v 7.60865784 5.48296881 29.53117943
v 7.52447414 5.51267385 29.99670029
v 7.60865784 5.48296881 29.53117943
v 7.59207821 5.65670300 29.35174942
v 7.59207821 5.65670300 29.35174942
v 7.60865784 5.48296881 29.53117943
v 7.62109184 5.52391100 29.43285942
v 7.59207821 5.65670300 29.35174942
v 7.62109184 5.52391100 29.43285942
v 7.63164806 5.56119680 29.34391022
v 7.38194180 5.84016180 29.95836067
v 7.43228006 5.77119207 29.97155952
v 7.52211905 5.78187180 29.34174919
v 7.52211905 5.78187180 29.34174919
v 7.43228006 5.77119207 29.97155952
v 7.51041985 5.57812977 29.99901009
v 7.14532995 6.02610207 29.64709091
v 7.00124979 6.08259678 29.88433075
v 7.08936214 6.04554319 29.89534950
v 7.14532995 6.02610207 29.64709091
v 7.08936214 6.04554319 29.89534950
v 7.27442694 5.98058987 29.43180084
v 7.27442694 5.98058987 29.43180084
v 7.08936214 6.04554319 29.89534950
v 7.30299187 5.91756821 29.93981934
v 7.27442694 5.98058987 29.43180084
v 7.30299187 5.91756821 29.93981934
v 7.30595016 5.97003222 29.37791061
v 7.30595016 5.97003222 29.37791061
v 7.30299187 5.91756821 29.93981934
v 7.42739916 5.88869476 29.32449913
v 7.30595016 5.97003222 29.37791061
v 7.42739916 5.88869476 29.32449913
v 7.31377506 5.96744204 29.36442947
v 7.68606901 5.85730791 28.64813995
v 7.34609318 5.95686913 29.30829048
v 7.42739916 5.88869476 29.32449913
v 7.34609318 5.95686913 29.30829048
v 7.32988501 5.96214581 29.33654022
v 7.31377506 5.96744204 29.36442947
v 7.38194180 5.84016180 29.95836067
v 7.52211905 5.78187180 29.34174919
v 7.42739916 5.88869476 29.32449913
v 7.42739916 5.88869476 29.32449913
v 7.52211905 5.78187180 29.34174919
v 7.68606901 5.85730791 28.64813995
v 7.51041985 5.57812977 29.99901009
v 7.59207821 5.65670300 29.35174942
v 7.52211905 5.78187180 29.34174919
v 7.52211905 5.78187180 29.34174919
v 7.59207821 5.65670300 29.35174942
v 7.68606901 5.85730791 28.64813995
v 7.43339396 5.00000000 30.23324966
v 7.43674803 5.00000000 30.23097992
v 7.41851997 5.07242298 30.23600960
v 7.25784206 5.22780991 30.38100052
v 7.22435284 5.21782684 30.42341042
v 7.22354221 5.16251183 30.42450905
v 7.39165115 5.28800297 30.25359917
v 7.25784206 5.22780991 30.38100052
v 7.39309406 5.26267576 30.25128937
v 7.39309406 5.26267576 30.25128937
v 7.25784206 5.22780991 30.38100052
v 7.40747309 5.13134384 30.24041939
v 7.25784206 5.22780991 30.38100052
v 7.22354221 5.16251183 30.42450905
v 7.40747309 5.13134384 30.24041939
v 7.40747309 5.13134384 30.24041939
v 7.22354221 5.16251183 30.42450905
v 7.22256279 5.14987421 30.42583084
v 7.40747309 5.13134384 30.24041939
v 7.22256279 5.14987421 30.42583084
v 7.41851997 5.07242298 30.23600960
v 7.43339396 5.00000000 30.23324966
v 7.41851997 5.07242298 30.23600960
v 7.40055418 5.00000000 30.25667000
v 7.41851997 5.07242298 30.23600960
v 7.22256279 5.14987421 30.42583084
v 7.40055418 5.00000000 30.25667000
v 7.40055418 5.00000000 30.25667000
v 7.22256279 5.14987421 30.42583084
v 7.20798779 5.05894804 30.44543076
v 7.40055418 5.00000000 30.25667000
v 7.20798779 5.05894804 30.44543076
v 7.28156996 5.00000000 30.36141014
v 7.28156996 5.00000000 30.36141014
v 7.20798779 5.05894804 30.44543076
v 7.20266581 5.03529119 30.45256042
v 7.28156996 5.00000000 30.36141014
v 7.20266581 5.03529119 30.45256042
v 7.19431019 5.00000000 30.46372986
v -7.19426584 5.00000000 30.46373940
v -7.20253897 5.03494310 30.45269012
v -7.27610683 5.00000000 30.36705971
v -7.40747213 5.13125610 30.24040985
v -7.34921885 5.26546001 30.28790092
v -7.39307690 5.26267910 30.25128937
v -7.39307690 5.26267910 30.25128937
v -7.34921885 5.26546001 30.28790092
v -7.39163780 5.28795385 30.25358963
v -7.41850519 5.07242107 30.23600006
v -7.43673182 5.00000000 30.23097992
v -7.27610683 5.00000000 30.36705971
v -7.20790482 5.05879021 30.44548988
v -7.22250319 5.14981413 30.42585945
v -7.27610683 5.00000000 30.36705971
v -7.22250319 5.14981413 30.42585945
v -7.41850519 5.07242107 30.23600006
v -7.41850519 5.07242107 30.23600006
v -7.22250319 5.14981413 30.42585945
v -7.22348404 5.16246223 30.42453957
v -7.41850519 5.07242107 30.23600006
v -7.22348404 5.16246223 30.42453957
v -7.40747213 5.13125610 30.24040985
v -7.40747213 5.13125610 30.24040985
v -7.22348404 5.16246223 30.42453957
v -7.22429895 5.21777916 30.42344093
v -7.40747213 5.13125610 30.24040985
v -7.22429895 5.21777916 30.42344093
v -7.34921885 5.26546001 30.28790092
v -7.50135422 5.59738398 30.03577042
v -7.51039410 5.57794905 29.99975014
v -7.49446487 5.59103918 30.07700920
v -7.49446487 5.59103918 30.07700920
v -7.51039410 5.57794905 29.99975014
v -7.52338219 5.51860094 29.99699020
v -7.49446487 5.59103918 30.07700920
v -7.52338219 5.51860094 29.99699020
v -7.48630524 5.56240702 30.12052917
v -7.48630524 5.56240702 30.12052917
v -7.52338219 5.51860094 29.99699020
v -7.48191690 5.46815920 30.15320015
v -7.48630524 5.56240702 30.12052917
v -7.48191690 5.46815920 30.15320015
v -7.46280813 5.47607994 30.18445969
v -7.46280813 5.47607994 30.18445969
v -7.48191690 5.46815920 30.15320015
v -7.44682407 5.42894697 30.20739937
v -7.49070311 5.27828217 30.14085960
v -7.39307690 5.26267910 30.25128937
v -7.39163780 5.28795385 30.25358963
v -7.39163780 5.28795385 30.25358963
v -7.44682407 5.42894697 30.20739937
v -7.49070311 5.27828217 30.14085960
v -7.49070311 5.27828217 30.14085960
v -7.44682407 5.42894697 30.20739937
v -7.48191690 5.46815920 30.15320015
v -7.49070311 5.27828217 30.14085960
v -7.48191690 5.46815920 30.15320015
v -7.54115009 5.29345083 30.00233078
v -7.54115009 5.29345083 30.00233078
v -7.48191690 5.46815920 30.15320015
v -7.52338219 5.51860094 29.99699020
v -7.49070311 5.27828217 30.14085960
v -7.54115009 5.29345083 30.00233078
v -7.55603886 5.13479185 30.03273964
v -7.50231123 5.00000000 30.17765999
v -7.43673182 5.00000000 30.23097992
v -7.50364685 5.10674477 30.14640999
v -7.50364685 5.10674477 30.14640999
v -7.43673182 5.00000000 30.23097992
v -7.41850519 5.07242107 30.23600006
v -7.50364685 5.10674477 30.14640999
v -7.59420490 5.00000000 30.05286980
v -7.50231123 5.00000000 30.17765999
v -7.55603886 5.13479185 30.03273964
v -7.55603886 5.13479185 30.03273964
v -7.50231123 5.00000000 30.17765999
v -7.50364685 5.10674477 30.14640999
v -7.55603886 5.13479185 30.03273964
v -7.50364685 5.10674477 30.14640999
v -7.49070311 5.27828217 30.14085960
v -7.49070311 5.27828217 30.14085960
v -7.49070311 5.27828217 30.14085960
v -7.40747213 5.13125610 30.24040985
v -7.39307690 5.26267910 30.25128937
v 7.50365114 5.10674286 30.14641953
v 7.50365114 5.10674286 30.14641953
v 7.59419918 5.00000000 30.05287933
v 7.50365114 5.10674286 30.14641953
v 7.55270100 5.00000000 30.12014008
v 7.55270100 5.00000000 30.12014008
v 7.50365114 5.10674286 30.14641953
v 7.41851997 5.07242298 30.23600960
v 7.55270100 5.00000000 30.12014008
v 7.41851997 5.07242298 30.23600960
v 7.43674803 5.00000000 30.23097992
v 7.55603504 5.13478804 30.03274918
v 7.54114914 5.29344606 30.00234032
v 7.50365114 5.10674286 30.14641953
v 7.50365114 5.10674286 30.14641953
v 7.54114914 5.29344606 30.00234032
v 7.49070597 5.27827501 30.14086914
v 7.49070597 5.27827501 30.14086914
v 7.40747309 5.13134384 30.24041939
v 7.49070597 5.27827501 30.14086914
v 7.39309406 5.26267576 30.25128937
v 7.52447414 5.51267385 29.99670029
v 7.39165115 5.28800297 30.25359917
v 7.39309406 5.26267576 30.25128937
v 7.49070597 5.27827501 30.14086914
v 7.49448299 5.59103823 30.07699013
v 7.48632193 5.56240988 30.12051964
v 7.48256397 5.46347094 30.15253067
v 7.48256397 5.46347094 30.15253067
v 7.48632193 5.56240988 30.12051964
v 7.46282101 5.47610807 30.18445969
v 7.48256397 5.46347094 30.15253067
v 7.46282101 5.47610807 30.18445969
v 7.44683695 5.42898989 30.20739937
v 7.52447414 5.51267385 29.99670029
v 7.51041985 5.57812977 29.99901009
v 7.50137281 5.59738016 30.03574944
v 7.50137281 5.59738016 30.03574944
v 7.49448299 5.59103823 30.07699013
v 7.52447414 5.51267385 29.99670029
v 7.52447414 5.51267385 29.99670029
v 7.49448299 5.59103823 30.07699013
v 7.48256397 5.46347094 30.15253067
v 7.52447414 5.51267385 29.99670029
v 7.48256397 5.46347094 30.15253067
v 7.49070597 5.27827501 30.14086914
v 7.49070597 5.27827501 30.14086914
v 7.48256397 5.46347094 30.15253067
v 7.44683695 5.42898989 30.20739937
v 7.49070597 5.27827501 30.14086914
v 7.44683695 5.42898989 30.20739937
v 7.39165115 5.28800297 30.25359917
v 7.49052191 5.63773203 30.04902077
v 7.50137281 5.59738016 30.03574944
v 7.51041985 5.57812977 29.99901009
v 7.46094608 5.69514990 30.18778992
v 7.47954321 5.64964199 30.09844971
v 7.49052191 5.63773203 30.04902077
v 7.46094608 5.69514990 30.18778992
v 7.45992804 5.69736290 30.19449043
v 7.45666790 5.69371891 30.21089935
v 7.47954321 5.64964199 30.09844971
v 7.46094608 5.69514990 30.18778992
v 7.46512890 5.62785912 30.16391945
v 7.50137281 5.59738016 30.03574944
v 7.49052191 5.63773203 30.04902077
v 7.49448299 5.59103823 30.07699013
v 7.46094608 5.69514990 30.18778992
v 7.45666790 5.69371891 30.21089935
v 7.46512890 5.62785912 30.16391945
v 7.46512890 5.62785912 30.16391945
v 7.45666790 5.69371891 30.21089935
v 7.41863918 5.65101910 30.35177040
v 7.46512890 5.62785912 30.16391945
v 7.41863918 5.65101910 30.35177040
v 7.42676020 5.56578684 30.26210022
v 7.42676020 5.56578684 30.26210022
v 7.41863918 5.65101910 30.35177040
v 7.39705896 5.63066578 30.40719986
v 7.42676020 5.56578684 30.26210022
v 7.39705896 5.63066578 30.40719986
v 7.40351391 5.53456593 30.29792023
v 7.40351391 5.53456593 30.29792023
v 7.39705896 5.63066578 30.40719986
v 7.33336020 5.58633900 30.52882004
v 7.40351391 5.53456593 30.29792023
v 7.33336020 5.58633900 30.52882004
v 7.33003616 5.45359802 30.36652946
v 7.49052191 5.63773203 30.04902077
v 7.47954321 5.64964199 30.09844971
v 7.49448299 5.59103823 30.07699013
v 7.49448299 5.59103823 30.07699013
v 7.47954321 5.64964199 30.09844971
v 7.46512890 5.62785912 30.16391945
v 7.49448299 5.59103823 30.07699013
v 7.46512890 5.62785912 30.16391945
v 7.48632193 5.56240988 30.12051964
v 7.48632193 5.56240988 30.12051964
v 7.46512890 5.62785912 30.16391945
v 7.42676020 5.56578684 30.26210022
v 7.46282101 5.47610807 30.18445969
v 7.46282101 5.47610807 30.18445969
v 7.42676020 5.56578684 30.26210022
v 7.40351391 5.53456593 30.29792023
v 7.46282101 5.47610807 30.18445969
v 7.40351391 5.53456593 30.29792023
v 7.44683695 5.42898989 30.20739937
v 7.44683695 5.42898989 30.20739937
v 7.40351391 5.53456593 30.29792023
v 7.33003616 5.45359802 30.36652946
v 7.44683695 5.42898989 30.20739937
v 7.33003616 5.45359802 30.36652946
v 7.39165115 5.28800297 30.25359917
v 7.24790096 5.41861391 30.46109009
v 7.30542421 5.57623291 30.58260918
v 7.29761600 5.57500505 30.60057068
v 7.29761600 5.57500505 30.60057068
v 7.25408411 5.50022316 30.54258919
v 7.24790096 5.41861391 30.46109009
v 7.24790096 5.41861391 30.46109009
v 7.25408411 5.50022316 30.54258919
v 7.22669601 5.41318703 30.49234962
v 7.24790096 5.41861391 30.46109009
v 7.22669601 5.41318703 30.49234962
v 7.25784206 5.22780991 30.38100052
v 7.25784206 5.22780991 30.38100052
v 7.22669601 5.41318703 30.49234962
v 7.21664000 5.31767416 30.45204926
v 7.25784206 5.22780991 30.38100052
v 7.21664000 5.31767416 30.45204926
v 7.22435284 5.21782684 30.42341042
v 7.33336020 5.58633900 30.52882004
v 7.30542421 5.57623291 30.58260918
v 7.33003616 5.45359802 30.36652946
v 7.33003616 5.45359802 30.36652946
v 7.30542421 5.57623291 30.58260918
v 7.24790096 5.41861391 30.46109009
v 7.33003616 5.45359802 30.36652946
v 7.24790096 5.41861391 30.46109009
v 7.39165115 5.28800297 30.25359917
v 7.39165115 5.28800297 30.25359917
v 7.24790096 5.41861391 30.46109009
v 7.25784206 5.22780991 30.38100052
v 6.73610210 5.67619610 31.66330910
v 6.68533182 5.69254017 31.74029922
v 6.55587196 5.64241505 31.62072945
v 6.02452278 5.28397894 31.74519920
v 6.31040192 5.20155811 31.47558022
v 6.35491610 5.37925577 31.47883987
v 6.02452278 5.28397894 31.74519920
v 6.35491610 5.37925577 31.47883987
v 5.62595987 5.42890787 32.08444977
v 6.44057322 5.53309393 31.52948952
v 5.82828283 5.80367613 32.16247940
v 5.70396614 5.63679123 32.08507156
v 5.97439814 5.89666080 32.30141068
v 6.55587196 5.64241505 31.62072945
v 6.68533182 5.69254017 31.74029922
v 5.97439814 5.89666080 32.30141068
v 6.68533182 5.69254017 31.74029922
v 6.11339188 5.89744520 32.47449875
v 5.97439814 5.89666080 32.30141068
v 5.82828283 5.80367613 32.16247940
v 6.55587196 5.64241505 31.62072945
v 6.55587196 5.64241505 31.62072945
v 5.82828283 5.80367613 32.16247940
v 6.44057322 5.53309393 31.52948952
v 6.55587196 5.64241505 31.62072945
v 6.44057322 5.53309393 31.52948952
v 6.92880297 5.52281618 31.08901978
v 6.92880297 5.52281618 31.08901978
v 7.02580595 5.59766579 31.17243958
v 7.02273512 5.59830904 31.17819023
v 6.92880297 5.52281618 31.08901978
v 7.02273512 5.59830904 31.17819023
v 6.55587196 5.64241505 31.62072945
v 6.55587196 5.64241505 31.62072945
v 7.02273512 5.59830904 31.17819023
v 6.77236891 5.66486979 31.60684967
v 6.55587196 5.64241505 31.62072945
v 6.77236891 5.66486979 31.60684967
v 6.73610210 5.67619610 31.66330910
v 6.78586388 5.13346481 30.96945000
v 7.01213598 5.15040588 30.69857025
v 6.80331802 5.28004694 30.98286057
v 6.80331802 5.28004694 30.98286057
v 7.01213598 5.15040588 30.69857025
v 7.01649189 5.27629614 30.71916962
v 6.80331802 5.28004694 30.98286057
v 7.01649189 5.27629614 30.71916962
v 7.04597712 5.39398289 30.75882912
v 6.31040192 5.20155811 31.47558022
v 6.78586388 5.13346481 30.96945000
v 6.35491610 5.37925577 31.47883987
v 6.35491610 5.37925577 31.47883987
v 6.78586388 5.13346481 30.96945000
v 6.80331802 5.28004694 30.98286057
v 6.35491610 5.37925577 31.47883987
v 6.80331802 5.28004694 30.98286057
v 6.85240221 5.41374779 31.02392006
v 6.85240221 5.41374779 31.02392006
v 6.80331802 5.28004694 30.98286057
v 7.04597712 5.39398289 30.75882912
v 6.85240221 5.41374779 31.02392006
v 7.04597712 5.39398289 30.75882912
v 7.09866905 5.49579716 30.81495094
v 7.17113400 5.57510185 30.88388062
v 7.02580595 5.59766579 31.17243958
v 7.09866905 5.49579716 30.81495094
v 7.09866905 5.49579716 30.81495094
v 7.02580595 5.59766579 31.17243958
v 6.92880297 5.52281618 31.08901978
v 7.09866905 5.49579716 30.81495094
v 6.92880297 5.52281618 31.08901978
v 6.85240221 5.41374779 31.02392006
v 6.85240221 5.41374779 31.02392006
v 6.92880297 5.52281618 31.08901978
v 6.44057322 5.53309393 31.52948952
v 6.85240221 5.41374779 31.02392006
v 6.44057322 5.53309393 31.52948952
v 6.35491610 5.37925577 31.47883987
v 6.35491610 5.37925577 31.47883987
v 6.44057322 5.53309393 31.52948952
v 5.70396614 5.63679123 32.08507156
v 6.35491610 5.37925577 31.47883987
v 5.70396614 5.63679123 32.08507156
v 5.62595987 5.42890787 32.08444977
v 7.29761600 5.57500505 30.60057068
v 7.17113400 5.57510185 30.88388062
v 7.25408411 5.50022316 30.54258919
v 7.25408411 5.50022316 30.54258919
v 7.17113400 5.57510185 30.88388062
v 7.09866905 5.49579716 30.81495094
v 7.09866905 5.49579716 30.81495094
v 7.22669601 5.41318703 30.49234962
v 7.09866905 5.49579716 30.81495094
v 7.04597712 5.39398289 30.75882912
v 7.22669601 5.41318703 30.49234962
v 7.04597712 5.39398289 30.75882912
v 7.21664000 5.31767416 30.45204926
v 7.21664000 5.31767416 30.45204926
v 7.04597712 5.39398289 30.75882912
v 7.01649189 5.27629614 30.71916962
v 7.21664000 5.31767416 30.45204926
v 7.01649189 5.27629614 30.71916962
v 7.22435284 5.21782684 30.42341042
v 7.22435284 5.21782684 30.42341042
v 7.01649189 5.27629614 30.71916962
v 7.01213598 5.15040588 30.69857025
v 4.35254383 6.08625412 32.98920059
v 5.04630518 5.87230778 32.56898117
v 5.15631723 6.03793478 32.65362167
v -5.91039896 5.85419893 32.21247101
v -5.84117508 5.79886293 32.15208817
v -5.69004297 5.85451794 32.27119827
v -5.80380392 5.75940323 32.12393951
v -5.71395206 5.62677908 32.07371140
v -5.56866503 5.68791914 32.19221115
v -5.66826010 5.52403879 32.06449890
v -5.63872719 5.42388391 32.07416153
v -5.49184084 5.48098612 32.18992996
v -5.66826010 5.52403879 32.06449890
v -5.49184084 5.48098612 32.18992996
v -5.71395206 5.62677908 32.07371140
v -5.91039896 5.85419893 32.21247101
v -5.69004297 5.85451794 32.27119827
v -5.98758984 5.89179420 32.29093933
v -5.71395206 5.62677908 32.07371140
v -5.49184084 5.48098612 32.18992996
v -5.56866503 5.68791914 32.19221115
v -5.56866503 5.68791914 32.19221115
v -5.49184084 5.48098612 32.18992996
v -4.81586504 5.72208881 32.66357040
v -5.56866503 5.68791914 32.19221115
v -4.81586504 5.72208881 32.66357040
v -4.88588715 5.92486906 32.67377090
v -4.88588715 5.92486906 32.67377090
v -4.81586504 5.72208881 32.66357040
v -4.64792490 5.77658510 32.76752090
v -4.88588715 5.92486906 32.67377090
v -4.64792490 5.77658510 32.76752090
v -4.71606302 5.97847080 32.77957916
v -4.71606302 5.97847080 32.77957916
v -4.64792490 5.77658510 32.76752090
v -4.50503397 5.82129288 32.85203171
v -4.71606302 5.97847080 32.77957916
v -4.50503397 5.82129288 32.85203171
v -3.99518704 6.18312693 33.17419052
v -3.99518704 6.18312693 33.17419052
v -4.50503397 5.82129288 32.85203171
v -3.93574500 5.98451281 33.15491104
v -3.99518704 6.18312693 33.17419052
v -3.93574500 5.98451281 33.15491104
v -3.19604611 6.16185999 33.47488022
v -2.78508401 6.24385309 33.61986923
v -2.46764207 6.49941492 33.75851822
v -3.19604611 6.16185999 33.47488022
v -3.19604611 6.16185999 33.47488022
v -2.46764207 6.49941492 33.75851822
v -3.24547195 6.35784578 33.50048828
v -3.19604611 6.16185999 33.47488022
v -3.24547195 6.35784578 33.50048828
v -3.99518704 6.18312693 33.17419052
v -2.78508401 6.24385309 33.61986923
v -2.42938805 6.30545712 33.72768021
v -2.46764207 6.49941492 33.75851822
v -2.46764207 6.49941492 33.75851822
v -2.42938805 6.30545712 33.72768021
v -2.06751299 6.35932207 33.82117081
v -2.10028291 6.55254078 33.85400009
v -2.10028291 6.55254078 33.85400009
v -2.06751299 6.35932207 33.82117081
v -1.29892194 6.44461298 33.96778870
v -2.10028291 6.55254078 33.85400009
v -1.29892194 6.44461298 33.96778870
v -1.31972003 6.63668489 34.00378036
v -1.31972003 6.63668489 34.00378036
v -1.29892194 6.44461298 33.96778870
v -0.94216287 6.47088194 34.01261139
v -1.31972003 6.63668489 34.00378036
v -0.94216287 6.47088194 34.01261139
v -0.52974772 6.68254805 34.08470917
v -0.94216287 6.47088194 34.01261139
v -0.52135491 6.49108887 34.04698181
v -0.52974772 6.68254805 34.08470917
v -0.52974772 6.68254805 34.08470917
v -0.52135491 6.49108887 34.04698181
v 0.26562041 6.49768782 34.05818939
v 0.26989961 6.68906021 34.09616089
v 0.26989961 6.68906021 34.09616089
v 0.26562041 6.49768782 34.05818939
v 0.87333399 6.47498417 34.01959991
v 0.26989961 6.68906021 34.09616089
v 0.87333399 6.47498417 34.01959991
v 0.88736671 6.66665506 34.05672836
v 0.88736671 6.66665506 34.05672836
v 0.87333399 6.47498417 34.01959991
v 1.64221704 6.41138220 33.91086960
v 0.88736671 6.66665506 34.05672836
v 1.64221704 6.41138220 33.91086960
v 1.66840899 6.60389709 33.94562912
v 1.66840899 6.60389709 33.94562912
v 1.64221704 6.41138220 33.91086960
v 2.39985299 6.31018496 33.73591995
v 2.78511000 6.24384785 33.61988068
v 3.19362807 6.36852694 33.52016068
v 2.39985299 6.31018496 33.73591995
v 2.39985299 6.31018496 33.73591995
v 3.19362807 6.36852694 33.52016068
v 2.43766499 6.50407791 33.76694107
v 2.39985299 6.31018496 33.73591995
v 2.43766499 6.50407791 33.76694107
v 1.66840899 6.60389709 33.94562912
v 2.78511000 6.24384785 33.61988068
v 3.14492607 6.17269707 33.49414825
v 3.19362807 6.36852694 33.52016068
v 3.19362807 6.36852694 33.52016068
v 3.14492607 6.17269707 33.49414825
v 3.56971502 6.07710600 33.32310104
v 3.62430906 6.27433109 33.34566879
v -5.84117508 5.79886293 32.15208817
v -5.80380392 5.75940323 32.12393951
v -5.69004297 5.85451794 32.27119827
v -5.69004297 5.85451794 32.27119827
v -5.80380392 5.75940323 32.12393951
v -5.56866503 5.68791914 32.19221115
v -5.69004297 5.85451794 32.27119827
v -5.56866503 5.68791914 32.19221115
v -4.99240398 6.09023380 32.75999832
v -4.88588715 5.92486906 32.67377090
v -4.99240398 6.09023380 32.75999832
v -4.88588715 5.92486906 32.67377090
v -4.81887913 6.14357615 32.86742020
v -4.71606302 5.97847080 32.77957916
v -4.81887913 6.14357615 32.86742020
v -4.71606302 5.97847080 32.77957916
v -4.08227587 6.34730005 33.26808167
v -3.99518704 6.18312693 33.17419052
v -4.08227587 6.34730005 33.26808167
v -3.99518704 6.18312693 33.17419052
v -3.31620097 6.52129221 33.59944916
v -3.24547195 6.35784578 33.50048828
v -3.31620097 6.52129221 33.59944916
v -3.24547195 6.35784578 33.50048828
v -2.52140498 6.66231298 33.86151886
v -2.52140498 6.66231298 33.86151886
v -3.24547195 6.35784578 33.50048828
v -2.46764207 6.49941492 33.75851822
v -2.52140498 6.66231298 33.86151886
v -2.46764207 6.49941492 33.75851822
v -2.14603710 6.71524286 33.95848846
v -2.10028291 6.55254078 33.85400009
v -2.14603710 6.71524286 33.95848846
v -2.10028291 6.55254078 33.85400009
v -1.34846306 6.79908705 34.11064148
v -1.31972003 6.63668489 34.00378036
v -1.34846306 6.79908705 34.11064148
v -1.31972003 6.63668489 34.00378036
v -0.54128432 6.84478903 34.19284821
v -0.52974772 6.68254805 34.08470917
v -0.54128432 6.84478903 34.19284821
v -0.52974772 6.68254805 34.08470917
v 0.27577689 6.85127878 34.20449066
v 0.27577689 6.85127878 34.20449066
v -0.52974772 6.68254805 34.08470917
v 0.26989961 6.68906021 34.09616089
v 0.27577689 6.85127878 34.20449066
v 0.26989961 6.68906021 34.09616089
v 0.90669161 6.82895088 34.16442108
v 0.88736671 6.66665506 34.05672836
v 0.90669161 6.82895088 34.16442108
v 0.88736671 6.66665506 34.05672836
v 1.70474899 6.76641417 34.05157089
v 1.66840899 6.60389709 33.94562912
v 1.70474899 6.76641417 34.05157089
v 1.66840899 6.60389709 33.94562912
v 2.49077392 6.66695881 33.87007141
v 2.43766499 6.50407791 33.76694107
v 2.49077392 6.66695881 33.87007141
v 2.43766499 6.50407791 33.76694107
v 3.26322603 6.53192902 33.61943054
v 3.26322603 6.53192902 33.61943054
v 2.43766499 6.50407791 33.76694107
v 3.19362807 6.36852694 33.52016068
v 3.26322603 6.53192902 33.61943054
v 3.19362807 6.36852694 33.52016068
v 3.70330405 6.43811607 33.44221878
v 3.62430906 6.27433109 33.34566879
v 3.70330405 6.43811607 33.44221878
v 3.62430906 6.27433109 33.34566879
v 4.44743013 6.25085592 33.08023834
v 4.97456884 5.66863585 32.56056976
v 5.04630518 5.87230778 32.56898117
v 4.50521278 5.82123804 32.85194016
v 4.50521278 5.82123804 32.85194016
v 5.04630518 5.87230778 32.56898117
v 4.35254383 6.08625412 32.98920059
v 4.50521278 5.82123804 32.85194016
v 4.35254383 6.08625412 32.98920059
v 4.28865910 5.88611794 32.97336960
v -6.02171803 5.90048122 32.32931137
v -5.98758984 5.89179420 32.29093933
v -5.83231783 5.94831085 32.41151810
v -5.83231783 5.94831085 32.41151810
v -5.98758984 5.89179420 32.29093933
v -5.69004297 5.85451794 32.27119827
v -5.83231783 5.94831085 32.41151810
v -5.69004297 5.85451794 32.27119827
v -5.11576223 6.18767405 32.90634155
v -5.11576223 6.18767405 32.90634155
v -5.69004297 5.85451794 32.27119827
v -4.99240398 6.09023380 32.75999832
v -5.11576223 6.18767405 32.90634155
v -4.99240398 6.09023380 32.75999832
v -4.93763924 6.24182081 33.01502991
v -4.81887913 6.14357615 32.86742020
v -4.93763924 6.24182081 33.01502991
v -4.81887913 6.14357615 32.86742020
v -4.18191099 6.44856119 33.42031097
v -4.08227587 6.34730005 33.26808167
v -4.18191099 6.44856119 33.42031097
v -4.08227587 6.34730005 33.26808167
v -3.39649200 6.62505722 33.75532150
v -3.31620097 6.52129221 33.59944916
v -3.39649200 6.62505722 33.75532150
v -3.31620097 6.52129221 33.59944916
v -2.58206797 6.76806498 34.02016830
v -2.58206797 6.76806498 34.02016830
v -3.31620097 6.52129221 33.59944916
v -2.52140498 6.66231298 33.86151886
v -2.58206797 6.76806498 34.02016830
v -2.52140498 6.66231298 33.86151886
v -2.19754910 6.82173014 34.11816025
v -2.14603710 6.71524286 33.95848846
v -2.19754910 6.82173014 34.11816025
v -2.14603710 6.71524286 33.95848846
v -1.38071203 6.90672922 34.27185822
v -1.34846306 6.79908705 34.11064148
v -1.38071203 6.90672922 34.27185822
v -1.34846306 6.79908705 34.11064148
v -0.55420423 6.95305586 34.35491180
v -0.54128432 6.84478903 34.19284821
v -0.55420423 6.95305586 34.35491180
v -0.54128432 6.84478903 34.19284821
v 0.28235701 6.95963383 34.36666107
v 0.27577689 6.85127878 34.20449066
v 0.28235701 6.95963383 34.36666107
v 0.27577689 6.85127878 34.20449066
v 0.92834717 6.93700218 34.32619095
v 0.92834717 6.93700218 34.32619095
v 0.27577689 6.85127878 34.20449066
v 0.90669161 6.82895088 34.16442108
v 1.74557698 6.87360811 34.21218872
v 1.70474899 6.76641417 34.05157089
v 1.74557698 6.87360811 34.21218872
v 1.70474899 6.76641417 34.05157089
v 2.55068707 6.77277517 34.02880859
v 2.55068707 6.77277517 34.02880859
v 1.70474899 6.76641417 34.05157089
v 2.49077392 6.66695881 33.87007141
v 2.55068707 6.77277517 34.02880859
v 2.49077392 6.66695881 33.87007141
v 3.34219599 6.63584614 33.77550888
v 3.34219599 6.63584614 33.77550888
v 2.49077392 6.66695881 33.87007141
v 3.26322603 6.53192902 33.61943054
v 3.34219599 6.63584614 33.77550888
v 3.26322603 6.53192902 33.61943054
v 3.79330802 6.54069185 33.59637833
v 3.70330405 6.43811607 33.44221878
v 3.79330802 6.54069185 33.59637833
v 3.70330405 6.43811607 33.44221878
v 4.55647087 6.35070181 33.23033142
v 4.55647087 6.35070181 33.23033142
v 3.70330405 6.43811607 33.44221878
v 4.44743013 6.25085592 33.08023834
v 4.55647087 6.35070181 33.23033142
v 4.44743013 6.25085592 33.08023834
v 5.28405523 6.13457823 32.79869080
v -6.12521219 5.89302921 32.46128082
v -6.02171803 5.90048122 32.32931137
v -6.11251688 5.89776993 32.47534943
v -6.11251688 5.89776993 32.47534943
v -6.02171803 5.90048122 32.32931137
v -5.83231783 5.94831085 32.41151810
v -6.11251688 5.89776993 32.47534943
v -5.83231783 5.94831085 32.41151810
v -5.96775723 5.95101404 32.58581924
v -5.96775723 5.95101404 32.58581924
v -5.83231783 5.94831085 32.41151810
v -5.11576223 6.18767405 32.90634155
v -5.96775723 5.95101404 32.58581924
v -5.11576223 6.18767405 32.90634155
v -5.23320103 6.19921017 33.08578873
v -5.23320103 6.19921017 33.08578873
v -5.11576223 6.18767405 32.90634155
v -4.93763924 6.24182081 33.01502991
v -5.23320103 6.19921017 33.08578873
v -4.93763924 6.24182081 33.01502991
v -5.05070877 6.25530815 33.19552994
v -5.05070877 6.25530815 33.19552994
v -4.93763924 6.24182081 33.01502991
v -4.18191099 6.44856119 33.42031097
v -5.05070877 6.25530815 33.19552994
v -4.18191099 6.44856119 33.42031097
v -4.27681208 6.46935081 33.60446167
v -4.27681208 6.46935081 33.60446167
v -4.18191099 6.44856119 33.42031097
v -3.39649200 6.62505722 33.75532150
v -4.27681208 6.46935081 33.60446167
v -3.39649200 6.62505722 33.75532150
v -3.47301197 6.65191507 33.94221878
v -3.47301197 6.65191507 33.94221878
v -3.39649200 6.62505722 33.75532150
v -2.58206797 6.76806498 34.02016830
v -3.47301197 6.65191507 33.94221878
v -2.58206797 6.76806498 34.02016830
v -2.63991594 6.79973507 34.20907974
v -2.63991594 6.79973507 34.20907974
v -2.58206797 6.76806498 34.02016830
v -2.19754910 6.82173014 34.11816025
v -2.63991594 6.79973507 34.20907974
v -2.19754910 6.82173014 34.11816025
v -2.24668193 6.85518408 34.30775833
v -2.24668193 6.85518408 34.30775833
v -2.19754910 6.82173014 34.11816025
v -1.38071203 6.90672922 34.27185822
v -2.24668193 6.85518408 34.30775833
v -1.38071203 6.90672922 34.27185822
v -1.41148603 6.94298506 34.46253967
v -1.41148603 6.94298506 34.46253967
v -1.38071203 6.90672922 34.27185822
v -0.55420423 6.95305586 34.35491180
v -1.41148603 6.94298506 34.46253967
v -0.55420423 6.95305586 34.35491180
v -0.56653571 6.99082708 34.54613876
v -0.56653571 6.99082708 34.54613876
v -0.55420423 6.95305586 34.35491180
v 0.28235701 6.95963383 34.36666107
v -0.56653571 6.99082708 34.54613876
v 0.28235701 6.95963383 34.36666107
v 0.28863779 6.99761915 34.55796814
v 0.28863779 6.99761915 34.55796814
v 0.28235701 6.95963383 34.36666107
v 0.92834717 6.93700218 34.32619095
v 0.28863779 6.99761915 34.55796814
v 0.92834717 6.93700218 34.32619095
v 0.94901490 6.97424889 34.51723099
v 0.94901490 6.97424889 34.51723099
v 0.92834717 6.93700218 34.32619095
v 1.74557698 6.87360811 34.21218872
v 0.94901490 6.97424889 34.51723099
v 1.74557698 6.87360811 34.21218872
v 1.78452897 6.90877485 34.40245056
v 1.78452897 6.90877485 34.40245056
v 1.74557698 6.87360811 34.21218872
v 2.55068707 6.77277517 34.02880859
v 1.78452897 6.90877485 34.40245056
v 2.55068707 6.77277517 34.02880859
v 2.60782003 6.80460310 34.21778107
v 2.60782003 6.80460310 34.21778107
v 2.55068707 6.77277517 34.02880859
v 3.34219599 6.63584614 33.77550888
v 2.60782003 6.80460310 34.21778107
v 3.34219599 6.63584614 33.77550888
v 3.41745901 6.66307020 33.96257019
v 3.41745901 6.66307020 33.96257019
v 3.34219599 6.63584614 33.77550888
v 3.79330802 6.54069185 33.59637833
v 3.87906003 6.56466818 33.78200912
v 3.87906003 6.56466818 33.78200912
v 3.79330802 6.54069185 33.59637833
v 4.55647087 6.35070181 33.23033142
v 3.87906003 6.56466818 33.78200912
v 4.55647087 6.35070181 33.23033142
v 4.66030693 6.36806202 33.41281891
v 4.66030693 6.36806202 33.41281891
v 4.55647087 6.35070181 33.23033142
v 5.28405523 6.13457823 32.79869080
v 4.66030693 6.36806202 33.41281891
v 5.28405523 6.13457823 32.79869080
v 5.40565586 6.14418507 32.97705841
v 5.40565586 6.14418507 32.97705841
v 5.28405523 6.13457823 32.79869080
v 5.97439814 5.89666080 32.30141068
v 5.40565586 6.14418507 32.97705841
v 5.97439814 5.89666080 32.30141068
v 6.11339188 5.89744520 32.47449875
v 4.97456884 5.66863585 32.56056976
v 5.62595987 5.42890787 32.08444977
v 5.04630518 5.87230778 32.56898117
v 5.04630518 5.87230778 32.56898117
v 5.62595987 5.42890787 32.08444977
v 5.70396614 5.63679123 32.08507156
v 5.04630518 5.87230778 32.56898117
v 5.70396614 5.63679123 32.08507156
v 5.15631723 6.03793478 32.65362167
v 5.15631723 6.03793478 32.65362167
v 5.70396614 5.63679123 32.08507156
v 5.82828283 5.80367613 32.16247940
v 3.56971502 6.07710600 33.32310104
v 4.28865910 5.88611794 32.97336960
v 3.62430906 6.27433109 33.34566879
v 3.62430906 6.27433109 33.34566879
v 4.28865910 5.88611794 32.97336960
v 4.35254383 6.08625412 32.98920059
v 3.62430906 6.27433109 33.34566879
v 4.35254383 6.08625412 32.98920059
v 4.44743013 6.25085592 33.08023834
v 4.44743013 6.25085592 33.08023834
v 5.15631723 6.03793478 32.65362167
v 5.28405523 6.13457823 32.79869080
v 5.15631723 6.03793478 32.65362167
v 5.82828283 5.80367613 32.16247940
v 5.97439814 5.89666080 32.30141068
v -7.22664499 5.41316319 30.49239922
v -7.21658611 5.31763792 30.45207977
v -7.00300503 5.27529907 30.73641968
v -6.02171803 5.90048122 32.32931137
v -6.12521219 5.89302921 32.46128082
v -6.27406216 5.83777094 32.28952026
v -5.84117508 5.79886293 32.15208817
v -5.91039896 5.85419893 32.21247101
v -6.13403320 5.82345009 32.12992096
v -6.13403320 5.82345009 32.12992096
v -5.91039896 5.85419893 32.21247101
v -5.98758984 5.89179420 32.29093933
v -6.13403320 5.82345009 32.12992096
v -5.98758984 5.89179420 32.29093933
v -6.02171803 5.90048122 32.32931137
v -5.99331093 5.72512293 32.00416183
v -5.80725479 5.35968924 31.93506050
v -5.63872719 5.42388391 32.07416153
v -5.66826010 5.52403879 32.06449890
v -6.02171803 5.90048122 32.32931137
v -6.27406216 5.83777094 32.28952026
v -6.13403320 5.82345009 32.12992096
v -6.13403320 5.82345009 32.12992096
v -6.27406216 5.83777094 32.28952026
v -6.41880703 5.78487492 32.10979843
v -6.13403320 5.82345009 32.12992096
v -6.41880703 5.78487492 32.10979843
v -6.27999115 5.75797510 31.96344948
v -6.27999115 5.75797510 31.96344948
v -6.41880703 5.78487492 32.10979843
v -6.76346779 5.66762400 31.62080002
v -6.27999115 5.75797510 31.96344948
v -6.76346779 5.66762400 31.62080002
v -6.63902998 5.61099386 31.50948906
v -6.63902998 5.61099386 31.50948906
v -6.76346779 5.66762400 31.62080002
v -6.76596785 5.66685009 31.61688995
v -6.63902998 5.61099386 31.50948906
v -6.76596785 5.66685009 31.61688995
v -6.92888594 5.52278900 31.08885956
v -6.76596785 5.66685009 31.61688995
v -7.02588511 5.59764194 31.17226028
v -6.92888594 5.52278900 31.08885956
v -6.92888594 5.52278900 31.08885956
v -7.02588511 5.59764194 31.17226028
v -7.16227722 5.57592201 30.90249062
v -6.92888594 5.52278900 31.08885956
v -7.16227722 5.57592201 30.90249062
v -7.08806610 5.49667311 30.83271027
v -7.08806610 5.49667311 30.83271027
v -7.16227722 5.57592201 30.90249062
v -7.29758596 5.57499123 30.60062981
v -7.29758596 5.57499123 30.60062981
v -7.25404215 5.50020599 30.54264069
v -7.08806610 5.49667311 30.83271027
v -7.08806610 5.49667311 30.83271027
v -7.25404215 5.50020599 30.54264069
v -7.03377008 5.39418983 30.77610016
v -7.08806610 5.49667311 30.83271027
v -7.03377008 5.39418983 30.77610016
v -6.92888594 5.52278900 31.08885956
v -6.92888594 5.52278900 31.08885956
v -7.03377008 5.39418983 30.77610016
v -6.85248899 5.41372204 31.02376938
v -6.92888594 5.52278900 31.08885956
v -6.85248899 5.41372204 31.02376938
v -6.63902998 5.61099386 31.50948906
v -6.63902998 5.61099386 31.50948906
v -6.85248899 5.41372204 31.02376938
v -6.53094578 5.50054312 31.42464066
v -6.63902998 5.61099386 31.50948906
v -6.53094578 5.50054312 31.42464066
v -6.27999115 5.75797510 31.96344948
v -6.27999115 5.75797510 31.96344948
v -6.53094578 5.50054312 31.42464066
v -6.14609289 5.65515280 31.84984016
v -6.27999115 5.75797510 31.96344948
v -6.14609289 5.65515280 31.84984016
v -6.13403320 5.82345009 32.12992096
v -6.13403320 5.82345009 32.12992096
v -6.14609289 5.65515280 31.84984016
v -5.99331093 5.72512293 32.00416183
v -6.13403320 5.82345009 32.12992096
v -5.99331093 5.72512293 32.00416183
v -5.84117508 5.79886293 32.15208817
v -5.84117508 5.79886293 32.15208817
v -5.99331093 5.72512293 32.00416183
v -5.80380392 5.75940323 32.12393951
v -7.25404215 5.50020599 30.54264069
v -7.22664499 5.41316319 30.49239922
v -7.03377008 5.39418983 30.77610016
v -7.03377008 5.39418983 30.77610016
v -7.22664499 5.41316319 30.49239922
v -7.00300503 5.27529907 30.73641968
v -7.03377008 5.39418983 30.77610016
v -7.00300503 5.27529907 30.73641968
v -6.85248899 5.41372204 31.02376938
v -6.85248899 5.41372204 31.02376938
v -7.00300503 5.27529907 30.73641968
v -6.80340576 5.28002787 30.98271942
v -6.85248899 5.41372204 31.02376938
v -6.80340576 5.28002787 30.98271942
v -6.53094578 5.50054312 31.42464066
v -6.53094578 5.50054312 31.42464066
v -6.80340576 5.28002787 30.98271942
v -6.45265388 5.35000086 31.37678909
v -6.53094578 5.50054312 31.42464066
v -6.45265388 5.35000086 31.37678909
v -6.14609289 5.65515280 31.84984016
v -6.14609289 5.65515280 31.84984016
v -6.45265388 5.35000086 31.37678909
v -6.03929281 5.49344015 31.78775978
v -6.14609289 5.65515280 31.84984016
v -6.03929281 5.49344015 31.78775978
v -5.99331093 5.72512293 32.00416183
v -5.99331093 5.72512293 32.00416183
v -6.03929281 5.49344015 31.78775978
v -5.87738609 5.56060314 31.93503952
v -5.99331093 5.72512293 32.00416183
v -5.87738609 5.56060314 31.93503952
v -5.71395206 5.62677908 32.07371140
v -5.71395206 5.62677908 32.07371140
v -5.87738609 5.56060314 31.93503952
v -5.66826010 5.52403879 32.06449890
v -5.66826010 5.52403879 32.06449890
v -5.87738609 5.56060314 31.93503952
v -5.80725479 5.35968924 31.93506050
v -5.80725479 5.35968924 31.93506050
v -5.87738609 5.56060314 31.93503952
v -6.03929281 5.49344015 31.78775978
v -5.80725479 5.35968924 31.93506050
v -6.03929281 5.49344015 31.78775978
v -5.97728205 5.29962301 31.78750992
v -5.97728205 5.29962301 31.78750992
v -6.03929281 5.49344015 31.78775978
v -6.45265388 5.35000086 31.37678909
v -5.97728205 5.29962301 31.78750992
v -6.45265388 5.35000086 31.37678909
v -6.41388798 5.17808390 31.37190056
v -6.41388798 5.17808390 31.37190056
v -6.45265388 5.35000086 31.37678909
v -6.80340576 5.28002787 30.98271942
v -6.41388798 5.17808390 31.37190056
v -6.80340576 5.28002787 30.98271942
v -6.78595209 5.13345385 30.96931076
v -6.78595209 5.13345385 30.96931076
v -6.80340576 5.28002787 30.98271942
v -7.00300503 5.27529907 30.73641968
v -6.78595209 5.13345385 30.96931076
v -7.00300503 5.27529907 30.73641968
v -6.99782324 5.14792299 30.71632004
v -6.99782324 5.14792299 30.71632004
v -7.00300503 5.27529907 30.73641968
v -7.21658611 5.31763792 30.45207977
v -6.99782324 5.14792299 30.71632004
v -7.21658611 5.31763792 30.45207977
v -7.22429895 5.21777916 30.42344093
v -7.30439520 5.44025183 30.39215088
v -7.32496309 5.58228302 30.54327011
v -7.33333778 5.58633089 30.52886009
v -7.33000803 5.45357609 30.36654091
v -7.39163780 5.28795385 30.25358963
v -7.34921885 5.26546001 30.28790092
v -7.22429895 5.21777916 30.42344093
v -7.21658611 5.31763792 30.45207977
v -7.34921885 5.26546001 30.28790092
v -7.34921885 5.26546001 30.28790092
v -7.21658611 5.31763792 30.45207977
v -7.30439520 5.44025183 30.39215088
v -7.34921885 5.26546001 30.28790092
v -7.30439520 5.44025183 30.39215088
v -7.33000803 5.45357609 30.36654091
v -7.33000803 5.45357609 30.36654091
v -7.30439520 5.44025183 30.39215088
v -7.33333778 5.58633089 30.52886009
v -7.29758596 5.57499123 30.60062981
v -7.32496309 5.58228302 30.54327011
v -7.25404215 5.50020599 30.54264069
v -7.25404215 5.50020599 30.54264069
v -7.32496309 5.58228302 30.54327011
v -7.30439520 5.44025183 30.39215088
v -7.25404215 5.50020599 30.54264069
v -7.30439520 5.44025183 30.39215088
v -7.22664499 5.41316319 30.49239922
v -7.22664499 5.41316319 30.49239922
v -7.30439520 5.44025183 30.39215088
v -7.21658611 5.31763792 30.45207977
v -7.48321486 5.65302515 30.07765007
v -7.47952509 5.64964390 30.09847069
v -7.47695208 5.66503716 30.10433006
v -7.51039410 5.57794905 29.99975014
v -7.50135422 5.59738398 30.03577042
v -7.49473381 5.62711716 30.03447914
v -7.49417019 5.62862921 30.03630066
v -7.49417019 5.62862921 30.03630066
v -7.50135422 5.59738398 30.03577042
v -7.48321486 5.65302515 30.07765007
v -7.48321486 5.65302515 30.07765007
v -7.50135422 5.59738398 30.03577042
v -7.49446487 5.59103918 30.07700920
v -7.48321486 5.65302515 30.07765007
v -7.49446487 5.59103918 30.07700920
v -7.47952509 5.64964390 30.09847069
v -7.47952509 5.64964390 30.09847069
v -7.49446487 5.59103918 30.07700920
v -7.48630524 5.56240702 30.12052917
v -7.47952509 5.64964390 30.09847069
v -7.48630524 5.56240702 30.12052917
v -7.46511221 5.62786007 30.16393089
v -7.46511221 5.62786007 30.16393089
v -7.48630524 5.56240702 30.12052917
v -7.46280813 5.47607994 30.18445969
v -7.46511221 5.62786007 30.16393089
v -7.46280813 5.47607994 30.18445969
v -7.42673922 5.56577301 30.26210976
v -7.42673922 5.56577301 30.26210976
v -7.46280813 5.47607994 30.18445969
v -7.44682407 5.42894697 30.20739937
v -7.42673922 5.56577301 30.26210976
v -7.44682407 5.42894697 30.20739937
v -7.40348911 5.53454494 30.29793930
v -7.40348911 5.53454494 30.29793930
v -7.44682407 5.42894697 30.20739937
v -7.39163780 5.28795385 30.25358963
v -7.40348911 5.53454494 30.29793930
v -7.39163780 5.28795385 30.25358963
v -7.33000803 5.45357609 30.36654091
v -7.47695208 5.66503716 30.10433006
v -7.47952509 5.64964390 30.09847069
v -7.45992184 5.69738007 30.19445992
v -7.45992184 5.69738007 30.19445992
v -7.47952509 5.64964390 30.09847069
v -7.46511221 5.62786007 30.16393089
v -7.45992184 5.69738007 30.19445992
v -7.46511221 5.62786007 30.16393089
v -7.45665121 5.69372320 30.21092033
v -7.45665121 5.69372320 30.21092033
v -7.46511221 5.62786007 30.16393089
v -7.42673922 5.56577301 30.26210976
v -7.45665121 5.69372320 30.21092033
v -7.42673922 5.56577301 30.26210976
v -7.41862011 5.65101910 30.35180092
v -7.41862011 5.65101910 30.35180092
v -7.42673922 5.56577301 30.26210976
v -7.40348911 5.53454494 30.29793930
v -7.41862011 5.65101910 30.35180092
v -7.40348911 5.53454494 30.29793930
v -7.39703703 5.63066196 30.40723038
v -7.39703703 5.63066196 30.40723038
v -7.40348911 5.53454494 30.29793930
v -7.33000803 5.45357609 30.36654091
v -7.39703703 5.63066196 30.40723038
v -7.33000803 5.45357609 30.36654091
v -7.33333778 5.58633089 30.52886009
v -7.28545713 6.04519606 29.22929955
v -7.26589823 6.04271603 29.27339935
v -7.26756620 6.06334591 29.22473907
v -7.26756620 6.06334591 29.22473907
v -7.26589823 6.04271603 29.27339935
v -7.17741394 6.04085398 29.47492981
v -7.26756620 6.06334591 29.22473907
v -7.17741394 6.04085398 29.47492981
v -7.24610710 6.07621717 29.21809959
v -7.19837523 6.08308506 29.20047951
v -7.22251606 6.08294678 29.20982933
v -7.17331314 6.07462120 29.28273964
v -7.17331314 6.07462120 29.28273964
v -7.22251606 6.08294678 29.20982933
v -7.12213993 6.06464291 29.45508003
v -7.24610710 6.07621717 29.21809959
v -7.17741394 6.04085398 29.47492981
v -7.15155315 6.05752182 29.46578026
v -7.15155315 6.05752182 29.46578026
v -7.17741394 6.04085398 29.47492981
v -7.14385796 6.04406595 29.55205917
v -7.15155315 6.05752182 29.46578026
v -7.14385796 6.04406595 29.55205917
v -7.10367298 6.05780220 29.59572029
v -7.14385796 6.04406595 29.55205917
v -7.12195015 6.04732704 29.60261917
v -7.10367298 6.05780220 29.59572029
v -7.10367298 6.05780220 29.59572029
v -7.12195015 6.04732704 29.60261917
v -7.05706406 6.06251287 29.75329971
v -7.10367298 6.05780220 29.59572029
v -7.05706406 6.06251287 29.75329971
v -7.04828596 6.06682777 29.74983025
v -7.04828596 6.06682777 29.74983025
v -7.05706406 6.06251287 29.75329971
v -7.00259590 6.08203316 29.87936020
v -7.00259590 6.08203316 29.87936020
v -7.03910398 6.07014418 29.74629974
v -7.04828596 6.06682777 29.74983025
v -7.04828596 6.06682777 29.74983025
v -7.03910398 6.07014418 29.74629974
v -7.08363819 6.06371880 29.58831024
v -7.04828596 6.06682777 29.74983025
v -7.08363819 6.06371880 29.58831024
v -7.10367298 6.05780220 29.59572029
v -7.10367298 6.05780220 29.59572029
v -7.08363819 6.06371880 29.58831024
v -7.12213993 6.06464291 29.45508003
v -7.10367298 6.05780220 29.59572029
v -7.12213993 6.06464291 29.45508003
v -7.15155315 6.05752182 29.46578026
v -7.15155315 6.05752182 29.46578026
v -7.12213993 6.06464291 29.45508003
v -7.22251606 6.08294678 29.20982933
v -7.15155315 6.05752182 29.46578026
v -7.22251606 6.08294678 29.20982933
v -7.24610710 6.07621717 29.21809959
v -7.32425117 6.19238281 28.57741928
v -7.34882498 6.24888277 28.31274986
v -7.38215780 6.26737213 28.32085991
v -7.51643896 6.44133186 27.47866058
v -7.51886797 6.41522121 27.59660912
v -7.48091793 6.44067383 27.60287094
v -7.49699116 6.52100182 27.07504082
v -7.50403118 6.50024605 27.18882942
v -7.46492577 6.54391479 27.08120918
v -7.46492577 6.54391479 27.08120918
v -7.50403118 6.50024605 27.18882942
v -7.45563698 6.54750395 27.08246040
v -7.51643896 6.44133186 27.47866058
v -7.48091793 6.44067383 27.60287094
v -7.51099682 6.47321892 27.32675934
v -7.50403118 6.50024605 27.18882942
v -7.51099682 6.47321892 27.32675934
v -7.45563698 6.54750395 27.08246040
v -7.45563698 6.54750395 27.08246040
v -7.51099682 6.47321892 27.32675934
v -7.48091793 6.44067383 27.60287094
v -7.45563698 6.54750395 27.08246040
v -7.48091793 6.44067383 27.60287094
v -7.42619324 6.55252886 27.08530045
v -7.42619324 6.55252886 27.08530045
v -7.48091793 6.44067383 27.60287094
v -7.43524408 6.44677114 27.60486984
v -7.42619324 6.55252886 27.08530045
v -7.43524408 6.44677114 27.60486984
v -7.40623713 6.55094814 27.08636093
v -7.40623713 6.55094814 27.08636093
v -7.43524408 6.44677114 27.60486984
v -7.38695478 6.54547405 27.08667946
v -7.38695478 6.54547405 27.08667946
v -7.43524408 6.44677114 27.60486984
v -7.39156199 6.43221617 27.60217094
v -7.38695478 6.54547405 27.08667946
v -7.39156199 6.43221617 27.60217094
v -7.36097813 6.53048420 27.08576965
v -7.35916519 6.40010405 27.59535027
v -7.33102894 6.49115992 27.08085060
v -7.39156199 6.43221617 27.60217094
v -7.39156199 6.43221617 27.60217094
v -7.33102894 6.49115992 27.08085060
v -7.35345697 6.52387190 27.08510971
v -7.39156199 6.43221617 27.60217094
v -7.35345697 6.52387190 27.08510971
v -7.36097813 6.53048420 27.08576965
v -7.51956415 6.38812208 27.71446991
v -7.49705601 6.25864697 28.24331093
v -7.45810795 6.26162577 28.32737923
v -7.45810795 6.26162577 28.32737923
v -7.49705601 6.25864697 28.24331093
v -7.48957109 6.23917007 28.32117081
v -7.48919201 6.23826313 28.32480049
v -7.34882498 6.24888277 28.31274986
v -7.35916519 6.40010405 27.59535027
v -7.38215780 6.26737213 28.32085991
v -7.38215780 6.26737213 28.32085991
v -7.35916519 6.40010405 27.59535027
v -7.39156199 6.43221617 27.60217094
v -7.38215780 6.26737213 28.32085991
v -7.39156199 6.43221617 27.60217094
v -7.42052794 6.27184582 28.32600021
v -7.42052794 6.27184582 28.32600021
v -7.39156199 6.43221617 27.60217094
v -7.43524408 6.44677114 27.60486984
v -7.42052794 6.27184582 28.32600021
v -7.43524408 6.44677114 27.60486984
v -7.45810795 6.26162577 28.32737923
v -7.45810795 6.26162577 28.32737923
v -7.43524408 6.44677114 27.60486984
v -7.48091793 6.44067383 27.60287094
v -7.45810795 6.26162577 28.32737923
v -7.48091793 6.44067383 27.60287094
v -7.51956415 6.38812208 27.71446991
v -7.51956415 6.38812208 27.71446991
v -7.48091793 6.44067383 27.60287094
v -7.51886797 6.41522121 27.59660912
v -7.30010319 6.15713310 28.75115013
v -7.32425117 6.19238281 28.57741928
v -7.33091307 6.16619587 28.75976944
v -7.33091307 6.16619587 28.75976944
v -7.32425117 6.19238281 28.57741928
v -7.38215780 6.26737213 28.32085991
v -7.33091307 6.16619587 28.75976944
v -7.38215780 6.26737213 28.32085991
v -7.36346483 6.16453314 28.76634979
v -7.36346483 6.16453314 28.76634979
v -7.36346483 6.16453314 28.76634979
v -7.42052794 6.27184582 28.32600021
v -7.39415884 6.15232706 28.77016068
v -7.39415884 6.15232706 28.77016068
v -7.42052794 6.27184582 28.32600021
v -7.45810795 6.26162577 28.32737923
v -7.39415884 6.15232706 28.77016068
v -7.45810795 6.26162577 28.32737923
v -7.41960192 6.13092804 28.77079010
v -7.41960192 6.13092804 28.77079010
v -7.45810795 6.26162577 28.32737923
v -7.48919201 6.23826313 28.32480049
v -7.19837523 6.08308506 29.20047951
v -7.30010319 6.15713310 28.75115013
v -7.22251606 6.08294678 29.20982933
v -7.22251606 6.08294678 29.20982933
v -7.30010319 6.15713310 28.75115013
v -7.33091307 6.16619587 28.75976944
v -7.22251606 6.08294678 29.20982933
v -7.33091307 6.16619587 28.75976944
v -7.24610710 6.07621717 29.21809959
v -7.24610710 6.07621717 29.21809959
v -7.33091307 6.16619587 28.75976944
v -7.36346483 6.16453314 28.76634979
v -7.24610710 6.07621717 29.21809959
v -7.36346483 6.16453314 28.76634979
v -7.26756620 6.06334591 29.22473907
v -7.26756620 6.06334591 29.22473907
v -7.36346483 6.16453314 28.76634979
v -7.39415884 6.15232706 28.77016068
v -7.26756620 6.06334591 29.22473907
v -7.39415884 6.15232706 28.77016068
v -7.28545713 6.04519606 29.22929955
v -7.39415884 6.15232706 28.77016068
v -7.41960192 6.13092804 28.77079010
v -7.31251287 6.84349203 25.52362061
v -7.35792112 6.76559877 25.90695000
v -7.26676798 6.84628391 25.52960968
v -7.26676798 6.84628391 25.52960968
v -7.35792112 6.76559877 25.90695000
v -7.31389999 6.77012587 25.91239929
v -7.26676798 6.84628391 25.52960968
v -7.31389999 6.77012587 25.91239929
v -7.22415018 6.82844782 25.53100967
v -7.22519779 6.68257093 25.90436935
v -7.18210411 6.74972582 25.51988029
v -7.24021482 6.72403097 25.91095924
v -7.24021482 6.72403097 25.91095924
v -7.18210411 6.74972582 25.51988029
v -7.19376516 6.79379416 25.52750969
v -7.24021482 6.72403097 25.91095924
v -7.19376516 6.79379416 25.52750969
v -7.27188110 6.75528717 25.91382980
v -7.49699116 6.52100182 27.07504082
v -7.35792112 6.76559877 25.90695000
v -7.39519119 6.74260616 25.89858055
v -7.39519119 6.74260616 25.89858055
v -7.35792112 6.76559877 25.90695000
v -7.31251287 6.84349203 25.52362061
v -7.39519119 6.74260616 25.89858055
v -7.31251287 6.84349203 25.52362061
v -7.35161304 6.82066917 25.51431084
v -7.42619324 6.55252886 27.08530045
v -7.31389999 6.77012587 25.91239929
v -7.45563698 6.54750395 27.08246040
v -7.45563698 6.54750395 27.08246040
v -7.31389999 6.77012587 25.91239929
v -7.35792112 6.76559877 25.90695000
v -7.45563698 6.54750395 27.08246040
v -7.35792112 6.76559877 25.90695000
v -7.46492577 6.54391479 27.08120918
v -7.46492577 6.54391479 27.08120918
v -7.35792112 6.76559877 25.90695000
v -7.49699116 6.52100182 27.07504082
v -7.42619324 6.55252886 27.08530045
v -7.40623713 6.55094814 27.08636093
v -7.31389999 6.77012587 25.91239929
v -7.31389999 6.77012587 25.91239929
v -7.40623713 6.55094814 27.08636093
v -7.27188110 6.75528717 25.91382980
v -7.31389999 6.77012587 25.91239929
v -7.27188110 6.75528717 25.91382980
v -7.22415018 6.82844782 25.53100967
v -7.22415018 6.82844782 25.53100967
v -7.27188110 6.75528717 25.91382980
v -7.19376516 6.79379416 25.52750969
v -7.22519779 6.68257093 25.90436935
v -7.35345697 6.52387190 27.08510971
v -7.22519779 6.68257093 25.90436935
v -7.24021482 6.72403097 25.91095924
v -7.35345697 6.52387190 27.08510971
v -7.24021482 6.72403097 25.91095924
v -7.36097813 6.53048420 27.08576965
v -7.36097813 6.53048420 27.08576965
v -7.24021482 6.72403097 25.91095924
v -7.27188110 6.75528717 25.91382980
v -7.36097813 6.53048420 27.08576965
v -7.27188110 6.75528717 25.91382980
v -7.38695478 6.54547405 27.08667946
v -7.38695478 6.54547405 27.08667946
v -7.27188110 6.75528717 25.91382980
v -7.40623713 6.55094814 27.08636093
v -7.11593819 6.86120510 24.96143913
v -7.04965305 6.96744490 24.40200043
v -7.12735891 6.90499687 24.96861076
v -7.12735891 6.90499687 24.96861076
v -7.04965305 6.96744490 24.40200043
v -7.06084299 7.01096010 24.40873909
v -7.12735891 6.90499687 24.96861076
v -7.06084299 7.01096010 24.40873909
v -7.15723419 6.93959522 24.97180939
v -7.15723419 6.93959522 24.97180939
v -7.06084299 7.01096010 24.40873909
v -7.09022188 7.04549313 24.41165924
v -7.15723419 6.93959522 24.97180939
v -7.09022188 7.04549313 24.41165924
v -7.19928789 6.95773411 24.97035980
v -7.19928789 6.95773411 24.97035980
v -7.09022188 7.04549313 24.41165924
v -7.13172483 7.06391478 24.41015053
v -7.19928789 6.95773411 24.97035980
v -7.13172483 7.06391478 24.41015053
v -7.24469185 6.95560408 24.96455956
v -7.24469185 6.95560408 24.96455956
v -7.13172483 7.06391478 24.41015053
v -7.17678595 7.06242514 24.40453911
v -7.24469185 6.95560408 24.96455956
v -7.17678595 7.06242514 24.40453911
v -7.28391314 6.93365383 24.95564079
v -7.28391314 6.93365383 24.95564079
v -7.17678595 7.06242514 24.40453911
v -7.21610212 7.04132986 24.39596939
v -7.19376516 6.79379416 25.52750969
v -7.11593819 6.86120510 24.96143913
v -7.15723419 6.93959522 24.97180939
v -7.26676798 6.84628391 25.52960968
v -7.26676798 6.84628391 25.52960968
v -7.19928789 6.95773411 24.97035980
v -7.31251287 6.84349203 25.52362061
v -7.31251287 6.84349203 25.52362061
v -7.19928789 6.95773411 24.97035980
v -7.24469185 6.95560408 24.96455956
v -7.24469185 6.95560408 24.96455956
v -7.35161304 6.82066917 25.51431084
v -7.24469185 6.95560408 24.96455956
v -7.28391314 6.93365383 24.95564079
v -3.48209095 8.82999897 20.15805054
v -3.07537603 8.87612247 20.05458069
v -3.07881999 8.90713024 20.05023956
v -2.82491899 8.97378254 19.96648979
v -2.50154901 8.98090172 19.92642021
v -2.82985497 8.98793602 19.93894958
v -2.50410509 8.99510574 19.89866066
v -2.82985497 8.98793602 19.93894958
v -2.50410509 8.99510574 19.89866066
v -2.83485103 8.99273586 19.90836906
v -2.50693893 9.00000000 19.86788940
v -2.81501198 8.89283371 20.00683975
v -2.49777007 8.90000057 19.96747017
v -2.81711411 8.92377281 20.00218964
v -2.49821901 8.93090153 19.96260071
v -2.81711411 8.92377281 20.00218964
v -2.49821901 8.93090153 19.96260071
v -2.82052803 8.95167065 19.98829079
v -2.49952102 8.95878029 19.94845009
v -2.82052803 8.95167065 19.98829079
v -2.49952102 8.95878029 19.94845009
v -2.82491899 8.97378254 19.96648979
v -2.82491899 8.97378254 19.96648979
v -2.49952102 8.95878029 19.94845009
v -2.50045490 8.97071075 19.93829918
v -2.82491899 8.97378254 19.96648979
v -2.50045490 8.97071075 19.93829918
v -2.50154901 8.98090172 19.92642021
v -3.07537603 8.87612247 20.05458069
v -2.81501198 8.89283371 20.00683975
v -3.07881999 8.90713024 20.05023956
v -3.07881999 8.90713024 20.05023956
v -2.81501198 8.89283371 20.00683975
v -2.81711411 8.92377281 20.00218964
v -3.07881999 8.90713024 20.05023956
v -2.81711411 8.92377281 20.00218964
v -3.08396697 8.93505764 20.03661919
v -2.82052803 8.95167065 19.98829079
v -3.08396697 8.93505764 20.03661919
v -2.82052803 8.95167065 19.98829079
v -3.09030604 8.95714092 20.01506996
v -2.82491899 8.97378254 19.96648979
v -3.09030604 8.95714092 20.01506996
v -2.82491899 8.97378254 19.96648979
v -3.09720802 8.97118568 19.98773003
v -2.82985497 8.98793602 19.93894958
v -3.09720802 8.97118568 19.98773003
v -2.82985497 8.98793602 19.93894958
v -3.10398793 8.97579861 19.95731926
v -2.83485103 8.99273586 19.90836906
v -3.64094496 8.80518436 20.20844078
v -3.48209095 8.82999897 20.15805054
v -3.64722395 8.83645153 20.20512962
v -3.64722395 8.83645153 20.20512962
v -3.48209095 8.82999897 20.15805054
v -3.07881999 8.90713024 20.05023956
v -3.64722395 8.83645153 20.20512962
v -3.07881999 8.90713024 20.05023956
v -3.65612698 8.86450481 20.19239998
v -3.65612698 8.86450481 20.19239998
v -3.07881999 8.90713024 20.05023956
v -3.08396697 8.93505764 20.03661919
v -3.65612698 8.86450481 20.19239998
v -3.08396697 8.93505764 20.03661919
v -3.66673994 8.88646221 20.17157936
v -3.09030604 8.95714092 20.01506996
v -3.66673994 8.88646221 20.17157936
v -3.09030604 8.95714092 20.01506996
v -3.67796993 8.90005875 20.14480019
v -3.09720802 8.97118568 19.98773003
v -3.67796993 8.90005875 20.14480019
v -3.09720802 8.97118568 19.98773003
v -3.68866396 8.90390301 20.11482048
v -3.68866396 8.90390301 20.11482048
v -3.09720802 8.97118568 19.98773003
v -3.10398793 8.97579861 19.95731926
v -4.18619680 8.68962288 20.42741966
v -3.64094496 8.80518436 20.20844078
v -4.19503689 8.72132301 20.42557907
v -4.19503689 8.72132301 20.42557907
v -3.64094496 8.80518436 20.20844078
v -3.64722395 8.83645153 20.20512962
v -4.19503689 8.72132301 20.42557907
v -3.64722395 8.83645153 20.20512962
v -4.20754480 8.74957561 20.41411018
v -3.65612698 8.86450481 20.19239998
v -4.20754480 8.74957561 20.41411018
v -3.65612698 8.86450481 20.19239998
v -4.22236204 8.77131939 20.39426041
v -3.66673994 8.88646221 20.17157936
v -4.22236204 8.77131939 20.39426041
v -3.66673994 8.88646221 20.17157936
v -4.23787880 8.78418636 20.36819077
v -4.23787880 8.78418636 20.36819077
v -3.66673994 8.88646221 20.17157936
v -3.67796993 8.90005875 20.14480019
v -4.23787880 8.78418636 20.36819077
v -3.67796993 8.90005875 20.14480019
v -4.25240803 8.78678226 20.33872032
v -4.25240803 8.78678226 20.33872032
v -3.67796993 8.90005875 20.14480019
v -3.68866396 8.90390301 20.11482048
v -4.25240803 8.78678226 20.33872032
v -4.83963490 8.61059761 20.65901947
v -4.23787880 8.78418636 20.36819077
v -4.23787880 8.78418636 20.36819077
v -4.83963490 8.61059761 20.65901947
v -4.82101297 8.60990715 20.68778038
v -4.23787880 8.78418636 20.36819077
v -4.82101297 8.60990715 20.68778038
v -4.22236204 8.77131939 20.39426041
v -4.22236204 8.77131939 20.39426041
v -4.82101297 8.60990715 20.68778038
v -4.80085516 8.59815979 20.71287918
v -4.22236204 8.77131939 20.39426041
v -4.80085516 8.59815979 20.71287918
v -4.20754480 8.74957561 20.41411018
v -4.78152704 8.57674408 20.73137093
v -4.20754480 8.74957561 20.41411018
v -4.78152704 8.57674408 20.73137093
v -4.19503689 8.72132301 20.42557907
v -4.19503689 8.72132301 20.42557907
v -4.78152704 8.57674408 20.73137093
v -4.76529694 8.54816914 20.74109077
v -4.19503689 8.72132301 20.42557907
v -4.76529694 8.54816914 20.74109077
v -4.18619680 8.68962288 20.42741966
v -5.24291801 8.31739712 21.09618950
v -4.80745888 8.49642754 20.77548027
v -4.76529694 8.54816914 20.74109077
v -4.76529694 8.54816914 20.74109077
v -4.80745888 8.49642754 20.77548027
v -4.75407410 8.51578999 20.74087906
v -4.76529694 8.54816914 20.74109077
v -4.75407410 8.51578999 20.74087906
v -4.18619680 8.68962288 20.42741966
v -5.34522581 8.40952301 21.02194023
v -5.80733013 8.17982674 21.44585037
v -5.32296324 8.41106701 21.04984093
v -5.32296324 8.41106701 21.04984093
v -5.80733013 8.17982674 21.44585037
v -5.78158379 8.18403625 21.47260094
v -5.32296324 8.41106701 21.04984093
v -5.78158379 8.18403625 21.47260094
v -5.29859209 8.40065098 21.07379913
v -5.29859209 8.40065098 21.07379913
v -5.78158379 8.18403625 21.47260094
v -5.75310278 8.17521763 21.49513054
v -5.29859209 8.40065098 21.07379913
v -5.75310278 8.17521763 21.49513054
v -5.27522278 8.37960911 21.09075928
v -5.72586393 8.15460682 21.51029015
v -5.27522278 8.37960911 21.09075928
v -5.72586393 8.15460682 21.51029015
v -5.25584078 8.35062408 21.09856033
v -5.25584078 8.35062408 21.09856033
v -5.72586393 8.15460682 21.51029015
v -5.70367002 8.12508202 21.51594925
v -5.80733013 8.17982674 21.44585037
v -6.01588202 8.05969238 21.67499924
v -5.78158379 8.18403625 21.47260094
v -5.78158379 8.18403625 21.47260094
v -6.01588202 8.05969238 21.67499924
v -5.98849201 8.06535339 21.70104980
v -5.78158379 8.18403625 21.47260094
v -5.98849201 8.06535339 21.70104980
v -5.75310278 8.17521763 21.49513054
v -5.75310278 8.17521763 21.49513054
v -5.98849201 8.06535339 21.70104980
v -5.95804405 8.05741215 21.72274017
v -5.75310278 8.17521763 21.49513054
v -5.95804405 8.05741215 21.72274017
v -5.72586393 8.15460682 21.51029015
v -5.92898321 8.03702927 21.73690033
v -5.72586393 8.15460682 21.51029015
v -5.92898321 8.03702927 21.73690033
v -5.70367002 8.12508202 21.51594925
v -5.70367002 8.12508202 21.51594925
v -5.92898321 8.03702927 21.73690033
v -5.90555716 8.00718212 21.74147034
v -4.83963490 8.61059761 20.65901947
v -5.34522581 8.40952301 21.02194023
v -4.82101297 8.60990715 20.68778038
v -4.82101297 8.60990715 20.68778038
v -5.34522581 8.40952301 21.02194023
v -5.32296324 8.41106701 21.04984093
v -4.82101297 8.60990715 20.68778038
v -5.32296324 8.41106701 21.04984093
v -4.80085516 8.59815979 20.71287918
v -4.80085516 8.59815979 20.71287918
v -5.32296324 8.41106701 21.04984093
v -5.29859209 8.40065098 21.07379913
v -4.80085516 8.59815979 20.71287918
v -5.29859209 8.40065098 21.07379913
v -4.78152704 8.57674408 20.73137093
v -5.27522278 8.37960911 21.09075928
v -4.78152704 8.57674408 20.73137093
v -5.27522278 8.37960911 21.09075928
v -4.76529694 8.54816914 20.74109077
v -4.76529694 8.54816914 20.74109077
v -5.27522278 8.37960911 21.09075928
v -5.25584078 8.35062408 21.09856033
v -4.76529694 8.54816914 20.74109077
v -5.25584078 8.35062408 21.09856033
v -5.24291801 8.31739712 21.09618950
v -5.24291801 8.31739712 21.09618950
v -5.25584078 8.35062408 21.09856033
v -5.70367002 8.12508202 21.51594925
v -5.24291801 8.31739712 21.09618950
v -5.70367002 8.12508202 21.51594925
v -5.68962193 8.09076405 21.51132965
v -5.68962193 8.09076405 21.51132965
v -5.70367002 8.12508202 21.51594925
v -5.90555716 8.00718212 21.74147034
v -6.27488899 7.71342611 22.25329018
v -5.90018892 7.96667194 21.74646950
v -5.90555716 8.00718212 21.74147034
v -5.90555716 8.00718212 21.74147034
v -5.90018892 7.96667194 21.74646950
v -5.89118290 7.97222900 21.73579025
v -5.90555716 8.00718212 21.74147034
v -5.89118290 7.97222900 21.73579025
v -5.68962193 8.09076405 21.51132965
v -6.41299295 7.79739094 22.20327950
v -6.74070501 7.53986692 22.78086090
v -6.38228083 7.80640316 22.22736931
v -6.38228083 7.80640316 22.22736931
v -6.74070501 7.53986692 22.78086090
v -6.70694590 7.55248785 22.80216026
v -6.38228083 7.80640316 22.22736931
v -6.70694590 7.55248785 22.80216026
v -6.34780884 7.80049276 22.24690056
v -6.34780884 7.80049276 22.24690056
v -6.70694590 7.55248785 22.80216026
v -6.66874790 7.54877996 22.81888962
v -6.34780884 7.80049276 22.24690056
v -6.66874790 7.54877996 22.81888962
v -6.31510878 7.78061199 22.25873947
v -6.63280392 7.52939606 22.82811928
v -6.31510878 7.78061199 22.25873947
v -6.63280392 7.52939606 22.82811928
v -6.28942919 7.74994898 22.26099014
v -6.28942919 7.74994898 22.26099014
v -6.63280392 7.52939606 22.82811928
v -6.60541582 7.49773121 22.82822037
v -6.01588202 8.05969238 21.67499924
v -6.41299295 7.79739094 22.20327950
v -5.98849201 8.06535339 21.70104980
v -5.98849201 8.06535339 21.70104980
v -6.41299295 7.79739094 22.20327950
v -6.38228083 7.80640316 22.22736931
v -5.98849201 8.06535339 21.70104980
v -6.38228083 7.80640316 22.22736931
v -5.95804405 8.05741215 21.72274017
v -5.95804405 8.05741215 21.72274017
v -6.38228083 7.80640316 22.22736931
v -6.34780884 7.80049276 22.24690056
v -5.95804405 8.05741215 21.72274017
v -6.34780884 7.80049276 22.24690056
v -5.92898321 8.03702927 21.73690033
v -6.31510878 7.78061199 22.25873947
v -5.92898321 8.03702927 21.73690033
v -6.31510878 7.78061199 22.25873947
v -5.90555716 8.00718212 21.74147034
v -5.90555716 8.00718212 21.74147034
v -6.31510878 7.78061199 22.25873947
v -6.28942919 7.74994898 22.26099014
v -5.90555716 8.00718212 21.74147034
v -6.28942919 7.74994898 22.26099014
v -6.27488899 7.71342611 22.25329018
v -6.27488899 7.71342611 22.25329018
v -6.28942919 7.74994898 22.26099014
v -6.60541582 7.49773121 22.82822037
v -6.27488899 7.71342611 22.25329018
v -6.60541582 7.49773121 22.82822037
v -6.59138393 7.45933580 22.81917953
v -6.59138393 7.45933580 22.81917953
v -6.60541582 7.49773121 22.82822037
v -6.66896677 7.38978004 22.98962021
v -6.74070501 7.53986692 22.78086090
v -6.91993713 7.37756491 23.19621086
v -6.70694590 7.55248785 22.80216026
v -6.70694590 7.55248785 22.80216026
v -6.91993713 7.37756491 23.19621086
v -6.88431597 7.39268208 23.21499062
v -6.70694590 7.55248785 22.80216026
v -6.88431597 7.39268208 23.21499062
v -6.66874790 7.54877996 22.81888962
v -6.66874790 7.54877996 22.81888962
v -6.88431597 7.39268208 23.21499062
v -6.84383202 7.39050293 23.22934914
v -6.66874790 7.54877996 22.81888962
v -6.84383202 7.39050293 23.22934914
v -6.63280392 7.52939606 22.82811928
v -6.80597401 7.37143183 23.23664093
v -6.63280392 7.52939606 22.82811928
v -6.80597401 7.37143183 23.23664093
v -6.60541582 7.49773121 22.82822037
v -6.60541582 7.49773121 22.82822037
v -6.80597401 7.37143183 23.23664093
v -6.77774715 7.33899593 23.23550987
v -6.60541582 7.49773121 22.82822037
v -6.77774715 7.33899593 23.23550987
v -6.66896677 7.38978004 22.98962021
v -6.66896677 7.38978004 22.98962021
v -6.77774715 7.33899593 23.23550987
v -6.76437187 7.29919815 23.22616959
v -6.94324923 7.10839510 23.80920029
v -6.76437187 7.29919815 23.22616959
v -6.95549297 7.15016985 23.81790924
v -6.95549297 7.15016985 23.81790924
v -6.76437187 7.29919815 23.22616959
v -6.77774715 7.33899593 23.23550987
v -6.95549297 7.15016985 23.81790924
v -6.77774715 7.33899593 23.23550987
v -6.98448086 7.18371201 23.82027054
v -6.98448086 7.18371201 23.82027054
v -6.77774715 7.33899593 23.23550987
v -6.80597401 7.37143183 23.23664093
v -6.98448086 7.18371201 23.82027054
v -6.80597401 7.37143183 23.23664093
v -7.02449799 7.20241022 23.81580925
v -6.84383202 7.39050293 23.22934914
v -7.02449799 7.20241022 23.81580925
v -6.84383202 7.39050293 23.22934914
v -7.06765985 7.20257807 23.80541992
v -7.06765985 7.20257807 23.80541992
v -6.84383202 7.39050293 23.22934914
v -6.88431597 7.39268208 23.21499062
v -7.06765985 7.20257807 23.80541992
v -6.88431597 7.39268208 23.21499062
v -7.10545778 7.18418407 23.79113960
v -7.10545778 7.18418407 23.79113960
v -7.04965305 6.96744490 24.40200043
v -6.94324923 7.10839510 23.80920029
v -7.06084299 7.01096010 24.40873909
v -7.06084299 7.01096010 24.40873909
v -6.94324923 7.10839510 23.80920029
v -6.95549297 7.15016985 23.81790924
v -7.06084299 7.01096010 24.40873909
v -6.95549297 7.15016985 23.81790924
v -7.09022188 7.04549313 24.41165924
v -7.09022188 7.04549313 24.41165924
v -6.95549297 7.15016985 23.81790924
v -6.98448086 7.18371201 23.82027054
v -7.09022188 7.04549313 24.41165924
v -6.98448086 7.18371201 23.82027054
v -7.13172483 7.06391478 24.41015053
v -7.02449799 7.20241022 23.81580925
v -7.13172483 7.06391478 24.41015053
v -7.02449799 7.20241022 23.81580925
v -7.17678595 7.06242514 24.40453911
v -7.17678595 7.06242514 24.40453911
v -7.02449799 7.20241022 23.81580925
v -7.06765985 7.20257807 23.80541992
v -7.17678595 7.06242514 24.40453911
v -7.06765985 7.20257807 23.80541992
v -7.21610212 7.04132986 24.39596939
v -7.21610212 7.04132986 24.39596939
v -7.06765985 7.20257807 23.80541992
v -7.10545778 7.18418407 23.79113960
v -2.03473091 9.00000000 19.84620094
v -2.50693893 9.00000000 19.86788940
v -2.03473091 8.99382114 19.88080978
v -2.03473091 8.99382114 19.88080978
v -2.50693893 9.00000000 19.86788940
v -2.50410509 8.99510574 19.89866066
v -2.03473091 8.99382114 19.88080978
v -2.50410509 8.99510574 19.89866066
v -2.03473091 8.98660278 19.89620018
v -2.03473091 8.98660278 19.89620018
v -2.50410509 8.99510574 19.89866066
v -2.50154901 8.98090172 19.92642021
v -2.03473091 8.98660278 19.89620018
v -2.50154901 8.98090172 19.92642021
v -2.03473091 8.97071075 19.91691017
v -2.50154901 8.98090172 19.92642021
v -2.50045490 8.97071075 19.93829918
v -2.03473091 8.97071075 19.91691017
v -2.03473091 8.97071075 19.91691017
v -2.50045490 8.97071075 19.93829918
v -2.49952102 8.95878029 19.94845009
v -2.03473091 8.97071075 19.91691017
v -2.49952102 8.95878029 19.94845009
v -2.03473091 8.94999981 19.93280029
v -2.03473091 8.94999981 19.93280029
v -2.49952102 8.95878029 19.94845009
v -2.03473091 8.93461323 19.94001961
v -2.49952102 8.95878029 19.94845009
v -2.49821901 8.93090153 19.96260071
v -2.03473091 8.93461323 19.94001961
v -2.03473091 8.93461323 19.94001961
v -2.49821901 8.93090153 19.96260071
v -2.49777007 8.90000057 19.96747017
v -2.03473091 8.93461323 19.94001961
v -2.49777007 8.90000057 19.96747017
v -2.03473091 8.90000057 19.94619942
v 2.03473091 9.00000000 19.84620094
v -2.03473091 9.00000000 19.84620094
v 2.03473091 8.99382114 19.88080978
v -2.03473091 8.99382114 19.88080978
v 2.03473091 8.99382114 19.88080978
v -2.03473091 8.99382114 19.88080978
v 2.03473091 8.98660278 19.89620018
v -2.03473091 8.98660278 19.89620018
v 2.03473091 8.98660278 19.89620018
v -2.03473091 8.98660278 19.89620018
v 2.03473091 8.97071075 19.91691017
v -2.03473091 8.97071075 19.91691017
v 2.03473091 8.97071075 19.91691017
v -2.03473091 8.97071075 19.91691017
v 2.03473091 8.94999981 19.93280029
v -2.03473091 8.94999981 19.93280029
v 2.03473091 8.94999981 19.93280029
v -2.03473091 8.94999981 19.93280029
v 2.03473091 8.93461323 19.94001961
v -2.03473091 8.93461323 19.94001961
v 2.03473091 8.93461323 19.94001961
v -2.03473091 8.93461323 19.94001961
v 2.03473091 8.90000057 19.94619942
v -2.03473091 8.90000057 19.94619942
v 2.50693893 9.00000000 19.86788940
v 2.03473091 9.00000000 19.84620094
v 2.50410509 8.99510574 19.89866066
v 2.50410509 8.99510574 19.89866066
v 2.03473091 9.00000000 19.84620094
v 2.03473091 8.99382114 19.88080978
v 2.50410509 8.99510574 19.89866066
v 2.03473091 8.99382114 19.88080978
v 2.50154901 8.98090172 19.92642021
v 2.50154901 8.98090172 19.92642021
v 2.03473091 8.99382114 19.88080978
v 2.03473091 8.98660278 19.89620018
v 2.50154901 8.98090172 19.92642021
v 2.03473091 8.98660278 19.89620018
v 2.50045490 8.97071075 19.93829918
v 2.50045490 8.97071075 19.93829918
v 2.03473091 8.98660278 19.89620018
v 2.03473091 8.97071075 19.91691017
v 2.50045490 8.97071075 19.93829918
v 2.03473091 8.97071075 19.91691017
v 2.49952102 8.95878029 19.94845009
v 2.49952102 8.95878029 19.94845009
v 2.03473091 8.97071075 19.91691017
v 2.03473091 8.94999981 19.93280029
v 2.49952102 8.95878029 19.94845009
v 2.03473091 8.94999981 19.93280029
v 2.49821901 8.93090153 19.96260071
v 2.03473091 8.94999981 19.93280029
v 2.03473091 8.93461323 19.94001961
v 2.49821901 8.93090153 19.96260071
v 2.49821901 8.93090153 19.96260071
v 2.03473091 8.93461323 19.94001961
v 2.03473091 8.90000057 19.94619942
v 2.49821901 8.93090153 19.96260071
v 2.03473091 8.90000057 19.94619942
v 2.49777007 8.90000057 19.96747017
v 7.17678595 7.06242514 24.40453911
v 7.21610212 7.04132986 24.39596939
v 7.11165905 7.17702389 23.81662941
v 7.09022188 7.04549313 24.41165924
v 7.13172483 7.06391478 24.41015053
v 7.03052187 7.19545794 23.84089088
v 7.06084299 7.01096010 24.40873909
v 7.09022188 7.04549313 24.41165924
v 6.99042702 7.17677402 23.84522057
v 6.79350615 7.32348919 23.27841949
v 6.94922113 7.10132980 23.83418083
v 6.96141577 7.14318609 23.84283066
v 6.96141577 7.14318609 23.84283066
v 6.94922113 7.10132980 23.83418083
v 7.04965305 6.96744490 24.40200043
v 6.96141577 7.14318609 23.84283066
v 7.04965305 6.96744490 24.40200043
v 7.06084299 7.01096010 24.40873909
v 6.10299397 7.88073301 21.99131966
v 6.23055983 7.74580717 22.18593979
v 6.24511719 7.78211689 22.19342041
v 6.24511719 7.78211689 22.19342041
v 6.23055983 7.74580717 22.18593979
v 6.54025221 7.50342417 22.71524048
v 6.24511719 7.78211689 22.19342041
v 6.54025221 7.50342417 22.71524048
v 6.55441904 7.54146624 22.72410965
v 6.55441904 7.54146624 22.72410965
v 6.54025221 7.50342417 22.71524048
v 6.66877079 7.38996077 22.98917007
v 6.55441904 7.54146624 22.72410965
v 6.66877079 7.38996077 22.98917007
v 6.79350615 7.32348919 23.27841949
v 6.79350615 7.32348919 23.27841949
v 6.66877079 7.38996077 22.98917007
v 6.78021002 7.28354216 23.26907921
v 6.79350615 7.32348919 23.27841949
v 6.78021002 7.28354216 23.26907921
v 6.94922113 7.10132980 23.83418083
v 5.03494501 8.44554043 20.92638969
v 5.19709015 8.33808231 21.05894089
v 5.20986986 8.37121487 21.06109047
v 5.20986986 8.37121487 21.06109047
v 5.19709015 8.33808231 21.05894089
v 5.67179012 8.10073185 21.49272919
v 5.20986986 8.37121487 21.06109047
v 5.67179012 8.10073185 21.49272919
v 5.68580294 8.13500118 21.49724960
v 5.68580294 8.13500118 21.49724960
v 5.67179012 8.10073185 21.49272919
v 5.90046215 7.96650410 21.74678993
v 5.68580294 8.13500118 21.49724960
v 5.90046215 7.96650410 21.74678993
v 6.10299397 7.88073301 21.99131966
v 6.10299397 7.88073301 21.99131966
v 5.90046215 7.96650410 21.74678993
v 6.08844995 7.84504509 21.98457909
v 6.10299397 7.88073301 21.99131966
v 6.08844995 7.84504509 21.98457909
v 6.23055983 7.74580717 22.18593979
v 6.99042702 7.17677402 23.84522057
v 6.99042702 7.17677402 23.84522057
v 7.03052187 7.19545794 23.84089088
v 6.85984516 7.37504721 23.27257919
v 6.82180500 7.35600615 23.27965927
v 6.82180500 7.35600615 23.27965927
v 6.85984516 7.37504721 23.27257919
v 6.61694384 7.59241104 22.71393967
v 6.58154392 7.57293892 22.72364044
v 6.58154392 7.57293892 22.72364044
v 6.61694384 7.59241104 22.71393967
v 6.30281115 7.83261299 22.17873955
v 6.27054501 7.81266880 22.19088936
v 6.27054501 7.81266880 22.19088936
v 6.30281115 7.83261299 22.17873955
v 6.15849781 7.93109703 21.97484016
v 6.12759781 7.91095877 21.98789978
v 6.12759781 7.91095877 21.98789978
v 6.15849781 7.93109703 21.97484016
v 5.73496723 8.18513012 21.47624969
v 5.70788717 8.16450119 21.49148941
v 5.70788717 8.16450119 21.49148941
v 5.73496723 8.18513012 21.47624969
v 5.25194216 8.42123795 21.03597069
v 5.70788717 8.16450119 21.49148941
v 5.25194216 8.42123795 21.03597069
v 5.22896004 8.40015602 21.05308914
v 5.22896004 8.40015602 21.05308914
v 5.25194216 8.42123795 21.03597069
v 5.07444191 8.49554729 20.89998055
v 5.05291414 8.47432327 20.91768074
v 5.05291414 8.47432327 20.91768074
v 5.07444191 8.49554729 20.89998055
v 4.54705715 8.68117714 20.56113052
v 4.52972698 8.65960407 20.58027077
v 4.52972698 8.65960407 20.58027077
v 4.54705715 8.68117714 20.56113052
v 3.98382306 8.82662106 20.28944969
v 3.97082400 8.80477715 20.30974960
v 3.97082400 8.80477715 20.30974960
v 3.98382306 8.82662106 20.28944969
v 3.67967701 8.88431835 20.17593002
v 3.66896796 8.86236572 20.19673920
v 7.06084299 7.01096010 24.40873909
v 6.99042702 7.17677402 23.84522057
v 6.96141577 7.14318609 23.84283066
v 6.96141577 7.14318609 23.84283066
v 6.99042702 7.17677402 23.84522057
v 6.82180500 7.35600615 23.27965927
v 6.96141577 7.14318609 23.84283066
v 6.82180500 7.35600615 23.27965927
v 6.79350615 7.32348919 23.27841949
v 6.79350615 7.32348919 23.27841949
v 6.82180500 7.35600615 23.27965927
v 6.58154392 7.57293892 22.72364044
v 6.79350615 7.32348919 23.27841949
v 6.58154392 7.57293892 22.72364044
v 6.55441904 7.54146624 22.72410965
v 6.55441904 7.54146624 22.72410965
v 6.58154392 7.57293892 22.72364044
v 6.27054501 7.81266880 22.19088936
v 6.55441904 7.54146624 22.72410965
v 6.27054501 7.81266880 22.19088936
v 6.24511719 7.78211689 22.19342041
v 6.24511719 7.78211689 22.19342041
v 6.27054501 7.81266880 22.19088936
v 6.12759781 7.91095877 21.98789978
v 6.24511719 7.78211689 22.19342041
v 6.12759781 7.91095877 21.98789978
v 6.10299397 7.88073301 21.99131966
v 6.10299397 7.88073301 21.99131966
v 6.12759781 7.91095877 21.98789978
v 5.70788717 8.16450119 21.49148941
v 6.10299397 7.88073301 21.99131966
v 5.70788717 8.16450119 21.49148941
v 5.68580294 8.13500118 21.49724960
v 5.68580294 8.13500118 21.49724960
v 5.70788717 8.16450119 21.49148941
v 5.22896004 8.40015602 21.05308914
v 5.68580294 8.13500118 21.49724960
v 5.22896004 8.40015602 21.05308914
v 5.20986986 8.37121487 21.06109047
v 5.20986986 8.37121487 21.06109047
v 5.22896004 8.40015602 21.05308914
v 5.05291414 8.47432327 20.91768074
v 5.03494501 8.44554043 20.92638969
v 5.03494501 8.44554043 20.92638969
v 5.05291414 8.47432327 20.91768074
v 4.52972698 8.65960407 20.58027077
v 5.03494501 8.44554043 20.92638969
v 4.52972698 8.65960407 20.58027077
v 4.51512623 8.63118458 20.59081078
v 4.51512623 8.63118458 20.59081078
v 4.52972698 8.65960407 20.58027077
v 3.97082400 8.80477715 20.30974960
v 4.51512623 8.63118458 20.59081078
v 3.97082400 8.80477715 20.30974960
v 3.95986104 8.77661800 20.32180977
v 3.95986104 8.77661800 20.32180977
v 3.97082400 8.80477715 20.30974960
v 3.66896796 8.86236572 20.19673920
v 3.65998006 8.83430767 20.20943069
v 3.48212790 8.82999516 20.15806007
v 3.65364003 8.80303097 20.21272087
v 3.65998006 8.83430767 20.20943069
v 3.65998006 8.83430767 20.20943069
v 3.65364003 8.80303097 20.21272087
v 3.95209408 8.74512863 20.32434082
v 3.65998006 8.83430767 20.20943069
v 3.95209408 8.74512863 20.32434082
v 3.95986104 8.77661800 20.32180977
v 3.95986104 8.77661800 20.32180977
v 3.95209408 8.74512863 20.32434082
v 4.50490284 8.59914207 20.59156990
v 3.95986104 8.77661800 20.32180977
v 4.50490284 8.59914207 20.59156990
v 4.51512623 8.63118458 20.59081078
v 4.51512623 8.63118458 20.59081078
v 4.50490284 8.59914207 20.59156990
v 4.80810404 8.49619102 20.77589989
v 4.51512623 8.63118458 20.59081078
v 4.80810404 8.49619102 20.77589989
v 5.03494501 8.44554043 20.92638969
v 5.03494501 8.44554043 20.92638969
v 4.80810404 8.49619102 20.77589989
v 5.02273798 8.41273403 20.92503929
v 5.03494501 8.44554043 20.92638969
v 5.02273798 8.41273403 20.92503929
v 5.19709015 8.33808231 21.05894089
v 3.67967701 8.88431835 20.17593002
v 3.09938788 8.95639801 20.01699066
v 3.66896796 8.86236572 20.19673920
v 3.09298205 8.93431568 20.03852081
v 3.66896796 8.86236572 20.19673920
v 3.09298205 8.93431568 20.03852081
v 3.65998006 8.83430767 20.20943069
v 3.65998006 8.83430767 20.20943069
v 3.09298205 8.93431568 20.03852081
v 3.08777595 8.90638638 20.05212975
v 3.65998006 8.83430767 20.20943069
v 3.08777595 8.90638638 20.05212975
v 3.48212790 8.82999516 20.15806007
v 3.48212790 8.82999516 20.15806007
v 3.08777595 8.90638638 20.05212975
v 3.08428693 8.87537479 20.05647087
v 7.17678595 7.06242514 24.40453911
v 7.11165905 7.17702389 23.81662941
v 7.07378101 7.19554710 23.83069038
v 7.07378101 7.19554710 23.83069038
v 7.11165905 7.17702389 23.81662941
v 6.93635321 7.36169815 23.23999023
v 7.07378101 7.19554710 23.83069038
v 6.93635321 7.36169815 23.23999023
v 6.90055084 7.37706900 23.25848007
v 6.90055084 7.37706900 23.25848007
v 6.93635321 7.36169815 23.23999023
v 6.68774700 7.58455086 22.67477989
v 6.90055084 7.37706900 23.25848007
v 6.68774700 7.58455086 22.67477989
v 6.65450716 7.59651804 22.69664955
v 6.65450716 7.59651804 22.69664955
v 6.68774700 7.58455086 22.67477989
v 6.36710691 7.83020878 22.13454056
v 6.65450716 7.59651804 22.69664955
v 6.36710691 7.83020878 22.13454056
v 6.33679485 7.83878613 22.15891075
v 6.33679485 7.83878613 22.15891075
v 6.36710691 7.83020878 22.13454056
v 6.22002220 7.93078804 21.92898941
v 6.33679485 7.83878613 22.15891075
v 6.22002220 7.93078804 21.92898941
v 6.19096184 7.93806124 21.95414925
v 6.19096184 7.93806124 21.95414925
v 6.22002220 7.93078804 21.92898941
v 5.78887987 8.18993092 21.42684937
v 6.19096184 7.93806124 21.95414925
v 5.78887987 8.18993092 21.42684937
v 5.76327801 8.19402027 21.45365906
v 5.76327801 8.19402027 21.45365906
v 5.78887987 8.18993092 21.42684937
v 5.29782295 8.43048763 20.98389053
v 5.76327801 8.19402027 21.45365906
v 5.29782295 8.43048763 20.98389053
v 5.27590704 8.43179607 21.01189041
v 5.27590704 8.43179607 21.01189041
v 5.29782295 8.43048763 20.98389053
v 5.11748981 8.50614929 20.84712982
v 5.27590704 8.43179607 21.01189041
v 5.11748981 8.50614929 20.84712982
v 5.09688520 8.50660706 20.87545967
v 5.09688520 8.50660706 20.87545967
v 5.11748981 8.50614929 20.84712982
v 4.58196211 8.69507504 20.50646973
v 5.09688520 8.50660706 20.87545967
v 4.58196211 8.69507504 20.50646973
v 4.56515121 8.69346523 20.53557014
v 4.56515121 8.69346523 20.53557014
v 4.58196211 8.69507504 20.50646973
v 4.01035595 8.84303570 20.23335075
v 4.56515121 8.69346523 20.53557014
v 4.01035595 8.84303570 20.23335075
v 3.99748302 8.83983898 20.26305008
v 3.99748302 8.83983898 20.26305008
v 4.01035595 8.84303570 20.23335075
v 3.70178890 8.90172100 20.11919975
v 3.99748302 8.83983898 20.26305008
v 3.70178890 8.90172100 20.11919975
v 3.69100595 8.89790058 20.14916992
v 3.69100595 8.89790058 20.14916992
v 3.70178890 8.90172100 20.11919975
v 3.11319900 8.97504425 19.95924950
v 3.69100595 8.89790058 20.14916992
v 3.11319900 8.97504425 19.95924950
v 3.10635805 8.97043800 19.98966026
v 3.10635805 8.97043800 19.98966026
v 3.11319900 8.97504425 19.95924950
v 2.50693893 9.00000000 19.86788940
v 3.10635805 8.97043800 19.98966026
v 2.50693893 9.00000000 19.86788940
v 2.50410509 8.99510574 19.89866066
v 2.50410509 8.99510574 19.89866066
v 3.09938788 8.95639801 20.01699066
v 3.10635805 8.97043800 19.98966026
v 3.10635805 8.97043800 19.98966026
v 3.09938788 8.95639801 20.01699066
v 3.67967701 8.88431835 20.17593002
v 3.69100595 8.89790058 20.14916992
v 3.69100595 8.89790058 20.14916992
v 3.67967701 8.88431835 20.17593002
v 3.98382306 8.82662106 20.28944969
v 3.99748302 8.83983898 20.26305008
v 3.99748302 8.83983898 20.26305008
v 3.98382306 8.82662106 20.28944969
v 4.54705715 8.68117714 20.56113052
v 3.99748302 8.83983898 20.26305008
v 4.54705715 8.68117714 20.56113052
v 4.56515121 8.69346523 20.53557014
v 4.56515121 8.69346523 20.53557014
v 4.54705715 8.68117714 20.56113052
v 5.07444191 8.49554729 20.89998055
v 4.56515121 8.69346523 20.53557014
v 5.07444191 8.49554729 20.89998055
v 5.09688520 8.50660706 20.87545967
v 5.25194216 8.42123795 21.03597069
v 5.27590704 8.43179607 21.01189041
v 5.73496723 8.18513012 21.47624969
v 5.27590704 8.43179607 21.01189041
v 5.73496723 8.18513012 21.47624969
v 5.76327801 8.19402027 21.45365906
v 5.76327801 8.19402027 21.45365906
v 5.73496723 8.18513012 21.47624969
v 6.15849781 7.93109703 21.97484016
v 5.76327801 8.19402027 21.45365906
v 6.15849781 7.93109703 21.97484016
v 6.19096184 7.93806124 21.95414925
v 6.19096184 7.93806124 21.95414925
v 6.15849781 7.93109703 21.97484016
v 6.30281115 7.83261299 22.17873955
v 6.19096184 7.93806124 21.95414925
v 6.30281115 7.83261299 22.17873955
v 6.33679485 7.83878613 22.15891075
v 6.33679485 7.83878613 22.15891075
v 6.30281115 7.83261299 22.17873955
v 6.61694384 7.59241104 22.71393967
v 6.33679485 7.83878613 22.15891075
v 6.61694384 7.59241104 22.71393967
v 6.65450716 7.59651804 22.69664955
v 6.65450716 7.59651804 22.69664955
v 6.61694384 7.59241104 22.71393967
v 6.85984516 7.37504721 23.27257919
v 6.65450716 7.59651804 22.69664955
v 6.85984516 7.37504721 23.27257919
v 6.90055084 7.37706900 23.25848007
v 6.90055084 7.37706900 23.25848007
v 6.85984516 7.37504721 23.27257919
v 7.03052187 7.19545794 23.84089088
v 6.90055084 7.37706900 23.25848007
v 7.03052187 7.19545794 23.84089088
v 7.07378101 7.19554710 23.83069038
v 7.07378101 7.19554710 23.83069038
v 7.03052187 7.19545794 23.84089088
v 7.13172483 7.06391478 24.41015053
v 7.07378101 7.19554710 23.83069038
v 7.13172483 7.06391478 24.41015053
v 7.17678595 7.06242514 24.40453911
v 2.49777007 8.90000057 19.96747017
v 3.08428693 8.87537479 20.05647087
v 2.49821901 8.93090153 19.96260071
v 2.49821901 8.93090153 19.96260071
v 3.08428693 8.87537479 20.05647087
v 3.08777595 8.90638638 20.05212975
v 2.49821901 8.93090153 19.96260071
v 3.08777595 8.90638638 20.05212975
v 2.49952102 8.95878029 19.94845009
v 3.09298205 8.93431568 20.03852081
v 2.49952102 8.95878029 19.94845009
v 3.09298205 8.93431568 20.03852081
v 2.50045490 8.97071075 19.93829918
v 2.50045490 8.97071075 19.93829918
v 3.09298205 8.93431568 20.03852081
v 3.09938788 8.95639801 20.01699066
v 2.50045490 8.97071075 19.93829918
v 3.09938788 8.95639801 20.01699066
v 2.50154901 8.98090172 19.92642021
v 2.50154901 8.98090172 19.92642021
v 7.11593819 6.86120510 24.96143913
v 7.18210411 6.74972582 25.51988029
v 7.12735891 6.90499687 24.96861076
v 7.12735891 6.90499687 24.96861076
v 7.18210411 6.74972582 25.51988029
v 7.19376516 6.79379416 25.52750969
v 7.12735891 6.90499687 24.96861076
v 7.19376516 6.79379416 25.52750969
v 7.15723419 6.93959522 24.97180939
v 7.22415018 6.82844782 25.53100967
v 7.15723419 6.93959522 24.97180939
v 7.22415018 6.82844782 25.53100967
v 7.19928789 6.95773411 24.97035980
v 7.19928789 6.95773411 24.97035980
v 7.22415018 6.82844782 25.53100967
v 7.26676798 6.84628391 25.52960968
v 7.19928789 6.95773411 24.97035980
v 7.26676798 6.84628391 25.52960968
v 7.24469185 6.95560408 24.96455956
v 7.24469185 6.95560408 24.96455956
v 7.26676798 6.84628391 25.52960968
v 7.31251287 6.84349203 25.52362061
v 7.24469185 6.95560408 24.96455956
v 7.31251287 6.84349203 25.52362061
v 7.28391314 6.93365383 24.95564079
v 7.28391314 6.93365383 24.95564079
v 7.31251287 6.84349203 25.52362061
v 7.35161304 6.82066917 25.51431084
v 7.04965305 6.96744490 24.40200043
v 7.06084299 7.01096010 24.40873909
v 7.06084299 7.01096010 24.40873909
v 7.11593819 6.86120510 24.96143913
v 7.06084299 7.01096010 24.40873909
v 7.12735891 6.90499687 24.96861076
v 7.09022188 7.04549313 24.41165924
v 7.09022188 7.04549313 24.41165924
v 7.09022188 7.04549313 24.41165924
v 7.15723419 6.93959522 24.97180939
v 7.13172483 7.06391478 24.41015053
v 7.13172483 7.06391478 24.41015053
v 7.13172483 7.06391478 24.41015053
v 7.19928789 6.95773411 24.97035980
v 7.17678595 7.06242514 24.40453911
v 7.17678595 7.06242514 24.40453911
v 7.19928789 6.95773411 24.97035980
v 7.24469185 6.95560408 24.96455956
v 7.17678595 7.06242514 24.40453911
v 7.24469185 6.95560408 24.96455956
v 7.21610212 7.04132986 24.39596939
v 7.21610212 7.04132986 24.39596939
v 7.24469185 6.95560408 24.96455956
v 7.28391314 6.93365383 24.95564079
v 7.32055378 6.58762312 26.69891930
v 7.30013514 6.55194378 26.69400024
v 7.33102894 6.49115992 27.08085060
v 7.49699116 6.52100182 27.07504082
v 7.46824884 6.59122276 26.68810081
v 7.45563698 6.54750395 27.08246040
v 7.45563698 6.54750395 27.08246040
v 7.46824884 6.59122276 26.68810081
v 7.43452501 6.61425209 26.69491959
v 7.45563698 6.54750395 27.08246040
v 7.43452501 6.61425209 26.69491959
v 7.42619324 6.55252886 27.08530045
v 7.42619324 6.55252886 27.08530045
v 7.43452501 6.61425209 26.69491959
v 7.39404821 6.62169695 26.69942093
v 7.42619324 6.55252886 27.08530045
v 7.39404821 6.62169695 26.69942093
v 7.40623713 6.55094814 27.08636093
v 7.40623713 6.55094814 27.08636093
v 7.39404821 6.62169695 26.69942093
v 7.35375500 6.61228323 26.70084000
v 7.40623713 6.55094814 27.08636093
v 7.35375500 6.61228323 26.70084000
v 7.36097813 6.53048420 27.08576965
v 7.36097813 6.53048420 27.08576965
v 7.35375500 6.61228323 26.70084000
v 7.32055378 6.58762312 26.69891930
v 7.36097813 6.53048420 27.08576965
v 7.32055378 6.58762312 26.69891930
v 7.35345697 6.52387190 27.08510971
v 7.35345697 6.52387190 27.08510971
v 7.32055378 6.58762312 26.69891930
v 7.33102894 6.49115992 27.08085060
v 7.18210411 6.74972582 25.51988029
v 7.30013514 6.55194378 26.69400024
v 7.19376516 6.79379416 25.52750969
v 7.19376516 6.79379416 25.52750969
v 7.30013514 6.55194378 26.69400024
v 7.32055378 6.58762312 26.69891930
v 7.19376516 6.79379416 25.52750969
v 7.32055378 6.58762312 26.69891930
v 7.22415018 6.82844782 25.53100967
v 7.22415018 6.82844782 25.53100967
v 7.32055378 6.58762312 26.69891930
v 7.35375500 6.61228323 26.70084000
v 7.22415018 6.82844782 25.53100967
v 7.35375500 6.61228323 26.70084000
v 7.26676798 6.84628391 25.52960968
v 7.26676798 6.84628391 25.52960968
v 7.35375500 6.61228323 26.70084000
v 7.39404821 6.62169695 26.69942093
v 7.26676798 6.84628391 25.52960968
v 7.39404821 6.62169695 26.69942093
v 7.31251287 6.84349203 25.52362061
v 7.31251287 6.84349203 25.52362061
v 7.39404821 6.62169695 26.69942093
v 7.43452501 6.61425209 26.69491959
v 7.43452501 6.61425209 26.69491959
v 7.35161304 6.82066917 25.51431084
v 7.43452501 6.61425209 26.69491959
v 7.46824884 6.59122276 26.68810081
v 7.24610710 6.07621717 29.21809959
v 7.26756620 6.06334591 29.22473907
v 7.28630114 6.07119799 29.17259026
v 7.22251606 6.08294678 29.20982933
v 7.24610710 6.07621717 29.21809959
v 7.26363087 6.08411121 29.16629982
v 7.19837523 6.08308506 29.20047951
v 7.22251606 6.08294678 29.20982933
v 7.23881006 6.09038019 29.15823936
v 7.19837523 6.08308506 29.20047951
v 7.23881006 6.09038019 29.15823936
v 7.21362686 6.08955383 29.14900017
v 7.21362686 6.08955383 29.14900017
v 7.23881006 6.09038019 29.15823936
v 7.33501816 6.17161417 28.73500061
v 7.21362686 6.08955383 29.14900017
v 7.33501816 6.17161417 28.73500061
v 7.30397701 6.16201591 28.72640991
v 7.24610710 6.07621717 29.21809959
v 7.28630114 6.07119799 29.17259026
v 7.26363087 6.08411121 29.16629982
v 7.26363087 6.08411121 29.16629982
v 7.28630114 6.07119799 29.17259026
v 7.39909506 6.15816021 28.74515915
v 7.26363087 6.08411121 29.16629982
v 7.39909506 6.15816021 28.74515915
v 7.36796379 6.17027903 28.74148941
v 7.36796379 6.17027903 28.74148941
v 7.39909506 6.15816021 28.74515915
v 7.46329594 6.27664280 28.26853943
v 7.36796379 6.17027903 28.74148941
v 7.46329594 6.27664280 28.26853943
v 7.42492199 6.28654909 28.26745987
v 7.42492199 6.28654909 28.26745987
v 7.46329594 6.27664280 28.26853943
v 7.48249006 6.38837385 27.82398987
v 7.42492199 6.28654909 28.26745987
v 7.48249006 6.38837385 27.82398987
v 7.43891287 6.39574289 27.82502937
v 7.22251606 6.08294678 29.20982933
v 7.26363087 6.08411121 29.16629982
v 7.23881006 6.09038019 29.15823936
v 7.23881006 6.09038019 29.15823936
v 7.26363087 6.08411121 29.16629982
v 7.36796379 6.17027903 28.74148941
v 7.23881006 6.09038019 29.15823936
v 7.36796379 6.17027903 28.74148941
v 7.33501816 6.17161417 28.73500061
v 7.33501816 6.17161417 28.73500061
v 7.36796379 6.17027903 28.74148941
v 7.42492199 6.28654909 28.26745987
v 7.33501816 6.17161417 28.73500061
v 7.42492199 6.28654909 28.26745987
v 7.38594580 6.28122997 28.26251030
v 7.38594580 6.28122997 28.26251030
v 7.42492199 6.28654909 28.26745987
v 7.43891287 6.39574289 27.82502937
v 7.38594580 6.28122997 28.26251030
v 7.43891287 6.39574289 27.82502937
v 7.39639997 6.38413000 27.82155037
v 7.49699116 6.52100182 27.07504082
v 7.48249006 6.38837385 27.82398987
v 7.51861382 6.36346388 27.81862068
v 7.51861382 6.36346388 27.81862068
v 7.48249006 6.38837385 27.82398987
v 7.46329594 6.27664280 28.26853943
v 7.51861382 6.36346388 27.81862068
v 7.46329594 6.27664280 28.26853943
v 7.49503708 6.25307083 28.26557922
v 7.49503708 6.25307083 28.26557922
v 7.46329594 6.27664280 28.26853943
v 7.39909506 6.15816021 28.74515915
v 7.49503708 6.25307083 28.26557922
v 7.39909506 6.15816021 28.74515915
v 7.42489386 6.13662720 28.74558067
v 7.42489386 6.13662720 28.74558067
v 7.39909506 6.15816021 28.74515915
v 7.28630114 6.07119799 29.17259026
v 7.42489386 6.13662720 28.74558067
v 7.28630114 6.07119799 29.17259026
v 7.30518818 6.05257177 29.17667007
v 7.30518818 6.05257177 29.17667007
v 7.28630114 6.07119799 29.17259026
v 7.26756620 6.06334591 29.22473907
v 7.30518818 6.05257177 29.17667007
v 7.26756620 6.06334591 29.22473907
v 7.28545713 6.04519606 29.22929955
v 7.49699116 6.52100182 27.07504082
v 7.45563698 6.54750395 27.08246040
v 7.48249006 6.38837385 27.82398987
v 7.48249006 6.38837385 27.82398987
v 7.45563698 6.54750395 27.08246040
v 7.42619324 6.55252886 27.08530045
v 7.48249006 6.38837385 27.82398987
v 7.42619324 6.55252886 27.08530045
v 7.43891287 6.39574289 27.82502937
v 7.43891287 6.39574289 27.82502937
v 7.42619324 6.55252886 27.08530045
v 7.40623713 6.55094814 27.08636093
v 7.40623713 6.55094814 27.08636093
v 7.39639997 6.38413000 27.82155037
v 7.39639997 6.38413000 27.82155037
v 7.30397701 6.16201591 28.72640991
v 7.33501816 6.17161417 28.73500061
v 7.32428694 6.19244385 28.57712936
v 7.32428694 6.19244385 28.57712936
v 7.33501816 6.17161417 28.73500061
v 7.38594580 6.28122997 28.26251030
v 7.32428694 6.19244385 28.57712936
v 7.38594580 6.28122997 28.26251030
v 7.35249615 6.26152277 28.25447083
v 7.35249615 6.26152277 28.25447083
v 7.38594580 6.28122997 28.26251030
v 7.39639997 6.38413000 27.82155037
v 7.35249615 6.26152277 28.25447083
v 7.39639997 6.38413000 27.82155037
v 7.36325979 6.35580587 27.81421089
v 7.36325979 6.35580587 27.81421089
v 7.36325979 6.35580587 27.81421089
v 7.35345697 6.52387190 27.08510971
v 7.33102894 6.49115992 27.08085060
v 7.08384895 6.06370878 29.58757019
v 7.22251606 6.08294678 29.20982933
v 7.17314482 6.07457304 29.28330040
v 7.17314482 6.07457304 29.28330040
v 7.22251606 6.08294678 29.20982933
v 7.19837523 6.08308506 29.20047951
v 7.26756620 6.06334591 29.22473907
v 7.14361477 6.04409695 29.55261993
v 7.22546816 6.03998995 29.36511993
v 7.22546816 6.03998995 29.36511993
v 7.25209999 6.04142523 29.30462074
v 7.26756620 6.06334591 29.22473907
v 7.26756620 6.06334591 29.22473907
v 7.25209999 6.04142523 29.30462074
v 7.25875378 6.04199982 29.28956032
v 7.26756620 6.06334591 29.22473907
v 7.25875378 6.04199982 29.28956032
v 7.28545713 6.04519606 29.22929955
v 7.00324583 6.08175802 29.87961960
v 7.10393620 6.05778217 29.59499931
v 7.08384895 6.06370878 29.58757019
v 7.08384895 6.06370878 29.58757019
v 7.10393620 6.05778217 29.59499931
v 7.24610710 6.07621717 29.21809959
v 7.08384895 6.06370878 29.58757019
v 7.24610710 6.07621717 29.21809959
v 7.22251606 6.08294678 29.20982933
v 7.26756620 6.06334591 29.22473907
v 7.24610710 6.07621717 29.21809959
v 7.14361477 6.04409695 29.55261993
v 7.14361477 6.04409695 29.55261993
v 7.24610710 6.07621717 29.21809959
v 7.10393620 6.05778217 29.59499931
v 7.14361477 6.04409695 29.55261993
v 7.10393620 6.05778217 29.59499931
v 7.12225580 6.04727507 29.60190964
v 7.12225580 6.04727507 29.60190964
v 7.10393620 6.05778217 29.59499931
v 7.00324583 6.08175802 29.87961960
f 1 2 3
f 4 5 6
f 1 3 7
f 6 8 4
f 4 8 9
f 4 9 3
f 3 9 10
f 3 10 7
f 11 12 13
f 13 12 14
f 15 16 17
f 17 16 18
f 19 20 21
f 22 23 24
f 25 26 27
f 28 29 30
f 31 32 33
f 34 35 36
f 37 38 39
f 40 41 42
f 43 44 45
f 46 47 48
f 49 50 51
f 52 53 54
f 55 56 57
f 58 59 60
f 61 62 63
f 64 65 66
f 67 68 69
f 70 71 72
f 72 71 73
f 74 75 76
f 77 78 79
f 80 81 82
f 83 84 85
f 86 87 88
f 89 90 91
f 92 93 94
f 92 94 95
f 96 97 98
f 96 98 99
f 100 101 102
f 100 102 103
f 104 105 106
f 107 108 109
f 110 111 112
f 113 114 115
f 116 117 118
f 118 117 119
f 120 121 122
f 122 121 123
f 124 125 126
f 126 125 127
f 128 129 130
f 131 132 133
f 133 132 134
f 135 136 137
f 138 139 140
f 141 142 143
f 144 145 146
f 147 148 149
f 150 151 152
f 153 154 155
f 156 157 158
f 159 160 161
f 162 163 164
f 165 166 167
f 168 169 170
f 171 172 173
f 174 175 176
f 177 178 179
f 180 181 182
f 183 184 185
f 186 187 188
f 188 187 189
f 190 191 192
f 193 194 195
f 196 197 198
f 199 200 201
f 202 203 204
f 205 206 207
f 208 209 210
f 208 210 211
f 212 213 214
f 212 214 215
f 216 217 218
f 216 218 219
f 220 221 222
f 223 224 225
f 226 227 228
f 229 230 231
f 232 233 234
f 234 233 235
f 236 237 238
f 238 237 239
f 240 241 242
f 242 241 243
f 244 245 246
f 247 248 249
f 250 251 252
f 253 254 255
f 256 257 258
f 259 260 261
f 262 263 264
f 265 266 267
f 268 269 270
f 271 272 273
f 274 275 276
f 277 278 279
f 280 281 282
f 283 284 285
f 286 287 273
f 288 289 290
f 291 292 293
f 276 294 274
f 295 296 297
f 298 299 300
f 301 302 303
f 304 305 306
f 307 303 308
f 309 310 311
f 312 313 314
f 315 316 317
f 318 270 269
f 319 320 321
f 321 320 322
f 323 324 325
f 325 324 326
f 327 328 329
f 329 328 330
f 331 332 333
f 333 332 334
f 335 336 337
f 337 336 338
f 339 340 341
f 342 343 344
f 345 346 347
f 348 349 350
f 351 352 353
f 354 355 356
f 357 358 359
f 360 361 362
f 363 364 365
f 366 367 368
f 369 370 371
f 372 373 374
f 375 376 377
f 378 379 380
f 381 382 383
f 384 385 386
f 387 388 389
f 390 391 392
f 393 394 395
f 396 397 398
f 399 400 401
f 402 403 404
f 405 406 407
f 408 409 410
f 411 412 413
f 414 415 416
f 417 418 419
f 420 421 422
f 423 424 425
f 426 427 428
f 429 430 431
f 432 433 434
f 435 436 437
f 438 439 440
f 441 442 443
f 444 445 446
f 447 448 449
f 450 451 452
f 450 452 453
f 454 455 456
f 457 458 459
f 460 461 462
f 463 464 465
f 466 467 468
f 469 470 471
f 472 473 474
f 475 476 477
f 478 479 480
f 481 482 483
f 484 485 486
f 487 488 489
f 490 491 492
f 493 494 495
f 496 497 498
f 498 497 499
f 498 499 500
f 501 502 503
f 504 505 506
f 507 508 509
f 510 511 512
f 513 514 515
f 513 515 516
f 516 515 517
f 508 518 509
f 519 520 521
f 522 523 524
f 525 526 527
f 528 529 530
f 531 532 533
f 534 535 536
f 537 538 539
f 540 541 542
f 543 544 545
f 546 547 548
f 549 550 551
f 552 553 554
f 555 556 557
f 558 559 560
f 561 562 563
f 564 565 566
f 567 568 569
f 570 571 572
f 573 574 575
f 576 577 578
f 579 580 581
f 582 583 584
f 576 578 585
f 586 587 588
f 589 590 591
f 592 593 594
f 595 596 597
f 598 599 600
f 601 602 603
f 604 605 606
f 607 608 609
f 610 611 612
f 613 614 615
f 616 617 618
f 619 620 621
f 622 623 624
f 625 626 627
f 628 629 630
f 631 632 633
f 634 635 636
f 637 638 639
f 640 641 642
f 643 644 645
f 646 647 648
f 649 650 651
f 652 653 654
f 655 656 657
f 655 657 658
f 659 660 661
f 659 661 662
f 663 664 665
f 663 665 666
f 667 668 669
f 667 669 670
f 671 672 673
f 671 673 674
f 675 676 677
f 675 677 678
f 679 680 681
f 682 683 684
f 685 686 687
f 688 689 690
f 691 692 693
f 694 695 696
f 694 696 697
f 698 699 700
f 698 700 701
f 702 703 704
f 702 704 705
f 706 707 708
f 706 708 709
f 710 711 712
f 713 714 715
f 716 717 718
f 719 720 721
f 722 723 724
f 725 726 727
f 728 729 730
f 730 729 731
f 732 733 734
f 735 736 737
f 738 739 740
f 741 742 743
f 744 745 746
f 747 748 749
f 750 751 752
f 753 754 755
f 756 757 758
f 759 760 761
f 762 763 764
f 765 766 767
f 768 769 770
f 771 772 773
f 774 775 776
f 777 778 779
f 780 781 782
f 783 784 785
f 786 787 788
f 789 790 791
f 792 793 794
f 795 796 797
f 798 799 800
f 801 802 803
f 804 805 806
f 807 808 809
f 810 811 812
f 813 814 815
f 816 817 818
f 819 820 821
f 822 823 824
f 825 826 827
f 828 829 830
f 831 832 833
f 834 835 836
f 837 838 839
f 840 841 842
f 843 844 845
f 846 847 848
f 849 850 851
f 852 853 854
f 855 856 857
f 858 859 860
f 861 862 863
f 864 865 866
f 867 868 869
f 870 871 872
f 873 874 875
f 876 877 878
f 879 880 881
f 882 883 884
f 885 886 887
f 888 889 890
f 891 892 893
f 894 895 896
f 897 898 899
f 900 901 902
f 903 904 905
f 906 907 908
f 909 910 911
f 912 913 914
f 915 916 917
f 918 919 920
f 921 922 923
f 924 925 926
f 927 928 929
f 930 931 932
f 933 934 935
f 936 937 938
f 939 940 941
f 942 943 944
f 945 946 947
f 948 949 950
f 951 952 953
f 954 955 956
f 957 958 959
f 960 961 962
f 963 964 965
f 966 967 968
f 969 970 971
f 972 973 974
f 975 976 977
f 978 979 980
f 981 982 983
f 984 985 986
f 987 988 989
f 990 991 992
f 993 994 995
f 996 997 998
f 999 1000 1001
f 1002 1000 999
f 1003 1004 1005
f 1006 1007 1008
f 1009 1007 1006
f 1010 1011 1012
f 1013 1010 1012
f 1014 1015 1016
f 1017 1015 1014
f 1018 1019 1020
f 1021 1022 1023
f 1024 1025 1026
f 1027 1028 1029
f 1030 1031 1032
f 1033 1034 1035
f 1036 1037 1038
f 1039 1040 1041
f 1042 1043 1044
f 1045 1046 1047
f 1048 1049 1050
f 1051 1052 1053
f 1054 1055 1056
f 1057 1058 1059
f 1060 1061 1062
f 1063 1064 1065
f 1066 1067 1068
f 1069 1070 1071
f 1072 1073 1074
f 1075 1076 1077
f 1078 1079 1080
f 1081 1082 1083
f 1084 1085 1086
f 1087 1088 1089
f 1090 1091 1092
f 1093 1094 1095
f 1096 1097 1098
f 1099 1100 1101
f 1102 1103 1104
f 1105 1106 1107
f 1108 1109 1110
f 1111 1112 1113
f 1114 1115 1116
f 1117 1118 1119
f 1120 1121 1122
f 1123 1124 1125
f 1126 1127 1128
f 1129 1130 1131
f 1132 1133 1134
f 1132 1134 1135
f 1136 1137 1138
f 1139 1140 1141
f 1142 1143 1144
f 1145 1146 1147
f 1148 1149 1150
f 1151 1152 1153
f 1154 1155 1150
f 1156 1157 1158
f 1159 1160 1161
f 1162 1163 1164
f 1165 1166 1167
f 1168 1169 1170
f 1171 1172 1173
f 1174 1175 1176
f 1177 1178 1179
f 1180 1181 1182
f 1180 1182 1183
f 1184 1185 1186
f 1184 1186 1187
f 1188 1189 1190
f 1188 1190 1191
f 1192 1193 1194
f 1192 1194 1195
f 1196 1197 1198
f 1196 1198 1199
f 1200 1201 1202
f 1200 1202 1203
f 1204 1205 1206
f 1207 1208 1209
f 1210 1211 1212
f 1213 1214 1215
f 1213 1215 1216
f 1217 1218 1219
f 1217 1219 1220
f 1221 1222 1223
f 1221 1223 1224
f 1225 1226 1227
f 1225 1227 1228
f 1229 1230 1231
f 1229 1231 1232
f 1233 1234 1235
f 1233 1235 1236
f 1237 1238 1239
f 1237 1239 1240
f 1241 1242 1243
f 1244 1245 1246
f 1247 1248 1249
f 1250 1251 1252
f 1250 1252 1253
f 1254 1255 1256
f 1254 1256 1257
f 1258 1259 1260
f 1258 1260 1261
f 1262 1263 1264
f 1262 1264 1265
f 1266 1267 1268
f 1266 1268 1269
f 1270 1271 1272
f 1270 1272 1273
f 1274 1275 1276
f 1274 1276 1277
f 1278 1279 1280
f 1278 1280 1281
f 1282 1283 1284
f 1282 1284 1285
f 1286 1287 1288
f 1289 1290 1291
f 1292 1293 1294
f 1295 1296 1297
f 1295 1297 1298
f 1299 1300 1301
f 1302 1303 1304
f 1305 1306 1307
f 1308 1309 1310
f 1311 1312 1313
f 1311 1313 1314
f 1315 1316 1317
f 1315 1317 1318
f 1319 1320 1321
f 1319 1321 1322
f 1323 1324 1325
f 1323 1325 1326
f 1327 1328 1329
f 1327 1329 1330
f 1331 1332 1333
f 1331 1333 1334
f 1335 1336 1337
f 1335 1337 1338
f 1339 1340 1341
f 1339 1341 1342
f 1343 1344 1345
f 1343 1345 1346
f 1347 1348 1349
f 1347 1349 1350
f 1351 1352 1353
f 1351 1353 1354
f 1355 1356 1357
f 1355 1357 1358
f 1359 1360 1361
f 1362 1363 1364
f 1365 1366 1367
f 1368 1369 1370
f 1368 1370 1371
f 1372 1373 1374
f 1372 1374 1375
f 1376 1377 1378
f 1376 1378 1379
f 1380 1381 1382
f 1380 1382 1383
f 1384 1385 1386
f 1384 1386 1387
f 1388 1389 1390
f 1388 1390 1391
f 1392 1393 1394
f 1392 1394 1395
f 1396 1397 1398
f 1396 1398 1399
f 1400 1401 1402
f 1400 1402 1403
f 1404 1405 1406
f 1404 1406 1407
f 1408 1409 1410
f 1408 1410 1411
f 1412 1413 1414
f 1412 1414 1415
f 1416 1417 1418
f 1419 1420 1421
f 1422 1423 1424
f 1425 1426 1427
f 1428 1429 1430
f 1431 1432 1433
f 1431 1433 1434
f 1435 1436 1437
f 1435 1437 1438
f 1439 1440 1441
f 1439 1441 1442
f 1443 1444 1445
f 1443 1445 1446
f 1447 1448 1449
f 1447 1449 1450
f 1451 1452 1453
f 1451 1453 1454
f 1455 1456 1457
f 1455 1457 1458
f 1459 1460 1461
f 1459 1461 1462
f 1463 1464 1465
f 1463 1465 1466
f 1467 1468 1469
f 1467 1469 1470
f 1471 1472 1473
f 1471 1473 1474
f 1475 1476 1477
f 1475 1477 1478
f 1479 1480 1481
f 1479 1481 1482
f 1483 1484 1485
f 1483 1485 1486
f 1487 1488 1489
f 1487 1489 1490
f 1491 1492 1493
f 1491 1493 1494
f 1495 1496 1497
f 1498 1499 1500
f 1501 1502 1503
f 1503 1502 1504
f 1505 1506 1507
f 1507 1506 1508
f 1509 1510 1511
f 1512 1513 1514
f 1515 1516 1517
f 1518 1519 1520
f 1520 1519 1521
f 1522 1523 1524
f 1524 1523 1525
f 1526 1425 1427
f 1527 1528 1529
f 1530 1531 1532
f 1533 1534 1535
f 1535 1534 1536
f 1537 1538 1539
f 1539 1538 1540
f 1541 1542 1081
f 1543 1544 1545
f 1546 1547 1548
f 1549 1550 1551
f 1551 1550 1552
f 1553 1554 1555
f 1555 1554 1556
f 1557 1509 1511
f 1558 1559 1560
f 1560 1559 1561
f 1562 1563 1564
f 1564 1563 1565
f 1566 1567 1568
f 1569 1570 1571
f 1572 1573 1574
f 1575 1576 1577
f 1578 1579 1580
f 1581 1582 1583
f 1583 1582 1584
f 1585 1586 1587
f 1587 1586 1588
f 1589 1541 1081
f 1590 1591 1592
f 1592 1591 1593
f 1592 1593 1594
f 1595 1596 1592
f 1592 1596 1597
f 1592 1597 1598
f 1592 1599 1590
f 1590 1599 1600
f 1590 1600 1601
f 1601 1602 1590
f 1590 1602 1603
f 1590 1603 1604
f 1604 1603 1605
f 1594 1606 1592
f 1592 1606 1607
f 1592 1607 1595
f 1608 1609 1610
f 1611 1612 1613
f 1614 1615 1616
f 1617 1618 1619
f 1620 1621 1622
f 1623 1624 1625
f 1626 1627 1628
f 1629 1630 1631
f 1632 1633 1634
f 1635 1636 1637
f 1638 1639 1640
f 1641 1642 1643
f 1644 1645 1646
f 1647 1648 1649
f 1650 1651 1652
f 1653 1654 1655
f 1656 1657 1658
f 1659 1660 1661
f 1662 1663 1664
f 1665 1666 1667
f 1668 1669 1670
f 1671 1672 1673
f 1674 1675 1676
f 1677 1678 1679
f 1680 1681 1682
f 1683 1684 1685
f 1686 1687 1688
f 1689 1690 1691
f 1692 1693 1694
f 1695 1696 1697
f 1698 1699 1700
f 1701 1702 1703
f 1704 1705 1706
f 1707 1708 1709
f 1710 1711 1712
f 1712 1711 1713
f 1714 1715 1716
f 1717 1718 1719
f 1720 1721 1722
f 1723 1724 1725
f 1726 1727 1728
f 1729 1730 1731
f 1732 1733 1734
f 1735 1736 1737
f 1738 1739 1740
f 1741 1742 1743
f 1744 1745 1746
f 1747 1748 1749
f 1750 1751 1752
f 1753 1754 1755
f 1756 1757 1758
f 1759 1760 1761
f 1762 1763 1764
f 1762 1764 1765
f 1766 1767 1768
f 1769 1770 1771
f 1772 1773 1774
f 1775 1776 1777
f 1778 1779 1780
f 1781 1782 1783
f 1784 1785 1786
f 1787 1788 1789
f 1790 1791 1792
f 1793 1794 1795
f 1796 1797 1798
f 1799 1800 1801
f 1802 1803 1804
f 1805 1806 1807
f 1808 1809 1810
f 1808 1810 1811
f 1812 1813 1814
f 1815 1816 1817
f 1818 1819 1820
f 1821 1822 1823
f 1824 1825 1826
f 1827 1828 1829
f 1830 1831 1832
f 1833 1834 1835
f 1836 1837 1838
f 1839 1840 1841
f 1842 1843 1844
f 1845 1846 1847
f 1845 1847 1848
f 1104 1103 1849
f 1850 1851 1852
f 1853 1854 1855
f 1856 1857 1858
f 1859 1860 1861
f 1862 1863 1864
f 1865 1866 1867
f 1868 1088 1869
f 1870 1871 1872
f 1873 1874 1875
f 1876 1877 1878
f 1879 1880 1881
f 1882 1883 1884
f 1885 1886 1887
f 1888 1889 1890
f 1891 1892 1893
f 1894 1895 1896
f 1897 1898 1899
f 1900 1901 1902
f 1903 1904 1905
f 1906 1907 1908
f 1909 1910 1911
f 1912 1913 1914
f 1915 1916 1917
f 1918 1919 1920
f 1921 1922 1923
f 1924 1925 1926
f 1927 1928 1929
f 1930 1931 1932
f 1933 1934 1935
f 1936 1937 1938
f 1939 1940 1941
f 1942 1943 1944
f 1945 1946 1947
f 1948 1949 1950
f 1950 1949 1951
f 1952 1953 1954
f 1954 1953 1955
f 1956 1957 1958
f 1958 1957 1959
f 1960 1961 1962
f 1962 1961 1963
f 1964 1965 1966
f 1966 1965 1967
f 1968 1969 1970
f 1970 1969 1971
f 1972 1973 1974
f 1974 1973 1975
f 1976 1977 1978
f 1978 1977 1979
f 1980 1981 1982
f 1982 1981 1983
f 1984 1985 1986
f 1986 1985 1987
f 1988 1989 1990
f 1990 1989 1991
f 1992 1993 1994
f 1994 1993 1995
f 1996 1997 1998
f 1998 1997 1999
f 2000 2001 2002
f 2002 2001 2003
f 2004 2005 2006
f 2007 2008 2009
f 1947 2010 2011
f 2012 2013 2014
f 2014 2013 2015
f 2016 2017 2018
f 2018 2017 2019
f 2020 2021 2022
f 2023 2024 2025
f 2026 2027 2028
f 2028 2027 2029
f 2030 2031 2032
f 2032 2031 2033
f 2034 2035 2036
f 2036 2035 2037
f 2038 2039 2040
f 2040 2039 2041
f 2042 2043 2044
f 2044 2043 2045
f 2046 2047 2048
f 2048 2047 2049
f 2050 2051 2052
f 2053 2054 2055
f 2056 2057 2058
f 2058 2057 2059
f 2060 2061 2062
f 2062 2061 2063
f 2064 2065 2066
f 2066 2065 2067
f 2068 2069 2070
f 2070 2069 2071
f 2072 2073 2074
f 2075 2076 2077
f 2008 2078 2079
f 2080 2081 2082
f 2083 2084 2085
f 2085 2084 2086
f 2087 2088 2089
f 2089 2088 2090
f 2091 2092 2093
f 2093 2092 2094
f 2095 2096 2097
f 2097 2096 2098
f 2099 2100 2101
f 2101 2100 2102
f 2103 2104 2105
f 2105 2104 2106
f 2107 2108 2109
f 2109 2108 2110
f 2111 2112 2113
f 2113 2112 2114
f 2115 2116 2117
f 2117 2116 2118
f 2119 2120 2121
f 2121 2120 2122
f 2123 2124 2125
f 2125 2124 2126
f 2127 2128 2129
f 2129 2128 2130
f 2131 2132 2133
f 2133 2132 2134
f 2135 2136 2137
f 2137 2136 2138
f 1751 2139 1752
f 2140 2141 2142
f 2143 2144 2145
f 2146 2147 2148
f 2148 2147 2149
f 2150 2151 2152
f 2152 2151 2153
f 2154 2155 2156
f 2157 2158 2159
f 2160 2161 2162
f 2163 2164 2165
f 2166 2167 2168
f 2169 2170 2171
f 2172 2173 2174
f 2175 2176 2177
f 2178 2179 2180
f 2180 2179 2181
f 2182 2183 2184
f 2185 2186 2187
f 2188 2189 2190
f 2190 2189 2191
f 2192 2193 2194
f 2194 2193 2195
f 2196 2197 2198
f 2198 2197 2199
f 2200 2201 2202
f 2202 2201 2203
f 2204 2205 2206
f 2206 2205 2207
f 2208 2209 2210
f 2210 2209 2211
f 2212 2213 2214
f 2214 2213 2215
f 2216 2217 2218
f 2219 2220 2221
f 2222 2223 2224
f 2224 2223 2225
f 2226 2227 2228
f 2228 2227 2229
f 2230 2231 2232
f 2232 2231 2233
f 2234 2235 2236
f 2236 2235 2237
f 2238 2239 2240
f 2240 2239 2241
f 2242 2243 2244
f 2244 2243 2245
f 2246 2247 2248
f 2249 2250 2251
f 2252 2253 2254
f 2254 2253 2255
f 2256 2257 2258
f 2258 2257 2259
f 2260 2261 2262
f 2262 2261 2263
f 2264 2265 2266
f 2266 2265 2267
f 2268 2269 2270
f 2271 2272 2273
f 2274 2275 2276
f 2276 2275 2277
f 2278 2279 2280
f 2280 2279 2281
f 2282 2283 2284
f 2285 2286 2287
f 2288 2289 2290
f 2291 2292 2293
f 2294 2295 2296
f 2296 2295 2297
f 2298 2299 2300
f 2301 2302 2303
f 2304 2305 2306
f 2306 2305 2307
f 2308 2309 2310
f 2310 2309 2311
f 2312 2313 2314
f 2314 2313 2315
f 2316 2317 2318
f 2318 2317 2319
f 2320 2321 2322
f 2322 2321 2323
f 2324 2325 2326
f 2327 2328 2329
f 2330 2331 2332
f 2332 2331 2333
f 2334 2335 2336
f 2336 2335 2337
f 2338 2339 2340
f 2340 2339 2341
f 2342 2343 2344
f 2344 2343 2345
f 2346 2347 2348
f 2348 2347 2349
f 2350 2351 2352
f 2352 2351 2353
f 2354 2355 2356
f 2356 2355 2357
f 2358 2359 2360
f 2361 2362 2363
f 2364 2365 2366
f 2366 2365 2367
f 2368 2369 2370
f 2369 2371 2370
f 2372 2373 2374
f 2372 2374 2375
f 2376 2377 2378
f 2379 2380 2381
f 2382 2383 2384
f 2385 2386 2387
f 2388 2389 2390
f 2391 2392 2393
f 2394 2395 2396
f 2397 2398 2399
f 2400 2401 2402
f 2403 2404 2405
f 2406 2407 2408
f 2409 2410 2411
f 2412 2413 2414
f 2415 2416 2417
f 2418 2419 2420
f 2421 2422 2423
f 2424 2425 2426
f 2427 2428 2429
f 2430 2431 2432
f 2433 2434 2435
f 2433 2435 2436
f 2437 2438 2439
f 2440 2441 2442
f 2443 2444 2445
f 2446 2447 2448
f 2449 2450 2451
f 2452 2453 2454
f 2452 2454 2455
f 2456 2457 2458
f 2459 2460 2461
f 2462 2463 2464
f 2465 2466 2467
f 2468 2469 2470
f 2471 2472 2473
f 2474 2475 2476
f 2477 2478 2479
f 2480 2481 2482
f 2483 2484 2485
f 2486 2487 2488
f 2489 2490 2491
f 2492 2493 2494
f 2495 2496 2497
f 2498 2499 2500
f 2501 2493 2492
f 2502 2503 2504
f 2505 2506 2507
f 2508 2509 2510
f 2508 2510 2511
f 2512 2513 2514
f 2515 2516 2517
f 2518 2519 2520
f 2518 2520 2521
f 2522 2523 2524
f 2525 2526 2527
f 2528 2529 2530
f 2531 2532 2533
f 2531 2533 2534
f 2535 2536 2537
f 2535 2537 2538
f 2539 2540 2541
f 2542 2543 2544
f 2545 2546 2547
f 2548 2549 2550
f 2551 2552 2553
f 2379 2381 2554
f 2555 2556 2557
f 2555 2557 2558
f 2559 2560 2561
f 2559 2561 2562
f 2563 2564 2565
f 2566 2567 2568
f 2569 2570 2571
f 2572 2573 2574
f 2575 2576 2577
f 2578 2579 2580
f 2578 2580 2581
f 2582 2583 2584
f 2582 2584 2585
f 2586 2587 2588
f 2589 2590 2591
f 2592 2593 2594
f 2594 2593 2595
f 2596 2597 2598
f 2599 2600 2601
f 2602 2603 2604
f 2602 2604 2605
f 2606 2607 2608
f 2606 2608 2609
f 2610 2611 2612
f 2613 2614 2615
f 2612 2616 2617
f 2618 2619 2620
f 2621 2622 2623
f 2624 2625 2626
f 2627 2628 2629
f 2630 2631 2632
f 2633 2634 2635
f 2636 2637 2638
f 2639 2640 2641
f 2642 2643 2644
f 2645 2646 2647
f 2648 2649 2650
f 2650 2649 2651
f 2652 2653 2654
f 2655 2656 2657
f 2658 2659 2660
f 2661 2662 2663
f 2664 2665 2666
f 2666 2665 2667
f 2668 2669 2670
f 2671 2672 2673
f 2674 2675 2676
f 2676 2675 2677
f 2678 2679 2680
f 2598 2597 2681
f 2682 2683 2684
f 2685 2686 2687
f 2688 2689 2690
f 2688 2690 2691
f 2692 2693 2694
f 2692 2694 2695
f 2696 2697 2698
f 2696 2698 2699
f 2700 2701 2702
f 2700 2702 2703
f 2704 2705 2706
f 2707 2708 2709
f 2710 2711 2712
f 2713 2714 2715
f 2716 2717 2718
f 2719 2720 2721
f 2722 2723 2724
f 2724 2723 2725
f 2726 2727 2728
f 2728 2727 2729
f 2730 2731 2732
f 2733 2734 2735
f 2736 2737 2738
f 2738 2737 2739
f 2740 2741 2742
f 2743 2744 2745
f 2746 2747 2748
f 2749 2750 2751
f 2752 2753 2754
f 2755 2756 2757
f 2758 2759 2760
f 2761 2484 2483
f 2762 2763 2764
f 2765 2766 2767
f 2768 2769 2770
f 2771 2576 2575
f 2772 2773 2774
f 2775 2776 2777
f 2778 2779 2780
f 2503 2781 2504
f 2782 2783 2784
f 2634 2785 2635
f 2786 2551 2553
f 2515 2787 2516
f 2788 2376 2378
f 2789 2790 2791
f 2792 2793 2794
f 2795 2796 2797
f 2798 2512 2514
f 2799 2800 2801
f 2802 2803 2804
f 2805 2806 2807
f 2808 2809 2810
f 2811 2812 2813
f 2814 2815 2816
f 2817 2818 2819
f 2820 2821 2822
f 2822 2821 2823
f 2824 2825 2826
f 2826 2825 2827
f 2828 2829 2830
f 2830 2829 2831
f 2832 2833 2834
f 2835 2836 2837
f 2838 2839 2840
f 2841 2680 2679
f 2842 2843 2844
f 2845 2846 2847
f 2848 2849 2850
f 2851 2852 2853
f 2854 2855 2856
f 2857 2858 2859
f 2860 2861 2862
f 2863 2864 2865
f 2866 2867 2868
f 2869 2870 2871
f 2869 2871 2872
f 2873 2874 2875
f 2873 2875 2876
f 2877 2878 2879
f 2877 2879 2880
f 2881 2882 2883
f 2881 2883 2884
f 2885 2886 2887
f 2885 2887 2888
f 2889 2397 2399
f 2890 2891 2892
f 2893 2894 2895
f 2896 2897 2898
f 2899 2900 2901
f 2902 2903 2904
f 2905 2906 2907
f 2908 2909 2910
f 2911 2912 2913
f 2914 2915 2916
f 2917 2918 2919
f 2920 2921 2922
f 2923 2924 2925
f 2926 2927 2928
f 2929 2930 2931
f 2932 2933 2934
f 2935 2936 2937
f 2938 2939 2940
f 2941 2942 2943
f 2944 2945 2946
f 2947 2948 2949
f 2950 2951 2952
f 2953 2954 2955
f 2956 2957 2958
f 2958 2957 2959
f 2960 2961 2962
f 2963 2964 2965
f 2966 2967 2968
f 2966 2968 2969
f 2970 2971 2972
f 2973 2974 2975
f 2976 2977 2978
f 2979 2980 2981
f 2982 2983 2984
f 2985 2986 2987
f 2988 2989 2990
f 2991 2992 2993
f 2994 2995 2996
f 2997 2998 2999
f 3000 3001 3002
f 3003 3004 3005
f 3006 3007 3008
f 3009 3010 3011
f 3012 3013 3014
f 3015 3016 3017
f 3018 3019 3020
f 3021 3022 3023
f 3024 3025 3026
f 3027 3028 3029
f 3030 3031 3032
f 3033 3034 3035
f 3036 3037 3038
f 3039 3040 3041
f 3042 3043 3044
f 3044 3043 3045
f 3046 3047 3048
f 3049 3050 3051
f 3052 3053 3054
f 3055 3056 3057
f 3058 3059 3060
f 3061 3062 3063
f 3063 3062 3064
f 3065 3066 3067
f 3068 3069 3070
f 3071 3072 3073
f 3074 3075 3076
f 3076 3075 3077
f 3078 3079 3080
f 3081 3082 3083
f 3084 3085 3086
f 3086 3085 3087
f 3088 3089 3090
f 3091 3092 3093
f 3094 3095 3096
f 3096 3095 3097
f 3098 3099 3100
f 3101 3102 3103
f 3104 3105 3106
f 3107 3108 3109
f 3110 3111 3112
f 3113 3114 3115
f 3116 3117 3118
f 3119 3120 3121
f 3122 3123 3124
f 3125 3126 3127
f 3128 3129 3130
f 3131 3132 3133
f 3134 3135 3136
f 3137 3138 3139
f 3140 3141 3142
f 3143 3144 3145
f 3146 3147 3148
f 3149 3150 3151
f 3149 3151 3152
f 3153 3154 3155
f 3111 3156 3112
f 3157 3158 3159
f 3160 3161 3162
f 3163 3164 3165
f 3166 3167 3168
f 3169 3170 3171
f 3172 3173 3174
f 3175 3143 3145
f 3176 3177 3178
f 3179 3180 3181
f 3182 3183 3184
f 3185 3186 3187
f 3188 3189 3190
f 3191 3192 3193
f 3194 3195 3196
f 3197 3198 3199
f 3200 3201 3202
f 3203 3204 3205
f 3205 3204 3206
f 3207 3208 3209
f 3210 3211 3212
f 3213 3214 3215
f 3216 3217 3218
f 3113 3219 3114
f 3220 3221 3222
f 3223 3224 3225
f 3223 3225 3226
f 3227 3228 3229
f 3117 3230 3118
f 3231 3232 3233
f 3234 3235 3236
f 3237 3238 3239
f 3237 3239 3240
f 3241 3242 3243
f 3241 3243 3244
f 3245 3246 3247
f 3248 3249 3250
f 3251 3252 3253
f 3253 3252 3254
f 3255 3256 3257
f 3257 3256 3258
f 3259 3260 3261
f 3262 3263 3264
f 3265 3266 3267
f 3267 3266 3268
f 3269 3270 3271
f 3272 3273 3274
f 3275 3276 3277
f 3277 3276 3278
f 3279 3280 3281
f 2893 2895 3282
f 3283 3284 3285
f 3286 3287 3288
f 3289 3290 3291
f 3292 3293 3294
f 3295 3296 3297
f 3295 3297 3298
f 3299 3300 3301
f 3302 3303 3304
f 3305 3306 3307
f 3308 3309 3310
f 3311 3312 3313
f 3314 3315 3316
f 3317 3318 3319
f 3320 3321 3322
f 3294 3323 3292
f 3324 3325 3326
f 3327 3328 3329
f 3330 3331 3332
f 3330 3332 3333
f 3334 3335 3336
f 3337 3338 3339
f 3340 3341 3342
f 3343 3344 3345
f 3346 3347 3348
f 3348 3347 3349
f 3350 3351 3352
f 3353 3354 3355
f 3356 3357 3358
f 3359 3360 3361
f 3362 3363 3364
f 3365 3366 3367
f 3368 3369 3370
f 3371 3372 3373
f 3371 3373 3374
f 3375 3376 3377
f 3378 3379 3380
f 3381 3368 3370
f 3382 3383 3384
f 3385 3386 3387
f 3385 3387 3388
f 3389 3390 3391
f 3392 3393 3394
f 3395 3396 3397
f 3398 3399 3400
f 3401 3402 3403
f 3404 3405 3406
f 3407 3408 3409
f 3410 3411 3412
f 3413 3414 3415
f 3416 3417 3418
f 3384 3419 3382
f 3420 3285 3284
f 3380 3421 3378
f 3422 3423 3424
f 3422 3424 3425
f 3426 3427 3428
f 3429 3430 3431
f 3429 3431 3432
f 3433 3434 3435
f 3436 3437 3438
f 3439 3440 3441
f 3321 3442 3322
f 3443 3229 3228
f 3325 3444 3326
f 3445 3446 3447
f 3445 3447 3448
f 3449 3450 3451
f 3452 3453 3454
f 3455 3456 3457
f 3458 3459 3460
f 3461 3462 3463
f 3464 3465 3466
f 3467 3468 3469
f 3470 3471 3472
f 3473 3474 3475
f 3476 3477 3478
f 3479 3480 3481
f 3482 3483 3484
f 3485 3486 3487
f 3488 3489 3490
f 3491 3492 3493
f 3494 3495 3496
f 3497 3498 3499
f 3500 3501 3502
f 3503 3504 3505
f 3506 3507 3508
f 3509 3510 3511
f 3512 3513 3514
f 3515 3516 3517
f 3518 3519 3520
f 3521 3522 3523
f 3524 3525 3526
f 3527 3528 3529
f 3530 3531 3532
f 3533 3534 3535
f 3536 3537 3538
f 3539 3540 3541
f 3542 3543 3544
f 3545 3546 3547
f 3548 3549 3550
f 3551 3552 3553
f 3554 3555 3556
f 3557 3558 3559
f 3559 3558 3560
f 3561 3562 3563
f 3563 3562 3564
f 3565 3566 3567
f 3568 3569 3570
f 3571 3572 3573
f 3574 3575 3576
f 3577 3578 3579
f 3580 3581 3582
f 3583 3584 3585
f 3586 3571 3573
f 3587 3588 3589
f 3590 3591 3592
f 3593 3594 3595
f 3596 3597 3598
f 3599 3600 3601
f 3602 3603 3604
f 3605 3606 3607
f 3608 3609 3610
f 3611 3612 3613
f 3614 3615 3616
f 3617 3618 3619
f 3620 3621 3622
f 3623 3624 3625
f 3626 3627 3628
f 3629 3630 3631
f 3632 3633 3634
f 3635 3636 3637
f 3638 3639 3640
f 3641 3642 3643
f 3644 3645 3646
f 3647 3648 3649
f 3650 3651 3652
f 1617 1619 3653
f 3654 3655 3656
f 3657 3658 3659
f 3660 3661 3662
f 3663 3664 3665
f 3666 3667 3668
f 3669 3670 3671
f 3669 3671 3672
f 3673 3674 3675
f 3673 3675 3676
f 3677 3678 3679
f 3677 3679 3680
f 3681 3682 3683
f 3681 3683 3684
f 3685 3686 3687
f 3688 3689 3690
f 3691 3692 3693
f 3694 3695 3696
f 3697 3698 3699
f 3700 3701 3702
f 3700 3702 3703
f 3704 3705 3706
f 3704 3706 3707
f 3708 3709 3710
f 3708 3710 3711
f 3712 3713 3714
f 3712 3714 3715
f 3716 3717 3718
f 3716 3718 3719
f 3720 3721 3722
f 3720 3722 3723
f 3724 3725 3726
f 3727 3728 3729
f 3730 3731 3732
f 3733 3734 3735
f 3733 3735 3736
f 3737 3738 3739
f 3737 3739 3740
f 3741 3742 3743
f 3741 3743 3744
f 3745 3746 3747
f 3745 3747 3748
f 3749 3750 3751
f 3749 3751 3752
f 3753 3754 3755
f 3756 3757 3758
f 3759 3760 3761
f 3762 3763 3764
f 3765 3766 3767
f 3647 3649 3768
f 3769 3770 3771
f 3769 3771 3772
f 3773 3774 3775
f 3773 3775 3776
f 3777 3778 3779
f 3777 3779 3780
f 3781 3782 3783
f 3781 3783 3784
f 3785 3786 3787
f 3785 3787 3788
f 3789 3790 3791
f 3789 3791 3792
f 3793 3794 3795
f 3796 3797 3798
f 3799 3800 3801
f 3801 3800 3802
f 3803 3804 3805
f 3806 3807 3804
f 3808 3809 3810
f 3804 3811 3805
f 3812 3813 3814
f 3815 3816 3817
f 3818 3819 3820
f 3821 3822 3823
f 3824 3825 3826
f 3827 3828 3829
f 3830 3831 3832
f 3833 3834 3835
f 3836 3837 3838
f 3839 3840 3841
f 3842 3843 3844
f 3845 3846 3847
f 3848 3849 3850
f 3851 3852 3853
f 3854 3855 3856
f 3857 3858 3859
f 3860 3861 3862
f 3863 3864 3865
f 3866 3867 3868
f 3869 3870 3871
f 3872 3873 3874
f 3875 3876 3877
f 3878 3879 3880
f 3881 3882 3883
f 3884 3885 3886
f 3887 3888 3889
f 3890 3891 3892
f 3893 3894 3895
f 3896 3897 3898
f 3899 3900 3901
f 3902 3903 3904
f 3905 3906 3907
f 3908 3909 3910
f 3911 3912 3913
f 3914 3915 3916
f 3917 3918 3919
f 3920 3921 3922
f 3922 3921 3923
f 3924 3925 3926
f 3927 3928 3929
f 3930 3931 3932
f 3933 3934 3935
f 3936 3937 3938
f 3939 3940 3941
f 3942 3943 3944
f 3945 3946 3947
f 3948 3949 3950
f 3951 3952 3953
f 3954 3955 3956
f 3957 3958 3959
f 3960 3961 3962
f 3963 3964 3965
f 3966 3967 3968
f 3969 3970 3971
f 3972 3973 3974
f 3975 3976 3977
f 3978 3979 3980
f 3981 3982 3983
f 3984 3985 3986
f 3987 3988 3989
f 3990 3991 3992
f 3993 3994 3995
f 3996 3997 3998
f 3996 3998 3999
f 4000 4001 4002
f 4000 4002 4003
f 4004 4005 4006
f 4004 4006 4007
f 4008 4009 4010
f 4008 4010 4011
f 4012 4013 4014
f 4012 4014 4015
f 4016 4017 4018
f 4019 4020 4021
f 4019 4021 4022
f 4023 4024 4025
f 4026 4027 4028
f 4029 4030 4031
f 4029 4031 4032
f 4033 4034 4035
f 4033 4035 4036
f 4037 4038 4039
f 4040 4041 4042
f 4043 4044 4045
f 4043 4045 4046
f 4047 4048 4049
f 4047 4049 4050
f 4051 4052 4053
f 4051 4053 4054
f 4055 4056 4057
f 4058 4059 4060
f 4060 4059 4061
f 4062 4063 4064
f 4065 4066 4067
f 4068 4069 4070
f 4071 4072 4073
f 4074 4075 4076
f 4077 4078 4079
f 4079 4078 4080
f 4081 4082 4083
f 4083 4082 4084
f 4085 4086 4087
f 4088 4089 4090
f 4091 4092 4093
f 4094 4095 4096
f 4097 4098 4099
f 4100 4101 4102
f 4103 4017 4016
f 4026 4104 4027
f 4105 4106 4107
f 4108 4109 4110
f 4111 4112 4113
f 4111 4113 4114
f 4115 4116 4117
f 4115 4117 4118
f 4119 4120 4121
f 4119 4121 4122
f 4123 4124 4125
f 4123 4125 4126
f 4127 4128 4129
f 4130 4131 4132
f 4108 4133 4109
f 4134 3981 3983
f 4057 4135 4055
f 4136 3830 3832
f 3993 4137 3994
f 4138 4139 4140
f 4141 4142 4143
f 4144 4145 4146
f 4147 4148 4149
f 4150 3915 3914
f 4151 4152 4153
f 4154 4155 4156
f 4157 4158 4159
f 4160 4161 4162
f 4163 4164 4165
f 4166 4041 4040
f 4167 4168 4169
f 4170 4171 4172
f 4173 4174 4175
f 4176 4177 4178
f 4179 4180 4181
f 4182 4183 4184
f 4185 4186 4187
f 4188 3827 3829
f 4025 4189 4023
f 4190 4191 4192
f 4193 4194 4195
f 4196 4197 4198
f 4199 4200 4201
f 4202 4203 4204
f 4205 4206 4207
f 4208 4204 4209
f 4207 4210 4211
f 4212 4213 4210
f 4210 4213 4214
f 4210 4214 4211
f 4197 4215 4198
f 4216 4217 4218
f 4219 4220 4221
f 4221 4220 4222
f 4223 4224 4225
f 4226 4227 4228
f 4229 4230 4231
f 4232 4233 4234
f 4234 4233 4235
f 4236 4237 4238
f 4238 4237 4239
f 4240 4241 4242
f 4242 4241 4243
f 4244 4245 4246
f 4247 4248 4249
f 4249 4248 4250
f 4251 4252 4253
f 4254 4255 4256
f 4257 4258 4259
f 4260 4246 4245
f 4261 4262 4263
f 4264 4265 4266
f 4267 4268 4269
f 4270 4271 4272
f 4270 4272 4273
f 4274 4275 4276
f 4277 4278 4279
f 4280 4281 4282
f 4283 4284 4285
f 4286 4287 4288
f 4289 4290 4291
f 4292 4293 4294
f 4295 4296 4297
f 4295 4297 4298
f 4299 4300 4301
f 4302 4303 4304
f 4305 4306 4307
f 4308 4309 4310
f 4311 4312 4313
f 4314 4315 4316
f 4317 4318 4319
f 4320 4321 4322
f 4323 4324 4325
f 4326 4327 4328
f 4329 4330 4331
f 4332 4333 4334
f 4335 4336 4337
f 4338 4339 4340
f 4341 4342 4343
f 4344 4345 4346
f 4347 4348 4349
f 4350 4351 4352
f 4353 4354 4355
f 4356 4357 4358
f 4359 4360 4361
f 4362 4363 4364
f 4365 4366 4367
f 4368 4369 4370
f 4371 4372 4373
f 4374 4375 4376
f 4377 4378 4379
f 4380 4381 4382
f 4383 4384 4385
f 4386 4387 4388
f 4388 4387 4389
f 4390 4391 4392
f 4393 4394 4395
f 4396 4397 4398
f 4399 4400 4401
f 4402 4403 4404
f 4405 4406 4407
f 4408 4409 4410
f 4411 4412 4413
f 4414 4415 4416
f 4414 4416 4417
f 4418 4419 4420
f 4421 4422 4423
f 4424 4425 4426
f 4427 4428 4429
f 4430 4431 4432
f 4433 4434 4435
f 4436 4437 4438
f 4439 4440 4441
f 4442 4443 4444
f 4445 4446 4447
f 4448 4449 4450
f 4451 4452 4453
f 4454 4455 4456
f 4457 4458 4459
f 4460 4461 4462
f 4463 4464 4465
f 4465 4464 4466
f 4467 4468 4469
f 4470 4471 4472
f 4473 4474 4475
f 4475 4474 4476
f 4477 4478 4479
f 4479 4478 4480
f 4481 4482 4483
f 4484 4485 4486
f 4487 4488 4489
f 4489 4488 4490
f 4491 4492 4493
f 4493 4492 4494
f 4495 4496 4497
f 4497 4496 4498
f 4499 4500 4501
f 4501 4500 4502
f 4503 4504 4505
f 4505 4504 4506
f 4507 4508 4509
f 4509 4508 4510
f 4511 4512 4513
f 4513 4512 4514
f 4515 4516 4517
f 4517 4516 4518
f 4519 4520 4521
f 4522 4523 4524
f 4525 4526 4527
f 4527 4526 4528
f 4529 4530 4531
f 4532 4533 4534
f 4535 4536 4537
f 4537 4536 4538
f 4539 4540 4541
f 4541 4540 4542
f 4543 4544 4545
f 4546 4547 4548
f 4549 4550 4551
f 4551 4550 4552
f 4553 4554 4555
f 4555 4554 4556
f 4557 4558 4559
f 4559 4558 4560
f 4561 4562 4563
f 4563 4562 4564
f 4565 4566 4567
f 4567 4566 4568
f 4569 4570 4571
f 4571 4570 4572
f 4573 4574 4575
f 4575 4574 4576
f 4577 4578 4579
f 4579 4578 4580
f 4581 4582 4583
f 4583 4582 4584
f 4585 4586 4587
f 4587 4586 4588
f 4589 4590 4591
f 4524 4592 4593
f 4594 4595 4596
f 4596 4595 4597
f 4598 4599 4600
f 4600 4599 4601
f 4602 4603 4604
f 4604 4603 4605
f 4606 4607 4608
f 4608 4607 4609
f 4610 4611 4612
f 4612 4611 4613
f 4614 4615 4616
f 4617 4618 4619
f 4620 4621 4622
f 4622 4621 4623
f 4624 4625 4626
f 4626 4625 4627
f 4628 4629 4630
f 4630 4629 4631
f 4632 4633 4634
f 4634 4633 4635
f 4636 4637 4638
f 4639 4640 4641
f 4642 4643 4644
f 4644 4643 4645
f 4646 4647 4648
f 4648 4647 4649
f 4650 4651 4652
f 4653 4654 4655
f 4656 4657 4658
f 4659 4660 4661
f 4662 4663 4664
f 4664 4663 4665
f 4666 4667 4668
f 4668 4667 4669
f 4670 4671 4672
f 4672 4671 4673
f 4674 4675 4676
f 4677 4678 4679
f 4680 4681 4682
f 4682 4681 4683
f 4684 4685 4686
f 4686 4685 4687
f 4688 4689 4690
f 4690 4689 4691
f 4692 4693 4694
f 4694 4693 4695
f 4696 4697 4698
f 4698 4697 4699
f 4700 4701 4702
f 4702 4701 4703
f 4704 4705 4706
f 4707 4708 4709
f 4710 4711 4712
f 4712 4711 4713
f 4714 4715 4716
f 4716 4715 4717
f 4718 4719 4720
f 4720 4719 4721
f 4722 4723 4724
f 4724 4723 4725
f 4726 4727 4728
f 4729 4730 4731
f 4732 4733 4734
f 4734 4733 4735
f 4736 4737 4738
f 4738 4737 4739
f 4740 4741 4742
f 4742 4741 4743
f 4744 4745 4746
f 4746 4745 4747
f 4748 4749 4750
f 4750 4749 4751
f 4752 4753 4754
f 4754 4753 4755
f 4756 4757 4758
f 4758 4757 4759
f 4760 4761 4762
f 4762 4761 4763
f 4764 4765 4766
f 4766 4765 4767
f 4768 4769 4770
f 4770 4769 4771
f 4772 4773 4774
f 4774 4773 4775
f 4776 4777 4778
f 4778 4777 4779
f 4780 4781 4782
f 4782 4781 4783
f 4784 4785 4786
f 4786 4785 4787
f 4788 4789 4790
f 4790 4789 4791
f 4792 4793 4794
f 4795 4796 4797
f 4798 4445 4799
f 4665 4800 4801
f 4802 4803 4804
f 4804 4803 4805
f 4806 4807 4808
f 4808 4807 4809
f 4810 4811 4812
f 4812 4811 4813
f 4814 4815 4816
f 4816 4815 4817
f 4818 4819 4820
f 4820 4819 4821
f 4822 4823 4824
f 4824 4823 4825
f 4826 4827 4828
f 4828 4827 4829
f 4830 4831 4832
f 4832 4831 4833
f 4834 4835 4836
f 4836 4835 4837
f 4838 4839 4840
f 4840 4839 4841
f 4842 4843 4844
f 4844 4843 4845
f 4846 4847 4848
f 4848 4847 4849
f 4850 4851 4852
f 4852 4851 4853
f 4854 4855 4856
f 4856 4855 4857
f 4858 4859 4860
f 4861 4862 4863
f 4864 4865 4866
f 4866 4865 4867
f 4868 4869 4870
f 4870 4869 4871
f 4872 4873 4874
f 4875 4876 4877
f 4878 4879 4880
f 4881 4882 4883
f 4883 4882 4884
f 4883 4884 4885
f 4886 4887 4888
f 4888 4887 4889
f 4888 4889 4890
f 4891 4892 4893
f 4894 4895 4896
f 4897 4898 4899
f 4900 4901 4902
f 4903 4904 4905
f 4906 4907 4908
f 4905 4904 4909
f 4908 4907 4910
f 4902 4901 4911
f 4912 4913 4914
f 4907 4915 4910
f 4910 4915 4916
f 4910 4916 4917
f 4917 4916 4918
f 4917 4918 4902
f 4902 4918 4919
f 4902 4919 4900
f 4920 4921 4922
f 4923 4924 4925
f 4925 4926 4923
f 4923 4926 4927
f 4923 4927 4921
f 4921 4927 4928
f 4921 4928 4922
f 4929 4930 4931
f 4932 4933 4934
f 4934 4933 4935
f 4934 4935 4936
f 4901 4937 4911
f 4911 4937 4938
f 4911 4938 4939
f 4931 4930 4913
f 4913 4930 4940
f 4913 4940 4914
f 4908 4941 4906
f 4906 4941 4942
f 4906 4942 4943
f 4943 4942 4944
f 4943 4944 4934
f 4934 4944 4945
f 4934 4945 4932
f 4922 4946 4920
f 4920 4946 4947
f 4920 4947 4948
f 4948 4947 4911
f 4948 4911 4949
f 4949 4911 4939
f 4914 4950 4912
f 4912 4950 4951
f 4912 4951 4952
f 4952 4951 4953
f 4952 4953 4924
f 4924 4953 4954
f 4924 4954 4925
f 4904 4955 4909
f 4909 4955 4956
f 4909 4956 4957
f 4957 4956 4958
f 4957 4958 4959
f 4959 4958 4960
f 4959 4960 4961
f 4961 4960 4962
f 4961 4962 4963
f 4964 4965 4966
f 4929 4931 4967
f 4967 4931 4968
f 4967 4968 4905
f 4905 4968 4969
f 4905 4969 4903
f 4965 4970 4966
f 4966 4970 4971
f 4966 4971 4972
f 4972 4971 4973
f 4972 4973 4974
f 4974 4973 4975
f 4974 4975 4976
f 4976 4975 4977
f 4976 4977 4978
f 4978 4977 4963
f 4978 4963 4979
f 4979 4963 4962
f 4980 4981 4966
f 4966 4981 4982
f 4966 4982 4964
f 4983 4984 4985
f 4986 4987 4988
f 4989 4990 4991
f 4992 4993 4994
f 4994 4993 4995
f 4996 4997 4998
f 4999 5000 5001
f 5002 5003 5004
f 911 5005 5006
f 5007 5008 5009
f 5010 5011 5012
f 5006 909 911
f 5013 5014 5015
f 5016 5017 5018
f 5019 5020 5021
f 5022 5023 5024
f 5025 5026 5027
f 5028 5029 5030
f 5031 5032 5033
f 5034 5035 5036
f 5037 5038 5039
f 5040 5041 5042
f 5043 5044 5045
f 5046 5047 5048
f 5049 5050 5051
f 5049 5051 5052
f 5053 5054 5055
f 5053 5055 5056
f 5057 5058 5059
f 5057 5059 5060
f 5061 5062 5063
f 5061 5063 5064
f 5065 5066 5067
f 5065 5067 5068
f 5069 5070 5071
f 5069 5071 5072
f 5073 5074 5075
f 5073 5075 5076
f 5077 5078 5079
f 5077 5079 5080
f 5081 5082 5083
f 5081 5083 5084
f 5085 5086 5087
f 5085 5087 5088
f 5089 5090 5091
f 5089 5091 5092
f 5093 5094 5095
f 5093 5095 5096
f 5097 5098 5099
f 5097 5099 5100
f 4988 5101 4986
f 5102 5103 5104
f 5102 5104 5105
f 5106 5107 5108
f 5106 5108 5109
f 5110 5111 5112
f 5110 5112 5113
f 5114 5115 5116
f 5114 5116 5117
f 5118 5119 5120
f 5118 5120 5121
f 5122 5123 5124
f 5122 5124 5125
f 5126 5127 5128
f 5126 5128 5129
f 5130 5131 5132
f 5130 5132 5133
f 5134 5135 5136
f 5134 5136 5137
f 5138 5139 5140
f 5138 5140 5141
f 5142 5143 5144
f 5142 5144 5145
f 5146 5147 5148
f 5146 5148 5149
f 5150 5151 5152
f 5150 5152 5153
f 4991 5154 4989
f 5155 5156 5157
f 5155 5157 5158
f 5159 5160 5161
f 5159 5161 5162
f 5163 5164 5165
f 5163 5165 5166
f 5167 5168 5169
f 5167 5169 5170
f 5171 5172 5173
f 5171 5173 5174
f 5175 5176 5177
f 5175 5177 5178
f 5179 5180 5181
f 5179 5181 5182
f 5183 5184 5185
f 5183 5185 5186
f 5187 5188 5189
f 5187 5189 5190
f 5191 5192 5193
f 5191 5193 5194
f 5195 5196 5197
f 5195 5197 5198
f 5199 5200 5201
f 5199 5201 5202
f 5203 5204 5205
f 5203 5205 5206
f 5207 5208 5209
f 5210 5211 5212
f 5213 5214 5215
f 5216 5217 5218
f 5219 5220 5221
f 5222 5223 5224
f 5225 5226 5227
f 5228 5229 5230
f 5228 5230 5231
f 5232 5233 5234
f 5235 5236 5237
f 5238 5239 5240
f 5241 5242 5243
f 5244 5245 5246
f 5247 5248 5249
f 5250 5251 5252
f 5252 5251 5253
f 5254 5255 5256
f 5256 5255 5257
f 5258 5259 5260
f 5260 5259 5261
f 5262 5263 5264
f 5265 5266 5267
f 5268 5269 5270
f 5271 5272 5273
f 5274 5275 5276
f 5277 5278 5279
f 5280 5281 5282
f 5283 5284 5285
f 5286 5287 5288
f 5289 5290 5291
f 5292 5293 5294
f 5295 5296 5297
f 5298 5299 5300
f 5301 5302 5303
f 5304 5305 5306
f 5307 5308 5309
f 5310 5311 5312
f 5313 5314 5315
f 5316 5317 5318
f 5319 5320 5321
f 5322 5323 5324
f 5322 5324 5325
f 5326 5327 5328
f 5329 5330 5331
f 5332 5333 5334
f 5335 5336 5337
f 5338 5339 5340
f 5341 5342 5343
f 5344 5345 5346
f 5347 5348 5349
f 5350 5351 5352
f 5353 5354 5355
f 5356 5357 5358
f 5359 5360 5361
f 5362 5363 5364
f 5365 5366 5367
f 5368 5369 5370
f 5368 5370 5371
f 5372 5373 5374
f 5372 5374 5375
f 5376 5377 5378
f 5376 5378 5379
f 5380 5381 5382
f 5380 5382 5383
f 5384 5385 5386
f 5387 5388 5389
f 5390 5391 5392
f 5393 5394 5395
f 5393 5395 5396
f 5397 5398 5399
f 5397 5399 5400
f 5401 5402 5403
f 5401 5403 5404
f 5405 5406 5407
f 5408 5409 5410
f 5411 5412 5413
f 5414 5415 5416
f 5417 5418 5419
f 5420 5421 5422
f 5423 5424 5425
f 5426 5427 5428
f 5429 5430 5431
f 5429 5431 5432
f 5433 5434 5435
f 5436 5437 5438
f 5439 5440 5441
f 5442 5443 5444
f 5442 5444 5445
f 5446 5447 5448
f 5449 5450 5451
f 5452 5453 5454
f 5455 5456 5457
f 5458 5459 5460
f 5461 5462 5463
f 5461 5463 5464
f 5465 5466 5467
f 5468 5469 5470
f 5471 5472 5473
f 5474 5475 5476
f 5477 5478 5474
f 5474 5478 5479
f 5474 5479 5480
f 5476 5481 5474
f 5474 5481 5482
f 5474 5482 5477
f 5480 5483 5474
f 5474 5483 5484
f 5474 5484 5485
f 5486 5487 5488
f 5488 5487 5474
f 5488 5474 5489
f 5489 5474 5485
f 5490 5491 5474
f 5474 5491 5492
f 5474 5492 5475
f 5493 5494 5473
f 5473 5494 5495
f 5473 5495 5471
f 5496 5497 5498
f 5498 5497 5499
f 5498 5499 5500
f 5500 5499 5501
f 5500 5501 5502
f 5502 5501 5503
f 5502 5503 5504
f 5505 5506 5496
f 5496 5506 5507
f 5496 5507 5497
f 5497 5507 5508
f 5497 5508 5509
f 5505 5510 5506
f 5506 5510 5511
f 5506 5511 5512
f 5512 5511 5513
f 5504 5503 5474
f 5474 5503 5514
f 5474 5514 5490
f 5500 5487 5498
f 5498 5487 5486
f 5498 5486 5511
f 5511 5486 5473
f 5511 5473 5513
f 5486 5515 5473
f 5473 5515 5516
f 5473 5516 5517
f 5517 5518 5473
f 5473 5518 5519
f 5473 5519 5520
f 5520 5521 5473
f 5473 5521 5522
f 5473 5522 5493
f 5523 5524 5525
f 5526 5527 5528
f 5529 5530 5531
f 5532 5533 5534
f 5535 5536 5537
f 5538 5539 5540
f 5541 5542 5543
f 5544 5545 5546
f 5547 5548 5549
f 5550 5551 5552
f 5553 5554 5555
f 5556 5557 5558
f 5559 5560 5561
f 5562 5563 5564
f 5564 5563 5565
f 5566 5567 5568
f 5568 5567 5569
f 5570 5571 5572
f 5572 5571 5573
f 5574 5575 5576
f 5576 5575 5577
f 5578 5579 5580
f 5580 5579 5581
f 5582 5583 5584
f 5584 5583 5585
f 5586 5587 5588
f 5589 5590 5591
f 5592 5593 5594
f 5595 5596 5597
f 5598 5599 5600
f 5601 5602 5603
f 5604 5605 5606
f 5607 5608 5609
f 5610 5611 5612
f 5613 5614 5615
f 5616 5617 5618
f 5616 5618 5619
f 5620 5621 5622
f 5623 5624 5625
f 5626 5627 5628
f 5629 5630 5631
f 5632 5633 5634
f 5635 5636 5637
f 5637 5636 5638
f 5639 5640 5641
f 5642 5643 5644
f 5645 5646 5647
f 5648 5649 5650
f 5651 5652 5653
f 5654 5655 5656
f 5657 5658 5659
f 5660 5661 5662
f 5663 5664 5665
f 5666 5667 5668
f 5669 5670 5671
f 446 445 5672
f 5673 5674 5675
f 5676 5677 5678
f 5679 5680 5681
f 5682 5683 5684
f 5685 5681 5686
f 5687 5688 5689
f 5690 5691 5692
f 5690 5692 5693
f 5694 5695 5696
f 5696 5695 5697
f 5698 5699 5700
f 5700 5699 5701
f 5702 5703 5704
f 5704 5703 5705
f 5706 5707 5708
f 5708 5707 5709
f 5710 5711 5712
f 5713 5714 5715
f 5716 5717 5718
f 5718 5717 5719
f 5720 5721 5722
f 5722 5721 5723
f 5724 5725 5726
f 5726 5725 5727
f 5728 5729 5730
f 5731 5732 5733
f 5734 5735 5736
f 5737 5738 5739
f 5740 5741 5742
f 5743 5744 5745
f 5746 5747 5748
f 5749 5750 5751
f 5752 5753 5754
f 5755 5756 5757
f 5758 5759 5760
f 5761 5762 5763
f 5764 5765 5766
f 5767 5768 5769
f 5770 5771 5772
f 5773 5774 5775
f 5773 5775 5776
f 5777 5778 5779
f 5780 5781 5782
f 5783 5784 5785
f 5786 5787 5788
f 5789 5790 5791
f 5792 5793 5794
f 5795 5796 5797
f 5798 5799 5800
f 5801 5802 5803
f 5804 5805 5806
f 5804 5806 5807
f 5808 5809 5810
f 5811 5812 5813
f 5814 5815 5816
f 5817 5818 5819
f 5820 5821 5822
f 5823 5824 5825
f 5826 5827 5828
f 5829 5830 5831
f 5832 5833 5834
f 5835 5836 5837
f 5838 5839 5840
f 5841 5842 5843
f 5844 5845 5846
f 5847 5848 5849
f 5850 5851 5852
f 5853 5854 5855
f 5856 5857 5858
f 5859 5860 5861
f 5862 5863 5864
f 5865 5866 5867
f 5868 5869 5870
f 5871 5872 5873
f 5874 5875 5876
f 5877 5878 5879
f 5879 5878 5880
f 5881 5882 5883
f 5883 5882 5884
f 5885 5886 5887
f 5887 5886 5888
f 5889 5890 5891
f 5892 5893 5894
f 5895 5896 5897
f 5898 5899 5900
f 5901 5902 5903
f 5903 5902 5904
f 5905 5906 5907
f 5907 5906 5908
f 5909 5910 5911
f 5911 5910 5912
f 5913 5914 5915
f 5915 5914 5916
f 5917 5918 5919
f 5919 5918 5920
f 5921 5922 5923
f 5924 5925 5926
f 5927 5928 5929
f 5930 5931 5932
f 5933 5934 5935
f 5935 5934 5936
f 5937 5938 5939
f 5939 5938 5940
f 5940 5941 5939
f 5939 5941 5942
f 5939 5942 5943
f 5933 5944 5934
f 5934 5944 5945
f 5934 5945 5946
f 5946 5945 5943
f 5946 5943 5947
f 5947 5943 5942
f 5948 5949 5950
f 5948 5950 5951
f 5949 5952 5950
f 5950 5952 5953
f 5950 5953 5954
f 5950 5955 5951
f 5951 5955 5956
f 5951 5956 5957
f 5957 5956 5958
f 5957 5958 5959
f 5959 5960 5957
f 5957 5960 5961
f 5957 5961 5962
f 5963 5964 5965
f 5966 5967 5968
f 5969 5970 5971
f 5972 5973 5974
f 5975 5976 5977
f 5978 5979 5980
f 5981 5982 5983
f 5984 5985 5986
f 5987 5988 5989
f 5990 5991 5992
f 5993 5994 5995
f 5996 5997 5998
f 5999 6000 6001
f 6002 6003 6004
f 6005 6006 6007
f 6008 6009 6010
f 6011 6012 6013
f 6014 6015 6016
f 6016 6015 6017
f 6018 6019 6020
f 6020 6019 6021
f 6022 6023 6024
f 6024 6023 6025
f 6026 6027 6028
f 6029 6030 6031
f 6032 6033 6034
f 6035 6036 6037
f 6037 6036 6038
f 6039 6040 6041
f 6042 6043 6044
f 6045 6046 6047
f 6048 6049 6050
f 6051 6052 6053
f 6054 6055 6056
f 6057 6058 6059
f 6060 6061 6062
f 6063 6064 6065
f 6066 6067 6068
f 6069 6070 6071
f 6072 6073 6074
f 6075 6076 6077
f 6078 6079 6080
f 6081 6082 6083
f 6065 6084 6063
f 6085 6086 6087
f 6088 6089 6090
f 6091 6092 6093
f 6094 6095 6096
f 6097 6098 6099
f 6100 6101 6102
f 6103 6104 6105
f 6106 6107 6108
f 6109 6110 6111
f 6112 6113 6114
f 6115 6116 6117
f 6118 6119 6120
f 6121 6122 6123
f 6121 6123 6124
f 6125 6126 6127
f 6128 6129 6130
f 6131 6132 6133
f 6133 6132 6134
f 6135 6136 6137
f 6138 6139 6140
f 6141 6142 6143
f 6143 6142 6144
f 6145 6146 6147
f 6148 6149 6150
f 6151 6152 6153
f 6154 6155 6156
f 6156 6155 6157
f 6158 6159 6160
f 6161 6162 6163
f 6164 6165 6166
f 6163 6167 6168
f 6169 6170 6171
f 6172 6173 6174
f 6172 6174 6175
f 6176 6177 6178
f 6176 6178 6179
f 6180 6181 6182
f 6183 6184 6185
f 6186 6187 6188
f 6189 6190 6191
f 6192 6193 6194
f 6195 6196 6197
f 6198 6199 6200
f 6201 6202 6203
f 6204 6205 6206
f 6207 6208 6209
f 6210 6211 6212
f 6212 6211 6213
f 6212 6213 6214
f 6214 6215 6212
f 6216 6217 6218
f 6219 6220 6221
f 6222 6223 6224
f 6225 6226 6227
f 6228 6229 6230
f 6231 6232 6233
f 6234 6235 6236
f 6237 6238 6239
f 6240 6241 6242
f 6242 6241 6243
f 6244 6245 6246
f 6246 6245 6247
f 6248 6249 6250
f 6250 6249 6251
f 6252 6253 6254
f 6253 6255 6254
f 6256 6257 6258
f 6259 6260 6261
f 6261 6260 6262
f 6263 6264 6265
f 6266 6267 6268
f 6269 6270 6271
f 6272 6273 6274
f 6272 6274 6275
f 6276 6277 6278
f 6279 6280 6281
f 6282 6283 6284
f 6285 6286 6287
f 6288 6289 6290
f 6288 6290 6291
f 6292 6293 6294
f 6295 6296 6297
f 6298 6299 6300
f 6301 6302 6303
f 6304 6305 6306
f 6290 6307 6291
f 6308 6309 6310
f 6311 6312 6313
f 6314 6315 6316
f 6317 6318 6319
f 6320 6321 6322
f 6323 6324 6325
f 6326 6327 6328
f 6329 6330 6331
f 6332 6333 6334
f 6335 6336 6337
f 6338 6339 6340
f 6341 6342 6343
f 6344 6345 6346
f 6347 6348 6349
f 6350 6351 6352
f 6353 6354 6355
f 6356 6357 6358
f 6359 6360 6361
f 6362 6363 6364
f 6365 6366 6367
f 6368 6369 6370
f 6371 6372 6373
f 6374 6375 6376
f 6377 6378 6379
f 6380 6381 6382
f 6383 6384 6385
f 6386 6387 6388
f 6389 6390 6391
f 6392 6393 6394
f 6395 6396 6397
f 6398 6399 6400
f 6401 6402 6403
f 6404 6405 6406
f 6407 6408 6409
f 6410 6411 6412
f 6413 6414 6415
f 6416 6417 6418
f 6419 6420 6421
f 6421 6420 6422
f 6423 6424 6425
f 6426 6427 6428
f 6429 6430 6431
f 6431 6430 6432
f 6433 6434 6435
f 6436 6437 6438
f 6439 6440 6441
f 6442 6443 6444
f 6445 6446 6447
f 6448 6449 6450
f 6448 6450 6451
f 6452 6453 6454
f 6454 6453 6455
f 6454 6455 6456
f 6457 6458 6459
f 6460 6461 6462
f 6463 6464 6465
f 6158 6160 6466
f 6158 6466 6467
f 6467 6466 6468
f 6467 6468 6469
f 6470 6471 6472
f 6473 6474 6475
f 6476 6477 6478
f 6479 6480 6481
f 6482 6483 6484
f 6485 6486 6487
f 6488 6489 6490
f 6491 6492 6493
f 6494 6495 6496
f 6497 6498 6499
f 6500 6501 6502
f 6503 6504 6505
f 6506 6507 6508
f 6509 6510 6511
f 6512 6513 6514
f 6515 6516 6517
f 6518 6519 6520
f 6521 6522 6523
f 6524 6525 6526
f 6527 6528 6529
f 6530 6531 6532
f 6533 6534 6535
f 6536 6537 6538
f 6539 6540 6541
f 6542 6543 6544
f 6545 6546 6547
f 6548 6549 6550
f 6539 6551 6540
f 6552 6553 6554
f 6540 6555 6556
f 6557 6558 6559
f 6560 6561 6562
f 6563 6564 6565
f 6566 6567 6568
f 6569 6570 6571
f 6572 6573 6574
f 6575 6559 6576
f 6577 6578 6579
f 6580 6581 6582
f 6580 6582 6583
f 6584 6585 6586
f 6587 6588 6589
f 6590 6591 6592
f 6590 6592 6593
f 6594 6595 6596
f 6597 6598 6599
f 6600 6601 6602
f 6603 6604 6605
f 6606 6607 6608
f 6609 6610 6611
f 6612 6613 6614
f 6615 6616 6617
f 6618 6619 6620
f 6621 6622 6623
f 6624 6625 6626
f 6624 6626 6627
f 6628 6618 6620
f 6629 6630 6631
f 6632 6633 6634
f 6541 6635 6636
f 6541 6636 6539
f 6544 6637 6638
f 6544 6638 6542
f 6639 6640 6641
f 6639 6641 6642
f 6643 6503 6505
f 6643 6505 6644
f 6581 6645 6646
f 6581 6646 6582
f 6647 6648 6649
f 6647 6649 6650
f 6651 6652 6653
f 6651 6653 6654
f 6655 6629 6631
f 6656 6657 6658
f 6659 6660 6661
f 6661 6660 6662
f 6663 6664 6665
f 6666 6667 6668
f 6669 6670 6671
f 6672 6673 6674
f 6675 6676 6677
f 6678 6679 6680
f 6681 6682 6683
f 6684 6685 6686
f 6687 6688 6689
f 6690 6691 6692
f 6693 6694 6695
f 6696 6697 6698
f 6699 6700 6701
f 6702 6703 6704
f 6705 6706 6707
f 6708 6709 6710
f 6711 6712 6713
f 6714 6715 6716
f 6717 6718 6719
f 6719 6718 6720
f 6698 6721 6696
f 6722 6723 6724
f 6725 6726 6727
f 6728 6729 6730
f 6731 6732 6733
f 6734 6735 6736
f 6737 6738 6739
f 6740 6741 6742
f 6743 6744 6745
f 6746 6747 6748
f 6748 6747 6749
f 6750 6751 6752
f 6753 6754 6755
f 6752 6756 6757
f 6758 6759 6760
f 6761 6762 6763
f 6764 6765 6766
f 6764 6766 6767
f 6768 6769 6770
f 6771 6772 6773
f 6774 6775 6776
f 6774 6776 6777
f 6778 6779 6780
f 6781 6782 6783
f 6781 6783 6784
f 6785 6786 6787
f 6776 6788 6777
f 6789 6790 6791
f 6792 6793 6794
f 6795 6796 6797
f 6798 6799 6800
f 6801 6802 6803
f 6804 6805 6806
f 6807 6808 6809
f 6810 6811 6812
f 6813 6814 6815
f 6816 6817 6818
f 6819 6820 6821
f 6806 6822 6804
f 6823 6824 6825
f 6823 6825 6826
f 6827 6828 6829
f 6830 6831 6832
f 6832 6831 6833
f 6834 6835 6836
f 6837 6838 6839
f 6840 6841 6842
f 6843 6844 6845
f 6846 6847 6848
f 6849 6850 6851
f 6852 6853 6854
f 6855 6856 6857
f 6854 6858 6859
f 6860 6861 6862
f 6863 6864 6865
f 6866 6867 6868
f 6869 6870 6871
f 6872 6873 6874
f 6875 6876 6877
f 6878 6879 6880
f 6881 6882 6883
f 6884 6885 6886
f 6887 6888 6889
f 6890 6891 6892
f 6893 6894 6895
f 6896 6897 6898
f 6899 6900 6901
f 6902 6903 6904
f 6905 6906 6907
f 6908 6909 6910
f 6911 6912 6913
f 6914 6915 6916
f 6917 6918 6919
f 6920 6921 6922
f 6923 6924 6925
f 6926 6927 6928
f 6929 6930 6931
f 6932 6933 6934
f 6935 6936 6937
f 6938 6939 6940
f 6941 6942 6943
f 6944 6945 6946
f 6947 6948 6949
f 6950 6951 6952
f 6953 6954 6955
f 6956 6957 6958
f 6959 6960 6961
f 6962 6963 6964
f 6910 6965 6966
f 6910 6966 6908
f 6967 6896 6898
f 6967 6898 6968
f 6969 6886 6885
f 6969 6885 6970
f 6971 6972 6973
f 6971 6973 6974
f 6975 6976 6878
f 6975 6878 6977
f 6978 6979 6980
f 6978 6980 6981
f 6982 6983 6984
f 6982 6984 6985
f 6986 6827 6829
f 6987 6988 6989
f 6989 6988 6990
f 6991 6992 6993
f 6994 6995 6996
f 6997 6998 6999
f 7000 7001 7002
f 7003 7004 7005
f 7006 7007 7008
f 7009 7010 7011
f 7012 7013 7014
f 7015 7016 7017
f 7018 7019 7020
f 7021 7022 7023
f 7024 7025 7026
f 7027 7028 7029
f 7030 7031 7032
f 7033 7034 7035
f 7036 7037 7038
f 7039 7040 7041
f 7042 7043 7044
f 7045 7046 7047
f 7048 7049 7050
f 7051 7052 7053
f 7054 7055 7056
f 7057 7058 7059
f 7060 7061 7062
f 7063 7064 7065
f 7066 7067 7068
f 7069 7070 7071
f 7072 7073 7074
f 7075 7076 7077
f 7078 7079 7080
f 7081 7082 7083
f 7084 7085 7086
f 7087 7088 7089
f 7090 7091 7092
f 7092 7091 7093
f 7094 7095 7096
f 7097 7098 7099
f 7100 7101 7102
f 7103 7104 7105
f 7106 7107 7108
f 7109 7110 7111
f 7112 7113 7114
f 7115 7116 7117
f 7118 7119 7120
f 7121 7122 7123
f 7124 7125 7126
f 7127 7128 7129
f 7130 7131 7132
f 7133 7134 7135
f 7136 7094 7096
f 7137 7138 7139
f 7140 7141 7142
f 7143 7144 7145
f 7146 7147 7148
f 7149 7150 7151
f 7152 7153 7154
f 7155 7156 7157
f 7158 7159 7160
f 7161 7162 7163
f 7164 7165 7166
f 7167 7168 7169
f 7170 7171 7172
f 7173 7174 7175
f 7176 7177 7178
f 7179 7180 7181
f 7182 7183 7184
f 7185 7186 7187
f 7188 7189 7190
f 7191 7192 7193
f 7194 7195 7196
f 7197 7198 7199
f 7200 7201 7202
f 7203 7204 7205
f 7206 7207 7208
f 7209 7210 7211
f 7212 7213 7214
f 7215 7216 7217
f 7218 7219 7220
f 7221 7222 7223
f 7224 7225 7226
f 7227 7228 7229
f 7230 7231 7232
f 7233 7234 7235
f 7236 7237 7238
f 7239 7240 7241
f 7242 7243 7244
f 7245 7246 7247
f 7248 7249 7250
f 7251 7252 7253
f 7254 7255 7256
f 7257 7258 7259
f 7260 7261 7262
f 7263 7264 7265
f 7266 7267 7268
f 7269 7270 7271
f 7272 7273 7274
f 7275 7276 7277
f 7278 7279 7280
f 7281 7282 7283
f 7284 7285 7286
f 7287 7288 7289
f 7290 7291 7292
f 7293 7294 7295
f 7296 7297 7298
f 7299 7300 7301
f 7302 7303 7304
f 7305 7306 7307
f 7308 7309 7310
f 7311 7312 7313
f 7314 7315 7316
f 7317 7318 7319
f 7320 7321 7322
f 7323 7324 7325
f 7326 7327 7328
f 7329 7330 7331
f 7332 7333 7334
f 7335 7336 7337
f 7338 7339 7340
f 7341 7342 7343
f 7344 7345 7346
f 7347 7348 7349
f 7350 7351 7352
f 7353 7354 7355
f 7356 7357 7358
f 7359 7360 7361
f 7362 7363 7364
f 7365 7366 7367
f 7368 7369 7370
f 7371 7372 7373
f 7374 7375 7376
f 7377 7378 7379
f 7380 7381 7382
f 7383 7384 7385
f 7386 7387 7388
f 7389 7390 7391
f 7392 7393 7394
f 7395 7396 7397
f 7398 7399 7400
f 7401 7402 7403
f 7404 7405 7406
f 7407 7408 7409
f 7410 7411 7412
f 7413 7414 7415
f 7416 7417 7418
f 7419 7420 7421
f 7422 7423 7424
f 7425 7426 7427
f 7428 7429 7430
f 7431 7432 7433
f 7434 7435 7436
f 7437 7438 7439
f 7440 7441 7442
f 7443 7444 7445
f 7446 7447 7448
f 7449 7450 7451
f 7452 7453 7454
f 7455 7456 7457
f 7458 7459 7460
f 7461 7462 7463
f 7464 7465 7466
f 7467 7468 7469
f 7470 7471 7472
f 7473 7474 7475
f 7476 7477 7478
f 7479 7480 7481
f 7482 7483 7484
f 7485 7486 7487
f 7488 7489 7490
f 7491 7492 7493
f 7494 7495 7496
f 7497 7498 7499
f 7500 7501 7502
f 7503 7504 7505
f 7506 7507 7508
f 7509 7510 7511
f 7512 7513 7514
f 7515 7516 7517
f 7515 7517 7518
f 7428 7519 7520
f 7521 7522 7523
f 7524 7525 7526
f 7527 7528 7529
f 7530 7531 7532
f 7533 7534 7535
f 7536 7537 7538
f 7539 7540 7541
f 7542 7543 7544
f 7545 7546 7547
f 7548 7549 7550
f 7551 7552 7553
f 7554 7555 7556
f 7557 7558 7559
f 7560 7561 7562
f 7563 7564 7565
f 7566 7567 7568
f 7569 7570 7571
f 7572 7573 7574
f 7575 7576 7577
f 7578 7579 7580
f 7581 7582 7583
f 7584 7585 7586
f 7587 7588 7589
f 7590 7591 7592
f 7593 7594 7595
f 7596 7597 7598
f 7599 7600 7601
f 7602 7603 7604
f 7605 7606 7607
f 7608 7609 7610
f 7611 7612 7613
f 7614 7615 7616
f 7617 7618 7619
f 7620 7621 7622
f 7623 7624 7625
f 7626 7627 7628
f 7629 7630 7631
f 7632 7633 7634
f 7635 7636 7637
f 7638 7639 7640
f 7641 7642 7643
f 7644 7645 7646
f 7647 7648 7649
f 7650 7651 7652
f 7653 7654 7655
f 7656 7657 7658
f 7659 7660 7661
f 7662 7663 7664
f 7665 7666 7667
f 7668 7669 7670
f 7671 7672 7673
f 7674 7675 7676
f 7677 7678 7679
f 7680 7681 7682
f 7683 7684 7685
f 7686 7687 7688
f 7689 7690 7691
f 7692 7693 7694
f 7695 7696 7697
f 7698 7699 7700
f 7701 7702 7703
f 7704 7705 7706
f 7707 7708 7709
f 7710 7711 7712
f 7713 7714 7715
f 7716 7717 7718
f 7719 7720 7721
f 7722 7723 7724
f 7725 7726 7727
f 7728 7729 7730
f 7731 7732 7733
f 7734 7735 7736
f 7737 7738 7739
f 7740 7741 7742
f 7743 7744 7745
f 7746 7747 7748
f 7749 7750 7751
f 7752 7753 7754
f 7755 7756 7757
f 7758 7759 7760
f 7761 7762 7763
f 7764 7765 7766
f 7767 7768 7769
f 7770 7771 7772
f 7773 7774 7775
f 7776 7777 7778
f 7779 7780 7781
f 7782 7783 7784
f 7785 7786 7787
f 7788 7789 7790
f 7791 7792 7793
f 7794 7795 7796
f 7797 7798 7799
f 7800 7801 7802
f 7803 7804 7805
f 7806 7807 7808
f 7809 7810 7811
f 7812 7813 7814
f 7815 7816 7817
f 7711 7818 7712
f 7712 7818 7819
f 7820 7821 7822
f 7823 7824 7825
f 7823 7825 7826
f 7827 7828 7829
f 7830 7831 7832
f 7833 7834 7835
f 7836 7837 7838
f 7839 7840 7841
f 7842 7843 7844
f 7845 7846 7847
f 7848 7849 7850
f 7851 7852 7853
f 7854 7855 7856
f 7857 7858 7859
f 7860 7861 7862
f 7863 7864 7865
f 7866 7867 7868
f 7869 7870 7871
f 7872 7873 7874
f 7875 7876 7877
f 7878 7879 7880
f 7881 7882 7883
f 7884 7885 7886
f 7887 7888 7889
f 7890 7891 7892
f 7893 7894 7895
f 7896 7897 7898
f 7899 7900 7901
f 7902 7903 7904
f 7905 7906 7907
f 7908 7909 7910
f 7911 7912 7913
f 7914 7915 7916
f 7917 7918 7919
f 7920 7921 7922
f 7923 7924 7925
f 7926 7927 7928
f 7929 7930 7931
f 7932 7933 7934
f 7935 7936 7937
f 7938 7939 7940
f 7941 7942 7943
f 7944 7945 7946
f 7947 7948 7949
f 7950 7951 7952
f 7953 7954 7955
f 7956 7957 7958
f 7959 7960 7961
f 7962 7963 7964
f 7965 7966 7967
f 7968 7969 7970
f 7971 7972 7973
f 7974 7975 7976
f 7977 7978 7979
f 7980 7981 7982
f 7983 7984 7985
f 7986 7987 7988
f 7989 7990 7991
f 7992 7993 7994
f 7995 7996 7997
f 7998 7999 8000
f 8001 8002 8003
f 8004 8005 8006
f 8007 8008 8009
f 8010 8011 8012
f 8013 8014 8015
f 8016 8017 8018
f 8019 8020 8021
f 8022 8023 8024
f 8025 8026 8027
f 8028 8029 8030
f 8031 8032 8033
f 8034 8035 8036
f 8037 8038 8039
f 8040 8041 8042
f 8043 8044 8045
f 8046 8047 8048
f 8049 8050 8051
f 8052 8053 8054
f 8055 8056 8057
f 8058 8059 8060
f 8061 8062 8063
f 8064 8065 8066
f 8067 8068 8069
f 8070 8071 8072
f 8073 8074 8075
f 8076 8077 8078
f 8079 8080 8081
f 8082 8083 8084
f 8085 8086 8087
f 8088 8089 8090
f 8091 8092 8093
f 8094 8095 8096
f 8097 8098 8099
f 8100 8101 8102
f 8103 8104 8105
f 8106 8107 8108
f 8109 8110 8111
f 8112 8113 8114
f 8010 8115 8011
f 8116 8117 8118
f 8119 8120 8121
f 8122 8123 8124
f 8125 8126 8127
f 8128 8129 8130
f 8128 8130 8131
f 8132 8133 8134
f 8132 8134 8135
f 8136 8137 8138
f 8136 8138 8139
f 8140 8141 8142
f 8140 8142 8143
f 8144 8145 8146
f 8147 8148 8149
f 8150 8151 8152
f 8153 8154 8155
f 8156 8157 8158
f 8159 8160 8161
f 8162 8163 8164
f 8165 8166 8167
f 8168 8169 8170
f 8171 8172 8173
f 8174 8175 8176
f 8177 8178 8179
f 8180 8181 8182
f 8183 8184 8185
f 8186 8187 8188
f 8189 8190 8191
f 8192 8193 8194
f 8195 8196 8197
f 8198 8199 8200
f 8201 8202 8203
f 8204 8205 8206
f 8207 8208 8209
f 8210 8211 8212
f 8213 8214 8215
f 8216 8217 8218
f 8216 8218 8219
f 8220 8221 8222
f 8223 8224 8225
f 8226 8227 8228
f 8229 8230 8231
f 8232 8233 8234
f 8232 8234 8235
f 8236 8237 8238
f 8239 8240 8241
f 8242 8243 8244
f 8245 8246 8247
f 8248 8249 8250
f 8251 8252 8253
f 8254 8255 8256
f 8257 8258 8259
f 8257 8259 8260
f 8261 8262 8263
f 8264 8265 8266
f 8267 8268 8269
f 8270 8271 8272
f 8273 8274 8275
f 8276 8277 8278
f 8279 8280 8281
f 8282 8283 8284
f 8285 8286 8287
f 8285 8287 8288
f 8289 8290 8291
f 8209 8292 8207
f 8293 8294 8295
f 8296 8297 8298
f 8299 8300 8301
f 8302 8303 8304
f 8305 8306 8307
f 8308 8309 8310
f 8311 8312 8313
f 8314 8315 8316
f 8317 8318 8319
f 8320 8321 8322
f 8323 8324 8325
f 8326 8327 8328
f 8329 8330 8331
f 8332 8333 8334
f 8335 8336 8337
f 8338 8339 8340
f 8341 8342 8343
f 8344 8345 8346
f 8346 8345 8347
f 8348 8349 8350
f 8350 8349 8351
f 8352 8353 8354
f 8354 8353 8355
f 8356 8357 8358
f 8358 8357 8359
f 8360 8361 8362
f 8362 8361 8363
f 8364 8365 8366
f 8367 8368 8369
f 8370 8371 8372
f 8373 8374 8375
f 8376 8377 8378
f 8379 8380 8381
f 8382 8383 8384
f 8382 8384 8385
f 8386 8387 8388
f 8386 8388 8389
f 8389 8388 8390
f 8389 8390 8391
f 8392 8393 8394
f 8392 8394 8395
f 8396 8397 8398
f 8399 8400 8401
f 8402 8403 8404
f 8405 8406 8407
f 8408 8409 8410
f 8411 8412 8413
f 8414 8415 8416
f 8417 8418 8419
f 8420 8421 8422
f 8423 8424 8425
f 8426 8427 8428
f 8426 8428 8429
f 8430 8431 8432
f 8430 8432 8433
f 8434 8435 8436
f 8434 8436 8437
f 8438 8439 8440
f 8438 8440 8441
f 8442 8443 8444
f 8442 8444 8445
f 8446 8447 8448
f 8446 8448 8449
f 8450 8451 8452
f 8453 8454 8455
f 8456 8457 8458
f 8459 8460 8461
f 8462 8463 8464
f 8465 8466 8467
f 8468 8469 8470
f 8471 8472 8473
f 8474 8475 8476
f 8477 8478 8479
f 8479 8480 8477
f 8475 8481 8482
f 8475 8482 8476
f 8483 8484 8485
f 8486 8487 8488
f 8489 8490 8491
f 8492 8493 8494
f 8495 8496 8497
f 8498 8499 8500
f 8501 8502 8503
f 8504 8505 8506
f 8507 8508 8509
f 8510 8511 8512
f 8513 8514 8515
f 8516 8517 8518
f 8519 8520 8521
f 8522 8523 8524
f 8525 8526 8527
f 8528 8529 8530
f 8531 8532 8533
f 8534 8535 8536
f 8537 8538 8539
f 8540 8541 8542
f 8543 8544 8545
f 8546 8547 8548
f 8549 8550 8551
f 8552 8553 8554
f 8555 8556 8557
f 8558 8559 8560
f 8561 8562 8563
f 8564 8565 8566
f 8567 8568 8569
f 8570 8571 8572
f 8573 8574 8575
f 8576 8577 8578
f 8579 8580 8581
f 8581 8580 8582
f 8581 8582 8583
f 8584 8585 8586
f 8587 8588 8589
f 8590 8591 8592
f 8593 8594 8595
f 8593 8595 8596
f 8597 8598 8599
f 8600 8601 8602
f 8603 8604 8605
f 8606 8607 8608
f 8609 8610 8611
f 8612 8613 8614
f 8615 8616 8617
f 8618 8619 8620
f 8621 8622 8623
f 8624 8625 8626
f 8627 8628 8629
f 8630 8631 8632
f 8633 8634 8635
f 8636 8637 8638
f 8639 8640 8641
f 8642 8643 8644
f 8645 8646 8647
f 8648 8649 8650
f 8651 8652 8653
f 8654 8655 8656
f 8657 8658 8659
f 8660 8661 8662
f 8663 8664 8665
f 8666 8609 8611
f 8667 8668 8669
f 8670 8671 8672
f 8673 8674 8675
f 8676 8677 8678
f 8676 8678 8679
f 8679 8678 8680
f 8679 8680 8681
f 8682 8683 8684
f 8685 8686 8687
f 8688 8689 8690
f 8691 8692 8693
f 8694 8695 8696
f 8697 8698 8699
f 8700 8701 8702
f 8703 8704 8705
f 8706 8707 8708
f 8709 8710 8711
f 8712 8713 8714
f 8715 8716 8717
f 8718 8719 8720
f 8721 8722 8723
f 8724 8725 8726
f 8727 8728 8729
f 8730 8731 8732
f 8733 8734 8735
f 8736 8737 8738
f 8739 8740 8741
f 8742 8743 8744
f 8745 8746 8747
f 8748 8749 8750
f 8751 8752 8753
f 8754 8755 8756
f 8757 8758 8759
f 8760 8761 8762
f 8763 8764 8765
f 8766 8767 8768
f 8769 8770 8771
f 8772 8773 8774
f 8774 8775 8772
f 8776 8777 8778
f 8779 8780 8781
f 8782 8783 8784
f 8785 8786 8787
f 8788 8789 8790
f 8791 8792 8793
f 8794 8795 8796
f 8797 8798 8799
f 8800 8801 8802
f 8803 8804 8805
f 8806 8807 8808
f 8809 8810 8811
f 8812 8813 8814
f 8815 8816 8817
f 8818 8819 8820
f 8821 8822 8823
f 8824 8825 8826
f 8827 8828 8829
f 8830 8831 8832
f 8833 8834 8835
f 8836 8837 8838
f 8839 8840 8841
f 8842 8843 8844
f 8845 8846 8847
f 8847 8846 8848
f 8849 8850 8851
f 8852 8853 8854
f 8777 8855 8778
f 8856 8667 8669
f 8857 8858 8859
f 8859 8858 8860
f 8861 8862 8863
f 8863 8862 8864
f 8865 8866 8867
f 8867 8866 8868
f 8869 8870 8871
f 8871 8870 8872
f 8873 8874 8875
f 8875 8874 8876
f 8877 8878 8879
f 8879 8878 8880
f 8881 8882 8883
f 8883 8882 8884
f 8885 8886 8887
f 8887 8886 8888
f 8889 8890 8891
f 8891 8890 8892
f 8893 8894 8895
f 8896 8897 8898
f 8899 8900 8901
f 8901 8900 8902
f 8903 8904 8905
f 8906 8907 8908
f 8909 8910 8911
f 8912 8913 8914
f 8681 8680 8915
f 8916 8917 8918
f 8919 8920 8921
f 8922 8923 8924
f 8921 8925 8926
f 8926 8925 8927
f 8926 8927 8928
f 8929 8930 8931
f 8932 8933 8934
f 8934 8933 8935
f 8936 8937 8938
f 8938 8937 8939
f 8940 8941 8942
f 8943 8944 8945
f 8946 8947 8948
f 8949 8950 8951
f 8949 8951 8952
f 8953 8954 8955
f 8956 8957 8958
f 8959 8960 8961
f 8962 8963 8964
f 8965 8966 8967
f 8965 8967 8968
f 8969 8970 8971
f 8972 8973 8974
f 8975 8976 8977
f 8978 8979 8980
f 8981 8982 8983
f 8984 8985 8986
f 8987 8988 8989
f 8990 8991 8992
f 8984 8986 8993
f 8994 8995 8996
f 8994 8996 8997
f 8998 8999 9000
f 9001 9002 9003
f 9004 9005 9006
f 9007 9008 9009
f 9010 9011 9012
f 9013 9014 9015
f 9016 9017 9018
f 9019 9020 9021
f 9022 9023 9024
f 9025 9026 9027
f 9028 9029 9030
f 9031 9032 9033
f 9034 9035 9036
f 9037 9038 9039
f 9040 9041 9042
f 9043 9044 9045
f 9046 9047 9048
f 9049 9050 9051
f 9052 9053 9054
f 9055 9056 9057
f 9058 9059 9060
f 9061 9062 9063
f 9064 9065 9066
f 9067 9068 9069
f 9070 9071 9072
f 9073 9074 9075
f 9076 9077 9078
f 9079 9080 9081
f 9082 9083 9084
f 9085 9086 9087
f 9088 9089 9090
f 9091 9092 9093
f 9094 9095 9096
f 9097 9098 9099
f 9100 9101 9102
f 9103 9104 9105
f 9106 9107 9108
f 9109 9110 9111
f 9112 9113 9114
f 9115 9116 9117
f 9118 9119 9120
f 9121 9122 9123
f 9124 9125 9126
f 9127 9128 9129
f 9130 9131 9132
f 9133 9134 9135
f 9136 9137 9138
f 9139 9140 9141
f 9142 9143 9144
f 9145 9146 9147
f 9148 9149 9150
f 9151 9152 9153
f 9154 9155 9156
f 9157 9153 9158
f 9157 9158 9159
f 9160 9161 9162
f 9163 9164 9165
f 9166 9167 9168
f 9169 9170 9171
f 9172 9173 9174
f 9172 9174 9175
f 9176 9177 9178
f 9179 9180 9181
f 9182 9183 9184
f 9185 9186 9187
f 9187 9186 9188
f 9187 9188 9189
f 9190 9191 9192
f 9193 9194 9195
f 9196 9197 9198
f 9198 9197 9199
f 9200 9201 9202
f 9202 9201 9203
f 9204 9205 9206
f 9206 9205 9207
f 9208 9209 9210
f 9210 9209 9211
f 9212 9213 9214
f 9214 9213 9215
f 9216 9217 9218
f 9219 9220 9221
f 9222 9223 9224
f 9224 9223 9225
f 9226 9227 9228
f 9228 9227 9229
f 9230 9231 9232
f 9232 9231 9233
f 9234 9235 9236
f 9236 9235 9237
f 9238 9239 9240
f 9240 9239 9241
f 9242 9243 9244
f 9245 9131 9130
f 9189 9188 9246
f 9246 9188 9247
f 9248 9249 9250
f 9251 9252 9253
f 9254 9255 9256
f 9257 9258 9259
f 9260 9261 9262
f 9263 9264 9265
f 9266 9267 9268
f 9269 9270 9271
f 9272 9273 9274
f 9275 9276 9277
f 9278 9279 9280
f 9281 9282 9283
f 9284 9285 9286
f 9287 9288 9289
f 9290 9291 9292
f 9293 9294 9295
f 9296 9297 9298
f 9299 9300 9301
f 9302 9303 9304
f 9305 9306 9307
f 9308 9309 9310
f 9311 9312 9313
f 9314 9315 9316
f 9317 9318 9319
f 9320 9321 9322
f 9323 9324 9325
f 9326 9327 9328
f 9329 9330 9331
f 9332 9333 9334
f 9335 9336 9337
f 9338 9339 9340
f 9341 9342 9343
f 9048 9344 9046
f 9345 9242 9244
f 9346 9250 9347
f 9347 9250 9249
f 9348 9349 9350
f 9351 9352 9353
f 9354 9355 9356
f 9357 9358 9359
f 9360 9361 9362
f 9363 9364 9365
f 9366 9367 9368
f 9369 9370 9371
f 9372 9373 9374
f 9375 9376 9377
f 9378 9379 9380
f 9381 9382 9383
f 9384 9385 9386
f 9387 9388 9389
f 9390 9391 9392
f 9393 9394 9395
f 9396 9397 9398
f 9399 9400 9401
f 9402 9403 9404
f 9405 9406 9407
f 9408 9409 9410
f 9411 9412 9413
f 9414 9415 9416
f 9417 9418 9419
f 9420 9421 9422
f 9423 9424 9425
f 9426 9427 9428
f 9429 9430 9431
f 9432 9433 9434
f 9435 9436 9437
f 9438 9439 9440
f 9441 9442 9443
f 9444 9445 9446
f 9447 9448 9449
f 9450 9451 9452
f 9453 9454 9455
f 9456 9457 9458
f 9458 9457 9459
f 9460 9461 9462
f 9463 9464 9465
f 9466 9467 9468
f 9469 9470 9471
f 9472 9473 9474
f 9475 9476 9477
f 9478 9479 9480
f 9481 9482 9483
f 9484 9485 9486
f 9487 9488 9489
f 9490 9491 9492
f 9493 9494 9495
f 9496 9497 9498
f 9499 9500 9501
f 9502 9503 9504
f 9505 9506 9507
f 9508 9509 9510
f 9511 9512 9513
f 9514 9515 9516
f 9517 9518 9519
f 9520 9521 9522
f 9522 9521 9523
f 9524 9525 9526
f 9527 9528 9529
f 9530 9531 9532
f 9533 9534 9535
f 9536 9537 9538
f 9539 9540 9541
f 9539 9541 9542
f 9543 9544 9545
f 9543 9545 9546
f 9547 9548 9549
f 9525 9550 9526
f 9551 9552 9553
f 9554 9555 9556
f 9557 9558 9559
f 9560 9561 9562
f 9563 9564 9565
f 9566 9567 9568
f 9569 9570 9571
f 9572 9573 9574
f 9575 9576 9577
f 9578 9579 9580
f 9581 9582 9583
f 9584 9585 9586
f 9587 9588 9589
f 9590 9591 9592
f 9593 9594 9595
f 9596 9597 9598
f 9599 9600 9601
f 9602 9603 9604
f 9605 9606 9607
f 9608 9609 9610
f 9611 9612 9613
f 9614 9615 9616
f 9617 9618 9619
f 9620 9621 9622
f 9623 9624 9625
f 9626 9627 9628
f 9628 9627 9629
f 9628 9629 9630
f 9631 9632 9633
f 9634 9635 9636
f 9637 9638 9639
f 9640 9641 9642
f 9643 9644 9645
f 9612 9646 9613
f 9647 9648 9649
f 9650 9651 9652
f 9653 9654 9655
f 9656 9657 9658
f 9659 9660 9661
f 9662 9663 9664
f 9665 9666 9667
f 9668 9669 9670
f 9668 9670 9671
f 9672 9673 9674
f 9675 9676 9677
f 9678 9679 9680
f 9681 9682 9683
f 9684 9685 9686
f 9687 9688 9689
f 9690 9691 9692
f 9693 9694 9695
f 9696 9697 9698
f 9699 9700 9701
f 9702 9703 9704
f 9671 9705 9668
f 9668 9705 9706
f 9707 9708 9709
f 9710 9711 9712
f 9713 9369 9714
f 9715 9716 9717
f 9718 9719 9720
f 9721 9722 9723
f 9724 9725 9726
f 9727 9728 9729
f 9730 9731 9732
f 9722 9733 9734
f 9735 9736 9737
f 9738 9739 9740
f 9741 9742 9743
f 9744 9745 9746
f 9747 9748 9749
f 9750 9751 9752
f 9753 9754 9755
f 9756 9757 9758
f 9759 9760 9761
f 9762 9763 9764
f 9765 9766 9767
f 9768 9769 9770
f 9771 9772 9773
f 9774 9775 9776
f 9776 9775 9777
f 9778 9779 9780
f 9781 9782 9783
f 9784 9785 9786
f 9787 9788 9789
f 9790 9791 9792
f 9793 9794 9795
f 9796 9797 9798
f 9799 9800 9801
f 9802 9803 9804
f 9805 9806 9807
f 9808 9809 9810
f 9811 9812 9809
f 9813 9814 9815
f 9813 9815 9816
f 9817 9818 9819
f 9820 9821 9822
f 9823 9824 9825
f 9826 9827 9828
f 9829 9830 9831
f 9832 9833 9834
f 9835 9836 9837
f 9838 9839 9840
f 9841 9842 9843
f 9844 9845 9846
f 9847 9848 9849
f 9850 9851 9852
f 9853 9854 9855
f 9856 9857 9858
f 9859 9860 9861
f 9862 9863 9864
f 9865 9866 9867
f 9868 9869 9870
f 9871 9872 9873
f 9874 9875 9876
f 9877 9878 9879
f 9869 9880 9870
f 9870 9880 9881
f 9882 9883 9884
f 9885 9886 9887
f 9888 9889 9890
f 9891 9892 9893
f 9894 9895 9896
f 9897 9898 9899
f 9900 9901 9902
f 9903 9904 9905
f 9906 9907 9908
f 9909 9910 9911
f 9912 9913 9914
f 9915 9916 9917
f 9918 9919 9920
f 9921 9922 9923
f 9924 9925 9926
f 9927 9928 9929
f 9930 9931 9932
f 9933 9934 9935
f 9936 9937 9938
f 9939 9888 9890
f 9940 9941 9942
f 9943 9944 9945
f 9946 9947 9948
f 9949 9939 9890
f 9950 9951 9952
f 9847 9849 9953
f 9508 9510 9954
f 9955 9956 9957
f 9958 9959 9960
f 9961 9962 9963
f 9964 9965 9966
f 9967 9968 9969
f 9953 9970 9847
f 9971 9972 9973
f 9969 9968 9974
f 9975 9976 9977
f 9978 9979 9980
f 9981 9982 9983
f 9984 9985 9986
f 9987 9988 9989
f 9990 9991 9992
f 9993 9994 9995
f 9996 9997 9998
f 9999 10000 10001
f 10002 10003 10004
f 10005 10006 10007
f 10008 10009 10010
f 10011 10012 10013
f 10014 10015 10016
f 10017 10018 10019
f 10020 10021 10022
f 10023 10024 10025
f 10026 10027 10028
f 10029 10030 10031
f 10032 10033 10034
f 10035 10036 10037
f 10038 10039 10040
f 10041 10042 10043
f 10044 10045 10046
f 10047 10048 10049
f 10050 10051 10052
f 10050 10052 10053
f 10054 10055 10056
f 10057 10058 10059
f 10060 10061 10062
f 10063 10064 10065
f 10066 10067 10068
f 10069 10070 10071
f 10072 10073 10074
f 10075 10076 10077
f 10078 10079 10080
f 10081 10082 10083
f 10084 10085 10086
f 10087 10088 10089
f 10090 10091 10092
f 10093 10094 10095
f 10096 10097 10098
f 10099 10100 10101
f 10102 10103 10104
f 10105 10106 10107
f 10108 10109 10110
f 10111 10112 10113
f 10114 10115 10116
f 10117 10118 10119
f 10120 10121 10122
f 10123 10124 10125
f 10126 10127 10128
f 10129 10130 10131
f 10132 10133 10134
f 10135 10136 10137
f 10138 10139 10140
f 10141 10142 10143
f 10144 10145 10146
f 10147 10148 10149
f 10150 10151 10152
f 10153 10154 10155
f 10156 10157 10158
f 10159 10160 10161
f 10162 10163 10164
f 10165 10166 10167
f 10168 10169 10170
f 10171 10172 10173
f 10174 10175 10176
f 10177 10178 10179
f 10180 10181 10182
f 10183 10184 10185
f 10073 10186 10074
f 10187 10188 10189
f 10190 10191 10192
f 10193 10194 10195
f 10196 10197 10198
f 10199 10200 10201
f 10202 10203 10204
f 10205 10206 10207
f 10208 10209 10210
f 10211 10212 10213
f 10214 10215 10216
f 10217 10218 10219
f 10220 10221 10222
f 10223 10224 10225
f 10226 10227 10228
f 10229 10230 10231
f 10232 10233 10234
f 10235 10236 10237
f 10238 10239 10240
f 10241 10242 10243
f 10244 10245 10246
f 10247 10248 10249
f 10250 10251 10252
f 10253 10254 10255
f 10256 10257 10258
f 10259 10260 10261
f 10259 10261 10262
f 10263 10264 10265
f 10266 10267 10268
f 10269 10270 10271
f 10272 10273 10274
f 10275 10276 10277
f 10278 10279 10280
f 10278 10280 10281
f 10282 10283 10284
f 10285 10286 10287
f 10288 10289 10290
f 10291 10292 10293
f 10294 10295 10296
f 10297 10298 10299
f 10300 10301 10302
f 10303 10304 10305
f 10306 10307 10308
f 10309 10310 10311
f 10309 10311 10312
f 10313 10314 10315
f 10316 10317 10318
f 10319 10320 10321
f 10321 10320 10322
f 10323 10324 10325
f 10325 10324 10326
f 10327 10328 10329
f 10329 10328 10330
f 10331 10332 10333
f 10333 10332 10334
f 10335 10336 10337
f 10338 10339 10340
f 10341 10342 10343
f 10343 10342 10344
f 10345 10346 10347
f 10347 10346 10348
f 10349 10350 10351
f 10351 10350 10352
f 10353 10354 10355
f 10356 10357 10358
f 10359 10360 10361
f 10361 10360 10362
f 10363 10364 10365
f 10365 10364 10366
f 10367 10368 10369
f 10369 10368 10370
f 10371 10372 10373
f 10374 10375 10376
f 10377 10378 10379
f 10379 10378 10380
f 10381 10382 10383
f 10384 10385 10386
f 10387 10388 10389
f 10390 10391 10392
f 10393 10394 10395
f 10396 10397 10398
f 10399 10400 10401
f 10402 10403 10404
f 10405 10406 10407
f 10407 10406 10408
f 10409 10410 10411
f 10411 10410 10412
f 10413 10414 10415
f 10415 10414 10416
f 10417 10418 10419
f 10420 10421 10422
f 10423 10424 10425
f 10425 10424 10426
f 10427 10428 10429
f 10429 10428 10430
f 10431 10432 10433
f 10433 10432 10434
f 10435 10436 10437
f 10437 10436 10438
f 10439 10440 10441
f 10442 10443 10444
f 10442 10444 10445
f 10445 10444 10446
f 10447 10448 10449
f 10450 10451 10452
f 10453 10454 10455
f 10456 10457 10458
f 10459 10460 10461
f 10461 10460 10462
f 10463 10464 10465
f 10466 10467 10468
f 10469 10470 10471
f 10472 10473 10474
f 10475 10476 10477
f 10478 10479 10480
f 10481 10482 10483
f 10484 10485 10486
f 10487 10488 10489
f 10490 10491 10492
f 10493 10494 10495
f 10496 10497 10498
f 10499 10500 10501
f 10502 10503 10504
f 10505 10506 10507
f 10508 10509 10510
f 10511 10512 10513
f 10514 10515 10516
f 10517 10518 10519
f 10520 10521 10522
f 10523 10524 10525
f 10526 10527 10528
f 10529 10530 10531
f 10532 10533 10534
f 10535 10536 10537
f 10538 10539 10540
f 10541 10542 10543
f 10544 10545 10546
f 10547 10548 10549
f 10550 10551 10552
f 10553 10554 10555
f 10556 10557 10558
f 10559 10560 10561
f 10559 10561 10562
f 10563 10564 10565
f 10566 10567 10568
f 10569 10570 10571
f 10572 10573 10574
f 10575 10576 10577
f 10578 10579 10580
f 10581 10582 10583
f 10584 10585 10586
f 10587 10588 10589
f 10590 10591 10592
f 10593 10594 10595
f 10596 10597 10598
f 10599 10600 10601
f 10602 10202 10204
f 10470 10603 10471
f 10604 10605 10606
f 10604 10606 10607
f 10608 10609 10610
f 10611 10612 10613
f 10614 10615 10616
f 10617 10618 10619
f 10620 10621 10622
f 10209 10208 10623
f 10624 10625 10626
f 10627 10628 10629
f 10630 10631 10632
f 10633 10634 10635
f 10636 10637 10638
f 10639 10640 10641
f 10642 10643 10644
f 10645 10646 10647
f 10648 10649 10650
f 10651 10652 10653
f 10654 10655 10656
f 10657 10658 10659
f 10660 10661 10662
f 10663 10664 10665
f 10666 10667 10668
f 10669 10670 10671
f 10672 10673 10674
f 10675 10676 10677
f 10678 10679 10680
f 10681 10682 10683
f 10684 10685 10686
f 10687 10688 10689
f 10690 10691 10692
f 10693 10694 10695
f 10696 10697 10698
f 10699 10700 10701
f 10702 10703 10704
f 10705 10706 10707
f 10708 10709 10710
f 10711 10712 10713
f 10714 10715 10716
f 10717 10718 10719
f 10720 10721 10722
f 10723 10724 10725
f 10726 10727 10728
f 10729 10730 10731
f 10732 10733 10734
f 10735 10736 10737
f 10738 10739 10740
f 10741 10742 10743
f 10744 10745 10746
f 10747 10748 10749
f 10750 10751 10752
f 10753 10754 10755
f 10756 10757 10758
f 10759 10760 10761
f 10762 10763 10764
f 10765 10766 10767
f 10768 10769 10770
f 10771 10772 10773
f 10774 10775 10776
f 10777 10778 10779
f 10780 10781 10782
f 10783 10784 10785
f 10786 10787 10788
f 10789 10790 10791
f 10792 10793 10794
f 10795 10796 10797
f 10798 10799 10800
f 10800 10799 10801
f 10802 10803 10804
f 10805 10806 10807
f 10808 10809 10810
f 10811 10812 10813
f 10814 10815 10816
f 10817 10818 10819
f 10820 10821 10822
f 10823 10824 10825
f 10826 10827 10828
f 10829 10830 10831
f 10832 10833 10834
f 10835 10836 10837
f 10838 10839 10840
f 10841 10842 10843
f 10844 10845 10846
f 10847 10848 10849
f 10850 10851 10852
f 10853 10854 10855
f 10856 10857 10858
f 10859 10860 10861
f 10862 10863 10864
f 10865 10866 10867
f 10868 10869 10870
f 10871 10872 10873
f 10874 10875 10876
f 10877 10878 10879
f 10880 10881 10882
f 10883 10884 10885
f 10886 10887 10888
f 10889 10890 10891
f 10892 10893 10894
f 10895 10896 10897
f 10898 10899 10900
f 10901 10902 10903
f 10904 10905 10906
f 10907 10908 10909
f 10910 10911 10912
f 10913 10914 10915
f 10916 10917 10918
f 10919 10920 10921
f 10922 10923 10924
f 10925 10926 10927
f 10928 10929 10930
f 10931 10932 10933
f 10934 10935 10936
f 10937 10938 10939
f 10940 10941 10942
f 10943 10944 10945
f 10946 10947 10948
f 10949 10950 10951
f 10952 10953 10954
f 10955 10956 10957
f 10958 10959 10960
f 10961 10962 10963
f 10964 10965 10966
f 10967 10968 10969
f 10970 10971 10972
f 10970 10972 10973
f 10974 10975 10976
f 10977 10978 10979
f 10980 10981 10982
f 10983 10984 10985
f 10986 10987 10988
f 10989 10990 10991
f 10992 10993 10994
f 10995 10996 10997
f 10998 10999 11000
f 11001 11002 11003
f 11004 11005 11006
f 11007 10980 10982
f 11008 11009 11010
f 11011 11012 11013
f 11014 11015 11016
f 11017 11018 11019
f 11020 11021 11022
f 11023 11024 11025
f 11026 11027 11028
f 11029 11030 11031
f 11032 11033 11034
f 11035 11036 11037
f 11038 11039 11040
f 9430 11041 11042
f 11043 11044 11045
f 11046 11047 11048
f 11049 11050 11051
f 11052 11053 11054
f 11055 11056 11057
f 11058 11059 11060
f 11061 11062 11063
f 11064 11065 11066
f 11067 11068 11069
f 11070 11071 11072
f 11073 11074 11075
f 11076 11077 11078
f 11079 11080 11081
f 11082 11083 11084
f 11085 11086 11087
f 11088 11089 11090
f 11091 11092 11093
f 10962 11094 10963
f 11095 11096 11097
f 11098 11099 11100
f 11101 11102 11103
f 11104 11105 11106
f 11107 11108 11109
f 11110 11111 11112
f 11113 11114 11115
f 11116 11117 11118
f 11119 11120 11121
f 11122 11123 11124
f 11125 11126 11127
f 11128 11129 11130
f 11131 11132 11133
f 11134 11135 11136
f 11137 11138 11139
f 11056 11110 11057
f 11140 11141 11113
f 11093 11116 11091
f 11091 11116 11118
f 11051 11142 11049
f 11143 11122 11124
f 11144 11145 11146
f 11147 11148 11149
f 11068 11150 11069
f 11151 11152 11153
f 11154 11155 11156
f 11157 11158 11159
f 11159 11158 11160
f 11161 11162 11163
f 11163 11162 11164
f 11165 11166 11167
f 11167 11166 11168
f 11169 11170 11171
f 11171 11170 11172
f 11173 11174 11175
f 11176 11177 11178
f 11179 11180 11181
f 11182 11183 11184
f 11185 11186 11187
f 11188 11189 11190
f 11190 11189 11191
f 11192 11193 11194
f 11194 11193 11195
f 11196 11197 11198
f 11198 11197 11199
f 11200 11201 11202
f 11202 11201 11203
f 11204 11205 11206
f 11207 11208 11209
f 11210 11211 11212
f 11213 11214 11215
f 11216 11217 11218
f 11218 11217 11219
f 11220 11221 11222
f 11222 11221 11223
f 11224 11225 11226
f 11227 11228 11229
f 11230 11231 11232
f 11233 11234 11235
f 11236 11237 11238
f 11238 11237 11239
f 11240 11241 11242
f 11242 11241 11243
f 11244 11245 11246
f 11247 11248 11249
f 11250 11251 11252
f 11253 11254 11255
f 11256 11257 11258
f 11259 11260 11261
f 11262 11263 11264
f 11265 11266 11267
f 11268 11269 11270
f 11270 11269 11271
f 11272 11273 11274
f 11275 11276 11277
f 11278 11279 11280
f 11281 11282 11283
f 11284 11285 11286
f 11287 11288 11289
f 11290 11291 11292
f 11293 11294 11295
f 11296 11297 11298
f 11299 11300 11301
f 11302 11303 11304
f 11304 11303 11305
f 11306 11307 11308
f 11309 11310 11311
f 11312 11313 11314
f 11315 11316 11317
f 11318 11319 11320
f 11321 11322 11323
f 11324 11325 11326
f 11326 11325 11327
f 11328 11329 11330
f 11331 11332 11333
f 11334 11335 11336
f 11337 11338 11339
f 11340 11341 11342
f 11343 11344 11345
f 11346 11347 11348
f 11348 11347 11349
f 11350 11351 11352
f 11353 11354 11355
f 11356 11357 11358
f 11359 11360 11361
f 11362 11363 11364
f 11365 11366 11367
f 11368 11369 11370
f 11371 11372 11373
f 11374 11375 11376
f 11377 11378 11379
f 11380 11381 11382
f 11383 11384 11385
f 11386 11387 11388
f 11389 11390 11391
f 11391 11390 11392
f 11393 11394 11395
f 11396 11397 11398
f 11399 11400 11401
f 11402 11403 11404
f 11405 11406 11407
f 11408 11409 11410
f 11411 11412 11413
f 11413 11412 11414
f 11415 11416 11417
f 11418 11419 11420
f 11421 11422 11423
f 11424 11425 11426
f 11427 11428 11429
f 11430 11431 11432
f 11433 11434 11435
f 11436 11437 11438
f 11439 11440 11441
f 11442 11443 11444
f 11445 11446 11447
f 11447 11446 11448
f 11449 11450 11451
f 11452 11453 11454
f 11455 11456 11457
f 11458 11459 11460
f 11461 11462 11463
f 11464 11465 11466
f 11467 11468 11469
f 11470 11471 11472
f 11473 11474 11475
f 11475 11474 11476
f 11477 11478 11479
f 11480 11481 11482
f 11483 11484 11485
f 11486 11438 11437
f 11487 11488 11489
f 11490 11491 11492
f 11493 11494 11495
f 11496 11497 11498
f 11499 11500 11501
f 11501 11500 11502
f 11503 11504 11505
f 11506 11507 11508
f 11509 11510 11511
f 11512 11513 11514
f 11515 11516 11517
f 11518 11519 11520
f 11521 11522 11523
f 11524 11525 11526
f 11527 11528 11529
f 11530 11531 11532
f 11533 11534 11535
f 11536 11537 11538
f 11539 11540 11541
f 11542 11543 11544
f 11545 11546 11547
f 11548 11549 11550
f 11551 11552 11553
f 11553 11552 11554
f 11555 11556 11557
f 11557 11556 11558
f 11559 11560 11561
f 11561 11560 11562
f 11563 11564 11565
f 11565 11564 11566
f 11567 11568 11569
f 11569 11568 11570
f 11571 11572 11573
f 11573 11572 11574
f 11575 11576 11577
f 11578 11579 11580
f 11581 11582 11583
f 11584 11585 11586
f 11587 11588 11589
f 11590 11591 11592
f 11593 11594 11595
f 11596 11597 11598
f 11599 11600 11601
f 11602 11603 11604
f 11605 11606 11607
f 11608 11609 11610
f 11611 11612 11613
f 11614 11615 11616
f 11617 11618 11619
f 11620 11621 11622
f 11623 11624 11625
f 11626 11627 11628
f 11629 11630 11631
f 11632 11633 11634
f 11635 11636 11637
f 11638 11639 11640
f 11641 11642 11643
f 11644 11645 11646
f 11647 11648 11649
f 11650 11651 11652
f 11653 11654 11655
f 11656 11657 11658
f 11659 11660 11661
f 11662 11663 11664
f 11665 11666 11667
f 11668 11669 11670
f 11614 11616 11671
f 11672 11673 11674
f 11672 11674 11675
f 11676 11677 11678
f 11676 11678 11679
f 11680 11681 11682
f 11680 11682 11683
f 11684 11685 11686
f 11684 11686 11687
f 11688 11689 11690
f 11688 11690 11691
f 11692 11693 11694
f 11695 11696 11697
f 11698 11699 11700
f 11698 11700 11701
f 11702 11703 11704
f 11702 11704 11705
f 11706 11707 11708
f 11706 11708 11709
f 11710 11711 11712
f 11710 11712 11713
f 11714 11715 11716
f 11717 11718 11719
f 11720 11721 11722
f 11723 11724 11725
f 11726 11727 11728
f 11729 11730 11731
f 11732 11733 11734
f 11735 11736 11737
f 11738 11739 11740
f 11741 11742 11743
f 11744 11745 11746
f 11747 11748 11749
f 11750 11751 11752
f 11753 11754 11755
f 11753 11755 11756
f 11757 11758 11759
f 11760 11761 11762
f 11763 11764 11765
f 11766 11767 11768
f 11769 11770 11771
f 11769 11771 11772
f 11773 11774 11775
f 11776 11777 11778
f 11779 11780 11781
f 11782 11783 11784
f 11785 11786 11787
f 11788 11789 11790
f 11791 11792 11793
f 11794 11795 11796
f 11797 11798 11799
f 11800 11801 11802
f 11802 11801 11803
f 11804 11805 11806
f 11807 11808 11809
f 11810 11811 11812
f 11813 11814 11815
f 11816 11817 11818
f 11819 11820 11821
f 11822 11823 11824
f 11825 11826 11827
f 11828 11829 11830
f 11831 11832 11833
f 11834 11835 11836
f 11837 11838 11839
f 11840 11841 11842
f 11843 11844 11845
f 11846 11847 11848
f 11849 11850 11851
f 11852 11853 11854
f 11855 11856 11857
f 11858 11859 11860
f 11861 11862 11863
f 11864 11865 11866
f 11867 11868 11869
f 11870 11871 11872
f 11873 11874 11875
f 11876 11877 11878
f 11879 11880 11881
f 11882 11883 11884
f 11885 11886 11887
f 11888 11889 11890
f 11891 11892 11893
f 11894 11895 11896
f 11894 11896 11897
f 11898 11899 11900
f 11898 11900 11901
f 11902 11903 11904
f 11905 11906 11907
f 11908 11909 11910
f 11911 11912 11913
f 11913 11912 11914
f 11913 11914 11915
f 11915 11914 11916
f 11917 11918 11919
f 11920 11921 11922
f 11923 11924 11925
f 11926 11927 11928
f 11929 11930 11931
f 11932 11933 11934
f 11935 11936 11937
f 11938 11939 11940
f 11941 11942 11943
f 11944 11945 11946
f 11947 11948 11949
f 11950 11951 11952
f 11953 11954 11955
f 11956 11957 11958
f 11959 11960 11961
f 11962 11963 11964
f 11964 11963 11965
f 11966 11967 11968
f 11969 11970 11971
f 11972 11973 11974
f 11975 11892 11891
f 11976 11977 11978
f 11979 11980 11981
f 11982 11983 11984
f 11984 11983 11985
f 11986 11987 11988
f 11989 11990 11991
f 11992 11993 11994
f 11995 11996 11997
f 11998 11999 12000
f 12001 12002 12003
f 12004 11976 12005
f 12006 12007 11979
f 12008 12009 12010
f 12011 11982 11984
f 12012 12013 12014
f 12015 11986 11988
f 12016 12017 12018
f 12019 12020 12021
f 12022 12023 12024
f 12025 12026 12027
f 12028 12029 12030
f 12031 12032 12033
f 12034 12035 12036
f 12037 12038 12039
f 12040 12041 12042
f 12043 12044 12045
f 12046 12047 12048
f 12049 12050 12051
f 12052 12053 12054
f 12055 12056 12057
f 12058 12059 12060
f 12061 12062 12063
f 12064 12065 12066
f 12067 12068 12069
f 12070 12071 12072
f 12073 12074 12075
f 12076 12077 12078
f 12079 12080 12081
f 12082 12083 12084
f 12002 12085 12003
f 12086 12087 12088
f 12089 12090 12091
f 12092 12093 12094
f 12095 12096 12097
f 12098 12099 12100
f 12101 12102 12103
f 12104 12105 12106
f 12107 12108 12109
f 12110 12111 12112
f 12113 12114 12115
f 12116 12117 12118
f 12119 12120 12121
f 12122 12123 12124
f 12125 12126 12127
f 12128 12129 12130
f 12131 12132 12133
f 12134 12135 12136
f 12137 12138 12139
f 12140 12141 12142
f 12143 12144 12145
f 12146 12147 12148
f 12149 12150 12151
f 12152 12153 12154
f 12155 12156 12157
f 12158 12159 12160
f 12161 12162 12163
f 12164 12165 12166
f 12167 12168 12169
f 12170 12171 12172
f 12173 12174 12175
f 12176 12177 12178
f 12179 12180 12181
f 12182 12183 12184
f 12185 12186 12187
f 12147 12188 12148
f 12189 12049 12051
f 12190 12055 12057
f 12191 12192 12193
f 12194 12195 12196
f 12197 12198 12199
f 12200 12201 12202
f 12203 12204 12205
f 12206 12190 12057
f 12207 12208 12209
f 12210 12211 12212
f 12213 12214 12215
f 12216 12217 12218
f 12219 12220 12221
f 12222 12223 12224
f 12225 12226 12227
f 12228 12229 12230
f 12231 12232 12233
f 12234 12235 12236
f 12237 12238 12239
f 12240 12241 12242
f 12243 12244 12245
f 12246 12247 12248

