# https://github.com/mikedh/trimesh
mtllib material.mtl

o th_middle_001
usemtl material_0
v -10.52278996 -1.28657997 4.40604019
v -10.82211018 1.89451003 0.02984000
v -10.82211018 -1.98460996 0.02984000
v -10.52278996 1.19648004 4.40604019
v -10.43772030 3.42459989 0.02983000
v -10.82211018 1.89451003 0.02984000
v -10.52278996 1.19648004 4.40604019
v -10.01191044 3.48499990 4.44189978
v -10.43772030 3.42459989 0.02983000
v -10.52278996 1.19648004 4.40604019
v -10.01191044 3.48499990 4.44189978
v -9.24738026 5.48540020 3.30954003
v -9.53205967 5.50769997 0.02984000
v -10.43772030 3.42459989 0.02983000
v -8.76916027 5.54120016 6.52921009
v -9.24738026 5.48540020 3.30954003
v -10.01191044 3.48499990 4.44189978
v -10.52278996 -1.28657997 4.40604019
v -9.89933968 -1.41769004 8.78240013
v -10.52278996 1.19648004 4.40604019
v -10.52278996 1.19648004 4.40604019
v -9.89933968 1.32758999 8.78240013
v -10.01191044 3.48499990 4.44189978
v -9.89933968 1.32758999 8.78240013
v -9.34523964 3.61260009 8.85396004
v -10.01191044 3.48499990 4.44189978
v -9.89933968 1.32758999 8.78240013
v -10.01191044 3.48499990 4.44189978
v -9.34523964 3.61260009 8.85396004
v -8.76916027 5.54120016 6.52921009
v -8.04629040 5.52890015 11.15913010
v -8.76916027 5.54120016 6.52921009
v -9.34523964 3.61260009 8.85396004
v -9.26471043 -1.45734000 13.15861034
v -9.26471043 1.36723995 13.15861034
v -9.26471043 1.36723995 13.15861034
v -8.71245956 3.57270002 13.26609993
v -9.34523964 3.61260009 8.85396004
v -8.71245956 3.57270002 13.26609993
v -8.04629040 5.52890015 11.15913010
v -7.62287998 5.23110008 15.49637985
v -8.04629040 5.52890015 11.15913010
v -8.71245956 3.57270002 13.26609993
v -9.26471043 -1.45734000 13.15861034
v -8.79617977 -1.29108000 17.53488922
v -9.26471043 1.36723995 13.15861034
v -8.79617977 1.20097995 17.53488922
v -9.26471043 1.36723995 13.15861034
v -8.79617977 1.20097995 17.53488922
v -8.71245956 3.57270002 13.26609993
v -8.71245956 3.57270002 13.26609993
v -8.36209011 3.12529993 17.67808914
v -7.62287998 5.23110008 15.49637985
v -8.36209011 3.12529993 17.67808914
v -8.71245956 3.57270002 13.26609993
v -8.79617977 1.20097995 17.53488922
v -7.64988995 4.79500008 18.13670921
v -7.62287998 5.23110008 15.49637985
v -8.36209011 3.12529993 17.67808914
v -8.79617977 -1.29108000 17.53488922
v -8.53312969 -0.96569997 21.91118050
v -8.79617977 1.20097995 17.53488922
v -8.79617977 1.20097995 17.53488922
v -8.53312969 0.87559998 21.91118050
v -8.36209011 3.12529993 17.67808914
v -8.53312969 0.87559998 21.91118050
v -8.31577015 2.41179991 22.09021950
v -8.36209011 3.12529993 17.67808914
v -8.53312969 0.87559998 21.91118050
v -8.31577015 2.41179991 22.09021950
v -7.82107019 4.31860018 20.58139038
v -7.64988995 4.79500008 18.13670921
v -8.36209011 3.12529993 17.67808914
v -8.31577015 2.41179991 22.09021950
v -7.64988995 4.79500008 18.13670921
v -8.02359009 3.94460011 22.84329033
v -7.82107019 4.31860018 20.58139038
v -8.31577015 2.41179991 22.09021950
v -8.53312969 -0.96569997 21.91118050
v -8.30537987 -0.79062003 26.28738976
v -8.53312969 0.87559998 21.91118050
v -8.30537987 0.70051998 26.28739929
v -8.53312969 0.87559998 21.91118050
v -8.30537987 0.70051998 26.28739929
v -8.31577015 2.41179991 22.09021950
v -8.28853989 1.69868004 26.40406036
v -8.18404007 3.75819993 24.93399048
v -8.02359009 3.94460011 22.84329033
v -8.31577015 2.41179991 22.09021950
v -8.28853989 1.69868004 26.40406036
v -8.02359009 3.94460011 22.84329033
v -8.31577015 2.41179991 22.09021950
v -8.30537987 0.70051998 26.28739929
v -8.28853989 1.69868004 26.40406036
v -8.25862980 3.80240011 26.86290932
v -8.18404007 3.75819993 24.93399048
v -8.28853989 1.69868004 26.40406036
v -7.06228018 8.40019989 0.02984000
v -9.53205967 5.50769997 0.02984000
v -8.38619995 6.91279984 2.41682005
v -7.24682999 8.13770008 2.46228004
v -7.06228018 8.40019989 0.02984000
v -8.38619995 6.91279984 2.41682005
v -5.94010019 9.15660000 2.50979996
v -4.47194004 9.96990013 2.48145008
v -3.75605989 10.29399967 0.02976000
v -7.06228018 8.40019989 0.02984000
v -5.94010019 9.15660000 2.50979996
v -3.75605989 10.29399967 0.02976000
v -5.94010019 9.15660000 2.50979996
v -7.06228018 8.40019989 0.02984000
v -7.24682999 8.13770008 2.46228004
v -9.53205967 5.50769997 0.02984000
v -9.24738026 5.48540020 3.30954003
v -8.38619995 6.91279984 2.41682005
v -2.75839996 10.49580002 3.62320995
v -3.75605989 10.29399967 0.02976000
v -4.47194004 9.96990013 2.48145008
v -8.07380009 6.89459991 4.80357981
v -8.38619995 6.91279984 2.41682005
v -9.24738026 5.48540020 3.30954003
v -8.38619995 6.91279984 2.41682005
v -8.07380009 6.89459991 4.80357981
v -7.24682999 8.13770008 2.46228004
v -6.95047998 8.05290031 4.89451981
v -7.24682999 8.13770008 2.46228004
v -8.07380009 6.89459991 4.80357981
v -7.24682999 8.13770008 2.46228004
v -6.95047998 8.05290031 4.89451981
v -5.94010019 9.15660000 2.50979996
v -8.76916027 5.54120016 6.52921009
v -4.28568983 9.79749966 4.93299007
v -4.47194004 9.96990013 2.48145008
v -5.94010019 9.15660000 2.50979996
v -4.47194004 9.96990013 2.48145008
v -4.28568983 9.79749966 4.93299007
v -2.75839996 10.49580002 3.62320995
v -5.69027996 9.01010036 4.98983002
v -5.69027996 9.01010036 4.98983002
v -5.94010019 9.15660000 2.50979996
v -6.95047998 8.05290031 4.89451981
v -7.68404007 6.86399984 7.19020987
v -8.07380009 6.89459991 4.80357981
v -8.76916027 5.54120016 6.52921009
v -8.07380009 6.89459991 4.80357981
v -7.68404007 6.86399984 7.19020987
v -6.95047998 8.05290031 4.89451981
v -6.59311008 7.90889978 7.32681990
v -6.95047998 8.05290031 4.89451981
v -7.68404007 6.86399984 7.19020987
v -6.95047998 8.05290031 4.89451981
v -6.59311008 7.90889978 7.32681990
v -5.69027996 9.01010036 4.98983002
v -4.28568983 9.79749966 4.93299007
v -4.12086010 9.51920033 7.38459015
v -2.75839996 10.49580002 3.62320995
v -4.12086010 9.51920033 7.38459015
v -4.28568983 9.79749966 4.93299007
v -5.69027996 9.01010036 4.98983002
v -2.57575989 10.09529972 7.41507006
v -2.75839996 10.49580002 3.62320995
v -4.12086010 9.51920033 7.38459015
v -5.69027996 9.01010036 4.98983002
v -5.41925001 8.76809978 7.46987009
v -4.12086010 9.51920033 7.38459015
v -5.41925001 8.76809978 7.46987009
v -5.69027996 9.01010036 4.98983002
v -6.59311008 7.90889978 7.32681990
v -7.68404007 6.86399984 7.19020987
v -7.28799009 6.80579996 9.57691002
v -6.59311008 7.90889978 7.32681990
v -7.28799009 6.80579996 9.57691002
v -7.68404007 6.86399984 7.19020987
v -8.76916027 5.54120016 6.52921009
v -8.76916027 5.54120016 6.52921009
v -8.04629040 5.52890015 11.15913010
v -7.28799009 6.80579996 9.57691002
v -6.23702002 7.73939991 9.75912952
v -6.59311008 7.90889978 7.32681990
v -7.28799009 6.80579996 9.57691002
v -6.23702002 7.73939991 9.75912952
v -4.12086010 9.51920033 7.38459015
v -3.95787001 9.22070026 9.83619976
v -2.57575989 10.09529972 7.41507006
v -3.95787001 9.22070026 9.83619976
v -5.15147018 8.50730038 9.94991016
v -5.41925001 8.76809978 7.46987009
v -6.23702002 7.73939991 9.75912952
v -5.41925001 8.76809978 7.46987009
v -5.15147018 8.50730038 9.94991016
v -3.95787001 9.22070026 9.83619976
v -2.40556002 9.64210033 11.24199963
v -2.57575989 10.09529972 7.41507006
v -3.95787001 9.22070026 9.83619976
v -7.28799009 6.80579996 9.57691002
v -6.95685005 6.70499992 11.96360016
v -6.23702002 7.73939991 9.75912952
v -6.95685005 6.70499992 11.96360016
v -7.28799009 6.80579996 9.57691002
v -8.04629040 5.52890015 11.15913010
v -5.94428015 7.57760000 12.19143009
v -6.23702002 7.73939991 9.75912952
v -6.95685005 6.70499992 11.96360016
v -6.23702002 7.73939991 9.75912952
v -5.94428015 7.57760000 12.19143009
v -5.15147018 8.50730038 9.94991016
v -3.95787001 9.22070026 9.83619976
v -3.77748990 8.98770046 12.28781033
v -2.40556002 9.64210033 11.24199963
v -3.77748990 8.98770046 12.28781033
v -3.95787001 9.22070026 9.83619976
v -5.15147018 8.50730038 9.94991016
v -4.91140985 8.30410004 12.42994022
v -4.91140985 8.30410004 12.42994022
v -6.95685005 6.70499992 11.96360016
v -8.04629040 5.52890015 11.15913010
v -7.62287998 5.23110008 15.49637985
v -6.76189995 6.54659986 14.35029984
v -6.95685005 6.70499992 11.96360016
v -7.62287998 5.23110008 15.49637985
v -6.95685005 6.70499992 11.96360016
v -6.76189995 6.54659986 14.35029984
v -5.94428015 7.57760000 12.19143009
v -5.94428015 7.57760000 12.19143009
v -5.77712011 7.45699978 14.62374020
v -4.91140985 8.30410004 12.42994022
v -5.77712011 7.45699978 14.62374020
v -5.94428015 7.57760000 12.19143009
v -6.76189995 6.54659986 14.35029984
v -3.56027007 8.90579987 14.73935032
v -3.77748990 8.98770046 12.28781033
v -4.91140985 8.30410004 12.42994022
v -3.77748990 8.98770046 12.28781033
v -3.56027007 8.90579987 14.73935032
v -2.40556002 9.64210033 11.24199963
v -4.72338009 8.23519993 14.90997982
v -4.91140985 8.30410004 12.42994022
v -5.77712011 7.45699978 14.62374020
v -4.91140985 8.30410004 12.42994022
v -4.72338009 8.23519993 14.90997982
v -3.56027007 8.90579987 14.73935032
v -2.13855004 9.43290043 14.94242954
v -2.40556002 9.64210033 11.24199963
v -3.56027007 8.90579987 14.73935032
v -6.76189995 6.54659986 14.35029984
v -6.77357006 6.31589985 16.73699951
v -5.77712011 7.45699978 14.62374020
v -6.77357006 6.31589985 16.73699951
v -6.76189995 6.54659986 14.35029984
v -7.62287998 5.23110008 15.49637985
v -5.77712011 7.45699978 14.62374020
v -5.79563999 7.41050005 17.05604935
v -4.72338009 8.23519993 14.90997982
v -5.79563999 7.41050005 17.05604935
v -5.77712011 7.45699978 14.62374020
v -6.77357006 6.31589985 16.73699951
v -3.56027007 8.90579987 14.73935032
v -3.28867006 9.05710030 17.19095993
v -2.13855004 9.43290043 14.94242954
v -3.28867006 9.05710030 17.19095993
v -3.56027007 8.90579987 14.73935032
v -4.72338009 8.23519993 14.90997982
v -4.61110020 8.37220001 17.38994026
v -4.72338009 8.23519993 14.90997982
v -5.79563999 7.41050005 17.05604935
v -4.72338009 8.23519993 14.90997982
v -4.61110020 8.37220001 17.38994026
v -3.28867006 9.05710030 17.19095993
v -1.72765994 9.64299965 18.33506012
v -2.13855004 9.43290043 14.94242954
v -3.28867006 9.05710030 17.19095993
v -6.77357006 6.31589985 16.73699951
v -7.62287998 5.23110008 15.49637985
v -7.64988995 4.79500008 18.13670921
v -7.00006008 6.03249979 19.12368965
v -6.77357006 6.31589985 16.73699951
v -7.64988995 4.79500008 18.13670921
v -6.77357006 6.31589985 16.73699951
v -7.00006008 6.03249979 19.12368965
v -5.79563999 7.41050005 17.05604935
v -5.79563999 7.41050005 17.05604935
v -5.99731016 7.44969988 19.48834991
v -4.61110020 8.37220001 17.38994026
v -5.99731016 7.44969988 19.48834991
v -5.79563999 7.41050005 17.05604935
v -7.00006008 6.03249979 19.12368965
v -2.99556994 9.42630005 19.64257050
v -3.28867006 9.05710030 17.19095993
v -4.61110020 8.37220001 17.38994026
v -3.28867006 9.05710030 17.19095993
v -2.99556994 9.42630005 19.64257050
v -1.72765994 9.64299965 18.33506012
v -4.61110020 8.37220001 17.38994026
v -4.58613014 8.69439983 19.86997986
v -2.99556994 9.42630005 19.64257050
v -4.58613014 8.69439983 19.86997986
v -4.61110020 8.37220001 17.38994026
v -5.99731016 7.44969988 19.48834991
v -7.64988995 4.79500008 18.13670921
v -7.82107019 4.31860018 20.58139038
v -7.00006008 6.03249979 19.12368965
v -7.34378004 5.77479982 21.51040077
v -7.00006008 6.03249979 19.12368965
v -7.82107019 4.31860018 20.58139038
v -7.00006008 6.03249979 19.12368965
v -7.34378004 5.77479982 21.51040077
v -5.99731016 7.44969988 19.48834991
v -5.99731016 7.44969988 19.48834991
v -6.30172014 7.56069994 21.92058945
v -4.58613014 8.69439983 19.86997986
v -6.30172014 7.56069994 21.92058945
v -5.99731016 7.44969988 19.48834991
v -7.34378004 5.77479982 21.51040077
v -2.76822996 9.89430046 22.09417915
v -2.99556994 9.42630005 19.64257050
v -4.58613014 8.69439983 19.86997986
v -2.76822996 9.89430046 22.09417915
v -1.33429003 10.08769989 21.40863991
v -1.72765994 9.64299965 18.33506012
v -2.99556994 9.42630005 19.64257050
v -2.76822996 9.89430046 22.09417915
v -1.72765994 9.64299965 18.33506012
v -4.64892006 9.10019970 22.35008049
v -4.58613014 8.69439983 19.86997986
v -6.30172014 7.56069994 21.92058945
v -4.58613014 8.69439983 19.86997986
v -4.64892006 9.10019970 22.35008049
v -2.76822996 9.89430046 22.09417915
v -7.82107019 4.31860018 20.58139038
v -8.02359009 3.94460011 22.84329033
v -7.34378004 5.77479982 21.51040077
v -7.34378004 5.77479982 21.51040077
v -7.69641018 5.62699986 23.89709091
v -6.30172014 7.56069994 21.92058945
v -7.69641018 5.62699986 23.89709091
v -7.34378004 5.77479982 21.51040077
v -8.02359009 3.94460011 22.84329033
v -6.62395000 7.72770023 24.35296059
v -6.62395000 7.72770023 24.35296059
v -6.30172014 7.56069994 21.92058945
v -7.69641018 5.62699986 23.89709091
v -2.69618011 10.33660030 24.54578972
v -1.13835001 10.51830006 24.18890953
v -1.33429003 10.08769989 21.40863991
v -2.76822996 9.89430046 22.09417915
v -2.69618011 10.33660030 24.54578972
v -1.33429003 10.08769989 21.40863991
v -2.69618011 10.33660030 24.54578972
v -2.76822996 9.89430046 22.09417915
v -4.64892006 9.10019970 22.35008049
v -4.79981995 9.48509979 24.83004951
v -4.64892006 9.10019970 22.35008049
v -6.62395000 7.72770023 24.35296059
v -4.64892006 9.10019970 22.35008049
v -4.79981995 9.48509979 24.83004951
v -2.69618011 10.33660030 24.54578972
v -8.02359009 3.94460011 22.84329033
v -8.18404007 3.75819993 24.93399048
v -7.69641018 5.62699986 23.89709091
v -7.87334013 5.89219999 26.22347069
v -7.69641018 5.62699986 23.89709091
v -8.18404007 3.75819993 24.93399048
v -7.87334013 5.89219999 26.22347069
v -6.92827988 7.84399986 26.71059036
v -6.62395000 7.72770023 24.35296059
v -7.69641018 5.62699986 23.89709091
v -7.87334013 5.89219999 26.22347069
v -6.62395000 7.72770023 24.35296059
v -1.22461998 10.79640007 26.70466042
v -1.13835001 10.51830006 24.18890953
v -2.69618011 10.33660030 24.54578972
v -6.62395000 7.72770023 24.35296059
v -6.92827988 7.84399986 26.71059036
v -4.79981995 9.48509979 24.83004951
v -8.18404007 3.75819993 24.93399048
v -8.25862980 3.80240011 26.86290932
v -7.87334013 5.89219999 26.22347069
v -2.69618011 10.33660030 24.54578972
v -4.79981995 9.48509979 24.83004951
v -3.12402010 10.54986000 26.98724937
v -3.12402010 10.54986000 26.98724937
v -5.11936998 9.69789982 27.34445000
v -3.12402010 10.54986000 26.98724937
v -4.79981995 9.48509979 24.83004951
v -5.11936998 9.69789982 27.34445000
v -4.79981995 9.48509979 24.83004951
v -6.92827988 7.84399986 26.71059036
v -5.42738008 9.83580017 28.97488976
v -5.11936998 9.69789982 27.34445000
v -6.92827988 7.84399986 26.71059036
v -1.40119004 10.75920010 3.81399012
v -3.75605989 10.29399967 0.02976000
v -2.75839996 10.49580002 3.62320995
v -1.40119004 10.75920010 3.81399012
v 0.06932000 10.86760044 3.80621004
v -0.01024000 11.00000000 0.02977000
v -3.75605989 10.29399967 0.02976000
v -1.40119004 10.75920010 3.81399012
v -0.01024000 11.00000000 0.02977000
v 1.54101002 10.76319981 3.81675005
v -0.01024000 11.00000000 0.02977000
v 0.06932000 10.86760044 3.80621004
v 1.54101002 10.76319981 3.81675005
v 2.87009001 10.51679993 3.52160001
v 3.74599004 10.31910038 0.02461000
v -0.01024000 11.00000000 0.02977000
v 3.06080008 10.10820007 6.97885990
v 2.87009001 10.51679993 3.52160001
v 1.54101002 10.76319981 3.81675005
v -2.75839996 10.49580002 3.62320995
v -2.57575989 10.09529972 7.41507006
v -1.40119004 10.75920010 3.81399012
v 0.06932000 10.86760044 3.80621004
v 0.26646000 10.44410038 7.58258009
v 1.54101002 10.76319981 3.81675005
v 0.26646000 10.44410038 7.58258009
v 0.06932000 10.86760044 3.80621004
v -1.40119004 10.75920010 3.81399012
v -1.22349000 10.34609985 7.59807014
v -1.40119004 10.75920010 3.81399012
v -2.57575989 10.09529972 7.41507006
v -1.40119004 10.75920010 3.81399012
v -1.22349000 10.34609985 7.59807014
v 0.26646000 10.44410038 7.58258009
v 1.54101002 10.76319981 3.81675005
v 1.75633001 10.31869984 7.60365009
v 3.06080008 10.10820007 6.97885990
v 1.75633001 10.31869984 7.60365009
v 1.54101002 10.76319981 3.81675005
v 0.26646000 10.44410038 7.58258009
v 3.19084001 9.65190029 10.35776043
v 3.06080008 10.10820007 6.97885990
v 1.75633001 10.31869984 7.60365009
v 0.26646000 10.44410038 7.58258009
v 0.40632001 9.98439980 11.35896015
v 1.75633001 10.31869984 7.60365009
v 0.40632001 9.98439980 11.35896015
v 0.26646000 10.44410038 7.58258009
v -1.22349000 10.34609985 7.59807014
v -2.40556002 9.64210033 11.24199963
v -1.07562995 9.89579964 11.38228989
v -1.07562995 9.89579964 11.38228989
v 1.75633001 10.31869984 7.60365009
v 1.88615000 9.84549999 11.39062977
v 3.19084001 9.65190029 10.35776043
v 1.88615000 9.84549999 11.39062977
v 1.75633001 10.31869984 7.60365009
v 0.40632001 9.98439980 11.35896015
v 3.12557006 9.35789967 13.61293030
v 3.19084001 9.65190029 10.35776043
v 1.88615000 9.84549999 11.39062977
v -2.40556002 9.64210033 11.24199963
v -2.13855004 9.43290043 14.94242954
v -1.07562995 9.89579964 11.38228989
v 0.40632001 9.98439980 11.35896015
v 0.44521001 9.74450016 15.13533020
v 1.88615000 9.84549999 11.39062977
v 0.44521001 9.74450016 15.13533020
v 0.40632001 9.98439980 11.35896015
v -1.07562995 9.89579964 11.38228989
v -1.07562995 9.89579964 11.38228989
v -0.89991999 9.67179966 15.16637039
v 0.44521001 9.74450016 15.13533020
v -0.89991999 9.67179966 15.16637039
v -1.07562995 9.89579964 11.38228989
v -2.13855004 9.43290043 14.94242954
v 1.78511000 9.61390018 15.17753983
v 1.88615000 9.84549999 11.39062977
v 1.78511000 9.61390018 15.17753983
v 3.12557006 9.35789967 13.61293030
v 2.77767992 9.38119984 16.66155052
v 3.12557006 9.35789967 13.61293030
v 1.78511000 9.61390018 15.17753983
v -2.13855004 9.43290043 14.94242954
v -1.72765994 9.64299965 18.33506012
v -0.89991999 9.67179966 15.16637039
v 0.44521001 9.74450016 15.13533020
v 0.34961000 9.93570042 18.91171074
v 1.78511000 9.61390018 15.17753983
v 0.34961000 9.93570042 18.91171074
v 0.44521001 9.74450016 15.13533020
v -0.89991999 9.67179966 15.16637039
v -0.89991999 9.67179966 15.16637039
v -0.65823001 9.88990021 18.95052910
v 0.34961000 9.93570042 18.91171074
v -0.65823001 9.88990021 18.95052910
v -0.89991999 9.67179966 15.16637039
v -1.72765994 9.64299965 18.33506012
v 1.78511000 9.61390018 15.17753983
v 1.34909999 9.84459972 18.96453094
v 2.77767992 9.38119984 16.66155052
v 1.34909999 9.84459972 18.96453094
v 1.78511000 9.61390018 15.17753983
v 0.34961000 9.93570042 18.91171074
v 2.21227002 9.70759964 19.47370911
v 2.77767992 9.38119984 16.66155052
v 1.34909999 9.84459972 18.96453094
v -1.72765994 9.64299965 18.33506012
v -1.33429003 10.08769989 21.40863991
v -0.65823001 9.88990021 18.95052910
v 0.34961000 9.93570042 18.91171074
v 0.17213000 10.39809990 22.68821907
v 1.34909999 9.84459972 18.96453094
v 0.17213000 10.39809990 22.68821907
v 0.34961000 9.93570042 18.91171074
v -0.65823001 9.88990021 18.95052910
v -0.65823001 9.88990021 18.95052910
v -0.46781000 10.38080025 22.73460960
v 0.17213000 10.39809990 22.68821907
v -0.46781000 10.38080025 22.73460960
v -0.65823001 9.88990021 18.95052910
v -1.33429003 10.08769989 21.40863991
v 0.80392998 10.35939980 22.75151062
v 1.66398001 10.14140034 22.07600975
v 2.21227002 9.70759964 19.47370911
v 1.34909999 9.84459972 18.96453094
v 0.80392998 10.35939980 22.75151062
v 2.21227002 9.70759964 19.47370911
v 0.80392998 10.35939980 22.75151062
v 1.34909999 9.84459972 18.96453094
v 0.17213000 10.39809990 22.68821907
v -1.33429003 10.08769989 21.40863991
v -1.13835001 10.51830006 24.18890953
v -0.46781000 10.38080025 22.73460960
v 1.30045998 10.53670025 24.50004005
v 1.66398001 10.14140034 22.07600975
v 0.80392998 10.35939980 22.75151062
v 0.17213000 10.39809990 22.68821907
v 0.63859999 10.78849983 26.55730057
v 0.80392998 10.35939980 22.75151062
v 0.63859999 10.78849983 26.55730057
v 0.17213000 10.39809990 22.68821907
v -0.46781000 10.38080025 22.73460960
v -0.26995000 10.78750038 26.46784973
v 0.63859999 10.78849983 26.55730057
v -0.46781000 10.38080025 22.73460960
v -0.26995000 10.78750038 26.46784973
v -0.46781000 10.38080025 22.73460960
v -1.13835001 10.51830006 24.18890953
v 0.80392998 10.35939980 22.75151062
v 0.63859999 10.78849983 26.55730057
v 1.30045998 10.53670025 24.50004005
v -1.13835001 10.51830006 24.18890953
v -1.22461998 10.79640007 26.70466042
v -0.26995000 10.78750038 26.46784973
v 1.22528994 10.79759979 26.75025940
v 1.30045998 10.53670025 24.50004005
v 0.63859999 10.78849983 26.55730057
v 8.41345024 7.01389980 2.18807006
v 9.50642967 5.48610020 0.02976000
v 7.06209993 8.42259979 0.02481000
v 7.26406002 8.22570038 2.23212004
v 8.41345024 7.01389980 2.18807006
v 7.06209993 8.42259979 0.02481000
v 3.74599004 10.31910038 0.02461000
v 2.87009001 10.51679993 3.52160001
v 4.46815014 10.02869987 2.27029991
v 9.32639980 5.51469994 3.95307994
v 9.50642967 5.48610020 0.02976000
v 8.41345024 7.01389980 2.18807006
v 8.34041023 6.89470005 4.35004997
v 8.41345024 7.01389980 2.18807006
v 7.26406002 8.22570038 2.23212004
v 8.41345024 7.01389980 2.18807006
v 8.34041023 6.89470005 4.35004997
v 9.32639980 5.51469994 3.95307994
v 7.26406002 8.22570038 2.23212004
v 7.22057009 8.06729984 4.43978024
v 8.34041023 6.89470005 4.35004997
v 7.22057009 8.06729984 4.43978024
v 7.26406002 8.22570038 2.23212004
v 5.94974995 9.22990036 2.28889990
v 4.53342009 9.83020020 4.51699018
v 4.46815014 10.02869987 2.27029991
v 2.87009001 10.51679993 3.52160001
v 4.46815014 10.02869987 2.27029991
v 4.53342009 9.83020020 4.51699018
v 5.94974995 9.22990036 2.28889990
v 5.95696020 9.03569984 4.55093002
v 5.95696020 9.03569984 4.55093002
v 5.94974995 9.22990036 2.28889990
v 4.53342009 9.83020020 4.51699018
v 8.18243980 6.77209997 6.51210022
v 8.34041023 6.89470005 4.35004997
v 7.22057009 8.06729984 4.43978024
v 8.34041023 6.89470005 4.35004997
v 8.18243980 6.77209997 6.51210022
v 9.32639980 5.51469994 3.95307994
v 7.22057009 8.06729984 4.43978024
v 7.10495996 7.85939980 6.64743996
v 8.18243980 6.77209997 6.51210022
v 7.10495996 7.85939980 6.64743996
v 7.22057009 8.06729984 4.43978024
v 5.95696020 9.03569984 4.55093002
v 4.53342009 9.83020020 4.51699018
v 4.60455990 9.53339958 6.76375008
v 5.95696020 9.03569984 4.55093002
v 4.60455990 9.53339958 6.76375008
v 4.53342009 9.83020020 4.51699018
v 2.87009001 10.51679993 3.52160001
v 5.92832994 8.75479984 6.81303978
v 5.92832994 8.75479984 6.81303978
v 5.95696020 9.03569984 4.55093002
v 4.60455990 9.53339958 6.76375008
v 2.87009001 10.51679993 3.52160001
v 3.06080008 10.10820007 6.97885990
v 4.60455990 9.53339958 6.76375008
v 9.00644016 5.38789988 7.87618017
v 9.32639980 5.51469994 3.95307994
v 8.18243980 6.77209997 6.51210022
v 7.97885990 6.64160013 8.67407036
v 8.18243980 6.77209997 6.51210022
v 7.10495996 7.85939980 6.64743996
v 8.18243980 6.77209997 6.51210022
v 7.97885990 6.64160013 8.67407036
v 9.00644016 5.38789988 7.87618017
v 7.10495996 7.85939980 6.64743996
v 6.94847012 7.63310003 8.85509014
v 7.97885990 6.64160013 8.67407036
v 6.94847012 7.63310003 8.85509014
v 7.10495996 7.85939980 6.64743996
v 5.92832994 8.75479984 6.81303978
v 4.64916992 9.20839977 9.01043987
v 4.60455990 9.53339958 6.76375008
v 3.06080008 10.10820007 6.97885990
v 4.64916992 9.20839977 9.01043987
v 5.86525011 8.45069981 9.07520962
v 5.92832994 8.75479984 6.81303978
v 4.64916992 9.20839977 9.01043987
v 5.86525011 8.45069981 9.07520962
v 3.06080008 10.10820007 6.97885990
v 3.19084001 9.65190029 10.35776043
v 4.64916992 9.20839977 9.01043987
v 7.97885990 6.64160013 8.67407036
v 7.76899004 6.49849987 10.83611965
v 9.00644016 5.38789988 7.87618017
v 7.76899004 6.49849987 10.83611965
v 7.97885990 6.64160013 8.67407036
v 6.94847012 7.63310003 8.85509014
v 6.78222990 7.41940022 11.06274986
v 6.94847012 7.63310003 8.85509014
v 6.78222990 7.41940022 11.06274986
v 7.76899004 6.49849987 10.83611965
v 4.64916992 9.20839977 9.01043987
v 4.63474989 8.92510033 11.25720978
v 5.86525011 8.45069981 9.07520962
v 4.63474989 8.92510033 11.25720978
v 4.64916992 9.20839977 9.01043987
v 3.19084001 9.65190029 10.35776043
v 5.76894999 8.18680000 11.33724976
v 5.86525011 8.45069981 9.07520962
v 4.63474989 8.92510033 11.25720978
v 5.86525011 8.45069981 9.07520962
v 5.76894999 8.18680000 11.33724976
v 6.78222990 7.41940022 11.06274986
v 8.61378002 5.22009993 11.68500996
v 9.00644016 5.38789988 7.87618017
v 7.76899004 6.49849987 10.83611965
v 7.59221983 6.33799982 12.99816990
v 7.76899004 6.49849987 10.83611965
v 6.78222990 7.41940022 11.06274986
v 7.59221983 6.33799982 12.99816990
v 6.78222990 7.41940022 11.06274986
v 6.63741016 7.24919987 13.27048016
v 7.59221983 6.33799982 12.99816990
v 6.63741016 7.24919987 13.27048016
v 6.78222990 7.41940022 11.06274986
v 5.76894999 8.18680000 11.33724976
v 4.63474989 8.92510033 11.25720978
v 4.52889013 8.75349998 13.50389004
v 5.76894999 8.18680000 11.33724976
v 4.52889013 8.75349998 13.50389004
v 4.63474989 8.92510033 11.25720978
v 3.19084001 9.65190029 10.35776043
v 5.64082003 8.02659988 13.59928036
v 5.76894999 8.18680000 11.33724976
v 5.64082003 8.02659988 13.59928036
v 6.63741016 7.24919987 13.27048016
v 3.12557006 9.35789967 13.61293030
v 7.59221983 6.33799982 12.99816990
v 7.48771000 6.15560007 15.16022015
v 8.61378002 5.22009993 11.68500996
v 7.48771000 6.15560007 15.16022015
v 7.59221983 6.33799982 12.99816990
v 6.63741016 7.24919987 13.27048016
v 8.32520962 4.90479994 15.26346016
v 8.61378002 5.22009993 11.68500996
v 7.48771000 6.15560007 15.16022015
v 6.63741016 7.24919987 13.27048016
v 6.54520988 7.15350008 15.47805977
v 7.48771000 6.15560007 15.16022015
v 6.54520988 7.15350008 15.47805977
v 6.63741016 7.24919987 13.27048016
v 5.64082003 8.02659988 13.59928036
v 4.29922009 8.76350021 15.75065041
v 4.52889013 8.75349998 13.50389004
v 3.12557006 9.35789967 13.61293030
v 4.52889013 8.75349998 13.50389004
v 4.29922009 8.76350021 15.75065041
v 5.64082003 8.02659988 13.59928036
v 5.48222017 8.03359985 15.86139011
v 5.64082003 8.02659988 13.59928036
v 4.29922009 8.76350021 15.75065041
v 5.64082003 8.02659988 13.59928036
v 5.48222017 8.03359985 15.86139011
v 6.54520988 7.15350008 15.47805977
v 2.77767992 9.38119984 16.66155052
v 7.49152994 5.94840002 17.32228088
v 7.48771000 6.15560007 15.16022015
v 6.54520988 7.15350008 15.47805977
v 7.48771000 6.15560007 15.16022015
v 7.49152994 5.94840002 17.32228088
v 8.32520962 4.90479994 15.26346016
v 6.54520988 7.15350008 15.47805977
v 6.53254986 7.15939999 17.68572044
v 7.49152994 5.94840002 17.32228088
v 6.53254986 7.15939999 17.68572044
v 6.54520988 7.15350008 15.47805977
v 5.48222017 8.03359985 15.86139011
v 4.29922009 8.76350021 15.75065041
v 3.92877007 9.00559998 17.99735069
v 5.48222017 8.03359985 15.86139011
v 3.92877007 9.00559998 17.99735069
v 4.29922009 8.76350021 15.75065041
v 2.77767992 9.38119984 16.66155052
v 5.29913998 8.25080013 18.12348938
v 5.48222017 8.03359985 15.86139011
v 3.92877007 9.00559998 17.99735069
v 5.48222017 8.03359985 15.86139011
v 5.29913998 8.25080013 18.12348938
v 6.53254986 7.15939999 17.68572044
v 8.23526955 4.41720009 18.53410912
v 8.32520962 4.90479994 15.26346016
v 7.49152994 5.94840002 17.32228088
v 7.49152994 5.94840002 17.32228088
v 7.59137011 5.74270010 19.48431969
v 8.23526955 4.41720009 18.53410912
v 7.59137011 5.74270010 19.48431969
v 7.49152994 5.94840002 17.32228088
v 6.53254986 7.15939999 17.68572044
v 6.53254986 7.15939999 17.68572044
v 6.58862019 7.26039982 19.89337921
v 7.59137011 5.74270010 19.48431969
v 6.58862019 7.26039982 19.89337921
v 6.53254986 7.15939999 17.68572044
v 5.29913998 8.25080013 18.12348938
v 3.92877007 9.00559998 17.99735069
v 3.49200010 9.41689968 20.24403954
v 5.29913998 8.25080013 18.12348938
v 3.92877007 9.00559998 17.99735069
v 2.77767992 9.38119984 16.66155052
v 2.21227002 9.70759964 19.47370911
v 3.49200010 9.41689968 20.24403954
v 3.92877007 9.00559998 17.99735069
v 2.21227002 9.70759964 19.47370911
v 5.12194014 8.61970043 20.38566971
v 5.29913998 8.25080013 18.12348938
v 3.49200010 9.41689968 20.24403954
v 5.29913998 8.25080013 18.12348938
v 5.12194014 8.61970043 20.38566971
v 6.58862019 7.26039982 19.89337921
v 7.73766994 5.58669996 21.64629936
v 7.59137011 5.74270010 19.48431969
v 6.58862019 7.26039982 19.89337921
v 7.73766994 5.58669996 21.64629936
v 8.25739956 3.95779991 21.48409081
v 8.23526955 4.41720009 18.53410912
v 7.59137011 5.74270010 19.48431969
v 7.73766994 5.58669996 21.64629936
v 8.23526955 4.41720009 18.53410912
v 6.58862019 7.26039982 19.89337921
v 6.68359995 7.43260002 22.10103989
v 7.73766994 5.58669996 21.64629936
v 6.68359995 7.43260002 22.10103989
v 6.58862019 7.26039982 19.89337921
v 5.12194014 8.61970043 20.38566971
v 3.49200010 9.41689968 20.24403954
v 2.21227002 9.70759964 19.47370911
v 1.66398001 10.14140034 22.07600975
v 3.09609008 9.89340019 22.49073029
v 3.49200010 9.41689968 20.24403954
v 1.66398001 10.14140034 22.07600975
v 3.09609008 9.89340019 22.49073029
v 5.12194014 8.61970043 20.38566971
v 4.98816013 9.05000019 22.64771080
v 6.68359995 7.43260002 22.10103989
v 4.98816013 9.05000019 22.64771080
v 5.12194014 8.61970043 20.38566971
v 3.09609008 9.89340019 22.49073029
v 8.28384018 3.71300006 24.13418961
v 8.25739956 3.95779991 21.48409081
v 7.73766994 5.58669996 21.64629936
v 7.73766994 5.58669996 21.64629936
v 7.87951994 5.52969980 23.80834961
v 8.28384018 3.71300006 24.13418961
v 7.87951994 5.52969980 23.80834961
v 7.73766994 5.58669996 21.64629936
v 6.68359995 7.43260002 22.10103989
v 6.68359995 7.43260002 22.10103989
v 6.78704023 7.65189981 24.30868912
v 7.87951994 5.52969980 23.80834961
v 6.78704023 7.65189981 24.30868912
v 3.09609008 9.89340019 22.49073029
v 2.84803009 10.33119965 24.73748970
v 4.98816013 9.05000019 22.64771080
v 3.09609008 9.89340019 22.49073029
v 1.66398001 10.14140034 22.07600975
v 1.30045998 10.53670025 24.50004005
v 2.84803009 10.33119965 24.73748970
v 3.09609008 9.89340019 22.49073029
v 1.30045998 10.53670025 24.50004005
v 4.93555021 9.45129967 24.90974045
v 4.98816013 9.05000019 22.64771080
v 2.84803009 10.33119965 24.73748970
v 4.98816013 9.05000019 22.64771080
v 4.93555021 9.45129967 24.90974045
v 6.78704023 7.65189981 24.30868912
v 7.87951994 5.52969980 23.80834961
v 6.78704023 7.65189981 24.30868912
v 7.96324015 5.62190008 25.97039986
v 7.96324015 5.62190008 25.97039986
v 8.25683022 3.76259995 26.51528931
v 8.28384018 3.71300006 24.13418961
v 7.87951994 5.52969980 23.80834961
v 7.96324015 5.62190008 25.97039986
v 8.28384018 3.71300006 24.13418961
v 6.86779022 7.89349985 26.51642990
v 6.78704023 7.65189981 24.30868912
v 4.93555021 9.45129967 24.90974045
v 6.86779022 7.89349985 26.51642990
v 7.96324015 5.62190008 25.97039986
v 6.78704023 7.65189981 24.30868912
v 1.30045998 10.53670025 24.50004005
v 1.22528994 10.79759979 26.75025940
v 2.84803009 10.33119965 24.73748970
v 2.85645008 10.62479973 26.98418045
v 2.84803009 10.33119965 24.73748970
v 1.22528994 10.79759979 26.75025940
v 2.84803009 10.33119965 24.73748970
v 2.85645008 10.62479973 26.98418045
v 4.93555021 9.45129967 24.90974045
v 4.93555021 9.45129967 24.90974045
v 5.02005005 9.72249985 27.17793083
v 6.86779022 7.89349985 26.51642990
v 5.02005005 9.72249985 27.17793083
v 5.01206017 9.91014957 28.28688049
v 6.86779022 7.89349985 26.51642990
v 5.02005005 9.72249985 27.17793083
v 10.72605038 1.18729997 4.35414982
v 10.80891991 -1.98570001 0.02976000
v 10.80891991 1.89559996 0.02976000
v 10.72605038 -1.27740002 4.35414982
v 10.22010994 3.47460008 4.38504982
v 10.72605038 1.18729997 4.35414982
v 10.80891991 1.89559996 0.02976000
v 9.50642967 5.48610020 0.02976000
v 10.22010994 3.47460008 4.38504982
v 10.80891991 1.89559996 0.02976000
v 10.22010994 3.47460008 4.38504982
v 9.50642967 5.48610020 0.02976000
v 9.32639980 5.51469994 3.95307994
v 9.32639980 5.51469994 3.95307994
v 9.00644016 5.38789988 7.87618017
v 10.22010994 3.47460008 4.38504982
v 10.33368015 1.07588005 8.67846012
v 10.72605038 1.18729997 4.35414982
v 10.22010994 3.47460008 4.38504982
v 10.72605038 1.18729997 4.35414982
v 10.33368015 1.07588005 8.67846012
v 10.72605038 -1.27740002 4.35414982
v 10.30603027 -1.32512999 8.68544960
v 10.72605038 -1.27740002 4.35414982
v 10.33368015 1.07588005 8.67846012
v 9.83650970 3.37059999 8.74032974
v 9.83650970 3.37059999 8.74032974
v 10.22010994 3.47460008 4.38504982
v 9.00644016 5.38789988 7.87618017
v 9.00644016 5.38789988 7.87618017
v 8.61378002 5.22009993 11.68500996
v 9.83650970 3.37059999 8.74032974
v 9.82534027 0.96963000 13.00275993
v 10.33368015 1.07588005 8.67846012
v 9.83650970 3.37059999 8.74032974
v 10.33368015 1.07588005 8.67846012
v 9.82534027 0.96963000 13.00275993
v 10.30603027 -1.32512999 8.68544960
v 9.78149986 -1.36852002 13.01323032
v 10.30603027 -1.32512999 8.68544960
v 9.82534027 0.96963000 13.00275993
v 9.83650970 3.37059999 8.74032974
v 9.35575008 3.19910002 13.09560966
v 9.82534027 0.96963000 13.00275993
v 9.35575008 3.19910002 13.09560966
v 9.83650970 3.37059999 8.74032974
v 8.61378002 5.22009993 11.68500996
v 8.61378002 5.22009993 11.68500996
v 8.32520962 4.90479994 15.26346016
v 9.35575008 3.19910002 13.09560966
v 9.29662991 0.82529002 17.32707977
v 9.82534027 0.96963000 13.00275993
v 9.35575008 3.19910002 13.09560966
v 9.29662991 0.82529002 17.32707977
v 9.25393009 -1.21342003 17.34107971
v 9.35575008 3.19910002 13.09560966
v 8.92801952 2.79229999 17.45088959
v 9.29662991 0.82529002 17.32707977
v 8.92801952 2.79229999 17.45088959
v 9.35575008 3.19910002 13.09560966
v 8.32520962 4.90479994 15.26346016
v 8.32520962 4.90479994 15.26346016
v 8.23526955 4.41720009 18.53410912
v 8.92801952 2.79229999 17.45088959
v 9.29662991 0.82529002 17.32707977
v 8.80583000 0.66934001 21.65139008
v 9.25393009 -1.21342003 17.34107971
v 8.80583000 0.66934001 21.65139008
v 9.29662991 0.82529002 17.32707977
v 8.92801952 2.79229999 17.45088959
v 8.78052044 -0.89296001 21.66892052
v 9.25393009 -1.21342003 17.34107971
v 8.80583000 0.66934001 21.65139008
v 8.92801952 2.79229999 17.45088959
v 8.60947037 2.24530005 21.80617905
v 8.80583000 0.66934001 21.65139008
v 8.92801952 2.79229999 17.45088959
v 8.23526955 4.41720009 18.53410912
v 8.25739956 3.95779991 21.48409081
v 8.60947037 2.24530005 21.80617905
v 8.92801952 2.79229999 17.45088959
v 8.25739956 3.95779991 21.48409081
v 8.25739956 3.95779991 21.48409081
v 8.28384018 3.71300006 24.13418961
v 8.60947037 2.24530005 21.80617905
v 8.80583000 0.66934001 21.65139008
v 8.35632038 -0.05477000 25.91333008
v 8.78052044 -0.89296001 21.66892052
v 8.35632038 -0.05477000 25.91333008
v 8.80583000 0.66934001 21.65139008
v 8.60947037 2.24530005 21.80617905
v 8.32435989 1.64095998 26.06027031
v 8.60947037 2.24530005 21.80617905
v 8.28384018 3.71300006 24.13418961
v 8.32435989 1.64095998 26.06027031
v 8.35632038 -0.05477000 25.91333008
v 8.60947037 2.24530005 21.80617905
v 8.28384018 3.71300006 24.13418961
v 8.25683022 3.76259995 26.51528931
v 8.32435989 1.64095998 26.06027031
v 10.17117977 -1.98888004 -3.67597008
v 10.80891991 1.89559996 0.02976000
v 10.80891991 -1.98570001 0.02976000
v 10.17117977 1.89877999 -3.67597008
v 9.50642967 5.48610020 0.02976000
v 10.80891991 1.89559996 0.02976000
v 10.17117977 1.89877999 -3.67597008
v 8.94513035 5.49329996 -3.22971010
v 7.06209993 8.42259979 0.02481000
v 9.50642967 5.48610020 0.02976000
v 8.94513035 5.49329996 -3.22971010
v 7.06209993 8.42259979 0.02481000
v 6.63522005 8.42399979 -2.39369988
v 3.74599004 10.31910038 0.02461000
v 6.63522005 8.42399979 -2.39369988
v 7.06209993 8.42259979 0.02481000
v 8.94513035 5.49329996 -3.22971010
v 3.74599004 10.31910038 0.02461000
v 3.52366996 10.33660030 -1.26092005
v -0.01024000 11.00000000 0.02977000
v 3.52366996 10.33660030 -1.26092005
v 3.74599004 10.31910038 0.02461000
v 6.63522005 8.42399979 -2.39369988
v 10.17117977 -1.98888004 -3.67597008
v 8.28971004 -1.98888004 -6.93474007
v 10.17117977 1.89877999 -3.67597008
v 8.28971004 1.89877999 -6.93474007
v 10.17117977 1.89877999 -3.67597008
v 8.28971004 1.89877999 -6.93474007
v 8.94513035 5.49329996 -3.22971010
v 8.94513035 5.49329996 -3.22971010
v 7.29021978 5.49330997 -6.09603977
v 6.63522005 8.42399979 -2.39369988
v 7.29021978 5.49330997 -6.09603977
v 5.40599012 8.42399979 -4.51996994
v 6.63522005 8.42399979 -2.39369988
v 5.40599012 8.42399979 -4.51996994
v 3.52366996 10.33660030 -1.26092005
v 3.52366996 10.33660030 -1.26092005
v 2.86939001 10.33660030 -2.39137006
v -0.01024000 11.00000000 0.02977000
v 2.86939001 10.33660030 -2.39137006
v 8.28971004 -1.98888004 -6.93474007
v 5.40718985 -1.98888004 -9.35354042
v 8.28971004 1.89877999 -6.93474007
v 5.40718985 1.89877999 -9.35354042
v 8.28971004 1.89877999 -6.93474007
v 5.40718985 1.89877999 -9.35354042
v 7.29021978 5.49330997 -6.09603977
v 4.75481987 5.49329996 -8.22358036
v 7.29021978 5.49330997 -6.09603977
v 4.75481987 5.49329996 -8.22358036
v 5.40599012 8.42399979 -4.51996994
v 3.52366996 8.42399979 -6.09780979
v 5.40599012 8.42399979 -4.51996994
v 3.52366996 8.42399979 -6.09780979
v 2.86939001 10.33660030 -2.39137006
v 1.86811996 10.33660030 -3.23000002
v 2.86939001 10.33660030 -2.39137006
v 3.52366996 8.42399979 -6.09780979
v 2.86939001 10.33660030 -2.39137006
v 1.86811996 10.33660030 -3.23000002
v -0.01024000 11.00000000 0.02977000
v 5.40718985 -1.98888004 -9.35354042
v 1.87123001 -1.98888004 -10.64046955
v 5.40718985 1.89877999 -9.35354042
v 1.87124002 1.89877999 -10.64048004
v 5.40718985 1.89877999 -9.35354042
v 1.87124002 1.89877999 -10.64048004
v 4.75481987 5.49329996 -8.22358036
v 1.64468002 5.49330997 -9.35552025
v 4.75481987 5.49329996 -8.22358036
v 1.64468002 5.49330997 -9.35552025
v 3.52366996 8.42399979 -6.09780979
v 3.52366996 8.42399979 -6.09780979
v 1.21531999 8.42399979 -6.93678999
v 1.86811996 10.33660030 -3.23000002
v 1.21531999 8.42399979 -6.93678999
v 1.86811996 10.33660030 -3.23000002
v 0.64043999 10.33660030 -3.67576003
v -0.01024000 11.00000000 0.02977000
v 0.64043999 10.33660030 -3.67576003
v 1.87123001 -1.98888004 -10.64046955
v -1.89170003 -1.98888004 -10.64048004
v 1.87124002 1.89877999 -10.64048004
v -1.89170003 1.89877999 -10.64048004
v 1.87124002 1.89877999 -10.64048004
v -1.89170003 1.89877999 -10.64048004
v 1.64468002 5.49330997 -9.35552025
v -1.66514003 5.49329996 -9.35552025
v 1.64468002 5.49330997 -9.35552025
v -1.66514003 5.49329996 -9.35552025
v 1.21531999 8.42399979 -6.93678999
v -1.24073994 8.42399979 -6.93593979
v 1.21531999 8.42399979 -6.93678999
v -1.24073994 8.42399979 -6.93593979
v 0.64043999 10.33660030 -3.67576003
v -0.66557997 10.33660030 -3.67491007
v 0.64043999 10.33660030 -3.67576003
v -0.66557997 10.33660030 -3.67491007
v -0.01024000 11.00000000 0.02977000
v -1.89170003 -1.98888004 -10.64048004
v -5.42765999 -1.98888004 -9.35354042
v -1.89170003 1.89877999 -10.64048004
v -5.42765999 1.89877999 -9.35354042
v -1.89170003 1.89877999 -10.64048004
v -5.42765999 1.89877999 -9.35354042
v -1.66514003 5.49329996 -9.35552025
v -1.66514003 5.49329996 -9.35552025
v -4.77529001 5.49329996 -8.22358036
v -1.24073994 8.42399979 -6.93593979
v -4.77529001 5.49329996 -8.22358036
v -3.54853010 8.42399979 -6.09527016
v -1.24073994 8.42399979 -6.93593979
v -3.54853010 8.42399979 -6.09527016
v -0.66557997 10.33660030 -3.67491007
v -0.66557997 10.33660030 -3.67491007
v -1.89269996 10.33660030 -3.22759008
v -0.01024000 11.00000000 0.02977000
v -1.89269996 10.33660030 -3.22759008
v -5.42765999 -1.98888004 -9.35354042
v -8.31017971 -1.98888004 -6.93474007
v -5.42765999 1.89877999 -9.35354042
v -8.31017971 1.89877999 -6.93474007
v -5.42765999 1.89877999 -9.35354042
v -8.31017971 1.89877999 -6.93474007
v -4.77529001 5.49329996 -8.22358036
v -4.77529001 5.49329996 -8.22358036
v -7.31068993 5.49329996 -6.09604979
v -3.54853010 8.42399979 -6.09527016
v -7.31068993 5.49329996 -6.09604979
v -5.42970991 8.42399979 -4.51615000
v -3.54853010 8.42399979 -6.09527016
v -5.42970991 8.42399979 -4.51615000
v -1.89269996 10.33660030 -3.22759008
v -2.89297009 10.33660030 -2.38769007
v -1.89269996 10.33660030 -3.22759008
v -2.89297009 10.33660030 -2.38769007
v -0.01024000 11.00000000 0.02977000
v -8.31017971 -1.98888004 -6.93474007
v -10.19165039 -1.98888004 -3.67597008
v -8.31017971 1.89877999 -6.93474007
v -8.31017971 1.89877999 -6.93474007
v -10.19165039 1.89877999 -3.67597008
v -7.31068993 5.49329996 -6.09604979
v -10.19165039 1.89877999 -3.67597008
v -7.31068993 5.49329996 -6.09604979
v -8.96560001 5.49329996 -3.22971010
v -5.42970991 8.42399979 -4.51615000
v -8.96560001 5.49329996 -3.22971010
v -6.65746021 8.42399979 -2.38895988
v -5.42970991 8.42399979 -4.51615000
v -6.65746021 8.42399979 -2.38895988
v -2.89297009 10.33660030 -2.38769007
v -3.54576993 10.33660030 -1.25645995
v -2.89297009 10.33660030 -2.38769007
v -3.54576993 10.33660030 -1.25645995
v -0.01024000 11.00000000 0.02977000
v -10.19165039 -1.98888004 -3.67597008
v -10.82211018 -1.98460996 0.02984000
v -10.19165039 1.89877999 -3.67597008
v -10.82211018 1.89451003 0.02984000
v -8.96560001 5.49329996 -3.22971010
v -9.53205967 5.50769997 0.02984000
v -6.65746021 8.42399979 -2.38895988
v -3.54576993 10.33660030 -1.25645995
v -7.06228018 8.40019989 0.02984000
v -3.75605989 10.29399967 0.02976000
v -0.01024000 11.00000000 0.02977000
v -3.54576993 10.33660030 -1.25645995
v -7.06228018 8.40019989 0.02984000
v -6.65746021 8.42399979 -2.38895988
v -9.53205967 5.50769997 0.02984000
v -6.65746021 8.42399979 -2.38895988
v -7.06228018 8.40019989 0.02984000
v -3.54576993 10.33660030 -1.25645995
v -8.65377045 3.85248995 29.52190971
v -8.67158985 0.00316000 29.58427048
v -8.97733974 5.75739002 31.26040077
v -8.62534046 5.13799000 29.42573929
v -8.65377045 3.85248995 29.52190971
v -8.97733974 5.75739002 31.26040077
v -8.97733974 -5.84749985 31.26040077
v -8.92798996 5.75739002 33.24100876
v -8.97733974 5.75739002 31.26040077
v -8.97733974 -5.84749985 31.26040077
v -8.92798996 -5.84749985 33.24100876
v -8.44686985 5.75739002 35.16321182
v -8.92798996 5.75739002 33.24100876
v -8.92798996 -5.84749985 33.24100876
v -8.44686985 -5.84749985 35.16320038
v -7.55740023 5.75739002 36.93373108
v -8.44686985 5.75739002 35.16321182
v -8.44686985 -5.84749985 35.16320038
v -7.55740023 -5.84749985 36.93373108
v -6.30114985 5.75739002 38.46575165
v -7.55740023 5.75739002 36.93373108
v -7.55740023 -5.84749985 36.93373108
v -6.30114985 -5.84749985 38.46575165
v -4.74084997 5.75739002 39.68664169
v -6.30114985 5.75739002 38.46575165
v -6.30114985 -5.84749985 38.46575165
v -4.74084997 -5.84749985 39.68664169
v -2.95095992 5.75739002 40.53609085
v -4.74084997 5.75739002 39.68664169
v -4.74084997 -5.84749985 39.68664169
v -2.95094991 -5.84749985 40.53607941
v -1.01801002 5.75739002 40.97280121
v -2.95095992 5.75739002 40.53609085
v -2.95094991 -5.84749985 40.53607941
v -1.01800001 -5.84749985 40.97280121
v 0.96294999 5.75739002 40.97697067
v -1.01801002 5.75739002 40.97280121
v -1.01800001 -5.84749985 40.97280121
v 0.96294999 -5.84749985 40.97695923
v 2.89703989 5.75739002 40.54732895
v 0.96294999 5.75739002 40.97697067
v 0.96294999 -5.84749985 40.97695923
v 2.89703989 -5.84749985 40.54732895
v 4.69024992 5.75739002 39.70473862
v 2.89703989 5.75739002 40.54732895
v 2.89703989 -5.84749985 40.54732895
v 4.69025993 -5.84749985 39.70473099
v 6.25565004 5.75739002 38.49036026
v 4.69024992 5.75739002 39.70473862
v 4.69025993 -5.84749985 39.70473099
v 6.25565004 -5.84749985 38.49036026
v 7.51734018 5.75740004 36.96279907
v 6.25565004 5.75739002 38.49036026
v 6.25565004 -5.84749985 38.49036026
v 7.51734018 -5.84749985 36.96279144
v 8.41431046 5.75740004 35.19623184
v 7.51734018 5.75740004 36.96279907
v 7.51734018 -5.84749985 36.96279144
v 8.41431046 -5.84749985 35.19623184
v 8.90305996 5.75740004 33.27614975
v 8.41431046 5.75740004 35.19623184
v 8.41431046 -5.84749985 35.19623184
v 8.90305996 -5.84749985 33.27614975
v 8.95977020 5.75740004 31.29569054
v 8.90305996 5.75740004 33.27614975
v 8.90305996 -5.84749985 33.27614975
v 8.95977020 -5.84749985 31.29569054
v 8.95977020 5.75740004 31.29569054
v 8.95977020 -5.84749985 31.29569054
v 8.66362953 -0.09010000 29.62890053
v 8.95977020 5.75740004 31.29569054
v 8.66362953 -0.09010000 29.62890053
v 8.65655994 1.84707999 29.60358047
v 8.64029026 3.91249990 29.54615974
v 8.95977020 5.75740004 31.29569054
v 8.64029026 3.91249990 29.54615974
v 8.61264992 5.13360023 29.45177078
v 8.35498047 6.41669989 28.91394043
v 8.95977020 5.75740004 31.29569054
v 8.61264992 5.13360023 29.45177078
v -8.31527996 6.49310017 28.80709076
v -8.62534046 5.13799000 29.42573929
v -8.97733974 5.75739002 31.26040077
v -8.78182030 6.90538979 32.00492096
v -8.31527996 6.49310017 28.80709076
v -8.97733974 5.75739002 31.26040077
v -8.10921955 7.87868977 32.63196945
v -8.03264046 7.87868977 30.76627922
v -8.78182030 6.90538979 32.00492096
v -8.97733974 5.75739002 31.26040077
v -8.92798996 5.75739002 33.24100876
v -8.78182030 6.90538979 32.00492096
v -8.78182030 6.90538979 32.00492096
v -8.92798996 5.75739002 33.24100876
v -8.44686985 5.75739002 35.16321182
v -8.12485027 6.90538979 35.36077118
v -8.78182030 6.90538979 32.00492096
v -8.44686985 5.75739002 35.16321182
v -8.12485027 6.90538979 35.36077118
v -7.75792980 7.87868977 34.46620941
v -8.10921955 7.87868977 32.63196945
v -8.78182030 6.90538979 32.00492096
v -6.99652004 7.87868977 36.17089844
v -7.75792980 7.87868977 34.46620941
v -8.12485027 6.90538979 35.36077118
v -8.44686985 5.75739002 35.16321182
v -7.55740023 5.75739002 36.93373108
v -8.12485027 6.90538979 35.36077118
v -6.23433018 6.90538979 38.21012115
v -5.86571980 7.87868977 37.65666962
v -6.99652004 7.87868977 36.17089844
v -8.12485027 6.90538979 35.36077118
v -6.23433018 6.90538979 38.21012115
v -6.99652004 7.87868977 36.17089844
v -6.23433018 6.90538979 38.21012115
v -8.12485027 6.90538979 35.36077118
v -7.55740023 5.75739002 36.93373108
v -7.55740023 5.75739002 36.93373108
v -6.30114985 5.75739002 38.46575165
v -6.23433018 6.90538979 38.21012115
v -4.42625999 7.87868977 38.84582138
v -5.86571980 7.87868977 37.65666962
v -6.23433018 6.90538979 38.21012115
v -6.23433018 6.90538979 38.21012115
v -6.30114985 5.75739002 38.46575165
v -4.74084997 5.75739002 39.68664169
v -3.39861989 6.90538979 40.12094116
v -6.23433018 6.90538979 38.21012115
v -4.74084997 5.75739002 39.68664169
v -6.23433018 6.90538979 38.21012115
v -3.39861989 6.90538979 40.12094116
v -4.42625999 7.87868977 38.84582138
v -2.75254011 7.87868977 39.67383957
v -4.42625999 7.87868977 38.84582138
v -3.39861989 6.90538979 40.12094116
v -4.74084997 5.75739002 39.68664169
v -2.95095992 5.75739002 40.53609085
v -3.39861989 6.90538979 40.12094116
v -3.39861989 6.90538979 40.12094116
v -2.95095992 5.75739002 40.53609085
v -1.01801002 5.75739002 40.97280121
v -0.04722000 6.90538979 40.80133057
v -3.39861989 6.90538979 40.12094116
v -1.01801002 5.75739002 40.97280121
v -0.04722000 6.90538979 40.80133057
v -0.93471003 7.87868977 40.09867096
v -2.75254011 7.87868977 39.67383957
v -3.39861989 6.90538979 40.12094116
v -0.04722000 6.90538979 40.80133057
v -2.75254011 7.87868977 39.67383957
v -1.01801002 5.75739002 40.97280121
v 0.96294999 5.75739002 40.97697067
v -0.04722000 6.90538979 40.80133057
v 0.93269002 7.87868977 40.09619904
v -0.93471003 7.87868977 40.09867096
v -0.04722000 6.90538979 40.80133057
v -0.04722000 6.90538979 40.80133057
v 0.96294999 5.75739002 40.97697067
v 2.89703989 5.75739002 40.54732895
v 3.30948997 6.90539980 40.14902115
v -0.04722000 6.90538979 40.80133057
v 2.89703989 5.75739002 40.54732895
v 3.30948997 6.90539980 40.14902115
v 2.75003004 7.87868977 39.66762161
v 0.93269002 7.87868977 40.09619904
v -0.04722000 6.90538979 40.80133057
v 3.30948997 6.90539980 40.14902115
v 0.93269002 7.87868977 40.09619904
v 2.89703989 5.75739002 40.54732895
v 4.69024992 5.75739002 39.70473862
v 3.30948997 6.90539980 40.14902115
v 4.42149019 7.87868977 38.83535004
v 2.75003004 7.87868977 39.66762161
v 3.30948997 6.90539980 40.14902115
v 3.30948997 6.90539980 40.14902115
v 4.69024992 5.75739002 39.70473862
v 6.25565004 5.75739002 38.49036026
v 6.16174984 6.90539980 38.26266861
v 3.30948997 6.90539980 40.14902115
v 6.25565004 5.75739002 38.49036026
v 3.30948997 6.90539980 40.14902115
v 6.16174984 6.90539980 38.26266861
v 4.42149019 7.87868977 38.83535004
v 5.85861015 7.87869978 37.64331055
v 4.42149019 7.87868977 38.83535004
v 6.16174984 6.90539980 38.26266861
v 6.25565004 5.75739002 38.49036026
v 7.51734018 5.75740004 36.96279907
v 6.16174984 6.90539980 38.26266861
v 8.07594967 6.90539980 35.42908096
v 6.98558998 7.87869978 36.15457153
v 5.85861015 7.87869978 37.64331055
v 6.16174984 6.90539980 38.26266861
v 8.07594967 6.90539980 35.42908096
v 5.85861015 7.87869978 37.64331055
v 8.07594967 6.90539980 35.42908096
v 6.16174984 6.90539980 38.26266861
v 7.51734018 5.75740004 36.96279907
v 7.51734018 5.75740004 36.96279907
v 8.41431046 5.75740004 35.19623184
v 8.07594967 6.90539980 35.42908096
v 7.74269009 7.87869978 34.44783020
v 6.98558998 7.87869978 36.15457153
v 8.07594967 6.90539980 35.42908096
v 8.76128006 6.90539980 32.07894897
v 8.09008980 7.87869978 32.61323929
v 7.74269009 7.87869978 34.44783020
v 8.07594967 6.90539980 35.42908096
v 8.76128006 6.90539980 32.07894897
v 7.74269009 7.87869978 34.44783020
v 8.07594967 6.90539980 35.42908096
v 8.41431046 5.75740004 35.19623184
v 8.90305996 5.75740004 33.27614975
v 8.76128006 6.90539980 32.07894897
v 8.07594967 6.90539980 35.42908096
v 8.90305996 5.75740004 33.27614975
v 8.90305996 5.75740004 33.27614975
v 8.95977020 5.75740004 31.29569054
v 8.76128006 6.90539980 32.07894897
v 8.00926971 7.87869978 30.74781990
v 8.09008980 7.87869978 32.61323929
v 8.76128006 6.90539980 32.07894897
v 8.76128006 6.90539980 32.07894897
v 8.35498047 6.41669989 28.91394043
v 8.00926971 7.87869978 30.74781990
v 8.76128006 6.90539980 32.07894897
v 8.95977020 5.75740004 31.29569054
v 8.35498047 6.41669989 28.91394043
v 7.13754988 8.03139973 28.36388016
v 8.00926971 7.87869978 30.74781990
v 8.35498047 6.41669989 28.91394043
v -5.42738008 9.83580017 28.97488976
v -7.38982010 7.94489002 28.76240921
v -5.75441980 10.12129021 30.77964020
v -8.03264046 7.87868977 30.76627922
v -5.75441980 10.12129021 30.77964020
v -7.38982010 7.94489002 28.76240921
v -5.88890982 10.12129021 32.02981186
v -5.75441980 10.12129021 30.77964020
v -8.03264046 7.87868977 30.76627922
v -8.03264046 7.87868977 30.76627922
v -8.10921955 7.87868977 32.63196945
v -5.88890982 10.12129021 32.02981186
v -5.68858004 10.12129021 33.55128860
v -5.88890982 10.12129021 32.02981186
v -8.10921955 7.87868977 32.63196945
v -8.10921955 7.87868977 32.63196945
v -7.75792980 7.87868977 34.46620941
v -5.68858004 10.12129021 33.55128860
v -5.10132980 10.12129021 34.96910858
v -5.68858004 10.12129021 33.55128860
v -7.75792980 7.87868977 34.46620941
v -7.75792980 7.87868977 34.46620941
v -6.99652004 7.87868977 36.17089844
v -5.10132980 10.12129021 34.96910858
v -5.10132980 10.12129021 34.96910858
v -6.99652004 7.87868977 36.17089844
v -5.86571980 7.87868977 37.65666962
v -4.16710997 10.12129021 36.18661118
v -5.86571980 7.87868977 37.65666962
v -4.42625999 7.87868977 38.84582138
v -4.16710997 10.12129021 36.18661118
v -2.94960999 10.12129021 37.12083054
v -4.16710997 10.12129021 36.18661118
v -4.42625999 7.87868977 38.84582138
v -4.42625999 7.87868977 38.84582138
v -2.75254011 7.87868977 39.67383957
v -2.94960999 10.12129021 37.12083054
v -1.53171003 10.12129021 37.70816040
v -2.94960999 10.12129021 37.12083054
v -2.75254011 7.87868977 39.67383957
v -2.75254011 7.87868977 39.67383957
v -0.93471003 7.87868977 40.09867096
v -1.53171003 10.12129021 37.70816040
v -0.01024000 10.12129021 37.90848160
v -1.53171003 10.12129021 37.70816040
v -0.93471003 7.87868977 40.09867096
v -0.93471003 7.87868977 40.09867096
v 0.93269002 7.87868977 40.09619904
v -0.01024000 10.12129021 37.90848160
v 1.51124001 10.12129021 37.70816040
v -0.01024000 10.12129021 37.90848160
v 0.93269002 7.87868977 40.09619904
v 0.93269002 7.87868977 40.09619904
v 2.75003004 7.87868977 39.66762161
v 1.51124001 10.12129021 37.70816040
v 2.92913008 10.12129021 37.12083054
v 1.51124001 10.12129021 37.70816040
v 2.75003004 7.87868977 39.66762161
v 2.75003004 7.87868977 39.66762161
v 4.42149019 7.87868977 38.83535004
v 2.92913008 10.12129021 37.12083054
v 4.14662981 10.12129021 36.18661118
v 2.92913008 10.12129021 37.12083054
v 4.42149019 7.87868977 38.83535004
v 4.42149019 7.87868977 38.83535004
v 5.85861015 7.87869978 37.64331055
v 4.14662981 10.12129021 36.18661118
v 4.14662981 10.12129021 36.18661118
v 5.85861015 7.87869978 37.64331055
v 6.98558998 7.87869978 36.15457153
v 5.08086014 10.12129021 34.96910858
v 6.98558998 7.87869978 36.15457153
v 7.74269009 7.87869978 34.44783020
v 5.08086014 10.12129021 34.96910858
v 5.66810989 10.12129021 33.55128860
v 5.08086014 10.12129021 34.96910858
v 7.74269009 7.87869978 34.44783020
v 7.74269009 7.87869978 34.44783020
v 8.09008980 7.87869978 32.61323929
v 5.66810989 10.12129021 33.55128860
v 5.86843014 10.12129974 32.02981186
v 5.66810989 10.12129021 33.55128860
v 8.09008980 7.87869978 32.61323929
v 8.09008980 7.87869978 32.61323929
v 8.00926971 7.87869978 30.74781990
v 5.86843014 10.12129974 32.02981186
v 5.73083019 10.12129974 30.76507950
v 5.86843014 10.12129974 32.02981186
v 8.00926971 7.87869978 30.74781990
v 8.00926971 7.87869978 30.74781990
v 7.13754988 8.03139973 28.36388016
v 5.73083019 10.12129974 30.76507950
v 5.73083019 10.12129974 30.76507950
v 7.13754988 8.03139973 28.36388016
v 5.32403994 10.12150002 29.55953026
v 5.86843014 10.12129974 32.02981186
v 5.73083019 10.12129974 30.76507950
v 4.88535023 10.74794960 32.02972031
v 4.52677011 10.77159977 30.16473961
v 3.59488010 11.00000000 30.97120094
v 3.74710989 11.00000000 32.02981186
v 4.52677011 10.77159977 30.16473961
v 3.74710989 11.00000000 32.02981186
v 4.88535023 10.74794960 32.02972031
v 4.52677011 10.77159977 30.16473961
v 4.88535023 10.74794960 32.02972031
v 5.73083019 10.12129974 30.76507950
v 5.73083019 10.12129974 30.76507950
v 5.32403994 10.12150002 29.55953026
v 4.52677011 10.77159977 30.16473961
v 3.15067005 11.00000000 29.99835968
v 3.59488010 11.00000000 30.97120094
v 4.52677011 10.77159977 30.16473961
v 3.48541999 10.81729984 28.47776031
v 4.52677011 10.77159977 30.16473961
v 5.32403994 10.12150002 29.55953026
v 3.48541999 10.81729984 28.47776031
v 2.45035005 11.00000000 29.19013977
v 3.15067005 11.00000000 29.99835968
v 3.48541999 10.81729984 28.47776031
v 1.55062997 11.00000000 28.61200905
v 2.45035005 11.00000000 29.19013977
v 3.48541999 10.81729984 28.47776031
v 3.48541999 10.81729984 28.47776031
v 2.85645008 10.62479973 26.98418045
v 1.55062997 11.00000000 28.61200905
v 1.55062997 11.00000000 28.61200905
v 2.85645008 10.62479973 26.98418045
v 0.52447999 11.00000000 28.31064034
v -0.90310001 10.94670010 27.80257988
v 0.52447999 11.00000000 28.31064034
v -0.22463000 10.94620037 27.71228027
v -2.47081995 11.00000000 29.19013977
v -1.57110000 11.00000000 28.61200905
v -3.41360998 10.67646980 27.95694923
v -3.41360998 10.67646980 27.95694923
v -3.75641990 10.71769047 28.67627907
v -2.47081995 11.00000000 29.19013977
v -3.17114997 10.99999046 29.99835968
v -2.47081995 11.00000000 29.19013977
v -3.75641990 10.71769047 28.67627907
v -3.75641990 10.71769047 28.67627907
v -4.54688978 10.77159977 30.16367912
v -3.17114997 10.99999046 29.99835968
v -3.61535001 10.99999046 30.97120094
v -3.17114997 10.99999046 29.99835968
v -4.54688978 10.77159977 30.16367912
v -5.42738008 9.83580017 28.97488976
v -5.75441980 10.12129021 30.77964020
v -4.54688978 10.77159977 30.16367912
v -4.54688978 10.77159977 30.16367912
v -5.75441980 10.12129021 30.77964020
v -5.88890982 10.12129021 32.02981186
v -4.54688978 10.77159977 30.16367912
v -5.88890982 10.12129021 32.02981186
v -4.90580988 10.74794960 32.02973938
v -4.54688978 10.77159977 30.16367912
v -4.90580988 10.74794960 32.02973938
v -3.61535001 10.99999046 30.97120094
v -3.76759005 10.99999046 32.02981186
v -3.61535001 10.99999046 30.97120094
v -4.90580988 10.74794960 32.02973938
v -0.90310001 10.94670010 27.80257988
v -1.57110000 11.00000000 28.61200905
v 0.52447999 11.00000000 28.31064034
v 1.55062997 11.00000000 28.61200905
v 0.52447999 11.00000000 28.31064034
v -1.57110000 11.00000000 28.61200905
v -2.47081995 11.00000000 29.19013977
v 2.45035005 11.00000000 29.19013977
v -3.17114997 10.99999046 29.99835968
v 3.15067005 11.00000000 29.99835968
v -3.61535001 10.99999046 30.97120094
v 3.59488010 11.00000000 30.97120094
v -3.76759005 10.99999046 32.02981186
v 3.74710989 11.00000000 32.02981186
v -3.61542010 10.99999046 33.08834076
v 3.59494996 11.00000000 33.08834076
v -3.17114997 10.99999046 34.06111145
v 3.15058994 11.00000000 34.06118011
v -2.47075009 10.99999046 34.86940002
v 2.45027995 11.00000000 34.86940002
v -1.57111001 10.99999046 35.44760895
v 1.55062997 10.99999046 35.44760895
v -0.54501998 10.99999046 35.74890137
v 0.52455002 10.99999046 35.74890137
v -5.88890982 10.12129021 32.02981186
v -5.68858004 10.12129021 33.55128860
v -4.90580988 10.74794960 32.02973938
v -4.42986012 10.77159023 34.15819931
v -4.90580988 10.74794960 32.02973938
v -5.68858004 10.12129021 33.55128860
v -4.42986012 10.77159023 34.15819931
v -3.61542010 10.99999046 33.08834076
v -3.76759005 10.99999046 32.02981186
v -4.42986012 10.77159023 34.15819931
v -3.76759005 10.99999046 32.02981186
v -4.90580988 10.74794960 32.02973938
v -5.68858004 10.12129021 33.55128860
v -5.10132980 10.12129021 34.96910858
v -4.42986012 10.77159023 34.15819931
v -3.17114997 10.99999046 34.06111145
v -3.61542010 10.99999046 33.08834076
v -4.42986012 10.77159023 34.15819931
v -3.06869006 10.77159977 35.86500931
v -2.47075009 10.99999046 34.86940002
v -3.17114997 10.99999046 34.06111145
v -4.42986012 10.77159023 34.15819931
v -3.06869006 10.77159977 35.86500931
v -3.17114997 10.99999046 34.06111145
v -4.42986012 10.77159023 34.15819931
v -5.10132980 10.12129021 34.96910858
v -4.16710997 10.12129021 36.18661118
v -3.06869006 10.77159977 35.86500931
v -4.42986012 10.77159023 34.15819931
v -4.16710997 10.12129021 36.18661118
v -4.16710997 10.12129021 36.18661118
v -2.94960999 10.12129021 37.12083054
v -3.06869006 10.77159977 35.86500931
v -1.57111001 10.99999046 35.44760895
v -2.47075009 10.99999046 34.86940002
v -3.06869006 10.77159977 35.86500931
v -3.06869006 10.77159977 35.86500931
v -2.94960999 10.12129021 37.12083054
v -1.53171003 10.12129021 37.70816040
v -1.10179996 10.77159977 36.81224823
v -3.06869006 10.77159977 35.86500931
v -1.53171003 10.12129021 37.70816040
v -3.06869006 10.77159977 35.86500931
v -1.10179996 10.77159977 36.81224823
v -1.57111001 10.99999046 35.44760895
v -0.54501998 10.99999046 35.74890137
v -1.57111001 10.99999046 35.44760895
v -1.10179996 10.77159977 36.81224823
v -1.53171003 10.12129021 37.70816040
v -0.01024000 10.12129021 37.90848160
v -1.10179996 10.77159977 36.81224823
v 1.08132005 10.77159977 36.81224823
v -1.10179996 10.77159977 36.81224823
v -0.01024000 10.12129021 37.90848160
v 1.08132005 10.77159977 36.81224823
v 0.52455002 10.99999046 35.74890137
v -0.54501998 10.99999046 35.74890137
v -1.10179996 10.77159977 36.81224823
v -0.01024000 10.12129021 37.90848160
v 1.51124001 10.12129021 37.70816040
v 1.08132005 10.77159977 36.81224823
v 1.55062997 10.99999046 35.44760895
v 0.52455002 10.99999046 35.74890137
v 1.08132005 10.77159977 36.81224823
v 1.08132005 10.77159977 36.81224823
v 1.51124001 10.12129021 37.70816040
v 2.92913008 10.12129021 37.12083054
v 3.04820991 10.77159977 35.86500931
v 1.08132005 10.77159977 36.81224823
v 2.92913008 10.12129021 37.12083054
v 1.08132005 10.77159977 36.81224823
v 3.04820991 10.77159977 35.86500931
v 1.55062997 10.99999046 35.44760895
v 2.45027995 11.00000000 34.86940002
v 1.55062997 10.99999046 35.44760895
v 3.04820991 10.77159977 35.86500931
v 2.92913008 10.12129021 37.12083054
v 4.14662981 10.12129021 36.18661118
v 3.04820991 10.77159977 35.86500931
v 4.40938997 10.77159977 34.15819931
v 3.15058994 11.00000000 34.06118011
v 2.45027995 11.00000000 34.86940002
v 3.04820991 10.77159977 35.86500931
v 4.40938997 10.77159977 34.15819931
v 2.45027995 11.00000000 34.86940002
v 3.04820991 10.77159977 35.86500931
v 4.14662981 10.12129021 36.18661118
v 5.08086014 10.12129021 34.96910858
v 4.40938997 10.77159977 34.15819931
v 3.04820991 10.77159977 35.86500931
v 5.08086014 10.12129021 34.96910858
v 3.59494996 11.00000000 33.08834076
v 3.15058994 11.00000000 34.06118011
v 4.40938997 10.77159977 34.15819931
v 5.08086014 10.12129021 34.96910858
v 5.66810989 10.12129021 33.55128860
v 4.40938997 10.77159977 34.15819931
v 4.40938997 10.77159977 34.15819931
v 5.66810989 10.12129021 33.55128860
v 5.86843014 10.12129974 32.02981186
v 4.40938997 10.77159977 34.15819931
v 5.86843014 10.12129974 32.02981186
v 4.88535023 10.74794960 32.02972031
v 4.40938997 10.77159977 34.15819931
v 4.88535023 10.74794960 32.02972031
v 3.59494996 11.00000000 33.08834076
v 3.74710989 11.00000000 32.02981186
v 3.59494996 11.00000000 33.08834076
v 4.88535023 10.74794960 32.02972031
v 6.86779022 7.89349985 26.51642990
v 7.13754988 8.03139973 28.36388016
v 8.35498047 6.41669989 28.91394043
v 8.35498047 6.41669989 28.91394043
v 7.96324015 5.62190008 25.97039986
v 6.86779022 7.89349985 26.51642990
v 5.01206017 9.91014957 28.28688049
v 5.32403994 10.12150002 29.55953026
v 7.13754988 8.03139973 28.36388016
v 5.01206017 9.91014957 28.28688049
v 7.13754988 8.03139973 28.36388016
v 6.86779022 7.89349985 26.51642990
v 3.48541999 10.81729984 28.47776031
v 5.32403994 10.12150002 29.55953026
v 5.01206017 9.91014957 28.28688049
v 2.85645008 10.62479973 26.98418045
v 3.48541999 10.81729984 28.47776031
v 5.01206017 9.91014957 28.28688049
v 2.85645008 10.62479973 26.98418045
v 1.22528994 10.79759979 26.75025940
v 0.52447999 11.00000000 28.31064034
v 5.01206017 9.91014957 28.28688049
v 5.02005005 9.72249985 27.17793083
v 2.85645008 10.62479973 26.98418045
v -3.75641990 10.71769047 28.67627907
v -3.41360998 10.67646980 27.95694923
v -4.54688978 10.77159977 30.16367912
v -5.11936998 9.69789982 27.34445000
v -4.54688978 10.77159977 30.16367912
v -3.41360998 10.67646980 27.95694923
v -4.54688978 10.77159977 30.16367912
v -5.11936998 9.69789982 27.34445000
v -5.42738008 9.83580017 28.97488976
v -0.90310001 10.94670010 27.80257988
v -1.22461998 10.79640007 26.70466042
v -3.41360998 10.67646980 27.95694923
v -3.41360998 10.67646980 27.95694923
v -3.12402010 10.54986000 26.98724937
v -5.11936998 9.69789982 27.34445000
v -3.41360998 10.67646980 27.95694923
v -1.22461998 10.79640007 26.70466042
v -3.12402010 10.54986000 26.98724937
v -7.38982010 7.94489002 28.76240921
v -8.25862980 3.80240011 26.86290932
v -8.62534046 5.13799000 29.42573929
v -8.31527996 6.49310017 28.80709076
v -8.31527996 6.49310017 28.80709076
v -7.87334013 5.89219999 26.22347069
v -8.25862980 3.80240011 26.86290932
v -7.87334013 5.89219999 26.22347069
v -8.31527996 6.49310017 28.80709076
v -7.38982010 7.94489002 28.76240921
v -7.38982010 7.94489002 28.76240921
v -6.92827988 7.84399986 26.71059036
v -7.87334013 5.89219999 26.22347069
v -8.62534046 5.13799000 29.42573929
v -8.25862980 3.80240011 26.86290932
v -8.65377045 3.85248995 29.52190971
v 8.35632038 -0.05477000 25.91333008
v 8.65655994 1.84707999 29.60358047
v 8.66362953 -0.09010000 29.62890053
v 8.35632038 -0.05477000 25.91333008
v 8.32435989 1.64095998 26.06027031
v 8.65655994 1.84707999 29.60358047
v 8.32435989 1.64095998 26.06027031
v 8.64029026 3.91249990 29.54615974
v 8.65655994 1.84707999 29.60358047
v 8.25683022 3.76259995 26.51528931
v 8.64029026 3.91249990 29.54615974
v 8.32435989 1.64095998 26.06027031
v 8.61264992 5.13360023 29.45177078
v 8.64029026 3.91249990 29.54615974
v 8.25683022 3.76259995 26.51528931
v 8.61264992 5.13360023 29.45177078
v 8.25683022 3.76259995 26.51528931
v 7.96324015 5.62190008 25.97039986
v 8.61264992 5.13360023 29.45177078
v 7.96324015 5.62190008 25.97039986
v 8.35498047 6.41669989 28.91394043
v 0.63859999 10.78849983 26.55730057
v 0.52447999 11.00000000 28.31064034
v 1.22528994 10.79759979 26.75025940
v -0.22463000 10.94620037 27.71228027
v 0.63859999 10.78849983 26.55730057
v -0.26995000 10.78750038 26.46784973
v -0.22463000 10.94620037 27.71228027
v -1.22461998 10.79640007 26.70466042
v -0.22463000 10.94620037 27.71228027
v -0.26995000 10.78750038 26.46784973
v -0.90310001 10.94670010 27.80257988
v -0.90310001 10.94670010 27.80257988
v -3.41360998 10.67646980 27.95694923
v -1.57110000 11.00000000 28.61200905
v -8.31527996 6.49310017 28.80709076
v -8.78182030 6.90538979 32.00492096
v -8.03264046 7.87868977 30.76627922
v -7.38982010 7.94489002 28.76240921
v -8.31527996 6.49310017 28.80709076
v -8.03264046 7.87868977 30.76627922
v -9.53205967 5.50769997 0.02984000
v -8.96560001 5.49329996 -3.22971010
v -10.19165039 1.89877999 -3.67597008
v -10.43772030 3.42459989 0.02983000
v -9.53205967 5.50769997 0.02984000
v -10.19165039 1.89877999 -3.67597008
v -10.82211018 1.89451003 0.02984000
v -10.43772030 3.42459989 0.02983000
v -10.19165039 1.89877999 -3.67597008
v 3.74599004 10.31910038 0.02461000
v 5.94974995 9.22990036 2.28889990
v 7.06209993 8.42259979 0.02481000
v 7.06209993 8.42259979 0.02481000
v 5.94974995 9.22990036 2.28889990
v 7.26406002 8.22570038 2.23212004
v 3.74599004 10.31910038 0.02461000
v 4.46815014 10.02869987 2.27029991
v 5.94974995 9.22990036 2.28889990
v 3.74599004 -10.40919971 0.02460000
v 5.94974995 -9.31999969 2.28889990
v 4.46815014 -10.11880016 2.27029991
v 7.06210995 -8.51270008 0.02481000
v 7.26406002 -8.31579971 2.23212004
v 5.94974995 -9.31999969 2.28889990
v 3.74599004 -10.40919971 0.02460000
v 7.06210995 -8.51270008 0.02481000
v 5.94974995 -9.31999969 2.28889990
v -10.82211018 -1.98460996 0.02984000
v -10.19165039 -1.98888004 -3.67597008
v -10.43772030 -3.51469994 0.02983000
v -10.43772030 -3.51469994 0.02983000
v -10.19165039 -1.98888004 -3.67597008
v -9.53205967 -5.59779978 0.02983000
v -9.53205967 -5.59779978 0.02983000
v -10.19165039 -1.98888004 -3.67597008
v -8.96560001 -5.58339977 -3.22972012
v -7.38981009 -8.03499985 28.76240921
v -8.03264046 -7.96881008 30.76627922
v -8.31527996 -6.58319998 28.80709076
v -8.31527996 -6.58319998 28.80709076
v -8.03264046 -7.96881008 30.76627922
v -8.78182030 -6.99550009 32.00490952
v -0.90309000 -11.03680038 27.80257988
v -1.57110000 -11.09010029 28.61199951
v -3.41359997 -10.76657963 27.95694923
v -1.22461998 -10.88650036 26.70466042
v -0.22463000 -11.03629971 27.71228027
v -0.90309000 -11.03680038 27.80257988
v -0.26995000 -10.87759972 26.46784019
v 0.63859999 -10.87860012 26.55728912
v -0.22463000 -11.03629971 27.71228027
v -0.26995000 -10.87759972 26.46784019
v 0.63859999 -10.87860012 26.55728912
v 0.52447999 -11.09010029 28.31063080
v -0.22463000 -11.03629971 27.71228027
v 1.22528994 -10.88770008 26.75025940
v 8.61264992 -5.22370005 29.45177078
v 8.35498047 -6.50680017 28.91394043
v 7.96325016 -5.71199989 25.97039986
v 8.61264992 -5.22370005 29.45177078
v 7.96325016 -5.71199989 25.97039986
v 8.25683022 -3.85270000 26.51528931
v 8.61264992 -5.22370005 29.45177078
v 8.25683022 -3.85270000 26.51528931
v 8.64029026 -4.00260019 29.54615974
v 8.25683022 -3.85270000 26.51528931
v 8.32435989 -1.73106003 26.06027031
v 8.64029026 -4.00260019 29.54615974
v 8.32435989 -1.73106003 26.06027031
v 8.65655994 -1.93718004 29.60358047
v 8.64029026 -4.00260019 29.54615974
v 8.35632038 -0.05477000 25.91333008
v 8.65655994 -1.93718004 29.60358047
v 8.32435989 -1.73106003 26.06027031
v 8.65655994 -1.93718004 29.60358047
v -8.62534046 -5.22809982 29.42573929
v -8.65377045 -3.94260001 29.52190971
v -8.25862980 -3.89249992 26.86289978
v -7.38981009 -8.03499985 28.76240921
v -7.87333012 -5.98229980 26.22347069
v -6.92827988 -7.93410015 26.71059036
v -7.87333012 -5.98229980 26.22347069
v -7.38981009 -8.03499985 28.76240921
v -8.31527996 -6.58319998 28.80709076
v -8.31527996 -6.58319998 28.80709076
v -8.25862980 -3.89249992 26.86289978
v -7.87333012 -5.98229980 26.22347069
v -8.25862980 -3.89249992 26.86289978
v -8.31527996 -6.58319998 28.80709076
v -8.62534046 -5.22809982 29.42573929
v -6.92827988 -7.93410015 26.71059036
v -5.42738008 -9.92590046 28.97488976
v -7.38981009 -8.03499985 28.76240921
v -3.41359997 -10.76657963 27.95694923
v -3.12402010 -10.63996029 26.98724937
v -1.22461998 -10.88650036 26.70466042
v -3.41359997 -10.76657963 27.95694923
v -5.11935997 -9.78800011 27.34444046
v -3.12402010 -10.63996029 26.98724937
v -0.90309000 -11.03680038 27.80257988
v -3.41359997 -10.76657963 27.95694923
v -1.22461998 -10.88650036 26.70466042
v -4.54688978 -10.86170959 30.16367912
v -5.42738008 -9.92590046 28.97488976
v -5.11935997 -9.78800011 27.34444046
v -5.11935997 -9.78800011 27.34444046
v -3.41359997 -10.76657963 27.95694923
v -4.54688978 -10.86170959 30.16367912
v -3.75640988 -10.80780029 28.67627907
v -4.54688978 -10.86170959 30.16367912
v -3.41359997 -10.76657963 27.95694923
v 5.01207018 -10.00026035 28.28688049
v 2.85645008 -10.71490002 26.98417091
v 5.02005005 -9.81260014 27.17791939
v 2.85645008 -10.71490002 26.98417091
v 0.52447999 -11.09010029 28.31063080
v 1.22528994 -10.88770008 26.75025940
v 2.85645008 -10.71490002 26.98417091
v 5.01207018 -10.00026035 28.28688049
v 3.48541999 -10.90740967 28.47776031
v 3.48541999 -10.90740967 28.47776031
v 5.01207018 -10.00026035 28.28688049
v 5.32403994 -10.21160030 29.55953026
v 5.01207018 -10.00026035 28.28688049
v 6.86779022 -7.98360014 26.51642036
v 7.13754988 -8.12150002 28.36388016
v 5.01207018 -10.00026035 28.28688049
v 7.13754988 -8.12150002 28.36388016
v 5.32403994 -10.21160030 29.55953026
v 8.35498047 -6.50680017 28.91394043
v 6.86779022 -7.98360014 26.51642036
v 7.96325016 -5.71199989 25.97039986
v 6.86779022 -7.98360014 26.51642036
v 8.35498047 -6.50680017 28.91394043
v 7.13754988 -8.12150002 28.36388016
v 3.74711990 -11.09010029 32.02980042
v 4.88535023 -10.83804989 32.02972031
v 3.59494996 -11.09010029 33.08834076
v 4.40938997 -10.86170006 34.15819168
v 3.59494996 -11.09010029 33.08834076
v 4.88535023 -10.83804989 32.02972031
v 4.40938997 -10.86170006 34.15819168
v 4.88535023 -10.83804989 32.02972031
v 5.86844015 -10.21140003 32.02980042
v 4.40938997 -10.86170006 34.15819168
v 5.86844015 -10.21140003 32.02980042
v 5.66810989 -10.21140003 33.55128098
v 5.08086014 -10.21140003 34.96910095
v 4.40938997 -10.86170006 34.15819168
v 5.66810989 -10.21140003 33.55128098
v 3.59494996 -11.09010029 33.08834076
v 4.40938997 -10.86170006 34.15819168
v 3.15059996 -11.09010029 34.06118011
v 4.40938997 -10.86170006 34.15819168
v 5.08086014 -10.21140003 34.96910095
v 3.04821992 -10.86170006 35.86500931
v 3.04821992 -10.86170006 35.86500931
v 5.08086014 -10.21140003 34.96910095
v 4.14662981 -10.21140003 36.18659973
v 3.04821992 -10.86170006 35.86500931
v 2.45027995 -11.09010029 34.86940002
v 4.40938997 -10.86170006 34.15819168
v 4.40938997 -10.86170006 34.15819168
v 2.45027995 -11.09010029 34.86940002
v 3.15059996 -11.09010029 34.06118011
v 2.92914009 -10.21140957 37.12083054
v 3.04821992 -10.86170006 35.86500931
v 4.14662981 -10.21140003 36.18659973
v 2.45027995 -11.09010029 34.86940002
v 3.04821992 -10.86170006 35.86500931
v 1.55063999 -11.09010983 35.44760132
v 1.08132994 -10.86170006 36.81224060
v 1.55063999 -11.09010983 35.44760132
v 3.04821992 -10.86170006 35.86500931
v 3.04821992 -10.86170006 35.86500931
v 2.92914009 -10.21140957 37.12083054
v 1.08132994 -10.86170006 36.81224060
v 1.08132994 -10.86170006 36.81224060
v 2.92914009 -10.21140957 37.12083054
v 1.51124001 -10.21140957 37.70814896
v 1.55063999 -11.09010983 35.44760132
v 1.08132994 -10.86170006 36.81224060
v 0.52455002 -11.09010983 35.74890137
v -0.01023000 -10.21140957 37.90848160
v 1.08132994 -10.86170006 36.81224060
v 1.51124001 -10.21140957 37.70814896
v -1.10179996 -10.86170006 36.81224060
v -0.54501998 -11.09010983 35.74890137
v 1.08132994 -10.86170006 36.81224060
v 0.52455002 -11.09010983 35.74890137
v 1.08132994 -10.86170006 36.81224060
v -0.01023000 -10.21140957 37.90848160
v -1.10179996 -10.86170006 36.81224060
v -1.53171003 -10.21140957 37.70814896
v -1.10179996 -10.86170006 36.81224060
v -0.01023000 -10.21140957 37.90848160
v -0.54501998 -11.09010983 35.74890137
v -1.10179996 -10.86170006 36.81224060
v -1.57110000 -11.09010983 35.44760132
v -3.06868005 -10.86170006 35.86500931
v -1.57110000 -11.09010983 35.44760132
v -1.10179996 -10.86170006 36.81224060
v -1.10179996 -10.86170006 36.81224060
v -1.53171003 -10.21140957 37.70814896
v -3.06868005 -10.86170006 35.86500931
v -3.06868005 -10.86170006 35.86500931
v -1.53171003 -10.21140957 37.70814896
v -2.94959998 -10.21140957 37.12083054
v -1.57110000 -11.09010983 35.44760132
v -3.06868005 -10.86170006 35.86500931
v -2.47075009 -11.09010983 34.86940002
v -4.16709995 -10.21140957 36.18659973
v -3.06868005 -10.86170006 35.86500931
v -2.94959998 -10.21140957 37.12083054
v -3.06868005 -10.86170006 35.86500931
v -4.16709995 -10.21140957 36.18659973
v -4.42986012 -10.86170006 34.15819168
v -4.42986012 -10.86170006 34.15819168
v -4.16709995 -10.21140957 36.18659973
v -5.10132980 -10.21140003 34.96910095
v -4.42986012 -10.86170006 34.15819168
v -3.17113996 -11.09010983 34.06110001
v -3.06868005 -10.86170006 35.86500931
v -3.06868005 -10.86170006 35.86500931
v -3.17113996 -11.09010983 34.06110001
v -2.47075009 -11.09010983 34.86940002
v -3.17113996 -11.09010983 34.06110001
v -4.42986012 -10.86170006 34.15819168
v -3.61542010 -11.09010983 33.08834076
v -5.68858004 -10.21140003 33.55128098
v -4.42986012 -10.86170006 34.15819168
v -5.10132980 -10.21140003 34.96910095
v -4.42986012 -10.86170006 34.15819168
v -4.90580988 -10.83806038 32.02973938
v -3.76759005 -11.09010983 32.02980042
v -4.42986012 -10.86170006 34.15819168
v -3.76759005 -11.09010983 32.02980042
v -3.61542010 -11.09010983 33.08834076
v -4.42986012 -10.86170006 34.15819168
v -5.68858004 -10.21140003 33.55128098
v -4.90580988 -10.83806038 32.02973938
v -5.88890982 -10.21140003 32.02980042
v -4.90580988 -10.83806038 32.02973938
v -5.68858004 -10.21140003 33.55128098
v 0.52455002 -11.09010983 35.74890137
v -0.54501998 -11.09010983 35.74890137
v 1.55063999 -11.09010983 35.44760132
v -1.57110000 -11.09010983 35.44760132
v 2.45027995 -11.09010029 34.86940002
v -2.47075009 -11.09010983 34.86940002
v 3.15059996 -11.09010029 34.06118011
v -3.17113996 -11.09010983 34.06110001
v 3.59494996 -11.09010029 33.08834076
v -3.61542010 -11.09010983 33.08834076
v 3.74711990 -11.09010029 32.02980042
v -3.76759005 -11.09010983 32.02980042
v 3.59488010 -11.09010029 30.97118950
v -3.61535001 -11.09010983 30.97118950
v 3.15067005 -11.09010029 29.99835968
v -3.17113996 -11.09010983 29.99835968
v 2.45035005 -11.09010029 29.19013023
v -2.47081995 -11.09010029 29.19013023
v 1.55062997 -11.09010029 28.61199951
v -1.57110000 -11.09010029 28.61199951
v 0.52447999 -11.09010029 28.31063080
v -0.90309000 -11.03680038 27.80257988
v 0.52447999 -11.09010029 28.31063080
v -1.57110000 -11.09010029 28.61199951
v -3.76759005 -11.09010983 32.02980042
v -4.90580988 -10.83806038 32.02973938
v -3.61535001 -11.09010983 30.97118950
v -4.54688978 -10.86170959 30.16367912
v -3.61535001 -11.09010983 30.97118950
v -4.90580988 -10.83806038 32.02973938
v -4.54688978 -10.86170959 30.16367912
v -4.90580988 -10.83806038 32.02973938
v -5.88890982 -10.21140003 32.02980042
v -4.54688978 -10.86170959 30.16367912
v -5.88890982 -10.21140003 32.02980042
v -5.75440979 -10.21140003 30.77964020
v -5.42738008 -9.92590046 28.97488976
v -4.54688978 -10.86170959 30.16367912
v -5.75440979 -10.21140003 30.77964020
v -3.61535001 -11.09010983 30.97118950
v -4.54688978 -10.86170959 30.16367912
v -3.17113996 -11.09010983 29.99835968
v -3.75640988 -10.80780029 28.67627907
v -3.17113996 -11.09010983 29.99835968
v -4.54688978 -10.86170959 30.16367912
v -3.17113996 -11.09010983 29.99835968
v -3.75640988 -10.80780029 28.67627907
v -2.47081995 -11.09010029 29.19013023
v -3.41359997 -10.76657963 27.95694923
v -2.47081995 -11.09010029 29.19013023
v -3.75640988 -10.80780029 28.67627907
v -2.47081995 -11.09010029 29.19013023
v -3.41359997 -10.76657963 27.95694923
v -1.57110000 -11.09010029 28.61199951
v -0.90309000 -11.03680038 27.80257988
v -0.22463000 -11.03629971 27.71228027
v 0.52447999 -11.09010029 28.31063080
v 1.55062997 -11.09010029 28.61199951
v 0.52447999 -11.09010029 28.31063080
v 2.85645008 -10.71490002 26.98417091
v 3.48541999 -10.90740967 28.47776031
v 1.55062997 -11.09010029 28.61199951
v 2.85645008 -10.71490002 26.98417091
v 1.55062997 -11.09010029 28.61199951
v 3.48541999 -10.90740967 28.47776031
v 2.45035005 -11.09010029 29.19013023
v 2.45035005 -11.09010029 29.19013023
v 3.48541999 -10.90740967 28.47776031
v 3.15067005 -11.09010029 29.99835968
v 4.52677011 -10.86170006 30.16473961
v 3.48541999 -10.90740967 28.47776031
v 5.32403994 -10.21160030 29.55953026
v 4.52677011 -10.86170006 30.16473961
v 3.15067005 -11.09010029 29.99835968
v 3.48541999 -10.90740967 28.47776031
v 3.59488010 -11.09010029 30.97118950
v 5.73084021 -10.21140003 30.76506996
v 4.52677011 -10.86170006 30.16473961
v 5.32403994 -10.21160030 29.55953026
v 4.52677011 -10.86170006 30.16473961
v 5.73084021 -10.21140003 30.76506996
v 4.88535023 -10.83804989 32.02972031
v 4.52677011 -10.86170006 30.16473961
v 4.88535023 -10.83804989 32.02972031
v 3.74711990 -11.09010029 32.02980042
v 4.52677011 -10.86170006 30.16473961
v 3.74711990 -11.09010029 32.02980042
v 3.59488010 -11.09010029 30.97118950
v 5.86844015 -10.21140003 32.02980042
v 4.88535023 -10.83804989 32.02972031
v 5.73084021 -10.21140003 30.76506996
v 5.73084021 -10.21140003 30.76506996
v 5.32403994 -10.21160030 29.55953026
v 7.13754988 -8.12150002 28.36388016
v 8.00926971 -7.96880007 30.74781990
v 5.73084021 -10.21140003 30.76506996
v 7.13754988 -8.12150002 28.36388016
v 5.73084021 -10.21140003 30.76506996
v 8.00926971 -7.96880007 30.74781990
v 5.86844015 -10.21140003 32.02980042
v 8.09008980 -7.96880007 32.61323929
v 5.86844015 -10.21140003 32.02980042
v 8.00926971 -7.96880007 30.74781990
v 5.86844015 -10.21140003 32.02980042
v 8.09008980 -7.96880007 32.61323929
v 5.66810989 -10.21140003 33.55128098
v 7.74269009 -7.96880007 34.44781876
v 5.66810989 -10.21140003 33.55128098
v 8.09008980 -7.96880007 32.61323929
v 5.66810989 -10.21140003 33.55128098
v 7.74269009 -7.96880007 34.44781876
v 5.08086014 -10.21140003 34.96910095
v 6.98559999 -7.96880007 36.15456009
v 5.08086014 -10.21140003 34.96910095
v 7.74269009 -7.96880007 34.44781876
v 5.08086014 -10.21140003 34.96910095
v 6.98559999 -7.96880007 36.15456009
v 4.14662981 -10.21140003 36.18659973
v 5.85861015 -7.96880007 37.64331055
v 4.42149019 -7.96880007 38.83535004
v 4.14662981 -10.21140003 36.18659973
v 5.85861015 -7.96880007 37.64331055
v 4.14662981 -10.21140003 36.18659973
v 4.42149019 -7.96880007 38.83535004
v 2.92914009 -10.21140957 37.12083054
v 2.75003004 -7.96880007 39.66762161
v 2.92914009 -10.21140957 37.12083054
v 4.42149019 -7.96880007 38.83535004
v 2.92914009 -10.21140957 37.12083054
v 2.75003004 -7.96880007 39.66762161
v 1.51124001 -10.21140957 37.70814896
v 0.93269002 -7.96880007 40.09619141
v 1.51124001 -10.21140957 37.70814896
v 2.75003004 -7.96880007 39.66762161
v 1.51124001 -10.21140957 37.70814896
v 0.93269002 -7.96880007 40.09619141
v -0.01023000 -10.21140957 37.90848160
v -0.93471003 -7.96880007 40.09867096
v -0.01023000 -10.21140957 37.90848160
v 0.93269002 -7.96880007 40.09619141
v -0.01023000 -10.21140957 37.90848160
v -0.93471003 -7.96880007 40.09867096
v -1.53171003 -10.21140957 37.70814896
v -2.75254011 -7.96880007 39.67383957
v -1.53171003 -10.21140957 37.70814896
v -0.93471003 -7.96880007 40.09867096
v -1.53171003 -10.21140957 37.70814896
v -2.75254011 -7.96880007 39.67383957
v -2.94959998 -10.21140957 37.12083054
v -4.42625999 -7.96880007 38.84582138
v -2.94959998 -10.21140957 37.12083054
v -2.75254011 -7.96880007 39.67383957
v -2.94959998 -10.21140957 37.12083054
v -4.42625999 -7.96880007 38.84582138
v -4.16709995 -10.21140957 36.18659973
v -5.86570978 -7.96881008 37.65666962
v -4.16709995 -10.21140957 36.18659973
v -4.42625999 -7.96880007 38.84582138
v -4.16709995 -10.21140957 36.18659973
v -5.86570978 -7.96881008 37.65666962
v -5.10132980 -10.21140003 34.96910095
v -6.99652004 -7.96881008 36.17089844
v -7.75792980 -7.96880007 34.46620941
v -5.10132980 -10.21140003 34.96910095
v -6.99652004 -7.96881008 36.17089844
v -5.10132980 -10.21140003 34.96910095
v -7.75792980 -7.96880007 34.46620941
v -5.68858004 -10.21140003 33.55128098
v -8.10921955 -7.96881008 32.63196945
v -5.68858004 -10.21140003 33.55128098
v -7.75792980 -7.96880007 34.46620941
v -5.68858004 -10.21140003 33.55128098
v -8.10921955 -7.96881008 32.63196945
v -5.88890982 -10.21140003 32.02980042
v -8.03264046 -7.96881008 30.76627922
v -5.88890982 -10.21140003 32.02980042
v -8.10921955 -7.96881008 32.63196945
v -5.88890982 -10.21140003 32.02980042
v -8.03264046 -7.96881008 30.76627922
v -5.75440979 -10.21140003 30.77964020
v -8.03264046 -7.96881008 30.76627922
v -7.38981009 -8.03499985 28.76240921
v -5.75440979 -10.21140003 30.77964020
v -5.42738008 -9.92590046 28.97488976
v -5.75440979 -10.21140003 30.77964020
v -7.38981009 -8.03499985 28.76240921
v 7.13754988 -8.12150002 28.36388016
v 8.35498047 -6.50680017 28.91394043
v 8.00926971 -7.96880007 30.74781990
v 8.76128006 -6.99550009 32.07894897
v 8.35498047 -6.50680017 28.91394043
v 8.95977020 -5.84749985 31.29569054
v 8.76128006 -6.99550009 32.07894897
v 8.00926971 -7.96880007 30.74781990
v 8.35498047 -6.50680017 28.91394043
v 8.00926971 -7.96880007 30.74781990
v 8.76128006 -6.99550009 32.07894897
v 8.09008980 -7.96880007 32.61323929
v 8.90305996 -5.84749985 33.27614975
v 8.76128006 -6.99550009 32.07894897
v 8.95977020 -5.84749985 31.29569054
v 8.76128006 -6.99550009 32.07894897
v 8.90305996 -5.84749985 33.27614975
v 8.07594967 -6.99550009 35.42908096
v 8.07594967 -6.99550009 35.42908096
v 8.90305996 -5.84749985 33.27614975
v 8.41431046 -5.84749985 35.19623184
v 8.07594967 -6.99550009 35.42908096
v 7.74269009 -7.96880007 34.44781876
v 8.76128006 -6.99550009 32.07894897
v 8.76128006 -6.99550009 32.07894897
v 7.74269009 -7.96880007 34.44781876
v 8.09008980 -7.96880007 32.61323929
v 7.74269009 -7.96880007 34.44781876
v 8.07594967 -6.99550009 35.42908096
v 6.98559999 -7.96880007 36.15456009
v 7.51734018 -5.84749985 36.96279144
v 8.07594967 -6.99550009 35.42908096
v 8.41431046 -5.84749985 35.19623184
v 8.07594967 -6.99550009 35.42908096
v 7.51734018 -5.84749985 36.96279144
v 6.16174984 -6.99550009 38.26266861
v 6.16174984 -6.99550009 38.26266861
v 5.85861015 -7.96880007 37.64331055
v 8.07594967 -6.99550009 35.42908096
v 8.07594967 -6.99550009 35.42908096
v 5.85861015 -7.96880007 37.64331055
v 6.98559999 -7.96880007 36.15456009
v 6.25565004 -5.84749985 38.49036026
v 6.16174984 -6.99550009 38.26266861
v 7.51734018 -5.84749985 36.96279144
v 5.85861015 -7.96880007 37.64331055
v 6.16174984 -6.99550009 38.26266861
v 4.42149019 -7.96880007 38.83535004
v 3.30948997 -6.99550009 40.14902115
v 4.42149019 -7.96880007 38.83535004
v 6.16174984 -6.99550009 38.26266861
v 6.16174984 -6.99550009 38.26266861
v 6.25565004 -5.84749985 38.49036026
v 3.30948997 -6.99550009 40.14902115
v 3.30948997 -6.99550009 40.14902115
v 6.25565004 -5.84749985 38.49036026
v 4.69025993 -5.84749985 39.70473099
v 4.42149019 -7.96880007 38.83535004
v 3.30948997 -6.99550009 40.14902115
v 2.75003004 -7.96880007 39.66762161
v 2.89703989 -5.84749985 40.54732895
v 3.30948997 -6.99550009 40.14902115
v 4.69025993 -5.84749985 39.70473099
v -0.04722000 -6.99550009 40.80131912
v 0.93269002 -7.96880007 40.09619141
v 3.30948997 -6.99550009 40.14902115
v 3.30948997 -6.99550009 40.14902115
v 0.93269002 -7.96880007 40.09619141
v 2.75003004 -7.96880007 39.66762161
v 3.30948997 -6.99550009 40.14902115
v 2.89703989 -5.84749985 40.54732895
v -0.04722000 -6.99550009 40.80131912
v -0.04722000 -6.99550009 40.80131912
v 2.89703989 -5.84749985 40.54732895
v 0.96294999 -5.84749985 40.97695923
v 0.93269002 -7.96880007 40.09619141
v -0.04722000 -6.99550009 40.80131912
v -0.93471003 -7.96880007 40.09867096
v -1.01800001 -5.84749985 40.97280121
v -0.04722000 -6.99550009 40.80131912
v 0.96294999 -5.84749985 40.97695923
v -3.39861989 -6.99551010 40.12094116
v -2.75254011 -7.96880007 39.67383957
v -0.04722000 -6.99550009 40.80131912
v -0.04722000 -6.99550009 40.80131912
v -2.75254011 -7.96880007 39.67383957
v -0.93471003 -7.96880007 40.09867096
v -0.04722000 -6.99550009 40.80131912
v -1.01800001 -5.84749985 40.97280121
v -3.39861989 -6.99551010 40.12094116
v -3.39861989 -6.99551010 40.12094116
v -1.01800001 -5.84749985 40.97280121
v -2.95094991 -5.84749985 40.53607941
v -4.74084997 -5.84749985 39.68664169
v -3.39861989 -6.99551010 40.12094116
v -2.95094991 -5.84749985 40.53607941
v -2.75254011 -7.96880007 39.67383957
v -3.39861989 -6.99551010 40.12094116
v -4.42625999 -7.96880007 38.84582138
v -6.23433018 -6.99551010 38.21012115
v -4.42625999 -7.96880007 38.84582138
v -3.39861989 -6.99551010 40.12094116
v -3.39861989 -6.99551010 40.12094116
v -4.74084997 -5.84749985 39.68664169
v -6.23433018 -6.99551010 38.21012115
v -6.23433018 -6.99551010 38.21012115
v -4.74084997 -5.84749985 39.68664169
v -6.30114985 -5.84749985 38.46575165
v -4.42625999 -7.96880007 38.84582138
v -6.23433018 -6.99551010 38.21012115
v -5.86570978 -7.96881008 37.65666962
v -7.55740023 -5.84749985 36.93373108
v -6.23433018 -6.99551010 38.21012115
v -6.30114985 -5.84749985 38.46575165
v -6.23433018 -6.99551010 38.21012115
v -7.55740023 -5.84749985 36.93373108
v -8.12485027 -6.99550009 35.36077118
v -8.12485027 -6.99550009 35.36077118
v -6.99652004 -7.96881008 36.17089844
v -6.23433018 -6.99551010 38.21012115
v -6.23433018 -6.99551010 38.21012115
v -6.99652004 -7.96881008 36.17089844
v -5.86570978 -7.96881008 37.65666962
v -8.44686985 -5.84749985 35.16320038
v -8.12485027 -6.99550009 35.36077118
v -7.55740023 -5.84749985 36.93373108
v -6.99652004 -7.96881008 36.17089844
v -8.12485027 -6.99550009 35.36077118
v -7.75792980 -7.96880007 34.46620941
v -8.78182030 -6.99550009 32.00490952
v -8.10921955 -7.96881008 32.63196945
v -8.12485027 -6.99550009 35.36077118
v -7.75792980 -7.96880007 34.46620941
v -8.12485027 -6.99550009 35.36077118
v -8.44686985 -5.84749985 35.16320038
v -8.78182030 -6.99550009 32.00490952
v -8.78182030 -6.99550009 32.00490952
v -8.44686985 -5.84749985 35.16320038
v -8.92798996 -5.84749985 33.24100876
v -8.97733974 -5.84749985 31.26040077
v -8.78182030 -6.99550009 32.00490952
v -8.92798996 -5.84749985 33.24100876
v -8.10921955 -7.96881008 32.63196945
v -8.78182030 -6.99550009 32.00490952
v -8.03264046 -7.96881008 30.76627922
v -8.78182030 -6.99550009 32.00490952
v -8.97733974 -5.84749985 31.26040077
v -8.31527996 -6.58319998 28.80709076
v -8.31527996 -6.58319998 28.80709076
v -8.97733974 -5.84749985 31.26040077
v -8.62534046 -5.22809982 29.42573929
v 8.35498047 -6.50680017 28.91394043
v 8.61264992 -5.22370005 29.45177078
v 8.95977020 -5.84749985 31.29569054
v 8.95977020 -5.84749985 31.29569054
v 8.61264992 -5.22370005 29.45177078
v 8.64029026 -4.00260019 29.54615974
v 8.95977020 -5.84749985 31.29569054
v 8.64029026 -4.00260019 29.54615974
v 8.65655994 -1.93718004 29.60358047
v -6.65746021 -8.51410007 -2.38896990
v -3.54576993 -10.42669964 -1.25646996
v -7.06228018 -8.49030018 0.02983000
v -7.06228018 -8.49030018 0.02983000
v -9.53205967 -5.59779978 0.02983000
v -6.65746021 -8.51410007 -2.38896990
v -0.01023000 -11.09010029 0.02976000
v -3.75605989 -10.38409996 0.02976000
v -3.54576993 -10.42669964 -1.25646996
v -3.54576993 -10.42669964 -1.25646996
v -3.75605989 -10.38409996 0.02976000
v -7.06228018 -8.49030018 0.02983000
v -8.96560001 -5.58339977 -3.22972012
v -6.65746021 -8.51410007 -2.38896990
v -9.53205967 -5.59779978 0.02983000
v -2.89297009 -10.42669964 -2.38769007
v -0.01023000 -11.09010029 0.02976000
v -3.54576993 -10.42669964 -1.25646996
v -3.54576993 -10.42669964 -1.25646996
v -6.65746021 -8.51410007 -2.38896990
v -2.89297009 -10.42669964 -2.38769007
v -5.42970991 -8.51410007 -4.51616001
v -6.65746021 -8.51410007 -2.38896990
v -8.96560001 -5.58339977 -3.22972012
v -5.42970991 -8.51410007 -4.51616001
v -8.96560001 -5.58339977 -3.22972012
v -10.19165039 -1.98888004 -3.67597008
v -7.31067991 -5.58339977 -6.09604979
v -7.31067991 -5.58339977 -6.09604979
v -8.31017971 -1.98888004 -6.93474007
v -1.89268994 -10.42669964 -3.22760010
v -0.01023000 -11.09010029 0.02976000
v -2.89297009 -10.42669964 -2.38769007
v -2.89297009 -10.42669964 -2.38769007
v -5.42970991 -8.51410007 -4.51616001
v -1.89268994 -10.42669964 -3.22760010
v -3.54852009 -8.51410007 -6.09527016
v -5.42970991 -8.51410007 -4.51616001
v -7.31067991 -5.58339977 -6.09604979
v -3.54852009 -8.51410007 -6.09527016
v -7.31067991 -5.58339977 -6.09604979
v -8.31017971 -1.98888004 -6.93474007
v -4.77528000 -5.58339977 -8.22358036
v -4.77528000 -5.58339977 -8.22358036
v -5.42765999 -1.98888004 -9.35354042
v -1.89268994 -10.42669964 -3.22760010
v -3.54852009 -8.51410007 -6.09527016
v -0.66557997 -10.42669964 -3.67491007
v -0.66557997 -10.42669964 -3.67491007
v -0.01023000 -11.09010029 0.02976000
v -1.89268994 -10.42669964 -3.22760010
v -1.24073994 -8.51410007 -6.93594980
v -3.54852009 -8.51410007 -6.09527016
v -4.77528000 -5.58339977 -8.22358036
v -1.24073994 -8.51410007 -6.93594980
v -4.77528000 -5.58339977 -8.22358036
v -5.42765999 -1.98888004 -9.35354042
v -1.66514003 -5.58339977 -9.35552025
v -1.66514003 -5.58339977 -9.35552025
v -1.89170003 -1.98888004 -10.64048004
v 0.64045000 -10.42669964 -3.67576003
v -0.01023000 -11.09010029 0.02976000
v -0.66557997 -10.42669964 -3.67491007
v -0.66557997 -10.42669964 -3.67491007
v -1.24073994 -8.51410007 -6.93594980
v 0.64045000 -10.42669964 -3.67576003
v 1.21531999 -8.51410007 -6.93680000
v -1.24073994 -8.51410007 -6.93594980
v -1.66514003 -5.58339977 -9.35552025
v 1.21531999 -8.51410007 -6.93680000
v 1.64468002 -5.58339977 -9.35552025
v -1.66514003 -5.58339977 -9.35552025
v -1.89170003 -1.98888004 -10.64048004
v 1.64468002 -5.58339977 -9.35552025
v 1.87123001 -1.98888004 -10.64046955
v 0.64045000 -10.42669964 -3.67576003
v 1.21531999 -8.51410007 -6.93680000
v 1.86812997 -10.42669964 -3.23000002
v 1.86812997 -10.42669964 -3.23000002
v -0.01023000 -11.09010029 0.02976000
v 0.64045000 -10.42669964 -3.67576003
v 1.21531999 -8.51410007 -6.93680000
v 1.64468002 -5.58339977 -9.35552025
v 3.52367997 -8.51410007 -6.09781981
v 3.52367997 -8.51410007 -6.09781981
v 4.75481987 -5.58339977 -8.22358036
v 1.64468002 -5.58339977 -9.35552025
v 1.87123001 -1.98888004 -10.64046955
v 4.75481987 -5.58339977 -8.22358036
v 5.40718985 -1.98888004 -9.35354042
v 2.86939001 -10.42669964 -2.39137006
v -0.01023000 -11.09010029 0.02976000
v 1.86812997 -10.42669964 -3.23000002
v 1.86812997 -10.42669964 -3.23000002
v 3.52367997 -8.51410007 -6.09781981
v 2.86939001 -10.42669964 -2.39137006
v 5.40599012 -8.51410007 -4.51996994
v 2.86939001 -10.42669964 -2.39137006
v 3.52367997 -8.51410007 -6.09781981
v 3.52367997 -8.51410007 -6.09781981
v 4.75481987 -5.58339977 -8.22358036
v 5.40599012 -8.51410007 -4.51996994
v 7.29021978 -5.58339977 -6.09603977
v 4.75481987 -5.58339977 -8.22358036
v 5.40718985 -1.98888004 -9.35354042
v 7.29021978 -5.58339977 -6.09603977
v 8.28971004 -1.98888004 -6.93474007
v 2.86939001 -10.42669964 -2.39137006
v 5.40599012 -8.51410007 -4.51996994
v 3.52366996 -10.42669964 -1.26092005
v 3.52366996 -10.42669964 -1.26092005
v -0.01023000 -11.09010029 0.02976000
v 2.86939001 -10.42669964 -2.39137006
v 6.63523006 -8.51410007 -2.39369988
v 5.40599012 -8.51410007 -4.51996994
v 7.29021978 -5.58339977 -6.09603977
v 6.63523006 -8.51410007 -2.39369988
v 7.29021978 -5.58339977 -6.09603977
v 8.28971004 -1.98888004 -6.93474007
v 8.94513035 -5.58339977 -3.22972012
v 8.94513035 -5.58339977 -3.22972012
v 10.17117977 -1.98888004 -3.67597008
v 3.52366996 -10.42669964 -1.26092005
v 6.63523006 -8.51410007 -2.39369988
v 3.74599004 -10.40919971 0.02460000
v 3.74599004 -10.40919971 0.02460000
v -0.01023000 -11.09010029 0.02976000
v 3.52366996 -10.42669964 -1.26092005
v 6.63523006 -8.51410007 -2.39369988
v 8.94513035 -5.58339977 -3.22972012
v 7.06210995 -8.51270008 0.02481000
v 7.06210995 -8.51270008 0.02481000
v 3.74599004 -10.40919971 0.02460000
v 6.63523006 -8.51410007 -2.39369988
v 8.94513035 -5.58339977 -3.22972012
v 10.17117977 -1.98888004 -3.67597008
v 9.50642967 -5.57620001 0.02976000
v 8.94513035 -5.58339977 -3.22972012
v 9.50642967 -5.57620001 0.02976000
v 7.06210995 -8.51270008 0.02481000
v 10.80891991 -1.98570001 0.02976000
v 8.28384018 -3.80310011 24.13418961
v 8.32435989 -1.73106003 26.06027031
v 8.25683022 -3.85270000 26.51528931
v 8.32435989 -1.73106003 26.06027031
v 8.60947037 -2.33540010 21.80617905
v 8.35632038 -0.05477000 25.91333008
v 8.32435989 -1.73106003 26.06027031
v 8.28384018 -3.80310011 24.13418961
v 8.60947037 -2.33540010 21.80617905
v 8.35632038 -0.05477000 25.91333008
v 8.60947037 -2.33540010 21.80617905
v 8.78052044 -0.89296001 21.66892052
v 8.25739956 -4.04790020 21.48409081
v 8.60947037 -2.33540010 21.80617905
v 8.28384018 -3.80310011 24.13418961
v 8.60947037 -2.33540010 21.80617905
v 8.25739956 -4.04790020 21.48409081
v 8.92801952 -2.88240004 17.45088959
v 8.92801952 -2.88240004 17.45088959
v 8.25739956 -4.04790020 21.48409081
v 8.23526955 -4.50729990 18.53410912
v 8.92801952 -2.88240004 17.45088959
v 8.78052044 -0.89296001 21.66892052
v 8.60947037 -2.33540010 21.80617905
v 8.78052044 -0.89296001 21.66892052
v 8.92801952 -2.88240004 17.45088959
v 9.25393009 -1.21342003 17.34107971
v 8.32520962 -4.99490023 15.26346016
v 8.92801952 -2.88240004 17.45088959
v 8.23526955 -4.50729990 18.53410912
v 8.92801952 -2.88240004 17.45088959
v 8.32520962 -4.99490023 15.26346016
v 9.35575008 -3.28920007 13.09560966
v 9.35575008 -3.28920007 13.09560966
v 9.25393009 -1.21342003 17.34107971
v 8.92801952 -2.88240004 17.45088959
v 9.25393009 -1.21342003 17.34107971
v 9.35575008 -3.28920007 13.09560966
v 9.78149986 -1.36852002 13.01323032
v 8.61378002 -5.31020021 11.68500042
v 9.35575008 -3.28920007 13.09560966
v 8.32520962 -4.99490023 15.26346016
v 9.35575008 -3.28920007 13.09560966
v 8.61378002 -5.31020021 11.68500042
v 9.83650970 -3.46070004 8.74032974
v 9.83650970 -3.46070004 8.74032974
v 9.78149986 -1.36852002 13.01323032
v 9.35575008 -3.28920007 13.09560966
v 10.30603027 -1.32512999 8.68544960
v 9.00644016 -5.47800016 7.87617016
v 9.83650970 -3.46070004 8.74032974
v 8.61378002 -5.31020021 11.68500042
v 9.83650970 -3.46070004 8.74032974
v 9.00644016 -5.47800016 7.87617016
v 10.22010994 -3.56469989 4.38504982
v 10.22010994 -3.56469989 4.38504982
v 10.30603027 -1.32512999 8.68544960
v 9.83650970 -3.46070004 8.74032974
v 10.72605038 -1.27740002 4.35414982
v 9.32639980 -5.60480022 3.95306993
v 10.22010994 -3.56469989 4.38504982
v 9.00644016 -5.47800016 7.87617016
v 10.22010994 -3.56469989 4.38504982
v 9.32639980 -5.60480022 3.95306993
v 9.50642967 -5.57620001 0.02976000
v 9.50642967 -5.57620001 0.02976000
v 10.80891991 -1.98570001 0.02976000
v 10.22010994 -3.56469989 4.38504982
v 10.22010994 -3.56469989 4.38504982
v 10.80891991 -1.98570001 0.02976000
v 10.72605038 -1.27740002 4.35414982
v 5.01207018 -10.00026035 28.28688049
v 5.02005005 -9.81260014 27.17791939
v 6.86779022 -7.98360014 26.51642036
v 4.93555021 -9.54139996 24.90974045
v 5.02005005 -9.81260014 27.17791939
v 2.85645008 -10.71490002 26.98417091
v 4.93555021 -9.54139996 24.90974045
v 6.86779022 -7.98360014 26.51642036
v 5.02005005 -9.81260014 27.17791939
v 2.84804010 -10.42129993 24.73748016
v 2.85645008 -10.71490002 26.98417091
v 1.22528994 -10.88770008 26.75025940
v 2.84804010 -10.42129993 24.73748016
v 1.30045998 -10.62679958 24.50003052
v 2.84804010 -10.42129993 24.73748016
v 1.22528994 -10.88770008 26.75025940
v 6.86779022 -7.98360014 26.51642036
v 6.78704023 -7.74200010 24.30868912
v 7.96325016 -5.71199989 25.97039986
v 6.86779022 -7.98360014 26.51642036
v 4.93555021 -9.54139996 24.90974045
v 6.78704023 -7.74200010 24.30868912
v 7.87951994 -5.61980009 23.80834961
v 8.28384018 -3.80310011 24.13418961
v 7.96325016 -5.71199989 25.97039986
v 7.96325016 -5.71199989 25.97039986
v 8.28384018 -3.80310011 24.13418961
v 8.25683022 -3.85270000 26.51528931
v 7.87951994 -5.61980009 23.80834961
v 7.96325016 -5.71199989 25.97039986
v 6.78704023 -7.74200010 24.30868912
v 4.98816013 -9.14009953 22.64769936
v 6.78704023 -7.74200010 24.30868912
v 4.93555021 -9.54139996 24.90974045
v 4.93555021 -9.54139996 24.90974045
v 2.84804010 -10.42129993 24.73748016
v 4.98816013 -9.14009953 22.64769936
v 2.84804010 -10.42129993 24.73748016
v 1.30045998 -10.62679958 24.50003052
v 3.09609008 -9.98349953 22.49072075
v 3.09609008 -9.98349953 22.49072075
v 1.30045998 -10.62679958 24.50003052
v 1.66399002 -10.23149967 22.07600021
v 3.09609008 -9.98349953 22.49072075
v 4.98816013 -9.14009953 22.64769936
v 2.84804010 -10.42129993 24.73748016
v 6.78704023 -7.74200010 24.30868912
v 4.98816013 -9.14009953 22.64769936
v 6.68359995 -7.52269983 22.10103989
v 6.68359995 -7.52269983 22.10103989
v 7.87951994 -5.61980009 23.80834961
v 6.78704023 -7.74200010 24.30868912
v 7.87951994 -5.61980009 23.80834961
v 6.68359995 -7.52269983 22.10103989
v 7.73767996 -5.67679977 21.64629936
v 7.73767996 -5.67679977 21.64629936
v 8.28384018 -3.80310011 24.13418961
v 7.87951994 -5.61980009 23.80834961
v 8.28384018 -3.80310011 24.13418961
v 7.73767996 -5.67679977 21.64629936
v 8.25739956 -4.04790020 21.48409081
v 4.98816013 -9.14009953 22.64769936
v 3.09609008 -9.98349953 22.49072075
v 5.12194014 -8.70979977 20.38566017
v 5.12194014 -8.70979977 20.38566017
v 3.49200010 -9.50699997 20.24403000
v 5.12194014 -8.70979977 20.38566017
v 3.09609008 -9.98349953 22.49072075
v 3.09609008 -9.98349953 22.49072075
v 1.66399002 -10.23149967 22.07600021
v 3.49200010 -9.50699997 20.24403000
v 3.49200010 -9.50699997 20.24403000
v 1.66399002 -10.23149967 22.07600021
v 2.21228004 -9.79769993 19.47370911
v 6.68359995 -7.52269983 22.10103989
v 5.12194014 -8.70979977 20.38566017
v 6.58863020 -7.35050011 19.89337921
v 6.58863020 -7.35050011 19.89337921
v 7.73767996 -5.67679977 21.64629936
v 6.68359995 -7.52269983 22.10103989
v 7.59137011 -5.83279991 19.48431969
v 8.23526955 -4.50729990 18.53410912
v 7.73767996 -5.67679977 21.64629936
v 7.73767996 -5.67679977 21.64629936
v 8.23526955 -4.50729990 18.53410912
v 8.25739956 -4.04790020 21.48409081
v 7.73767996 -5.67679977 21.64629936
v 6.58863020 -7.35050011 19.89337921
v 7.59137011 -5.83279991 19.48431969
v 5.29914999 -8.34090042 18.12348938
v 6.58863020 -7.35050011 19.89337921
v 5.12194014 -8.70979977 20.38566017
v 5.29914999 -8.34090042 18.12348938
v 3.49200010 -9.50699997 20.24403000
v 2.21228004 -9.79769993 19.47370911
v 3.92878008 -9.09570026 17.99733925
v 3.92878008 -9.09570026 17.99733925
v 2.21228004 -9.79769993 19.47370911
v 2.77767992 -9.47130013 16.66155052
v 3.92878008 -9.09570026 17.99733925
v 5.29914999 -8.34090042 18.12348938
v 3.49200010 -9.50699997 20.24403000
v 6.58863020 -7.35050011 19.89337921
v 5.29914999 -8.34090042 18.12348938
v 6.53254986 -7.24949980 17.68572044
v 6.53254986 -7.24949980 17.68572044
v 7.59137011 -5.83279991 19.48431969
v 6.58863020 -7.35050011 19.89337921
v 7.59137011 -5.83279991 19.48431969
v 6.53254986 -7.24949980 17.68572044
v 7.49152994 -6.03849983 17.32226944
v 7.49152994 -6.03849983 17.32226944
v 8.23526955 -4.50729990 18.53410912
v 7.59137011 -5.83279991 19.48431969
v 8.23526955 -4.50729990 18.53410912
v 7.49152994 -6.03849983 17.32226944
v 8.32520962 -4.99490023 15.26346016
v 5.48222017 -8.12370014 15.86137962
v 6.53254986 -7.24949980 17.68572044
v 5.29914999 -8.34090042 18.12348938
v 5.29914999 -8.34090042 18.12348938
v 3.92878008 -9.09570026 17.99733925
v 5.48222017 -8.12370014 15.86137962
v 3.92878008 -9.09570026 17.99733925
v 2.77767992 -9.47130013 16.66155052
v 4.29923010 -8.85359955 15.75065041
v 4.29923010 -8.85359955 15.75065041
v 5.48222017 -8.12370014 15.86137962
v 3.92878008 -9.09570026 17.99733925
v 6.53254986 -7.24949980 17.68572044
v 5.48222017 -8.12370014 15.86137962
v 6.54520988 -7.24359989 15.47805977
v 6.54520988 -7.24359989 15.47805977
v 7.49152994 -6.03849983 17.32226944
v 6.53254986 -7.24949980 17.68572044
v 7.48771000 -6.24569988 15.16022015
v 8.32520962 -4.99490023 15.26346016
v 7.49152994 -6.03849983 17.32226944
v 7.49152994 -6.03849983 17.32226944
v 6.54520988 -7.24359989 15.47805977
v 7.48771000 -6.24569988 15.16022015
v 3.12557006 -9.44799995 13.61291981
v 4.29923010 -8.85359955 15.75065041
v 2.77767992 -9.47130013 16.66155052
v 5.64083004 -8.11670017 13.59928036
v 6.54520988 -7.24359989 15.47805977
v 5.48222017 -8.12370014 15.86137962
v 5.48222017 -8.12370014 15.86137962
v 4.29923010 -8.85359955 15.75065041
v 5.64083004 -8.11670017 13.59928036
v 4.52889013 -8.84360027 13.50389004
v 5.64083004 -8.11670017 13.59928036
v 4.29923010 -8.85359955 15.75065041
v 4.52889013 -8.84360027 13.50389004
v 6.54520988 -7.24359989 15.47805977
v 5.64083004 -8.11670017 13.59928036
v 6.63742018 -7.33930016 13.27048016
v 6.63742018 -7.33930016 13.27048016
v 7.48771000 -6.24569988 15.16022015
v 6.54520988 -7.24359989 15.47805977
v 8.32520962 -4.99490023 15.26346016
v 7.48771000 -6.24569988 15.16022015
v 8.61378002 -5.31020021 11.68500042
v 7.48771000 -6.24569988 15.16022015
v 6.63742018 -7.33930016 13.27048016
v 7.59221983 -6.42810011 12.99816990
v 7.59221983 -6.42810011 12.99816990
v 8.61378002 -5.31020021 11.68500042
v 7.48771000 -6.24569988 15.16022015
v 3.19084001 -9.74199963 10.35776043
v 4.52889013 -8.84360027 13.50389004
v 3.12557006 -9.44799995 13.61291981
v 5.76894999 -8.27690029 11.33724976
v 6.63742018 -7.33930016 13.27048016
v 5.64083004 -8.11670017 13.59928036
v 5.64083004 -8.11670017 13.59928036
v 4.52889013 -8.84360027 13.50389004
v 5.76894999 -8.27690029 11.33724976
v 4.63474989 -9.01519966 11.25720978
v 4.63474989 -9.01519966 11.25720978
v 6.63742018 -7.33930016 13.27048016
v 5.76894999 -8.27690029 11.33724976
v 6.78223991 -7.50950003 11.06274986
v 6.78223991 -7.50950003 11.06274986
v 7.59221983 -6.42810011 12.99816990
v 6.63742018 -7.33930016 13.27048016
v 7.76900005 -6.58860016 10.83611965
v 8.61378002 -5.31020021 11.68500042
v 7.59221983 -6.42810011 12.99816990
v 7.59221983 -6.42810011 12.99816990
v 6.78223991 -7.50950003 11.06274986
v 7.76900005 -6.58860016 10.83611965
v 9.00644016 -5.47800016 7.87617016
v 5.86526012 -8.54080009 9.07520962
v 6.78223991 -7.50950003 11.06274986
v 5.76894999 -8.27690029 11.33724976
v 5.76894999 -8.27690029 11.33724976
v 4.63474989 -9.01519966 11.25720978
v 5.86526012 -8.54080009 9.07520962
v 4.63474989 -9.01519966 11.25720978
v 3.19084001 -9.74199963 10.35776043
v 4.64916992 -9.29850006 9.01043987
v 4.64916992 -9.29850006 9.01043987
v 5.86526012 -8.54080009 9.07520962
v 4.63474989 -9.01519966 11.25720978
v 6.94848013 -7.72319984 8.85509014
v 7.76900005 -6.58860016 10.83611965
v 6.78223991 -7.50950003 11.06274986
v 6.78223991 -7.50950003 11.06274986
v 5.86526012 -8.54080009 9.07520962
v 6.94848013 -7.72319984 8.85509014
v 7.76900005 -6.58860016 10.83611965
v 6.94848013 -7.72319984 8.85509014
v 7.97886992 -6.73169994 8.67407036
v 7.97886992 -6.73169994 8.67407036
v 9.00644016 -5.47800016 7.87617016
v 7.76900005 -6.58860016 10.83611965
v 3.06080008 -10.19830036 6.97884989
v 4.64916992 -9.29850006 9.01043987
v 3.19084001 -9.74199963 10.35776043
v 5.92832994 -8.84490013 6.81302977
v 5.86526012 -8.54080009 9.07520962
v 4.64916992 -9.29850006 9.01043987
v 5.92832994 -8.84490013 6.81302977
v 4.60455990 -9.62349987 6.76375008
v 5.92832994 -8.84490013 6.81302977
v 4.64916992 -9.29850006 9.01043987
v 4.64916992 -9.29850006 9.01043987
v 3.06080008 -10.19830036 6.97884989
v 4.60455990 -9.62349987 6.76375008
v 7.10495996 -7.94950008 6.64742994
v 7.10495996 -7.94950008 6.64742994
v 7.97886992 -6.73169994 8.67407036
v 6.94848013 -7.72319984 8.85509014
v 8.18243980 -6.86219978 6.51209021
v 9.00644016 -5.47800016 7.87617016
v 7.97886992 -6.73169994 8.67407036
v 7.97886992 -6.73169994 8.67407036
v 7.10495996 -7.94950008 6.64742994
v 8.18243980 -6.86219978 6.51209021
v 9.00644016 -5.47800016 7.87617016
v 8.18243980 -6.86219978 6.51209021
v 9.32639980 -5.60480022 3.95306993
v 2.87010002 -10.60690022 3.52160001
v 4.60455990 -9.62349987 6.76375008
v 3.06080008 -10.19830036 6.97884989
v 5.95697021 -9.12580013 4.55093002
v 5.95697021 -9.12580013 4.55093002
v 7.10495996 -7.94950008 6.64742994
v 5.92832994 -8.84490013 6.81302977
v 4.60455990 -9.62349987 6.76375008
v 2.87010002 -10.60690022 3.52160001
v 4.53343010 -9.92029953 4.51699018
v 4.53343010 -9.92029953 4.51699018
v 5.95697021 -9.12580013 4.55093002
v 4.60455990 -9.62349987 6.76375008
v 7.22057009 -8.15740013 4.43977022
v 7.22057009 -8.15740013 4.43977022
v 8.18243980 -6.86219978 6.51209021
v 7.10495996 -7.94950008 6.64742994
v 8.34041023 -6.98479986 4.35003996
v 9.32639980 -5.60480022 3.95306993
v 8.18243980 -6.86219978 6.51209021
v 8.18243980 -6.86219978 6.51209021
v 7.22057009 -8.15740013 4.43977022
v 8.34041023 -6.98479986 4.35003996
v 5.95697021 -9.12580013 4.55093002
v 4.53343010 -9.92029953 4.51699018
v 5.94974995 -9.31999969 2.28889990
v 5.94974995 -9.31999969 2.28889990
v 7.22057009 -8.15740013 4.43977022
v 5.95697021 -9.12580013 4.55093002
v 4.46815014 -10.11880016 2.27029991
v 5.94974995 -9.31999969 2.28889990
v 4.53343010 -9.92029953 4.51699018
v 4.53343010 -9.92029953 4.51699018
v 2.87010002 -10.60690022 3.52160001
v 4.46815014 -10.11880016 2.27029991
v 7.26406002 -8.31579971 2.23212004
v 7.26406002 -8.31579971 2.23212004
v 8.34041023 -6.98479986 4.35003996
v 7.22057009 -8.15740013 4.43977022
v 8.41345024 -7.10400009 2.18806005
v 9.32639980 -5.60480022 3.95306993
v 8.34041023 -6.98479986 4.35003996
v 8.34041023 -6.98479986 4.35003996
v 7.26406002 -8.31579971 2.23212004
v 8.41345024 -7.10400009 2.18806005
v 9.32639980 -5.60480022 3.95306993
v 8.41345024 -7.10400009 2.18806005
v 9.50642967 -5.57620001 0.02976000
v 3.74599004 -10.40919971 0.02460000
v 4.46815014 -10.11880016 2.27029991
v 2.87010002 -10.60690022 3.52160001
v 7.26406002 -8.31579971 2.23212004
v 7.06210995 -8.51270008 0.02481000
v 8.41345024 -7.10400009 2.18806005
v 8.41345024 -7.10400009 2.18806005
v 7.06210995 -8.51270008 0.02481000
v 9.50642967 -5.57620001 0.02976000
v 1.22528994 -10.88770008 26.75025940
v 0.63859999 -10.87860012 26.55728912
v 1.30045998 -10.62679958 24.50003052
v -1.13835001 -10.60840034 24.18890953
v -0.26995000 -10.87759972 26.46784019
v -1.22461998 -10.88650036 26.70466042
v 0.80392998 -10.44950008 22.75149918
v 1.30045998 -10.62679958 24.50003052
v 0.63859999 -10.87860012 26.55728912
v -0.26995000 -10.87759972 26.46784019
v -1.13835001 -10.60840034 24.18890953
v -0.46779999 -10.47089958 22.73460960
v -0.26995000 -10.87759972 26.46784019
v -0.46779999 -10.47089958 22.73460960
v 0.63859999 -10.87860012 26.55728912
v 0.63859999 -10.87860012 26.55728912
v -0.46779999 -10.47089958 22.73460960
v 0.17213000 -10.48820019 22.68821907
v 0.17213000 -10.48820019 22.68821907
v 0.80392998 -10.44950008 22.75149918
v 0.63859999 -10.87860012 26.55728912
v 1.30045998 -10.62679958 24.50003052
v 0.80392998 -10.44950008 22.75149918
v 1.66399002 -10.23149967 22.07600021
v -1.33429003 -10.17780018 21.40863991
v -0.46779999 -10.47089958 22.73460960
v -1.13835001 -10.60840034 24.18890953
v 0.80392998 -10.44950008 22.75149918
v 0.17213000 -10.48820019 22.68821907
v 1.34909999 -9.93470001 18.96451950
v 1.34909999 -9.93470001 18.96451950
v 2.21228004 -9.79769993 19.47370911
v 0.80392998 -10.44950008 22.75149918
v 0.80392998 -10.44950008 22.75149918
v 2.21228004 -9.79769993 19.47370911
v 1.66399002 -10.23149967 22.07600021
v -0.46779999 -10.47089958 22.73460960
v -1.33429003 -10.17780018 21.40863991
v -0.65823001 -9.97999954 18.95051956
v -0.65823001 -9.97999954 18.95051956
v 0.17213000 -10.48820019 22.68821907
v -0.46779999 -10.47089958 22.73460960
v 0.17213000 -10.48820019 22.68821907
v -0.65823001 -9.97999954 18.95051956
v 0.34962001 -10.02579975 18.91169930
v 0.34962001 -10.02579975 18.91169930
v 1.34909999 -9.93470001 18.96451950
v 0.17213000 -10.48820019 22.68821907
v -1.72765994 -9.73309994 18.33506012
v -0.65823001 -9.97999954 18.95051956
v -1.33429003 -10.17780018 21.40863991
v 2.21228004 -9.79769993 19.47370911
v 1.34909999 -9.93470001 18.96451950
v 2.77767992 -9.47130013 16.66155052
v 1.34909999 -9.93470001 18.96451950
v 0.34962001 -10.02579975 18.91169930
v 1.78511000 -9.70400047 15.17753983
v 1.78511000 -9.70400047 15.17753983
v 2.77767992 -9.47130013 16.66155052
v 1.34909999 -9.93470001 18.96451950
v -0.65823001 -9.97999954 18.95051956
v -1.72765994 -9.73309994 18.33506012
v -0.89991999 -9.76189995 15.16637039
v -0.89991999 -9.76189995 15.16637039
v 0.34962001 -10.02579975 18.91169930
v -0.65823001 -9.97999954 18.95051956
v 0.34962001 -10.02579975 18.91169930
v -0.89991999 -9.76189995 15.16637039
v 0.44521999 -9.83460045 15.13533020
v 0.44521999 -9.83460045 15.13533020
v 1.78511000 -9.70400047 15.17753983
v 0.34962001 -10.02579975 18.91169930
v -2.13855004 -9.52299976 14.94242954
v -0.89991999 -9.76189995 15.16637039
v -1.72765994 -9.73309994 18.33506012
v 2.77767992 -9.47130013 16.66155052
v 1.78511000 -9.70400047 15.17753983
v 3.12557006 -9.44799995 13.61291981
v 1.88616002 -9.93560028 11.39062977
v 3.12557006 -9.44799995 13.61291981
v 1.78511000 -9.70400047 15.17753983
v 1.78511000 -9.70400047 15.17753983
v 0.44521999 -9.83460045 15.13533020
v 1.88616002 -9.93560028 11.39062977
v -0.89991999 -9.76189995 15.16637039
v -2.13855004 -9.52299976 14.94242954
v -1.07562995 -9.98589993 11.38228989
v -1.07562995 -9.98589993 11.38228989
v 0.44521999 -9.83460045 15.13533020
v -0.89991999 -9.76189995 15.16637039
v 0.44521999 -9.83460045 15.13533020
v -1.07562995 -9.98589993 11.38228989
v 0.40632999 -10.07450008 11.35896015
v 0.40632999 -10.07450008 11.35896015
v -2.40556002 -9.73219967 11.24199963
v -1.07562995 -9.98589993 11.38228989
v -2.13855004 -9.52299976 14.94242954
v 3.12557006 -9.44799995 13.61291981
v 1.88616002 -9.93560028 11.39062977
v 3.19084001 -9.74199963 10.35776043
v 1.88616002 -9.93560028 11.39062977
v 0.40632999 -10.07450008 11.35896015
v 1.75633001 -10.40880013 7.60365009
v 1.75633001 -10.40880013 7.60365009
v 3.19084001 -9.74199963 10.35776043
v 1.88616002 -9.93560028 11.39062977
v -1.22349000 -10.43620014 7.59807014
v 0.40632999 -10.07450008 11.35896015
v -1.07562995 -9.98589993 11.38228989
v -1.07562995 -9.98589993 11.38228989
v -2.40556002 -9.73219967 11.24199963
v -1.22349000 -10.43620014 7.59807014
v -2.57575989 -10.18540001 7.41507006
v 0.26646000 -10.53419971 7.58258009
v 0.26646000 -10.53419971 7.58258009
v 1.75633001 -10.40880013 7.60365009
v 0.40632999 -10.07450008 11.35896015
v 3.19084001 -9.74199963 10.35776043
v 1.75633001 -10.40880013 7.60365009
v 3.06080008 -10.19830036 6.97884989
v 1.75633001 -10.40880013 7.60365009
v 0.26646000 -10.53419971 7.58258009
v 1.54102004 -10.85330009 3.81674004
v 1.54102004 -10.85330009 3.81674004
v 3.06080008 -10.19830036 6.97884989
v 1.75633001 -10.40880013 7.60365009
v -1.40118003 -10.84930038 3.81398010
v 0.26646000 -10.53419971 7.58258009
v -1.22349000 -10.43620014 7.59807014
v -1.40118003 -10.84930038 3.81398010
v 0.26646000 -10.53419971 7.58258009
v -1.40118003 -10.84930038 3.81398010
v 0.06932000 -10.95769978 3.80620003
v 0.06932000 -10.95769978 3.80620003
v 1.54102004 -10.85330009 3.81674004
v 0.26646000 -10.53419971 7.58258009
v -2.75839996 -10.58590031 3.62320995
v -1.40118003 -10.84930038 3.81398010
v -2.57575989 -10.18540001 7.41507006
v 3.06080008 -10.19830036 6.97884989
v 1.54102004 -10.85330009 3.81674004
v 2.87010002 -10.60690022 3.52160001
v 1.54102004 -10.85330009 3.81674004
v -0.01023000 -11.09010029 0.02976000
v 3.74599004 -10.40919971 0.02460000
v 2.87010002 -10.60690022 3.52160001
v 1.54102004 -10.85330009 3.81674004
v 0.06932000 -10.95769978 3.80620003
v -0.01023000 -11.09010029 0.02976000
v -3.75605989 -10.38409996 0.02976000
v -0.01023000 -11.09010029 0.02976000
v -1.40118003 -10.84930038 3.81398010
v -1.40118003 -10.84930038 3.81398010
v -0.01023000 -11.09010029 0.02976000
v 0.06932000 -10.95769978 3.80620003
v -1.40118003 -10.84930038 3.81398010
v -2.75839996 -10.58590031 3.62320995
v -5.11935997 -9.78800011 27.34444046
v -5.11935997 -9.78800011 27.34444046
v -6.92827988 -7.93410015 26.71059036
v -4.79981995 -9.57520008 24.83004951
v -5.11935997 -9.78800011 27.34444046
v -4.79981995 -9.57520008 24.83004951
v -3.12402010 -10.63996029 26.98724937
v -2.69618011 -10.42669964 24.54578972
v -1.22461998 -10.88650036 26.70466042
v -3.12402010 -10.63996029 26.98724937
v -2.69618011 -10.42669964 24.54578972
v -3.12402010 -10.63996029 26.98724937
v -4.79981995 -9.57520008 24.83004951
v -8.18404007 -3.84829998 24.93399048
v -7.87333012 -5.98229980 26.22347069
v -8.25862980 -3.89249992 26.86289978
v -6.62395000 -7.81780005 24.35296059
v -4.79981995 -9.57520008 24.83004951
v -6.92827988 -7.93410015 26.71059036
v -1.13835001 -10.60840034 24.18890953
v -7.69641018 -5.71710014 23.89709091
v -6.62395000 -7.81780005 24.35296059
v -7.87333012 -5.98229980 26.22347069
v -7.87333012 -5.98229980 26.22347069
v -6.62395000 -7.81780005 24.35296059
v -6.92827988 -7.93410015 26.71059036
v -7.87333012 -5.98229980 26.22347069
v -8.18404007 -3.84829998 24.93399048
v -7.69641018 -5.71710014 23.89709091
v -8.02359009 -4.03469992 22.84328079
v -7.69641018 -5.71710014 23.89709091
v -8.18404007 -3.84829998 24.93399048
v -4.64892006 -9.19029999 22.35008049
v -2.69618011 -10.42669964 24.54578972
v -4.79981995 -9.57520008 24.83004951
v -4.79981995 -9.57520008 24.83004951
v -6.62395000 -7.81780005 24.35296059
v -4.64892006 -9.19029999 22.35008049
v -2.69618011 -10.42669964 24.54578972
v -4.64892006 -9.19029999 22.35008049
v -2.76822996 -9.98439980 22.09417915
v -2.76822996 -9.98439980 22.09417915
v -1.33429003 -10.17780018 21.40863991
v -2.69618011 -10.42669964 24.54578972
v -2.69618011 -10.42669964 24.54578972
v -1.33429003 -10.17780018 21.40863991
v -1.13835001 -10.60840034 24.18890953
v -6.62395000 -7.81780005 24.35296059
v -7.69641018 -5.71710014 23.89709091
v -6.30171013 -7.65080023 21.92058945
v -6.30171013 -7.65080023 21.92058945
v -4.64892006 -9.19029999 22.35008049
v -6.62395000 -7.81780005 24.35296059
v -7.69641018 -5.71710014 23.89709091
v -8.02359009 -4.03469992 22.84328079
v -7.34378004 -5.86490011 21.51038933
v -7.34378004 -5.86490011 21.51038933
v -6.30171013 -7.65080023 21.92058945
v -7.69641018 -5.71710014 23.89709091
v -7.82107019 -4.40869999 20.58139038
v -7.34378004 -5.86490011 21.51038933
v -8.02359009 -4.03469992 22.84328079
v -4.58613014 -8.78450012 19.86997032
v -2.76822996 -9.98439980 22.09417915
v -4.64892006 -9.19029999 22.35008049
v -4.58613014 -8.78450012 19.86997032
v -2.99556994 -9.51640034 19.64257050
v -1.72765994 -9.73309994 18.33506012
v -2.76822996 -9.98439980 22.09417915
v -2.76822996 -9.98439980 22.09417915
v -1.72765994 -9.73309994 18.33506012
v -1.33429003 -10.17780018 21.40863991
v -2.76822996 -9.98439980 22.09417915
v -4.58613014 -8.78450012 19.86997032
v -2.99556994 -9.51640034 19.64257050
v -6.30171013 -7.65080023 21.92058945
v -7.34378004 -5.86490011 21.51038933
v -5.99730015 -7.53980017 19.48834991
v -5.99730015 -7.53980017 19.48834991
v -4.58613014 -8.78450012 19.86997032
v -6.30171013 -7.65080023 21.92058945
v -7.00006008 -6.12260008 19.12368965
v -5.99730015 -7.53980017 19.48834991
v -7.34378004 -5.86490011 21.51038933
v -7.34378004 -5.86490011 21.51038933
v -7.82107019 -4.40869999 20.58139038
v -7.00006008 -6.12260008 19.12368965
v -7.64988995 -4.88509989 18.13670921
v -7.00006008 -6.12260008 19.12368965
v -7.82107019 -4.40869999 20.58139038
v -4.58613014 -8.78450012 19.86997032
v -5.99730015 -7.53980017 19.48834991
v -4.61109018 -8.46230030 17.38994026
v -4.61109018 -8.46230030 17.38994026
v -2.99556994 -9.51640034 19.64257050
v -4.58613014 -8.78450012 19.86997032
v -3.28867006 -9.14719963 17.19095993
v -1.72765994 -9.73309994 18.33506012
v -2.99556994 -9.51640034 19.64257050
v -2.99556994 -9.51640034 19.64257050
v -4.61109018 -8.46230030 17.38994026
v -3.28867006 -9.14719963 17.19095993
v -5.99730015 -7.53980017 19.48834991
v -7.00006008 -6.12260008 19.12368965
v -5.79563999 -7.50059986 17.05603981
v -5.79563999 -7.50059986 17.05603981
v -4.61109018 -8.46230030 17.38994026
v -5.99730015 -7.53980017 19.48834991
v -6.77357006 -6.40600014 16.73699951
v -5.79563999 -7.50059986 17.05603981
v -7.00006008 -6.12260008 19.12368965
v -7.00006008 -6.12260008 19.12368965
v -7.64988995 -4.88509989 18.13670921
v -6.77357006 -6.40600014 16.73699951
v -6.77357006 -6.40600014 16.73699951
v -7.64988995 -4.88509989 18.13670921
v -7.62287998 -5.32119989 15.49637985
v -1.72765994 -9.73309994 18.33506012
v -3.28867006 -9.14719963 17.19095993
v -2.13855004 -9.52299976 14.94242954
v -4.72338009 -8.32530022 14.90997028
v -3.28867006 -9.14719963 17.19095993
v -4.61109018 -8.46230030 17.38994026
v -4.61109018 -8.46230030 17.38994026
v -5.79563999 -7.50059986 17.05603981
v -4.72338009 -8.32530022 14.90997028
v -3.28867006 -9.14719963 17.19095993
v -4.72338009 -8.32530022 14.90997028
v -3.56026006 -8.99590015 14.73935032
v -3.56026006 -8.99590015 14.73935032
v -2.13855004 -9.52299976 14.94242954
v -3.28867006 -9.14719963 17.19095993
v -5.79563999 -7.50059986 17.05603981
v -6.77357006 -6.40600014 16.73699951
v -5.77711010 -7.54710007 14.62374020
v -5.77711010 -7.54710007 14.62374020
v -4.72338009 -8.32530022 14.90997028
v -5.79563999 -7.50059986 17.05603981
v -6.77357006 -6.40600014 16.73699951
v -7.62287998 -5.32119989 15.49637985
v -6.76189995 -6.63670015 14.35029984
v -6.76189995 -6.63670015 14.35029984
v -5.77711010 -7.54710007 14.62374020
v -6.77357006 -6.40600014 16.73699951
v -2.13855004 -9.52299976 14.94242954
v -3.56026006 -8.99590015 14.73935032
v -2.40556002 -9.73219967 11.24199963
v -4.91140985 -8.39420033 12.42994022
v -3.56026006 -8.99590015 14.73935032
v -4.72338009 -8.32530022 14.90997028
v -4.72338009 -8.32530022 14.90997028
v -5.77711010 -7.54710007 14.62374020
v -4.91140985 -8.39420033 12.42994022
v -3.77748990 -9.07779980 12.28781033
v -2.40556002 -9.73219967 11.24199963
v -3.56026006 -8.99590015 14.73935032
v -3.56026006 -8.99590015 14.73935032
v -4.91140985 -8.39420033 12.42994022
v -3.77748990 -9.07779980 12.28781033
v -5.77711010 -7.54710007 14.62374020
v -6.76189995 -6.63670015 14.35029984
v -5.94427013 -7.66769981 12.19143009
v -5.94427013 -7.66769981 12.19143009
v -4.91140985 -8.39420033 12.42994022
v -5.77711010 -7.54710007 14.62374020
v -6.95685005 -6.79510021 11.96360016
v -5.94427013 -7.66769981 12.19143009
v -6.76189995 -6.63670015 14.35029984
v -6.76189995 -6.63670015 14.35029984
v -7.62287998 -5.32119989 15.49637985
v -6.95685005 -6.79510021 11.96360016
v -6.95685005 -6.79510021 11.96360016
v -7.62287998 -5.32119989 15.49637985
v -8.04629040 -5.61899996 11.15913010
v -4.91140985 -8.39420033 12.42994022
v -5.94427013 -7.66769981 12.19143009
v -5.15147018 -8.59739971 9.94989967
v -5.15147018 -8.59739971 9.94989967
v -3.77748990 -9.07779980 12.28781033
v -4.91140985 -8.39420033 12.42994022
v -3.95787001 -9.31079960 9.83619976
v -3.95787001 -9.31079960 9.83619976
v -2.40556002 -9.73219967 11.24199963
v -3.77748990 -9.07779980 12.28781033
v -6.23701000 -7.82950020 9.75911999
v -5.94427013 -7.66769981 12.19143009
v -6.95685005 -6.79510021 11.96360016
v -6.23701000 -7.82950020 9.75911999
v -6.95685005 -6.79510021 11.96360016
v -8.04629040 -5.61899996 11.15913010
v -7.28799009 -6.89589977 9.57691002
v -7.28799009 -6.89589977 9.57691002
v -6.23701000 -7.82950020 9.75911999
v -6.95685005 -6.79510021 11.96360016
v -2.40556002 -9.73219967 11.24199963
v -3.95787001 -9.31079960 9.83619976
v -2.57575989 -10.18540001 7.41507006
v -5.41925001 -8.85820007 7.46987009
v -3.95787001 -9.31079960 9.83619976
v -5.15147018 -8.59739971 9.94989967
v -5.15147018 -8.59739971 9.94989967
v -6.23701000 -7.82950020 9.75911999
v -5.41925001 -8.85820007 7.46987009
v -3.95787001 -9.31079960 9.83619976
v -5.41925001 -8.85820007 7.46987009
v -4.12086010 -9.60929966 7.38459015
v -4.12086010 -9.60929966 7.38459015
v -2.57575989 -10.18540001 7.41507006
v -3.95787001 -9.31079960 9.83619976
v -6.59311008 -7.99900007 7.32681990
v -5.41925001 -8.85820007 7.46987009
v -6.23701000 -7.82950020 9.75911999
v -6.23701000 -7.82950020 9.75911999
v -7.28799009 -6.89589977 9.57691002
v -6.59311008 -7.99900007 7.32681990
v -8.76916027 -5.63129997 6.52920008
v -7.28799009 -6.89589977 9.57691002
v -8.04629040 -5.61899996 11.15913010
v -7.28799009 -6.89589977 9.57691002
v -8.76916027 -5.63129997 6.52920008
v -7.68404007 -6.95410013 7.19020987
v -7.68404007 -6.95410013 7.19020987
v -6.59311008 -7.99900007 7.32681990
v -7.28799009 -6.89589977 9.57691002
v -5.69027996 -9.10019970 4.98983002
v -5.69027996 -9.10019970 4.98983002
v -2.57575989 -10.18540001 7.41507006
v -4.12086010 -9.60929966 7.38459015
v -2.75839996 -10.58590031 3.62320995
v -4.12086010 -9.60929966 7.38459015
v -5.69027996 -9.10019970 4.98983002
v -4.28567982 -9.88759995 4.93298006
v -4.28567982 -9.88759995 4.93298006
v -2.75839996 -10.58590031 3.62320995
v -4.12086010 -9.60929966 7.38459015
v -6.95047998 -8.14299965 4.89450979
v -5.69027996 -9.10019970 4.98983002
v -6.59311008 -7.99900007 7.32681990
v -6.59311008 -7.99900007 7.32681990
v -7.68404007 -6.95410013 7.19020987
v -6.95047998 -8.14299965 4.89450979
v -8.07380009 -6.98470020 4.80357981
v -6.95047998 -8.14299965 4.89450979
v -7.68404007 -6.95410013 7.19020987
v -7.68404007 -6.95410013 7.19020987
v -8.76916027 -5.63129997 6.52920008
v -8.07380009 -6.98470020 4.80357981
v -5.69027996 -9.10019970 4.98983002
v -6.95047998 -8.14299965 4.89450979
v -5.94010019 -9.24670029 2.50979996
v -5.94010019 -9.24670029 2.50979996
v -4.28567982 -9.88759995 4.93298006
v -5.69027996 -9.10019970 4.98983002
v -4.47194004 -10.06000042 2.48144007
v -2.75839996 -10.58590031 3.62320995
v -4.28567982 -9.88759995 4.93298006
v -4.47194004 -10.06000042 2.48144007
v -9.24738026 -5.57550001 3.30953002
v -8.07380009 -6.98470020 4.80357981
v -8.76916027 -5.63129997 6.52920008
v -7.24682999 -8.22780037 2.46228004
v -5.94010019 -9.24670029 2.50979996
v -6.95047998 -8.14299965 4.89450979
v -6.95047998 -8.14299965 4.89450979
v -8.07380009 -6.98470020 4.80357981
v -7.24682999 -8.22780037 2.46228004
v -8.38619995 -7.00290012 2.41682005
v -7.24682999 -8.22780037 2.46228004
v -8.07380009 -6.98470020 4.80357981
v -8.38619995 -7.00290012 2.41682005
v -2.75839996 -10.58590031 3.62320995
v -4.47194004 -10.06000042 2.48144007
v -3.75605989 -10.38409996 0.02976000
v -9.53205967 -5.59779978 0.02983000
v -8.38619995 -7.00290012 2.41682005
v -9.24738026 -5.57550001 3.30953002
v -5.94010019 -9.24670029 2.50979996
v -7.24682999 -8.22780037 2.46228004
v -7.06228018 -8.49030018 0.02983000
v -7.06228018 -8.49030018 0.02983000
v -3.75605989 -10.38409996 0.02976000
v -5.94010019 -9.24670029 2.50979996
v -5.94010019 -9.24670029 2.50979996
v -3.75605989 -10.38409996 0.02976000
v -4.47194004 -10.06000042 2.48144007
v -7.24682999 -8.22780037 2.46228004
v -8.38619995 -7.00290012 2.41682005
v -7.06228018 -8.49030018 0.02983000
v -7.06228018 -8.49030018 0.02983000
v -8.38619995 -7.00290012 2.41682005
v -9.53205967 -5.59779978 0.02983000
v -8.25862980 -3.89249992 26.86289978
v -8.28217983 -2.23900008 26.50221062
v -8.18404007 -3.84829998 24.93399048
v -8.31577015 -2.50189996 22.09021950
v -8.28217983 -2.23900008 26.50221062
v -8.30537987 -0.79062003 26.28738976
v -8.31577015 -2.50189996 22.09021950
v -8.02359009 -4.03469992 22.84328079
v -8.28217983 -2.23900008 26.50221062
v -8.28217983 -2.23900008 26.50221062
v -8.02359009 -4.03469992 22.84328079
v -8.18404007 -3.84829998 24.93399048
v -8.53312969 -0.96569997 21.91118050
v -8.31577015 -2.50189996 22.09021950
v -8.30537987 -0.79062003 26.28738976
v -8.02359009 -4.03469992 22.84328079
v -8.31577015 -2.50189996 22.09021950
v -7.82107019 -4.40869999 20.58139038
v -8.36209011 -3.21539998 17.67808914
v -7.64988995 -4.88509989 18.13670921
v -8.31577015 -2.50189996 22.09021950
v -8.31577015 -2.50189996 22.09021950
v -7.64988995 -4.88509989 18.13670921
v -7.82107019 -4.40869999 20.58139038
v -8.31577015 -2.50189996 22.09021950
v -8.53312969 -0.96569997 21.91118050
v -8.36209011 -3.21539998 17.67808914
v -8.79617977 -1.29108000 17.53488922
v -8.36209011 -3.21539998 17.67808914
v -8.53312969 -0.96569997 21.91118050
v -7.64988995 -4.88509989 18.13670921
v -8.36209011 -3.21539998 17.67808914
v -7.62287998 -5.32119989 15.49637985
v -8.36209011 -3.21539998 17.67808914
v -8.79617977 -1.29108000 17.53488922
v -8.71245956 -3.66280007 13.26609039
v -8.71245956 -3.66280007 13.26609039
v -7.62287998 -5.32119989 15.49637985
v -8.36209011 -3.21539998 17.67808914
v -9.26471043 -1.45734000 13.15861034
v -8.71245956 -3.66280007 13.26609039
v -8.79617977 -1.29108000 17.53488922
v -7.62287998 -5.32119989 15.49637985
v -8.71245956 -3.66280007 13.26609039
v -8.04629040 -5.61899996 11.15913010
v -9.34523964 -3.70269990 8.85396004
v -8.04629040 -5.61899996 11.15913010
v -8.71245956 -3.66280007 13.26609039
v -8.71245956 -3.66280007 13.26609039
v -9.26471043 -1.45734000 13.15861034
v -9.34523964 -3.70269990 8.85396004
v -9.89933968 -1.41769004 8.78240013
v -8.04629040 -5.61899996 11.15913010
v -9.34523964 -3.70269990 8.85396004
v -8.76916027 -5.63129997 6.52920008
v -10.01191044 -3.57509995 4.44189978
v -8.76916027 -5.63129997 6.52920008
v -9.34523964 -3.70269990 8.85396004
v -10.01191044 -3.57509995 4.44189978
v -10.52278996 -1.28657997 4.40604019
v -10.01191044 -3.57509995 4.44189978
v -9.89933968 -1.41769004 8.78240013
v -8.76916027 -5.63129997 6.52920008
v -10.01191044 -3.57509995 4.44189978
v -9.24738026 -5.57550001 3.30953002
v -10.43772030 -3.51469994 0.02983000
v -9.53205967 -5.59779978 0.02983000
v -10.01191044 -3.57509995 4.44189978
v -9.24738026 -5.57550001 3.30953002
v -10.01191044 -3.57509995 4.44189978
v -10.52278996 -1.28657997 4.40604019
v -10.43772030 -3.51469994 0.02983000
v -10.52278996 -1.28657997 4.40604019
v -10.82211018 -1.98460996 0.02984000
v -10.43772030 -3.51469994 0.02983000
v -8.62534046 -5.22809982 29.42573929
v -8.97733974 -5.84749985 31.26040077
v -8.65377045 -3.94260001 29.52190971
v -8.65377045 -3.94260001 29.52190971
v -8.65377045 -3.94260001 29.52190971
v -8.28217983 -2.23900008 26.50221062
v -8.25862980 -3.89249992 26.86289978
v -8.67158985 0.00316000 29.58427048
v -8.28217983 -2.23900008 26.50221062
v -8.65377045 -3.94260001 29.52190971
v -8.67158985 0.00316000 29.58427048
v -8.30537987 -0.79062003 26.28738976
v -8.28217983 -2.23900008 26.50221062
v -8.30537987 -0.79062003 26.28738976
v -8.67158985 0.00316000 29.58427048
v -8.30537987 0.70051998 26.28739929
v -8.30537987 0.70051998 26.28739929
v -8.67158985 0.00316000 29.58427048
v -8.28853989 1.69868004 26.40406036
v -8.28853989 1.69868004 26.40406036
v -8.65377045 3.85248995 29.52190971
v -8.28853989 1.69868004 26.40406036
v -8.65377045 3.85248995 29.52190971
v -8.25862980 3.80240011 26.86290932
f 1 2 3
f 4 2 1
f 5 6 7
f 8 9 10
f 11 12 13
f 14 11 13
f 15 16 17
f 18 19 20
f 21 22 23
f 24 20 19
f 25 26 27
f 28 29 30
f 31 32 33
f 19 34 24
f 27 35 25
f 36 24 34
f 37 25 35
f 38 39 40
f 41 42 43
f 44 45 46
f 47 46 45
f 48 49 50
f 51 52 53
f 54 55 56
f 57 58 59
f 60 61 62
f 63 64 65
f 66 62 61
f 67 68 69
f 70 71 72
f 73 74 75
f 76 77 78
f 79 80 81
f 82 81 80
f 83 84 85
f 86 87 88
f 89 90 91
f 92 93 94
f 95 96 97
f 98 99 100
f 101 102 103
f 104 105 106
f 107 108 109
f 110 111 112
f 113 114 115
f 116 117 118
f 119 120 121
f 122 123 124
f 125 126 127
f 128 129 130
f 121 131 119
f 132 133 134
f 135 136 137
f 134 138 132
f 139 140 141
f 142 143 144
f 145 146 147
f 148 149 150
f 151 152 153
f 154 155 156
f 157 158 159
f 160 161 162
f 163 164 165
f 166 167 168
f 169 170 171
f 172 173 174
f 175 176 177
f 178 179 180
f 168 181 166
f 182 183 184
f 185 165 164
f 186 187 188
f 189 190 191
f 192 193 194
f 195 196 197
f 198 199 200
f 201 202 203
f 204 205 206
f 207 208 209
f 210 211 212
f 212 213 210
f 214 206 205
f 215 216 217
f 218 219 220
f 221 222 223
f 224 225 226
f 227 228 229
f 230 231 232
f 233 234 235
f 236 237 238
f 239 240 241
f 242 243 244
f 245 246 247
f 248 249 250
f 251 252 253
f 254 255 256
f 257 258 259
f 260 261 262
f 263 264 265
f 266 267 268
f 269 270 271
f 272 273 274
f 275 276 277
f 278 279 280
f 281 282 283
f 284 285 286
f 287 288 289
f 290 291 292
f 293 294 295
f 296 297 298
f 299 300 301
f 302 303 304
f 305 306 307
f 308 309 310
f 311 312 313
f 314 315 316
f 317 318 319
f 320 321 322
f 323 324 325
f 326 327 328
f 329 330 331
f 332 333 334
f 335 336 337
f 325 338 323
f 339 340 341
f 342 343 344
f 345 346 347
f 348 349 350
f 351 352 353
f 354 355 356
f 357 358 359
f 360 361 362
f 363 364 365
f 366 367 368
f 369 370 371
f 372 373 374
f 375 376 377
f 378 379 380
f 371 381 369
f 382 383 384
f 385 386 387
f 388 389 390
f 391 392 393
f 394 395 396
f 397 398 399
f 400 401 402
f 403 404 405
f 403 405 406
f 407 408 409
f 410 411 412
f 413 414 415
f 416 417 418
f 419 420 421
f 422 423 424
f 425 426 427
f 428 429 430
f 431 432 433
f 434 435 436
f 437 438 439
f 419 421 440
f 441 419 440
f 439 442 437
f 443 444 445
f 446 447 448
f 449 450 451
f 452 453 454
f 455 456 457
f 458 459 460
f 461 462 463
f 464 465 466
f 467 457 456
f 468 469 470
f 471 472 473
f 474 475 476
f 477 478 479
f 480 481 482
f 483 484 485
f 486 487 488
f 489 490 491
f 492 493 494
f 495 496 497
f 498 499 500
f 501 502 503
f 504 505 506
f 507 508 509
f 510 511 512
f 513 514 515
f 516 517 518
f 519 520 521
f 522 523 524
f 525 526 527
f 528 529 530
f 531 532 533
f 534 535 536
f 537 538 539
f 540 541 542
f 543 544 545
f 546 547 548
f 549 550 551
f 552 553 554
f 555 556 557
f 558 559 560
f 561 562 563
f 564 565 566
f 567 568 569
f 570 571 572
f 573 574 575
f 576 577 578
f 572 579 570
f 580 581 582
f 583 584 585
f 586 587 588
f 589 590 591
f 592 593 594
f 595 596 597
f 598 599 600
f 594 601 592
f 602 603 604
f 605 606 607
f 608 609 610
f 611 612 613
f 614 615 616
f 617 618 619
f 620 621 622
f 623 624 625
f 604 626 602
f 627 628 629
f 622 630 620
f 631 632 633
f 634 635 636
f 637 638 639
f 640 620 630
f 641 642 643
f 644 645 646
f 647 648 649
f 650 651 652
f 653 654 655
f 656 657 658
f 659 660 661
f 658 662 656
f 663 664 665
f 666 667 668
f 669 670 671
f 672 673 674
f 675 671 670
f 676 677 678
f 674 679 672
f 680 681 682
f 683 684 685
f 686 687 688
f 689 690 691
f 692 693 694
f 695 696 697
f 698 699 700
f 701 702 703
f 704 705 706
f 697 707 695
f 708 709 710
f 711 712 713
f 714 715 716
f 717 718 719
f 720 721 722
f 723 724 725
f 726 727 728
f 729 730 731
f 732 733 734
f 735 736 737
f 738 739 740
f 741 742 743
f 744 745 746
f 747 748 749
f 750 751 752
f 753 754 755
f 756 757 758
f 759 760 761
f 762 763 764
f 765 766 767
f 768 769 770
f 771 772 773
f 774 775 776
f 777 778 779
f 780 781 782
f 758 783 756
f 784 785 786
f 787 788 789
f 790 791 792
f 793 794 795
f 796 797 798
f 799 800 801
f 802 786 785
f 803 804 805
f 806 807 808
f 809 810 811
f 812 813 814
f 815 816 817
f 818 819 820
f 821 822 823
f 824 825 826
f 827 828 829
f 830 831 832
f 833 834 835
f 836 837 838
f 839 840 841
f 842 843 844
f 841 840 845
f 846 847 848
f 849 850 851
f 852 850 849
f 853 854 855
f 856 857 858
f 859 860 861
f 862 863 864
f 865 866 867
f 868 869 870
f 871 872 873
f 867 874 865
f 875 876 877
f 878 879 880
f 881 882 883
f 884 885 886
f 887 888 889
f 890 891 892
f 893 894 895
f 896 897 898
f 899 900 901
f 889 902 887
f 903 887 902
f 904 905 906
f 907 908 909
f 910 911 912
f 913 914 915
f 916 917 918
f 919 920 921
f 922 923 924
f 925 926 927
f 928 929 930
f 931 932 933
f 934 935 936
f 937 938 939
f 940 941 942
f 943 944 945
f 946 947 948
f 949 950 951
f 952 953 954
f 955 950 949
f 956 957 958
f 959 953 952
f 960 961 962
f 963 964 965
f 966 967 968
f 969 970 971
f 972 973 974
f 975 974 973
f 976 977 978
f 979 980 981
f 982 978 977
f 983 981 980
f 984 985 986
f 987 988 989
f 990 986 985
f 991 992 993
f 994 993 992
f 995 996 997
f 998 997 996
f 999 1000 1001
f 1002 1001 1000
f 1003 1004 1005
f 1006 1007 1008
f 1009 1010 1011
f 1012 1013 1014
f 1015 1014 1013
f 1016 1017 1018
f 1019 1018 1017
f 1020 1021 1022
f 1023 1024 1025
f 1026 1022 1021
f 1027 1028 1029
f 1030 1025 1024
f 1031 1032 1033
f 1034 1033 1032
f 1035 1036 1037
f 1038 1037 1036
f 1039 1040 1041
f 1042 1041 1040
f 1043 1044 1045
f 1046 1045 1044
f 1047 1048 1049
f 1050 1051 1052
f 1053 1052 1051
f 1054 1055 1056
f 1057 1058 1059
f 1060 1056 1055
f 1061 1059 1058
f 1062 1063 1064
f 1065 1066 1067
f 1068 1064 1063
f 1069 1070 1071
f 1072 1071 1070
f 1073 1074 1075
f 1076 1077 1078
f 1079 1075 1074
f 1080 1078 1077
f 1081 1082 1083
f 1084 1083 1082
f 1085 1086 1087
f 1088 1089 1090
f 1091 1092 1093
f 1094 1090 1089
f 1095 1096 1097
f 1098 1093 1092
f 1099 1097 1096
f 1100 1101 1102
f 1103 1102 1101
f 1104 1105 1106
f 1107 1108 1109
f 1108 1110 1109
f 1111 1112 1113
f 1114 1115 1116
f 1117 1118 392
f 1119 1120 1121
f 1122 1123 1124
f 1125 1126 1127
f 1128 1129 1130
f 1131 1127 1126
f 1132 1133 1134
f 1134 1135 1132
f 1136 1137 1138
f 1138 1139 1136
f 1140 1141 1142
f 1142 1143 1140
f 1144 1145 1146
f 1146 1147 1144
f 1148 1149 1150
f 1150 1151 1148
f 1152 1153 1154
f 1154 1155 1152
f 1156 1157 1158
f 1158 1159 1156
f 1160 1161 1162
f 1162 1163 1160
f 1164 1165 1166
f 1166 1167 1164
f 1168 1169 1170
f 1170 1171 1168
f 1172 1173 1174
f 1174 1175 1172
f 1176 1177 1178
f 1178 1179 1176
f 1180 1181 1182
f 1182 1183 1180
f 1184 1185 1186
f 1186 1187 1184
f 1188 1189 1190
f 1190 1191 1188
f 1192 1193 1194
f 1195 1196 1197
f 1195 1197 1198
f 1199 1200 1201
f 1202 1203 1204
f 1205 1206 1207
f 1208 1209 1210
f 1211 1212 1213
f 1214 1215 1216
f 1217 1218 1219
f 1220 1221 1222
f 1223 1224 1225
f 1226 1223 1225
f 1227 1228 1229
f 1230 1231 1232
f 1233 1234 1235
f 1236 1237 1238
f 1239 1240 1241
f 1242 1243 1244
f 1245 1246 1247
f 1248 1249 1250
f 1251 1252 1253
f 1254 1255 1256
f 1257 1258 1259
f 1260 1261 1262
f 1263 1264 1265
f 1266 1267 1268
f 1269 1270 1271
f 1272 1273 1274
f 1275 1276 1277
f 1278 1279 1280
f 1281 1282 1283
f 1284 1285 1286
f 1287 1288 1289
f 1290 1291 1292
f 1293 1294 1295
f 1296 1297 1298
f 1299 1300 1301
f 1302 1303 1304
f 1305 1306 1307
f 1308 1309 1310
f 1311 1312 1313
f 1314 1315 1316
f 1317 1318 1319
f 1320 1321 1322
f 1323 1324 1325
f 1326 1327 1328
f 1329 1330 1331
f 1332 1333 1334
f 1335 1336 1337
f 1338 1339 1340
f 1341 1342 1343
f 1344 1345 1346
f 1347 1348 1349
f 1350 1351 1352
f 1353 1354 1355
f 1356 1357 1358
f 1359 1360 1361
f 1362 1363 1364
f 1365 1366 1367
f 1368 1369 1370
f 1371 1372 1373
f 1374 1375 1376
f 1377 1378 1379
f 1380 1381 1382
f 1383 1380 1382
f 1384 1385 1386
f 1387 1388 1389
f 1390 1391 1392
f 1393 1394 1395
f 1396 1397 1398
f 1399 1400 1401
f 1402 1403 1404
f 1405 1406 1407
f 1408 1409 1410
f 1411 1412 1413
f 1414 1415 1416
f 1417 1418 1419
f 1420 1421 1422
f 1423 1424 1425
f 1426 1423 1425
f 1427 1428 1429
f 1430 1431 1432
f 1433 1434 1435
f 1436 1437 1438
f 1439 1440 1441
f 1442 1443 1444
f 1445 1446 1447
f 1448 1449 1450
f 1451 1452 1453
f 1454 1455 1456
f 1457 1458 1459
f 1460 1461 1462
f 1463 1464 1465
f 1466 1467 1468
f 1468 1469 1466
f 1470 1471 1472
f 1473 1474 1475
f 1476 1477 1478
f 1479 1480 1481
f 1482 1483 1484
f 1485 1486 1487
f 1488 1489 1490
f 1491 1492 1493
f 1494 1495 1496
f 1497 1498 1499
f 1500 1501 1502
f 1503 1504 1505
f 1506 1507 1508
f 1509 1510 1511
f 1512 1513 1514
f 1515 1516 1517
f 1518 1519 1520
f 1521 1522 1523
f 1523 1524 1521
f 1525 1521 1524
f 1524 1526 1525
f 1527 1525 1526
f 1526 1528 1527
f 1529 1527 1528
f 1528 1530 1529
f 1531 1529 1530
f 1530 1532 1531
f 1533 1531 1532
f 1532 1534 1533
f 1535 1533 1534
f 1534 1536 1535
f 1537 1535 1536
f 1536 1538 1537
f 1539 1537 1538
f 1538 1540 1539
f 1541 1539 1540
f 1542 1543 1544
f 1545 1546 1547
f 1548 1549 1550
f 1551 1552 1553
f 1554 1555 1556
f 1557 1558 1559
f 1560 1561 1562
f 1563 1564 1565
f 1566 1567 1568
f 1569 1570 1571
f 1572 1573 1574
f 1575 1576 1577
f 1578 1579 1580
f 1581 1582 1583
f 1584 1585 1586
f 1587 1588 1589
f 1590 1591 1592
f 1593 1594 1595
f 1596 1597 1598
f 1599 1596 1598
f 1600 1601 1602
f 1603 1604 1605
f 1606 1607 1608
f 1609 1610 1611
f 1612 1613 1614
f 1615 1616 1617
f 1618 1619 1620
f 1621 1622 1623
f 1624 1625 1626
f 1627 1628 1629
f 1630 1631 1632
f 1633 1634 1635
f 1636 1637 1638
f 1639 1640 1641
f 1642 1643 1644
f 1645 1646 1647
f 1648 1649 1650
f 1651 1652 1653
f 1654 1655 1656
f 1657 1658 1659
f 1660 1661 1662
f 1663 1664 1665
f 1666 1667 1668
f 1669 1670 1671
f 1672 1673 1674
f 1675 1676 1677
f 1678 1679 1680
f 1681 1682 1683
f 1684 1685 1686
f 1687 1688 1689
f 1690 1691 1692
f 390 1693 388
f 1694 1695 1696
f 1697 1698 1699
f 1700 1701 1702
f 1703 1704 1705
f 1706 1707 1708
f 1709 1710 1711
f 1712 1713 1714
f 1715 1716 1717
f 1718 1719 1720
f 1721 1722 1723
f 1724 1725 1726
f 1727 1728 1729
f 1730 1731 1732
f 1730 1733 1731
f 1734 1735 1736
f 1737 1738 1739
f 1737 1740 1738
f 1741 1742 1743
f 1744 1745 1746
f 1747 1748 1749
f 1750 1751 1752
f 1753 1754 1755
f 1756 1757 1758
f 1759 1760 1761
f 1762 1763 1764
f 1765 1766 1767
f 1768 1769 1770
f 1771 1772 1773
f 1774 1775 1776
f 1777 1778 1779
f 1780 1781 1782
f 1783 1784 1785
f 1786 1787 1788
f 1789 1790 1791
f 1792 1793 1794
f 1795 1796 1797
f 1795 1798 1796
f 1799 1800 1801
f 1802 1803 1804
f 1802 1805 1803
f 1806 1807 1808
f 1809 1810 1811
f 1812 1813 1814
f 1815 1816 1817
f 1818 1819 1820
f 1821 1822 1823
f 1709 1711 1824
f 1825 1826 1827
f 1828 1829 1830
f 1831 1832 1833
f 1834 1835 1836
f 1837 1838 1839
f 1840 1841 1842
f 1843 1844 1845
f 1846 1847 1848
f 1849 1850 1851
f 1852 1853 1854
f 1855 1856 1857
f 1858 1859 1860
f 1861 1862 1863
f 1864 1865 1866
f 1867 1868 1869
f 1870 1871 1872
f 1873 1874 1875
f 1876 1877 1878
f 1879 1880 1881
f 1882 1883 1884
f 1885 1886 1887
f 1888 1889 1890
f 1891 1892 1893
f 1894 1895 1896
f 1897 1898 1899
f 1900 1901 1902
f 1903 1904 1905
f 1906 1907 1908
f 1909 1910 1911
f 1912 1913 1914
f 1915 1916 1917
f 1918 1919 1920
f 1921 1922 1923
f 1924 1925 1926
f 1927 1928 1929
f 1930 1931 1932
f 1933 1934 1935
f 1936 1937 1938
f 1938 1937 1939
f 1940 1941 1942
f 1943 1944 1945
f 1946 1947 1948
f 1949 1950 1951
f 1952 1953 1954
f 1955 1956 1957
f 1958 1959 1960
f 1961 1962 1963
f 1964 1965 1966
f 1967 1968 1969
f 1970 1971 1972
f 1973 1974 1975
f 1976 1977 1978
f 1979 1980 1981
f 1982 1983 1984
f 1985 1986 1987
f 1988 1989 1990
f 1991 1992 1993
f 1994 1995 1996
f 1997 1996 1995
f 1996 1997 1998
f 1999 1998 1997
f 1998 1999 2000
f 2001 2000 1999
f 2000 2001 2002
f 2003 2002 2001
f 2002 2003 2004
f 2005 2004 2003
f 2004 2005 2006
f 2007 2006 2005
f 2006 2007 2008
f 2009 2008 2007
f 2008 2009 2010
f 2011 2010 2009
f 2010 2011 2012
f 2013 2012 2011
f 2012 2013 2014
f 2015 2016 2017
f 2018 2019 2020
f 2021 2022 2023
f 2024 2025 2026
f 2027 2028 2029
f 2030 2031 2032
f 2033 2034 2035
f 2036 2037 2038
f 2039 2040 2041
f 2042 2043 2044
f 2045 2046 2047
f 2048 2049 2050
f 2051 2052 2053
f 2054 2055 2056
f 2057 2058 2059
f 2060 2061 2062
f 2063 2064 2065
f 2066 2067 2068
f 2067 2066 2069
f 2070 2071 2072
f 2073 2074 2075
f 2076 2077 2078
f 2079 2080 2081
f 2082 2083 2084
f 2085 2086 2087
f 2088 2089 2090
f 2091 2092 2093
f 2094 2095 2096
f 2097 2098 2099
f 2100 2101 2102
f 2103 2104 2105
f 2106 2107 2108
f 2109 2110 2111
f 2111 2110 2112
f 2113 2114 2115
f 2116 2117 2118
f 2119 2120 2121
f 2122 2123 2124
f 2125 2126 2127
f 2128 2129 2130
f 2131 2132 2133
f 2134 2135 2136
f 2137 2138 2139
f 2140 2141 2142
f 2143 2144 2145
f 2146 2147 2148
f 2149 2150 2151
f 2152 2153 2154
f 2154 2153 2155
f 2156 2157 2158
f 2159 2160 2161
f 2162 2163 2164
f 2165 2166 2167
f 2168 2169 2170
f 2171 2172 2173
f 2174 2175 2176
f 2177 2178 2179
f 2180 2181 2182
f 2183 2184 2185
f 2186 2187 2188
f 2189 2190 2191
f 2192 2193 2194
f 2195 2196 2197
f 2198 2199 2200
f 2201 2202 2203
f 2204 2205 2206
f 2207 2208 2209
f 2210 2211 2212
f 2213 2214 2215
f 2216 2217 2218
f 2219 2220 2221
f 2222 2223 2224
f 2225 2226 2227
f 2228 2229 2230
f 2231 2232 2233
f 2234 2235 2236
f 2237 2238 2239
f 2240 2241 2242
f 2243 2244 2245
f 2246 2247 2248
f 2249 2250 2251
f 2252 2253 2254
f 2255 2256 2257
f 2258 2259 2260
f 2261 2262 2263
f 2264 2265 2266
f 2267 2268 2269
f 2270 2271 2272
f 2273 2274 2275
f 2276 2277 2278
f 2279 2280 2281
f 2282 2283 2284
f 2285 2286 2287
f 2288 2289 2290
f 2291 2292 2293
f 2294 2295 2296
f 2297 2298 2299
f 2300 2301 2302
f 2303 2304 2305
f 2306 2307 2308
f 2309 2310 2311
f 2311 2310 2312
f 2313 2314 2315
f 2316 2317 2318
f 2319 2320 2321
f 2322 2323 2324
f 2325 2326 2327
f 2328 2329 2330
f 2331 2332 2333
f 2334 2335 2336
f 2337 2338 2339
f 2337 2339 1196
f 2340 2341 2342
f 2343 2344 2345
f 2346 2347 2348
f 2349 2350 2351
f 2352 2353 2354
f 2355 2356 2357
f 2358 2359 2360
f 2361 2360 2359
f 2362 2363 2364
f 2365 2366 2367
f 2368 2364 2363
f 2369 2367 2366
f 2370 2371 2372
f 2373 2374 2375
f 2376 2375 2374
f 2377 2378 2379
f 2380 2381 2382
f 2383 2379 2378
f 2384 2382 2381
f 2385 2386 2387
f 2388 2389 2390
f 2391 2387 2386
f 2392 2393 2394
f 2395 2396 2397
f 2398 2394 2393
f 2399 2397 2396
f 2400 2401 2402
f 2403 2404 2405
f 2406 2405 2404
f 2407 2408 2409
f 2410 2409 2408
f 2411 2412 2413
f 2414 2413 2412
f 2415 2416 2417
f 2418 2419 2420
f 2421 2422 2423
f 2424 2417 2416
f 2425 2423 2422
f 2426 2427 2428
f 2429 2428 2427
f 2430 2431 2432
f 2433 2434 2435
f 2436 2437 2438
f 2439 2440 2441
f 2442 2441 2440
f 2443 2444 2445
f 2446 2445 2444
f 2447 2448 2449
f 2450 2451 2452
f 2453 2449 2448
f 2454 2455 2456
f 2457 2458 2459
f 2460 2456 2455
f 2461 2459 2458
f 2462 2463 2464
f 2465 2466 2467
f 2468 2469 2470
f 2471 2472 2473
f 2474 2475 2476
f 2477 2478 2479
f 2475 2480 2476
f 2481 2482 2483
f 2484 2485 2486
f 2487 2488 2489
f 2490 2491 2492
f 2493 2494 2495
f 2496 2497 2498
f 2499 2500 2501
f 2502 2503 2504
f 2505 2506 2507
f 2508 2509 2510
f 2511 2512 2513
f 2514 2515 2516
f 2517 2518 2519
f 2520 2521 2522
f 2523 2524 2525
f 2526 2527 2528
f 2527 2526 2529
f 2530 2531 2532
f 2533 2534 2535
f 2536 2537 2538
f 2537 2536 2539
f 2540 2541 2542
f 2543 2544 2545
f 2546 2547 2548
f 2549 2550 2551
f 2552 2553 2554
f 2555 2556 2557
f 2558 2559 2560
f 2561 2555 2557
f 2562 2563 2564
f 2565 2566 2567
f 2568 2569 2570
f 2571 2572 2573
f 2574 2575 2576
f 2577 2578 2579
f 2580 2581 2582
f 2583 2584 2585
f 2586 2587 2588
f 2589 2590 2591
f 2592 2593 2594
f 2595 2596 2597
f 2598 2599 2600
f 2601 2602 2603
f 2604 2605 2606
f 2607 2608 2609
f 2610 2611 2612
f 2613 2614 2615
f 2616 2600 2599
f 2617 2618 2619
f 2620 2621 2622
f 2623 2624 2625
f 2626 2627 2628
f 2629 2630 2631
f 2632 2633 2634
f 2635 2636 2637
f 2638 2639 2640
f 2641 2642 2643
f 2618 2617 2644
f 2645 2646 2647
f 2648 2649 2650
f 2651 2652 2653
f 2654 2655 2656
f 2657 2658 2659
f 2660 2661 2662
f 2663 2664 2665
f 2666 2667 2668
f 2669 2670 2671
f 2672 2673 2674
f 2675 2676 2677
f 2678 2679 2680
f 2681 2682 2683
f 2684 2685 2686
f 2687 2688 2689
f 2690 2691 2692
f 2693 2694 2695
f 2696 2697 2698
f 2699 2700 2701
f 2702 2703 2704
f 2694 2693 2705
f 2706 2707 2708
f 2709 2710 2711
f 2712 2713 2714
f 2715 2716 2717
f 2718 2719 2720
f 2721 2722 2723
f 2724 2725 2726
f 2727 2728 2729
f 2722 2721 2730
f 2731 2729 2728
f 2732 2733 2734
f 2735 2736 2737
f 2738 2739 2740
f 2741 2742 2743
f 2739 2738 2744
f 2745 2746 2747
f 2748 2749 2750
f 2751 2752 2753
f 2754 2755 2756
f 2757 2758 2759
f 2760 2761 2762
f 2763 2764 2765
f 2766 2767 2768
f 2769 2770 2771
f 2772 2762 2761
f 2773 2774 2775
f 2776 2777 2778
f 2779 2780 2781
f 2762 2772 2782
f 2783 2784 2785
f 2786 2787 2788
f 2789 2790 2791
f 2792 2793 2794
f 2795 2796 2797
f 2777 2776 2798
f 2799 2800 2801
f 2802 2803 2804
f 2805 2806 2807
f 2800 2799 2808
f 2809 2810 2811
f 2812 2813 2814
f 2815 2816 2817
f 2818 2819 2820
f 2821 2822 2823
f 2824 2825 2826
f 2827 2828 2829
f 2822 2821 2830
f 2831 2832 2833
f 2834 2835 2836
f 2837 2838 2839
f 2840 2841 2842
f 2843 2844 2845
f 2846 2847 2848
f 2849 2850 2851
f 2852 2853 2854
f 2855 2856 2857
f 2858 2859 2860
f 2861 2862 2863
f 2864 2865 2866
f 2867 2868 2869
f 2870 2871 2872
f 2873 2874 2875
f 2876 2877 2878
f 2879 2880 2881
f 2882 2883 2884
f 2885 2886 2887
f 2888 2889 2890
f 2891 2892 2893
f 2894 2895 2896
f 2897 2898 2899
f 2900 2901 2902
f 2903 2904 2905
f 2906 2907 2908
f 2909 2910 2911
f 2912 2913 2914
f 2915 2916 2917
f 2918 2919 2920
f 2921 2922 2923
f 2924 2925 2926
f 2927 2928 2929
f 2930 2931 2932
f 2933 2934 2935
f 2936 2937 2938
f 2939 2940 2941
f 2942 2943 2944
f 2945 2935 2934
f 2946 2947 2948
f 2949 2950 2951
f 2952 2953 2954
f 2955 2956 2957
f 2958 2959 2960
f 2961 2962 2963
f 2963 2962 2964
f 2959 2958 2965
f 2966 2967 2968
f 2969 2970 2971
f 2972 2973 2974
f 2975 2976 2977
f 2978 2979 2980
f 2963 2964 2981
f 2982 2983 2984
f 2985 2986 2987
f 2988 2989 2990
f 2991 2992 2993
f 2994 2995 2996
f 2994 2996 2997
f 2998 2999 3000
f 3001 3002 3003
f 3004 3005 3006
f 3007 3008 2347
f 1841 1840 3009
f 3010 3011 3012
f 3013 3014 3015
f 3016 3017 3018
f 3019 3020 3021
f 3022 3023 3024
f 3025 3026 3027
f 3017 3016 3028
f 3029 3030 3031
f 3032 3033 3034
f 3035 3036 3037
f 3038 3039 3040
f 3041 3042 3043
f 3044 3045 3046
f 3047 3048 3049
f 3050 3051 3052
f 3053 3054 3055
f 3056 3057 3058
f 3059 3060 3061
f 3062 3063 3064
f 3065 3066 3067
f 3068 3069 3070
f 3071 3072 3073
f 3060 3059 3074
f 3075 3076 3077
f 3078 3079 3080
f 3081 3082 3083
f 3084 3085 3086
f 3087 3088 3089
f 3090 3091 3092
f 3093 3094 3095
f 3096 3097 3098
f 3099 3100 3101
f 3102 3103 3104
f 3105 3106 3107
f 3108 3109 3110
f 3111 3112 3113
f 3114 3115 3116
f 3117 3118 3119
f 3120 3121 3122
f 3123 3124 3125
f 3126 3127 3128
f 3129 3130 3131
f 3132 3133 3134
f 3135 3136 3137
f 3138 3139 3140
f 3141 3142 3143
f 3144 3145 3146
f 3147 3148 3149
f 3150 3151 3152
f 3153 3154 3155
f 3156 3157 3158
f 3159 3160 3161
f 3162 3163 3164
f 3165 3166 3167
f 3168 3169 3170
f 3171 3172 3173
f 3174 3175 3176
f 3177 3178 3179
f 3180 3181 3182
f 3183 3184 3185
f 3186 3187 3188
f 3187 3186 3189
f 3190 3191 3192
f 3193 3185 3184
f 3194 3195 3196
f 3197 3198 3199
f 3200 3201 3202
f 3203 3204 3205
f 3206 3207 3208
f 3209 3210 3211
f 3212 3213 3214
f 3215 3216 3217
f 3218 3219 3220
f 3221 3222 3223
f 3224 3225 3226
f 3227 3228 3229
f 3230 3231 3232
f 3219 3218 3233
f 3234 3214 3213
f 3235 3236 3237
f 3238 3239 3240
f 3241 3242 3243
f 3244 3245 3246
f 3247 3248 3249
f 3250 3251 3252
f 3253 3254 3255
f 3256 3257 3258
f 3259 3260 3261
f 3262 3263 3264
f 3260 3259 3265
f 3266 3267 3268
f 3269 3270 3271
f 3272 3273 3274
f 3275 3276 3277
f 3267 3266 3278
f 3279 3280 3281
f 3282 3283 3284
f 3285 3286 3287
f 3288 3289 3290
f 3291 3292 3293
f 3294 3295 3296
f 3297 3298 3299
f 3300 3301 3302
f 3303 3304 3305
f 3306 3307 3308
f 3309 3310 3311
f 3312 3313 3314
f 3315 3316 3317
f 3318 3319 3320
f 3321 3322 3323
f 3324 3325 3326
f 3327 3328 3329
f 3330 3331 3332
f 3333 3334 3335
f 3336 3337 3338
f 3339 3340 3341
f 3342 3343 3344
f 3345 3346 3347
f 3348 3349 3350
f 3351 3350 3349
f 3352 3353 3354
f 3355 3356 3357
f 3350 3351 3358
f 3359 3360 3361
f 3362 3363 3364
f 3365 3366 3367
f 3367 3366 3368
f 3369 3370 3371
f 3372 3373 3374
f 3375 3376 3377
f 1126 3378 1131
f 3379 3380 3381
f 3382 3383 3384
f 3385 3386 3387
f 3388 3389 3390
f 3391 3392 3393
f 3394 3382 3395
f 3396 3397 3398

