# https://github.com/mikedh/trimesh
mtllib material.mtl

o wrist_001
usemtl material_0
v 2.15348005 -10.50041008 13.22519970
v 0.78347999 -10.60041046 7.45848989
v 2.31714010 -10.60041046 7.13250017
v -0.07689000 -10.50041008 13.39923000
v -0.78444999 -10.60041046 7.45848989
v -29.29788017 4.28653002 17.06409073
v -30.07768059 4.28939009 23.02099037
v -29.31952095 5.79024982 23.03186989
v -27.61935997 7.12428999 17.71068001
v -29.31952095 5.79024982 23.03186989
v -28.29540062 7.12389994 23.04268074
v -29.29788017 4.28653002 17.06409073
v -29.31952095 5.79024982 23.03186989
v -27.61935997 7.12428999 17.71068001
v -25.28474045 9.10898018 19.71423912
v -28.29540062 7.12389994 23.04268074
v -27.04103088 8.24380970 23.05340958
v -25.28474045 9.10898018 19.71423912
v -27.04103088 8.24380970 23.05340958
v -25.59235001 9.09638977 23.03309059
v -4.61565018 -10.50041008 -12.58069992
v -3.75047994 -10.60041046 -6.49561024
v -6.72997999 -10.50039959 -11.58821011
v -6.72997999 -10.50039959 -11.58821011
v -3.75047994 -10.60041046 -6.49561024
v -8.63984966 -10.50039959 -10.24365997
v -5.01897001 -10.60041046 -5.57400990
v -10.28724003 -10.50039959 -8.58790016
v -11.62209034 -10.50039959 -6.67123985
v -6.06810999 -10.60041046 -4.40881014
v -11.62209034 -10.50039959 -6.67123985
v -6.06810999 -10.60041046 -4.40881014
v -12.60385990 -10.50039959 -4.55190992
v -6.85207987 -10.60039997 -3.05095005
v -12.60385990 -10.50039959 -4.55190992
v -6.85207987 -10.60039997 -3.05095005
v -13.20271015 -10.50039959 -2.29430008
v -13.20271015 -10.50039959 -2.29430008
v -7.33658981 -10.60041046 -1.55975997
v -7.33658981 -10.60041046 -1.55975997
v -7.50049019 -10.60041046 -0.00042000
v -13.40044022 -10.50039959 0.03300000
v -7.33658981 -10.60041046 1.55892003
v -13.40044022 -10.50039959 0.03300000
v -7.33658981 -10.60041046 1.55892003
v -13.10622978 -10.46706009 3.30982995
v -6.85207987 -10.60041046 3.05010009
v -13.10622978 -10.46706009 3.30982995
v -6.85207987 -10.60041046 3.05010009
v -12.34418964 -10.50039959 5.65163994
v -11.34844971 -10.49318027 7.12164021
v -12.34418964 -10.50039959 5.65163994
v -6.85207987 -10.60041046 3.05010009
v -11.34844971 -10.49318027 7.12164021
v -6.06812000 -10.60041046 4.40796995
v -9.99131012 -10.50039959 8.92936993
v -9.99131012 -10.50039959 8.92936993
v -6.06812000 -10.60041046 4.40796995
v -5.01897001 -10.60041046 5.57317019
v -8.36660957 -10.50041008 10.46691990
v -6.50868988 -10.50041008 11.71282959
v -3.75048995 -10.60041046 6.49477005
v -6.50868988 -10.50041008 11.71282959
v -3.75048995 -10.60041046 6.49477005
v -4.46929979 -10.50041008 12.63232994
v -8.36658955 10.49958992 10.46693993
v -6.50867987 10.49958992 11.71284008
v -5.01896000 10.59959030 5.57317019
v -9.99129009 10.49960041 8.92938995
v -6.06810999 10.59959030 4.40796995
v -11.33782959 10.49960041 7.14268017
v -6.85206985 10.59959984 3.05010009
v -12.47476959 10.49960041 5.26738977
v -13.08897018 10.47856045 3.10285997
v -12.47476959 10.49960041 5.26738977
v -6.85206985 10.59959984 3.05010009
v -13.08897018 10.47856045 3.10285997
v -6.85206985 10.59959984 3.05010009
v -7.33658981 10.59959984 1.55892003
v -13.40044022 10.49960041 0.03300000
v -13.40044022 10.49960041 0.03300000
v -7.33658981 10.59959984 1.55892003
v -7.50048018 10.59959984 -0.00042000
v -13.20269966 10.49960041 -2.29430008
v -7.33658981 10.59959984 -1.55975997
v -12.60385990 10.49960041 -4.55190992
v -12.60385990 10.49960041 -4.55190992
v -7.33658981 10.59959984 -1.55975997
v -6.85206985 10.59959984 -3.05095005
v -11.62209034 10.49960041 -6.67123985
v -11.62209034 10.49960041 -6.67123985
v -6.85206985 10.59959984 -3.05095005
v -6.06810999 10.59959984 -4.40881014
v -10.28724003 10.49960041 -8.58790016
v -5.01896000 10.59959984 -5.57400990
v -8.63984966 10.49960041 -10.24365997
v -6.72997999 10.49960041 -11.58821011
v -12.60385990 10.49960041 -4.55190992
v -12.60385990 -0.00040000 -4.55190992
v -13.05893993 0.99959999 -3.00665998
v -13.09158039 -1.00049996 -2.92509007
v -12.60385990 -0.00040000 -4.55190992
v -12.60385990 -10.50039959 -4.55190992
v -13.09158039 -1.00049996 -2.92509007
v -12.60385990 -0.00040000 -4.55190992
v -12.60385990 10.49960041 -4.55190992
v -11.62209034 10.49960041 -6.67123985
v -12.60385990 -10.50039959 -4.55190992
v -12.60385990 -10.50039959 -4.55190992
v -13.20271015 -10.50039959 -2.29430008
v -13.09158039 -1.00049996 -2.92509007
v -14.24722004 -3.28158998 -1.25828004
v -14.47511959 -5.33858013 -0.21095000
v -19.57957077 -4.29047012 2.24732995
v -19.57957077 -4.29047012 2.24732995
v -14.47511959 -5.33858013 -0.21095000
v -14.62640953 -7.17487001 1.26451004
v -30.41645050 0.99959999 19.53490067
v -30.70290947 -1.00074995 23.02165031
v -30.69927025 0.99943000 23.04174042
v -30.70290947 -1.00074995 23.02165031
v -30.41642952 -1.00039995 19.53470039
v -30.54342079 -2.67451000 23.01016045
v -30.41642952 -1.00039995 19.53470039
v -30.07768059 -4.29019022 23.02099037
v -30.54342079 -2.67451000 23.01016045
v -30.41642952 -1.00039995 19.53470039
v -30.41645050 0.99959999 19.53490067
v -29.69562912 0.99959999 16.13402939
v -30.41642952 -1.00039995 19.53470039
v -23.24654961 -9.10978031 13.51576042
v -21.94928932 -9.39937973 14.24081039
v -23.19524956 -9.38724041 17.47330093
v -23.24654961 -9.10978031 13.51576042
v -23.19524956 -9.38724041 17.47330093
v -24.67523956 -9.10978031 17.11820030
v -29.69556046 -1.00039995 16.13376999
v -28.54961967 0.99959999 12.85194016
v -29.69556046 -1.00039995 16.13376999
v -29.69562912 0.99959999 16.13402939
v -28.54948044 -1.00039995 12.85161972
v -21.05293083 -6.40666008 20.48502922
v -21.30143929 6.40652990 23.02323914
v -21.30162048 -6.40749979 23.03940964
v -21.05293083 6.40584993 20.48502922
v -20.45401955 -6.40666008 18.02602005
v -21.05293083 6.40584993 20.48502922
v -21.05293083 -6.40666008 20.48502922
v -20.45401955 6.40584993 18.02602005
v -19.51433945 -6.40666008 15.67261028
v -20.45401955 6.40584993 18.02602005
v -20.45401955 -6.40666008 18.02602005
v 2.31715012 10.59959984 -7.13333988
v 0.78347999 10.59959984 -7.45934010
v 1.46270001 15.39958954 -7.35630989
v -0.00048000 15.39958954 -7.50042009
v 1.46270001 15.39958954 -7.35630989
v 0.78347999 10.59959984 -7.45934010
v 0.78347999 10.59959984 -7.45934010
v -0.78444999 10.59959984 -7.45934010
v -0.00048000 15.39958954 -7.50042009
v -1.46366000 15.39958954 -7.35630989
v -0.00048000 15.39958954 -7.50042009
v -0.78444999 10.59959984 -7.45934010
v -0.78444999 10.59959984 -7.45934010
v -2.31810999 10.59959984 -7.13333988
v -1.46366000 15.39958954 -7.35630989
v -2.87061000 15.39958954 -6.92952013
v -1.46366000 15.39958954 -7.35630989
v -2.31810999 10.59959984 -7.13333988
v -2.31810999 10.59959984 -7.13333988
v -3.75047994 10.59959984 -6.49561024
v -2.87061000 15.39958954 -6.92952013
v -4.16726017 15.39958954 -6.23644018
v -2.87061000 15.39958954 -6.92952013
v -3.75047994 10.59959984 -6.49561024
v -3.75047994 10.59959984 -6.49561024
v -5.01896000 10.59959984 -5.57400990
v -4.16726017 15.39958954 -6.23644018
v -5.30378008 15.39958954 -5.30372000
v -4.16726017 15.39958954 -6.23644018
v -5.01896000 10.59959984 -5.57400990
v -5.01896000 10.59959984 -5.57400990
v -6.06810999 10.59959984 -4.40881014
v -5.30378008 15.39958954 -5.30372000
v -6.23649979 15.39958954 -4.16720009
v -5.30378008 15.39958954 -5.30372000
v -6.06810999 10.59959984 -4.40881014
v -6.06810999 10.59959984 -4.40881014
v -6.85206985 10.59959984 -3.05095005
v -6.23649979 15.39958954 -4.16720009
v -6.92958021 15.39960003 -2.87054992
v -6.23649979 15.39958954 -4.16720009
v -6.85206985 10.59959984 -3.05095005
v -6.85206985 10.59959984 -3.05095005
v -7.33658981 10.59959984 -1.55975997
v -6.92958021 15.39960003 -2.87054992
v -7.35636997 15.39958954 -1.46360004
v -6.92958021 15.39960003 -2.87054992
v -7.33658981 10.59959984 -1.55975997
v -7.33658981 10.59959984 -1.55975997
v -7.50048018 10.59959984 -0.00042000
v -7.35636997 15.39958954 -1.46360004
v -7.50048018 15.39958954 -0.00042000
v -7.35636997 15.39958954 -1.46360004
v -7.50048018 10.59959984 -0.00042000
v 1.95200002 15.39958954 -4.05478001
v 1.00085998 15.39958954 -4.38759995
v 1.59524000 13.89958954 -4.20799017
v 0.54193002 13.89958954 -4.46760988
v 1.59524000 13.89958954 -4.20799017
v 1.00085998 15.39958954 -4.38759995
v 1.00085998 15.39958954 -4.38759995
v -0.00048000 15.39958954 -4.50042009
v 0.54193002 13.89958954 -4.46760988
v -0.54290003 13.89958954 -4.46760988
v 0.54193002 13.89958954 -4.46760988
v -0.00048000 15.39958954 -4.50042009
v -0.00048000 15.39958954 -4.50042009
v -1.00181997 15.39958954 -4.38759995
v -0.54290003 13.89958954 -4.46760988
v -1.59619999 13.89958954 -4.20799017
v -0.54290003 13.89958954 -4.46760988
v -1.00181997 15.39958954 -4.38759995
v -1.00181997 15.39958954 -4.38759995
v -1.95296001 15.39958954 -4.05478001
v -1.59619999 13.89958954 -4.20799017
v -2.55677009 13.89958954 -3.70385003
v -1.59619999 13.89958954 -4.20799017
v -1.95296001 15.39958954 -4.05478001
v -1.95296001 15.39958954 -4.05478001
v -2.80619001 15.39958954 -3.51866007
v -2.55677009 13.89958954 -3.70385003
v -3.36877990 13.89958954 -2.98446989
v -2.55677009 13.89958954 -3.70385003
v -2.80619001 15.39958954 -3.51866007
v -2.80619001 15.39958954 -3.51866007
v -3.51871991 15.39958954 -2.80611992
v -3.36877990 13.89958954 -2.98446989
v -3.98502994 13.89958954 -2.09167004
v -3.36877990 13.89958954 -2.98446989
v -3.51871991 15.39958954 -2.80611992
v -3.51871991 15.39958954 -2.80611992
v -4.05484009 15.39958954 -1.95290005
v -3.98502994 13.89958954 -2.09167004
v -4.36971998 13.89958954 -1.07734001
v -3.98502994 13.89958954 -2.09167004
v -4.05484009 15.39958954 -1.95290005
v -4.05484009 15.39958954 -1.95290005
v -4.38766003 15.39958954 -1.00176001
v -4.36971998 13.89958954 -1.07734001
v -4.50048018 13.89958954 -0.00042000
v -4.36971998 13.89958954 -1.07734001
v -4.50048018 15.39958954 -0.00042000
v -4.36971998 13.89958954 -1.07734001
v -4.38766003 15.39958954 -1.00176001
v -4.50048018 15.39958954 -0.00042000
v -4.50048018 15.39958954 -0.00042000
v -4.38766003 15.39958954 1.00092995
v -4.50048018 13.89958954 -0.00042000
v -4.36971998 13.89958954 1.07650006
v -4.50048018 13.89958954 -0.00042000
v -4.38766003 15.39958954 1.00092995
v -4.38766003 15.39958954 1.00092995
v -4.05484009 15.39958954 1.95205998
v -4.36971998 13.89958954 1.07650006
v -3.98502994 13.89958954 2.09083009
v -4.36971998 13.89958954 1.07650006
v -4.05484009 15.39958954 1.95205998
v -4.05484009 15.39958954 1.95205998
v -3.51871991 15.39958954 2.80527997
v -3.98502994 13.89958954 2.09083009
v -3.36877990 13.89958954 2.98362994
v -3.98502994 13.89958954 2.09083009
v -3.51871991 15.39958954 2.80527997
v -3.51871991 15.39958954 2.80527997
v -2.80619001 15.39958954 3.51781988
v -3.36877990 13.89958954 2.98362994
v -2.55677009 13.89958954 3.70301008
v -3.36877990 13.89958954 2.98362994
v -2.80619001 15.39958954 3.51781988
v -2.80619001 15.39958954 3.51781988
v -1.95296001 15.39958954 4.05393982
v -2.55677009 13.89958954 3.70301008
v -1.59621000 13.89958954 4.20714998
v -2.55677009 13.89958954 3.70301008
v -1.95296001 15.39958954 4.05393982
v -1.95296001 15.39958954 4.05393982
v -1.00182998 15.39958954 4.38676023
v -1.59621000 13.89958954 4.20714998
v -0.54290003 13.89958954 4.46677017
v -1.59621000 13.89958954 4.20714998
v -1.00182998 15.39958954 4.38676023
v -1.00182998 15.39958954 4.38676023
v -0.00048000 15.39958954 4.49957991
v -0.54290003 13.89958954 4.46677017
v 0.54193002 13.89958954 4.46677017
v -0.54290003 13.89958954 4.46677017
v -0.00048000 15.39958954 4.49957991
v -0.00048000 15.39958954 4.49957991
v 1.00085998 15.39958954 4.38676023
v 0.54193002 13.89958954 4.46677017
v 1.59524000 13.89958954 4.20714998
v 0.54193002 13.89958954 4.46677017
v 1.00085998 15.39958954 4.38676023
v 1.00085998 15.39958954 4.38676023
v 1.95199001 15.39958954 4.05393982
v 1.59524000 13.89958954 4.20714998
v -0.54290003 13.89958954 -4.46760988
v -1.59619999 13.89958954 -4.20799017
v 0.54193002 13.89958954 -4.46760988
v 1.59524000 13.89958954 -4.20799017
v -2.55677009 13.89958954 -3.70385003
v 2.55580997 13.89958954 -3.70385003
v -3.36877990 13.89958954 -2.98446989
v 3.36782002 13.89958954 -2.98446989
v -3.98502994 13.89958954 -2.09167004
v 3.98407006 13.89958954 -2.09167004
v -4.36971998 13.89958954 -1.07734001
v 4.36876011 13.89958954 -1.07734001
v -4.50048018 13.89958954 -0.00042000
v 4.49951982 13.89958954 -0.00042000
v -4.36971998 13.89958954 1.07650006
v 4.36876011 13.89958954 1.07650006
v -3.98502994 13.89958954 2.09083009
v 3.98407006 13.89958954 2.09083009
v -3.36877990 13.89958954 2.98362994
v 3.36782002 13.89958954 2.98362994
v -2.55677009 13.89958954 3.70301008
v 2.55580997 13.89958954 3.70301008
v -1.59621000 13.89958954 4.20714998
v 1.59524000 13.89958954 4.20714998
v -0.54290003 13.89958954 4.46677017
v 0.54193002 13.89958954 4.46677017
v -7.50048018 10.59959984 -0.00042000
v -7.33658981 10.59959984 1.55892003
v -7.50048018 15.39958954 -0.00042000
v -7.33658981 10.59959984 1.55892003
v -7.35636997 15.39958954 1.46275997
v -7.50048018 15.39958954 -0.00042000
v -6.92958021 15.39958954 2.86970997
v -7.35636997 15.39958954 1.46275997
v -7.33658981 10.59959984 1.55892003
v -7.33658981 10.59959984 1.55892003
v -6.85206985 10.59959984 3.05010009
v -6.92958021 15.39958954 2.86970997
v -6.23650980 15.39958954 4.16635990
v -6.92958021 15.39958954 2.86970997
v -6.85206985 10.59959984 3.05010009
v -6.85206985 10.59959984 3.05010009
v -6.06810999 10.59959030 4.40796995
v -6.23650980 15.39958954 4.16635990
v -5.30378008 15.39958954 5.30287981
v -6.23650980 15.39958954 4.16635990
v -6.06810999 10.59959030 4.40796995
v -6.06810999 10.59959030 4.40796995
v -5.01896000 10.59959030 5.57317019
v -5.30378008 15.39958954 5.30287981
v -4.16726017 15.39958954 6.23559999
v -5.30378008 15.39958954 5.30287981
v -5.01896000 10.59959030 5.57317019
v -5.01896000 10.59959030 5.57317019
v -3.75047994 10.59959030 6.49477005
v -4.16726017 15.39958954 6.23559999
v -2.87061000 15.39958954 6.92867994
v -4.16726017 15.39958954 6.23559999
v -3.75047994 10.59959030 6.49477005
v -3.75047994 10.59959030 6.49477005
v -2.31810999 10.59959030 7.13250017
v -2.87061000 15.39958954 6.92867994
v -1.46366000 15.39958954 7.35547018
v -2.87061000 15.39958954 6.92867994
v -2.31810999 10.59959030 7.13250017
v -2.31810999 10.59959030 7.13250017
v -0.78444999 10.59959030 7.45848989
v -1.46366000 15.39958954 7.35547018
v -0.00048000 15.39958954 7.49957991
v -1.46366000 15.39958954 7.35547018
v -0.78444999 10.59959030 7.45848989
v -0.78444999 10.59959030 7.45848989
v 0.78347999 10.59959030 7.45848989
v -0.00048000 15.39958954 7.49957991
v 1.46269000 15.39958954 7.35547018
v -0.00048000 15.39958954 7.49957991
v 0.78347999 10.59959030 7.45848989
v 0.78347999 10.59959030 7.45848989
v 2.31714010 10.59959030 7.13250017
v 1.46269000 15.39958954 7.35547018
v 0.78347999 10.59959984 -7.45934010
v 2.31715012 10.59959984 -7.13333988
v 2.29246998 10.49958992 -13.20291042
v 2.31714010 10.59959030 7.13250017
v 0.78347999 10.59959030 7.45848989
v 2.15348005 10.49958992 13.22519970
v -0.03484000 10.49958992 -13.40050983
v -0.07688000 10.49958992 13.39923000
v -0.78444999 10.59959984 -7.45934010
v -0.78444999 10.59959030 7.45848989
v -2.36110997 10.49958992 -13.19097996
v -2.31810999 10.59959984 -7.13333988
v -2.30522990 10.49958992 13.19976044
v -4.46928978 10.49958992 12.63234043
v -2.31810999 10.59959030 7.13250017
v -4.61565018 10.49958992 -12.58069992
v -3.75047994 10.59959984 -6.49561024
v -2.31810999 10.59959984 -7.13333988
v -4.61565018 10.49958992 -12.58069992
v -2.31810999 10.59959030 7.13250017
v -3.75047994 10.59959030 6.49477005
v -4.46928978 10.49958992 12.63234043
v -6.50867987 10.49958992 11.71284008
v -6.72997999 10.49960041 -11.58821011
v -3.75047994 10.59959984 -6.49561024
v -3.75047994 10.59959030 6.49477005
v 2.31714010 -10.60041046 7.13250017
v 0.78347999 -10.60041046 7.45848989
v 1.46269000 -15.40040970 7.35547018
v -0.00049000 -15.40040970 7.49957991
v 1.46269000 -15.40040970 7.35547018
v 0.78347999 -10.60041046 7.45848989
v 0.78347999 -10.60041046 7.45848989
v -0.78444999 -10.60041046 7.45848989
v -0.00049000 -15.40040970 7.49957991
v -1.46367002 -15.40040970 7.35547018
v -0.00049000 -15.40040970 7.49957991
v -0.78444999 -10.60041046 7.45848989
v -0.78444999 -10.60041046 7.45848989
v -2.31810999 -10.60041046 7.13250017
v -1.46367002 -15.40040970 7.35547018
v -2.87061000 -15.40040970 6.92867994
v -1.46367002 -15.40040970 7.35547018
v -2.31810999 -10.60041046 7.13250017
v -2.31810999 -10.60041046 7.13250017
v -3.75048995 -10.60041046 6.49477005
v -2.87061000 -15.40040970 6.92867994
v -4.16727018 -15.40040970 6.23559999
v -2.87061000 -15.40040970 6.92867994
v -3.75048995 -10.60041046 6.49477005
v -3.75048995 -10.60041046 6.49477005
v -5.01897001 -10.60041046 5.57317019
v -4.16727018 -15.40040970 6.23559999
v -5.30379009 -15.40040970 5.30287981
v -4.16727018 -15.40040970 6.23559999
v -5.01897001 -10.60041046 5.57317019
v -5.01897001 -10.60041046 5.57317019
v -6.06812000 -10.60041046 4.40796995
v -5.30379009 -15.40040970 5.30287981
v -6.23650980 -15.40040970 4.16635990
v -5.30379009 -15.40040970 5.30287981
v -6.06812000 -10.60041046 4.40796995
v -6.06812000 -10.60041046 4.40796995
v -6.85207987 -10.60041046 3.05010009
v -6.23650980 -15.40040970 4.16635990
v -6.92958021 -15.40040016 2.86970997
v -6.23650980 -15.40040970 4.16635990
v -6.85207987 -10.60041046 3.05010009
v -6.85207987 -10.60041046 3.05010009
v -7.33658981 -10.60041046 1.55892003
v -6.92958021 -15.40040016 2.86970997
v -7.35637999 -15.40040016 1.46275997
v -6.92958021 -15.40040016 2.86970997
v -7.33658981 -10.60041046 1.55892003
v -7.33658981 -10.60041046 1.55892003
v -7.50049019 -10.60041046 -0.00042000
v -7.35637999 -15.40040016 1.46275997
v -7.50049019 -15.40040016 -0.00042000
v -7.35637999 -15.40040016 1.46275997
v -7.50049019 -10.60041046 -0.00042000
v -7.50049019 -10.60041046 -0.00042000
v -7.33658981 -10.60041046 -1.55975997
v -7.50049019 -15.40040016 -0.00042000
v -7.33658981 -10.60041046 -1.55975997
v -7.35637999 -15.40040016 -1.46360004
v -7.50049019 -15.40040016 -0.00042000
v -6.92958021 -15.40040016 -2.87054992
v -7.35637999 -15.40040016 -1.46360004
v -7.33658981 -10.60041046 -1.55975997
v -7.33658981 -10.60041046 -1.55975997
v -6.85207987 -10.60039997 -3.05095005
v -6.92958021 -15.40040016 -2.87054992
v -6.23650980 -15.40040016 -4.16720009
v -6.92958021 -15.40040016 -2.87054992
v -6.85207987 -10.60039997 -3.05095005
v -6.85207987 -10.60039997 -3.05095005
v -6.06810999 -10.60041046 -4.40881014
v -6.23650980 -15.40040016 -4.16720009
v -5.30379009 -15.40040016 -5.30372000
v -6.23650980 -15.40040016 -4.16720009
v -6.06810999 -10.60041046 -4.40881014
v -6.06810999 -10.60041046 -4.40881014
v -5.01897001 -10.60041046 -5.57400990
v -5.30379009 -15.40040016 -5.30372000
v -4.16726017 -15.40040016 -6.23644018
v -5.30379009 -15.40040016 -5.30372000
v -5.01897001 -10.60041046 -5.57400990
v -5.01897001 -10.60041046 -5.57400990
v -3.75047994 -10.60041046 -6.49561024
v -4.16726017 -15.40040016 -6.23644018
v -2.87061000 -15.40040016 -6.92952013
v -4.16726017 -15.40040016 -6.23644018
v -3.75047994 -10.60041046 -6.49561024
v -3.75047994 -10.60041046 -6.49561024
v -2.31810999 -10.60041046 -7.13333988
v -2.87061000 -15.40040016 -6.92952013
v -1.46366000 -15.40040016 -7.35630989
v -2.87061000 -15.40040016 -6.92952013
v -2.31810999 -10.60041046 -7.13333988
v -2.31810999 -10.60041046 -7.13333988
v -0.78444999 -10.60041046 -7.45934010
v -1.46366000 -15.40040016 -7.35630989
v -0.00049000 -15.40040016 -7.50042009
v -1.46366000 -15.40040016 -7.35630989
v -0.78444999 -10.60041046 -7.45934010
v -0.78444999 -10.60041046 -7.45934010
v 0.78347999 -10.60041046 -7.45934010
v -0.00049000 -15.40040016 -7.50042009
v 1.46269000 -15.40040016 -7.35630989
v -0.00049000 -15.40040016 -7.50042009
v 0.78347999 -10.60041046 -7.45934010
v 0.78347999 -10.60041046 -7.45934010
v 2.31714010 -10.60041046 -7.13333988
v 1.46269000 -15.40040016 -7.35630989
v -4.61565018 -10.50041008 -12.58069992
v -2.36109996 -10.50041008 -13.19097996
v -3.75047994 -10.60041046 -6.49561024
v -2.30523992 -10.50041008 13.19976044
v -4.46929979 -10.50041008 12.63232994
v -2.31810999 -10.60041046 7.13250017
v -2.31810999 -10.60041046 7.13250017
v -2.31810999 -10.60041046 -7.13333988
v -2.36109996 -10.50041008 -13.19097996
v -0.03483000 -10.50041008 -13.40050983
v -2.31810999 -10.60041046 -7.13333988
v -0.78444999 -10.60041046 -7.45934010
v 0.78347999 -10.60041046 -7.45934010
v 2.29247999 -10.50041008 -13.20291042
v 2.31714010 -10.60041046 -7.13333988
v -14.54596043 9.10867977 4.25242996
v -14.26037979 9.15721035 4.16294003
v -14.73110008 7.12707996 1.28862000
v -14.26037979 9.15721035 4.16294003
v -14.48771954 7.22567987 1.21112001
v -14.73110008 7.12707996 1.28862000
v -14.19299984 7.34964991 1.09963000
v -14.48771954 7.22567987 1.21112001
v -14.26037979 9.15721035 4.16294003
v -14.26037979 9.15721035 4.16294003
v -13.85801029 9.33975029 3.98340011
v -14.19299984 7.34964991 1.09963000
v -13.95641041 7.52509022 0.93112999
v -14.19299984 7.34964991 1.09963000
v -13.85801029 9.33975029 3.98340011
v -13.85801029 9.33975029 3.98340011
v -13.50539017 9.60548019 3.77502990
v -13.95641041 7.52509022 0.93112999
v -13.63171959 7.84658003 0.62765998
v -13.95641041 7.52509022 0.93112999
v -13.50539017 9.60548019 3.77502990
v -13.50539017 9.60548019 3.77502990
v -13.26844978 9.92961025 3.56702995
v -13.63171959 7.84658003 0.62765998
v -13.47898960 8.13541985 0.34559000
v -13.63171959 7.84658003 0.62765998
v -13.26844978 9.92961025 3.56702995
v -13.26844978 9.92961025 3.56702995
v -13.11172962 10.18750000 3.41006994
v -13.47898960 8.13541985 0.34559000
v -13.40676022 8.41940975 0.07982000
v -13.47898960 8.13541985 0.34559000
v -13.11172962 10.18750000 3.41006994
v -13.11172962 10.18750000 3.41006994
v -13.08897018 10.47856045 3.10285997
v -13.40676022 8.41940975 0.07982000
v -13.40044022 10.49960041 0.03300000
v -13.40676022 8.41940975 0.07982000
v -13.08897018 10.47856045 3.10285997
v -14.73110008 7.12707996 1.28862000
v -14.48771954 7.22567987 1.21112001
v -14.43424988 5.40798998 -0.30267000
v -13.79636002 3.38683009 -1.54025996
v -14.20561981 3.28901005 -1.33376002
v -14.43424988 5.40798998 -0.30267000
v -14.20561981 3.28901005 -1.33376002
v -13.79636002 3.38683009 -1.54025996
v -14.21282005 0.99959999 -1.62019002
v -14.48771954 7.22567987 1.21112001
v -14.19299984 7.34964991 1.09963000
v -14.43424988 5.40798998 -0.30267000
v -13.59057045 1.00858998 -2.05556011
v -14.21282005 0.99959999 -1.62019002
v -13.79636002 3.38683009 -1.54025996
v -14.43424988 5.40798998 -0.30267000
v -13.90641975 5.60704994 -0.55767000
v -13.79636002 3.38683009 -1.54025996
v -13.90641975 5.60704994 -0.55767000
v -14.43424988 5.40798998 -0.30267000
v -14.19299984 7.34964991 1.09963000
v -14.19299984 7.34964991 1.09963000
v -13.95641041 7.52509022 0.93112999
v -13.90641975 5.60704994 -0.55767000
v -13.62561989 5.80286980 -0.82700002
v -13.90641975 5.60704994 -0.55767000
v -13.95641041 7.52509022 0.93112999
v -13.90641975 5.60704994 -0.55767000
v -13.62561989 5.80286980 -0.82700002
v -13.79636002 3.38683009 -1.54025996
v -13.79636002 3.38683009 -1.54025996
v -13.37415028 3.55958009 -2.00871992
v -13.59057045 1.00858998 -2.05556011
v -13.37415028 3.55958009 -2.00871992
v -13.79636002 3.38683009 -1.54025996
v -13.62561989 5.80286980 -0.82700002
v -13.95641041 7.52509022 0.93112999
v -13.63171959 7.84658003 0.62765998
v -13.62561989 5.80286980 -0.82700002
v -13.29065037 0.99959999 -2.43022990
v -13.59057045 1.00858998 -2.05556011
v -13.37415028 3.55958009 -2.00871992
v -13.42833996 6.02566004 -1.14743996
v -13.62561989 5.80286980 -0.82700002
v -13.63171959 7.84658003 0.62765998
v -13.62561989 5.80286980 -0.82700002
v -13.42833996 6.02566004 -1.14743996
v -13.37415028 3.55958009 -2.00871992
v -13.37415028 3.55958009 -2.00871992
v -13.09722996 3.74190998 -2.54411006
v -13.29065037 0.99959999 -2.43022990
v -13.09722996 3.74190998 -2.54411006
v -13.37415028 3.55958009 -2.00871992
v -13.42833996 6.02566004 -1.14743996
v -13.63171959 7.84658003 0.62765998
v -13.47898960 8.13541985 0.34559000
v -13.42833996 6.02566004 -1.14743996
v -13.05893993 0.99959999 -3.00665998
v -13.29065037 0.99959999 -2.43022990
v -13.09722996 3.74190998 -2.54411006
v -13.42833996 6.02566004 -1.14743996
v -13.32796001 6.25339985 -1.48802996
v -13.09722996 3.74190998 -2.54411006
v -13.32796001 6.25339985 -1.48802996
v -13.42833996 6.02566004 -1.14743996
v -13.47898960 8.13541985 0.34559000
v -13.47898960 8.13541985 0.34559000
v -13.40676022 8.41940975 0.07982000
v -13.32796001 6.25339985 -1.48802996
v -14.21282005 0.99959999 -1.62019002
v -13.59057045 1.00858998 -2.05556011
v -14.21282005 -1.00039995 -1.62019002
v -13.55212975 -0.99181998 -2.09744000
v -14.21282005 -1.00039995 -1.62019002
v -13.59057045 1.00858998 -2.05556011
v -13.59057045 1.00858998 -2.05556011
v -13.29065037 0.99959999 -2.43022990
v -13.55212975 -0.99181998 -2.09744000
v -13.25895023 -1.00323999 -2.49002004
v -13.55212975 -0.99181998 -2.09744000
v -13.29065037 0.99959999 -2.43022990
v -13.29065037 0.99959999 -2.43022990
v -13.05893993 0.99959999 -3.00665998
v -13.25895023 -1.00323999 -2.49002004
v -13.09158039 -1.00049996 -2.92509007
v -13.25895023 -1.00323999 -2.49002004
v -13.05893993 0.99959999 -3.00665998
v -13.81941032 -3.37845993 -1.52380002
v -14.24722004 -3.28158998 -1.25828004
v -14.21282005 -1.00039995 -1.62019002
v -14.24722004 -3.28158998 -1.25828004
v -13.81941032 -3.37845993 -1.52380002
v -14.47511959 -5.33858013 -0.21095000
v -14.03223991 -5.53306007 -0.46171001
v -14.47511959 -5.33858013 -0.21095000
v -13.81941032 -3.37845993 -1.52380002
v -14.47511959 -5.33858013 -0.21095000
v -14.03223991 -5.53306007 -0.46171001
v -14.62640953 -7.17487001 1.26451004
v -14.26401043 -7.32158995 1.13379002
v -14.62640953 -7.17487001 1.26451004
v -14.03223991 -5.53306007 -0.46171001
v -14.21282005 -1.00039995 -1.62019002
v -13.55212975 -0.99181998 -2.09744000
v -13.81941032 -3.37845993 -1.52380002
v -13.91213989 -7.54560995 0.91654003
v -14.26401043 -7.32158995 1.13379002
v -14.03223991 -5.53306007 -0.46171001
v -13.38794994 -3.54874992 -1.98317003
v -13.81941032 -3.37845993 -1.52380002
v -13.55212975 -0.99181998 -2.09744000
v -13.81941032 -3.37845993 -1.52380002
v -13.38794994 -3.54874992 -1.98317003
v -14.03223991 -5.53306007 -0.46171001
v -13.58611965 -5.82679987 -0.86263001
v -14.03223991 -5.53306007 -0.46171001
v -13.38794994 -3.54874992 -1.98317003
v -14.03223991 -5.53306007 -0.46171001
v -13.58611965 -5.82679987 -0.86263001
v -13.91213989 -7.54560995 0.91654003
v -13.55212975 -0.99181998 -2.09744000
v -13.25895023 -1.00323999 -2.49002004
v -13.38794994 -3.54874992 -1.98317003
v -13.62985039 -7.86253977 0.60894001
v -13.91213989 -7.54560995 0.91654003
v -13.58611965 -5.82679987 -0.86263001
v -13.25895023 -1.00323999 -2.49002004
v -13.09158039 -1.00049996 -2.92509007
v -13.38794994 -3.54874992 -1.98317003
v -13.19019985 -3.70530009 -2.44497991
v -13.38794994 -3.54874992 -1.98317003
v -13.09158039 -1.00049996 -2.92509007
v -13.38794994 -3.54874992 -1.98317003
v -13.19019985 -3.70530009 -2.44497991
v -13.58611965 -5.82679987 -0.86263001
v -13.32003021 -6.17464018 -1.36950004
v -13.58611965 -5.82679987 -0.86263001
v -13.19019985 -3.70530009 -2.44497991
v -13.58611965 -5.82679987 -0.86263001
v -13.32003021 -6.17464018 -1.36950004
v -13.62985039 -7.86253977 0.60894001
v -13.45036983 -8.20209980 0.28867000
v -13.62985039 -7.86253977 0.60894001
v -13.32003021 -6.17464018 -1.36950004
v -13.45036983 -8.20209980 0.28867000
v -13.32003021 -6.17464018 -1.36950004
v -13.43177032 -8.35834980 0.13871001
v -14.62640953 -7.17487001 1.26451004
v -14.26401043 -7.32158995 1.13379002
v -14.44149017 -9.10328960 4.22508001
v -14.02151966 -9.25673008 4.06270981
v -14.44149017 -9.10328960 4.22508001
v -14.26401043 -7.32158995 1.13379002
v -14.26401043 -7.32158995 1.13379002
v -13.91213989 -7.54560995 0.91654003
v -14.02151966 -9.25673008 4.06270981
v -13.52762032 -9.55665970 3.80314994
v -14.02151966 -9.25673008 4.06270981
v -13.91213989 -7.54560995 0.91654003
v -13.91213989 -7.54560995 0.91654003
v -13.62985039 -7.86253977 0.60894001
v -13.52762032 -9.55665970 3.80314994
v -13.62985039 -7.86253977 0.60894001
v -13.18896961 -10.02900982 3.50121999
v -13.52762032 -9.55665970 3.80314994
v -13.62985039 -7.86253977 0.60894001
v -13.45036983 -8.20209980 0.28867000
v -13.18896961 -10.02900982 3.50121999
v -13.45036983 -8.20209980 0.28867000
v -13.43177032 -8.35834980 0.13871001
v -13.18896961 -10.02900982 3.50121999
v -13.10622978 -10.46706009 3.30982995
v -13.18896961 -10.02900982 3.50121999
v -13.43177032 -8.35834980 0.13871001
v -13.40044022 -10.50039959 0.03300000
v -13.10622978 -10.46706009 3.30982995
v -13.43177032 -8.35834980 0.13871001
v -13.71345997 -8.96541977 7.08198977
v -13.33815002 -8.96162987 6.94724989
v -13.04990005 -7.81858015 7.94861984
v -13.33815002 -8.96162987 6.94724989
v -13.71345997 -8.96541977 7.08198977
v -14.23771954 -9.38276958 5.85688019
v -13.68859959 -9.47941971 5.55454016
v -14.23771954 -9.38276958 5.85688019
v -14.44149017 -9.10328960 4.22508001
v -14.23771954 -9.38276958 5.85688019
v -13.68859959 -9.47941971 5.55454016
v -13.33815002 -8.96162987 6.94724989
v -13.04990005 -7.81858015 7.94861984
v -12.62189007 -7.88430977 7.72701979
v -12.82573032 -6.40666008 8.23381996
v -12.62189007 -7.88430977 7.72701979
v -14.44149017 -9.10328960 4.22508001
v -14.02151966 -9.25673008 4.06270981
v -13.68859959 -9.47941971 5.55454016
v -12.25473022 -6.40498018 7.99781990
v -12.82573032 -6.40666008 8.23381996
v -12.62189007 -7.88430977 7.72701979
v -13.33815002 -8.96162987 6.94724989
v -12.79561043 -9.12582970 6.73785019
v -12.62189007 -7.88430977 7.72701979
v -12.79561043 -9.12582970 6.73785019
v -13.33815002 -8.96162987 6.94724989
v -13.68859959 -9.47941971 5.55454016
v -14.02151966 -9.25673008 4.06270981
v -13.52762032 -9.55665970 3.80314994
v -13.68859959 -9.47941971 5.55454016
v -12.17220020 -7.98916006 7.62231016
v -12.62189007 -7.88430977 7.72701979
v -12.79561043 -9.12582970 6.73785019
v -12.62189007 -7.88430977 7.72701979
v -12.17220020 -7.98916006 7.62231016
v -12.25473022 -6.40498018 7.99781990
v -13.12856960 -9.80029011 5.34116983
v -13.68859959 -9.47941971 5.55454016
v -13.52762032 -9.55665970 3.80314994
v -13.68859959 -9.47941971 5.55454016
v -13.12856960 -9.80029011 5.34116983
v -12.79561043 -9.12582970 6.73785019
v -11.72898006 -6.40560007 7.93280983
v -12.25473022 -6.40498018 7.99781990
v -12.17220020 -7.98916006 7.62231016
v -11.80589962 -8.10198021 7.60052013
v -12.17220020 -7.98916006 7.62231016
v -12.79561043 -9.12582970 6.73785019
v -12.17220020 -7.98916006 7.62231016
v -11.80589962 -8.10198021 7.60052013
v -11.72898006 -6.40560007 7.93280983
v -12.79561043 -9.12582970 6.73785019
v -12.36981964 -9.38179016 6.66782999
v -11.80589962 -8.10198021 7.60052013
v -12.36981964 -9.38179016 6.66782999
v -12.79561043 -9.12582970 6.73785019
v -13.12856960 -9.80029011 5.34116983
v -13.52762032 -9.55665970 3.80314994
v -13.18896961 -10.02900982 3.50121999
v -13.12856960 -9.80029011 5.34116983
v -12.65820026 -10.25671959 5.20334005
v -13.12856960 -9.80029011 5.34116983
v -13.18896961 -10.02900982 3.50121999
v -13.12856960 -9.80029011 5.34116983
v -12.65820026 -10.25671959 5.20334005
v -12.36981964 -9.38179016 6.66782999
v -11.17216015 -6.40682983 8.02416992
v -11.72898006 -6.40560007 7.93280983
v -11.80589962 -8.10198021 7.60052013
v -11.80589962 -8.10198021 7.60052013
v -11.38434982 -8.27721024 7.68077993
v -11.17216015 -6.40682983 8.02416992
v -11.38434982 -8.27721024 7.68077993
v -11.80589962 -8.10198021 7.60052013
v -12.36981964 -9.38179016 6.66782999
v -12.05107021 -9.64641953 6.67053986
v -12.36981964 -9.38179016 6.66782999
v -12.65820026 -10.25671959 5.20334005
v -12.36981964 -9.38179016 6.66782999
v -12.05107021 -9.64641953 6.67053986
v -11.38434982 -8.27721024 7.68077993
v -11.38434982 -8.27721024 7.68077993
v -10.99744034 -8.47381020 7.83888006
v -11.17216015 -6.40682983 8.02416992
v -10.99744034 -8.47381020 7.83888006
v -11.38434982 -8.27721024 7.68077993
v -12.05107021 -9.64641953 6.67053986
v -12.05107021 -9.64641953 6.67053986
v -11.76268005 -9.96988010 6.73570013
v -10.99744034 -8.47381020 7.83888006
v -11.76268005 -9.96988010 6.73570013
v -12.05107021 -9.64641953 6.67053986
v -12.65820026 -10.25671959 5.20334005
v -13.18896961 -10.02900982 3.50121999
v -13.10622978 -10.46706009 3.30982995
v -12.65820026 -10.25671959 5.20334005
v -12.65820026 -10.25671959 5.20334005
v -13.10622978 -10.46706009 3.30982995
v -12.34418964 -10.50039959 5.65163994
v -10.64307022 -6.40915012 8.28320980
v -11.17216015 -6.40682983 8.02416992
v -10.99744034 -8.47381020 7.83888006
v -12.65820026 -10.25671959 5.20334005
v -12.34418964 -10.50039959 5.65163994
v -11.76268005 -9.96988010 6.73570013
v -12.34418964 -10.50039959 5.65163994
v -11.34844971 -10.49318027 7.12164021
v -11.76268005 -9.96988010 6.73570013
v -10.66137028 -8.70709991 8.12063026
v -10.99744034 -8.47381020 7.83888006
v -11.76268005 -9.96988010 6.73570013
v -10.99744034 -8.47381020 7.83888006
v -10.66137028 -8.70709991 8.12063026
v -10.64307022 -6.40915012 8.28320980
v -10.28658962 -6.40669012 8.60037994
v -11.76268005 -9.96988010 6.73570013
v -11.34844971 -10.49318027 7.12164021
v -10.66137028 -8.70709991 8.12063026
v -12.82573032 -6.40666008 8.23381996
v -12.25473022 -6.40498018 7.99781990
v -12.82573032 6.40584993 8.23383045
v -12.29216957 6.40601015 8.00337982
v -12.82573032 6.40584993 8.23383045
v -12.25473022 -6.40498018 7.99781990
v -12.25473022 -6.40498018 7.99781990
v -11.72898006 -6.40560007 7.93280983
v -12.29216957 6.40601015 8.00337982
v -11.80181980 6.40681982 7.93720007
v -12.29216957 6.40601015 8.00337982
v -11.72898006 -6.40560007 7.93280983
v -11.72898006 -6.40560007 7.93280983
v -11.17216015 -6.40682983 8.02416992
v -11.80181980 6.40681982 7.93720007
v -11.13580036 6.40570021 8.03590965
v -11.80181980 6.40681982 7.93720007
v -11.17216015 -6.40682983 8.02416992
v -11.17216015 -6.40682983 8.02416992
v -10.64307022 -6.40915012 8.28320980
v -11.13580036 6.40570021 8.03590965
v -10.73077011 6.40590000 8.22360992
v -11.13580036 6.40570021 8.03590965
v -10.64307022 -6.40915012 8.28320980
v -10.64307022 -6.40915012 8.28320980
v -10.28658962 -6.40669012 8.60037994
v -10.73077011 6.40590000 8.22360992
v -10.25924969 6.40596008 8.62535954
v -10.73077011 6.40590000 8.22360992
v -10.28658962 -6.40669012 8.60037994
v -14.26037979 9.15721035 4.16294003
v -14.54596043 9.10867977 4.25242996
v -14.24571037 9.39142990 5.82464981
v -14.24571037 9.39142990 5.82464981
v -13.74551964 9.47000027 5.58112001
v -14.26037979 9.15721035 4.16294003
v -13.74551964 9.47000027 5.58112001
v -14.24571037 9.39142990 5.82464981
v -13.63307953 8.92521000 7.04130983
v -12.95600986 7.82493019 7.86842012
v -12.55224037 7.89330006 7.70474005
v -13.63307953 8.92521000 7.04130983
v -12.55224037 7.89330006 7.70474005
v -12.95600986 7.82493019 7.86842012
v -12.82573032 6.40584993 8.23383045
v -13.63307953 8.92521000 7.04130983
v -13.03981018 9.03588009 6.82450008
v -13.74551964 9.47000027 5.58112001
v -13.03981018 9.03588009 6.82450008
v -13.63307953 8.92521000 7.04130983
v -12.55224037 7.89330006 7.70474005
v -12.82573032 6.40584993 8.23383045
v -12.29216957 6.40601015 8.00337982
v -12.55224037 7.89330006 7.70474005
v -13.85801029 9.33975029 3.98340011
v -14.26037979 9.15721035 4.16294003
v -13.74551964 9.47000027 5.58112001
v -12.29216957 6.40601015 8.00337982
v -11.80181980 6.40681982 7.93720007
v -12.55224037 7.89330006 7.70474005
v -13.33376026 9.66440964 5.42183018
v -13.74551964 9.47000027 5.58112001
v -13.03981018 9.03588009 6.82450008
v -13.74551964 9.47000027 5.58112001
v -13.33376026 9.66440964 5.42183018
v -13.85801029 9.33975029 3.98340011
v -11.92677975 8.05235004 7.58944988
v -12.55224037 7.89330006 7.70474005
v -11.80181980 6.40681982 7.93720007
v -12.55224037 7.89330006 7.70474005
v -11.92677975 8.05235004 7.58944988
v -13.03981018 9.03588009 6.82450008
v -13.03981018 9.03588009 6.82450008
v -12.56828976 9.24682045 6.69359016
v -13.33376026 9.66440964 5.42183018
v -12.56828976 9.24682045 6.69359016
v -13.03981018 9.03588009 6.82450008
v -11.92677975 8.05235004 7.58944988
v -13.50539017 9.60548019 3.77502990
v -13.85801029 9.33975029 3.98340011
v -13.33376026 9.66440964 5.42183018
v -13.02474022 9.90194035 5.30743980
v -13.33376026 9.66440964 5.42183018
v -12.56828976 9.24682045 6.69359016
v -13.33376026 9.66440964 5.42183018
v -13.02474022 9.90194035 5.30743980
v -13.50539017 9.60548019 3.77502990
v -12.21385002 9.49927998 6.66542006
v -12.56828976 9.24682045 6.69359016
v -11.92677975 8.05235004 7.58944988
v -12.56828976 9.24682045 6.69359016
v -12.21385002 9.49927998 6.66542006
v -13.02474022 9.90194035 5.30743980
v -13.26844978 9.92961025 3.56702995
v -13.50539017 9.60548019 3.77502990
v -13.02474022 9.90194035 5.30743980
v -11.28392982 8.31322002 7.69886017
v -11.92677975 8.05235004 7.58944988
v -11.80181980 6.40681982 7.93720007
v -11.92677975 8.05235004 7.58944988
v -11.28392982 8.31322002 7.69886017
v -12.21385002 9.49927998 6.66542006
v -13.02474022 9.90194035 5.30743980
v -12.64398003 10.38078976 5.24346018
v -13.26844978 9.92961025 3.56702995
v -12.64398003 10.38078976 5.24346018
v -13.02474022 9.90194035 5.30743980
v -12.21385002 9.49927998 6.66542006
v -11.80181980 6.40681982 7.93720007
v -11.13580036 6.40570021 8.03590965
v -11.28392982 8.31322002 7.69886017
v -11.84269047 9.83654976 6.69264984
v -12.21385002 9.49927998 6.66542006
v -11.28392982 8.31322002 7.69886017
v -12.21385002 9.49927998 6.66542006
v -11.84269047 9.83654976 6.69264984
v -12.64398003 10.38078976 5.24346018
v -13.11172962 10.18750000 3.41006994
v -13.26844978 9.92961025 3.56702995
v -12.64398003 10.38078976 5.24346018
v -11.13580036 6.40570021 8.03590965
v -10.73077011 6.40590000 8.22360992
v -11.28392982 8.31322002 7.69886017
v -12.64398003 10.38078976 5.24346018
v -12.47476959 10.49960041 5.26738977
v -13.11172962 10.18750000 3.41006994
v -12.47476959 10.49960041 5.26738977
v -13.08897018 10.47856045 3.10285997
v -13.11172962 10.18750000 3.41006994
v -10.75736046 8.63854027 8.05253029
v -11.28392982 8.31322002 7.69886017
v -10.73077011 6.40590000 8.22360992
v -11.28392982 8.31322002 7.69886017
v -10.75736046 8.63854027 8.05253029
v -11.84269047 9.83654976 6.69264984
v -10.73077011 6.40590000 8.22360992
v -10.25924969 6.40596008 8.62535954
v -10.75736046 8.63854027 8.05253029
v -12.47476959 10.49960041 5.26738977
v -12.64398003 10.38078976 5.24346018
v -11.84269047 9.83654976 6.69264984
v -11.33782959 10.49960041 7.14268017
v -11.84269047 9.83654976 6.69264984
v -10.75736046 8.63854027 8.05253029
v -11.84269047 9.83654976 6.69264984
v -11.33782959 10.49960041 7.14268017
v -12.47476959 10.49960041 5.26738977
v -10.25924969 6.40596008 8.62535954
v -10.58125973 8.76704025 8.21934032
v -10.75736046 8.63854027 8.05253029
v -10.75736046 8.63854027 8.05253029
v -10.58125973 8.76704025 8.21934032
v -11.33782959 10.49960041 7.14268017
v -25.60065079 -9.11085033 23.01347923
v -25.46427917 -9.10978985 20.96733093
v -24.88471031 -9.35136986 23.00377083
v -25.46427917 -9.10978985 20.96733093
v -24.13113976 -9.40305042 23.00178909
v -24.88471031 -9.35136986 23.00377083
v -23.87215042 -9.40192032 20.17844963
v -24.13113976 -9.40305042 23.00178909
v -25.46427917 -9.10978985 20.96733093
v -24.13113976 -9.40305042 23.00178909
v -23.87215042 -9.40192032 20.17844963
v -23.38857079 -9.26546955 23.01383018
v -23.87215042 -9.40192032 20.17844963
v -22.70383072 -8.94546986 23.00735092
v -23.38857079 -9.26546955 23.01383018
v -22.70383072 -8.94546986 23.00735092
v -21.99669075 -8.94589043 18.29033089
v -22.12125969 -8.46693039 23.01969910
v -21.99669075 -8.94589043 18.29033089
v -21.67561913 -7.85565996 23.01202965
v -22.12125969 -8.46693039 23.01969910
v -21.99669075 -8.94589043 18.29033089
v -22.70383072 -8.94546986 23.00735092
v -23.87215042 -9.40192032 20.17844963
v -21.05293083 -6.40666008 20.48502922
v -21.30162048 -6.40749979 23.03940964
v -21.39637947 -7.15635014 23.02858925
v -21.39637947 -7.15635014 23.02858925
v -21.67561913 -7.85565996 23.01202965
v -21.05293083 -6.40666008 20.48502922
v -21.67561913 -7.85565996 23.01202965
v -20.99868011 -7.85505009 18.54457092
v -21.05293083 -6.40666008 20.48502922
v -20.99868011 -7.85505009 18.54457092
v -21.67561913 -7.85565996 23.01202965
v -21.99669075 -8.94589043 18.29033089
v -25.46427917 -9.10978985 20.96733093
v -25.15497017 -9.10978985 19.02627945
v -23.87215042 -9.40192032 20.17844963
v -23.87215042 -9.40192032 20.17844963
v -23.19524956 -9.38724041 17.47330093
v -21.99669075 -8.94589043 18.29033089
v -23.87215042 -9.40192032 20.17844963
v -24.67523956 -9.10978031 17.11820030
v -23.19524956 -9.38724041 17.47330093
v -23.87215042 -9.40192032 20.17844963
v -25.15497017 -9.10978985 19.02627945
v -24.67523956 -9.10978031 17.11820030
v -20.45401955 -6.40666008 18.02602005
v -21.05293083 -6.40666008 20.48502922
v -20.99868011 -7.85505009 18.54457092
v -20.17987061 -8.94589043 13.92521000
v -21.99669075 -8.94589043 18.29033089
v -21.94928932 -9.39937973 14.24081039
v -21.99669075 -8.94589043 18.29033089
v -23.19524956 -9.38724041 17.47330093
v -21.94928932 -9.39937973 14.24081039
v -21.99669075 -8.94589043 18.29033089
v -20.17987061 -8.94589043 13.92521000
v -20.99868011 -7.85505009 18.54457092
v -20.99868011 -7.85505009 18.54457092
v -19.26539993 -7.85505009 14.39999008
v -20.45401955 -6.40666008 18.02602005
v -19.26539993 -7.85505009 14.39999008
v -19.51433945 -6.40666008 15.67261028
v -20.45401955 -6.40666008 18.02602005
v -19.26539993 -7.85505009 14.39999008
v -20.99868011 -7.85505009 18.54457092
v -20.17987061 -8.94589043 13.92521000
v -18.25390053 -6.40666008 13.47585011
v -19.51433945 -6.40666008 15.67261028
v -19.26539993 -7.85505009 14.39999008
v -21.94928932 -9.39937973 14.24081039
v -19.93711090 -9.40192032 10.96063995
v -20.17987061 -8.94589043 13.92521000
v -19.93711090 -9.40192032 10.96063995
v -21.94928932 -9.39937973 14.24081039
v -21.96199036 -9.10978031 11.28491020
v -21.96199036 -9.10978031 11.28491020
v -21.94928932 -9.39937973 14.24081039
v -23.24654961 -9.10978031 13.51576042
v -17.36017036 -8.94589043 10.12987995
v -20.17987061 -8.94589043 13.92521000
v -19.93711090 -9.40192032 10.96063995
v -20.17987061 -8.94589043 13.92521000
v -17.36017036 -8.94589043 10.12987995
v -19.26539993 -7.85505009 14.39999008
v -16.57708931 -7.85505009 10.80070019
v -19.26539993 -7.85505009 14.39999008
v -17.36017036 -8.94589043 10.12987995
v -19.26539993 -7.85505009 14.39999008
v -16.57708931 -7.85505009 10.80070019
v -18.25390053 -6.40666008 13.47585011
v -16.57708931 -7.85505009 10.80070019
v -16.69758034 -6.40666008 11.47834015
v -18.25390053 -6.40666008 13.47585011
v -21.96199036 -9.10978031 11.28491020
v -20.42907906 -9.10978985 9.21761990
v -19.93711090 -9.40192032 10.96063995
v -17.34748077 -9.40192032 8.11977005
v -19.93711090 -9.40192032 10.96063995
v -18.66795921 -9.10978985 7.34084988
v -19.93711090 -9.40192032 10.96063995
v -20.42907906 -9.10978985 9.21761990
v -18.66795921 -9.10978985 7.34084988
v -19.93711090 -9.40192032 10.96063995
v -17.34748077 -9.40192032 8.11977005
v -17.36017036 -8.94589043 10.12987995
v -14.87602043 -6.40666008 9.71928978
v -16.69758034 -6.40666008 11.47834015
v -16.57708931 -7.85505009 10.80070019
v -17.36017036 -8.94589043 10.12987995
v -13.71345997 -8.96541977 7.08198977
v -16.57708931 -7.85505009 10.80070019
v -13.71345997 -8.96541977 7.08198977
v -13.04990005 -7.81858015 7.94861984
v -16.57708931 -7.85505009 10.80070019
v -13.71345997 -8.96541977 7.08198977
v -17.36017036 -8.94589043 10.12987995
v -17.34748077 -9.40192032 8.11977005
v -16.57708931 -7.85505009 10.80070019
v -13.04990005 -7.81858015 7.94861984
v -14.87602043 -6.40666008 9.71928978
v -18.66795921 -9.10978985 7.34084988
v -16.70228004 -9.10978985 5.67980003
v -17.34748077 -9.40192032 8.11977005
v -14.23771954 -9.38276958 5.85688019
v -17.34748077 -9.40192032 8.11977005
v -16.70228004 -9.10978985 5.67980003
v -14.23771954 -9.38276958 5.85688019
v -13.71345997 -8.96541977 7.08198977
v -17.34748077 -9.40192032 8.11977005
v -14.87602043 -6.40666008 9.71928978
v -13.04990005 -7.81858015 7.94861984
v -12.82573032 -6.40666008 8.23381996
v -14.44149017 -9.10328960 4.22508001
v -14.23771954 -9.38276958 5.85688019
v -16.70228004 -9.10978985 5.67980003
v -25.28474045 9.10898018 19.71423912
v -25.59235001 9.09638977 23.03309059
v -24.88455009 9.34945011 22.99272919
v -24.88455009 9.34945011 22.99272919
v -24.13438034 9.40093040 22.94128990
v -25.28474045 9.10898018 19.71423912
v -23.36384964 9.40128040 17.86200905
v -24.13438034 9.40093040 22.94128990
v -21.99898911 8.94668961 18.28903961
v -24.13438034 9.40093040 22.94128990
v -23.38880920 9.26414967 22.99850082
v -21.99898911 8.94668961 18.28903961
v -23.38880920 9.26414967 22.99850082
v -22.70509911 8.94655037 22.96460915
v -21.99898911 8.94668961 18.28903961
v -24.13438034 9.40093040 22.94128990
v -23.36384964 9.40128040 17.86200905
v -25.28474045 9.10898018 19.71423912
v -21.99898911 8.94668961 18.28903961
v -22.70509911 8.94655037 22.96460915
v -22.12062073 8.46669006 23.00962067
v -22.12062073 8.46669006 23.00962067
v -21.67453957 7.85688019 22.98570061
v -21.99898911 8.94668961 18.28903961
v -21.30143929 6.40652990 23.02323914
v -21.05293083 6.40584993 20.48502922
v -21.39598083 7.15552998 23.02449036
v -21.05293083 6.40584993 20.48502922
v -21.67453957 7.85688019 22.98570061
v -21.39598083 7.15552998 23.02449036
v -21.67453957 7.85688019 22.98570061
v -21.00004005 7.85689020 18.54398918
v -21.99898911 8.94668961 18.28903961
v -21.00004005 7.85689020 18.54398918
v -21.67453957 7.85688019 22.98570061
v -21.05293083 6.40584993 20.48502922
v -21.05293083 6.40584993 20.48502922
v -20.45401955 6.40584993 18.02602005
v -21.00004005 7.85689020 18.54398918
v -24.50581932 9.10898018 16.57667923
v -25.28474045 9.10898018 19.71423912
v -23.36384964 9.40128040 17.86200905
v -21.99898911 8.94668961 18.28903961
v -20.18188095 8.94668961 13.92356014
v -23.36384964 9.40128040 17.86200905
v -20.18188095 8.94668961 13.92356014
v -21.99898911 8.94668961 18.28903961
v -21.00004005 7.85689020 18.54398918
v -19.26664925 7.85689020 14.39923000
v -21.00004005 7.85689020 18.54398918
v -19.51433945 6.40584993 15.67261028
v -21.00004005 7.85689020 18.54398918
v -20.45401955 6.40584993 18.02602005
v -19.51433945 6.40584993 15.67261028
v -21.00004005 7.85689020 18.54398918
v -19.26664925 7.85689020 14.39923000
v -20.18188095 8.94668961 13.92356014
v -21.37262917 9.40128040 13.12621975
v -23.36384964 9.40128040 17.86200905
v -21.37262917 9.40128040 13.12621975
v -24.50581932 9.10898018 16.57667923
v -23.27923965 9.10898018 13.58125973
v -19.51433945 6.40584993 15.67261028
v -18.25390053 6.40584993 13.47585964
v -19.26664925 7.85689020 14.39923000
v -21.63283920 9.10898018 10.79699039
v -23.27923965 9.10898018 13.58125973
v -21.37262917 9.40128040 13.12621975
v -17.36185074 8.94668961 10.12792969
v -20.18188095 8.94668961 13.92356014
v -19.26664925 7.85689020 14.39923000
v -20.18188095 8.94668961 13.92356014
v -17.36185074 8.94668961 10.12792969
v -21.37262917 9.40128040 13.12621975
v -16.57822037 7.85689020 10.79977989
v -19.26664925 7.85689020 14.39923000
v -16.69758034 6.40584993 11.47834969
v -19.26664925 7.85689020 14.39923000
v -18.25390053 6.40584993 13.47585964
v -16.69758034 6.40584993 11.47834969
v -19.26664925 7.85689020 14.39923000
v -16.57822037 7.85689020 10.79977989
v -17.36185074 8.94668961 10.12792969
v -21.37262917 9.40128040 13.12621975
v -18.28203964 9.40128040 9.02243042
v -21.63283920 9.10898018 10.79699039
v -18.28203964 9.40128040 9.02243042
v -19.60074043 9.10898018 8.28055954
v -21.63283920 9.10898018 10.79699039
v -18.28203964 9.40128040 9.02243042
v -21.37262917 9.40128040 13.12621975
v -17.36185074 8.94668961 10.12792969
v -16.69758034 6.40584993 11.47834969
v -14.87602043 6.40584993 9.71928978
v -16.57822037 7.85689020 10.79977989
v -17.22583008 9.10898018 6.08501005
v -19.60074043 9.10898018 8.28055954
v -18.28203964 9.40128040 9.02243042
v -13.63307953 8.92521000 7.04130983
v -17.36185074 8.94668961 10.12792969
v -12.95600986 7.82493019 7.86842012
v -17.36185074 8.94668961 10.12792969
v -16.57822037 7.85689020 10.79977989
v -12.95600986 7.82493019 7.86842012
v -17.36185074 8.94668961 10.12792969
v -13.63307953 8.92521000 7.04130983
v -18.28203964 9.40128040 9.02243042
v -12.95600986 7.82493019 7.86842012
v -16.57822037 7.85689020 10.79977989
v -14.87602043 6.40584993 9.71928978
v -18.28203964 9.40128040 9.02243042
v -14.24571037 9.39142990 5.82464981
v -17.22583008 9.10898018 6.08501005
v -18.28203964 9.40128040 9.02243042
v -13.63307953 8.92521000 7.04130983
v -14.24571037 9.39142990 5.82464981
v -14.87602043 6.40584993 9.71928978
v -12.82573032 6.40584993 8.23383045
v -12.95600986 7.82493019 7.86842012
v -14.54596043 9.10867977 4.25242996
v -17.22583008 9.10898018 6.08501005
v -14.24571037 9.39142990 5.82464981
v -27.61935997 7.12428999 17.71068001
v -28.29540062 7.12389994 23.04268074
v -25.28474045 9.10898018 19.71423912
v -25.28474045 9.10898018 19.71423912
v -24.50581932 9.10898018 16.57667923
v -27.61935997 7.12428999 17.71068001
v -27.61935997 7.12428999 17.71068001
v -25.81796074 7.12428999 12.64688015
v -29.29788017 4.28653002 17.06409073
v -25.81796074 7.12428999 12.64688015
v -27.61935997 7.12428999 17.71068001
v -24.50581932 9.10898018 16.57667923
v -27.20717049 4.28652000 11.43173027
v -29.29788017 4.28653002 17.06409073
v -25.81796074 7.12428999 12.64688015
v -29.29788017 4.28653002 17.06409073
v -27.20717049 4.28652000 11.43173027
v -29.69562912 0.99959999 16.13402939
v -27.20717049 4.28652000 11.43173027
v -28.54961967 0.99959999 12.85194016
v -29.69562912 0.99959999 16.13402939
v -24.50581932 9.10898018 16.57667923
v -23.27923965 9.10898018 13.58125973
v -25.81796074 7.12428999 12.64688015
v -26.99694061 0.99959999 9.74162006
v -28.54961967 0.99959999 12.85194016
v -27.20717049 4.28652000 11.43173027
v -22.97470093 7.12428999 8.08584023
v -25.81796074 7.12428999 12.64688015
v -21.63283920 9.10898018 10.79699039
v -25.81796074 7.12428999 12.64688015
v -23.27923965 9.10898018 13.58125973
v -21.63283920 9.10898018 10.79699039
v -25.81796074 7.12428999 12.64688015
v -22.97470093 7.12428999 8.08584023
v -27.20717049 4.28652000 11.43173027
v -23.91239929 4.28652000 6.40788984
v -27.20717049 4.28652000 11.43173027
v -22.97470093 7.12428999 8.08584023
v -27.20717049 4.28652000 11.43173027
v -23.91239929 4.28652000 6.40788984
v -26.99694061 0.99959999 9.74162006
v -23.91239929 4.28652000 6.40788984
v -25.06266975 0.99959999 6.85319996
v -26.99694061 0.99959999 9.74162006
v -21.63283920 9.10898018 10.79699039
v -19.60074043 9.10898018 8.28055954
v -22.97470093 7.12428999 8.08584023
v -22.77773094 0.99959999 4.23294020
v -25.06266975 0.99959999 6.85319996
v -23.91239929 4.28652000 6.40788984
v -22.97470093 7.12428999 8.08584023
v -19.22127914 7.12428999 4.23888016
v -23.91239929 4.28652000 6.40788984
v -19.22127914 7.12428999 4.23888016
v -22.97470093 7.12428999 8.08584023
v -19.60074043 9.10898018 8.28055954
v -23.91239929 4.28652000 6.40788984
v -19.57969093 4.28652000 2.24587989
v -22.77773094 0.99959999 4.23294020
v -19.57969093 4.28652000 2.24587989
v -20.17892075 0.99959999 1.92326999
v -22.77773094 0.99959999 4.23294020
v -19.57969093 4.28652000 2.24587989
v -23.91239929 4.28652000 6.40788984
v -19.22127914 7.12428999 4.23888016
v -19.60074043 9.10898018 8.28055954
v -17.22583008 9.10898018 6.08501005
v -19.22127914 7.12428999 4.23888016
v -19.22127914 7.12428999 4.23888016
v -14.54596043 9.10867977 4.25242996
v -14.73110008 7.12707996 1.28862000
v -19.22127914 7.12428999 4.23888016
v -17.22583008 9.10898018 6.08501005
v -14.54596043 9.10867977 4.25242996
v -19.22127914 7.12428999 4.23888016
v -14.73110008 7.12707996 1.28862000
v -19.57969093 4.28652000 2.24587989
v -17.30872917 0.99959999 -0.03817000
v -20.17892075 0.99959999 1.92326999
v -19.57969093 4.28652000 2.24587989
v -14.20561981 3.28901005 -1.33376002
v -19.57969093 4.28652000 2.24587989
v -14.43424988 5.40798998 -0.30267000
v -19.57969093 4.28652000 2.24587989
v -14.73110008 7.12707996 1.28862000
v -14.43424988 5.40798998 -0.30267000
v -19.57969093 4.28652000 2.24587989
v -14.20561981 3.28901005 -1.33376002
v -17.30872917 0.99959999 -0.03817000
v -14.21282005 0.99959999 -1.62019002
v -17.30872917 0.99959999 -0.03817000
v -14.20561981 3.28901005 -1.33376002
v -30.07768059 -4.29019022 23.02099037
v -29.29673004 -4.29047012 17.06458092
v -29.31952095 -5.79104996 23.03186989
v -29.29673004 -4.29047012 17.06458092
v -28.29363060 -7.12627983 23.04269981
v -29.31952095 -5.79104996 23.03186989
v -29.29673004 -4.29047012 17.06458092
v -27.61718941 -7.12757015 17.71145058
v -28.29363060 -7.12627983 23.04269981
v -29.29673004 -4.29047012 17.06458092
v -30.07768059 -4.29019022 23.02099037
v -30.41642952 -1.00039995 19.53470039
v -28.29363060 -7.12627983 23.04269981
v -27.61718941 -7.12757015 17.71145058
v -27.04103088 -8.24460983 23.05340958
v -27.61718941 -7.12757015 17.71145058
v -25.60065079 -9.11085033 23.01347923
v -27.04103088 -8.24460983 23.05340958
v -27.61718941 -7.12757015 17.71145058
v -25.46427917 -9.10978985 20.96733093
v -25.60065079 -9.11085033 23.01347923
v -27.61718941 -7.12757015 17.71145058
v -25.15497017 -9.10978985 19.02627945
v -25.46427917 -9.10978985 20.96733093
v -24.67523956 -9.10978031 17.11820030
v -25.15497017 -9.10978985 19.02627945
v -27.61718941 -7.12757015 17.71145058
v -27.61718941 -7.12757015 17.71145058
v -25.81612015 -7.12757015 12.64832020
v -24.67523956 -9.10978031 17.11820030
v -25.81612015 -7.12757015 12.64832020
v -23.24654961 -9.10978031 13.51576042
v -24.67523956 -9.10978031 17.11820030
v -25.81612015 -7.12757015 12.64832020
v -27.61718941 -7.12757015 17.71145058
v -29.29673004 -4.29047012 17.06458092
v -29.29673004 -4.29047012 17.06458092
v -27.20624924 -4.29047012 11.43262959
v -25.81612015 -7.12757015 12.64832020
v -29.29673004 -4.29047012 17.06458092
v -28.54948044 -1.00039995 12.85161972
v -27.20624924 -4.29047012 11.43262959
v -28.54948044 -1.00039995 12.85161972
v -26.99669075 -1.00039995 9.74116993
v -27.20624924 -4.29047012 11.43262959
v -22.97336960 -7.12757015 8.08786011
v -25.81612015 -7.12757015 12.64832020
v -27.20624924 -4.29047012 11.43262959
v -25.81612015 -7.12757015 12.64832020
v -22.97336960 -7.12757015 8.08786011
v -23.24654961 -9.10978031 13.51576042
v -22.97336960 -7.12757015 8.08786011
v -21.96199036 -9.10978031 11.28491020
v -23.24654961 -9.10978031 13.51576042
v -27.20624924 -4.29047012 11.43262959
v -23.91183090 -4.29047012 6.40911007
v -22.97336960 -7.12757015 8.08786011
v -23.91183090 -4.29047012 6.40911007
v -27.20624924 -4.29047012 11.43262959
v -25.06222916 -1.00039995 6.85262012
v -27.20624924 -4.29047012 11.43262959
v -26.99669075 -1.00039995 9.74116993
v -25.06222916 -1.00039995 6.85262012
v -20.42907906 -9.10978985 9.21761990
v -21.96199036 -9.10978031 11.28491020
v -22.97336960 -7.12757015 8.08786011
v -25.06222916 -1.00039995 6.85262012
v -22.77733994 -1.00039995 4.23257017
v -23.91183090 -4.29047012 6.40911007
v -22.97336960 -7.12757015 8.08786011
v -19.22061920 -7.12757015 4.24131012
v -20.42907906 -9.10978985 9.21761990
v -19.22061920 -7.12757015 4.24131012
v -18.66795921 -9.10978985 7.34084988
v -20.42907906 -9.10978985 9.21761990
v -19.22061920 -7.12757015 4.24131012
v -22.97336960 -7.12757015 8.08786011
v -23.91183090 -4.29047012 6.40911007
v -23.91183090 -4.29047012 6.40911007
v -19.57957077 -4.29047012 2.24732995
v -19.22061920 -7.12757015 4.24131012
v -19.57957077 -4.29047012 2.24732995
v -23.91183090 -4.29047012 6.40911007
v -20.17874908 -1.00039995 1.92313004
v -23.91183090 -4.29047012 6.40911007
v -22.77733994 -1.00039995 4.23257017
v -20.17874908 -1.00039995 1.92313004
v -16.70228004 -9.10978985 5.67980003
v -18.66795921 -9.10978985 7.34084988
v -19.22061920 -7.12757015 4.24131012
v -19.22061920 -7.12757015 4.24131012
v -14.62640953 -7.17487001 1.26451004
v -16.70228004 -9.10978985 5.67980003
v -14.62640953 -7.17487001 1.26451004
v -14.44149017 -9.10328960 4.22508001
v -16.70228004 -9.10978985 5.67980003
v -14.62640953 -7.17487001 1.26451004
v -19.22061920 -7.12757015 4.24131012
v -19.57957077 -4.29047012 2.24732995
v -20.17874908 -1.00039995 1.92313004
v -17.30858994 -1.00039995 -0.03825000
v -19.57957077 -4.29047012 2.24732995
v -14.24722004 -3.28158998 -1.25828004
v -19.57957077 -4.29047012 2.24732995
v -17.30858994 -1.00039995 -0.03825000
v -17.30858994 -1.00039995 -0.03825000
v -14.21282005 -1.00039995 -1.62019002
v -14.24722004 -3.28158998 -1.25828004
v -13.40044022 10.49960041 0.03300000
v -13.20269966 10.49960041 -2.29430008
v -13.40676022 8.41940975 0.07982000
v -13.20269966 10.49960041 -2.29430008
v -13.32796001 6.25339985 -1.48802996
v -13.40676022 8.41940975 0.07982000
v -13.20271015 -10.50039959 -2.29430008
v -13.40044022 -10.50039959 0.03300000
v -13.32003021 -6.17464018 -1.36950004
v -13.40044022 -10.50039959 0.03300000
v -13.43177032 -8.35834980 0.13871001
v -13.32003021 -6.17464018 -1.36950004
v -13.32003021 -6.17464018 -1.36950004
v -13.19019985 -3.70530009 -2.44497991
v -13.20271015 -10.50039959 -2.29430008
v -13.09722996 3.74190998 -2.54411006
v -13.32796001 6.25339985 -1.48802996
v -13.20269966 10.49960041 -2.29430008
v -13.20269966 10.49960041 -2.29430008
v -12.60385990 10.49960041 -4.55190992
v -13.09722996 3.74190998 -2.54411006
v -12.60385990 10.49960041 -4.55190992
v -13.05893993 0.99959999 -3.00665998
v -13.09722996 3.74190998 -2.54411006
v -13.20271015 -10.50039959 -2.29430008
v -13.19019985 -3.70530009 -2.44497991
v -13.09158039 -1.00049996 -2.92509007
v -11.62209034 -10.50039959 -6.67123985
v -11.62209034 10.49960041 -6.67123985
v -10.28724003 10.49960041 -8.58790016
v -11.62209034 -10.50039959 -6.67123985
v -10.28724003 -10.50039959 -8.58790016
v -10.28724003 10.49960041 -8.58790016
v -8.63984966 10.49960041 -10.24365997
v -10.28724003 -10.50039959 -8.58790016
v -8.63984966 -10.50039959 -10.24365997
v -8.63984966 10.49960041 -10.24365997
v -6.72997999 10.49960041 -11.58821011
v -8.63984966 -10.50039959 -10.24365997
v -6.72997999 -10.50039959 -11.58821011
v -6.72997999 10.49960041 -11.58821011
v -4.61565018 10.49958992 -12.58069992
v -6.72997999 -10.50039959 -11.58821011
v -4.61565018 -10.50041008 -12.58069992
v -4.61565018 10.49958992 -12.58069992
v -2.36110997 10.49958992 -13.19097996
v -4.61565018 -10.50041008 -12.58069992
v -2.36109996 -10.50041008 -13.19097996
v -2.36110997 10.49958992 -13.19097996
v -0.03484000 10.49958992 -13.40050983
v -2.36109996 -10.50041008 -13.19097996
v -0.03483000 -10.50041008 -13.40050983
v -0.03484000 10.49958992 -13.40050983
v 2.29246998 10.49958992 -13.20291042
v -0.03483000 -10.50041008 -13.40050983
v 2.29247999 -10.50041008 -13.20291042
v 2.15348005 10.49958992 13.22519970
v -0.07688000 10.49958992 13.39923000
v 2.15348005 -10.50041008 13.22519970
v -0.07689000 -10.50041008 13.39923000
v -0.07688000 10.49958992 13.39923000
v -2.30522990 10.49958992 13.19976044
v -0.07689000 -10.50041008 13.39923000
v -2.30523992 -10.50041008 13.19976044
v -2.30522990 10.49958992 13.19976044
v -4.46928978 10.49958992 12.63234043
v -2.30523992 -10.50041008 13.19976044
v -4.46929979 -10.50041008 12.63232994
v -4.46928978 10.49958992 12.63234043
v -6.50867987 10.49958992 11.71284008
v -4.46929979 -10.50041008 12.63232994
v -6.50868988 -10.50041008 11.71282959
v -6.50867987 10.49958992 11.71284008
v -8.36658955 10.49958992 10.46693993
v -6.50868988 -10.50041008 11.71282959
v -8.36660957 -10.50041008 10.46691990
v -8.36658955 10.49958992 10.46693993
v -9.99129009 10.49960041 8.92938995
v -8.36660957 -10.50041008 10.46691990
v -9.99131012 -10.50039959 8.92936993
v -9.99129009 10.49960041 8.92938995
v -11.33782959 10.49960041 7.14268017
v -10.58125973 8.76704025 8.21934032
v -10.58125973 8.76704025 8.21934032
v -10.25924969 6.40596008 8.62535954
v -9.99129009 10.49960041 8.92938995
v -10.25924969 6.40596008 8.62535954
v -9.99131012 -10.50039959 8.92936993
v -9.99129009 10.49960041 8.92938995
v -9.99131012 -10.50039959 8.92936993
v -10.66137028 -8.70709991 8.12063026
v -11.34844971 -10.49318027 7.12164021
v -9.99131012 -10.50039959 8.92936993
v -10.28658962 -6.40669012 8.60037994
v -10.66137028 -8.70709991 8.12063026
v -9.99131012 -10.50039959 8.92936993
v -10.25924969 6.40596008 8.62535954
v -10.28658962 -6.40669012 8.60037994
v -1.46366000 -15.40040016 -7.35630989
v -0.00049000 -15.40040016 -7.50042009
v 1.46269000 -15.40040016 -7.35630989
v 2.86964011 -15.40040016 -6.92952013
v -2.87061000 -15.40040016 -6.92952013
v 4.16628981 -15.40040970 -6.23644018
v -4.16726017 -15.40040016 -6.23644018
v 5.30282021 -15.40040970 -5.30372000
v -5.30379009 -15.40040016 -5.30372000
v 6.23553991 -15.40040970 -4.16720009
v -6.23650980 -15.40040016 -4.16720009
v 6.92860985 -15.40040970 -2.87054992
v -6.92958021 -15.40040016 -2.87054992
v 7.35540009 -15.40040970 -1.46360004
v -7.35637999 -15.40040016 -1.46360004
v 7.49950981 -15.40040970 -0.00042000
v -7.50049019 -15.40040016 -0.00042000
v 7.35540009 -15.40040970 1.46275997
v -7.35637999 -15.40040016 1.46275997
v 6.92860985 -15.40040970 2.86970997
v -6.92958021 -15.40040016 2.86970997
v 6.23552990 -15.40040970 4.16635990
v -6.23650980 -15.40040970 4.16635990
v 5.30281019 -15.40040970 5.30287981
v -5.30379009 -15.40040970 5.30287981
v 4.16628981 -15.40040970 6.23559999
v -4.16727018 -15.40040970 6.23559999
v 2.86964011 -15.40040970 6.92867994
v -2.87061000 -15.40040970 6.92867994
v 1.46269000 -15.40040970 7.35547018
v -1.46367002 -15.40040970 7.35547018
v -0.00049000 -15.40040970 7.49957991
v -1.46366000 15.39958954 7.35547018
v -0.00048000 15.39958954 7.49957991
v 1.46269000 15.39958954 7.35547018
v 2.86964011 15.39958954 6.92867994
v -2.87061000 15.39958954 6.92867994
v 4.16628981 15.39958954 6.23559999
v -4.16726017 15.39958954 6.23559999
v 5.30282021 15.39958954 5.30287981
v -5.30378008 15.39958954 5.30287981
v 6.23553991 15.39958954 4.16635990
v -0.00048000 15.39958954 4.49957991
v -6.23650980 15.39958954 4.16635990
v -1.00182998 15.39958954 4.38676023
v -1.95296001 15.39958954 4.05393982
v -6.92958021 15.39958954 2.86970997
v -2.80619001 15.39958954 3.51781988
v -3.51871991 15.39958954 2.80527997
v -7.35636997 15.39958954 1.46275997
v -4.05484009 15.39958954 1.95205998
v -4.38766003 15.39958954 1.00092995
v -7.50048018 15.39958954 -0.00042000
v -4.50048018 15.39958954 -0.00042000
v -4.38766003 15.39958954 -1.00176001
v -7.35636997 15.39958954 -1.46360004
v -4.05484009 15.39958954 -1.95290005
v -6.92958021 15.39960003 -2.87054992
v -3.51871991 15.39958954 -2.80611992
v -2.80619001 15.39958954 -3.51866007
v -6.23649979 15.39958954 -4.16720009
v -1.95296001 15.39958954 -4.05478001
v -1.00181997 15.39958954 -4.38759995
v -5.30378008 15.39958954 -5.30372000
v 5.30282021 15.39958954 -5.30372000
v -0.00048000 15.39958954 -4.50042009
v 4.16629982 15.39958954 -6.23644018
v -4.16726017 15.39958954 -6.23644018
v 2.86964989 15.39958954 -6.92952013
v -2.87061000 15.39958954 -6.92952013
v 1.46270001 15.39958954 -7.35630989
v -1.46366000 15.39958954 -7.35630989
v -0.00048000 15.39958954 -7.50042009
v -19.51433945 6.40584993 15.67261028
v -19.51433945 -6.40666008 15.67261028
v -18.25390053 -6.40666008 13.47585011
v -19.51433945 6.40584993 15.67261028
v -18.25390053 6.40584993 13.47585964
v -18.25390053 -6.40666008 13.47585011
v -16.69758034 -6.40666008 11.47834015
v -18.25390053 6.40584993 13.47585964
v -16.69758034 6.40584993 11.47834969
v -16.69758034 -6.40666008 11.47834015
v -14.87602043 -6.40666008 9.71928978
v -16.69758034 6.40584993 11.47834969
v -14.87602043 6.40584993 9.71928978
v -14.87602043 -6.40666008 9.71928978
v -12.82573032 -6.40666008 8.23381996
v -14.87602043 6.40584993 9.71928978
v -12.82573032 6.40584993 8.23383045
v -26.99694061 0.99959999 9.74162006
v -28.54948044 -1.00039995 12.85161972
v -28.54961967 0.99959999 12.85194016
v -26.99669075 -1.00039995 9.74116993
v -26.99694061 0.99959999 9.74162006
v -25.06266975 0.99959999 6.85319996
v -26.99669075 -1.00039995 9.74116993
v -25.06222916 -1.00039995 6.85262012
v -25.06266975 0.99959999 6.85319996
v -22.77773094 0.99959999 4.23294020
v -25.06222916 -1.00039995 6.85262012
v -22.77733994 -1.00039995 4.23257017
v -22.77773094 0.99959999 4.23294020
v -20.17892075 0.99959999 1.92326999
v -22.77733994 -1.00039995 4.23257017
v -20.17874908 -1.00039995 1.92313004
v -20.17892075 0.99959999 1.92326999
v -17.30872917 0.99959999 -0.03817000
v -20.17874908 -1.00039995 1.92313004
v -17.30858994 -1.00039995 -0.03825000
v -17.30872917 0.99959999 -0.03817000
v -14.21282005 0.99959999 -1.62019002
v -17.30858994 -1.00039995 -0.03825000
v -14.21282005 -1.00039995 -1.62019002
v -30.07768059 4.28939009 23.02099037
v -29.29788017 4.28653002 17.06409073
v -30.54342079 2.67371011 23.01016045
v -29.29788017 4.28653002 17.06409073
v -30.69927025 0.99943000 23.04174042
v -30.54342079 2.67371011 23.01016045
v -29.29788017 4.28653002 17.06409073
v -30.41645050 0.99959999 19.53490067
v -30.69927025 0.99943000 23.04174042
v -29.69562912 0.99959999 16.13402939
v -30.41645050 0.99959999 19.53490067
v -29.29788017 4.28653002 17.06409073
v -30.41642952 -1.00039995 19.53470039
v -29.69556046 -1.00039995 16.13376999
v -29.29673004 -4.29047012 17.06458092
v -29.69556046 -1.00039995 16.13376999
v -28.54948044 -1.00039995 12.85161972
v -29.29673004 -4.29047012 17.06458092
v 34.68587112 -1.00040996 14.73264980
v 33.27864075 -1.00040996 10.78831959
v 34.68534851 0.99958998 14.73081970
v 33.27790070 0.99958998 10.78664017
v 33.27864075 -1.00040996 10.78831959
v 31.36697960 -1.00040996 7.06206989
v 33.27790070 0.99958998 10.78664017
v 31.36614990 0.99958998 7.06069994
v 31.36697960 -1.00040996 7.06206989
v 28.98424911 -1.00040996 3.61868000
v 31.36614990 0.99958998 7.06069994
v 28.98302078 0.99958998 3.61714005
v 28.98424911 -1.00040996 3.61868000
v 26.17130089 -1.00040996 0.51695001
v 28.98302078 0.99958998 3.61714005
v 26.16953087 0.99958998 0.51525998
v 26.17130089 -1.00040996 0.51695001
v 22.97603989 -1.00040996 -2.19013000
v 26.16953087 0.99958998 0.51525998
v 22.97422981 0.99958998 -2.19146991
v 22.97603989 -1.00040996 -2.19013000
v 19.45299911 -1.00040996 -4.45601988
v 22.97422981 0.99958998 -2.19146991
v 19.45189095 0.99958998 -4.45664978
v 19.45299911 -1.00040996 -4.45601988
v 15.66376019 -1.00040996 -6.24092007
v 19.45189095 0.99958998 -4.45664978
v 15.66357040 0.99958998 -6.24101019
v 15.66376019 -1.00040996 -6.24092007
v 11.64083004 -0.99333000 -7.51362991
v 15.66357040 0.99958998 -6.24101019
v 11.67385960 0.99958998 -7.51412010
v 15.66357040 0.99958998 -6.24101019
v 11.64083004 -0.99333000 -7.51362991
v 24.56920052 -6.40713978 14.32964993
v 25.59420013 -6.40713978 17.12512970
v 25.59365082 6.40632010 17.12324905
v 24.56801033 6.40632010 14.32697010
v 23.18433952 -6.40713978 11.69390011
v 24.56920052 -6.40713978 14.32964993
v 24.56801033 6.40632010 14.32697010
v 23.18226051 6.40632010 11.69050980
v 21.45900917 -6.40713978 9.25798988
v 23.18433952 -6.40713978 11.69390011
v 23.18226051 6.40632010 11.69050980
v 21.45568085 6.40632010 9.25389957
v 19.44429970 -6.40713978 7.08837986
v 21.45900917 -6.40713978 9.25798988
v 21.45568085 6.40632010 9.25389957
v 19.44080925 6.40632010 7.08509016
v 17.34859085 -6.40713978 5.33768988
v 19.44429970 -6.40713978 7.08837986
v 19.44080925 6.40632010 7.08509016
v 17.34647942 6.40632010 5.33613014
v 17.34859085 -6.40713978 5.33768988
v 17.34647942 6.40632010 5.33613014
v 15.28734970 6.40805006 3.98648000
v 15.28215981 -6.40734005 3.98093009
v 1.00085998 15.39958954 -4.38759995
v 6.23553991 15.39958954 -4.16720009
v 1.95200002 15.39958954 -4.05478001
v 2.80521989 15.39958954 -3.51866007
v 6.92860985 15.39958954 -2.87054992
v 3.51776004 15.39958954 -2.80611992
v 4.05388021 15.39958954 -1.95290005
v 7.35541010 15.39958954 -1.46360004
v 4.38669014 15.39958954 -1.00176001
v 4.49951982 15.39958954 -0.00042000
v 7.49951982 15.39958954 -0.00042000
v 4.38669014 15.39958954 1.00092995
v 7.35541010 15.39958954 1.46275997
v 4.05388021 15.39958954 1.95205998
v 3.51776004 15.39958954 2.80527997
v 6.92860985 15.39958954 2.86970997
v 2.80521989 15.39958954 3.51781988
v 1.95199001 15.39958954 4.05393982
v 1.00085998 15.39958954 4.38676023
v 2.15348005 -10.50041008 13.22519970
v 4.32369995 -10.50041008 12.68255997
v 2.15348005 10.49958992 13.22519970
v 4.32370996 10.49958992 12.68255997
v 4.32369995 -10.50041008 12.68255997
v 6.37333012 -10.50041008 11.78649998
v 4.32370996 10.49958992 12.68255997
v 6.37333012 10.49958992 11.78649044
v 6.37333012 -10.50041008 11.78649998
v 8.24526024 -10.50041008 10.56200981
v 6.37333012 10.49958992 11.78649044
v 8.24526978 10.49958992 10.56200027
v 8.24526024 -10.50041008 10.56200981
v 9.88737965 -10.50041008 9.04323959
v 8.24526978 10.49958992 10.56200027
v 9.88737965 10.49958992 9.04323959
v 9.88737965 -10.50041008 9.04323959
v 11.25393963 -10.50041008 7.27254009
v 9.88737965 10.49958992 9.04323959
v 11.25393963 10.49958992 7.27254009
v 11.25393963 -10.50041008 7.27254009
v 12.30690956 -10.50041008 5.29925013
v 11.25393963 10.49958992 7.27254009
v 12.30692005 10.49958992 5.29925013
v 12.48334980 -6.40739012 4.90257978
v 12.30692005 10.49958992 5.29925013
v 12.30690956 -10.50041008 5.29925013
v 12.71415997 -9.07246971 4.22862005
v 12.48334980 -6.40739012 4.90257978
v 12.30690956 -10.50041008 5.29925013
v 12.30692005 10.49958992 5.29925013
v 12.48334980 -6.40739012 4.90257978
v 12.43964005 6.40632010 4.97975016
v 12.30692005 10.49958992 5.29925013
v 12.43964005 6.40632010 4.97975016
v 12.68774986 9.13362980 4.25919008
v 13.25704002 10.50524998 2.32517004
v 12.30692005 10.49958992 5.29925013
v 12.68774986 9.13362980 4.25919008
v 13.18964005 -10.50041008 -2.36255002
v 12.57940006 -10.50041008 -4.61646986
v 12.89855003 -9.67271996 -3.62334991
v 12.57938957 10.49958992 -4.61646986
v 13.18964958 10.49958992 -2.36255002
v 12.88448048 9.63718987 -3.66647005
v 12.88448048 9.63718987 -3.66647005
v 12.21337032 7.94796991 -5.50559998
v 12.57938957 10.49958992 -4.61646986
v 11.58677959 -10.50041008 -6.73074007
v 12.21218014 -7.94114017 -5.51292992
v 12.89855003 -9.67271996 -3.62334991
v 12.57940006 -10.50041008 -4.61646986
v 11.58677959 -10.50041008 -6.73074007
v 12.89855003 -9.67271996 -3.62334991
v 11.58677006 10.49958992 -6.73074007
v 12.57938957 10.49958992 -4.61646986
v 12.21337032 7.94796991 -5.50559998
v 11.51189041 -6.06880999 -6.85761976
v 12.21218014 -7.94114017 -5.51292992
v 11.58677959 -10.50041008 -6.73074007
v 12.21337032 7.94796991 -5.50559998
v 11.51663971 6.08266020 -6.85008001
v 11.58677006 10.49958992 -6.73074007
v 10.24211979 -10.50041008 -8.64052963
v 10.67074013 0.99921000 -8.11293030
v 10.66506004 -1.00030005 -8.11141014
v 10.24211979 -10.50041008 -8.64052963
v 10.66506004 -1.00030005 -8.11141014
v 10.83491993 -3.55576992 -7.89054012
v 10.24211979 -10.50041008 -8.64052963
v 10.83491993 -3.55576992 -7.89054012
v 11.51189041 -6.06880999 -6.85761976
v 11.58677959 -10.50041008 -6.73074007
v 10.24211979 -10.50041008 -8.64052963
v 11.51189041 -6.06880999 -6.85761976
v 11.58677006 10.49958992 -6.73074007
v 11.51663971 6.08266020 -6.85008001
v 10.88949013 3.53805995 -7.81975985
v 10.67074013 0.99921000 -8.11293030
v 10.24211979 -10.50041008 -8.64052963
v 10.24211025 10.49958992 -8.64054012
v 10.88949013 3.53805995 -7.81975985
v 10.67074013 0.99921000 -8.11293030
v 10.24211025 10.49958992 -8.64054012
v 10.24211025 10.49958992 -8.64054012
v 11.58677006 10.49958992 -6.73074007
v 10.88949013 3.53805995 -7.81975985
v 10.24211979 -10.50041008 -8.64052963
v 8.58625984 -10.50041008 -10.28781986
v 10.24211025 10.49958992 -8.64054012
v 8.58625031 10.49958992 -10.28783035
v 8.58625984 -10.50041008 -10.28781986
v 6.66951990 -10.50041008 -11.62255955
v 8.58625031 10.49958992 -10.28783035
v 6.66950989 10.49958992 -11.62255955
v 6.66951990 -10.50041008 -11.62255955
v 4.55012989 -10.50041008 -12.60420036
v 6.66950989 10.49958992 -11.62255955
v 4.55011988 10.49958992 -12.60420036
v 4.55012989 -10.50041008 -12.60420036
v 2.29247999 -10.50041008 -13.20291042
v 4.55011988 10.49958992 -12.60420036
v 2.29246998 10.49958992 -13.20291042
v 35.10700989 -4.69323015 24.05084038
v 35.56441879 -1.00040996 18.82634926
v 35.67097855 -2.91176009 23.41161919
v 35.56441879 -1.00040996 18.82634926
v 35.89865112 -1.00030005 23.04285049
v 35.67097855 -2.91176009 23.41161919
v 34.46149826 -4.29016018 16.35133934
v 35.56441879 -1.00040996 18.82634926
v 35.10700989 -4.69323015 24.05084038
v 30.45738029 -9.11050987 19.15825081
v 29.44318008 -9.13202953 15.42730045
v 32.79479980 -7.12706995 17.06920052
v 34.68587112 -1.00040996 14.73264980
v 35.56441879 -1.00040996 18.82634926
v 34.46149826 -4.29016018 16.35133934
v 30.91868973 -7.12706995 11.40213966
v 32.79479980 -7.12706995 17.06920052
v 29.44318008 -9.13202953 15.42730045
v 32.79479980 -7.12706995 17.06920052
v 30.91868973 -7.12706995 11.40213966
v 34.46149826 -4.29016018 16.35133934
v 32.25469971 -4.29016018 10.03839970
v 34.46149826 -4.29016018 16.35133934
v 30.91868973 -7.12706995 11.40213966
v 32.25469971 -4.29016018 10.03839970
v 33.27864075 -1.00040996 10.78831959
v 34.68587112 -1.00040996 14.73264980
v 34.46149826 -4.29016018 16.35133934
v 32.25469971 -4.29016018 10.03839970
v 34.68587112 -1.00040996 14.73264980
v 29.44318008 -9.13202953 15.42730045
v 27.71212006 -9.11050987 10.95917988
v 30.91868973 -7.12706995 11.40213966
v 31.36697960 -1.00040996 7.06206989
v 33.27864075 -1.00040996 10.78831959
v 32.25469971 -4.29016018 10.03839970
v 30.91868973 -7.12706995 11.40213966
v 27.94042015 -7.12706995 6.22863007
v 32.25469971 -4.29016018 10.03839970
v 30.91868973 -7.12706995 11.40213966
v 27.71212006 -9.11050987 10.95917988
v 26.26255989 -9.11050987 8.52879047
v 27.94042015 -7.12706995 6.22863007
v 30.91868973 -7.12706995 11.40213966
v 26.26255989 -9.11050987 8.52879047
v 32.25469971 -4.29016018 10.03839970
v 28.75687981 -4.29016018 4.33854008
v 31.36697960 -1.00040996 7.06206989
v 28.75687981 -4.29016018 4.33854008
v 32.25469971 -4.29016018 10.03839970
v 27.94042015 -7.12706995 6.22863007
v 28.98424911 -1.00040996 3.61868000
v 31.36697960 -1.00040996 7.06206989
v 28.75687981 -4.29016018 4.33854008
v 26.26255989 -9.11050987 8.52879047
v 24.56229973 -9.11050987 6.26148987
v 27.94042015 -7.12706995 6.22863007
v 27.94042015 -7.12706995 6.22863007
v 24.56229973 -9.11050987 6.26148987
v 22.66411972 -9.11050987 4.21714020
v 23.98184013 -7.12706995 1.76040006
v 27.94042015 -7.12706995 6.22863007
v 22.66411972 -9.11050987 4.21714020
v 27.94042015 -7.12706995 6.22863007
v 23.98184013 -7.12706995 1.76040006
v 28.75687981 -4.29016018 4.33854008
v 24.12779999 -4.29015017 -0.48793000
v 26.17130089 -1.00040996 0.51695001
v 28.98424911 -1.00040996 3.61868000
v 28.75687981 -4.29016018 4.33854008
v 24.12779999 -4.29015017 -0.48793000
v 28.98424911 -1.00040996 3.61868000
v 24.12779999 -4.29015017 -0.48793000
v 28.75687981 -4.29016018 4.33854008
v 23.98184013 -7.12706995 1.76040006
v 22.66411972 -9.11050987 4.21714020
v 20.67169952 -9.11050987 2.46631002
v 23.98184013 -7.12706995 1.76040006
v 22.97603989 -1.00040996 -2.19013000
v 26.17130089 -1.00040996 0.51695001
v 24.12779999 -4.29015017 -0.48793000
v 23.98184013 -7.12706995 1.76040006
v 20.67169952 -9.11050987 2.46631002
v 18.69315910 -9.11050034 1.03600001
v 19.20498085 -7.12706995 -1.81965995
v 23.98184013 -7.12706995 1.76040006
v 18.69315910 -9.11050034 1.03600001
v 23.98184013 -7.12706995 1.76040006
v 19.20498085 -7.12706995 -1.81965995
v 24.12779999 -4.29015017 -0.48793000
v 18.69315910 -9.11050034 1.03600001
v 16.78088951 -9.11050034 -0.10730000
v 19.20498085 -7.12706995 -1.81965995
v 18.57887077 -4.29015017 -4.22057009
v 19.45299911 -1.00040996 -4.45601988
v 22.97603989 -1.00040996 -2.19013000
v 24.12779999 -4.29015017 -0.48793000
v 18.57887077 -4.29015017 -4.22057009
v 22.97603989 -1.00040996 -2.19013000
v 18.57887077 -4.29015017 -4.22057009
v 24.12779999 -4.29015017 -0.48793000
v 19.20498085 -7.12706995 -1.81965995
v 15.66376019 -1.00040996 -6.24092007
v 19.45299911 -1.00040996 -4.45601988
v 18.57887077 -4.29015017 -4.22057009
v 19.20498085 -7.12706995 -1.81965995
v 16.78088951 -9.11050034 -0.10730000
v 14.85429001 -9.11536026 -1.01545000
v 19.20498085 -7.12706995 -1.81965995
v 14.85429001 -9.11536026 -1.01545000
v 14.19182968 -8.09902954 -3.02073002
v 13.46650982 -6.75449991 -4.84491014
v 19.20498085 -7.12706995 -1.81965995
v 14.19182968 -8.09902954 -3.02073002
v 19.20498085 -7.12706995 -1.81965995
v 13.46650982 -6.75449991 -4.84491014
v 18.57887077 -4.29015017 -4.22057009
v 18.57887077 -4.29015017 -4.22057009
v 11.88469982 -3.19871998 -7.20779991
v 15.66376019 -1.00040996 -6.24092007
v 18.57887077 -4.29015017 -4.22057009
v 13.46650982 -6.75449991 -4.84491014
v 12.61153984 -4.96985006 -6.29129982
v 11.88469982 -3.19871998 -7.20779991
v 18.57887077 -4.29015017 -4.22057009
v 12.61153984 -4.96985006 -6.29129982
v 15.66376019 -1.00040996 -6.24092007
v 11.88469982 -3.19871998 -7.20779991
v 11.64083004 -0.99333000 -7.51362991
v 32.80303955 7.12410021 17.09721947
v 30.54383087 9.10968018 19.72866058
v 30.79966927 9.11036015 23.00774956
v 32.80303955 7.12410021 17.09721947
v 30.79966927 9.11036015 23.00774956
v 32.24011993 8.24374962 23.04162979
v 33.49436951 7.12393999 23.03322983
v 32.80303955 7.12410021 17.09721947
v 32.24011993 8.24374962 23.04162979
v 34.46772003 4.28639984 16.37301064
v 32.80303955 7.12410021 17.09721947
v 33.49436951 7.12393999 23.03322983
v 34.46772003 4.28639984 16.37301064
v 33.49436951 7.12393999 23.03322983
v 34.51855850 5.79020023 23.02481079
v 35.27751160 4.28659010 23.01634026
v 34.46772003 4.28639984 16.37301064
v 34.51855850 5.79020023 23.02481079
v 34.46772003 4.28639984 16.37301064
v 35.27751160 4.28659010 23.01634026
v 35.60408020 0.99998999 18.94441986
v 29.90320969 9.10968018 16.56612968
v 30.54383087 9.10968018 19.72866058
v 32.80303955 7.12410021 17.09721947
v 35.60408020 0.99998999 18.94441986
v 34.68534851 0.99958998 14.73081970
v 34.46772003 4.28639984 16.37301064
v 30.92985916 7.12410021 11.42224026
v 32.80303955 7.12410021 17.09721947
v 34.46772003 4.28639984 16.37301064
v 30.92985916 7.12410021 11.42224026
v 28.88780975 9.10968018 13.50446987
v 29.90320969 9.10968018 16.56612968
v 32.80303955 7.12410021 17.09721947
v 34.46772003 4.28639984 16.37301064
v 34.68534851 0.99958998 14.73081970
v 33.27790070 0.99958998 10.78664017
v 32.26332092 4.28639984 10.05389977
v 34.46772003 4.28639984 16.37301064
v 33.27790070 0.99958998 10.78664017
v 34.46772003 4.28639984 16.37301064
v 32.26332092 4.28639984 10.05389977
v 30.92985916 7.12410021 11.42224026
v 27.51255035 9.10968018 10.58757973
v 28.88780975 9.10968018 13.50446987
v 30.92985916 7.12410021 11.42224026
v 33.27790070 0.99958998 10.78664017
v 31.36614990 0.99958998 7.06069994
v 32.26332092 4.28639984 10.05389977
v 27.95177078 7.12410021 6.24101019
v 30.92985916 7.12410021 11.42224026
v 32.26332092 4.28639984 10.05389977
v 27.95177078 7.12410021 6.24101019
v 25.79233932 9.10968018 7.85021019
v 27.51255035 9.10968018 10.58757973
v 30.92985916 7.12410021 11.42224026
v 27.95177078 7.12410021 6.24101019
v 27.51255035 9.10968018 10.58757973
v 28.76567078 4.28639984 4.34804010
v 32.26332092 4.28639984 10.05389977
v 31.36614990 0.99958998 7.06069994
v 32.26332092 4.28639984 10.05389977
v 28.76567078 4.28639984 4.34804010
v 27.95177078 7.12410021 6.24101019
v 31.36614990 0.99958998 7.06069994
v 28.98302078 0.99958998 3.61714005
v 28.76567078 4.28639984 4.34804010
v 23.75452995 9.10968018 5.33895016
v 25.79233932 9.10968018 7.85021019
v 27.95177078 7.12410021 6.24101019
v 27.95177078 7.12410021 6.24101019
v 23.99085999 7.12410021 1.76602006
v 23.75452995 9.10968018 5.33895016
v 23.99085999 7.12410021 1.76602006
v 27.95177078 7.12410021 6.24101019
v 28.76567078 4.28639984 4.34804010
v 21.51543999 9.10968018 3.16539001
v 23.75452995 9.10968018 5.33895016
v 23.99085999 7.12410021 1.76602006
v 28.76567078 4.28639984 4.34804010
v 24.13470078 4.28639984 -0.48361000
v 23.99085999 7.12410021 1.76602006
v 28.76567078 4.28639984 4.34804010
v 28.98302078 0.99958998 3.61714005
v 26.16953087 0.99958998 0.51525998
v 24.13470078 4.28639984 -0.48361000
v 28.76567078 4.28639984 4.34804010
v 26.16953087 0.99958998 0.51525998
v 26.16953087 0.99958998 0.51525998
v 22.97422981 0.99958998 -2.19146991
v 24.13470078 4.28639984 -0.48361000
v 19.20959091 7.12411022 -1.81921005
v 19.24567986 9.10968018 1.40820003
v 21.51543999 9.10968018 3.16539001
v 23.99085999 7.12410021 1.76602006
v 19.20959091 7.12411022 -1.81921005
v 21.51543999 9.10968018 3.16539001
v 19.20959091 7.12411022 -1.81921005
v 23.99085999 7.12410021 1.76602006
v 24.13470078 4.28639984 -0.48361000
v 17.04752922 9.10968971 0.03941000
v 19.24567986 9.10968018 1.40820003
v 19.20959091 7.12411022 -1.81921005
v 24.13470078 4.28639984 -0.48361000
v 18.58227921 4.28639984 -4.22006989
v 19.20959091 7.12411022 -1.81921005
v 24.13470078 4.28639984 -0.48361000
v 22.97422981 0.99958998 -2.19146991
v 19.45189095 0.99958998 -4.45664978
v 18.58227921 4.28639984 -4.22006989
v 24.13470078 4.28639984 -0.48361000
v 19.45189095 0.99958998 -4.45664978
v 19.45189095 0.99958998 -4.45664978
v 15.66357040 0.99958998 -6.24101019
v 18.58227921 4.28639984 -4.22006989
v 13.79232025 7.10996008 -4.35237980
v 19.20959091 7.12411022 -1.81921005
v 18.58227921 4.28639984 -4.22006989
v 11.98112011 3.17161012 -7.16035986
v 18.58227921 4.28639984 -4.22006989
v 15.66357040 0.99958998 -6.24101019
v 15.66357040 0.99958998 -6.24101019
v 11.67385960 0.99958998 -7.51412010
v 11.98112011 3.17161012 -7.16035986
v 30.54383087 9.10968018 19.72866058
v 29.33308983 9.40133953 22.94975090
v 30.08382988 9.35424995 22.99637985
v 30.79966927 9.11036015 23.00774956
v 30.54383087 9.10968018 19.72866058
v 30.08382988 9.35424995 22.99637985
v 26.59514999 7.15561008 23.01964951
v 26.87466049 7.85676003 23.00243950
v 26.24143028 6.40632010 20.03162003
v 26.24143028 6.40632010 20.03162003
v 26.50031090 6.40679979 23.03064919
v 26.59514999 7.15561008 23.01964951
v 26.87466049 7.85676003 23.00243950
v 26.29237938 7.85724020 18.31521034
v 26.24143028 6.40632010 20.03162003
v 27.27738953 8.94701958 18.00122070
v 26.29237938 7.85724020 18.31521034
v 26.87466049 7.85676003 23.00243950
v 27.27738953 8.94701958 18.00122070
v 26.87466049 7.85676003 23.00243950
v 27.31973076 8.46638966 23.00947952
v 27.90369034 8.94571972 22.99971962
v 27.27738953 8.94701958 18.00122070
v 27.31973076 8.46638966 23.00947952
v 28.63104057 9.40172005 17.51563072
v 27.27738953 8.94701958 18.00122070
v 27.90369034 8.94571972 22.99971962
v 28.63104057 9.40172005 17.51563072
v 27.90369034 8.94571972 22.99971962
v 28.58735085 9.26455021 23.00107956
v 29.33308983 9.40133953 22.94975090
v 28.63104057 9.40172005 17.51563072
v 28.58735085 9.26455021 23.00107956
v 28.63104057 9.40172005 17.51563072
v 29.33308983 9.40133953 22.94975090
v 30.54383087 9.10968018 19.72866058
v 30.54383087 9.10968018 19.72866058
v 29.90320969 9.10968018 16.56612968
v 28.63104057 9.40172005 17.51563072
v 25.59365082 6.40632010 17.12324905
v 26.24143028 6.40632010 20.03162003
v 26.29237938 7.85724020 18.31521034
v 24.77108955 7.85724020 13.86824989
v 26.29237938 7.85724020 18.31521034
v 27.27738953 8.94701958 18.00122070
v 24.77108955 7.85724020 13.86824989
v 24.56801033 6.40632010 14.32697010
v 25.59365082 6.40632010 17.12324905
v 26.29237938 7.85724020 18.31521034
v 24.77108955 7.85724020 13.86824989
v 25.59365082 6.40632010 17.12324905
v 25.63348007 8.94701958 13.27910995
v 27.27738953 8.94701958 18.00122070
v 28.63104057 9.40172005 17.51563072
v 27.27738953 8.94701958 18.00122070
v 25.63348007 8.94701958 13.27910995
v 24.77108955 7.85724020 13.86824989
v 28.63104057 9.40172005 17.51563072
v 26.77773094 9.40172005 12.35931969
v 25.63348007 8.94701958 13.27910995
v 28.63104057 9.40172005 17.51563072
v 29.90320969 9.10968018 16.56612968
v 28.88780975 9.10968018 13.50446987
v 26.77773094 9.40172005 12.35931969
v 28.63104057 9.40172005 17.51563072
v 28.88780975 9.10968018 13.50446987
v 28.88780975 9.10968018 13.50446987
v 27.51255035 9.10968018 10.58757973
v 26.77773094 9.40172005 12.35931969
v 23.18226051 6.40632010 11.69050980
v 24.56801033 6.40632010 14.32697010
v 24.77108955 7.85724020 13.86824989
v 22.37364006 7.85724020 9.82569981
v 24.77108955 7.85724020 13.86824989
v 25.63348007 8.94701958 13.27910995
v 24.77108955 7.85724020 13.86824989
v 22.37364006 7.85724020 9.82569981
v 23.18226051 6.40632010 11.69050980
v 23.04388046 8.94701958 9.00187016
v 25.63348007 8.94701958 13.27910995
v 26.77773094 9.40172005 12.35931969
v 25.63348007 8.94701958 13.27910995
v 23.04388046 8.94701958 9.00187016
v 22.37364006 7.85724020 9.82569981
v 26.77773094 9.40172005 12.35931969
v 27.51255035 9.10968018 10.58757973
v 25.79233932 9.10968018 7.85021019
v 23.85976028 9.40172005 7.72165012
v 26.77773094 9.40172005 12.35931969
v 23.85976028 9.40172005 7.72165012
v 23.04388046 8.94701958 9.00187016
v 21.45568085 6.40632010 9.25389957
v 23.18226051 6.40632010 11.69050980
v 22.37364006 7.85724020 9.82569981
v 25.79233932 9.10968018 7.85021019
v 23.75452995 9.10968018 5.33895016
v 23.85976028 9.40172005 7.72165012
v 19.20109940 7.85724020 6.35799980
v 19.44080925 6.40632010 7.08509016
v 21.45568085 6.40632010 9.25389957
v 22.37364006 7.85724020 9.82569981
v 19.20109940 7.85724020 6.35799980
v 21.45568085 6.40632010 9.25389957
v 19.20109940 7.85724020 6.35799980
v 22.37364006 7.85724020 9.82569981
v 23.04388046 8.94701958 9.00187016
v 19.62173080 8.94701958 5.35637999
v 23.04388046 8.94701958 9.00187016
v 23.85976028 9.40172005 7.72165012
v 23.04388046 8.94701958 9.00187016
v 19.62173080 8.94701958 5.35637999
v 19.20109940 7.85724020 6.35799980
v 23.85976028 9.40172005 7.72165012
v 20.01346016 9.40172005 3.81928992
v 19.62173080 8.94701958 5.35637999
v 23.85976028 9.40172005 7.72165012
v 23.75452995 9.10968018 5.33895016
v 21.51543999 9.10968018 3.16539001
v 20.01346016 9.40172005 3.81928992
v 23.85976028 9.40172005 7.72165012
v 21.51543999 9.10968018 3.16539001
v 17.34647942 6.40632010 5.33613014
v 19.44080925 6.40632010 7.08509016
v 19.20109940 7.85724020 6.35799980
v 21.51543999 9.10968018 3.16539001
v 19.24567986 9.10968018 1.40820003
v 20.01346016 9.40172005 3.81928992
v 15.35070038 7.89198017 3.53765011
v 15.28734970 6.40805006 3.98648000
v 17.34647942 6.40632010 5.33613014
v 19.20109940 7.85724020 6.35799980
v 15.35070038 7.89198017 3.53765011
v 17.34647942 6.40632010 5.33613014
v 15.35070038 7.89198017 3.53765011
v 19.20109940 7.85724020 6.35799980
v 19.62173080 8.94701958 5.35637999
v 15.50804996 9.08421993 2.16505003
v 15.35070038 7.89198017 3.53765011
v 19.62173080 8.94701958 5.35637999
v 15.50804996 9.08421993 2.16505003
v 19.62173080 8.94701958 5.35637999
v 20.01346016 9.40172005 3.81928992
v 20.01346016 9.40172005 3.81928992
v 19.24567986 9.10968018 1.40820003
v 17.04752922 9.10968971 0.03941000
v 15.50804996 9.08421993 2.16505003
v 20.01346016 9.40172005 3.81928992
v 17.04752922 9.10968971 0.03941000
v 15.18955994 9.39706039 0.20453000
v 15.50804996 9.08421993 2.16505003
v 17.04752922 9.10968971 0.03941000
v 14.93883991 9.10968971 -1.01760006
v 15.18955994 9.39706039 0.20453000
v 17.04752922 9.10968971 0.03941000
v 30.45738029 -9.11050987 19.15825081
v 30.79714966 -9.11441040 22.99093056
v 29.33041954 -9.40730000 22.97452927
v 26.87266922 -7.85525990 22.99909019
v 26.49700928 -6.40789986 23.00486946
v 26.24157906 -6.40713978 20.03259087
v 26.29454994 -7.85542011 18.33118057
v 26.87266922 -7.85525990 22.99909019
v 26.24157906 -6.40713978 20.03259087
v 27.31945038 -8.46778011 23.01071930
v 26.87266922 -7.85525990 22.99909019
v 26.29454994 -7.85542011 18.33118057
v 27.90180016 -8.94608021 22.98558998
v 27.31945038 -8.46778011 23.01071930
v 26.29454994 -7.85542011 18.33118057
v 27.27926064 -8.94622993 18.02046013
v 27.90180016 -8.94608021 22.98558998
v 26.29454994 -7.85542011 18.33118057
v 30.45738029 -9.11050987 19.15825081
v 28.13668060 -9.43482971 15.71140003
v 29.44318008 -9.13202953 15.42730045
v 28.58736038 -9.26599979 22.99868965
v 27.90180016 -8.94608021 22.98558998
v 27.27926064 -8.94622993 18.02046013
v 29.33041954 -9.40730000 22.97452927
v 28.58736038 -9.26599979 22.99868965
v 27.27926064 -8.94622993 18.02046013
v 28.13668060 -9.43482971 15.71140003
v 29.33041954 -9.40730000 22.97452927
v 27.27926064 -8.94622993 18.02046013
v 29.33041954 -9.40730000 22.97452927
v 28.13668060 -9.43482971 15.71140003
v 30.45738029 -9.11050987 19.15825081
v 26.24157906 -6.40713978 20.03259087
v 25.59420013 -6.40713978 17.12512970
v 26.29454994 -7.85542011 18.33118057
v 26.29454994 -7.85542011 18.33118057
v 24.77486038 -7.85542011 13.87991047
v 27.27926064 -8.94622993 18.02046013
v 26.29454994 -7.85542011 18.33118057
v 25.59420013 -6.40713978 17.12512970
v 24.56920052 -6.40713978 14.32964993
v 24.77486038 -7.85542011 13.87991047
v 26.29454994 -7.85542011 18.33118057
v 24.56920052 -6.40713978 14.32964993
v 27.27926064 -8.94622993 18.02046013
v 25.63740921 -8.94622993 13.29347992
v 28.13668060 -9.43482971 15.71140003
v 25.63740921 -8.94622993 13.29347992
v 27.27926064 -8.94622993 18.02046013
v 24.77486038 -7.85542011 13.87991047
v 27.71212006 -9.11050987 10.95917988
v 29.44318008 -9.13202953 15.42730045
v 28.13668060 -9.43482971 15.71140003
v 24.56920052 -6.40713978 14.32964993
v 23.18433952 -6.40713978 11.69390011
v 24.77486038 -7.85542011 13.87991047
v 25.54920959 -9.40237999 10.13518047
v 27.71212006 -9.11050987 10.95917988
v 28.13668060 -9.43482971 15.71140003
v 25.54920959 -9.40237999 10.13518047
v 28.13668060 -9.43482971 15.71140003
v 25.63740921 -8.94622993 13.29347992
v 26.26255989 -9.11050987 8.52879047
v 27.71212006 -9.11050987 10.95917988
v 25.54920959 -9.40237999 10.13518047
v 24.77486038 -7.85542011 13.87991047
v 22.37741089 -7.85541010 9.83323956
v 25.63740921 -8.94622993 13.29347992
v 22.37741089 -7.85541010 9.83323956
v 24.77486038 -7.85542011 13.87991047
v 23.18433952 -6.40713978 11.69390011
v 25.63740921 -8.94622993 13.29347992
v 23.04800987 -8.94622993 9.01154041
v 25.54920959 -9.40237999 10.13518047
v 23.04800987 -8.94622993 9.01154041
v 25.63740921 -8.94622993 13.29347992
v 22.37741089 -7.85541010 9.83323956
v 23.18433952 -6.40713978 11.69390011
v 21.45900917 -6.40713978 9.25798988
v 22.37741089 -7.85541010 9.83323956
v 22.76218033 -9.40237999 6.43190002
v 25.54920959 -9.40237999 10.13518047
v 23.04800987 -8.94622993 9.01154041
v 22.76218033 -9.40237999 6.43190002
v 24.56229973 -9.11050987 6.26148987
v 26.26255989 -9.11050987 8.52879047
v 25.54920959 -9.40237999 10.13518047
v 22.66411972 -9.11050987 4.21714020
v 24.56229973 -9.11050987 6.26148987
v 22.76218033 -9.40237999 6.43190002
v 22.37741089 -7.85541010 9.83323956
v 19.20343971 -7.85541010 6.36204004
v 23.04800987 -8.94622993 9.01154041
v 22.37741089 -7.85541010 9.83323956
v 21.45900917 -6.40713978 9.25798988
v 19.44429970 -6.40713978 7.08837986
v 19.20343971 -7.85541010 6.36204004
v 22.37741089 -7.85541010 9.83323956
v 19.44429970 -6.40713978 7.08837986
v 23.04800987 -8.94622993 9.01154041
v 19.62438965 -8.94622993 5.36206007
v 22.76218033 -9.40237999 6.43190002
v 19.62438965 -8.94622993 5.36206007
v 23.04800987 -8.94622993 9.01154041
v 19.20343971 -7.85541010 6.36204004
v 19.34742928 -9.40237999 3.29801011
v 22.76218033 -9.40237999 6.43190002
v 19.62438965 -8.94622993 5.36206007
v 19.34742928 -9.40237999 3.29801011
v 20.67169952 -9.11050987 2.46631002
v 22.66411972 -9.11050987 4.21714020
v 22.76218033 -9.40237999 6.43190002
v 19.34742928 -9.40237999 3.29801011
v 22.66411972 -9.11050987 4.21714020
v 19.44429970 -6.40713978 7.08837986
v 17.34859085 -6.40713978 5.33768988
v 19.20343971 -7.85541010 6.36204004
v 18.69315910 -9.11050034 1.03600001
v 20.67169952 -9.11050987 2.46631002
v 19.34742928 -9.40237999 3.29801011
v 19.20343971 -7.85541010 6.36204004
v 15.38654995 -7.90336990 3.56958008
v 19.62438965 -8.94622993 5.36206007
v 19.20343971 -7.85541010 6.36204004
v 17.34859085 -6.40713978 5.33768988
v 15.28215981 -6.40734005 3.98093009
v 19.20343971 -7.85541010 6.36204004
v 15.28215981 -6.40734005 3.98093009
v 15.38654995 -7.90336990 3.56958008
v 19.62438965 -8.94622993 5.36206007
v 15.48328018 -9.08043003 2.17479992
v 19.34742928 -9.40237999 3.29801011
v 19.62438965 -8.94622993 5.36206007
v 15.38654995 -7.90336990 3.56958008
v 15.48328018 -9.08043003 2.17479992
v 19.34742928 -9.40237999 3.29801011
v 15.48328018 -9.08043003 2.17479992
v 15.21953011 -9.38465023 0.20242000
v 15.21953011 -9.38465023 0.20242000
v 16.78088951 -9.11050034 -0.10730000
v 18.69315910 -9.11050034 1.03600001
v 15.21953011 -9.38465023 0.20242000
v 14.85429001 -9.11536026 -1.01545000
v 16.78088951 -9.11050034 -0.10730000
v 15.21953011 -9.38465023 0.20242000
v 12.48334980 -6.40739012 4.90257978
v 12.71158981 -6.40639019 4.50438023
v 12.43964005 6.40632010 4.97975016
v 12.74382973 6.40693998 4.46698999
v 12.43964005 6.40632010 4.97975016
v 12.71158981 -6.40639019 4.50438023
v 12.71158981 -6.40639019 4.50438023
v 13.11625004 -6.40706015 4.10915995
v 12.74382973 6.40693998 4.46698999
v 13.17146969 6.40534019 4.06694984
v 12.74382973 6.40693998 4.46698999
v 13.11625004 -6.40706015 4.10915995
v 13.11625004 -6.40706015 4.10915995
v 13.67181015 -6.40728998 3.82387996
v 13.17146969 6.40534019 4.06694984
v 13.63432026 6.40488005 3.83864999
v 13.17146969 6.40534019 4.06694984
v 13.67181015 -6.40728998 3.82387996
v 13.67181015 -6.40728998 3.82387996
v 14.16679001 -6.40620995 3.72868991
v 13.63432026 6.40488005 3.83864999
v 14.16567039 6.40516996 3.73141003
v 13.63432026 6.40488005 3.83864999
v 14.16679001 -6.40620995 3.72868991
v 14.16679001 -6.40620995 3.72868991
v 14.74827957 -6.40559006 3.77485991
v 14.16567039 6.40516996 3.73141003
v 14.78989983 6.40794992 3.78525996
v 14.16567039 6.40516996 3.73141003
v 14.74827957 -6.40559006 3.77485991
v 14.74827957 -6.40559006 3.77485991
v 15.28215981 -6.40734005 3.98093009
v 14.78989983 6.40794992 3.78525996
v 15.28734970 6.40805006 3.98648000
v 14.78989983 6.40794992 3.78525996
v 15.28215981 -6.40734005 3.98093009
v 12.43964005 6.40632010 4.97975016
v 12.58938026 6.40623999 4.72037983
v 12.68774986 9.13362980 4.25919008
v 12.84992981 8.84319019 3.96175003
v 12.68774986 9.13362980 4.25919008
v 12.58938026 6.40623999 4.72037983
v 12.68774986 9.13362980 4.25919008
v 12.84992981 8.84319019 3.96175003
v 13.25704002 10.50524998 2.32517004
v 12.58938026 6.40623999 4.72037983
v 12.74382973 6.40693998 4.46698999
v 12.84992981 8.84319019 3.96175003
v 13.47078991 10.08158970 2.14670992
v 13.25704002 10.50524998 2.32517004
v 12.84992981 8.84319019 3.96175003
v 13.19676971 8.55461025 3.61156988
v 12.84992981 8.84319019 3.96175003
v 12.74382973 6.40693998 4.46698999
v 12.84992981 8.84319019 3.96175003
v 13.19676971 8.55461025 3.61156988
v 13.47078991 10.08158970 2.14670992
v 12.74382973 6.40693998 4.46698999
v 13.17146969 6.40534019 4.06694984
v 13.19676971 8.55461025 3.61156988
v 13.69239998 10.33885002 0.10007000
v 13.25704002 10.50524998 2.32517004
v 13.47078991 10.08158970 2.14670992
v 13.57159996 8.34648037 3.40352011
v 13.19676971 8.55461025 3.61156988
v 13.17146969 6.40534019 4.06694984
v 13.19676971 8.55461025 3.61156988
v 13.57159996 8.34648037 3.40352011
v 13.47078991 10.08158970 2.14670992
v 13.47078991 10.08158970 2.14670992
v 13.86713028 9.62944031 2.02199006
v 13.69239998 10.33885002 0.10007000
v 13.86713028 9.62944031 2.02199006
v 13.47078991 10.08158970 2.14670992
v 13.57159996 8.34648037 3.40352011
v 13.17146969 6.40534019 4.06694984
v 13.63432026 6.40488005 3.83864999
v 13.57159996 8.34648037 3.40352011
v 13.57159996 8.34648037 3.40352011
v 13.98211956 8.18787003 3.28635001
v 13.86713028 9.62944031 2.02199006
v 13.98211956 8.18787003 3.28635001
v 13.57159996 8.34648037 3.40352011
v 13.63432026 6.40488005 3.83864999
v 13.63432026 6.40488005 3.83864999
v 14.16567039 6.40516996 3.73141003
v 13.98211956 8.18787003 3.28635001
v 14.07981014 9.87364006 0.14741001
v 13.69239998 10.33885002 0.10007000
v 13.86713028 9.62944031 2.02199006
v 14.31560040 9.33660984 1.97631001
v 13.86713028 9.62944031 2.02199006
v 13.98211956 8.18787003 3.28635001
v 13.86713028 9.62944031 2.02199006
v 14.31560040 9.33660984 1.97631001
v 14.07981014 9.87364006 0.14741001
v 14.40983963 8.07621956 3.25154996
v 13.98211956 8.18787003 3.28635001
v 14.16567039 6.40516996 3.73141003
v 13.98211956 8.18787003 3.28635001
v 14.40983963 8.07621956 3.25154996
v 14.31560040 9.33660984 1.97631001
v 14.16567039 6.40516996 3.73141003
v 14.50780010 6.40489006 3.75358009
v 14.40983963 8.07621956 3.25154996
v 14.52968025 9.59004974 0.18204001
v 14.07981014 9.87364006 0.14741001
v 14.31560040 9.33660984 1.97631001
v 14.31560040 9.33660984 1.97631001
v 14.90133953 9.13856030 1.99861002
v 14.52968025 9.59004974 0.18204001
v 14.90133953 9.13856030 1.99861002
v 14.31560040 9.33660984 1.97631001
v 14.40983963 8.07621956 3.25154996
v 14.40983963 8.07621956 3.25154996
v 14.85832977 8.01624966 3.30744004
v 14.90133953 9.13856030 1.99861002
v 14.85832977 8.01624966 3.30744004
v 14.40983963 8.07621956 3.25154996
v 14.50780010 6.40489006 3.75358009
v 14.50780010 6.40489006 3.75358009
v 14.78989983 6.40794992 3.78525996
v 14.85832977 8.01624966 3.30744004
v 14.85844994 9.46197987 0.19548000
v 14.52968025 9.59004974 0.18204001
v 14.90133953 9.13856030 1.99861002
v 14.85832977 8.01624966 3.30744004
v 15.35070038 7.89198017 3.53765011
v 14.90133953 9.13856030 1.99861002
v 15.35070038 7.89198017 3.53765011
v 14.85832977 8.01624966 3.30744004
v 14.78989983 6.40794992 3.78525996
v 15.18955994 9.39706039 0.20453000
v 14.85844994 9.46197987 0.19548000
v 14.90133953 9.13856030 1.99861002
v 14.78989983 6.40794992 3.78525996
v 15.28734970 6.40805006 3.98648000
v 15.35070038 7.89198017 3.53765011
v 15.50804996 9.08421993 2.16505003
v 14.90133953 9.13856030 1.99861002
v 15.50804996 9.08421993 2.16505003
v 15.18955994 9.39706039 0.20453000
v 13.65544987 9.95316982 -1.21632004
v 13.48268986 10.32783031 -1.34627998
v 13.69239998 10.33885002 0.10007000
v 13.69239998 10.33885002 0.10007000
v 14.07981014 9.87364006 0.14741001
v 13.65544987 9.95316982 -1.21632004
v 13.95207977 9.60692024 -1.10757005
v 13.65544987 9.95316982 -1.21632004
v 14.07981014 9.87364006 0.14741001
v 14.07981014 9.87364006 0.14741001
v 14.52968025 9.59004974 0.18204001
v 13.95207977 9.60692024 -1.10757005
v 14.29804039 9.36785984 -1.04865003
v 13.95207977 9.60692024 -1.10757005
v 14.52968025 9.59004974 0.18204001
v 14.52968025 9.59004974 0.18204001
v 14.85844994 9.46197987 0.19548000
v 14.29804039 9.36785984 -1.04865003
v 14.66569042 9.18686008 -1.01368999
v 14.29804039 9.36785984 -1.04865003
v 14.85844994 9.46197987 0.19548000
v 14.85844994 9.46197987 0.19548000
v 15.18955994 9.39706039 0.20453000
v 14.66569042 9.18686008 -1.01368999
v 14.66569042 9.18686008 -1.01368999
v 15.18955994 9.39706039 0.20453000
v 14.93883991 9.10968971 -1.01760006
v 12.93924999 9.41483021 -3.53728008
v 12.88448048 9.63718987 -3.66647005
v 13.18964958 10.49958992 -2.36255002
v 13.18964958 10.49958992 -2.36255002
v 13.48268986 10.32783031 -1.34627998
v 12.93924999 9.41483021 -3.53728008
v 12.21337032 7.94796991 -5.50559998
v 12.88448048 9.63718987 -3.66647005
v 12.93924999 9.41483021 -3.53728008
v 12.36359024 7.69194984 -5.23325014
v 12.21337032 7.94796991 -5.50559998
v 12.93924999 9.41483021 -3.53728008
v 12.93924999 9.41483021 -3.53728008
v 13.11882019 9.01344013 -3.32704997
v 12.36359024 7.69194984 -5.23325014
v 13.11882019 9.01344013 -3.32704997
v 12.93924999 9.41483021 -3.53728008
v 13.48268986 10.32783031 -1.34627998
v 11.51663971 6.08266020 -6.85008001
v 12.21337032 7.94796991 -5.50559998
v 12.36359024 7.69194984 -5.23325014
v 13.48268986 10.32783031 -1.34627998
v 13.65544987 9.95316982 -1.21632004
v 13.11882019 9.01344013 -3.32704997
v 12.36359024 7.69194984 -5.23325014
v 11.60970020 5.81623983 -6.70497990
v 11.51663971 6.08266020 -6.85008001
v 10.88949013 3.53805995 -7.81975985
v 11.51663971 6.08266020 -6.85008001
v 11.60970020 5.81623983 -6.70497990
v 13.65544987 9.95316982 -1.21632004
v 13.95207977 9.60692024 -1.10757005
v 13.11882019 9.01344013 -3.32704997
v 12.71294975 7.44038010 -4.91487980
v 12.36359024 7.69194984 -5.23325014
v 13.11882019 9.01344013 -3.32704997
v 12.36359024 7.69194984 -5.23325014
v 12.71294975 7.44038010 -4.91487980
v 11.60970020 5.81623983 -6.70497990
v 13.11882019 9.01344013 -3.32704997
v 13.41292000 8.65007019 -3.17383003
v 12.71294975 7.44038010 -4.91487980
v 13.41292000 8.65007019 -3.17383003
v 13.11882019 9.01344013 -3.32704997
v 13.95207977 9.60692024 -1.10757005
v 11.93167973 5.52365017 -6.44410992
v 11.60970020 5.81623983 -6.70497990
v 12.71294975 7.44038010 -4.91487980
v 11.60970020 5.81623983 -6.70497990
v 11.93167973 5.52365017 -6.44410992
v 10.88949013 3.53805995 -7.81975985
v 10.94454956 0.99738002 -7.87139988
v 10.67074013 0.99921000 -8.11293030
v 10.88949013 3.53805995 -7.81975985
v 10.88949013 3.53805995 -7.81975985
v 11.28215981 3.39613008 -7.43879986
v 10.94454956 0.99738002 -7.87139988
v 11.28215981 3.39613008 -7.43879986
v 10.88949013 3.53805995 -7.81975985
v 11.93167973 5.52365017 -6.44410992
v 12.71294975 7.44038010 -4.91487980
v 13.14305019 7.23847008 -4.66388988
v 11.93167973 5.52365017 -6.44410992
v 13.14305019 7.23847008 -4.66388988
v 12.71294975 7.44038010 -4.91487980
v 13.41292000 8.65007019 -3.17383003
v 13.41292000 8.65007019 -3.17383003
v 13.77247047 8.35124016 -3.08140993
v 13.14305019 7.23847008 -4.66388988
v 13.77247047 8.35124016 -3.08140993
v 13.41292000 8.65007019 -3.17383003
v 13.95207977 9.60692024 -1.10757005
v 13.95207977 9.60692024 -1.10757005
v 14.29804039 9.36785984 -1.04865003
v 13.77247047 8.35124016 -3.08140993
v 11.93167973 5.52365017 -6.44410992
v 12.31589985 5.27040005 -6.28184986
v 11.28215981 3.39613008 -7.43879986
v 12.31589985 5.27040005 -6.28184986
v 11.93167973 5.52365017 -6.44410992
v 13.14305019 7.23847008 -4.66388988
v 11.73383999 3.19752002 -7.16873980
v 11.35846043 0.99781001 -7.62772989
v 10.94454956 0.99738002 -7.87139988
v 11.28215981 3.39613008 -7.43879986
v 11.73383999 3.19752002 -7.16873980
v 10.94454956 0.99738002 -7.87139988
v 11.73383999 3.19752002 -7.16873980
v 11.28215981 3.39613008 -7.43879986
v 12.31589985 5.27040005 -6.28184986
v 14.29804039 9.36785984 -1.04865003
v 14.66569042 9.18686008 -1.01368999
v 13.77247047 8.35124016 -3.08140993
v 13.14305019 7.23847008 -4.66388988
v 13.79232025 7.10996008 -4.35237980
v 12.31589985 5.27040005 -6.28184986
v 13.79232025 7.10996008 -4.35237980
v 13.14305019 7.23847008 -4.66388988
v 13.77247047 8.35124016 -3.08140993
v 14.18859959 8.09825993 -3.03375006
v 13.77247047 8.35124016 -3.08140993
v 14.66569042 9.18686008 -1.01368999
v 13.77247047 8.35124016 -3.08140993
v 14.18859959 8.09825993 -3.03375006
v 13.79232025 7.10996008 -4.35237980
v 12.31589985 5.27040005 -6.28184986
v 12.80422020 5.00471020 -6.27409983
v 11.73383999 3.19752002 -7.16873980
v 12.80422020 5.00471020 -6.27409983
v 12.31589985 5.27040005 -6.28184986
v 13.79232025 7.10996008 -4.35237980
v 14.18859959 8.09825993 -3.03375006
v 14.66569042 9.18686008 -1.01368999
v 14.33082962 8.00471973 -3.01229000
v 13.79232025 7.10996008 -4.35237980
v 14.18859959 8.09825993 -3.03375006
v 14.33082962 8.00471973 -3.01229000
v 11.98112011 3.17161012 -7.16035986
v 11.67385960 0.99958998 -7.51412010
v 11.35846043 0.99781001 -7.62772989
v 11.73383999 3.19752002 -7.16873980
v 11.98112011 3.17161012 -7.16035986
v 11.35846043 0.99781001 -7.62772989
v 14.66569042 9.18686008 -1.01368999
v 14.93883991 9.10968971 -1.01760006
v 14.33082962 8.00471973 -3.01229000
v 10.67074013 0.99921000 -8.11293030
v 10.94454956 0.99738002 -7.87139988
v 10.66506004 -1.00030005 -8.11141014
v 10.90900993 -0.99576998 -7.89165020
v 10.66506004 -1.00030005 -8.11141014
v 10.94454956 0.99738002 -7.87139988
v 10.94454956 0.99738002 -7.87139988
v 11.35846043 0.99781001 -7.62772989
v 10.90900993 -0.99576998 -7.89165020
v 11.23976994 -0.99918002 -7.68268013
v 10.90900993 -0.99576998 -7.89165020
v 11.35846043 0.99781001 -7.62772989
v 11.35846043 0.99781001 -7.62772989
v 11.67385960 0.99958998 -7.51412010
v 11.23976994 -0.99918002 -7.68268013
v 11.64083004 -0.99333000 -7.51362991
v 11.23976994 -0.99918002 -7.68268013
v 11.67385960 0.99958998 -7.51412010
v 13.55432034 -10.50586033 -0.44093999
v 13.18964005 -10.50041008 -2.36255002
v 12.89855003 -9.67271996 -3.62334991
v 12.89855003 -9.67271996 -3.62334991
v 12.95098972 -9.37372017 -3.50425005
v 13.55432034 -10.50586033 -0.44093999
v 12.89855003 -9.67271996 -3.62334991
v 12.21218014 -7.94114017 -5.51292992
v 12.95098972 -9.37372017 -3.50425005
v 12.21218014 -7.94114017 -5.51292992
v 12.34374046 -7.74750996 -5.26691008
v 12.95098972 -9.37372017 -3.50425005
v 13.12794018 -9.02062035 -3.32480001
v 12.95098972 -9.37372017 -3.50425005
v 12.34374046 -7.74750996 -5.26691008
v 12.95098972 -9.37372017 -3.50425005
v 13.12794018 -9.02062035 -3.32480001
v 13.55432034 -10.50586033 -0.44093999
v 12.21218014 -7.94114017 -5.51292992
v 11.51189041 -6.06880999 -6.85761976
v 12.34374046 -7.74750996 -5.26691008
v 13.65034008 -9.95748997 -1.21898997
v 13.55432034 -10.50586033 -0.44093999
v 13.12794018 -9.02062035 -3.32480001
v 11.51189041 -6.06880999 -6.85761976
v 11.63521957 -5.80562019 -6.68769979
v 12.34374046 -7.74750996 -5.26691008
v 11.51189041 -6.06880999 -6.85761976
v 10.83491993 -3.55576992 -7.89054012
v 11.63521957 -5.80562019 -6.68769979
v 12.61567020 -7.37133980 -5.02172995
v 12.34374046 -7.74750996 -5.26691008
v 11.63521957 -5.80562019 -6.68769979
v 12.34374046 -7.74750996 -5.26691008
v 12.61567020 -7.37133980 -5.02172995
v 13.12794018 -9.02062035 -3.32480001
v 13.92358017 -9.63899994 -1.11593997
v 13.65034008 -9.95748997 -1.21898997
v 13.12794018 -9.02062035 -3.32480001
v 13.12794018 -9.02062035 -3.32480001
v 13.37767982 -8.69748020 -3.18544006
v 13.92358017 -9.63899994 -1.11593997
v 13.37767982 -8.69748020 -3.18544006
v 13.12794018 -9.02062035 -3.32480001
v 12.61567020 -7.37133980 -5.02172995
v 10.83491993 -3.55576992 -7.89054012
v 11.02791977 -3.52859998 -7.64707994
v 11.63521957 -5.80562019 -6.68769979
v 10.83491993 -3.55576992 -7.89054012
v 10.66506004 -1.00030005 -8.11141014
v 11.02791977 -3.52859998 -7.64707994
v 11.90386963 -5.55691004 -6.46360016
v 11.63521957 -5.80562019 -6.68769979
v 11.02791977 -3.52859998 -7.64707994
v 11.63521957 -5.80562019 -6.68769979
v 11.90386963 -5.55691004 -6.46360016
v 12.61567020 -7.37133980 -5.02172995
v 10.66506004 -1.00030005 -8.11141014
v 10.90900993 -0.99576998 -7.89165020
v 11.02791977 -3.52859998 -7.64707994
v 14.30893040 -9.34457970 -1.04496002
v 13.92358017 -9.63899994 -1.11593997
v 13.37767982 -8.69748020 -3.18544006
v 13.69316006 -8.41773033 -3.09303999
v 13.37767982 -8.69748020 -3.18544006
v 12.61567020 -7.37133980 -5.02172995
v 13.37767982 -8.69748020 -3.18544006
v 13.69316006 -8.41773033 -3.09303999
v 14.30893040 -9.34457970 -1.04496002
v 11.37409973 -3.36257005 -7.37210989
v 11.02791977 -3.52859998 -7.64707994
v 10.90900993 -0.99576998 -7.89165020
v 11.02791977 -3.52859998 -7.64707994
v 11.37409973 -3.36257005 -7.37210989
v 11.90386963 -5.55691004 -6.46360016
v 12.61567020 -7.37133980 -5.02172995
v 13.06867027 -6.99306011 -4.85520983
v 13.69316006 -8.41773033 -3.09303999
v 13.06867027 -6.99306011 -4.85520983
v 12.61567020 -7.37133980 -5.02172995
v 11.90386963 -5.55691004 -6.46360016
v 12.23052979 -5.32839012 -6.30559015
v 11.90386963 -5.55691004 -6.46360016
v 11.37409973 -3.36257005 -7.37210989
v 11.90386963 -5.55691004 -6.46360016
v 12.23052979 -5.32839012 -6.30559015
v 13.06867027 -6.99306011 -4.85520983
v 10.90900993 -0.99576998 -7.89165020
v 11.23976994 -0.99918002 -7.68268013
v 11.37409973 -3.36257005 -7.37210989
v 14.19182968 -8.09902954 -3.02073002
v 13.69316006 -8.41773033 -3.09303999
v 13.06867027 -6.99306011 -4.85520983
v 13.69316006 -8.41773033 -3.09303999
v 14.19182968 -8.09902954 -3.02073002
v 14.30893040 -9.34457970 -1.04496002
v 13.46650982 -6.75449991 -4.84491014
v 13.06867027 -6.99306011 -4.85520983
v 12.23052979 -5.32839012 -6.30559015
v 13.06867027 -6.99306011 -4.85520983
v 13.46650982 -6.75449991 -4.84491014
v 14.19182968 -8.09902954 -3.02073002
v 14.85429001 -9.11536026 -1.01545000
v 14.30893040 -9.34457970 -1.04496002
v 14.19182968 -8.09902954 -3.02073002
v 12.23052979 -5.32839012 -6.30559015
v 12.61153984 -4.96985006 -6.29129982
v 13.46650982 -6.75449991 -4.84491014
v 12.61153984 -4.96985006 -6.29129982
v 12.23052979 -5.32839012 -6.30559015
v 11.37409973 -3.36257005 -7.37210989
v 11.37409973 -3.36257005 -7.37210989
v 11.88469982 -3.19871998 -7.20779991
v 12.61153984 -4.96985006 -6.29129982
v 11.88469982 -3.19871998 -7.20779991
v 11.37409973 -3.36257005 -7.37210989
v 11.23976994 -0.99918002 -7.68268013
v 11.23976994 -0.99918002 -7.68268013
v 11.64083004 -0.99333000 -7.51362991
v 11.88469982 -3.19871998 -7.20779991
v 13.55432034 -10.50586033 -0.44093999
v 13.65034008 -9.95748997 -1.21898997
v 13.73215008 -10.26074982 0.11352000
v 14.04955006 -9.92928982 0.15063000
v 13.73215008 -10.26074982 0.11352000
v 13.65034008 -9.95748997 -1.21898997
v 13.65034008 -9.95748997 -1.21898997
v 13.92358017 -9.63899994 -1.11593997
v 14.04955006 -9.92928982 0.15063000
v 14.42912960 -9.63354969 0.17846000
v 14.04955006 -9.92928982 0.15063000
v 13.92358017 -9.63899994 -1.11593997
v 13.92358017 -9.63899994 -1.11593997
v 14.30893040 -9.34457970 -1.04496002
v 14.42912960 -9.63354969 0.17846000
v 14.87790012 -9.45856953 0.19825999
v 14.42912960 -9.63354969 0.17846000
v 14.30893040 -9.34457970 -1.04496002
v 14.30893040 -9.34457970 -1.04496002
v 14.85429001 -9.11536026 -1.01545000
v 14.87790012 -9.45856953 0.19825999
v 15.21953011 -9.38465023 0.20242000
v 14.87790012 -9.45856953 0.19825999
v 14.85429001 -9.11536026 -1.01545000
v 12.71415997 -9.07246971 4.22862005
v 12.84599972 -8.85457993 3.98163009
v 12.48334980 -6.40739012 4.90257978
v 12.71415997 -9.07246971 4.22862005
v 12.30690956 -10.50041008 5.29925013
v 13.32161999 -10.49275970 2.06912994
v 12.84599972 -8.85457993 3.98163009
v 12.71415997 -9.07246971 4.22862005
v 13.32161999 -10.49275970 2.06912994
v 12.71158981 -6.40639019 4.50438023
v 12.48334980 -6.40739012 4.90257978
v 12.84599972 -8.85457993 3.98163009
v 13.08870029 -8.63162994 3.70308995
v 12.84599972 -8.85457993 3.98163009
v 13.32161999 -10.49275970 2.06912994
v 12.84599972 -8.85457993 3.98163009
v 13.08870029 -8.63162994 3.70308995
v 12.71158981 -6.40639019 4.50438023
v 12.92298031 -6.40750980 4.29737997
v 12.71158981 -6.40639019 4.50438023
v 13.08870029 -8.63162994 3.70308995
v 13.32161999 -10.49275970 2.06912994
v 13.47838020 -10.08773994 2.15253997
v 13.08870029 -8.63162994 3.70308995
v 13.11625004 -6.40706015 4.10915995
v 13.44062996 -8.41392994 3.46980000
v 13.08870029 -8.63162994 3.70308995
v 13.47838020 -10.08773994 2.15253997
v 13.08870029 -8.63162994 3.70308995
v 13.44062996 -8.41392994 3.46980000
v 13.11625004 -6.40706015 4.10915995
v 13.38457966 -6.40546989 3.96434999
v 13.11625004 -6.40706015 4.10915995
v 13.44062996 -8.41392994 3.46980000
v 13.32161999 -10.49275970 2.06912994
v 13.55432034 -10.50586033 -0.44093999
v 13.47838020 -10.08773994 2.15253997
v 13.47838020 -10.08773994 2.15253997
v 13.55432034 -10.50586033 -0.44093999
v 13.73215008 -10.26074982 0.11352000
v 13.77816963 -9.70742035 2.04130006
v 13.47838020 -10.08773994 2.15253997
v 13.73215008 -10.26074982 0.11352000
v 13.47838020 -10.08773994 2.15253997
v 13.77816963 -9.70742035 2.04130006
v 13.44062996 -8.41392994 3.46980000
v 13.44062996 -8.41392994 3.46980000
v 13.80434036 -8.24598980 3.32269001
v 13.38457966 -6.40546989 3.96434999
v 13.80434036 -8.24598980 3.32269001
v 13.44062996 -8.41392994 3.46980000
v 13.77816963 -9.70742035 2.04130006
v 13.67181015 -6.40728998 3.82387996
v 13.38457966 -6.40546989 3.96434999
v 13.80434036 -8.24598980 3.32269001
v 14.08722019 -9.47521973 1.99617004
v 13.77816963 -9.70742035 2.04130006
v 13.73215008 -10.26074982 0.11352000
v 14.08722019 -9.47521973 1.99617004
v 13.73215008 -10.26074982 0.11352000
v 14.04955006 -9.92928982 0.15063000
v 14.08722019 -9.47521973 1.99617004
v 14.16679001 -6.40620995 3.72868991
v 13.67181015 -6.40728998 3.82387996
v 13.80434036 -8.24598980 3.32269001
v 13.80434036 -8.24598980 3.32269001
v 14.36398983 -8.07931995 3.24406004
v 14.16679001 -6.40620995 3.72868991
v 14.36398983 -8.07931995 3.24406004
v 13.80434036 -8.24598980 3.32269001
v 14.08722019 -9.47521973 1.99617004
v 14.08722019 -9.47521973 1.99617004
v 14.45475960 -9.27130032 1.97544003
v 14.36398983 -8.07931995 3.24406004
v 14.45475960 -9.27130032 1.97544003
v 14.08722019 -9.47521973 1.99617004
v 14.04955006 -9.92928982 0.15063000
v 14.04955006 -9.92928982 0.15063000
v 14.42912960 -9.63354969 0.17846000
v 14.45475960 -9.27130032 1.97544003
v 14.74827957 -6.40559006 3.77485991
v 14.16679001 -6.40620995 3.72868991
v 14.36398983 -8.07931995 3.24406004
v 14.96485043 -9.12934017 2.00828004
v 14.45475960 -9.27130032 1.97544003
v 14.42912960 -9.63354969 0.17846000
v 14.45475960 -9.27130032 1.97544003
v 14.96485043 -9.12934017 2.00828004
v 14.36398983 -8.07931995 3.24406004
v 14.97332001 -8.00720024 3.33362007
v 14.36398983 -8.07931995 3.24406004
v 14.96485043 -9.12934017 2.00828004
v 14.36398983 -8.07931995 3.24406004
v 14.97332001 -8.00720024 3.33362007
v 14.74827957 -6.40559006 3.77485991
v 14.42912960 -9.63354969 0.17846000
v 14.87790012 -9.45856953 0.19825999
v 14.96485043 -9.12934017 2.00828004
v 14.96485043 -9.12934017 2.00828004
v 15.48328018 -9.08043003 2.17479992
v 14.97332001 -8.00720024 3.33362007
v 15.48328018 -9.08043003 2.17479992
v 14.96485043 -9.12934017 2.00828004
v 14.87790012 -9.45856953 0.19825999
v 14.87790012 -9.45856953 0.19825999
v 15.21953011 -9.38465023 0.20242000
v 15.48328018 -9.08043003 2.17479992
v 15.28215981 -6.40734005 3.98093009
v 14.74827957 -6.40559006 3.77485991
v 14.97332001 -8.00720024 3.33362007
v 15.38654995 -7.90336990 3.56958008
v 14.97332001 -8.00720024 3.33362007
v 15.48328018 -9.08043003 2.17479992
v 14.97332001 -8.00720024 3.33362007
v 15.38654995 -7.90336990 3.56958008
v 15.28215981 -6.40734005 3.98093009
v 8.58625984 -10.50041008 -10.28781986
v 6.06714010 -10.60041046 -4.40881014
v 5.01799011 -10.60041046 -5.57400990
v 6.66951990 -10.50041008 -11.62255955
v 4.55012989 -10.50041008 -12.60420036
v 6.37333012 -10.50041008 11.78649998
v 4.32369995 -10.50041008 12.68255997
v 3.74951005 -10.60041046 6.49477005
v 3.74952006 -10.60041046 -6.49561024
v 4.55012989 -10.50041008 -12.60420036
v 3.74952006 -10.60041046 -6.49561024
v 2.31714010 -10.60041046 -7.13333988
v 4.55012989 -10.50041008 -12.60420036
v 2.15348005 -10.50041008 13.22519970
v 2.31714010 -10.60041046 7.13250017
v 4.32369995 -10.50041008 12.68255997
v 3.74951005 -10.60041046 6.49477005
v 7.49950981 -15.40040970 -0.00042000
v 7.35540009 -15.40040970 -1.46360004
v 7.49950981 -10.60041046 -0.00042000
v 7.33561993 -10.60041046 -1.55975997
v 7.49950981 -10.60041046 -0.00042000
v 7.35540009 -15.40040970 -1.46360004
v 7.35540009 -15.40040970 -1.46360004
v 6.92860985 -15.40040970 -2.87054992
v 7.33561993 -10.60041046 -1.55975997
v 6.85110998 -10.60041046 -3.05095005
v 7.33561993 -10.60041046 -1.55975997
v 6.92860985 -15.40040970 -2.87054992
v 6.92860985 -15.40040970 -2.87054992
v 6.23553991 -15.40040970 -4.16720009
v 6.85110998 -10.60041046 -3.05095005
v 6.06714010 -10.60041046 -4.40881014
v 6.85110998 -10.60041046 -3.05095005
v 6.23553991 -15.40040970 -4.16720009
v 6.23553991 -15.40040970 -4.16720009
v 5.30282021 -15.40040970 -5.30372000
v 6.06714010 -10.60041046 -4.40881014
v 5.01799011 -10.60041046 -5.57400990
v 6.06714010 -10.60041046 -4.40881014
v 5.30282021 -15.40040970 -5.30372000
v 5.30282021 -15.40040970 -5.30372000
v 4.16628981 -15.40040970 -6.23644018
v 5.01799011 -10.60041046 -5.57400990
v 3.74952006 -10.60041046 -6.49561024
v 5.01799011 -10.60041046 -5.57400990
v 4.16628981 -15.40040970 -6.23644018
v 4.16628981 -15.40040970 -6.23644018
v 2.86964011 -15.40040016 -6.92952013
v 3.74952006 -10.60041046 -6.49561024
v 2.31714010 -10.60041046 -7.13333988
v 3.74952006 -10.60041046 -6.49561024
v 2.86964011 -15.40040016 -6.92952013
v 2.86964011 -15.40040016 -6.92952013
v 1.46269000 -15.40040016 -7.35630989
v 2.31714010 -10.60041046 -7.13333988
v 1.46269000 -15.40040970 7.35547018
v 2.86964011 -15.40040970 6.92867994
v 2.31714010 -10.60041046 7.13250017
v 3.74951005 -10.60041046 6.49477005
v 2.31714010 -10.60041046 7.13250017
v 2.86964011 -15.40040970 6.92867994
v 2.86964011 -15.40040970 6.92867994
v 4.16628981 -15.40040970 6.23559999
v 3.74951005 -10.60041046 6.49477005
v 5.01799011 -10.60041046 5.57317019
v 3.74951005 -10.60041046 6.49477005
v 4.16628981 -15.40040970 6.23559999
v 4.16628981 -15.40040970 6.23559999
v 5.30281019 -15.40040970 5.30287981
v 5.01799011 -10.60041046 5.57317019
v 6.06714010 -10.60041046 4.40796995
v 5.01799011 -10.60041046 5.57317019
v 5.30281019 -15.40040970 5.30287981
v 5.30281019 -15.40040970 5.30287981
v 6.23552990 -15.40040970 4.16635990
v 6.06714010 -10.60041046 4.40796995
v 6.85109997 -10.60041046 3.05010009
v 6.06714010 -10.60041046 4.40796995
v 6.23552990 -15.40040970 4.16635990
v 6.23552990 -15.40040970 4.16635990
v 6.92860985 -15.40040970 2.86970997
v 6.85109997 -10.60041046 3.05010009
v 7.33561993 -10.60041046 1.55892003
v 6.85109997 -10.60041046 3.05010009
v 6.92860985 -15.40040970 2.86970997
v 6.92860985 -15.40040970 2.86970997
v 7.35540009 -15.40040970 1.46275997
v 7.33561993 -10.60041046 1.55892003
v 7.33561993 -10.60041046 1.55892003
v 7.35540009 -15.40040970 1.46275997
v 7.49950981 -15.40040970 -0.00042000
v 7.49950981 -10.60041046 -0.00042000
v 7.33561993 -10.60041046 1.55892003
v 7.49950981 -15.40040970 -0.00042000
v 4.32370996 10.49958992 12.68255997
v 7.49951982 15.39958954 -0.00042000
v 7.35541010 15.39958954 1.46275997
v 7.49951982 10.59959030 -0.00042000
v 7.33561993 10.59959030 1.55892003
v 7.49951982 10.59959030 -0.00042000
v 7.35541010 15.39958954 1.46275997
v 7.35541010 15.39958954 1.46275997
v 6.92860985 15.39958954 2.86970997
v 7.33561993 10.59959030 1.55892003
v 6.85110998 10.59959030 3.05010009
v 7.33561993 10.59959030 1.55892003
v 6.92860985 15.39958954 2.86970997
v 6.92860985 15.39958954 2.86970997
v 6.23553991 15.39958954 4.16635990
v 6.85110998 10.59959030 3.05010009
v 6.06714010 10.59959030 4.40796995
v 6.85110998 10.59959030 3.05010009
v 6.23553991 15.39958954 4.16635990
v 6.23553991 15.39958954 4.16635990
v 5.30282021 15.39958954 5.30287981
v 6.06714010 10.59959030 4.40796995
v 5.01800013 10.59959030 5.57317019
v 6.06714010 10.59959030 4.40796995
v 5.30282021 15.39958954 5.30287981
v 5.30282021 15.39958954 5.30287981
v 4.16628981 15.39958954 6.23559999
v 5.01800013 10.59959030 5.57317019
v 3.74952006 10.59959030 6.49477005
v 5.01800013 10.59959030 5.57317019
v 4.16628981 15.39958954 6.23559999
v 4.16628981 15.39958954 6.23559999
v 2.86964011 15.39958954 6.92867994
v 3.74952006 10.59959030 6.49477005
v 2.31714010 10.59959030 7.13250017
v 3.74952006 10.59959030 6.49477005
v 2.86964011 15.39958954 6.92867994
v 2.86964011 15.39958954 6.92867994
v 1.46269000 15.39958954 7.35547018
v 2.31714010 10.59959030 7.13250017
v 4.36876011 13.89958954 1.07650006
v 4.38669014 15.39958954 1.00092995
v 4.49951982 15.39958954 -0.00042000
v 4.49951982 13.89958954 -0.00042000
v 4.36876011 13.89958954 1.07650006
v 4.49951982 15.39958954 -0.00042000
v 4.05388021 15.39958954 1.95205998
v 4.38669014 15.39958954 1.00092995
v 4.36876011 13.89958954 1.07650006
v 4.36876011 13.89958954 1.07650006
v 3.98407006 13.89958954 2.09083009
v 4.05388021 15.39958954 1.95205998
v 3.51776004 15.39958954 2.80527997
v 4.05388021 15.39958954 1.95205998
v 3.98407006 13.89958954 2.09083009
v 3.98407006 13.89958954 2.09083009
v 3.36782002 13.89958954 2.98362994
v 3.51776004 15.39958954 2.80527997
v 2.80521989 15.39958954 3.51781988
v 3.51776004 15.39958954 2.80527997
v 3.36782002 13.89958954 2.98362994
v 3.36782002 13.89958954 2.98362994
v 2.55580997 13.89958954 3.70301008
v 2.80521989 15.39958954 3.51781988
v 1.95199001 15.39958954 4.05393982
v 2.80521989 15.39958954 3.51781988
v 2.55580997 13.89958954 3.70301008
v 2.55580997 13.89958954 3.70301008
v 1.59524000 13.89958954 4.20714998
v 1.95199001 15.39958954 4.05393982
v 1.59524000 13.89958954 -4.20799017
v 2.55580997 13.89958954 -3.70385003
v 1.95200002 15.39958954 -4.05478001
v 2.80521989 15.39958954 -3.51866007
v 1.95200002 15.39958954 -4.05478001
v 2.55580997 13.89958954 -3.70385003
v 2.55580997 13.89958954 -3.70385003
v 3.36782002 13.89958954 -2.98446989
v 2.80521989 15.39958954 -3.51866007
v 3.51776004 15.39958954 -2.80611992
v 2.80521989 15.39958954 -3.51866007
v 3.36782002 13.89958954 -2.98446989
v 3.36782002 13.89958954 -2.98446989
v 3.98407006 13.89958954 -2.09167004
v 3.51776004 15.39958954 -2.80611992
v 4.05388021 15.39958954 -1.95290005
v 3.51776004 15.39958954 -2.80611992
v 3.98407006 13.89958954 -2.09167004
v 3.98407006 13.89958954 -2.09167004
v 4.36876011 13.89958954 -1.07734001
v 4.05388021 15.39958954 -1.95290005
v 4.38669014 15.39958954 -1.00176001
v 4.05388021 15.39958954 -1.95290005
v 4.36876011 13.89958954 -1.07734001
v 4.36876011 13.89958954 -1.07734001
v 4.49951982 13.89958954 -0.00042000
v 4.38669014 15.39958954 -1.00176001
v 4.49951982 15.39958954 -0.00042000
v 4.38669014 15.39958954 -1.00176001
v 4.49951982 13.89958954 -0.00042000
v 1.46270001 15.39958954 -7.35630989
v 2.86964989 15.39958954 -6.92952013
v 2.31715012 10.59959984 -7.13333988
v 3.74952006 10.59959030 -6.49561024
v 2.31715012 10.59959984 -7.13333988
v 2.86964989 15.39958954 -6.92952013
v 2.86964989 15.39958954 -6.92952013
v 4.16629982 15.39958954 -6.23644018
v 3.74952006 10.59959030 -6.49561024
v 5.01800013 10.59959030 -5.57400990
v 3.74952006 10.59959030 -6.49561024
v 4.16629982 15.39958954 -6.23644018
v 4.16629982 15.39958954 -6.23644018
v 5.30282021 15.39958954 -5.30372000
v 5.01800013 10.59959030 -5.57400990
v 6.06715012 10.59959030 -4.40881014
v 5.01800013 10.59959030 -5.57400990
v 5.30282021 15.39958954 -5.30372000
v 5.30282021 15.39958954 -5.30372000
v 6.23553991 15.39958954 -4.16720009
v 6.06715012 10.59959030 -4.40881014
v 6.85110998 10.59959030 -3.05095005
v 6.06715012 10.59959030 -4.40881014
v 6.23553991 15.39958954 -4.16720009
v 6.23553991 15.39958954 -4.16720009
v 6.92860985 15.39958954 -2.87054992
v 6.85110998 10.59959030 -3.05095005
v 7.33561993 10.59959030 -1.55975997
v 6.85110998 10.59959030 -3.05095005
v 6.92860985 15.39958954 -2.87054992
v 6.92860985 15.39958954 -2.87054992
v 7.35541010 15.39958954 -1.46360004
v 7.33561993 10.59959030 -1.55975997
v 7.33561993 10.59959030 -1.55975997
v 7.35541010 15.39958954 -1.46360004
v 7.49951982 15.39958954 -0.00042000
v 7.49951982 10.59959030 -0.00042000
v 7.33561993 10.59959030 -1.55975997
v 7.49951982 15.39958954 -0.00042000
v 35.60408020 0.99998999 18.94441986
v 34.68587112 -1.00040996 14.73264980
v 34.68534851 0.99958998 14.73081970
v 35.56441879 -1.00040996 18.82634926
v 34.68587112 -1.00040996 14.73264980
v 35.60408020 0.99998999 18.94441986
v 35.56441879 -1.00040996 18.82634926
v 35.60408020 0.99998999 18.94441986
v 35.89960098 1.00018001 23.02511978
v 35.56441879 -1.00040996 18.82634926
v 35.89960098 1.00018001 23.02511978
v 35.89865112 -1.00030005 23.04285049
v 26.24143028 6.40632010 20.03162003
v 25.59365082 6.40632010 17.12324905
v 25.59420013 -6.40713978 17.12512970
v 26.24157906 -6.40713978 20.03259087
v 26.50031090 6.40679979 23.03064919
v 26.24143028 6.40632010 20.03162003
v 26.24157906 -6.40713978 20.03259087
v 26.49700928 -6.40789986 23.00486946
v 17.04752922 9.10968971 0.03941000
v 14.33082962 8.00471973 -3.01229000
v 14.93883991 9.10968971 -1.01760006
v 18.58227921 4.28639984 -4.22006989
v 12.80422020 5.00471020 -6.27409983
v 13.79232025 7.10996008 -4.35237980
v 18.58227921 4.28639984 -4.22006989
v 11.98112011 3.17161012 -7.16035986
v 12.80422020 5.00471020 -6.27409983
v 11.98112011 3.17161012 -7.16035986
v 11.73383999 3.19752002 -7.16873980
v 12.80422020 5.00471020 -6.27409983
v 4.55011988 10.49958992 -12.60420036
v 4.55011988 10.49958992 -12.60420036
v 2.31715012 10.59959984 -7.13333988
v 3.74952006 10.59959030 -6.49561024
v 6.66950989 10.49958992 -11.62255955
v 6.66950989 10.49958992 -11.62255955
v 3.74952006 10.59959030 -6.49561024
v 5.01800013 10.59959030 -5.57400990
v 8.58625031 10.49958992 -10.28783035
v 6.06715012 10.59959030 -4.40881014
v 10.24211025 10.49958992 -8.64054012
v 11.58677006 10.49958992 -6.73074007
v 6.85110998 10.59959030 -3.05095005
v 12.57938957 10.49958992 -4.61646986
v 11.58677006 10.49958992 -6.73074007
v 6.85110998 10.59959030 -3.05095005
v 7.33561993 10.59959030 -1.55975997
v 12.57938957 10.49958992 -4.61646986
v 7.33561993 10.59959030 -1.55975997
v 13.18964958 10.49958992 -2.36255002
v 7.49951982 10.59959030 -0.00042000
v 13.25704002 10.50524998 2.32517004
v 7.33561993 10.59959030 1.55892003
v 12.30692005 10.49958992 5.29925013
v 13.25704002 10.50524998 2.32517004
v 7.33561993 10.59959030 1.55892003
v 13.18964958 10.49958992 -2.36255002
v 13.44626999 10.50242043 -0.01869000
v 13.48268986 10.32783031 -1.34627998
v 13.44626999 10.50242043 -0.01869000
v 13.69239998 10.33885002 0.10007000
v 13.48268986 10.32783031 -1.34627998
v 13.44626999 10.50242043 -0.01869000
v 13.25704002 10.50524998 2.32517004
v 13.69239998 10.33885002 0.10007000
v 13.44626999 10.50242043 -0.01869000
v 19.20959091 7.12411022 -1.81921005
v 14.33082962 8.00471973 -3.01229000
v 17.04752922 9.10968971 0.03941000
v 19.20959091 7.12411022 -1.81921005
v 13.79232025 7.10996008 -4.35237980
v 14.33082962 8.00471973 -3.01229000
v 6.85110998 10.59959030 3.05010009
v 11.25393963 10.49958992 7.27254009
v 11.25393963 10.49958992 7.27254009
v 6.85110998 10.59959030 3.05010009
v 6.06714010 10.59959030 4.40796995
v 4.32370996 10.49958992 12.68255997
v 6.37333012 10.49958992 11.78649044
v 2.31714010 10.59959030 7.13250017
v 3.74952006 10.59959030 6.49477005
v 6.37333012 10.49958992 11.78649044
v 8.24526978 10.49958992 10.56200027
v 3.74952006 10.59959030 6.49477005
v 5.01800013 10.59959030 5.57317019
v 9.88737965 10.49958992 9.04323959
v 10.24211979 -10.50041008 -8.64052963
v 11.58677959 -10.50041008 -6.73074007
v 6.85110998 -10.60041046 -3.05095005
v 12.57940006 -10.50041008 -4.61646986
v 6.85110998 -10.60041046 -3.05095005
v 11.58677959 -10.50041008 -6.73074007
v 7.33561993 -10.60041046 -1.55975997
v 13.18964005 -10.50041008 -2.36255002
v 7.33561993 -10.60041046 -1.55975997
v 12.57940006 -10.50041008 -4.61646986
v 7.49950981 -10.60041046 -0.00042000
v 13.18964005 -10.50041008 -2.36255002
v 13.55432034 -10.50586033 -0.44093999
v 7.49950981 -10.60041046 -0.00042000
v 13.55432034 -10.50586033 -0.44093999
v 7.33561993 -10.60041046 1.55892003
v 13.55432034 -10.50586033 -0.44093999
v 13.32161999 -10.49275970 2.06912994
v 7.33561993 -10.60041046 1.55892003
v 12.30690956 -10.50041008 5.29925013
v 6.85109997 -10.60041046 3.05010009
v 13.32161999 -10.49275970 2.06912994
v 6.85109997 -10.60041046 3.05010009
v 12.30690956 -10.50041008 5.29925013
v 6.06714010 -10.60041046 4.40796995
v 6.85109997 -10.60041046 3.05010009
v 11.25393963 -10.50041008 7.27254009
v 5.01799011 -10.60041046 5.57317019
v 9.88737965 -10.50041008 9.04323959
v 3.74951005 -10.60041046 6.49477005
v 8.24526024 -10.50041008 10.56200981
v 6.37333012 -10.50041008 11.78649998
v 35.10700989 -4.69323015 24.05084038
v 34.51860809 -5.79095984 22.99115944
v 34.46149826 -4.29016018 16.35133934
v 34.51860809 -5.79095984 22.99115944
v 32.79479980 -7.12706995 17.06920052
v 34.46149826 -4.29016018 16.35133934
v 34.51860809 -5.79095984 22.99115944
v 33.49187088 -7.12697983 22.99789047
v 32.79479980 -7.12706995 17.06920052
v 32.24020004 -8.24452019 23.00876999
v 32.79479980 -7.12706995 17.06920052
v 33.49187088 -7.12697983 22.99789047
v 32.24020004 -8.24452019 23.00876999
v 30.45738029 -9.11050987 19.15825081
v 32.79479980 -7.12706995 17.06920052
v 32.24020004 -8.24452019 23.00876999
v 30.79714966 -9.11441040 22.99093056
v 30.45738029 -9.11050987 19.15825081
v 35.89960098 1.00018001 23.02511978
v 35.60408020 0.99998999 18.94441986
v 35.69546127 3.05738997 23.43313980
v 35.60408020 0.99998999 18.94441986
v 35.27751160 4.28659010 23.01634026
v 35.69546127 3.05738997 23.43313980
v -21.30048943 9.22661018 28.01107025
v -22.30407906 8.64626980 27.19993973
v -22.55538940 8.84720993 27.46353912
v -21.30048943 9.22661018 28.01107025
v -22.06303024 8.40544033 26.90438080
v -22.30407906 8.64626980 27.19993973
v -21.30048943 9.22661018 28.01107025
v -21.84580040 8.13166046 26.59218025
v -22.06303024 8.40544033 26.90438080
v -21.30048943 9.22661018 28.01107025
v -21.30048943 7.95499992 26.40276909
v -21.84580040 8.13166046 26.59218025
v 35.10691071 4.69262981 24.05094910
v 35.69546127 3.05738997 23.43313980
v 35.27751160 4.28659010 23.01634026
v 35.89960098 1.00018001 23.02511978
v 35.69546127 3.05738997 23.43313980
v 35.89950943 3.05738997 23.43313980
v 35.89950943 3.05738997 23.43313980
v 35.69546127 3.05738997 23.43313980
v 35.10691071 4.69262981 24.05094910
v -30.69927025 0.99943000 23.04174042
v -30.70050049 2.08417010 44.80023956
v -30.70049095 3.05739999 23.43312073
v -30.70050049 -0.00040000 44.99956894
v -30.70290947 -1.00074995 23.02165031
v -30.70050049 -2.08498001 44.80023956
v -30.70049095 -3.05819988 23.43312073
v 32.18772888 8.28207970 26.76078987
v 31.73488045 8.59031963 26.57257080
v 31.55380058 8.04405975 26.51995087
v 31.73488045 8.59031963 26.57257080
v 31.26123047 8.87203026 26.50053978
v 31.55380058 8.04405975 26.51995087
v 30.89694023 8.06772041 26.52260017
v 31.55380058 8.04405975 26.51995087
v 31.26123047 8.87203026 26.50053978
v 31.26123047 8.87203026 26.50053978
v 30.79950905 9.11069012 26.53998947
v 30.89694023 8.06772041 26.52260017
v 30.46273041 8.17516041 26.64023972
v 30.89694023 8.06772041 26.52260017
v 30.79950905 9.11069012 26.53998947
v 30.79950905 9.11069012 26.53998947
v 30.31377029 9.28565979 26.70845985
v 30.46273041 8.17516041 26.64023972
v 30.03697968 8.37810993 26.87215042
v 30.46273041 8.17516041 26.64023972
v 30.31377029 9.28565979 26.70845985
v 30.31377029 9.28565979 26.70845985
v 29.93103027 9.37578964 26.95331001
v 30.03697968 8.37810993 26.87215042
v 29.65402031 8.66993046 27.23015976
v 30.03697968 8.37810993 26.87215042
v 29.65106010 9.39735031 27.23273087
v 30.03697968 8.37810993 26.87215042
v 29.93103027 9.37578964 26.95331001
v 29.65106010 9.39735031 27.23273087
v 29.35902023 9.02886963 27.71689987
v 29.65402031 8.66993046 27.23015976
v 29.38137054 9.39890957 27.66239929
v 29.65402031 8.66993046 27.23015976
v 29.65106010 9.39735031 27.23273087
v 29.38137054 9.39890957 27.66239929
v 29.35902023 9.02886963 27.71689987
v 29.38137054 9.39890957 27.66239929
v 29.21495056 9.38220978 28.21792030
v 29.35909081 -9.02956963 27.71672058
v 29.21206093 -9.39400959 28.27592087
v 29.30266953 -9.39645004 27.86289024
v 29.30266953 -9.39645004 27.86289024
v 29.51329041 -9.40194988 27.42233086
v 29.35909081 -9.02956963 27.71672058
v 29.65144920 -8.67319965 27.23328972
v 29.35909081 -9.02956963 27.71672058
v 29.51329041 -9.40194988 27.42233086
v 29.51329041 -9.40194988 27.42233086
v 29.85156059 -9.38047981 27.02176094
v 29.65144920 -8.67319965 27.23328972
v 30.03244019 -8.38171005 26.87541008
v 29.65144920 -8.67319965 27.23328972
v 29.85156059 -9.38047981 27.02176094
v 29.85156059 -9.38047981 27.02176094
v 30.30964088 -9.28880978 26.71105003
v 30.03244019 -8.38171005 26.87541008
v 30.45594025 -8.17842007 26.64295006
v 30.03244019 -8.38171005 26.87541008
v 30.30964088 -9.28880978 26.71105003
v 30.89097977 -8.06939983 26.52352905
v 30.45594025 -8.17842007 26.64295006
v 30.79950905 -9.11151981 26.54000092
v 30.45594025 -8.17842007 26.64295006
v 30.30964088 -9.28880978 26.71105003
v 30.79950905 -9.11151981 26.54000092
v 30.79950905 -9.11151981 26.54000092
v 31.26136971 -8.87277985 26.50053978
v 30.89097977 -8.06939983 26.52352905
v 31.55163956 -8.04424953 26.51944923
v 30.89097977 -8.06939983 26.52352905
v 31.26136971 -8.87277985 26.50053978
v 31.26136971 -8.87277985 26.50053978
v 31.73517990 -8.59095955 26.57266045
v 31.55163956 -8.04424953 26.51944923
v 31.73517990 -8.59095955 26.57266045
v 32.18772888 -8.28291035 26.76078987
v 31.55163956 -8.04424953 26.51944923
v -26.98871040 -8.28289986 26.76077080
v -26.53586006 -8.59113026 26.57255936
v -26.35478020 -8.04487991 26.51993942
v -26.53586006 -8.59113026 26.57255936
v -26.06221008 -8.87285042 26.50052071
v -26.35478020 -8.04487991 26.51993942
v -25.69791985 -8.06853962 26.52259064
v -26.35478020 -8.04487991 26.51993942
v -26.06221008 -8.87285042 26.50052071
v -26.06221008 -8.87285042 26.50052071
v -25.60049057 -9.11151028 26.53997993
v -25.69791985 -8.06853962 26.52259064
v -25.26371002 -8.17597961 26.64023018
v -25.69791985 -8.06853962 26.52259064
v -25.60049057 -9.11151028 26.53997993
v -25.60049057 -9.11151028 26.53997993
v -25.11474991 -9.28649044 26.70845985
v -25.26371002 -8.17597961 26.64023018
v -24.83795929 -8.37893009 26.87214088
v -25.26371002 -8.17597961 26.64023018
v -25.11474991 -9.28649044 26.70845985
v -25.11474991 -9.28649044 26.70845985
v -24.73200989 -9.37660980 26.95330048
v -24.83795929 -8.37893009 26.87214088
v -24.45499992 -8.67074966 27.23014069
v -24.83795929 -8.37893009 26.87214088
v -24.45203972 -9.39815998 27.23271942
v -24.83795929 -8.37893009 26.87214088
v -24.73200989 -9.37660980 26.95330048
v -24.45203972 -9.39815998 27.23271942
v -24.15999985 -9.02968025 27.71689034
v -24.45499992 -8.67074966 27.23014069
v -24.18235016 -9.39972973 27.66238976
v -24.45499992 -8.67074966 27.23014069
v -24.45203972 -9.39815998 27.23271942
v -24.18235016 -9.39972973 27.66238976
v -24.15999985 -9.02968025 27.71689034
v -24.18235016 -9.39972973 27.66238976
v -24.01589012 -9.38309956 28.21809006
v -24.16007996 9.02875042 27.71670914
v -24.01304054 9.39319992 28.27590942
v -24.10298920 9.39558029 27.86507988
v -24.10298920 9.39558029 27.86507988
v -24.31432915 9.40116024 27.42237091
v -24.16007996 9.02875042 27.71670914
v -24.45243073 8.67238045 27.23327065
v -24.16007996 9.02875042 27.71670914
v -24.31432915 9.40116024 27.42237091
v -24.31432915 9.40116024 27.42237091
v -24.65255928 9.37967968 27.02178955
v -24.45243073 8.67238045 27.23327065
v -24.83341980 8.38088989 26.87540054
v -24.45243073 8.67238045 27.23327065
v -24.65255928 9.37967968 27.02178955
v -24.65255928 9.37967968 27.02178955
v -25.11071968 9.28798008 26.71104050
v -24.83341980 8.38088989 26.87540054
v -25.25691986 8.17761040 26.64292908
v -24.83341980 8.38088989 26.87540054
v -25.11071968 9.28798008 26.71104050
v -25.69195938 8.06857967 26.52350998
v -25.25691986 8.17761040 26.64292908
v -25.60049057 9.11069965 26.53997993
v -25.25691986 8.17761040 26.64292908
v -25.11071968 9.28798008 26.71104050
v -25.60049057 9.11069965 26.53997993
v -25.60049057 9.11069965 26.53997993
v -26.06234932 8.87195969 26.50053024
v -25.69195938 8.06857967 26.52350998
v -26.35261917 8.04343033 26.51943970
v -25.69195938 8.06857967 26.52350998
v -26.06234932 8.87195969 26.50053024
v -26.06234932 8.87195969 26.50053024
v -26.53615952 8.59014034 26.57263947
v -26.35261917 8.04343033 26.51943970
v -26.53615952 8.59014034 26.57263947
v -26.98871040 8.28209019 26.76077080
v -26.35261917 8.04343033 26.51943970
v -30.70049095 -5.00520992 24.20406914
v -30.70049095 -3.05819988 23.43312073
v -29.90798950 -4.69322014 24.05083084
v -30.70049095 -3.05819988 23.43312073
v -30.33596992 -3.53584003 23.58320045
v -29.90798950 -4.69322014 24.05083084
v -29.90798950 -4.69322014 24.05083084
v -29.35565948 -5.73308992 24.61148071
v -30.70049095 -5.00520992 24.20406914
v -30.70049095 -6.77083015 25.33000946
v -30.70049095 -5.00520992 24.20406914
v -28.70725060 -6.64889002 25.23615074
v -30.70049095 -5.00520992 24.20406914
v -29.35565948 -5.73308992 24.61148071
v -28.70725060 -6.64889002 25.23615074
v -21.30048943 -6.40781021 25.05835915
v -21.30048943 -7.95582008 26.40276909
v -21.32681084 -6.80431986 25.35626030
v -21.30048943 -7.95582008 26.40276909
v -21.40323067 -7.18620014 25.67104912
v -21.32681084 -6.80431986 25.35626030
v -21.30048943 -7.95582008 26.40276909
v -21.52445984 -7.54520988 25.99482918
v -21.40323067 -7.18620014 25.67104912
v -21.30048943 -7.95582008 26.40276909
v -21.68405914 -7.87554979 26.31959915
v -21.52445984 -7.54520988 25.99482918
v -28.70725060 -6.64889002 25.23615074
v -27.93774033 -7.48860979 25.94185066
v -30.70049095 -6.77083015 25.33000946
v -30.70049095 -8.29109001 26.77014923
v -30.70049095 -6.77083015 25.33000946
v -26.98871040 -8.28289986 26.76077080
v -30.70049095 -6.77083015 25.33000946
v -27.93774033 -7.48860979 25.94185066
v -26.98871040 -8.28289986 26.76077080
v -21.87564087 -8.17418957 26.63824081
v -21.68405914 -7.87554979 26.31959915
v -21.30048943 -7.95582008 26.40276909
v -21.30048943 -7.95582008 26.40276909
v -21.30048943 -9.22741985 28.01107025
v -21.87564087 -8.17418957 26.63824081
v -21.30048943 -9.22741985 28.01107025
v -22.09322929 -8.43955994 26.94403076
v -21.87564087 -8.17418957 26.63824081
v -21.30048943 -9.22741985 28.01107025
v -22.32933998 -8.66934013 27.22834969
v -22.09322929 -8.43955994 26.94403076
v -21.30048943 -9.22741985 28.01107025
v -22.57237053 -8.86007023 27.47989082
v -22.32933998 -8.66934013 27.22834969
v -21.30048943 -9.22741985 28.01107025
v -22.92325974 -9.07596970 27.77524948
v -22.57237053 -8.86007023 27.47989082
v -21.30048943 -9.22741985 28.01107025
v -23.27349091 -9.22653961 28.00971985
v -22.92325974 -9.07596970 27.77524948
v -25.69791985 -8.06853962 26.52259064
v -25.26371002 -8.17597961 26.64023018
v -26.35478020 -8.04487991 26.51993942
v -26.98871040 -8.28289986 26.76077080
v -26.35478020 -8.04487991 26.51993942
v -25.26371002 -8.17597961 26.64023018
v -25.26371002 -8.17597961 26.64023018
v -24.83795929 -8.37893009 26.87214088
v -26.98871040 -8.28289986 26.76077080
v -24.83795929 -8.37893009 26.87214088
v -30.70049095 -8.29109001 26.77014923
v -26.98871040 -8.28289986 26.76077080
v -30.70049095 -9.51088047 28.47229958
v -30.70049095 -8.29109001 26.77014923
v -24.01589012 -9.38309956 28.21809006
v -30.70049095 -8.29109001 26.77014923
v -24.15999985 -9.02968025 27.71689034
v -24.01589012 -9.38309956 28.21809006
v -30.70049095 -8.29109001 26.77014923
v -24.45499992 -8.67074966 27.23014069
v -24.15999985 -9.02968025 27.71689034
v -30.70049095 -8.29109001 26.77014923
v -24.83795929 -8.37893009 26.87214088
v -24.45499992 -8.67074966 27.23014069
v -23.61292076 -9.32952976 28.16398048
v -23.27349091 -9.22653961 28.00971985
v -21.30048943 -9.22741985 28.01107025
v -21.30048943 -9.22741985 28.01107025
v -21.30048943 -10.17846012 29.82740021
v -23.61292076 -9.32952976 28.16398048
v -21.30048943 -10.17846012 29.82740021
v -24.01589012 -9.38309956 28.21809006
v -23.61292076 -9.32952976 28.16398048
v -21.30048943 -10.17846012 29.82740021
v -30.70049095 -9.51088047 28.47229958
v -24.01589012 -9.38309956 28.21809006
v -30.70049095 -10.38599968 30.37475967
v -30.70049095 -9.51088047 28.47229958
v -21.30048943 -10.17846012 29.82740021
v -21.30048943 -10.17846012 29.82740021
v -21.30048943 -10.77591991 31.78866005
v -30.70049095 -10.38599968 30.37475967
v -30.70049095 -10.88473988 32.40858841
v -30.70049095 -10.38599968 30.37475967
v -21.30048943 -10.77591991 31.78866005
v -21.30048943 -10.77591991 31.78866005
v -21.30048943 -10.99903965 33.82669067
v -30.70049095 -10.88473988 32.40858841
v -30.70049095 -10.98900986 34.50008011
v -30.70049095 -10.88473988 32.40858841
v -21.30048943 -10.99903965 33.82669067
v -21.30048943 -10.99903965 33.82669067
v -21.30048943 -10.84008980 35.87071991
v -30.70049095 -10.98900986 34.50008011
v -30.70049095 -10.69503975 36.57342911
v -30.70049095 -10.98900986 34.50008011
v -21.30048943 -10.84008980 35.87071991
v -21.30048943 -10.84008980 35.87071991
v -21.30048943 -10.30459023 37.84973145
v -30.70049095 -10.69503975 36.57342911
v -30.70050049 -10.01348019 38.55350113
v -30.70049095 -10.69503975 36.57342911
v -21.30048943 -10.30459023 37.84973145
v -21.30048943 -10.30459023 37.84973145
v -21.30048943 -9.41116047 39.69498062
v -30.70050049 -10.01348019 38.55350113
v -30.70050049 -8.96903992 40.36851883
v -30.70050049 -10.01348019 38.55350113
v -21.30048943 -9.41116047 39.69498062
v -21.30048943 -9.41116047 39.69498062
v -21.30048943 -8.19083023 41.34238815
v -30.70050049 -8.96903992 40.36851883
v -30.70050049 -7.59956980 41.95273972
v -30.70050049 -8.96903992 40.36851883
v -21.30048943 -8.19083023 41.34238815
v -21.30048943 -8.19083023 41.34238815
v -21.30048943 -6.68599987 42.73472977
v -30.70050049 -7.59956980 41.95273972
v -30.70050049 -5.95467997 43.24871063
v -30.70050049 -7.59956980 41.95273972
v -21.30048943 -6.68599987 42.73472977
v -21.30048943 -6.68599987 42.73472977
v -21.30048943 -4.94893980 43.82363129
v -30.70050049 -5.95467997 43.24871063
v -30.70050049 -4.09400988 44.20949173
v -30.70050049 -5.95467997 43.24871063
v -21.30048943 -4.94893980 43.82363129
v -21.30048943 -4.94893980 43.82363129
v -21.30050087 -3.03999996 44.57126999
v -30.70050049 -4.09400988 44.20949173
v -30.70050049 -2.08498001 44.80023956
v -30.70050049 -4.09400988 44.20949173
v -21.30050087 -3.03999996 44.57126999
v -21.30050087 -3.03999996 44.57126999
v -21.30050087 -1.02547002 44.95170975
v -30.70050049 -2.08498001 44.80023956
v -30.70050049 -0.00040000 44.99956894
v -30.70050049 -2.08498001 44.80023956
v -21.30050087 -1.02547002 44.95170975
v -21.30050087 -1.02547002 44.95170975
v -21.30050087 1.02465999 44.95170975
v -30.70050049 -0.00040000 44.99956894
v -30.70050049 2.08417010 44.80023956
v -30.70050049 -0.00040000 44.99956894
v -21.30050087 1.02465999 44.95170975
v -21.30050087 1.02465999 44.95170975
v -21.30050087 3.03919005 44.57126999
v -30.70050049 2.08417010 44.80023956
v -30.70050049 4.09320021 44.20949173
v -30.70050049 2.08417010 44.80023956
v -21.30050087 3.03919005 44.57126999
v -21.30050087 3.03919005 44.57126999
v -21.30048943 4.94813013 43.82361984
v -30.70050049 4.09320021 44.20949173
v -30.70050049 5.95387983 43.24871063
v -30.70050049 4.09320021 44.20949173
v -21.30048943 4.94813013 43.82361984
v -21.30048943 4.94813013 43.82361984
v -21.30048943 6.68519020 42.73471832
v -30.70050049 5.95387983 43.24871063
v -30.70050049 7.59876013 41.95272827
v -30.70050049 5.95387983 43.24871063
v -21.30048943 6.68519020 42.73471832
v -21.30048943 6.68519020 42.73471832
v -21.30048943 8.19001961 41.34238815
v -30.70050049 7.59876013 41.95272827
v -30.70050049 8.96823978 40.36851883
v -30.70050049 7.59876013 41.95272827
v -21.30048943 8.19001961 41.34238815
v -21.30048943 8.19001961 41.34238815
v -21.30048943 9.41034985 39.69498062
v -30.70050049 8.96823978 40.36851883
v -30.70050049 10.01268005 38.55348969
v -30.70050049 8.96823978 40.36851883
v -21.30048943 9.41034985 39.69498062
v -21.30048943 9.41034985 39.69498062
v -21.30048943 10.30379009 37.84973145
v -30.70050049 10.01268005 38.55348969
v -30.70049095 10.69423962 36.57342148
v -30.70050049 10.01268005 38.55348969
v -21.30048943 10.30379009 37.84973145
v -21.30048943 10.30379009 37.84973145
v -21.30048943 10.83928967 35.87071991
v -30.70049095 10.69423962 36.57342148
v -30.70049095 10.98820972 34.50006866
v -30.70049095 10.69423962 36.57342148
v -21.30048943 10.83928967 35.87071991
v -21.30048943 10.83928967 35.87071991
v -21.30048943 10.99824047 33.82669067
v -30.70049095 10.98820972 34.50006866
v -30.70049095 10.88393974 32.40858841
v -30.70049095 10.98820972 34.50006866
v -21.30048943 10.99824047 33.82669067
v -21.30048943 10.99824047 33.82669067
v -21.30048943 10.77511978 31.78865051
v -30.70049095 10.88393974 32.40858841
v -30.70049095 10.38519955 30.37475967
v -30.70049095 10.88393974 32.40858841
v -21.30048943 10.77511978 31.78865051
v -21.30048943 10.77511978 31.78865051
v -21.30048943 10.17765999 29.82740021
v -30.70049095 10.38519955 30.37475967
v -30.70049095 9.51008034 28.47229958
v -30.70049095 10.38519955 30.37475967
v -21.30048943 10.17765999 29.82740021
v -21.30048943 10.17765999 29.82740021
v -21.30048943 9.22661018 28.01107025
v -24.01304054 9.39319992 28.27590942
v -24.01304054 9.39319992 28.27590942
v -30.70049095 9.51008034 28.47229958
v -21.30048943 10.17765999 29.82740021
v -21.30048943 9.22661018 28.01107025
v -23.61178970 9.32847023 28.16350937
v -24.01304054 9.39319992 28.27590942
v -30.70049095 8.29028988 26.77014923
v -30.70049095 9.51008034 28.47229958
v -24.83341980 8.38088989 26.87540054
v -30.70049095 9.51008034 28.47229958
v -24.45243073 8.67238045 27.23327065
v -24.83341980 8.38088989 26.87540054
v -30.70049095 9.51008034 28.47229958
v -24.16007996 9.02875042 27.71670914
v -24.45243073 8.67238045 27.23327065
v -30.70049095 9.51008034 28.47229958
v -24.01304054 9.39319992 28.27590942
v -24.16007996 9.02875042 27.71670914
v -23.15257072 9.18113041 27.93343925
v -23.61178970 9.32847023 28.16350937
v -21.30048943 9.22661018 28.01107025
v -22.55538940 8.84720993 27.46353912
v -22.80201912 9.00596046 27.68408012
v -21.30048943 9.22661018 28.01107025
v -22.80201912 9.00596046 27.68408012
v -23.15257072 9.18113041 27.93343925
v -21.30048943 9.22661018 28.01107025
v -24.83341980 8.38088989 26.87540054
v -25.25691986 8.17761040 26.64292908
v -26.98871040 8.28209019 26.76077080
v -26.98871040 8.28209019 26.76077080
v -30.70049095 8.29028988 26.77014923
v -24.83341980 8.38088989 26.87540054
v -30.70049095 6.77003002 25.33000946
v -30.70049095 8.29028988 26.77014923
v -27.93840027 7.48716021 25.94127083
v -30.70049095 8.29028988 26.77014923
v -26.98871040 8.28209019 26.76077080
v -27.93840027 7.48716021 25.94127083
v -26.35261917 8.04343033 26.51943970
v -26.98871040 8.28209019 26.76077080
v -25.25691986 8.17761040 26.64292908
v -25.25691986 8.17761040 26.64292908
v -25.69195938 8.06857967 26.52350998
v -26.35261917 8.04343033 26.51943970
v -21.57420921 7.67631006 26.10762978
v -21.84580040 8.13166046 26.59218025
v -21.30048943 7.95499992 26.40276909
v -21.30048943 7.95499992 26.40276909
v -21.30048943 6.40700006 25.05835915
v -21.32504082 6.78999996 25.34564972
v -21.32504082 6.78999996 25.34564972
v -21.39569092 7.15675020 25.64642906
v -21.30048943 7.95499992 26.40276909
v -21.39569092 7.15675020 25.64642906
v -21.57420921 7.67631006 26.10762978
v -21.30048943 7.95499992 26.40276909
v -27.93840027 7.48716021 25.94127083
v -28.70745087 6.64783001 25.23596001
v -30.70049095 6.77003002 25.33000946
v -30.70049095 5.00439978 24.20406914
v -30.70049095 6.77003002 25.33000946
v -29.35556984 5.73243999 24.61157036
v -30.70049095 6.77003002 25.33000946
v -28.70745087 6.64783001 25.23596001
v -29.35556984 5.73243999 24.61157036
v -29.35556984 5.73243999 24.61157036
v -29.90789032 4.69263983 24.05093956
v -30.70049095 5.00439978 24.20406914
v -30.70049095 3.05739999 23.43312073
v -30.70049095 5.00439978 24.20406914
v -30.33595085 3.53512001 23.58322906
v -30.70049095 5.00439978 24.20406914
v -29.90789032 4.69263983 24.05093956
v -30.33595085 3.53512001 23.58322906
v 35.89865112 -1.00030005 23.04285049
v 35.89950943 -3.05820990 23.43313980
v 35.67097855 -2.91176009 23.41161919
v 35.89950943 -3.05820990 23.43313980
v 35.89950943 -5.00521994 24.20408058
v 35.67097855 -2.91176009 23.41161919
v 35.89950943 -5.00521994 24.20408058
v 35.10700989 -4.69323015 24.05084038
v 35.67097855 -2.91176009 23.41161919
v 34.55467987 -5.73309994 24.61149979
v 35.10700989 -4.69323015 24.05084038
v 35.89950943 -5.00521994 24.20408058
v 35.89950943 -5.00521994 24.20408058
v 35.89950943 -6.77085018 25.33003044
v 34.55467987 -5.73309994 24.61149979
v 35.89950943 -6.77085018 25.33003044
v 33.90626907 -6.64890003 25.23616028
v 34.55467987 -5.73309994 24.61149979
v 26.49950981 -7.95582008 26.40278053
v 26.49950981 -6.40781021 25.05838013
v 26.52536964 -6.80087996 25.35357094
v 26.52536964 -6.80087996 25.35357094
v 26.60021019 -7.17855978 25.66445923
v 26.49950981 -7.95582008 26.40278053
v 26.60021019 -7.17855978 25.66445923
v 26.71915054 -7.53458023 25.98483086
v 26.49950981 -7.95582008 26.40278053
v 26.71915054 -7.53458023 25.98483086
v 26.87688065 -7.86444998 26.30822945
v 26.49950981 -7.95582008 26.40278053
v 33.13676071 -7.48861980 25.94186974
v 33.90626907 -6.64890003 25.23616028
v 35.89950943 -6.77085018 25.33003044
v 35.89950943 -6.77085018 25.33003044
v 35.89950943 -8.29109955 26.77017021
v 33.13676071 -7.48861980 25.94186974
v 35.89950943 -8.29109955 26.77017021
v 32.18772888 -8.28291035 26.76078987
v 33.13676071 -7.48861980 25.94186974
v 26.87688065 -7.86444998 26.30822945
v 27.16868973 -8.30601978 26.77393913
v 26.49950981 -7.95582008 26.40278053
v 26.49950981 -9.22743034 28.01107979
v 26.49950981 -7.95582008 26.40278053
v 27.89045906 -8.94546986 27.58514023
v 27.89045906 -8.94546986 27.58514023
v 28.36078072 -9.18566036 27.93928909
v 26.49950981 -9.22743034 28.01107979
v 26.49950981 -7.95582008 26.40278053
v 27.52684975 -8.66804028 27.22668076
v 27.89045906 -8.94546986 27.58514023
v 26.49950981 -7.95582008 26.40278053
v 27.16868973 -8.30601978 26.77393913
v 27.52684975 -8.66804028 27.22668076
v 30.45594025 -8.17842007 26.64295006
v 30.89097977 -8.06939983 26.52352905
v 31.55163956 -8.04424953 26.51944923
v 31.55163956 -8.04424953 26.51944923
v 32.18772888 -8.28291035 26.76078987
v 30.45594025 -8.17842007 26.64295006
v 30.03244019 -8.38171005 26.87541008
v 30.45594025 -8.17842007 26.64295006
v 32.18772888 -8.28291035 26.76078987
v 32.18772888 -8.28291035 26.76078987
v 35.89950943 -8.29109955 26.77017021
v 30.03244019 -8.38171005 26.87541008
v 35.89950943 -8.29109955 26.77017021
v 35.89950943 -9.51089001 28.47230911
v 30.03244019 -8.38171005 26.87541008
v 35.89950943 -9.51089001 28.47230911
v 29.65144920 -8.67319965 27.23328972
v 30.03244019 -8.38171005 26.87541008
v 35.89950943 -9.51089001 28.47230911
v 29.35909081 -9.02956963 27.71672058
v 29.65144920 -8.67319965 27.23328972
v 35.89950943 -9.51089001 28.47230911
v 29.21206093 -9.39400959 28.27592087
v 29.35909081 -9.02956963 27.71672058
v 26.49950981 -10.17846966 29.82740974
v 26.49950981 -9.22743034 28.01107979
v 29.21206093 -9.39400959 28.27592087
v 29.21206093 -9.39400959 28.27592087
v 35.89950943 -9.51089001 28.47230911
v 26.49950981 -10.17846966 29.82740974
v 26.49950981 -9.22743034 28.01107979
v 28.81620979 -9.33038044 28.16567993
v 29.21206093 -9.39400959 28.27592087
v 26.49950981 -9.22743034 28.01107979
v 28.36078072 -9.18566036 27.93928909
v 28.81620979 -9.33038044 28.16567993
v 35.89950943 -9.51089001 28.47230911
v 35.89950943 -10.38601017 30.37476921
v 26.49950981 -10.17846966 29.82740974
v 26.49950981 -10.77593040 31.78866959
v 26.49950981 -10.17846966 29.82740974
v 35.89950943 -10.38601017 30.37476921
v 35.89950943 -10.38601017 30.37476921
v 35.89950943 -10.88475037 32.40859985
v 26.49950981 -10.77593040 31.78866959
v 26.49950981 -10.99905014 33.82670975
v 26.49950981 -10.77593040 31.78866959
v 35.89950943 -10.88475037 32.40859985
v 35.89950943 -10.88475037 32.40859985
v 35.89950943 -10.98902035 34.50009155
v 26.49950981 -10.99905014 33.82670975
v 26.49950981 -10.84010029 35.87073135
v 26.49950981 -10.99905014 33.82670975
v 35.89950943 -10.98902035 34.50009155
v 35.89950943 -10.98902035 34.50009155
v 35.89950943 -10.69505024 36.57344055
v 26.49950981 -10.84010029 35.87073135
v 26.49950981 -10.30459976 37.84973907
v 26.49950981 -10.84010029 35.87073135
v 35.89950943 -10.69505024 36.57344055
v 35.89950943 -10.69505024 36.57344055
v 35.89950943 -10.01348972 38.55350876
v 26.49950981 -10.30459976 37.84973907
v 26.49950981 -9.41117001 39.69499969
v 26.49950981 -10.30459976 37.84973907
v 35.89950943 -10.01348972 38.55350876
v 35.89950943 -10.01348972 38.55350876
v 35.89950943 -8.96905041 40.36853027
v 26.49950981 -9.41117001 39.69499969
v 26.49950981 -8.19083977 41.34239960
v 26.49950981 -9.41117001 39.69499969
v 35.89950943 -8.96905041 40.36853027
v 35.89950943 -8.96905041 40.36853027
v 35.89950943 -7.59957981 41.95275116
v 26.49950981 -8.19083977 41.34239960
v 26.49950981 -6.68600988 42.73474121
v 26.49950981 -8.19083977 41.34239960
v 35.89950943 -7.59957981 41.95275116
v 35.89950943 -7.59957981 41.95275116
v 35.89950943 -5.95469999 43.24871826
v 26.49950981 -6.68600988 42.73474121
v 26.49950981 -4.94894981 43.82363892
v 26.49950981 -6.68600988 42.73474121
v 35.89950943 -5.95469999 43.24871826
v 35.89950943 -5.95469999 43.24871826
v 35.89950943 -4.09401989 44.20951080
v 26.49950981 -4.94894981 43.82363892
v 26.49950027 -3.04000998 44.57128906
v 26.49950981 -4.94894981 43.82363892
v 35.89950943 -4.09401989 44.20951080
v 35.89950943 -4.09401989 44.20951080
v 35.89950943 -2.08499002 44.80025864
v 26.49950027 -3.04000998 44.57128906
v 26.49950027 -1.02548003 44.95172119
v 26.49950027 -3.04000998 44.57128906
v 35.89950943 -2.08499002 44.80025864
v 35.89950943 -2.08499002 44.80025864
v 35.89950943 -0.00041000 44.99959183
v 26.49950027 -1.02548003 44.95172119
v 26.49950027 1.02464998 44.95172119
v 26.49950027 -1.02548003 44.95172119
v 35.89950943 -0.00041000 44.99959183
v 35.89950943 -0.00041000 44.99959183
v 35.89950943 2.08416009 44.80025864
v 26.49950027 1.02464998 44.95172119
v 26.49950027 3.03918004 44.57128143
v 26.49950027 1.02464998 44.95172119
v 35.89950943 2.08416009 44.80025864
v 35.89950943 2.08416009 44.80025864
v 35.89950943 4.09319019 44.20951080
v 26.49950027 3.03918004 44.57128143
v 26.49950981 4.94812012 43.82363892
v 26.49950027 3.03918004 44.57128143
v 35.89950943 4.09319019 44.20951080
v 35.89950943 4.09319019 44.20951080
v 35.89950943 5.95386982 43.24871826
v 26.49950981 4.94812012 43.82363892
v 26.49950981 6.68518019 42.73472977
v 26.49950981 4.94812012 43.82363892
v 35.89950943 5.95386982 43.24871826
v 35.89950943 5.95386982 43.24871826
v 35.89950943 7.59875011 41.95275116
v 26.49950981 6.68518019 42.73472977
v 26.49950981 8.19001007 41.34239960
v 26.49950981 6.68518019 42.73472977
v 35.89950943 7.59875011 41.95275116
v 35.89950943 7.59875011 41.95275116
v 35.89950943 8.96823025 40.36853027
v 26.49950981 8.19001007 41.34239960
v 26.49950981 9.41034031 39.69498825
v 26.49950981 8.19001007 41.34239960
v 35.89950943 8.96823025 40.36853027
v 35.89950943 8.96823025 40.36853027
v 35.89950943 10.01266956 38.55350876
v 26.49950981 9.41034031 39.69498825
v 26.49950981 10.30377960 37.84973907
v 26.49950981 9.41034031 39.69498825
v 35.89950943 10.01266956 38.55350876
v 35.89950943 10.01266956 38.55350876
v 35.89950943 10.69423008 36.57342911
v 26.49950981 10.30377960 37.84973907
v 26.49950981 10.83928013 35.87073135
v 26.49950981 10.30377960 37.84973907
v 35.89950943 10.69423008 36.57342911
v 35.89950943 10.69423008 36.57342911
v 35.89950943 10.98820019 34.50008011
v 26.49950981 10.83928013 35.87073135
v 26.49950981 10.99822998 33.82669830
v 26.49950981 10.83928013 35.87073135
v 35.89950943 10.98820019 34.50008011
v 35.89950943 10.98820019 34.50008011
v 35.89950943 10.88393021 32.40859985
v 26.49950981 10.99822998 33.82669830
v 26.49950981 10.77511024 31.78866959
v 26.49950981 10.99822998 33.82669830
v 35.89950943 10.88393021 32.40859985
v 35.89950943 10.88393021 32.40859985
v 35.89950943 10.38519001 30.37476921
v 26.49950981 10.77511024 31.78866959
v 26.49950981 10.17765045 29.82740974
v 26.49950981 10.77511024 31.78866959
v 35.89950943 10.38519001 30.37476921
v 35.89950943 10.38519001 30.37476921
v 35.89950943 9.51006985 28.47230911
v 26.49950981 10.17765045 29.82740974
v 26.49950981 9.22661018 28.01107979
v 26.49950981 10.17765045 29.82740974
v 28.80723953 9.32763958 28.16212082
v 26.49950981 10.17765045 29.82740974
v 29.21495056 9.38220978 28.21792030
v 28.80723953 9.32763958 28.16212082
v 26.49950981 10.17765045 29.82740974
v 35.89950943 9.51006985 28.47230911
v 29.21495056 9.38220978 28.21792030
v 35.89950943 9.51006985 28.47230911
v 35.89950943 8.29028034 26.77017021
v 29.21495056 9.38220978 28.21792030
v 35.89950943 8.29028034 26.77017021
v 29.35902023 9.02886963 27.71689987
v 29.21495056 9.38220978 28.21792030
v 35.89950943 8.29028034 26.77017021
v 29.65402031 8.66993046 27.23015976
v 29.35902023 9.02886963 27.71689987
v 35.89950943 8.29028034 26.77017021
v 30.03697968 8.37810993 26.87215042
v 29.65402031 8.66993046 27.23015976
v 28.80723953 9.32763958 28.16212082
v 28.46433067 9.22272968 28.00511932
v 26.49950981 9.22661018 28.01107979
v 26.49950981 7.95499992 26.40278053
v 26.49950981 9.22661018 28.01107979
v 27.05168915 8.14140987 26.60290909
v 26.49950981 9.22661018 28.01107979
v 27.26728058 8.41127014 26.91131020
v 27.05168915 8.14140987 26.60290909
v 26.49950981 9.22661018 28.01107979
v 27.50480080 8.64778042 27.20187950
v 27.26728058 8.41127014 26.91131020
v 26.49950981 9.22661018 28.01107979
v 27.75193977 8.84543037 27.46114922
v 27.50480080 8.64778042 27.20187950
v 26.49950981 9.22661018 28.01107979
v 28.10902023 9.06840992 27.76509094
v 27.75193977 8.84543037 27.46114922
v 26.49950981 9.22661018 28.01107979
v 28.46433067 9.22272968 28.00511932
v 28.10902023 9.06840992 27.76509094
v 30.46273041 8.17516041 26.64023972
v 30.03697968 8.37810993 26.87215042
v 32.18772888 8.28207970 26.76078987
v 30.03697968 8.37810993 26.87215042
v 35.89950943 8.29028034 26.77017021
v 32.18772888 8.28207970 26.76078987
v 35.89950943 8.29028034 26.77017021
v 35.89950943 6.77002001 25.33003044
v 32.18772888 8.28207970 26.76078987
v 35.89950943 6.77002001 25.33003044
v 33.13742065 7.48715019 25.94128036
v 32.18772888 8.28207970 26.76078987
v 32.18772888 8.28207970 26.76078987
v 31.55380058 8.04405975 26.51995087
v 30.46273041 8.17516041 26.64023972
v 30.89694023 8.06772041 26.52260017
v 30.46273041 8.17516041 26.64023972
v 31.55380058 8.04405975 26.51995087
v 27.05168915 8.14140987 26.60290909
v 26.86490059 7.84183979 26.28602028
v 26.49950981 7.95499992 26.40278053
v 26.49950981 6.40699005 25.05838013
v 26.49950981 7.95499992 26.40278053
v 26.52453041 6.79367018 25.34855080
v 26.49950981 7.95499992 26.40278053
v 26.64307976 7.35031986 25.80265999
v 26.52453041 6.79367018 25.34855080
v 26.49950981 7.95499992 26.40278053
v 26.86490059 7.84183979 26.28602028
v 26.64307976 7.35031986 25.80265999
v 33.90647125 6.64782000 25.23596954
v 33.13742065 7.48715019 25.94128036
v 35.89950943 6.77002001 25.33003044
v 35.89950943 6.77002001 25.33003044
v 35.89950943 5.00438976 24.20408058
v 33.90647125 6.64782000 25.23596954
v 35.89950943 5.00438976 24.20408058
v 34.55458832 5.73242998 24.61158943
v 33.90647125 6.64782000 25.23596954
v 35.10691071 4.69262981 24.05094910
v 34.55458832 5.73242998 24.61158943
v 35.89950943 5.00438976 24.20408058
v 35.89950943 5.00438976 24.20408058
v 35.89950943 3.05738997 23.43313980
v 35.10691071 4.69262981 24.05094910
v 30.79950905 -9.11151981 26.54000092
v 30.30964088 -9.28880978 26.71105003
v 30.79714966 -9.11441040 22.99093056
v 30.30964088 -9.28880978 26.71105003
v 30.30964088 -9.28880978 26.71105003
v 29.85156059 -9.38047981 27.02176094
v 29.33041954 -9.40730000 22.97452927
v 29.33041954 -9.40730000 22.97452927
v 29.51329041 -9.40194988 27.42233086
v 29.30266953 -9.39645004 27.86289024
v 29.33041954 -9.40730000 22.97452927
v 29.85156059 -9.38047981 27.02176094
v 29.51329041 -9.40194988 27.42233086
v 28.58736038 -9.26599979 22.99868965
v 29.33041954 -9.40730000 22.97452927
v 28.81620979 -9.33038044 28.16567993
v 29.33041954 -9.40730000 22.97452927
v 29.21206093 -9.39400959 28.27592087
v 28.81620979 -9.33038044 28.16567993
v 29.21206093 -9.39400959 28.27592087
v 28.81620979 -9.33038044 28.16567993
v 28.36078072 -9.18566036 27.93928909
v 28.58736038 -9.26599979 22.99868965
v 27.90180016 -8.94608021 22.98558998
v 28.58736038 -9.26599979 22.99868965
v 27.89045906 -8.94546986 27.58514023
v 28.58736038 -9.26599979 22.99868965
v 28.36078072 -9.18566036 27.93928909
v 27.89045906 -8.94546986 27.58514023
v 27.31945038 -8.46778011 23.01071930
v 27.90180016 -8.94608021 22.98558998
v 27.52684975 -8.66804028 27.22668076
v 27.90180016 -8.94608021 22.98558998
v 27.89045906 -8.94546986 27.58514023
v 27.52684975 -8.66804028 27.22668076
v 27.52684975 -8.66804028 27.22668076
v 27.16868973 -8.30601978 26.77393913
v 27.31945038 -8.46778011 23.01071930
v 26.87266922 -7.85525990 22.99909019
v 27.31945038 -8.46778011 23.01071930
v 26.87688065 -7.86444998 26.30822945
v 27.31945038 -8.46778011 23.01071930
v 27.16868973 -8.30601978 26.77393913
v 26.87688065 -7.86444998 26.30822945
v 26.87688065 -7.86444998 26.30822945
v 26.71915054 -7.53458023 25.98483086
v 26.87266922 -7.85525990 22.99909019
v 26.49700928 -6.40789986 23.00486946
v 26.87266922 -7.85525990 22.99909019
v 26.60021019 -7.17855978 25.66445923
v 26.87266922 -7.85525990 22.99909019
v 26.71915054 -7.53458023 25.98483086
v 26.60021019 -7.17855978 25.66445923
v 26.60021019 -7.17855978 25.66445923
v 26.52536964 -6.80087996 25.35357094
v 26.49700928 -6.40789986 23.00486946
v 26.49700928 -6.40789986 23.00486946
v 26.52536964 -6.80087996 25.35357094
v 26.49950981 -6.40781021 25.05838013
v -25.60065079 -9.11085033 23.01347923
v -24.88471031 -9.35136986 23.00377083
v -25.60049057 -9.11151028 26.53997993
v -24.88471031 -9.35136986 23.00377083
v -25.11474991 -9.28649044 26.70845985
v -25.60049057 -9.11151028 26.53997993
v -24.73200989 -9.37660980 26.95330048
v -25.11474991 -9.28649044 26.70845985
v -24.88471031 -9.35136986 23.00377083
v -24.88471031 -9.35136986 23.00377083
v -24.13113976 -9.40305042 23.00178909
v -24.73200989 -9.37660980 26.95330048
v -24.45203972 -9.39815998 27.23271942
v -24.13113976 -9.40305042 23.00178909
v -24.18235016 -9.39972973 27.66238976
v -24.45203972 -9.39815998 27.23271942
v -24.01589012 -9.38309956 28.21809006
v -24.18235016 -9.39972973 27.66238976
v -24.13113976 -9.40305042 23.00178909
v -24.13113976 -9.40305042 23.00178909
v -23.38857079 -9.26546955 23.01383018
v -24.01589012 -9.38309956 28.21809006
v -23.38857079 -9.26546955 23.01383018
v -23.61292076 -9.32952976 28.16398048
v -24.01589012 -9.38309956 28.21809006
v -23.27349091 -9.22653961 28.00971985
v -23.61292076 -9.32952976 28.16398048
v -23.38857079 -9.26546955 23.01383018
v -23.38857079 -9.26546955 23.01383018
v -22.70383072 -8.94546986 23.00735092
v -23.27349091 -9.22653961 28.00971985
v -22.70383072 -8.94546986 23.00735092
v -22.92325974 -9.07596970 27.77524948
v -23.27349091 -9.22653961 28.00971985
v -22.57237053 -8.86007023 27.47989082
v -22.92325974 -9.07596970 27.77524948
v -22.70383072 -8.94546986 23.00735092
v -22.70383072 -8.94546986 23.00735092
v -22.12125969 -8.46693039 23.01969910
v -22.57237053 -8.86007023 27.47989082
v -22.12125969 -8.46693039 23.01969910
v -22.32933998 -8.66934013 27.22834969
v -22.57237053 -8.86007023 27.47989082
v -22.09322929 -8.43955994 26.94403076
v -22.32933998 -8.66934013 27.22834969
v -22.12125969 -8.46693039 23.01969910
v -22.12125969 -8.46693039 23.01969910
v -21.67561913 -7.85565996 23.01202965
v -22.09322929 -8.43955994 26.94403076
v -21.67561913 -7.85565996 23.01202965
v -21.87564087 -8.17418957 26.63824081
v -22.09322929 -8.43955994 26.94403076
v -21.67561913 -7.85565996 23.01202965
v -21.68405914 -7.87554979 26.31959915
v -21.87564087 -8.17418957 26.63824081
v -21.52445984 -7.54520988 25.99482918
v -21.68405914 -7.87554979 26.31959915
v -21.67561913 -7.85565996 23.01202965
v -21.67561913 -7.85565996 23.01202965
v -21.39637947 -7.15635014 23.02858925
v -21.52445984 -7.54520988 25.99482918
v -21.39637947 -7.15635014 23.02858925
v -21.40323067 -7.18620014 25.67104912
v -21.52445984 -7.54520988 25.99482918
v -21.32681084 -6.80431986 25.35626030
v -21.40323067 -7.18620014 25.67104912
v -21.39637947 -7.15635014 23.02858925
v -21.39637947 -7.15635014 23.02858925
v -21.30162048 -6.40749979 23.03940964
v -21.32681084 -6.80431986 25.35626030
v -21.30048943 -6.40781021 25.05835915
v -21.32681084 -6.80431986 25.35626030
v -21.30162048 -6.40749979 23.03940964
v 30.79966927 9.11036015 23.00774956
v 30.08382988 9.35424995 22.99637985
v 30.79950905 9.11069012 26.53998947
v 30.08382988 9.35424995 22.99637985
v 30.31377029 9.28565979 26.70845985
v 30.79950905 9.11069012 26.53998947
v 29.93103027 9.37578964 26.95331001
v 30.31377029 9.28565979 26.70845985
v 30.08382988 9.35424995 22.99637985
v 30.08382988 9.35424995 22.99637985
v 29.33308983 9.40133953 22.94975090
v 29.93103027 9.37578964 26.95331001
v 29.33308983 9.40133953 22.94975090
v 29.65106010 9.39735031 27.23273087
v 29.93103027 9.37578964 26.95331001
v 29.33308983 9.40133953 22.94975090
v 29.38137054 9.39890957 27.66239929
v 29.65106010 9.39735031 27.23273087
v 29.21495056 9.38220978 28.21792030
v 29.38137054 9.39890957 27.66239929
v 29.33308983 9.40133953 22.94975090
v 29.33308983 9.40133953 22.94975090
v 28.58735085 9.26455021 23.00107956
v 29.21495056 9.38220978 28.21792030
v 28.58735085 9.26455021 23.00107956
v 28.80723953 9.32763958 28.16212082
v 29.21495056 9.38220978 28.21792030
v 28.46433067 9.22272968 28.00511932
v 28.80723953 9.32763958 28.16212082
v 28.58735085 9.26455021 23.00107956
v 28.58735085 9.26455021 23.00107956
v 27.90369034 8.94571972 22.99971962
v 28.46433067 9.22272968 28.00511932
v 27.90369034 8.94571972 22.99971962
v 28.10902023 9.06840992 27.76509094
v 28.46433067 9.22272968 28.00511932
v 27.75193977 8.84543037 27.46114922
v 28.10902023 9.06840992 27.76509094
v 27.90369034 8.94571972 22.99971962
v 27.90369034 8.94571972 22.99971962
v 27.31973076 8.46638966 23.00947952
v 27.75193977 8.84543037 27.46114922
v 27.31973076 8.46638966 23.00947952
v 27.50480080 8.64778042 27.20187950
v 27.75193977 8.84543037 27.46114922
v 27.26728058 8.41127014 26.91131020
v 27.50480080 8.64778042 27.20187950
v 27.31973076 8.46638966 23.00947952
v 27.31973076 8.46638966 23.00947952
v 26.87466049 7.85676003 23.00243950
v 27.26728058 8.41127014 26.91131020
v 26.87466049 7.85676003 23.00243950
v 27.05168915 8.14140987 26.60290909
v 27.26728058 8.41127014 26.91131020
v 26.86490059 7.84183979 26.28602028
v 27.05168915 8.14140987 26.60290909
v 26.87466049 7.85676003 23.00243950
v 26.87466049 7.85676003 23.00243950
v 26.59514999 7.15561008 23.01964951
v 26.86490059 7.84183979 26.28602028
v 26.59514999 7.15561008 23.01964951
v 26.64307976 7.35031986 25.80265999
v 26.86490059 7.84183979 26.28602028
v 26.52453041 6.79367018 25.34855080
v 26.64307976 7.35031986 25.80265999
v 26.59514999 7.15561008 23.01964951
v 26.59514999 7.15561008 23.01964951
v 26.50031090 6.40679979 23.03064919
v 26.52453041 6.79367018 25.34855080
v 26.49950981 6.40699005 25.05838013
v 26.52453041 6.79367018 25.34855080
v 26.50031090 6.40679979 23.03064919
v -25.60049057 9.11069965 26.53997993
v -25.11071968 9.28798008 26.71104050
v -25.59235001 9.09638977 23.03309059
v -24.88455009 9.34945011 22.99272919
v -25.11071968 9.28798008 26.71104050
v -24.65255928 9.37967968 27.02178955
v -24.88455009 9.34945011 22.99272919
v -24.13438034 9.40093040 22.94128990
v -24.88455009 9.34945011 22.99272919
v -24.10298920 9.39558029 27.86507988
v -24.88455009 9.34945011 22.99272919
v -24.31432915 9.40116024 27.42237091
v -24.10298920 9.39558029 27.86507988
v -24.88455009 9.34945011 22.99272919
v -24.65255928 9.37967968 27.02178955
v -24.31432915 9.40116024 27.42237091
v -23.38880920 9.26414967 22.99850082
v -24.13438034 9.40093040 22.94128990
v -23.61178970 9.32847023 28.16350937
v -24.13438034 9.40093040 22.94128990
v -24.01304054 9.39319992 28.27590942
v -23.61178970 9.32847023 28.16350937
v -24.13438034 9.40093040 22.94128990
v -24.10298920 9.39558029 27.86507988
v -24.01304054 9.39319992 28.27590942
v -23.61178970 9.32847023 28.16350937
v -23.15257072 9.18113041 27.93343925
v -23.38880920 9.26414967 22.99850082
v -22.70509911 8.94655037 22.96460915
v -23.38880920 9.26414967 22.99850082
v -22.80201912 9.00596046 27.68408012
v -23.38880920 9.26414967 22.99850082
v -23.15257072 9.18113041 27.93343925
v -22.80201912 9.00596046 27.68408012
v -22.80201912 9.00596046 27.68408012
v -22.55538940 8.84720993 27.46353912
v -22.70509911 8.94655037 22.96460915
v -22.12062073 8.46669006 23.00962067
v -22.70509911 8.94655037 22.96460915
v -22.30407906 8.64626980 27.19993973
v -22.70509911 8.94655037 22.96460915
v -22.55538940 8.84720993 27.46353912
v -22.30407906 8.64626980 27.19993973
v -22.30407906 8.64626980 27.19993973
v -22.06303024 8.40544033 26.90438080
v -22.12062073 8.46669006 23.00962067
v -21.67453957 7.85688019 22.98570061
v -22.12062073 8.46669006 23.00962067
v -21.84580040 8.13166046 26.59218025
v -22.12062073 8.46669006 23.00962067
v -22.06303024 8.40544033 26.90438080
v -21.84580040 8.13166046 26.59218025
v -21.84580040 8.13166046 26.59218025
v -21.57420921 7.67631006 26.10762978
v -21.67453957 7.85688019 22.98570061
v -21.39598083 7.15552998 23.02449036
v -21.67453957 7.85688019 22.98570061
v -21.39569092 7.15675020 25.64642906
v -21.67453957 7.85688019 22.98570061
v -21.57420921 7.67631006 26.10762978
v -21.39569092 7.15675020 25.64642906
v -21.39569092 7.15675020 25.64642906
v -21.32504082 6.78999996 25.34564972
v -21.39598083 7.15552998 23.02449036
v -21.30143929 6.40652990 23.02323914
v -21.39598083 7.15552998 23.02449036
v -21.30048943 6.40700006 25.05835915
v -21.39598083 7.15552998 23.02449036
v -21.32504082 6.78999996 25.34564972
v -21.30048943 6.40700006 25.05835915
v -25.59235001 9.09638977 23.03309059
v -27.04103088 8.24380970 23.05340958
v -25.60049057 9.11069965 26.53997993
v -27.04103088 8.24380970 23.05340958
v -26.06234932 8.87195969 26.50053024
v -25.60049057 9.11069965 26.53997993
v -27.04103088 8.24380970 23.05340958
v -26.53615952 8.59014034 26.57263947
v -26.06234932 8.87195969 26.50053024
v -27.04103088 8.24380970 23.05340958
v -26.98871040 8.28209019 26.76077080
v -26.53615952 8.59014034 26.57263947
v -27.93840027 7.48716021 25.94127083
v -26.98871040 8.28209019 26.76077080
v -27.04103088 8.24380970 23.05340958
v -27.04103088 8.24380970 23.05340958
v -28.29540062 7.12389994 23.04268074
v -27.93840027 7.48716021 25.94127083
v -28.70745087 6.64783001 25.23596001
v -27.93840027 7.48716021 25.94127083
v -28.29540062 7.12389994 23.04268074
v -28.29540062 7.12389994 23.04268074
v -29.31952095 5.79024982 23.03186989
v -28.70745087 6.64783001 25.23596001
v -29.35556984 5.73243999 24.61157036
v -28.70745087 6.64783001 25.23596001
v -29.31952095 5.79024982 23.03186989
v -29.31952095 5.79024982 23.03186989
v -30.07768059 4.28939009 23.02099037
v -29.35556984 5.73243999 24.61157036
v -30.07768059 4.28939009 23.02099037
v -29.90789032 4.69263983 24.05093956
v -29.35556984 5.73243999 24.61157036
v -30.33595085 3.53512001 23.58322906
v -29.90789032 4.69263983 24.05093956
v -30.07768059 4.28939009 23.02099037
v -30.07768059 4.28939009 23.02099037
v -30.54342079 2.67371011 23.01016045
v -30.33595085 3.53512001 23.58322906
v 30.79950905 9.11069012 26.53998947
v 31.26123047 8.87203026 26.50053978
v 30.79966927 9.11036015 23.00774956
v 32.24011993 8.24374962 23.04162979
v 30.79966927 9.11036015 23.00774956
v 32.18772888 8.28207970 26.76078987
v 30.79966927 9.11036015 23.00774956
v 31.73488045 8.59031963 26.57257080
v 32.18772888 8.28207970 26.76078987
v 30.79966927 9.11036015 23.00774956
v 31.26123047 8.87203026 26.50053978
v 31.73488045 8.59031963 26.57257080
v 32.18772888 8.28207970 26.76078987
v 33.13742065 7.48715019 25.94128036
v 32.24011993 8.24374962 23.04162979
v 33.49436951 7.12393999 23.03322983
v 32.24011993 8.24374962 23.04162979
v 33.13742065 7.48715019 25.94128036
v 33.13742065 7.48715019 25.94128036
v 33.90647125 6.64782000 25.23596954
v 33.49436951 7.12393999 23.03322983
v 34.51855850 5.79020023 23.02481079
v 33.49436951 7.12393999 23.03322983
v 33.90647125 6.64782000 25.23596954
v 33.90647125 6.64782000 25.23596954
v 34.55458832 5.73242998 24.61158943
v 34.51855850 5.79020023 23.02481079
v 35.27751160 4.28659010 23.01634026
v 34.51855850 5.79020023 23.02481079
v 35.10691071 4.69262981 24.05094910
v 34.51855850 5.79020023 23.02481079
v 34.55458832 5.73242998 24.61158943
v 35.10691071 4.69262981 24.05094910
v 30.79714966 -9.11441040 22.99093056
v 32.24020004 -8.24452019 23.00876999
v 30.79950905 -9.11151981 26.54000092
v 32.24020004 -8.24452019 23.00876999
v 31.26136971 -8.87277985 26.50053978
v 30.79950905 -9.11151981 26.54000092
v 32.24020004 -8.24452019 23.00876999
v 31.73517990 -8.59095955 26.57266045
v 31.26136971 -8.87277985 26.50053978
v 32.24020004 -8.24452019 23.00876999
v 32.18772888 -8.28291035 26.76078987
v 31.73517990 -8.59095955 26.57266045
v 33.13676071 -7.48861980 25.94186974
v 32.18772888 -8.28291035 26.76078987
v 32.24020004 -8.24452019 23.00876999
v 32.24020004 -8.24452019 23.00876999
v 33.49187088 -7.12697983 22.99789047
v 33.13676071 -7.48861980 25.94186974
v 33.90626907 -6.64890003 25.23616028
v 33.13676071 -7.48861980 25.94186974
v 33.49187088 -7.12697983 22.99789047
v 33.49187088 -7.12697983 22.99789047
v 34.51860809 -5.79095984 22.99115944
v 33.90626907 -6.64890003 25.23616028
v 34.55467987 -5.73309994 24.61149979
v 33.90626907 -6.64890003 25.23616028
v 34.51860809 -5.79095984 22.99115944
v 34.51860809 -5.79095984 22.99115944
v 35.10700989 -4.69323015 24.05084038
v 34.55467987 -5.73309994 24.61149979
v -25.60049057 -9.11151028 26.53997993
v -26.06221008 -8.87285042 26.50052071
v -25.60065079 -9.11085033 23.01347923
v -27.04103088 -8.24460983 23.05340958
v -25.60065079 -9.11085033 23.01347923
v -26.98871040 -8.28289986 26.76077080
v -25.60065079 -9.11085033 23.01347923
v -26.53586006 -8.59113026 26.57255936
v -26.98871040 -8.28289986 26.76077080
v -25.60065079 -9.11085033 23.01347923
v -26.06221008 -8.87285042 26.50052071
v -26.53586006 -8.59113026 26.57255936
v -26.98871040 -8.28289986 26.76077080
v -27.93774033 -7.48860979 25.94185066
v -27.04103088 -8.24460983 23.05340958
v -28.29363060 -7.12627983 23.04269981
v -27.04103088 -8.24460983 23.05340958
v -27.93774033 -7.48860979 25.94185066
v -27.93774033 -7.48860979 25.94185066
v -28.70725060 -6.64889002 25.23615074
v -28.29363060 -7.12627983 23.04269981
v -29.31952095 -5.79104996 23.03186989
v -28.29363060 -7.12627983 23.04269981
v -28.70725060 -6.64889002 25.23615074
v -28.70725060 -6.64889002 25.23615074
v -29.35565948 -5.73308992 24.61148071
v -29.31952095 -5.79104996 23.03186989
v -30.07768059 -4.29019022 23.02099037
v -29.31952095 -5.79104996 23.03186989
v -29.90798950 -4.69322014 24.05083084
v -29.31952095 -5.79104996 23.03186989
v -29.35565948 -5.73308992 24.61148071
v -29.90798950 -4.69322014 24.05083084
v -29.90798950 -4.69322014 24.05083084
v -30.33596992 -3.53584003 23.58320045
v -30.07768059 -4.29019022 23.02099037
v -30.70049095 10.69423962 36.57342148
v -30.70049095 10.98820972 34.50006866
v -30.70049095 10.88393974 32.40858841
v -30.70049095 10.38519955 30.37475967
v -30.70050049 10.01268005 38.55348969
v -30.70049095 9.51008034 28.47229958
v -30.70050049 8.96823978 40.36851883
v -30.70049095 8.29028988 26.77014923
v -30.70050049 7.59876013 41.95272827
v -30.70049095 6.77003002 25.33000946
v -30.70050049 5.95387983 43.24871063
v -30.70049095 5.00439978 24.20406914
v -30.70050049 4.09320021 44.20949173
v -30.70050049 -4.09400988 44.20949173
v -30.70049095 -5.00520992 24.20406914
v -30.70050049 -5.95467997 43.24871063
v -30.70049095 -6.77083015 25.33000946
v -30.70050049 -7.59956980 41.95273972
v -30.70049095 -8.29109001 26.77014923
v -30.70050049 -8.96903992 40.36851883
v -30.70049095 -9.51088047 28.47229958
v -30.70050049 -10.01348019 38.55350113
v -30.70049095 -10.38599968 30.37475967
v -30.70049095 -10.69503975 36.57342911
v -30.70049095 -10.88473988 32.40858841
v -30.70049095 -10.98900986 34.50008011
v -21.30143929 6.40652990 23.02323914
v -21.30048943 6.40700006 25.05835915
v -21.30162048 -6.40749979 23.03940964
v -21.30048943 -6.40781021 25.05835915
v -21.30048943 7.95499992 26.40276909
v -21.30048943 -7.95582008 26.40276909
v -21.30048943 9.22661018 28.01107025
v -21.30048943 -9.22741985 28.01107025
v -21.30048943 10.17765999 29.82740021
v -21.30048943 -10.17846012 29.82740021
v -21.30048943 10.77511978 31.78865051
v -21.30048943 -10.77591991 31.78866005
v -21.30048943 10.99824047 33.82669067
v -21.30048943 -10.99903965 33.82669067
v -21.30048943 10.83928967 35.87071991
v -21.30048943 -10.84008980 35.87071991
v -21.30048943 10.30379009 37.84973145
v -21.30048943 -10.30459023 37.84973145
v -21.30048943 9.41034985 39.69498062
v -21.30048943 -9.41116047 39.69498062
v -21.30048943 8.19001961 41.34238815
v -21.30048943 -8.19083023 41.34238815
v -21.30048943 6.68519020 42.73471832
v -21.30048943 -6.68599987 42.73472977
v -21.30048943 4.94813013 43.82361984
v -21.30048943 -4.94893980 43.82363129
v -21.30050087 3.03919005 44.57126999
v -21.30050087 -3.03999996 44.57126999
v -21.30050087 1.02465999 44.95170975
v -21.30050087 -1.02547002 44.95170975
v 26.49950027 1.02464998 44.95172119
v 26.49950027 3.03918004 44.57128143
v 26.49950027 -1.02548003 44.95172119
v 26.49950027 -3.04000998 44.57128906
v 26.49950981 4.94812012 43.82363892
v 26.49950981 -4.94894981 43.82363892
v 26.49950981 6.68518019 42.73472977
v 26.49950981 -6.68600988 42.73474121
v 26.49950981 8.19001007 41.34239960
v 26.49950981 -8.19083977 41.34239960
v 26.49950981 9.41034031 39.69498825
v 26.49950981 -9.41117001 39.69499969
v 26.49950981 10.30377960 37.84973907
v 26.49950981 -10.30459976 37.84973907
v 26.49950981 10.83928013 35.87073135
v 26.49950981 -10.84010029 35.87073135
v 26.49950981 10.99822998 33.82669830
v 26.49950981 -10.99905014 33.82670975
v 26.49950981 10.77511024 31.78866959
v 26.49950981 -10.77593040 31.78866959
v 26.49950981 10.17765045 29.82740974
v 26.49950981 -10.17846966 29.82740974
v 26.49950981 9.22661018 28.01107979
v 26.49950981 -9.22743034 28.01107979
v 26.49950981 7.95499992 26.40278053
v 26.49950981 -7.95582008 26.40278053
v 26.49950981 6.40699005 25.05838013
v 26.49950981 -6.40781021 25.05838013
v 26.50031090 6.40679979 23.03064919
v 26.49700928 -6.40789986 23.00486946
v 35.89950943 10.98820019 34.50008011
v 35.89950943 10.69423008 36.57342911
v 35.89950943 10.88393021 32.40859985
v 35.89950943 10.38519001 30.37476921
v 35.89950943 10.01266956 38.55350876
v 35.89950943 9.51006985 28.47230911
v 35.89950943 8.96823025 40.36853027
v 35.89950943 8.29028034 26.77017021
v 35.89950943 7.59875011 41.95275116
v 35.89950943 6.77002001 25.33003044
v 35.89950943 5.95386982 43.24871826
v 35.89950943 5.00438976 24.20408058
v 35.89950943 4.09319019 44.20951080
v 35.89950943 3.05738997 23.43313980
v 35.89950943 2.08416009 44.80025864
v 35.89960098 1.00018001 23.02511978
v 35.89950943 -0.00041000 44.99959183
v 35.89865112 -1.00030005 23.04285049
v 35.89950943 -2.08499002 44.80025864
v 35.89950943 -3.05820990 23.43313980
v 35.89950943 -4.09401989 44.20951080
v 35.89950943 -5.00521994 24.20408058
v 35.89950943 -5.95469999 43.24871826
v 35.89950943 -6.77085018 25.33003044
v 35.89950943 -7.59957981 41.95275116
v 35.89950943 -8.29109955 26.77017021
v 35.89950943 -8.96905041 40.36853027
v 35.89950943 -9.51089001 28.47230911
v 35.89950943 -10.01348972 38.55350876
v 35.89950943 -10.38601017 30.37476921
v 35.89950943 -10.69505024 36.57344055
v 35.89950943 -10.88475037 32.40859985
v 35.89950943 -10.98902035 34.50009155
v -30.70049095 -3.05819988 23.43312073
v -30.70290947 -1.00074995 23.02165031
v -30.60795975 -2.28765988 23.23999977
v -30.60795975 -2.28765988 23.23999977
v -30.33596992 -3.53584003 23.58320045
v -30.70049095 -3.05819988 23.43312073
v -30.33595085 3.53512001 23.58322906
v -30.60796928 2.28678012 23.23998070
v -30.70049095 3.05739999 23.43312073
v -30.69927025 0.99943000 23.04174042
v -30.70049095 3.05739999 23.43312073
v -30.60796928 2.28678012 23.23998070
v -30.60796928 2.28678012 23.23998070
v -30.33595085 3.53512001 23.58322906
v -30.54342079 2.67371011 23.01016045
v -30.54342079 2.67371011 23.01016045
v -30.69927025 0.99943000 23.04174042
v -30.60796928 2.28678012 23.23998070
v -30.54342079 -2.67451000 23.01016045
v -30.07768059 -4.29019022 23.02099037
v -30.33596992 -3.53584003 23.58320045
v -30.33596992 -3.53584003 23.58320045
v -30.60795975 -2.28765988 23.23999977
v -30.54342079 -2.67451000 23.01016045
v -30.54342079 -2.67451000 23.01016045
v -30.60795975 -2.28765988 23.23999977
v -30.70290947 -1.00074995 23.02165031
f 1 2 3
f 4 5 2
f 6 7 8
f 9 10 11
f 12 13 14
f 15 16 17
f 18 19 20
f 21 22 23
f 24 25 26
f 26 25 27
f 26 27 28
f 28 27 29
f 29 27 30
f 31 32 33
f 33 32 34
f 35 36 37
f 38 34 39
f 37 40 41
f 37 41 42
f 42 41 43
f 44 45 46
f 46 45 47
f 48 49 50
f 51 52 53
f 54 47 55
f 56 54 55
f 57 58 59
f 57 59 60
f 60 59 61
f 61 59 62
f 63 64 65
f 66 67 68
f 69 66 68
f 69 68 70
f 69 70 71
f 71 70 72
f 71 72 73
f 74 75 76
f 77 78 79
f 80 77 79
f 81 82 83
f 84 81 83
f 84 83 85
f 86 84 85
f 87 88 89
f 90 87 89
f 91 92 93
f 94 91 93
f 94 93 95
f 96 94 95
f 97 96 95
f 98 99 100
f 100 99 101
f 102 103 104
f 105 106 107
f 108 105 107
f 109 110 111
f 112 113 114
f 115 116 117
f 118 119 120
f 121 122 123
f 124 125 126
f 118 127 119
f 128 129 130
f 131 132 133
f 134 135 136
f 137 130 129
f 138 139 140
f 141 139 138
f 142 143 144
f 145 143 142
f 146 147 148
f 149 147 146
f 150 151 152
f 153 154 155
f 156 157 158
f 159 160 161
f 162 163 164
f 165 166 167
f 168 169 170
f 171 172 173
f 174 175 176
f 177 178 179
f 180 181 182
f 183 184 185
f 186 187 188
f 189 190 191
f 192 193 194
f 195 196 197
f 198 199 200
f 201 202 203
f 204 205 206
f 207 208 209
f 210 211 212
f 213 214 215
f 216 217 218
f 219 220 221
f 222 223 224
f 225 226 227
f 228 229 230
f 231 232 233
f 234 235 236
f 237 238 239
f 240 241 242
f 243 244 245
f 246 247 248
f 249 250 251
f 252 253 254
f 255 256 257
f 258 259 260
f 261 262 263
f 264 265 266
f 267 268 269
f 270 271 272
f 273 274 275
f 276 277 278
f 279 280 281
f 282 283 284
f 285 286 287
f 288 289 290
f 291 292 293
f 294 295 296
f 297 298 299
f 300 301 302
f 303 304 305
f 306 307 308
f 309 310 311
f 312 311 310
f 310 313 312
f 314 312 313
f 313 315 314
f 316 314 315
f 315 317 316
f 318 316 317
f 317 319 318
f 320 318 319
f 319 321 320
f 322 320 321
f 321 323 322
f 324 322 323
f 323 325 324
f 326 324 325
f 325 327 326
f 328 326 327
f 327 329 328
f 330 328 329
f 329 331 330
f 332 330 331
f 331 333 332
f 334 332 333
f 335 336 337
f 338 339 340
f 341 342 343
f 344 345 346
f 347 348 349
f 350 351 352
f 353 354 355
f 356 357 358
f 359 360 361
f 362 363 364
f 365 366 367
f 368 369 370
f 371 372 373
f 374 375 376
f 377 378 379
f 380 381 382
f 383 384 385
f 386 387 388
f 389 390 391
f 392 393 394
f 391 395 389
f 396 394 393
f 397 389 395
f 393 398 396
f 395 399 397
f 399 400 397
f 401 396 398
f 402 401 403
f 401 398 403
f 399 404 400
f 405 406 407
f 408 409 410
f 411 410 409
f 407 412 405
f 97 95 413
f 414 68 67
f 415 416 417
f 418 419 420
f 421 422 423
f 424 425 426
f 427 428 429
f 430 431 432
f 433 434 435
f 436 437 438
f 439 440 441
f 442 443 444
f 445 446 447
f 448 449 450
f 451 452 453
f 454 455 456
f 457 458 459
f 460 461 462
f 463 464 465
f 466 467 468
f 469 470 471
f 472 473 474
f 475 476 477
f 478 479 480
f 481 482 483
f 484 485 486
f 487 488 489
f 490 491 492
f 493 494 495
f 496 497 498
f 499 500 501
f 502 503 504
f 505 506 507
f 508 509 510
f 511 512 513
f 514 515 516
f 517 518 519
f 520 521 522
f 523 524 525
f 526 527 528
f 65 64 529
f 530 22 531
f 528 5 526
f 524 532 533
f 532 534 533
f 4 526 5
f 535 534 532
f 1 4 2
f 532 536 535
f 537 535 536
f 538 539 540
f 541 542 543
f 544 545 546
f 547 548 549
f 550 551 552
f 553 554 555
f 556 557 558
f 559 560 561
f 562 563 564
f 565 566 567
f 568 569 570
f 571 572 573
f 574 575 576
f 577 578 579
f 580 581 582
f 583 584 585
f 586 587 588
f 589 590 591
f 592 593 594
f 595 596 597
f 598 599 600
f 601 602 603
f 604 605 606
f 607 608 609
f 610 611 612
f 613 614 615
f 616 617 618
f 619 620 621
f 622 623 624
f 625 626 627
f 628 629 630
f 631 632 633
f 634 635 636
f 637 638 639
f 640 641 642
f 643 644 645
f 646 647 648
f 649 650 651
f 652 653 654
f 655 656 657
f 658 659 660
f 661 662 663
f 664 665 666
f 667 668 669
f 670 671 672
f 673 674 675
f 676 677 678
f 679 680 681
f 682 683 684
f 685 686 687
f 688 689 690
f 691 692 693
f 694 695 696
f 697 698 699
f 700 701 702
f 703 704 705
f 706 707 708
f 709 710 711
f 712 713 714
f 715 716 717
f 718 719 720
f 721 722 723
f 724 725 726
f 727 728 729
f 730 731 732
f 733 734 735
f 736 737 738
f 739 740 741
f 742 743 744
f 745 746 747
f 748 749 750
f 751 752 753
f 754 755 756
f 757 758 759
f 760 761 762
f 763 764 765
f 766 767 768
f 769 756 755
f 770 771 772
f 773 774 775
f 776 777 778
f 779 780 781
f 782 783 784
f 785 786 787
f 788 789 790
f 791 792 793
f 794 795 796
f 797 798 799
f 800 801 802
f 803 804 805
f 806 807 808
f 809 810 811
f 812 813 814
f 815 816 817
f 818 819 820
f 821 822 823
f 824 825 826
f 827 828 829
f 830 831 832
f 833 834 835
f 836 837 838
f 839 840 841
f 842 843 844
f 845 846 847
f 848 849 850
f 851 852 853
f 854 855 856
f 857 858 859
f 860 861 862
f 863 864 865
f 866 867 868
f 869 868 867
f 870 871 872
f 873 874 875
f 876 877 878
f 879 880 881
f 882 883 884
f 885 886 887
f 888 889 890
f 891 892 893
f 894 895 896
f 897 898 899
f 900 901 902
f 903 904 905
f 906 907 908
f 909 910 911
f 912 913 914
f 915 916 917
f 918 919 920
f 921 922 923
f 924 925 926
f 927 928 929
f 930 931 932
f 933 934 935
f 936 937 938
f 939 940 941
f 942 943 944
f 945 946 947
f 948 949 950
f 951 952 953
f 954 955 956
f 957 958 959
f 960 961 962
f 963 964 965
f 966 967 968
f 969 970 971
f 972 973 974
f 975 976 977
f 978 979 980
f 981 982 983
f 984 985 986
f 987 988 989
f 990 991 992
f 993 994 995
f 996 997 998
f 999 1000 1001
f 1002 1003 1004
f 1005 1006 1007
f 1008 1009 1010
f 1011 1012 1013
f 1014 1015 1016
f 1017 1018 1019
f 1020 1021 1022
f 1023 1024 1025
f 1026 1027 1028
f 1029 1030 1031
f 1032 1033 1034
f 1035 1036 1037
f 1038 1039 1040
f 1041 1042 1043
f 1044 1045 1046
f 1047 1048 1049
f 1050 1051 1052
f 1053 1054 1055
f 1056 1057 1058
f 1059 1060 1061
f 1062 1063 1064
f 1065 1066 1067
f 1068 1069 1070
f 1071 1072 1073
f 1074 1075 1076
f 1077 1078 1079
f 1080 1081 1082
f 1083 1084 1085
f 1086 1087 1088
f 1089 1090 1091
f 1092 1093 1094
f 1095 1096 1097
f 1098 1099 1100
f 1101 1102 1103
f 1104 1105 1106
f 1107 1108 1109
f 1110 1111 1112
f 1113 1114 1115
f 1116 1117 1118
f 1119 1120 1121
f 1122 1123 1124
f 1125 1126 1127
f 1128 1129 1130
f 1131 1132 1133
f 1134 1135 1136
f 1137 1138 1139
f 1140 1141 1142
f 1143 1144 1145
f 1146 1147 1148
f 1149 1150 1151
f 1152 1153 1154
f 1155 1156 1157
f 1158 1159 1160
f 1161 1162 1163
f 1164 1165 1166
f 1167 1168 1169
f 1170 1171 1172
f 1173 1174 1175
f 1176 1177 1178
f 1179 1180 1181
f 1182 1183 1184
f 1185 1186 1187
f 1188 1189 1190
f 1191 1192 1193
f 1194 1195 1196
f 1197 1198 1199
f 1200 1201 1202
f 1203 1204 1205
f 1206 1207 1208
f 1209 1210 1211
f 1212 1213 1214
f 1215 1216 1217
f 1218 1219 1220
f 1221 1208 1207
f 1222 1223 1224
f 1223 1225 1224
f 1226 1227 1228
f 1229 1230 1231
f 1232 1233 1234
f 1235 1236 1237
f 1238 1239 1240
f 1241 1242 1243
f 1244 1245 1246
f 1247 1248 1249
f 1250 1251 1252
f 1253 1254 1255
f 1256 1257 1258
f 1259 1260 1261
f 1262 1263 1264
f 1265 1266 1267
f 1268 1269 1270
f 1271 1272 1273
f 1274 1275 1276
f 1277 1278 1279
f 1280 1281 1282
f 1283 1284 1285
f 1286 1287 1288
f 1289 1290 1291
f 1292 1293 1294
f 1295 1296 1297
f 1298 1299 1300
f 1301 1302 1303
f 1304 1305 1306
f 1307 1308 1309
f 1310 1311 1312
f 1313 1314 1315
f 1316 1317 1318
f 1319 1320 1321
f 1322 1323 1324
f 1325 1326 1327
f 1328 1329 1330
f 1331 1332 1333
f 1334 1335 1336
f 1337 1338 1339
f 1340 1341 1342
f 1343 1344 1345
f 1346 1347 1348
f 1349 1350 1351
f 1352 1353 1354
f 1355 1356 1357
f 1358 1359 1360
f 1361 1362 1363
f 1364 1365 1366
f 1367 1368 1369
f 1370 1371 1372
f 1373 1374 1375
f 1376 1377 1378
f 1379 1380 1381
f 1382 1383 1384
f 1385 1386 1387
f 1388 1389 1390
f 1391 1392 1393
f 1394 1395 1396
f 1397 1398 1399
f 1400 1401 1402
f 1403 1404 1405
f 1406 1407 1408
f 1409 1410 1411
f 1412 1413 1414
f 1415 1416 1417
f 1418 1419 1420
f 1421 1422 1423
f 1424 1425 1426
f 1427 1428 1429
f 1430 1431 1432
f 1433 1434 1435
f 1436 1437 1438
f 1439 1440 1441
f 1442 1443 1444
f 1445 1446 1447
f 1448 1449 1450
f 1451 1452 1453
f 1454 1455 1456
f 1457 1458 1459
f 1460 1461 1462
f 1463 1464 1465
f 1466 1467 1468
f 1469 1470 1471
f 1472 1473 1474
f 1475 1476 1477
f 1478 1479 1480
f 1481 1482 1483
f 1484 1485 1486
f 1487 1488 1489
f 1490 1491 1492
f 1493 1494 1495
f 1496 1497 1498
f 1499 1500 1501
f 1502 1503 1504
f 1505 1506 1507
f 1508 1509 1510
f 1511 1512 1513
f 1514 108 107
f 1515 1516 1517
f 1518 1517 1516
f 1519 1520 1521
f 1522 1521 1520
f 1523 1524 1525
f 1526 1525 1524
f 1527 1528 1529
f 1530 1529 1528
f 1531 1532 1533
f 1534 1533 1532
f 1535 1536 1537
f 1538 1537 1536
f 1539 1540 1541
f 1542 1541 1540
f 1543 1544 1545
f 1546 1545 1544
f 1547 1548 1549
f 1550 1549 1548
f 1551 1552 1553
f 1554 1553 1552
f 1555 1556 1557
f 1558 1557 1556
f 1559 1560 1561
f 1562 1561 1560
f 1563 1564 1565
f 1566 1565 1564
f 1567 1568 1569
f 1570 1571 1572
f 1573 1574 1575
f 1576 1577 1578
f 1579 1580 1581
f 1582 1583 1584
f 1585 1586 1587
f 1587 1588 1585
f 1589 1585 1588
f 1588 1590 1589
f 1591 1589 1590
f 1590 1592 1591
f 1593 1591 1592
f 1592 1594 1593
f 1595 1593 1594
f 1594 1596 1595
f 1597 1595 1596
f 1596 1598 1597
f 1599 1597 1598
f 1598 1600 1599
f 1601 1599 1600
f 1600 1602 1601
f 1603 1601 1602
f 1602 1604 1603
f 1605 1603 1604
f 1604 1606 1605
f 1607 1605 1606
f 1606 1608 1607
f 1609 1607 1608
f 1608 1610 1609
f 1611 1609 1610
f 1610 1612 1611
f 1613 1611 1612
f 1612 1614 1613
f 1615 1613 1614
f 1614 1616 1615
f 1617 1618 1619
f 1619 1620 1617
f 1621 1617 1620
f 1620 1622 1621
f 1623 1621 1622
f 1622 1624 1623
f 1625 1623 1624
f 1626 1627 1625
f 1628 1625 1629
f 1625 1627 1629
f 1629 1630 1628
f 1631 1628 1632
f 1628 1630 1632
f 1632 1633 1631
f 1634 1631 1635
f 1631 1633 1635
f 1635 1636 1634
f 1637 1634 1638
f 1634 1636 1638
f 1638 1639 1637
f 1640 1637 1639
f 1639 1641 1640
f 1642 1640 1643
f 1640 1641 1643
f 1643 1644 1642
f 1645 1642 1646
f 1642 1644 1646
f 1646 1647 1645
f 1648 1645 1649
f 1645 1650 1649
f 1645 1647 1650
f 1649 1651 1648
f 1652 1648 1651
f 1651 1653 1652
f 1654 1652 1653
f 1653 1655 1654
f 1656 1654 1655
f 1655 1657 1656
f 1658 151 150
f 1659 1660 1661
f 1662 1661 1660
f 1663 1664 1665
f 1666 1665 1664
f 1667 1668 1669
f 1670 1669 1668
f 1671 1672 1673
f 1674 1673 1672
f 1675 1676 1677
f 1678 1676 1675
f 1679 1680 1681
f 1682 1681 1680
f 1683 1684 1685
f 1686 1685 1684
f 1687 1688 1689
f 1690 1689 1688
f 1691 1692 1693
f 1694 1693 1692
f 1695 1696 1697
f 1698 1697 1696
f 1699 1700 1701
f 1702 1703 1704
f 1705 1706 1707
f 1708 1709 1710
f 1711 1712 1713
f 1714 1715 1716
f 1717 1718 1719
f 1720 1719 1718
f 1721 1722 1723
f 1724 1723 1722
f 1725 1726 1727
f 1728 1727 1726
f 1729 1730 1731
f 1732 1731 1730
f 1733 1734 1735
f 1736 1735 1734
f 1737 1738 1739
f 1740 1739 1738
f 1741 1742 1743
f 1744 1743 1742
f 1745 1746 1747
f 1748 1749 1750
f 1751 1752 1753
f 1753 1754 1751
f 1755 1756 1757
f 1757 1758 1755
f 1759 1760 1761
f 1761 1762 1759
f 1763 1764 1765
f 1765 1766 1763
f 1767 1768 1769
f 1769 1770 1767
f 1771 1772 1773
f 1774 1771 1773
f 1649 1650 1775
f 1776 1649 1775
f 1775 1777 1776
f 1776 1777 1778
f 1779 1776 1778
f 1778 1780 1779
f 1779 1780 1781
f 1782 1779 1781
f 1781 1783 1782
f 1782 1783 1784
f 1785 1782 1784
f 1784 1786 1785
f 1787 1785 1786
f 1786 1788 1787
f 1787 1788 1789
f 1790 1787 1789
f 1789 1791 1790
f 1790 1791 1792
f 1626 1790 1792
f 1792 1793 1626
f 1626 1793 1627
f 1624 1626 1625
f 1794 1795 1796
f 1797 1796 1795
f 1798 1799 1800
f 1801 1800 1799
f 1802 1803 1804
f 1805 1804 1803
f 1806 1807 1808
f 1809 1808 1807
f 1810 1811 1812
f 1813 1812 1811
f 1814 1815 1816
f 1817 1816 1815
f 1818 1819 1820
f 1821 1822 1823
f 1824 1825 1826
f 1827 1828 1829
f 1830 1831 1832
f 1833 1834 1835
f 1836 1837 1838
f 1839 1840 1841
f 1842 1843 1844
f 1845 1846 1847
f 1848 1849 1850
f 1851 1852 1853
f 1854 1855 1856
f 1857 1858 1859
f 1860 1861 1862
f 1863 1864 1865
f 1866 1867 1868
f 1869 1870 1871
f 1872 1873 1874
f 1875 1876 1877
f 1878 1879 1880
f 1881 1882 1883
f 1884 1883 1882
f 1885 1886 1887
f 1888 1887 1886
f 1889 1890 1891
f 1892 1891 1890
f 1893 1894 1895
f 1896 1895 1894
f 1897 1898 1899
f 1900 1901 1902
f 1903 1904 1905
f 1906 1907 1908
f 1909 1910 1911
f 1912 1913 1914
f 1915 1916 1917
f 1918 1919 1920
f 1921 1922 1923
f 1924 1925 1926
f 1927 1928 1929
f 1930 1931 1932
f 1933 1934 1935
f 1936 1937 1938
f 1939 1940 1941
f 1942 1943 1944
f 1945 1946 1947
f 1948 1949 1950
f 1951 1952 1953
f 1954 1955 1956
f 1957 1958 1959
f 1960 1961 1962
f 1963 1964 1965
f 1966 1967 1968
f 1969 1970 1971
f 1972 1973 1974
f 1975 1976 1977
f 1978 1979 1980
f 1981 1982 1983
f 1984 1985 1986
f 1987 1988 1989
f 1990 1991 1992
f 1993 1994 1995
f 1996 1997 1998
f 1999 2000 2001
f 2002 2003 2004
f 2005 2006 2007
f 2008 2009 2010
f 2011 2012 2013
f 2014 2015 2016
f 2017 2018 2019
f 2020 2021 2022
f 2023 2024 2025
f 2026 2027 2028
f 2029 2030 2031
f 2032 2033 2034
f 2035 2036 2037
f 2038 2039 2040
f 2041 2042 2043
f 2044 2045 2046
f 2047 2048 2049
f 2050 2051 2052
f 2053 2054 2055
f 2056 2057 2058
f 2059 2056 2058
f 2060 2061 2062
f 2063 2064 2065
f 2066 2067 2068
f 2069 2070 2071
f 2072 2073 2074
f 2075 2076 2077
f 2078 2079 2080
f 2081 2082 2083
f 2084 2085 2086
f 2087 2088 2089
f 2090 2091 2092
f 2093 2094 2095
f 2096 2097 2098
f 2099 2100 2101
f 2102 2103 2104
f 2105 2106 2107
f 2108 2109 2110
f 2111 2112 2113
f 2114 2115 2116
f 2117 2118 2119
f 2120 2121 2122
f 2123 2124 2125
f 2126 2127 2128
f 2129 2130 2131
f 2132 2133 2134
f 2135 2136 2137
f 2138 2139 2140
f 2141 2142 2143
f 2144 2145 2146
f 2147 2148 2149
f 2150 2151 2152
f 2153 2154 2155
f 2156 2157 2158
f 2159 2160 2161
f 2162 2163 2164
f 2165 2166 2167
f 2168 2169 2170
f 2171 2172 2173
f 2174 2175 2176
f 2177 2178 2179
f 2180 2181 2182
f 2183 2184 2185
f 2186 2187 2188
f 2189 2190 2191
f 2192 2193 2194
f 2195 2196 2197
f 2198 2199 2200
f 2201 2202 2203
f 2204 2205 2206
f 2207 2208 2209
f 2210 2211 2212
f 2213 2214 2215
f 2216 2217 2218
f 2219 2220 2221
f 2222 2223 2224
f 2225 2226 2227
f 2228 2229 2230
f 2231 2232 2233
f 2234 2235 2236
f 2237 2234 2236
f 2238 2239 2240
f 2241 2242 2243
f 2244 2245 2246
f 2247 2248 2249
f 2250 2251 2252
f 2253 2254 2255
f 2256 2257 2258
f 2259 2260 2261
f 2262 2263 2264
f 2265 2266 2267
f 2268 2269 2270
f 2271 2272 2273
f 2274 2275 2276
f 2277 2278 2279
f 2280 2281 2282
f 2283 2284 2285
f 2286 2287 2288
f 2289 2290 2291
f 2292 2293 2294
f 2295 2296 2297
f 2298 2299 2300
f 2301 2302 2303
f 2304 2305 2306
f 2307 2308 2309
f 2310 2311 2312
f 2313 2314 2315
f 2316 2317 2318
f 2319 2320 2321
f 2322 2323 2324
f 2325 2326 2327
f 2328 2329 2330
f 2331 2332 2333
f 2334 2335 2336
f 2337 2338 2339
f 2340 2341 2342
f 2343 2344 2345
f 2346 2347 2348
f 2349 2350 2351
f 2352 2353 2354
f 2355 2356 2357
f 2358 2359 2360
f 2361 2362 2363
f 2364 2365 2366
f 2367 2368 2369
f 2370 2371 2372
f 2373 2374 2375
f 2376 2377 2378
f 2379 2380 2381
f 2382 2383 2384
f 2385 2386 2387
f 2388 2389 2390
f 2391 2388 2390
f 2392 2393 2394
f 2395 2396 2397
f 2398 2399 2400
f 2401 2402 2403
f 2404 2405 2406
f 2407 2408 2409
f 2410 2411 2412
f 2413 2414 2415
f 2416 2417 2418
f 2419 2420 2421
f 2422 2423 2424
f 2425 2426 2427
f 2428 2429 2430
f 2431 2432 2433
f 2434 2435 2436
f 2437 2438 2439
f 2440 2441 2442
f 2443 2444 2445
f 2424 2446 2422
f 2447 2448 2449
f 2450 2451 2452
f 2453 2454 2455
f 2456 2457 2458
f 2459 2460 2461
f 2462 2463 2464
f 2465 2466 2467
f 2468 2469 2470
f 2471 2472 2473
f 2474 2475 2476
f 2477 2478 2479
f 2480 2481 2482
f 2483 2484 2485
f 2486 2487 2488
f 2489 2490 2491
f 2492 2493 2494
f 2495 2496 2497
f 2498 2499 2500
f 2501 2502 2503
f 2504 2505 2506
f 2507 2508 2509
f 2510 2511 2512
f 2513 2514 2515
f 2516 2517 2518
f 2519 2520 2521
f 2522 2523 2524
f 2525 2526 2527
f 2528 2529 2530
f 2531 2532 2533
f 2534 2535 2536
f 2537 2538 2539
f 2540 2541 2542
f 2543 2544 2545
f 2546 2547 2548
f 2549 2550 2551
f 2552 2553 2554
f 2555 2556 2557
f 2558 2559 2560
f 2561 2562 2563
f 2564 2565 2566
f 2567 2568 2569
f 2570 2571 2572
f 2573 2574 2575
f 2576 2577 2578
f 2579 2580 2581
f 2582 2583 2584
f 2585 2586 2587
f 2588 2578 2577
f 2589 2590 2591
f 2592 2593 2594
f 2595 2596 2597
f 2598 2599 2600
f 2601 2602 2603
f 2604 2605 2606
f 2607 2608 2609
f 2610 2611 2612
f 2613 2614 2615
f 2616 2617 2618
f 2619 2620 2621
f 2622 2623 2624
f 2625 2626 2627
f 2628 2629 2630
f 2631 2632 2633
f 2634 2635 2636
f 2637 2638 2639
f 2640 2641 2642
f 2643 2644 2645
f 2646 2647 2648
f 2649 2650 2651
f 2652 2653 2654
f 2655 2656 2657
f 2658 2659 2660
f 2661 2662 2663
f 2664 2665 2666
f 2667 2668 2669
f 2670 2671 2672
f 2673 2674 2675
f 2676 2677 2678
f 2679 2680 2681
f 2682 2683 2684
f 2685 2686 2687
f 2688 2689 2690
f 2691 2692 2693
f 2694 2695 2696
f 2697 2698 2699
f 2700 2701 2702
f 2703 2704 2705
f 2706 2707 2708
f 2709 2710 2711
f 2712 2713 2714
f 2715 2716 2717
f 2718 2719 2720
f 2721 2722 2723
f 2724 2725 2726
f 2727 2728 2729
f 2730 2731 2732
f 2733 2734 2735
f 2736 2737 2738
f 2739 2740 2741
f 2742 2743 2744
f 2745 2746 2747
f 2748 2749 2750
f 2751 2752 2753
f 2754 2755 2756
f 2757 2758 2759
f 2760 2761 2762
f 2763 2764 2765
f 2766 2767 2768
f 2769 2770 2771
f 2772 2773 2774
f 2775 2776 2777
f 2778 2779 2780
f 2781 2782 2783
f 2784 2785 2786
f 2787 2788 2789
f 2790 2791 2792
f 2793 2794 2795
f 2796 2797 2798
f 2799 2800 2801
f 2802 2803 2804
f 2805 2806 2807
f 2808 2809 2810
f 2811 2812 2813
f 2814 2815 2816
f 2817 2818 2819
f 2820 2821 2822
f 2823 2824 2825
f 2826 2827 2828
f 2829 2830 2831
f 2832 2833 2834
f 2835 2836 2837
f 2838 2839 2840
f 2841 2842 2843
f 2844 2845 2846
f 2847 2848 2849
f 2850 2851 2852
f 2853 2854 2855
f 2856 2857 2858
f 2859 2860 2861
f 2862 2863 2864
f 2865 2866 2867
f 2868 2869 2870
f 2871 2872 2873
f 2874 2875 2876
f 2877 2878 2879
f 2880 2881 2882
f 2883 2884 2885
f 2886 2887 2888
f 2889 2890 2891
f 2892 2893 2894
f 2895 2896 2897
f 2898 2899 2900
f 2901 2902 2903
f 2904 2905 2906
f 2907 2908 2909
f 2910 2911 2912
f 2913 2914 2915
f 2916 2917 2918
f 2919 2920 2921
f 2922 2923 2924
f 2925 2926 2927
f 2928 2929 2930
f 2931 2925 2927
f 2932 2933 2934
f 2935 2936 2937
f 2938 2939 2940
f 2941 2942 2943
f 2944 2945 2946
f 2947 2948 2949
f 2950 2951 2952
f 2953 2954 2955
f 2956 2957 2958
f 2959 2960 2961
f 2962 2963 2964
f 2958 2965 2956
f 2966 2967 2968
f 2969 2970 2971
f 2972 2973 2974
f 2975 2976 2977
f 2978 2979 2980
f 2981 2982 2983
f 2984 2985 2986
f 2987 2988 2989
f 2990 2991 2992
f 2993 2994 2995
f 2996 2997 2998
f 2999 3000 3001
f 3002 3003 3004
f 3005 3006 3007
f 3008 3009 3010
f 3011 3012 3013
f 3014 3015 3016
f 3017 3018 3019
f 3020 3021 3022
f 3023 3024 3025
f 3026 3023 3025
f 3027 3026 3025
f 3028 3029 3030
f 3025 3031 3027
f 3032 3033 3034
f 536 3035 537
f 3036 3037 3030
f 3038 1 3039
f 3040 3041 3042
f 3043 3044 3045
f 3046 3047 3048
f 3049 3050 3051
f 3052 3053 3054
f 3055 3056 3057
f 3058 3059 3060
f 3061 3062 3063
f 3064 3065 3066
f 3067 3068 3069
f 3070 3071 3072
f 3073 3074 3075
f 3076 3077 3078
f 3079 3080 3081
f 3082 3083 3084
f 3085 3086 3087
f 3088 3089 3090
f 3091 3092 3093
f 3094 3095 3096
f 3097 3098 3099
f 3100 3101 3102
f 3103 3104 3105
f 3106 3107 3108
f 3109 3110 3111
f 3112 3113 3114
f 3115 3116 3117
f 394 3118 392
f 3119 3120 3121
f 3122 3123 3124
f 3125 3126 3127
f 3128 3129 3130
f 3131 3132 3133
f 3134 3135 3136
f 3137 3138 3139
f 3140 3141 3142
f 3143 3144 3145
f 3146 3147 3148
f 3149 3150 3151
f 3152 3153 3154
f 3155 3156 3157
f 3158 3159 3160
f 3161 3162 3163
f 3164 3165 3166
f 3167 3168 3169
f 3170 3171 3172
f 3173 3174 3175
f 3176 3177 3178
f 3179 3180 3181
f 3182 3183 3184
f 3185 3186 3187
f 3188 3189 3190
f 3191 3192 3193
f 3194 3195 3196
f 3197 3198 3199
f 3200 3201 3202
f 3203 3204 3205
f 3206 3207 3208
f 3209 3210 3211
f 3212 3213 3214
f 3215 3216 3217
f 3218 3219 3220
f 3221 3222 3223
f 3224 3225 3226
f 3227 3228 3229
f 3230 3231 3232
f 3233 3234 3235
f 3236 3237 3238
f 3239 3240 3241
f 3242 3243 3244
f 3245 3246 3247
f 3248 3249 3250
f 3251 3252 3253
f 3254 3255 3256
f 3257 3258 3259
f 3260 3261 3262
f 3263 3264 3265
f 3266 3267 3268
f 3269 3270 3271
f 3272 3269 3271
f 3273 3274 3275
f 3276 3273 3275
f 3277 3278 3279
f 3280 3281 3282
f 3283 3284 3285
f 3286 3287 3288
f 3289 391 390
f 3290 3291 3292
f 3293 3290 3292
f 3294 3295 3296
f 3297 3294 3296
f 3297 3296 3298
f 3299 3297 3298
f 3300 3299 3298
f 3300 3298 3301
f 3302 3303 3304
f 3302 3304 3305
f 3306 3307 3308
f 3308 3307 3309
f 3310 3309 3311
f 3312 3313 3314
f 3315 3316 3317
f 3310 3318 3309
f 3318 3308 3309
f 3319 3320 3321
f 3322 3323 3324
f 3325 3326 3327
f 3328 3329 3330
f 3312 3314 3331
f 3332 3312 3331
f 3333 3334 3335
f 3336 3337 3338
f 3337 3339 3338
f 3340 3341 3342
f 3341 3343 3342
f 3341 3344 3343
f 3344 3335 3343
f 3344 3333 3335
f 3345 3024 3023
f 3346 3024 3345
f 3346 3347 3024
f 3348 3349 3350
f 3348 3351 3349
f 3352 3353 3354
f 3352 3355 3353
f 3356 3357 3358
f 3359 3360 3355
f 3361 3362 3363
f 3364 3365 3366
f 3362 3367 3363
f 3368 3369 3370
f 3371 3369 3368
f 3371 3372 3369
f 3373 3372 3371
f 3373 3374 3372
f 3375 3374 3373
f 3376 3374 3375
f 3377 3378 3379
f 3380 3381 3382
f 3383 3384 3385
f 3386 3387 3388
f 3389 3390 3391
f 3392 3393 3394
f 3395 3396 3397
f 3398 3399 3400
f 3401 3402 3403
f 3404 3405 3406
f 3407 3408 3409
f 3410 3411 3412
f 3413 3414 3415
f 3416 3417 3418
f 3419 3420 3421
f 3422 3423 3424
f 3422 3425 3423
f 3426 3425 3422
f 3426 3427 3425
f 3426 3428 3427
f 3429 3430 3431
f 3432 3433 3434
f 3435 3436 3437
f 3438 3439 3440
f 3441 3442 3443
f 3444 3445 3446
f 3447 3448 3449
f 3450 3451 3452
f 3453 3454 3455
f 3456 3457 3458
f 3459 3460 3461
f 3462 3463 3464
f 3465 3466 3467
f 3468 3469 3470
f 3471 3472 3473
f 3474 3475 3476
f 3477 3478 3479
f 3480 3481 3482
f 3483 3484 3485
f 3486 3487 3488
f 3489 3490 3491
f 3492 3493 3494
f 3495 3496 3497
f 3498 3499 3500
f 3501 3502 3503
f 3504 3505 3506
f 3507 3508 3509
f 3510 3511 3512
f 3513 3514 3515
f 3516 3517 3518
f 3519 3520 3521
f 3522 3523 3524
f 3525 3526 3527
f 3528 3529 3530
f 3531 3532 3533
f 3534 3535 3536
f 3537 3538 3539
f 3540 3541 3542
f 3543 3544 3545
f 3546 3547 3548
f 3549 3550 3551
f 3552 3553 3554
f 3555 3556 3557
f 3558 3559 3560
f 3561 3562 3563
f 3564 3565 3566
f 3567 3568 3569
f 3570 3571 3572
f 3573 3574 3575
f 3576 3577 3578
f 3579 3580 3581
f 3582 3583 3584
f 3585 3586 3587
f 3588 3589 3590
f 3591 3592 3593
f 3594 3595 3596
f 3597 3598 3599
f 3600 3601 3602
f 3603 3604 3605
f 3606 3607 3608
f 3609 3610 3611
f 3612 3613 3614
f 3615 3616 3617
f 3618 3619 3620
f 3621 3622 3623
f 3624 3625 3626
f 3627 3628 3629
f 3630 3631 3632
f 3633 3634 3635
f 3636 3637 3638
f 3639 3640 3641
f 3642 3643 3644
f 3645 3646 3647
f 3648 3649 3650
f 3651 3652 3653
f 3654 3655 3656
f 3657 3658 3659
f 3660 3661 3662
f 3663 3664 3665
f 3666 3667 3668
f 3669 3670 3671
f 3672 3673 3674
f 3675 3676 3677
f 3678 3679 3680
f 3681 3682 3683
f 3684 3685 3686
f 3687 3688 3689
f 3690 3691 3692
f 3693 3694 3695
f 3696 3697 3698
f 3699 3700 3701
f 3702 3703 3704
f 3705 3706 3707
f 3708 3709 3710
f 3711 3712 3713
f 3714 3715 3716
f 3717 3718 3719
f 3720 3721 3722
f 3723 3724 3725
f 3726 3727 3728
f 3729 3730 3731
f 3732 3733 3734
f 3735 3736 3737
f 3738 3739 3740
f 3741 3742 3743
f 3744 3745 3746
f 3747 3748 3749
f 3750 3751 3752
f 3753 3754 3755
f 3756 3757 3758
f 3759 3760 3761
f 3762 3763 3764
f 3765 3766 3767
f 3768 3769 3770
f 3771 3772 3773
f 3774 3775 3776
f 3777 3778 3779
f 3780 3781 3782
f 3783 3784 3785
f 3786 3787 3788
f 3789 3790 3791
f 3792 3793 3794
f 3795 3796 3797
f 3798 3799 3800
f 3801 3802 3803
f 3804 3805 3806
f 3807 3808 3809
f 3810 3811 3812
f 3813 3814 3815
f 3816 3817 3818
f 3819 3820 3821
f 3822 3823 3824
f 3825 3826 3827
f 3828 3829 3830
f 3831 3832 3833
f 3834 3835 3836
f 3837 3838 3839
f 3840 3841 3842
f 3843 3844 3845
f 3846 3847 3848
f 3849 3850 3851
f 3852 3853 3854
f 3855 3856 3857
f 3858 3859 3860
f 3861 3862 3863
f 3864 3865 3866
f 3867 3868 3869
f 3870 3871 3872
f 3873 3874 3875
f 3876 3877 3878
f 3879 3880 3881
f 3882 3883 3884
f 3885 3886 3887
f 3888 3889 3890
f 3891 3892 3893
f 3894 3895 3896
f 3897 3898 3899
f 3900 3901 3902
f 3903 3904 3905
f 3906 3907 3908
f 3909 3910 3911
f 3912 3913 3914
f 3915 3916 3917
f 3918 3919 3920
f 3921 3922 3923
f 3924 3925 3926
f 3927 3928 3929
f 3930 3931 3932
f 3933 3934 3935
f 3936 3937 3938
f 3939 3940 3941
f 3942 3943 3944
f 3945 3946 3947
f 3948 3949 3950
f 3951 3952 3953
f 3954 3955 3956
f 3957 3958 3959
f 3960 3961 3962
f 3963 3964 3965
f 3966 3967 3968
f 3969 3970 3971
f 3972 3973 3974
f 3975 3976 3977
f 3978 3979 3980
f 3981 3982 3983
f 3984 3985 3986
f 3987 3988 3989
f 3990 3991 3992
f 3993 3994 3995
f 3996 3997 3998
f 3999 4000 4001
f 4002 4003 4004
f 4005 4006 4007
f 4008 4009 4010
f 4011 4012 4013
f 4014 4015 4016
f 4017 4018 4019
f 4020 4021 4022
f 4023 4024 4025
f 4026 4027 4028
f 4029 4030 4031
f 4032 4033 4034
f 4035 4036 4037
f 4038 4039 4040
f 4041 4042 4043
f 4044 4045 4046
f 4047 4048 4049
f 4050 4051 4052
f 4053 4054 4055
f 4056 4057 4058
f 4059 4060 4061
f 4062 4063 4064
f 4065 4066 4067
f 4068 4069 4070
f 4071 4072 4073
f 4074 4075 4076
f 4077 4078 4079
f 4080 4081 4082
f 4083 4084 4085
f 4086 4087 4088
f 4089 4090 4091
f 4092 4093 4094
f 4095 4096 4097
f 4098 4099 4100
f 4101 4102 4103
f 4104 4105 4106
f 4107 4108 4109
f 4110 4111 4112
f 4113 4114 4115
f 4116 4117 4118
f 4119 4120 4121
f 4122 4123 4124
f 4125 4126 4127
f 4128 4129 4130
f 4131 4132 4133
f 4134 4135 4136
f 4137 4138 4139
f 4140 4141 4142
f 4143 4144 4145
f 4146 4147 4148
f 4149 4150 4151
f 4152 4153 4154
f 4155 4156 4157
f 4158 4159 4160
f 4161 4162 4163
f 4164 4165 4166
f 4167 4168 4169
f 4170 4171 4172
f 4173 4174 4175
f 4176 4177 4178
f 4179 4180 4181
f 4182 4183 4184
f 4185 4186 4187
f 4188 4189 4190
f 4191 4192 4193
f 2306 2305 4194
f 4195 4196 4197
f 4198 4199 4200
f 4201 4202 4203
f 4204 4205 4206
f 4207 4208 4209
f 4198 4200 4210
f 4211 4212 4213
f 4214 4215 4216
f 4217 4218 4219
f 4220 4221 4222
f 4223 4224 4225
f 4226 4227 4228
f 4229 4230 4231
f 4232 4233 4234
f 4235 4236 4237
f 4238 4239 4240
f 4241 4242 4243
f 4244 4245 4246
f 4247 4248 4249
f 4250 4251 4252
f 4253 4254 4255
f 4256 4257 4258
f 4259 4260 4261
f 4260 4262 4261
f 4263 4264 4265
f 4266 4267 4268
f 4269 4270 4271
f 4272 4273 4274
f 4275 4276 4277
f 4278 4279 4280
f 4281 4282 4283
f 4284 4285 4286
f 4287 4288 4289
f 4290 4291 4292
f 4293 4294 4295
f 4296 4297 4298
f 4299 4300 4301
f 4302 4303 4304
f 4305 4306 4307
f 4308 4309 4310
f 4311 4312 4313
f 4314 4315 4316
f 4317 4318 4319
f 4320 4321 4322
f 4323 4324 4325
f 4326 4327 4328
f 4329 4330 4331
f 4332 4333 4334
f 4335 4336 4337
f 4338 4339 4340
f 4341 4342 4343
f 4344 4345 4346
f 4347 4348 4349
f 4350 4351 4352
f 4353 4354 4355
f 4356 4357 4358
f 4359 4360 4361
f 4362 4363 4364
f 4365 4366 4367
f 4368 4369 4370
f 4371 4372 4373
f 4374 4375 4376
f 4377 4378 4379
f 4380 4381 4382
f 4383 4384 4385
f 4386 4387 4388
f 4389 4390 4391
f 4392 4393 4394
f 4395 4396 4397
f 4398 4397 4396
f 4399 4400 4401
f 4402 4403 4404
f 4405 4406 4407
f 4408 4409 4410
f 4411 4412 4413
f 4414 4415 4416
f 4417 4418 4419
f 4420 4421 4422
f 4423 4424 4425
f 4426 4427 4428
f 4429 4430 4431
f 4432 4433 4434
f 4435 4436 4437
f 4438 4439 4440
f 4441 4442 4443
f 4444 4445 4446
f 4447 4448 4449
f 4450 4451 4452
f 4453 4454 4455
f 4456 4457 4458
f 4459 4460 4461
f 4462 4463 4464
f 4465 4466 4467
f 4468 4469 4470
f 4471 4472 4473
f 4474 4475 4476
f 4477 4478 4479
f 4480 4481 4482
f 4483 4484 4485
f 4486 4487 4488
f 4489 4490 4491
f 4492 4493 4494
f 4495 4496 4497
f 4498 4499 4500
f 4501 4502 4503
f 4504 4505 4506
f 4507 4508 4509
f 4510 4511 4512
f 4513 4514 4515
f 4516 4517 4518
f 4519 4520 4521
f 4522 4523 4524
f 4525 4526 4527
f 4528 4529 4530
f 4531 4532 4533
f 4534 4535 4536
f 4537 4538 4539
f 4540 4541 4542
f 4543 4544 4545
f 4546 4547 4548
f 4549 4550 4551
f 4552 4553 4554
f 4555 4556 4557
f 4558 4559 4560
f 4561 4562 4563
f 4564 4565 4566
f 4567 4568 4569
f 4570 4571 4572
f 4573 4574 4575
f 4576 4577 4578
f 4579 4580 4581
f 4582 4583 4584
f 4585 4586 4587
f 4588 4589 4590
f 4591 4592 4593
f 4594 4595 4596
f 4597 4598 4599
f 4600 4601 4602
f 4603 4604 4605
f 4605 4606 4603
f 4607 4603 4606
f 4606 4608 4607
f 4609 4607 4608
f 4608 4610 4609
f 4611 4609 4610
f 4610 4612 4611
f 4613 4611 4612
f 4612 4614 4613
f 4615 4613 4614
f 4614 3424 4615
f 3423 4615 3424
f 4616 3427 3428
f 3428 4617 4616
f 4618 4616 4617
f 4617 4619 4618
f 4620 4618 4619
f 4619 4621 4620
f 4622 4620 4621
f 4621 4623 4622
f 4624 4622 4623
f 4623 4625 4624
f 4626 4624 4625
f 4625 4627 4626
f 4628 4626 4627
f 4629 4630 4631
f 4632 4631 4630
f 4630 4633 4632
f 4634 4632 4633
f 4633 4635 4634
f 4636 4634 4635
f 4635 4637 4636
f 4638 4636 4637
f 4637 4639 4638
f 4640 4638 4639
f 4639 4641 4640
f 4642 4640 4641
f 4641 4643 4642
f 4644 4642 4643
f 4643 4645 4644
f 4646 4644 4645
f 4645 4647 4646
f 4648 4646 4647
f 4647 4649 4648
f 4650 4648 4649
f 4649 4651 4650
f 4652 4650 4651
f 4651 4653 4652
f 4654 4652 4653
f 4653 4655 4654
f 4656 4654 4655
f 4655 4657 4656
f 4658 4656 4657
f 4659 4660 4661
f 4662 4661 4660
f 4660 4663 4662
f 4664 4662 4663
f 4663 4665 4664
f 4666 4664 4665
f 4665 4667 4666
f 4668 4666 4667
f 4667 4669 4668
f 4670 4668 4669
f 4669 4671 4670
f 4672 4670 4671
f 4671 4673 4672
f 4674 4672 4673
f 4673 4675 4674
f 4676 4674 4675
f 4675 4677 4676
f 4678 4676 4677
f 4677 4679 4678
f 4680 4678 4679
f 4679 4681 4680
f 4682 4680 4681
f 4681 4683 4682
f 4684 4682 4683
f 4683 4685 4684
f 4686 4684 4685
f 4685 4687 4686
f 4688 4686 4687
f 4689 4690 4691
f 4692 4691 4690
f 4690 4693 4692
f 4694 4692 4693
f 4693 4695 4694
f 4696 4694 4695
f 4695 4697 4696
f 4698 4696 4697
f 4697 4699 4698
f 4700 4698 4699
f 4699 4701 4700
f 4702 4700 4701
f 4701 4703 4702
f 4704 4702 4703
f 4703 4705 4704
f 4704 4705 4706
f 4705 4707 4706
f 4708 4706 4707
f 4707 4709 4708
f 4710 4708 4709
f 4709 4711 4710
f 4712 4710 4711
f 4711 4713 4712
f 4714 4712 4713
f 4713 4715 4714
f 4716 4714 4715
f 4715 4717 4716
f 4718 4716 4717
f 4717 4719 4718
f 4720 4718 4719
f 4719 4721 4720
f 4722 4723 4724
f 4725 4726 4727
f 4728 4729 4730
f 4731 4732 4733
f 4734 4735 4736
f 4737 4738 4739
f 4740 4741 4742
f 4743 4744 4745
f 4746 4747 4748

